combo,crossover_rate,mutation_rate,instance,instance_index,run,run_seed,cycle_time,feasible,branch,min_sigma,generations,evaluations,execution_time,cpu_time,seeded_fraction
cx0.1_mut0.001,0.1,0.001,test_1,0,0,42,5.812856500844982,True,right/down,0.20107498616838168,300,54200,37.33628609999141,36.84375,1.0
cx0.1_mut0.001,0.1,0.001,test_1,0,1,43,5.985948675963633,True,right/down,0.1944876629786659,300,54200,37.83862169999338,37.484375,1.0
cx0.1_mut0.001,0.1,0.001,test_1,0,2,44,7.1487977842364945,True,right/down,0.22101549711183976,300,54200,33.931273399997735,33.359375,1.0
cx0.1_mut0.001,0.1,0.001,test_1,0,3,45,6.038621608411782,True,right/down,0.19092927840773377,300,54200,36.31599580000329,35.46875,1.0
cx0.1_mut0.001,0.1,0.001,test_1,0,4,46,5.972291364076351,True,right/down,0.2361364704481964,300,54200,36.88987789998646,36.203125,1.0
cx0.1_mut0.001,0.1,0.001,test_1,0,5,47,6.10440551657667,True,right/down,0.24448248275402334,300,54200,37.54515599999286,36.890625,1.0
cx0.1_mut0.001,0.1,0.001,test_1,0,6,48,6.621920218458026,True,right/down,0.23228580427460013,300,54200,45.17209649999859,44.796875,1.0
cx0.1_mut0.001,0.1,0.001,test_1,0,7,49,5.772489427013339,True,right/down,0.24206688230144913,300,54200,42.191302100007306,41.8125,1.0
cx0.1_mut0.001,0.1,0.001,test_1,0,8,50,6.769527823306272,True,right/down,0.17650990177220724,300,54200,36.27948759999708,36.109375,1.0
cx0.1_mut0.001,0.1,0.001,test_1,0,9,51,5.984663330908941,True,right/down,0.2501777035853602,300,54200,36.34230459999526,35.703125,1.0
cx0.1_mut0.001,0.1,0.001,test_1,0,10,52,5.9565472969435795,True,right/down,0.1913426266255374,300,54200,38.084986800007755,37.671875,1.0
cx0.1_mut0.001,0.1,0.001,test_1,0,11,53,6.436374422844639,True,right/down,0.24916101299588278,300,54200,37.692231599998195,37.4375,1.0
cx0.1_mut0.001,0.1,0.001,test_1,0,12,54,6.397095121949582,True,right/down,0.2243987902056758,300,54200,35.887151200004155,35.578125,1.0
cx0.1_mut0.001,0.1,0.001,test_1,0,13,55,6.4873465943874296,True,right/down,0.18939363463204645,300,54200,34.840460899999016,34.59375,1.0
cx0.1_mut0.001,0.1,0.001,test_1,0,14,56,6.759280748702724,True,right/down,0.20211100467399093,300,54200,35.85200510000868,35.25,1.0
cx0.1_mut0.001,0.1,0.001,test_1,0,15,57,6.147392035870187,True,right/down,0.21415672594105087,300,54200,33.73364790000778,32.921875,1.0
cx0.1_mut0.001,0.1,0.001,test_1,0,16,58,6.611610743301492,True,right/down,0.17197759368317872,300,54200,35.0189032000053,34.328125,1.0
cx0.1_mut0.001,0.1,0.001,test_1,0,17,59,6.170798988111214,True,right/down,0.22691578743391186,300,54200,41.307944799991674,40.234375,1.0
cx0.1_mut0.001,0.1,0.001,test_1,0,18,60,6.5045975277548145,True,right/down,0.24390730589378937,300,54200,36.360690300003625,35.703125,1.0
cx0.1_mut0.001,0.1,0.001,test_1,0,19,61,6.135995119278951,True,right/down,0.14126380088774038,300,54200,39.89742210000986,39.625,1.0
cx0.1_mut0.001,0.1,0.001,test_2,1,0,142,6.321092676093255,True,right/down,0.22904233694968804,300,54200,35.96418939999421,35.734375,1.0
cx0.1_mut0.001,0.1,0.001,test_2,1,1,143,6.031558567591381,True,right/down,0.24666334637506712,300,54200,34.90365379999275,34.65625,1.0
cx0.1_mut0.001,0.1,0.001,test_2,1,2,144,5.690323985289011,True,right/down,0.19461822788517233,300,54200,38.44515769999998,37.9375,1.0
cx0.1_mut0.001,0.1,0.001,test_2,1,3,145,5.98887585760634,True,right/down,0.2211351871680429,300,54200,34.73177779999969,34.171875,1.0
cx0.1_mut0.001,0.1,0.001,test_2,1,4,146,6.302876643702231,True,right/down,0.18972141447953642,300,54200,33.92805370000133,33.21875,1.0
cx0.1_mut0.001,0.1,0.001,test_2,1,5,147,5.6707489277402185,True,right/down,0.2189895687244684,300,54200,37.637669300005655,37.09375,1.0
cx0.1_mut0.001,0.1,0.001,test_2,1,6,148,6.264864941726285,True,right/down,0.2293800401791154,300,54200,35.21080770000117,34.609375,1.0
cx0.1_mut0.001,0.1,0.001,test_2,1,7,149,6.725138019961593,True,right/down,0.16574411091768662,300,54200,37.05444160000479,36.421875,1.0
cx0.1_mut0.001,0.1,0.001,test_2,1,8,150,6.111996350761602,True,right/down,0.21798042056290112,300,54200,35.4161965999956,34.734375,1.0
cx0.1_mut0.001,0.1,0.001,test_2,1,9,151,5.728889196689211,True,right/down,0.24414206613370343,300,54200,37.24190599999565,36.375,1.0
cx0.1_mut0.001,0.1,0.001,test_2,1,10,152,5.603513670289811,True,right/down,0.21752628785255726,300,54200,36.385167700005695,35.484375,1.0
cx0.1_mut0.001,0.1,0.001,test_2,1,11,153,5.790953638947965,True,right/down,0.24270302511716807,300,54200,35.65393319999566,35.03125,1.0
cx0.1_mut0.001,0.1,0.001,test_2,1,12,154,6.250316049107651,True,right/down,0.2255353954666718,300,54200,35.32622099999571,34.765625,1.0
cx0.1_mut0.001,0.1,0.001,test_2,1,13,155,5.780144423203598,True,right/down,0.2424010669266758,300,54200,37.14225299999816,36.671875,1.0
cx0.1_mut0.001,0.1,0.001,test_2,1,14,156,6.105013289979384,True,right/down,0.20864160712732266,300,54200,36.15647669999453,35.921875,1.0
cx0.1_mut0.001,0.1,0.001,test_2,1,15,157,5.960292786063269,True,right/down,0.21473075942270625,300,54200,39.57954190000601,39.296875,1.0
cx0.1_mut0.001,0.1,0.001,test_2,1,16,158,6.1859720921841665,True,right/down,0.23431854367524046,300,54200,34.978189700006624,34.796875,1.0
cx0.1_mut0.001,0.1,0.001,test_2,1,17,159,6.167772555099726,True,right/down,0.21740642781328984,300,54200,34.72807589999866,34.5,1.0
cx0.1_mut0.001,0.1,0.001,test_2,1,18,160,6.2104040836833265,True,right/down,0.22169100676618916,300,54200,34.08945539999695,33.703125,1.0
cx0.1_mut0.001,0.1,0.001,test_2,1,19,161,5.899352471396244,True,right/down,0.1978496887610147,300,54200,35.964907700006734,35.546875,1.0
cx0.1_mut0.001,0.1,0.001,test_3,2,0,242,6.969477103781958,True,right/down,0.268333173570402,300,54200,39.34781320000184,39.109375,1.0
cx0.1_mut0.001,0.1,0.001,test_3,2,1,243,6.51010146705647,True,right/down,0.2207383364658803,300,54200,36.84193460000097,36.515625,1.0
cx0.1_mut0.001,0.1,0.001,test_3,2,2,244,5.512150819657512,True,right/down,0.22159172319781276,300,54200,35.77153509999334,35.5,1.0
cx0.1_mut0.001,0.1,0.001,test_3,2,3,245,5.573548274494621,True,right/down,0.25771631401606754,300,54200,38.612250400008634,37.90625,1.0
cx0.1_mut0.001,0.1,0.001,test_3,2,4,246,5.833603954811794,True,right/down,0.23225430000753078,300,54200,36.485759100003634,36.0,1.0
cx0.1_mut0.001,0.1,0.001,test_3,2,5,247,5.387802283946673,True,right/down,0.2256560693649219,300,54200,36.98777740000514,36.34375,1.0
cx0.1_mut0.001,0.1,0.001,test_3,2,6,248,5.934160697784238,True,right/down,0.24047563443660527,300,54200,38.645879999996396,38.0,1.0
cx0.1_mut0.001,0.1,0.001,test_3,2,7,249,5.543983248508678,True,right/down,0.23099583718986205,300,54200,37.27024959999835,36.890625,1.0
cx0.1_mut0.001,0.1,0.001,test_3,2,8,250,5.725136598390238,True,right/down,0.22802932512719143,300,54200,38.753167500006384,38.421875,1.0
cx0.1_mut0.001,0.1,0.001,test_3,2,9,251,6.731554888033406,True,right/down,0.23561839785391053,300,54200,33.678206800002954,33.296875,1.0
cx0.1_mut0.001,0.1,0.001,test_3,2,10,252,6.353842172021048,True,right/down,0.22027730064759643,300,54200,34.9510949000105,34.53125,1.0
cx0.1_mut0.001,0.1,0.001,test_3,2,11,253,6.692716248147497,True,right/down,0.23711385794191697,300,54200,37.228507100007846,36.84375,1.0
cx0.1_mut0.001,0.1,0.001,test_3,2,12,254,5.7348622117041845,True,right/down,0.23265518406958458,300,54200,35.39180700000725,35.078125,1.0
cx0.1_mut0.001,0.1,0.001,test_3,2,13,255,6.3834031291260995,True,right/down,0.23110828837104958,300,54200,34.02517119998811,33.578125,1.0
cx0.1_mut0.001,0.1,0.001,test_3,2,14,256,6.069862847988394,True,right/down,0.21178827235420689,300,54200,35.23680899999454,34.9375,1.0
cx0.1_mut0.001,0.1,0.001,test_3,2,15,257,5.947735744263343,True,right/down,0.23259998706536117,300,54200,36.690606799995294,36.484375,1.0
cx0.1_mut0.001,0.1,0.001,test_3,2,16,258,6.251622885307648,True,right/down,0.2291679296527688,300,54200,38.33557139999175,37.96875,1.0
cx0.1_mut0.001,0.1,0.001,test_3,2,17,259,5.420762978308073,True,right/down,0.2260447791506809,300,54200,37.6904324000061,36.953125,1.0
cx0.1_mut0.001,0.1,0.001,test_3,2,18,260,5.691469703523374,True,right/down,0.24867854269171294,300,54200,35.874658000000636,35.296875,1.0
cx0.1_mut0.001,0.1,0.001,test_3,2,19,261,6.301247440569065,True,right/down,0.23443277802112586,300,54200,36.2231560999935,35.765625,1.0
cx0.1_mut0.001,0.1,0.001,test_4,3,0,342,5.843444623932731,True,right/down,0.23563202258879132,300,54200,35.67008279998845,35.125,1.0
cx0.1_mut0.001,0.1,0.001,test_4,3,1,343,6.553021128890798,True,right/down,0.22421937825496277,300,54200,34.67556019999029,34.125,1.0
cx0.1_mut0.001,0.1,0.001,test_4,3,2,344,5.897074127192506,True,right/down,0.1822741247298815,300,54200,37.426183400006266,36.84375,1.0
cx0.1_mut0.001,0.1,0.001,test_4,3,3,345,6.049172405854308,True,right/down,0.23050060839405942,300,54200,35.66295099999115,35.140625,1.0
cx0.1_mut0.001,0.1,0.001,test_4,3,4,346,6.156506185996086,True,right/down,0.21674444561747377,300,54200,37.419660500003374,36.75,1.0
cx0.1_mut0.001,0.1,0.001,test_4,3,5,347,6.454158928811289,True,right/down,0.25344619727535384,300,54200,36.53256809999584,35.859375,1.0
cx0.1_mut0.001,0.1,0.001,test_4,3,6,348,6.54609278601376,True,right/down,0.24033955326674097,300,54200,32.70888859999832,32.40625,1.0
cx0.1_mut0.001,0.1,0.001,test_4,3,7,349,6.018098072264093,True,right/down,0.23897160470375794,300,54200,35.75241920001281,35.609375,1.0
cx0.1_mut0.001,0.1,0.001,test_4,3,8,350,6.488940105830759,True,right/down,0.25124482637023504,300,54200,37.81956679999712,37.546875,1.0
cx0.1_mut0.001,0.1,0.001,test_4,3,9,351,5.965635169549145,True,right/down,0.2588195809798167,300,54200,38.01072200000635,37.71875,1.0
cx0.1_mut0.001,0.1,0.001,test_4,3,10,352,6.471927044058685,True,right/down,0.2404312622365131,300,54200,38.45259570000053,38.171875,1.0
cx0.1_mut0.001,0.1,0.001,test_4,3,11,353,6.4294674843351105,True,right/down,0.21077266450111848,300,54200,39.01835289999144,38.78125,1.0
cx0.1_mut0.001,0.1,0.001,test_4,3,12,354,6.583744299016848,True,right/down,0.22485989358738534,300,54200,35.956071699998574,35.484375,1.0
cx0.1_mut0.001,0.1,0.001,test_4,3,13,355,5.691937792669661,True,right/down,0.24915794567340935,300,54200,35.39185540001199,34.96875,1.0
cx0.1_mut0.001,0.1,0.001,test_4,3,14,356,5.5476301134644626,True,right/down,0.21609934745809323,300,54200,38.682438599993475,37.75,1.0
cx0.1_mut0.001,0.1,0.001,test_4,3,15,357,6.3508113370069434,True,right/down,0.2314645488131119,300,54200,45.08144480000192,44.296875,1.0
cx0.1_mut0.001,0.1,0.001,test_4,3,16,358,6.11009966283637,True,right/down,0.2526065482270248,300,54200,39.105993100005435,38.34375,1.0
cx0.1_mut0.001,0.1,0.001,test_4,3,17,359,6.238320142746286,True,right/down,0.20427620869655022,300,54200,42.29721140000038,41.5,1.0
cx0.1_mut0.001,0.1,0.001,test_4,3,18,360,6.255266891284924,True,right/down,0.21061500479627634,300,54200,39.23524149999139,38.734375,1.0
cx0.1_mut0.001,0.1,0.001,test_4,3,19,361,5.81726414937653,True,right/down,0.23005228192636476,300,54200,34.302565799996955,33.875,1.0
cx0.1_mut0.001,0.1,0.001,test_5,4,0,442,5.891033570204246,True,right/down,0.2023563189703899,300,54200,39.890935100003844,39.234375,1.0
cx0.1_mut0.001,0.1,0.001,test_5,4,1,443,6.72069799681121,True,right/down,0.2357776888755777,300,54200,41.13410380001005,40.625,1.0
cx0.1_mut0.001,0.1,0.001,test_5,4,2,444,5.6578983253231865,True,right/down,0.22852477759089915,300,54200,42.795108300007996,42.515625,1.0
cx0.1_mut0.001,0.1,0.001,test_5,4,3,445,6.434680895456277,True,right/down,0.19297173073882296,300,54200,38.199970799993025,38.015625,1.0
cx0.1_mut0.001,0.1,0.001,test_5,4,4,446,6.1104419273233095,True,right/down,0.24747920524413852,300,54200,39.75475200000801,39.578125,1.0
cx0.1_mut0.001,0.1,0.001,test_5,4,5,447,6.353769349290009,True,right/down,0.2373156487963208,300,54200,39.05335649999324,37.96875,1.0
cx0.1_mut0.001,0.1,0.001,test_5,4,6,448,6.097673357842117,True,right/down,0.20865650007246717,300,54200,40.758513300010236,39.84375,1.0
cx0.1_mut0.001,0.1,0.001,test_5,4,7,449,6.057009515993799,True,right/down,0.22055241363581873,300,54200,44.14421050000237,43.203125,1.0
cx0.1_mut0.001,0.1,0.001,test_5,4,8,450,5.860608787723372,True,right/down,0.20016182414037714,300,54200,44.29644210000697,43.421875,1.0
cx0.1_mut0.001,0.1,0.001,test_5,4,9,451,6.877018187664786,True,right/down,0.22530389138578022,300,54200,37.733241100009764,36.703125,1.0
cx0.1_mut0.001,0.1,0.001,test_5,4,10,452,6.398648410082422,True,right/down,0.2277081197091732,300,54200,41.30958770000143,40.5,1.0
cx0.1_mut0.001,0.1,0.001,test_5,4,11,453,6.496958476110204,True,right/down,0.21178460884289332,300,54200,44.130394200008595,43.5,1.0
cx0.1_mut0.001,0.1,0.001,test_5,4,12,454,6.025389378156349,True,right/down,0.2123855835207199,300,54200,41.40751459999592,40.875,1.0
cx0.1_mut0.001,0.1,0.001,test_5,4,13,455,6.061982847910993,True,right/down,0.2240318257385931,300,54200,37.785521300000255,37.375,1.0
cx0.1_mut0.001,0.1,0.001,test_5,4,14,456,5.568861909669791,True,right/down,0.2596010122135804,300,54200,38.945295899990015,38.1875,1.0
cx0.1_mut0.001,0.1,0.001,test_5,4,15,457,5.74111193187568,True,right/down,0.20372068792916914,300,54200,39.20379929999763,38.703125,1.0
cx0.1_mut0.001,0.1,0.001,test_5,4,16,458,6.4519514397144215,True,right/down,0.19302384624447297,300,54200,40.249636499996996,39.78125,1.0
cx0.1_mut0.001,0.1,0.001,test_5,4,17,459,5.663857012305345,True,right/down,0.2056106540696533,300,54200,43.104379699987476,42.21875,1.0
cx0.1_mut0.001,0.1,0.001,test_5,4,18,460,5.835451562664197,True,right/down,0.2496208010510769,300,54200,39.0268228000059,38.0,1.0
cx0.1_mut0.001,0.1,0.001,test_5,4,19,461,6.2400097828964265,True,right/down,0.23143481946208735,300,54200,33.533493399998406,33.171875,1.0
cx0.1_mut0.001,0.1,0.001,test_6,5,0,542,6.60744125137167,True,right/down,0.2153641963826678,300,54200,36.92964159999974,36.15625,1.0
cx0.1_mut0.001,0.1,0.001,test_6,5,1,543,6.610232699112949,True,right/down,0.22981697470391696,300,54200,43.713216300006025,42.390625,1.0
cx0.1_mut0.001,0.1,0.001,test_6,5,2,544,6.266510958066208,True,right/down,0.21246141699007212,300,54200,37.85114449998946,37.140625,1.0
cx0.1_mut0.001,0.1,0.001,test_6,5,3,545,6.37753950845852,True,right/down,0.17098690404669395,300,54200,39.572041399995214,39.109375,1.0
cx0.1_mut0.001,0.1,0.001,test_6,5,4,546,6.06165858162077,True,right/down,0.2545015565402504,300,54200,38.09068300000217,37.78125,1.0
cx0.1_mut0.001,0.1,0.001,test_6,5,5,547,6.634183140065818,True,right/down,0.24644449512268393,300,54200,40.755742699999246,40.046875,1.0
cx0.1_mut0.001,0.1,0.001,test_6,5,6,548,6.7411950036972925,True,right/down,0.2188033051845633,300,54200,38.4029079000029,38.171875,1.0
cx0.1_mut0.001,0.1,0.001,test_6,5,7,549,6.451604790084927,True,right/down,0.23515515812436072,300,54200,42.500466500001494,41.890625,1.0
cx0.1_mut0.001,0.1,0.001,test_6,5,8,550,6.909935755106064,True,right/down,0.22795736013941376,300,54200,40.96725180000067,40.5625,1.0
cx0.1_mut0.001,0.1,0.001,test_6,5,9,551,7.54656117275544,True,right/down,0.23407584535868123,300,54200,40.144819299996016,39.828125,1.0
cx0.1_mut0.001,0.1,0.001,test_6,5,10,552,6.372853311774479,True,right/down,0.2489351790509092,300,54200,40.16198489999806,39.515625,1.0
cx0.1_mut0.001,0.1,0.001,test_6,5,11,553,6.668136808874171,True,right/down,0.22348487730329436,300,54200,38.235310899995966,37.6875,1.0
cx0.1_mut0.001,0.1,0.001,test_6,5,12,554,6.0197725611846495,True,right/down,0.19659052168154692,300,54200,44.535924300012994,43.625,1.0
cx0.1_mut0.001,0.1,0.001,test_6,5,13,555,6.242154255580083,True,right/down,0.20484277423742916,300,54200,39.38823440000124,38.609375,1.0
cx0.1_mut0.001,0.1,0.001,test_6,5,14,556,6.384947160153685,True,right/down,0.2158987900322569,300,54200,40.556023600001936,39.734375,1.0
cx0.1_mut0.001,0.1,0.001,test_6,5,15,557,6.789459662900198,True,right/down,0.2339613115830856,300,54200,40.68833620000805,40.4375,1.0
cx0.1_mut0.001,0.1,0.001,test_6,5,16,558,6.335298154871722,True,right/down,0.1903639640361075,300,54200,38.765748499994515,38.53125,1.0
cx0.1_mut0.001,0.1,0.001,test_6,5,17,559,6.154419701231278,True,right/down,0.22272120373786805,300,54200,39.07140359999903,38.78125,1.0
cx0.1_mut0.001,0.1,0.001,test_6,5,18,560,5.846098520076745,True,right/down,0.22600001814446333,300,54200,42.07265639999241,41.65625,1.0
cx0.1_mut0.001,0.1,0.001,test_6,5,19,561,6.266200642649963,True,right/down,0.2185483190138725,300,54200,37.69071260000055,37.390625,1.0
cx0.1_mut0.001,0.1,0.001,test_7,6,0,642,6.052796724256351,True,right/down,0.23442081410560914,300,54200,41.78445030000876,41.453125,1.0
cx0.1_mut0.001,0.1,0.001,test_7,6,1,643,5.7711412324636315,True,right/down,0.24270042385619783,300,54200,40.33072120000725,40.0,1.0
cx0.1_mut0.001,0.1,0.001,test_7,6,2,644,6.79793137406406,True,right/down,0.2036047408279833,300,54200,40.86419310000201,40.5625,1.0
cx0.1_mut0.001,0.1,0.001,test_7,6,3,645,5.9231787227777355,True,right/down,0.2600596826055109,300,54200,38.82201570000325,38.40625,1.0
cx0.1_mut0.001,0.1,0.001,test_7,6,4,646,5.715073660247958,True,right/down,0.23717537212266512,300,54200,39.18080079999345,38.53125,1.0
cx0.1_mut0.001,0.1,0.001,test_7,6,5,647,6.710169390101918,True,right/down,0.20598921269904205,300,54200,41.54093129999819,41.015625,1.0
cx0.1_mut0.001,0.1,0.001,test_7,6,6,648,5.753476865133479,True,right/down,0.2071670673939513,300,54200,38.356721499993,37.71875,1.0
cx0.1_mut0.001,0.1,0.001,test_7,6,7,649,6.01125461020696,True,right/down,0.25297675072864173,300,54200,39.010783099991386,38.390625,1.0
cx0.1_mut0.001,0.1,0.001,test_7,6,8,650,5.775953358562352,True,right/down,0.24366057585485043,300,54200,40.551192300001276,40.015625,1.0
cx0.1_mut0.001,0.1,0.001,test_7,6,9,651,5.802583026875905,True,right/down,0.25821225783564894,300,54200,41.738596700000926,40.859375,1.0
cx0.1_mut0.001,0.1,0.001,test_7,6,10,652,6.169102950247748,True,right/down,0.25830790055050223,300,54200,40.19688999999198,39.765625,1.0
cx0.1_mut0.001,0.1,0.001,test_7,6,11,653,5.635478253818487,True,right/down,0.22774919764640358,300,54200,38.00237629999174,37.59375,1.0
cx0.1_mut0.001,0.1,0.001,test_7,6,12,654,6.027243273099868,True,right/down,0.1981338668167189,300,54200,39.70596540000406,39.359375,1.0
cx0.1_mut0.001,0.1,0.001,test_7,6,13,655,5.684325328222744,True,right/down,0.216168691599764,300,54200,39.86907770000107,39.4375,1.0
cx0.1_mut0.001,0.1,0.001,test_7,6,14,656,6.23751039502984,True,right/down,0.20706084477004197,300,54200,38.70048259999021,38.4375,1.0
cx0.1_mut0.001,0.1,0.001,test_7,6,15,657,7.047308859781764,True,right/down,0.22628357482761868,300,54200,38.93509679999261,38.703125,1.0
cx0.1_mut0.001,0.1,0.001,test_7,6,16,658,6.200448598994644,True,right/down,0.25198621764917944,300,54200,41.05477720001363,40.34375,1.0
cx0.1_mut0.001,0.1,0.001,test_7,6,17,659,6.649090641417235,True,right/down,0.21518243586900285,300,54200,39.271664899992174,38.96875,1.0
cx0.1_mut0.001,0.1,0.001,test_7,6,18,660,6.016879195885504,True,right/down,0.20450989587491045,300,54200,37.759170000004815,37.203125,1.0
cx0.1_mut0.001,0.1,0.001,test_7,6,19,661,5.842742975756106,True,right/down,0.21745347926785896,300,54200,39.379542799986666,38.75,1.0
cx0.1_mut0.001,0.1,0.001,test_8,7,0,742,7.218289727957752,True,right/down,0.21973004138778232,300,54200,39.91571089999343,39.21875,1.0
cx0.1_mut0.001,0.1,0.001,test_8,7,1,743,6.788274885759143,True,right/down,0.23362638952931208,300,54200,37.60639080000692,36.421875,1.0
cx0.1_mut0.001,0.1,0.001,test_8,7,2,744,5.674073077678382,True,right/down,0.23651360454272757,300,54200,43.10027869998885,42.40625,1.0
cx0.1_mut0.001,0.1,0.001,test_8,7,3,745,6.063172328521424,True,right/down,0.229354422674888,300,54200,40.57140590000199,39.46875,1.0
cx0.1_mut0.001,0.1,0.001,test_8,7,4,746,6.507447690959091,True,right/down,0.22872935383121362,300,54200,40.32775050000055,39.75,1.0
cx0.1_mut0.001,0.1,0.001,test_8,7,5,747,6.318366906536603,True,right/down,0.2409504785942511,300,54200,40.17630820001068,39.8125,1.0
cx0.1_mut0.001,0.1,0.001,test_8,7,6,748,6.110115225260307,True,right/down,0.23920454298337598,300,54200,39.25562529999297,38.96875,1.0
cx0.1_mut0.001,0.1,0.001,test_8,7,7,749,6.444206461000171,True,right/down,0.20757685869852083,300,54200,38.7103599000111,38.40625,1.0
cx0.1_mut0.001,0.1,0.001,test_8,7,8,750,6.130576711645978,True,right/down,0.23334051452646468,300,54200,40.48776600000565,40.21875,1.0
cx0.1_mut0.001,0.1,0.001,test_8,7,9,751,6.5654113455865835,True,right/down,0.25288206302452737,300,54200,40.32030490000034,40.09375,1.0
cx0.1_mut0.001,0.1,0.001,test_8,7,10,752,5.71328325968647,True,right/down,0.24335649105865148,300,54200,40.81868949999625,40.453125,1.0
cx0.1_mut0.001,0.1,0.001,test_8,7,11,753,5.90249351948529,True,right/down,0.21917303967900423,300,54200,43.902946199988946,43.234375,1.0
cx0.1_mut0.001,0.1,0.001,test_8,7,12,754,6.093042395936753,True,right/down,0.23967005172679168,300,54200,41.55545369999891,40.828125,1.0
cx0.1_mut0.001,0.1,0.001,test_8,7,13,755,6.23488994980709,True,right/down,0.25556454227521325,300,54200,42.48253759999352,41.640625,1.0
cx0.1_mut0.001,0.1,0.001,test_8,7,14,756,6.553765696201721,True,right/down,0.23479517711133835,300,54200,40.09633810000378,38.8125,1.0
cx0.1_mut0.001,0.1,0.001,test_8,7,15,757,5.807335163981856,True,right/down,0.25002458413665357,300,54200,40.09991429999354,39.78125,1.0
cx0.1_mut0.001,0.1,0.001,test_8,7,16,758,6.741836875763333,True,right/down,0.21479285440580337,300,54200,38.36506020001252,38.078125,1.0
cx0.1_mut0.001,0.1,0.001,test_8,7,17,759,6.23366445425081,True,right/down,0.23581073609957023,300,54200,38.98411089999718,38.5625,1.0
cx0.1_mut0.001,0.1,0.001,test_8,7,18,760,7.067521980166524,True,right/down,0.24510040543808131,300,54200,43.11561370000709,42.828125,1.0
cx0.1_mut0.001,0.1,0.001,test_8,7,19,761,5.7221683826758625,True,right/down,0.2278130416221571,300,54200,43.43883480000659,43.28125,1.0
cx0.1_mut0.001,0.1,0.001,test_9,8,0,842,5.944940400338887,True,right/down,0.23697474761608264,300,54200,40.12050279999676,39.875,1.0
cx0.1_mut0.001,0.1,0.001,test_9,8,1,843,6.963473066880483,True,right/down,0.19717936317664891,300,54200,39.201306399991154,38.625,1.0
cx0.1_mut0.001,0.1,0.001,test_9,8,2,844,5.901562904697768,True,right/down,0.24145645584694483,300,54200,37.827658499998506,37.609375,1.0
cx0.1_mut0.001,0.1,0.001,test_9,8,3,845,6.2658253655784275,True,right/down,0.21554526420385844,300,54200,37.924851300005685,37.625,1.0
cx0.1_mut0.001,0.1,0.001,test_9,8,4,846,6.260769169316835,True,right/down,0.22933882199633876,300,54200,38.96928379999008,38.234375,1.0
cx0.1_mut0.001,0.1,0.001,test_9,8,5,847,6.4066827446101,True,right/down,0.1684779943743239,300,54200,37.27437220000138,36.828125,1.0
cx0.1_mut0.001,0.1,0.001,test_9,8,6,848,5.94084575230941,True,right/down,0.2145947424504035,300,54200,40.524139099987224,39.703125,1.0
cx0.1_mut0.001,0.1,0.001,test_9,8,7,849,5.838137650655821,True,right/down,0.21577117729537504,300,54200,36.22169340000255,35.59375,1.0
cx0.1_mut0.001,0.1,0.001,test_9,8,8,850,6.54528355420263,True,right/down,0.21288689363681085,300,54200,37.86040760000469,37.359375,1.0
cx0.1_mut0.001,0.1,0.001,test_9,8,9,851,6.887670642603413,True,right/down,0.17572633041668942,300,54200,40.64275579999958,40.125,1.0
cx0.1_mut0.001,0.1,0.001,test_9,8,10,852,6.036690351149709,True,right/down,0.1906934911798791,300,54200,39.27562939999916,38.875,1.0
cx0.1_mut0.001,0.1,0.001,test_9,8,11,853,6.674256092512438,True,right/down,0.21681078078098717,300,54200,40.974149599991506,40.296875,1.0
cx0.1_mut0.001,0.1,0.001,test_9,8,12,854,6.355283331635163,True,right/down,0.1826982476482317,300,54200,42.027156600001035,41.734375,1.0
cx0.1_mut0.001,0.1,0.001,test_9,8,13,855,6.306873117555275,True,right/down,0.23082443693745924,300,54200,39.94742030001362,39.625,1.0
cx0.1_mut0.001,0.1,0.001,test_9,8,14,856,6.595598209596281,True,right/down,0.2120242039906943,300,54200,37.08440089999931,36.8125,1.0
cx0.1_mut0.001,0.1,0.001,test_9,8,15,857,6.48849987373769,True,right/down,0.22397238758495627,300,54200,40.151131599996006,39.921875,1.0
cx0.1_mut0.001,0.1,0.001,test_9,8,16,858,6.536447385044044,True,right/down,0.22432128583284458,300,54200,38.32576269999845,38.03125,1.0
cx0.1_mut0.001,0.1,0.001,test_9,8,17,859,7.508617541844331,True,right/down,0.16450855225491154,300,54200,40.804439599989564,40.203125,1.0
cx0.1_mut0.001,0.1,0.001,test_9,8,18,860,6.783054679856943,True,right/down,0.2316908143050281,300,54200,41.920402400006424,41.578125,1.0
cx0.1_mut0.001,0.1,0.001,test_9,8,19,861,6.3881183555063386,True,right/down,0.22076664869879298,300,54200,36.50841789999686,36.125,1.0
cx0.1_mut0.001,0.1,0.001,test_10,9,0,942,5.913410373042202,True,right/down,0.23059368581620732,300,54200,42.2244253000099,41.3125,1.0
cx0.1_mut0.001,0.1,0.001,test_10,9,1,943,6.273721218269996,True,right/down,0.20391815540158884,300,54200,39.60833449999336,39.015625,1.0
cx0.1_mut0.001,0.1,0.001,test_10,9,2,944,6.841684576471344,True,right/down,0.17042331185657628,300,54200,42.6752020999993,41.828125,1.0
cx0.1_mut0.001,0.1,0.001,test_10,9,3,945,5.78175088277359,True,right/down,0.19035241043524675,300,54200,39.77191400001175,39.328125,1.0
cx0.1_mut0.001,0.1,0.001,test_10,9,4,946,7.456154360279305,True,right/down,0.22259839668000897,300,54200,38.18050019998918,37.828125,1.0
cx0.1_mut0.001,0.1,0.001,test_10,9,5,947,6.640605141534034,True,right/down,0.23074532427340058,300,54200,40.42818199998874,40.140625,1.0
cx0.1_mut0.001,0.1,0.001,test_10,9,6,948,6.169243390850771,True,right/down,0.2399361785027291,300,54200,41.1910377000022,40.671875,1.0
cx0.1_mut0.001,0.1,0.001,test_10,9,7,949,6.280006623979575,True,right/down,0.20854636469280502,300,54200,39.81459179999365,39.28125,1.0
cx0.1_mut0.001,0.1,0.001,test_10,9,8,950,7.072080932189121,True,right/down,0.17974574611021896,300,54200,38.30144730000757,37.8125,1.0
cx0.1_mut0.001,0.1,0.001,test_10,9,9,951,6.11849181120749,True,right/down,0.22687995415037762,300,54200,36.92078160001256,36.53125,1.0
cx0.1_mut0.001,0.1,0.001,test_10,9,10,952,6.054462794978103,True,right/down,0.24523811799132478,300,54200,41.06278939999174,40.6875,1.0
cx0.1_mut0.001,0.1,0.001,test_10,9,11,953,6.75645008607328,True,right/down,0.22360333374796004,300,54200,38.263394299996435,37.921875,1.0
cx0.1_mut0.001,0.1,0.001,test_10,9,12,954,6.769508083581326,True,right/down,0.23315993895173814,300,54200,44.97925620000751,44.265625,1.0
cx0.1_mut0.001,0.1,0.001,test_10,9,13,955,6.606076108483259,True,right/down,0.21957497062770978,300,54200,41.561277499989956,40.953125,1.0
cx0.1_mut0.001,0.1,0.001,test_10,9,14,956,5.747939747459668,True,right/down,0.21534478654261352,300,54200,38.096743300004164,37.484375,1.0
cx0.1_mut0.001,0.1,0.001,test_10,9,15,957,6.517614700279098,True,right/down,0.19327632458862024,300,54200,38.97696630000428,38.21875,1.0
cx0.1_mut0.001,0.1,0.001,test_10,9,16,958,6.075755882914494,True,right/down,0.1651350778666304,300,54200,42.75516860000789,42.09375,1.0
cx0.1_mut0.001,0.1,0.001,test_10,9,17,959,6.5442586243915,True,right/down,0.22757152600887778,300,54200,40.51200940000126,40.203125,1.0
cx0.1_mut0.001,0.1,0.001,test_10,9,18,960,6.241025374369443,True,right/down,0.23635098913647123,300,54200,42.86854680000397,42.59375,1.0
cx0.1_mut0.001,0.1,0.001,test_10,9,19,961,6.45355206733727,True,right/down,0.24008754157595114,300,54200,42.27361250000831,42.078125,1.0
cx0.1_mut0.01,0.1,0.01,test_1,0,0,42,5.537699232634123,True,right/down,0.22065940210265098,300,54200,37.8457092000026,37.171875,1.0
cx0.1_mut0.01,0.1,0.01,test_1,0,1,43,5.725456779490257,True,right/down,0.2462726459848303,300,54200,35.905471499994746,35.546875,1.0
cx0.1_mut0.01,0.1,0.01,test_1,0,2,44,6.928053008403475,True,right/down,0.22860652588706235,300,54200,43.028797599996324,42.453125,1.0
cx0.1_mut0.01,0.1,0.01,test_1,0,3,45,5.375938219979853,True,right/down,0.2256804921153701,300,54200,42.04428689999622,41.328125,1.0
cx0.1_mut0.01,0.1,0.01,test_1,0,4,46,6.04395919623584,True,right/down,0.2200568386144266,300,54200,37.44625160000578,36.671875,1.0
cx0.1_mut0.01,0.1,0.01,test_1,0,5,47,6.017193569708742,True,right/down,0.24521878454881302,300,54200,37.478425400011474,36.984375,1.0
cx0.1_mut0.01,0.1,0.01,test_1,0,6,48,6.016189273367118,True,right/down,0.2079594180078448,300,54200,37.63125830001081,37.234375,1.0
cx0.1_mut0.01,0.1,0.01,test_1,0,7,49,5.493412351115348,True,right/down,0.2232742423958862,300,54200,38.85401830000046,38.53125,1.0
cx0.1_mut0.01,0.1,0.01,test_1,0,8,50,5.883811626718028,True,right/down,0.24255698686354935,300,54200,39.179484099993715,38.78125,1.0
cx0.1_mut0.01,0.1,0.01,test_1,0,9,51,5.38561701913376,True,right/down,0.24904083385385348,300,54200,40.624161200001254,40.03125,1.0
cx0.1_mut0.01,0.1,0.01,test_1,0,10,52,5.114086059739623,True,right/down,0.22153822414094618,300,54200,39.192620700006955,38.890625,1.0
cx0.1_mut0.01,0.1,0.01,test_1,0,11,53,5.77846766402242,True,right/down,0.23541551327112056,300,54200,37.10432139999466,36.859375,1.0
cx0.1_mut0.01,0.1,0.01,test_1,0,12,54,5.719094508976677,True,right/down,0.22413557252055677,300,54200,35.760922300003585,35.5625,1.0
cx0.1_mut0.01,0.1,0.01,test_1,0,13,55,5.684006893554035,True,right/down,0.20218031020657007,300,54200,37.12542229999963,36.84375,1.0
cx0.1_mut0.01,0.1,0.01,test_1,0,14,56,5.749279995666927,True,right/down,0.25165693167718306,300,54200,38.73446449999756,38.390625,1.0
cx0.1_mut0.01,0.1,0.01,test_1,0,15,57,5.29751436483437,True,right/down,0.2371473048954778,300,54200,37.66761350000161,37.046875,1.0
cx0.1_mut0.01,0.1,0.01,test_1,0,16,58,5.553860875265213,True,right/down,0.20506871301270566,300,54200,37.472841199996765,36.671875,1.0
cx0.1_mut0.01,0.1,0.01,test_1,0,17,59,6.055681758800912,True,right/down,0.2398745744684651,300,54200,36.08030299999518,35.46875,1.0
cx0.1_mut0.01,0.1,0.01,test_1,0,18,60,5.470058137583696,True,right/down,0.21706767137758728,300,54200,38.77882459999819,38.359375,1.0
cx0.1_mut0.01,0.1,0.01,test_1,0,19,61,6.460119717776574,True,right/down,0.17931095017733784,300,54200,37.30181659999653,36.953125,1.0
cx0.1_mut0.01,0.1,0.01,test_2,1,0,142,5.69436767786936,True,right/down,0.23130676762801966,300,54200,38.19756149999739,38.015625,1.0
cx0.1_mut0.01,0.1,0.01,test_2,1,1,143,5.87509413321447,True,right/down,0.24821623172035082,300,54200,39.35280539999076,39.046875,1.0
cx0.1_mut0.01,0.1,0.01,test_2,1,2,144,5.208169368225567,True,right/down,0.2225961781802661,300,54200,39.29931360000046,38.71875,1.0
cx0.1_mut0.01,0.1,0.01,test_2,1,3,145,6.175598703465176,True,right/down,0.2006761299193775,300,54200,38.98079259999213,38.578125,1.0
cx0.1_mut0.01,0.1,0.01,test_2,1,4,146,5.760787899595636,True,right/down,0.1563371510995953,300,54200,36.09537830000045,35.328125,1.0
cx0.1_mut0.01,0.1,0.01,test_2,1,5,147,5.38036149006487,True,right/down,0.21182717910358892,300,54200,37.67345069999283,37.1875,1.0
cx0.1_mut0.01,0.1,0.01,test_2,1,6,148,5.8126185834030375,True,right/down,0.23750686081780936,300,54200,37.449462900010985,36.765625,1.0
cx0.1_mut0.01,0.1,0.01,test_2,1,7,149,6.19554628727838,True,right/down,0.19252071392579176,300,54200,34.63328159999219,34.109375,1.0
cx0.1_mut0.01,0.1,0.01,test_2,1,8,150,5.544755217361995,True,right/down,0.21128529294004883,300,54200,38.009959499991965,37.15625,1.0
cx0.1_mut0.01,0.1,0.01,test_2,1,9,151,5.649933063474974,True,right/down,0.24683438688476186,300,54200,39.65650779999851,38.828125,1.0
cx0.1_mut0.01,0.1,0.01,test_2,1,10,152,5.847019123119115,True,right/down,0.21196876012279006,300,54200,36.33438680000836,35.859375,1.0
cx0.1_mut0.01,0.1,0.01,test_2,1,11,153,5.4071037244681275,True,right/down,0.19492261617168796,300,54200,37.31140979999327,36.5625,1.0
cx0.1_mut0.01,0.1,0.01,test_2,1,12,154,5.411999540223264,True,right/down,0.2244791732648947,300,54200,34.80576960000326,34.125,1.0
cx0.1_mut0.01,0.1,0.01,test_2,1,13,155,5.609827309810081,True,right/down,0.24796366155374483,300,54200,39.333374699999695,38.765625,1.0
cx0.1_mut0.01,0.1,0.01,test_2,1,14,156,5.790981011818403,True,right/down,0.2475876970878123,300,54200,40.15691789999255,39.90625,1.0
cx0.1_mut0.01,0.1,0.01,test_2,1,15,157,5.204185490726091,True,right/down,0.19722811913696828,300,54200,40.41163449999294,40.203125,1.0
cx0.1_mut0.01,0.1,0.01,test_2,1,16,158,5.3014039264444035,True,right/down,0.22244095845740125,300,54200,39.064960500007146,38.890625,1.0
cx0.1_mut0.01,0.1,0.01,test_2,1,17,159,5.464134886350641,True,right/down,0.2251415562686891,300,54200,35.13373159999901,34.796875,1.0
cx0.1_mut0.01,0.1,0.01,test_2,1,18,160,5.2684420064038235,True,right/down,0.2395571650711628,300,54200,39.41601800000353,39.046875,1.0
cx0.1_mut0.01,0.1,0.01,test_2,1,19,161,5.46747036556628,True,right/down,0.21415108465889296,300,54200,37.971848000001046,37.546875,1.0
cx0.1_mut0.01,0.1,0.01,test_3,2,0,242,6.175751508508846,True,right/down,0.22384373590566006,300,54200,39.14610930001072,38.65625,1.0
cx0.1_mut0.01,0.1,0.01,test_3,2,1,243,5.309944095218565,True,right/down,0.2578244316874409,300,54200,40.70404860000417,40.375,1.0
cx0.1_mut0.01,0.1,0.01,test_3,2,2,244,5.21440570223157,True,right/down,0.23299861961827217,300,54200,36.86777540000912,36.671875,1.0
cx0.1_mut0.01,0.1,0.01,test_3,2,3,245,5.08660484724124,True,right/down,0.2569269421921408,300,54200,38.0682691999973,37.390625,1.0
cx0.1_mut0.01,0.1,0.01,test_3,2,4,246,5.229856477426002,True,right/down,0.26232951753269884,300,54200,38.91259349999018,38.171875,1.0
cx0.1_mut0.01,0.1,0.01,test_3,2,5,247,5.279423327220923,True,right/down,0.25807390068232644,300,54200,39.51891949999845,38.8125,1.0
cx0.1_mut0.01,0.1,0.01,test_3,2,6,248,6.618688149864197,True,right/down,0.2072372140198647,300,54200,37.303127500010305,36.84375,1.0
cx0.1_mut0.01,0.1,0.01,test_3,2,7,249,5.151618120514931,True,right/down,0.21099657620850842,300,54200,36.26178160001291,35.78125,1.0
cx0.1_mut0.01,0.1,0.01,test_3,2,8,250,5.4608744883129265,True,right/down,0.2525381535717078,300,54200,39.82530000001134,39.515625,1.0
cx0.1_mut0.01,0.1,0.01,test_3,2,9,251,5.64535022677332,True,right/down,0.22089466428819468,300,54200,37.28674229999888,36.96875,1.0
cx0.1_mut0.01,0.1,0.01,test_3,2,10,252,5.07998567659348,True,right/down,0.23234276051446848,300,54200,35.266853500012076,34.9375,1.0
cx0.1_mut0.01,0.1,0.01,test_3,2,11,253,5.1643838082305535,True,right/down,0.24242867887865568,300,54200,37.49109070000122,37.140625,1.0
cx0.1_mut0.01,0.1,0.01,test_3,2,12,254,5.466844457225494,True,right/down,0.22934413097464518,300,54200,40.98161529999925,40.546875,1.0
cx0.1_mut0.01,0.1,0.01,test_3,2,13,255,5.390472029017623,True,right/down,0.2260471156043529,300,54200,39.28105580000556,38.75,1.0
cx0.1_mut0.01,0.1,0.01,test_3,2,14,256,5.849149478656416,True,right/down,0.22129394599878008,300,54200,37.806197099998826,37.578125,1.0
cx0.1_mut0.01,0.1,0.01,test_3,2,15,257,5.260582211390169,True,right/down,0.2514731473634868,300,54200,42.973741699999664,42.53125,1.0
cx0.1_mut0.01,0.1,0.01,test_3,2,16,258,5.547317689258035,True,right/down,0.2149705711337561,300,54200,38.37330989999464,37.953125,1.0
cx0.1_mut0.01,0.1,0.01,test_3,2,17,259,5.787098258268131,True,right/down,0.23465963197588066,300,54200,39.53836409999349,38.953125,1.0
cx0.1_mut0.01,0.1,0.01,test_3,2,18,260,4.948337028859947,True,right/down,0.24344562710061965,300,54200,38.30232519999845,37.734375,1.0
cx0.1_mut0.01,0.1,0.01,test_3,2,19,261,5.732510397795868,True,right/down,0.25205361201310233,300,54200,37.95394859999942,37.390625,1.0
cx0.1_mut0.01,0.1,0.01,test_4,3,0,342,6.368720783390934,True,right/down,0.25655534237710076,300,54200,36.06034219999856,35.5,1.0
cx0.1_mut0.01,0.1,0.01,test_4,3,1,343,5.5467019624564955,True,right/down,0.2554048870157782,300,54200,36.689868699992076,36.046875,1.0
cx0.1_mut0.01,0.1,0.01,test_4,3,2,344,5.51538454685371,True,right/down,0.1833750975396509,300,54200,38.2671454000083,37.5625,1.0
cx0.1_mut0.01,0.1,0.01,test_4,3,3,345,5.290320498708405,True,right/down,0.2235826661192965,300,54200,36.47330260000308,35.78125,1.0
cx0.1_mut0.01,0.1,0.01,test_4,3,4,346,5.344379373653899,True,right/down,0.24385098463144558,300,54200,37.493679999999586,37.015625,1.0
cx0.1_mut0.01,0.1,0.01,test_4,3,5,347,5.38196076191884,True,right/down,0.24636682985695194,300,54200,37.86390520000714,37.359375,1.0
cx0.1_mut0.01,0.1,0.01,test_4,3,6,348,5.29982623092188,True,right/down,0.21118466185530266,300,54200,37.79522960000031,37.4375,1.0
cx0.1_mut0.01,0.1,0.01,test_4,3,7,349,5.432352635118862,True,right/down,0.2454751973847326,300,54200,38.84022479999112,38.546875,1.0
cx0.1_mut0.01,0.1,0.01,test_4,3,8,350,6.324022382043618,True,right/down,0.23227421325054398,300,54200,36.697934799987706,36.359375,1.0
cx0.1_mut0.01,0.1,0.01,test_4,3,9,351,5.550459241574353,True,right/down,0.24273823923028204,300,54200,41.44014840001182,41.140625,1.0
cx0.1_mut0.01,0.1,0.01,test_4,3,10,352,5.632359066094401,True,right/down,0.20129493541235569,300,54200,38.08735820000584,37.84375,1.0
cx0.1_mut0.01,0.1,0.01,test_4,3,11,353,5.493244714807981,True,right/down,0.25896328831630094,300,54200,37.57309570000507,37.328125,1.0
cx0.1_mut0.01,0.1,0.01,test_4,3,12,354,6.210716611676245,True,right/down,0.20553994743599255,300,54200,36.26119839999592,35.59375,1.0
cx0.1_mut0.01,0.1,0.01,test_4,3,13,355,5.189986765977896,True,right/down,0.2299116022245917,300,54200,37.10036250000121,36.484375,1.0
cx0.1_mut0.01,0.1,0.01,test_4,3,14,356,5.65420762010101,True,right/down,0.18591025771706554,300,54200,44.37203349999618,43.265625,1.0
cx0.1_mut0.01,0.1,0.01,test_4,3,15,357,5.074819016648547,True,right/down,0.2202192012679348,300,54200,40.55331679999654,39.703125,1.0
cx0.1_mut0.01,0.1,0.01,test_4,3,16,358,5.495971088931622,True,right/down,0.21255068587286863,300,54200,43.80342609999934,42.828125,1.0
cx0.1_mut0.01,0.1,0.01,test_4,3,17,359,5.556465752424581,True,right/down,0.22105386873861538,300,54200,44.22746470000129,43.5625,1.0
cx0.1_mut0.01,0.1,0.01,test_4,3,18,360,5.4720577714931276,True,right/down,0.24289022687702114,300,54200,39.726385000001756,38.90625,1.0
cx0.1_mut0.01,0.1,0.01,test_4,3,19,361,5.923724719129988,True,right/down,0.2563749298074459,300,54200,36.53611620000447,36.109375,1.0
cx0.1_mut0.01,0.1,0.01,test_5,4,0,442,6.049224761098004,True,right/down,0.21549428263122206,300,54200,43.68011970000225,43.25,1.0
cx0.1_mut0.01,0.1,0.01,test_5,4,1,443,5.321265187485606,True,right/down,0.2607691325788163,300,54200,44.86744460000773,44.265625,1.0
cx0.1_mut0.01,0.1,0.01,test_5,4,2,444,5.435246743714847,True,right/down,0.23628276418167493,300,54200,45.58770610000647,45.40625,1.0
cx0.1_mut0.01,0.1,0.01,test_5,4,3,445,5.4361730774250585,True,right/down,0.2228692051564213,300,54200,40.07960759999696,39.90625,1.0
cx0.1_mut0.01,0.1,0.01,test_5,4,4,446,5.518370784058543,True,right/down,0.24092019853267196,300,54200,40.256214699998964,40.046875,1.0
cx0.1_mut0.01,0.1,0.01,test_5,4,5,447,5.9386026325373615,True,right/down,0.22425905801890317,300,54200,42.06888560000516,40.9375,1.0
cx0.1_mut0.01,0.1,0.01,test_5,4,6,448,5.550894220612532,True,right/down,0.16961475303512766,300,54200,40.66465259999677,39.65625,1.0
cx0.1_mut0.01,0.1,0.01,test_5,4,7,449,5.234061951025221,True,right/down,0.23699138814535553,300,54200,39.84007649999694,38.9375,1.0
cx0.1_mut0.01,0.1,0.01,test_5,4,8,450,5.70154065883365,True,right/down,0.23068220370010048,300,54200,40.59855960001005,39.328125,1.0
cx0.1_mut0.01,0.1,0.01,test_5,4,9,451,6.525280054482311,True,right/down,0.1927436477746935,300,54200,41.61056470000767,40.59375,1.0
cx0.1_mut0.01,0.1,0.01,test_5,4,10,452,6.206372585260541,True,right/down,0.20608455821136765,300,54200,42.3203627000039,41.3125,1.0
cx0.1_mut0.01,0.1,0.01,test_5,4,11,453,5.87287554311157,True,right/down,0.22008367752981817,300,54200,41.18256509999628,40.421875,1.0
cx0.1_mut0.01,0.1,0.01,test_5,4,12,454,5.360234713066866,True,right/down,0.22502308269032198,300,54200,40.25739430000249,39.765625,1.0
cx0.1_mut0.01,0.1,0.01,test_5,4,13,455,5.282635228912131,True,right/down,0.21580574436532737,300,54200,39.46071369999845,39.0625,1.0
cx0.1_mut0.01,0.1,0.01,test_5,4,14,456,5.428268487511132,True,right/down,0.2313980052099106,300,54200,40.4762955000042,39.859375,1.0
cx0.1_mut0.01,0.1,0.01,test_5,4,15,457,5.883959038360088,True,right/down,0.21314285728791094,300,54200,39.68860589999531,39.203125,1.0
cx0.1_mut0.01,0.1,0.01,test_5,4,16,458,5.172261727770416,True,right/down,0.21243277182460302,300,54200,40.36369389999891,40.09375,1.0
cx0.1_mut0.01,0.1,0.01,test_5,4,17,459,5.480207899386034,True,right/down,0.2245920592046824,300,54200,40.11756030000106,39.625,1.0
cx0.1_mut0.01,0.1,0.01,test_5,4,18,460,5.418070436257101,True,right/down,0.2566317394883632,300,54200,40.11853590000828,39.109375,1.0
cx0.1_mut0.01,0.1,0.01,test_5,4,19,461,5.247967788257974,True,right/down,0.18140368867653817,300,54200,34.63429810000525,34.015625,1.0
cx0.1_mut0.01,0.1,0.01,test_6,5,0,542,6.131667206054744,True,right/down,0.23542634474729776,300,54200,38.611699999994016,37.671875,1.0
cx0.1_mut0.01,0.1,0.01,test_6,5,1,543,6.341127802939156,True,right/down,0.23689456728150737,300,54200,43.823961200003396,42.515625,1.0
cx0.1_mut0.01,0.1,0.01,test_6,5,2,544,5.899657104461277,True,right/down,0.25921617199929714,300,54200,41.37012939999113,40.796875,1.0
cx0.1_mut0.01,0.1,0.01,test_6,5,3,545,5.640534462900034,True,right/down,0.23651617658846547,300,54200,40.43072089999623,40.046875,1.0
cx0.1_mut0.01,0.1,0.01,test_6,5,4,546,6.307087264915893,True,right/down,0.22501158243135733,300,54200,42.4775784000085,42.265625,1.0
cx0.1_mut0.01,0.1,0.01,test_6,5,5,547,5.658046835871696,True,right/down,0.19210486255966966,300,54200,42.84306149999611,42.421875,1.0
cx0.1_mut0.01,0.1,0.01,test_6,5,6,548,5.678609939336997,True,right/down,0.2134685556068308,300,54200,45.41078500000003,45.109375,1.0
cx0.1_mut0.01,0.1,0.01,test_6,5,7,549,6.402420793222435,True,right/down,0.21469678845474519,300,54200,42.31168009999965,41.765625,1.0
cx0.1_mut0.01,0.1,0.01,test_6,5,8,550,6.616415155312959,True,right/down,0.23677029300971217,300,54200,42.113436600004206,41.609375,1.0
cx0.1_mut0.01,0.1,0.01,test_6,5,9,551,6.383358512932378,True,right/down,0.24781956542934644,300,54200,41.00245189999987,40.65625,1.0
cx0.1_mut0.01,0.1,0.01,test_6,5,10,552,5.89504931588467,True,right/down,0.2549363404370706,300,54200,46.03261300000304,45.359375,1.0
cx0.1_mut0.01,0.1,0.01,test_6,5,11,553,6.371724220142717,True,right/down,0.22655561105884484,300,54200,42.62452869999106,42.078125,1.0
cx0.1_mut0.01,0.1,0.01,test_6,5,12,554,5.955614512661216,True,right/down,0.19527858079776908,300,54200,41.325442100001965,40.5,1.0
cx0.1_mut0.01,0.1,0.01,test_6,5,13,555,5.579749750239842,True,right/down,0.24895384514065627,300,54200,45.28688689999399,44.515625,1.0
cx0.1_mut0.01,0.1,0.01,test_6,5,14,556,5.800049785868288,True,right/down,0.2413839096574709,300,54200,44.205886399999144,43.484375,1.0
cx0.1_mut0.01,0.1,0.01,test_6,5,15,557,5.84626438637571,True,right/down,0.19693454581915937,300,54200,42.529366999995545,42.390625,1.0
cx0.1_mut0.01,0.1,0.01,test_6,5,16,558,5.848973588274917,True,right/down,0.23051346727816763,300,54200,41.72878079999646,41.546875,1.0
cx0.1_mut0.01,0.1,0.01,test_6,5,17,559,5.651375626771148,True,right/down,0.26084835258687045,300,54200,42.8588613000029,42.609375,1.0
cx0.1_mut0.01,0.1,0.01,test_6,5,18,560,5.729378109983237,True,right/down,0.21955913402144003,300,54200,43.748885499997414,43.375,1.0
cx0.1_mut0.01,0.1,0.01,test_6,5,19,561,5.794165310930908,True,right/down,0.2235944135685147,300,54200,42.211379799991846,41.59375,1.0
cx0.1_mut0.01,0.1,0.01,test_7,6,0,642,5.335664300270873,True,right/down,0.24801480336994677,300,54200,40.080783400000655,39.5625,1.0
cx0.1_mut0.01,0.1,0.01,test_7,6,1,643,5.417434889478686,True,right/down,0.15994171336684634,300,54200,42.67139400000451,42.21875,1.0
cx0.1_mut0.01,0.1,0.01,test_7,6,2,644,5.204139618377992,True,right/down,0.23702002996128405,300,54200,43.69674870000745,43.34375,1.0
cx0.1_mut0.01,0.1,0.01,test_7,6,3,645,5.2417656648329185,True,right/down,0.23500946646068926,300,54200,39.885456899995916,39.5625,1.0
cx0.1_mut0.01,0.1,0.01,test_7,6,4,646,5.203387794167304,True,right/down,0.2660016115168296,300,54200,41.270968099997845,40.8125,1.0
cx0.1_mut0.01,0.1,0.01,test_7,6,5,647,6.221078669611451,True,right/down,0.19014026927043093,300,54200,42.19477729999926,41.578125,1.0
cx0.1_mut0.01,0.1,0.01,test_7,6,6,648,5.399824162742983,True,right/down,0.23941718729092762,300,54200,39.22290290000092,38.5625,1.0
cx0.1_mut0.01,0.1,0.01,test_7,6,7,649,5.736407804804335,True,right/down,0.23559994520460922,300,54200,40.56690100001288,40.046875,1.0
cx0.1_mut0.01,0.1,0.01,test_7,6,8,650,5.248285711677285,True,right/down,0.24389162670839099,300,54200,40.2842462999979,39.6875,1.0
cx0.1_mut0.01,0.1,0.01,test_7,6,9,651,5.178275848693163,True,right/down,0.22495820990178675,300,54200,39.57485049999377,39.0,1.0
cx0.1_mut0.01,0.1,0.01,test_7,6,10,652,5.460036608423449,True,right/down,0.21996137689967546,300,54200,39.51448119999259,39.21875,1.0
cx0.1_mut0.01,0.1,0.01,test_7,6,11,653,5.638844951515443,True,right/down,0.22980511040961565,300,54200,40.27382520001265,40.015625,1.0
cx0.1_mut0.01,0.1,0.01,test_7,6,12,654,5.350403432792816,True,right/down,0.22237701247633823,300,54200,41.01486960001057,40.625,1.0
cx0.1_mut0.01,0.1,0.01,test_7,6,13,655,6.188851850954734,True,right/down,0.24687375724962857,300,54200,42.523843999995734,42.25,1.0
cx0.1_mut0.01,0.1,0.01,test_7,6,14,656,5.908031691547183,True,right/down,0.23795714063129758,300,54200,40.8073485000059,40.5625,1.0
cx0.1_mut0.01,0.1,0.01,test_7,6,15,657,5.478987250732429,True,right/down,0.21332007122715516,300,54200,39.052571099993656,38.828125,1.0
cx0.1_mut0.01,0.1,0.01,test_7,6,16,658,6.021401294807413,True,right/down,0.21601432298946663,300,54200,40.94319089999772,40.328125,1.0
cx0.1_mut0.01,0.1,0.01,test_7,6,17,659,6.287944579463549,True,right/down,0.23729976932954389,300,54200,39.302865999998176,39.03125,1.0
cx0.1_mut0.01,0.1,0.01,test_7,6,18,660,5.53130140287699,True,right/down,0.22245216729127174,300,54200,40.98703129999922,40.53125,1.0
cx0.1_mut0.01,0.1,0.01,test_7,6,19,661,5.433555507356863,True,right/down,0.25019666233689614,300,54200,46.22809600000619,45.34375,1.0
cx0.1_mut0.01,0.1,0.01,test_8,7,0,742,6.72825633589375,True,right/down,0.20034734926932599,300,54200,42.86191410000902,41.984375,1.0
cx0.1_mut0.01,0.1,0.01,test_8,7,1,743,5.9803828018252565,True,right/down,0.24336954747002518,300,54200,40.50235959999554,39.6875,1.0
cx0.1_mut0.01,0.1,0.01,test_8,7,2,744,5.824185521956439,True,right/down,0.24892149630922536,300,54200,43.00215849999222,42.34375,1.0
cx0.1_mut0.01,0.1,0.01,test_8,7,3,745,5.753099096268425,True,right/down,0.25730440128159954,300,54200,42.77778890001355,41.625,1.0
cx0.1_mut0.01,0.1,0.01,test_8,7,4,746,5.7777580878281665,True,right/down,0.23061429565330752,300,54200,38.538113400005386,38.09375,1.0
cx0.1_mut0.01,0.1,0.01,test_8,7,5,747,5.882596295321925,True,right/down,0.25165443773314916,300,54200,39.78960389998974,39.359375,1.0
cx0.1_mut0.01,0.1,0.01,test_8,7,6,748,5.670177094137539,True,right/down,0.21199630312240716,300,54200,39.66343600000255,39.3125,1.0
cx0.1_mut0.01,0.1,0.01,test_8,7,7,749,5.414123986888257,True,right/down,0.2445721729980796,300,54200,39.42844120001246,39.140625,1.0
cx0.1_mut0.01,0.1,0.01,test_8,7,8,750,5.808321549089668,True,right/down,0.21133939472320273,300,54200,43.54256760000135,43.140625,1.0
cx0.1_mut0.01,0.1,0.01,test_8,7,9,751,5.902573253225729,True,right/down,0.26183482282408066,300,54200,39.82218540000031,39.453125,1.0
cx0.1_mut0.01,0.1,0.01,test_8,7,10,752,5.622275207586787,True,right/down,0.2508694499004687,300,54200,40.81462140000076,40.4375,1.0
cx0.1_mut0.01,0.1,0.01,test_8,7,11,753,5.7847577384958155,True,right/down,0.2409967422420882,300,54200,43.01332329999423,42.25,1.0
cx0.1_mut0.01,0.1,0.01,test_8,7,12,754,5.384476399628017,True,right/down,0.20668544819211054,300,54200,42.10113289998844,41.359375,1.0
cx0.1_mut0.01,0.1,0.01,test_8,7,13,755,5.983205655088905,True,right/down,0.24026339414504874,300,54200,43.89013700000942,43.078125,1.0
cx0.1_mut0.01,0.1,0.01,test_8,7,14,756,6.216289930795963,True,right/down,0.2295075225584029,300,54200,40.83968260000984,39.609375,1.0
cx0.1_mut0.01,0.1,0.01,test_8,7,15,757,5.6474703144357985,True,right/down,0.21717571427734744,300,54200,44.67135699999926,44.265625,1.0
cx0.1_mut0.01,0.1,0.01,test_8,7,16,758,5.899074968514231,True,right/down,0.23264952090206423,300,54200,38.12194670000463,37.890625,1.0
cx0.1_mut0.01,0.1,0.01,test_8,7,17,759,5.138639742018622,True,right/down,0.20369448224363063,300,54200,41.564792999997735,41.265625,1.0
cx0.1_mut0.01,0.1,0.01,test_8,7,18,760,5.764916663244541,True,right/down,0.2646108620884146,300,54200,40.935557699995115,40.78125,1.0
cx0.1_mut0.01,0.1,0.01,test_8,7,19,761,5.483270979118139,True,right/down,0.26272385881819027,300,54200,41.150619300009566,40.921875,1.0
cx0.1_mut0.01,0.1,0.01,test_9,8,0,842,5.853409097874947,True,right/down,0.1555587492151803,300,54200,43.40561610000441,43.078125,1.0
cx0.1_mut0.01,0.1,0.01,test_9,8,1,843,5.686417661674179,True,right/down,0.22970369634393348,300,54200,37.67501350000384,37.0,1.0
cx0.1_mut0.01,0.1,0.01,test_9,8,2,844,5.5553044735157044,True,right/down,0.21875655412348205,300,54200,42.39130869999644,42.125,1.0
cx0.1_mut0.01,0.1,0.01,test_9,8,3,845,5.6428885491336835,True,right/down,0.24599007594907818,300,54200,42.00637010000355,41.6875,1.0
cx0.1_mut0.01,0.1,0.01,test_9,8,4,846,6.269034423536359,True,right/down,0.23466967919316722,300,54200,44.33666020000237,43.84375,1.0
cx0.1_mut0.01,0.1,0.01,test_9,8,5,847,6.029065637938361,True,right/down,0.1771923570369173,300,54200,44.555446800004574,43.96875,1.0
cx0.1_mut0.01,0.1,0.01,test_9,8,6,848,5.6999296716293655,True,right/down,0.21622969000999417,300,54200,43.698795100004645,42.75,1.0
cx0.1_mut0.01,0.1,0.01,test_9,8,7,849,5.509347266937661,True,right/down,0.23310035305416152,300,54200,41.02650229999563,40.5,1.0
cx0.1_mut0.01,0.1,0.01,test_9,8,8,850,5.641120030168398,True,right/down,0.24041811426719845,300,54200,39.193911100010155,38.484375,1.0
cx0.1_mut0.01,0.1,0.01,test_9,8,9,851,6.463045424332915,True,right/down,0.2111541538621649,300,54200,40.72634919999109,40.28125,1.0
cx0.1_mut0.01,0.1,0.01,test_9,8,10,852,5.381460456592938,True,right/down,0.23892639216587092,300,54200,46.95411370000511,46.515625,1.0
cx0.1_mut0.01,0.1,0.01,test_9,8,11,853,5.273501844114705,True,right/down,0.25770349827750577,300,54200,46.355866499987314,45.59375,1.0
cx0.1_mut0.01,0.1,0.01,test_9,8,12,854,5.802742603291889,True,right/down,0.25062216897557565,300,54200,40.77193879999686,40.515625,1.0
cx0.1_mut0.01,0.1,0.01,test_9,8,13,855,5.454636604643779,True,right/down,0.2024748702995347,300,54200,41.524284400002216,41.109375,1.0
cx0.1_mut0.01,0.1,0.01,test_9,8,14,856,5.8592003814668505,True,right/down,0.22455565425875454,300,54200,40.25328580000496,40.046875,1.0
cx0.1_mut0.01,0.1,0.01,test_9,8,15,857,5.512773417367383,True,right/down,0.20681235035392095,300,54200,44.05459879999398,43.78125,1.0
cx0.1_mut0.01,0.1,0.01,test_9,8,16,858,6.328758529850111,True,right/down,0.2337595716921312,300,54200,40.78055339999264,40.46875,1.0
cx0.1_mut0.01,0.1,0.01,test_9,8,17,859,5.330802813673435,True,right/down,0.23544154756509061,300,54200,39.66121949999069,39.21875,1.0
cx0.1_mut0.01,0.1,0.01,test_9,8,18,860,6.049650653908359,True,right/down,0.18883432185803406,300,54200,39.75037949999387,39.15625,1.0
cx0.1_mut0.01,0.1,0.01,test_9,8,19,861,5.725073484612464,True,right/down,0.19169915911382238,300,54200,39.85497670000768,39.375,1.0
cx0.1_mut0.01,0.1,0.01,test_10,9,0,942,5.552595706380611,True,right/down,0.20668784904423107,300,54200,41.811323300004005,41.234375,1.0
cx0.1_mut0.01,0.1,0.01,test_10,9,1,943,5.289861613510828,True,right/down,0.2316552374957854,300,54200,43.7980632000108,43.09375,1.0
cx0.1_mut0.01,0.1,0.01,test_10,9,2,944,5.907925109997336,True,right/down,0.23158247361765438,300,54200,44.65750390000176,43.75,1.0
cx0.1_mut0.01,0.1,0.01,test_10,9,3,945,5.454267791257434,True,right/down,0.22272775639161224,300,54200,40.513933099995484,40.078125,1.0
cx0.1_mut0.01,0.1,0.01,test_10,9,4,946,5.724752176702205,True,right/down,0.21607746002213016,300,54200,44.801322899991646,44.375,1.0
cx0.1_mut0.01,0.1,0.01,test_10,9,5,947,6.153934587781628,True,right/down,0.22413457162687592,300,54200,41.68593079999846,41.40625,1.0
cx0.1_mut0.01,0.1,0.01,test_10,9,6,948,5.841226422154577,True,right/down,0.21932110545929373,300,54200,46.91573160000553,46.3125,1.0
cx0.1_mut0.01,0.1,0.01,test_10,9,7,949,5.8638596270518315,True,right/down,0.2439034095410591,300,54200,39.93991830000596,39.578125,1.0
cx0.1_mut0.01,0.1,0.01,test_10,9,8,950,5.91204421206093,True,right/down,0.24229256299545915,300,54200,42.79955769999651,42.140625,1.0
cx0.1_mut0.01,0.1,0.01,test_10,9,9,951,6.055260132950786,True,right/down,0.21109660982041462,300,54200,45.35212039999897,44.703125,1.0
cx0.1_mut0.01,0.1,0.01,test_10,9,10,952,5.636415290836758,True,right/down,0.2229276896661542,300,54200,41.441216700011864,41.15625,1.0
cx0.1_mut0.01,0.1,0.01,test_10,9,11,953,5.366265613099873,True,right/down,0.25239398356526627,300,54200,42.672921200006385,42.21875,1.0
cx0.1_mut0.01,0.1,0.01,test_10,9,12,954,6.896174117764453,True,right/down,0.18655425447422969,300,54200,45.51155660000222,44.890625,1.0
cx0.1_mut0.01,0.1,0.01,test_10,9,13,955,5.849923413987493,True,right/down,0.18056628463198182,300,54200,37.46023690000584,36.953125,1.0
cx0.1_mut0.01,0.1,0.01,test_10,9,14,956,5.601127605436302,True,right/down,0.22347683376341448,300,54200,40.397192699994775,39.984375,1.0
cx0.1_mut0.01,0.1,0.01,test_10,9,15,957,5.992467131408476,True,right/down,0.188006726135552,300,54200,42.92998020000232,42.125,1.0
cx0.1_mut0.01,0.1,0.01,test_10,9,16,958,5.72006448512791,True,right/down,0.17616534747133225,300,54200,41.7002577999956,41.015625,1.0
cx0.1_mut0.01,0.1,0.01,test_10,9,17,959,6.109414421669842,True,right/down,0.1822107745613798,300,54200,42.167931999996654,41.71875,1.0
cx0.1_mut0.01,0.1,0.01,test_10,9,18,960,5.36928047262066,True,right/down,0.20999388839027816,300,54200,45.70865390000108,45.46875,1.0
cx0.1_mut0.01,0.1,0.01,test_10,9,19,961,5.352678012780235,True,right/down,0.22214929994670846,300,54200,41.75240969999868,41.46875,1.0
cx0.1_mut0.05,0.1,0.05,test_1,0,0,42,5.340832792897922,True,right/down,0.22991648030747655,300,54200,36.066003800006,35.390625,1.0
cx0.1_mut0.05,0.1,0.05,test_1,0,1,43,5.275325144662319,True,right/down,0.20679816749396304,300,54200,37.64830119999533,37.3125,1.0
cx0.1_mut0.05,0.1,0.05,test_1,0,2,44,5.468605468304457,True,right/down,0.21426301175752605,300,54200,36.58751409999968,35.9375,1.0
cx0.1_mut0.05,0.1,0.05,test_1,0,3,45,5.0665723631873,True,right/down,0.23911915050162286,300,54200,37.079771699995035,36.421875,1.0
cx0.1_mut0.05,0.1,0.05,test_1,0,4,46,5.5088470748987115,True,right/down,0.2323391442029358,300,54200,34.16822740000498,33.59375,1.0
cx0.1_mut0.05,0.1,0.05,test_1,0,5,47,5.654970867396136,True,right/down,0.23319190756942507,300,54200,37.03748949999863,36.40625,1.0
cx0.1_mut0.05,0.1,0.05,test_1,0,6,48,5.574832437690484,True,right/down,0.24365904364974075,300,54200,37.37952159999986,36.859375,1.0
cx0.1_mut0.05,0.1,0.05,test_1,0,7,49,5.503336409724625,True,right/down,0.25405117423079726,300,54200,36.18465680000372,35.8125,1.0
cx0.1_mut0.05,0.1,0.05,test_1,0,8,50,5.256308949802608,True,right/down,0.24755069770263058,300,54200,35.52011009999842,35.25,1.0
cx0.1_mut0.05,0.1,0.05,test_1,0,9,51,5.4581848385889,True,right/down,0.2563111299581303,300,54200,36.18318920000456,35.453125,1.0
cx0.1_mut0.05,0.1,0.05,test_1,0,10,52,5.0814399005213104,True,right/down,0.20400510753439627,300,54200,36.812688500009244,36.390625,1.0
cx0.1_mut0.05,0.1,0.05,test_1,0,11,53,5.367354619515423,True,right/down,0.24160495526429962,300,54200,36.98899889999302,36.765625,1.0
cx0.1_mut0.05,0.1,0.05,test_1,0,12,54,5.355696742767664,True,right/down,0.22613058309494863,300,54200,34.64662010000029,34.375,1.0
cx0.1_mut0.05,0.1,0.05,test_1,0,13,55,5.0676015981441624,True,right/down,0.2166095920421452,300,54200,33.9971086000005,33.78125,1.0
cx0.1_mut0.05,0.1,0.05,test_1,0,14,56,5.689618946849745,True,right/down,0.25154736392237265,300,54200,36.26023640000494,35.9375,1.0
cx0.1_mut0.05,0.1,0.05,test_1,0,15,57,5.479272481519239,True,right/down,0.21540994571816052,300,54200,35.392361900012475,34.734375,1.0
cx0.1_mut0.05,0.1,0.05,test_1,0,16,58,5.787682742102578,True,right/down,0.2128439160499578,300,54200,35.717670300000464,35.078125,1.0
cx0.1_mut0.05,0.1,0.05,test_1,0,17,59,5.440349406294214,True,right/down,0.21216158392939338,300,54200,36.81195899999875,35.78125,1.0
cx0.1_mut0.05,0.1,0.05,test_1,0,18,60,5.32594179575985,True,right/down,0.21766816530945493,300,54200,35.87299000000348,35.34375,1.0
cx0.1_mut0.05,0.1,0.05,test_1,0,19,61,5.664088009946444,True,right/down,0.20848576337764302,300,54200,35.686824399992474,35.3125,1.0
cx0.1_mut0.05,0.1,0.05,test_2,1,0,142,5.630228324911036,True,right/down,0.2245875961935636,300,54200,34.34463359999063,34.0625,1.0
cx0.1_mut0.05,0.1,0.05,test_2,1,1,143,5.429989742484465,True,right/down,0.23585997906433906,300,54200,33.81031619998976,33.5625,1.0
cx0.1_mut0.05,0.1,0.05,test_2,1,2,144,5.1270013447488605,True,right/down,0.23310564973762787,300,54200,33.75969650001207,33.3125,1.0
cx0.1_mut0.05,0.1,0.05,test_2,1,3,145,5.0894273430020265,True,right/down,0.21005939869901513,300,54200,36.1924849999923,35.5,1.0
cx0.1_mut0.05,0.1,0.05,test_2,1,4,146,5.331838471252441,True,right/down,0.23132832034706263,300,54200,34.77581330000248,34.296875,1.0
cx0.1_mut0.05,0.1,0.05,test_2,1,5,147,5.370274577695666,True,right/down,0.21030718981469293,300,54200,34.760368500006734,34.328125,1.0
cx0.1_mut0.05,0.1,0.05,test_2,1,6,148,5.370328721201966,True,right/down,0.23142746020092397,300,54200,35.20525759999873,34.8125,1.0
cx0.1_mut0.05,0.1,0.05,test_2,1,7,149,6.1898132577989005,True,right/down,0.158351967346368,300,54200,33.47741419999511,33.0,1.0
cx0.1_mut0.05,0.1,0.05,test_2,1,8,150,5.422793152800253,True,right/down,0.2550870663256468,300,54200,34.939495800004806,34.375,1.0
cx0.1_mut0.05,0.1,0.05,test_2,1,9,151,5.407794038478851,True,right/down,0.23708595297341598,300,54200,35.84833350000554,35.03125,1.0
cx0.1_mut0.05,0.1,0.05,test_2,1,10,152,5.60951450603114,True,right/down,0.20136298016941442,300,54200,35.58064529999683,35.109375,1.0
cx0.1_mut0.05,0.1,0.05,test_2,1,11,153,5.278868186243584,True,right/down,0.23343270837314056,300,54200,32.761850399998366,32.1875,1.0
cx0.1_mut0.05,0.1,0.05,test_2,1,12,154,5.137843761066508,True,right/down,0.23392701263343155,300,54200,35.212128200000734,34.453125,1.0
cx0.1_mut0.05,0.1,0.05,test_2,1,13,155,5.165673301516601,True,right/down,0.23905111048885183,300,54200,34.889779599994654,34.375,1.0
cx0.1_mut0.05,0.1,0.05,test_2,1,14,156,5.314374973007224,True,right/down,0.19724687827204282,300,54200,34.267983999990975,34.046875,1.0
cx0.1_mut0.05,0.1,0.05,test_2,1,15,157,5.1735512056275255,True,right/down,0.18669206920976902,300,54200,36.04536060000828,35.65625,1.0
cx0.1_mut0.05,0.1,0.05,test_2,1,16,158,5.323122269811487,True,right/down,0.23104505980125564,300,54200,37.26319220000005,37.0625,1.0
cx0.1_mut0.05,0.1,0.05,test_2,1,17,159,5.487139092980219,True,right/down,0.18403477648485753,300,54200,34.64377300000342,34.375,1.0
cx0.1_mut0.05,0.1,0.05,test_2,1,18,160,5.211732016450725,True,right/down,0.21578601185020338,300,54200,36.016870499996,35.578125,1.0
cx0.1_mut0.05,0.1,0.05,test_2,1,19,161,5.417712831644503,True,right/down,0.21898826416114484,300,54200,36.89897570000903,36.328125,1.0
cx0.1_mut0.05,0.1,0.05,test_3,2,0,242,5.386029289056059,True,right/down,0.24192801329091682,300,54200,33.73642159999872,33.40625,1.0
cx0.1_mut0.05,0.1,0.05,test_3,2,1,243,5.056324119700379,True,right/down,0.26175554756900893,300,54200,35.71533589999308,35.484375,1.0
cx0.1_mut0.05,0.1,0.05,test_3,2,2,244,5.075686789280024,True,right/down,0.24119052034625407,300,54200,34.69592189999821,34.46875,1.0
cx0.1_mut0.05,0.1,0.05,test_3,2,3,245,5.054310053881821,True,right/down,0.23688083366208051,300,54200,35.64028330000292,35.03125,1.0
cx0.1_mut0.05,0.1,0.05,test_3,2,4,246,5.02249612531772,True,right/down,0.2444287248983223,300,54200,36.826984600003925,36.1875,1.0
cx0.1_mut0.05,0.1,0.05,test_3,2,5,247,5.136471333383147,True,right/down,0.24889411962198899,300,54200,35.93597299999965,35.234375,1.0
cx0.1_mut0.05,0.1,0.05,test_3,2,6,248,5.400390665683222,True,right/down,0.23283674873748822,300,54200,37.279539700000896,36.703125,1.0
cx0.1_mut0.05,0.1,0.05,test_3,2,7,249,5.1057386222809535,True,right/down,0.23520998017708625,300,54200,36.30645090001053,35.859375,1.0
cx0.1_mut0.05,0.1,0.05,test_3,2,8,250,5.153577628774512,True,right/down,0.2239024883927471,300,54200,36.71586310000566,36.46875,1.0
cx0.1_mut0.05,0.1,0.05,test_3,2,9,251,4.925396730407384,True,right/down,0.25179024681937817,300,54200,34.98411279999709,34.78125,1.0
cx0.1_mut0.05,0.1,0.05,test_3,2,10,252,5.046734165973133,True,right/down,0.259764495158371,300,54200,36.237647999994806,35.984375,1.0
cx0.1_mut0.05,0.1,0.05,test_3,2,11,253,6.015326224802283,True,right/down,0.2562917486377277,300,54200,36.65026959999523,36.234375,1.0
cx0.1_mut0.05,0.1,0.05,test_3,2,12,254,5.215928985292871,True,right/down,0.2503341570854029,300,54200,36.04818970001361,35.6875,1.0
cx0.1_mut0.05,0.1,0.05,test_3,2,13,255,5.2137284170450595,True,right/down,0.23117596969095036,300,54200,37.12409779999871,36.640625,1.0
cx0.1_mut0.05,0.1,0.05,test_3,2,14,256,5.3037760370248686,True,right/down,0.21316882062673478,300,54200,36.07039389999409,35.859375,1.0
cx0.1_mut0.05,0.1,0.05,test_3,2,15,257,5.337819003730458,True,right/down,0.24237483798495457,300,54200,34.742353900001035,34.3125,1.0
cx0.1_mut0.05,0.1,0.05,test_3,2,16,258,5.149903806853882,True,right/down,0.23518804481696529,300,54200,34.96945800000685,34.6875,1.0
cx0.1_mut0.05,0.1,0.05,test_3,2,17,259,4.946177522066222,True,right/down,0.24266343084021505,300,54200,36.97687409998616,36.390625,1.0
cx0.1_mut0.05,0.1,0.05,test_3,2,18,260,5.0373248199094185,True,right/down,0.24727198748715584,300,54200,35.551982300006784,34.96875,1.0
cx0.1_mut0.05,0.1,0.05,test_3,2,19,261,5.292429640306457,True,right/down,0.24652141366888958,300,54200,37.77812299999641,37.09375,1.0
cx0.1_mut0.05,0.1,0.05,test_4,3,0,342,5.014673980265167,True,right/down,0.24175156818018673,300,54200,34.31711940000241,33.890625,1.0
cx0.1_mut0.05,0.1,0.05,test_4,3,1,343,5.233434598730944,True,right/down,0.2522958480360068,300,54200,35.53566220001085,34.984375,1.0
cx0.1_mut0.05,0.1,0.05,test_4,3,2,344,5.109253129179256,True,right/down,0.24109114131199638,300,54200,35.66001909998886,35.25,1.0
cx0.1_mut0.05,0.1,0.05,test_4,3,3,345,5.084922565181723,True,right/down,0.19928541224999094,300,54200,33.74269820000336,33.25,1.0
cx0.1_mut0.05,0.1,0.05,test_4,3,4,346,5.415901876668387,True,right/down,0.2553395264836999,300,54200,34.86211130001175,34.25,1.0
cx0.1_mut0.05,0.1,0.05,test_4,3,5,347,5.649916000707419,True,right/down,0.2577205750784582,300,54200,36.77619050000794,36.265625,1.0
cx0.1_mut0.05,0.1,0.05,test_4,3,6,348,5.126941545390329,True,right/down,0.238690610557856,300,54200,34.2135319999943,34.046875,1.0
cx0.1_mut0.05,0.1,0.05,test_4,3,7,349,4.991502702080162,True,right/down,0.25424682610859634,300,54200,33.211354599989136,32.984375,1.0
cx0.1_mut0.05,0.1,0.05,test_4,3,8,350,6.193770350494435,True,right/down,0.23718137978909365,300,54200,33.97687030000088,33.734375,1.0
cx0.1_mut0.05,0.1,0.05,test_4,3,9,351,5.334652550273974,True,right/down,0.25659809521672083,300,54200,38.87602680000418,38.53125,1.0
cx0.1_mut0.05,0.1,0.05,test_4,3,10,352,5.061037197513388,True,right/down,0.22635598968925122,300,54200,35.96967219999351,35.75,1.0
cx0.1_mut0.05,0.1,0.05,test_4,3,11,353,5.456524078094526,True,right/down,0.2279093847330007,300,54200,34.565932999990764,34.390625,1.0
cx0.1_mut0.05,0.1,0.05,test_4,3,12,354,5.550167660447868,True,right/down,0.2456207852219665,300,54200,35.88947300000291,35.328125,1.0
cx0.1_mut0.05,0.1,0.05,test_4,3,13,355,5.123216251799816,True,right/down,0.2061629163434247,300,54200,36.36246279999614,35.703125,1.0
cx0.1_mut0.05,0.1,0.05,test_4,3,14,356,5.128676725031588,True,right/down,0.25549531983504425,300,54200,41.102109800005564,40.09375,1.0
cx0.1_mut0.05,0.1,0.05,test_4,3,15,357,5.558918749958036,True,right/down,0.22180698581130412,300,54200,42.87384590000147,42.015625,1.0
cx0.1_mut0.05,0.1,0.05,test_4,3,16,358,5.444990766988383,True,right/down,0.24071709412669276,300,54200,38.248838100000285,37.546875,1.0
cx0.1_mut0.05,0.1,0.05,test_4,3,17,359,5.115891255565504,True,right/down,0.22293227157400808,300,54200,37.49182130000554,36.765625,1.0
cx0.1_mut0.05,0.1,0.05,test_4,3,18,360,5.377778009948365,True,right/down,0.24061013882255616,300,54200,37.6762846000056,36.796875,1.0
cx0.1_mut0.05,0.1,0.05,test_4,3,19,361,5.069438678464397,True,right/down,0.20412472306667648,300,54200,37.25284760000068,36.703125,1.0
cx0.1_mut0.05,0.1,0.05,test_5,4,0,442,5.493267630935438,True,right/down,0.21912746716164813,300,54200,40.42796760000056,40.046875,1.0
cx0.1_mut0.05,0.1,0.05,test_5,4,1,443,5.303927298169619,True,right/down,0.23979275566093158,300,54200,39.55960849999974,39.0625,1.0
cx0.1_mut0.05,0.1,0.05,test_5,4,2,444,5.283803130185049,True,right/down,0.2283429743824796,300,54200,39.90274670001236,39.59375,1.0
cx0.1_mut0.05,0.1,0.05,test_5,4,3,445,5.2103827152408595,True,right/down,0.23541718236528014,300,54200,36.19725430000108,36.0,1.0
cx0.1_mut0.05,0.1,0.05,test_5,4,4,446,5.447649788700713,True,right/down,0.22843349285154926,300,54200,38.41433030000189,38.1875,1.0
cx0.1_mut0.05,0.1,0.05,test_5,4,5,447,5.221358898551745,True,right/down,0.22347623542424516,300,54200,38.723074599998654,37.6875,1.0
cx0.1_mut0.05,0.1,0.05,test_5,4,6,448,5.668331102985618,True,right/down,0.2568984194572499,300,54200,34.90640550000535,33.96875,1.0
cx0.1_mut0.05,0.1,0.05,test_5,4,7,449,5.102128199322436,True,right/down,0.21955751450750358,300,54200,37.60165130000678,36.828125,1.0
cx0.1_mut0.05,0.1,0.05,test_5,4,8,450,5.794233101159827,True,right/down,0.2362704817925805,300,54200,39.902854700005264,38.859375,1.0
cx0.1_mut0.05,0.1,0.05,test_5,4,9,451,5.749083925954713,True,right/down,0.2416542248053667,300,54200,41.80545460000576,40.59375,1.0
cx0.1_mut0.05,0.1,0.05,test_5,4,10,452,5.857586648446279,True,right/down,0.23050109430800209,300,54200,38.10423370001081,37.34375,1.0
cx0.1_mut0.05,0.1,0.05,test_5,4,11,453,5.400820139833963,True,right/down,0.19041585833078647,300,54200,42.37482959999761,41.84375,1.0
cx0.1_mut0.05,0.1,0.05,test_5,4,12,454,5.372197548644484,True,right/down,0.21563580886005138,300,54200,39.48747059999732,39.0,1.0
cx0.1_mut0.05,0.1,0.05,test_5,4,13,455,5.282222679759686,True,right/down,0.20463861738783407,300,54200,40.939173399994615,40.6875,1.0
cx0.1_mut0.05,0.1,0.05,test_5,4,14,456,5.496254059582194,True,right/down,0.2068901374549136,300,54200,39.752348599999095,39.15625,1.0
cx0.1_mut0.05,0.1,0.05,test_5,4,15,457,5.573726588663407,True,right/down,0.2639201808232177,300,54200,38.07927629999176,37.734375,1.0
cx0.1_mut0.05,0.1,0.05,test_5,4,16,458,5.561079203299861,True,right/down,0.21606468514200206,300,54200,34.49217409999983,34.171875,1.0
cx0.1_mut0.05,0.1,0.05,test_5,4,17,459,5.396554504908776,True,right/down,0.219239865755536,300,54200,34.4457579000009,34.03125,1.0
cx0.1_mut0.05,0.1,0.05,test_5,4,18,460,5.3503377336969,True,right/down,0.17441908201118694,300,54200,39.24762959999498,37.984375,1.0
cx0.1_mut0.05,0.1,0.05,test_5,4,19,461,5.256190782095679,True,right/down,0.19081723074105728,300,54200,36.359262700003455,35.75,1.0
cx0.1_mut0.05,0.1,0.05,test_6,5,0,542,5.91111634305385,True,right/down,0.22254086564972092,300,54200,32.53738340000564,31.859375,1.0
cx0.1_mut0.05,0.1,0.05,test_6,5,1,543,6.009999483917134,True,right/down,0.2350758815811143,300,54200,40.63632530000177,39.421875,1.0
cx0.1_mut0.05,0.1,0.05,test_6,5,2,544,6.022646791947483,True,right/down,0.23703582996156886,300,54200,43.04293100000359,42.203125,1.0
cx0.1_mut0.05,0.1,0.05,test_6,5,3,545,5.404540997140812,True,right/down,0.21716402803193896,300,54200,40.466330299997935,40.109375,1.0
cx0.1_mut0.05,0.1,0.05,test_6,5,4,546,5.515334957630081,True,right/down,0.2160372426475302,300,54200,36.80455359999905,36.5,1.0
cx0.1_mut0.05,0.1,0.05,test_6,5,5,547,5.380405516792548,True,right/down,0.2449802898319018,300,54200,40.52328269999998,39.734375,1.0
cx0.1_mut0.05,0.1,0.05,test_6,5,6,548,5.5952594067086086,True,right/down,0.2463883931384745,300,54200,41.37365460000001,41.015625,1.0
cx0.1_mut0.05,0.1,0.05,test_6,5,7,549,5.74151132258322,True,right/down,0.22352191828099444,300,54200,40.83327840000857,40.203125,1.0
cx0.1_mut0.05,0.1,0.05,test_6,5,8,550,5.686636018040039,True,right/down,0.21862266691280677,300,54200,39.64726349999546,39.203125,1.0
cx0.1_mut0.05,0.1,0.05,test_6,5,9,551,5.306761786487449,True,right/down,0.23223903516312047,300,54200,36.84273360000225,36.421875,1.0
cx0.1_mut0.05,0.1,0.05,test_6,5,10,552,6.088381157639158,True,right/down,0.2364653964472524,300,54200,38.16871729999548,37.46875,1.0
cx0.1_mut0.05,0.1,0.05,test_6,5,11,553,5.423578840321465,True,right/down,0.2189867307275913,300,54200,36.423502300007385,35.9375,1.0
cx0.1_mut0.05,0.1,0.05,test_6,5,12,554,5.406898200527323,True,right/down,0.24006707855722176,300,54200,37.03655740000249,36.109375,1.0
cx0.1_mut0.05,0.1,0.05,test_6,5,13,555,5.770593791424027,True,right/down,0.24444467204171985,300,54200,37.26347999999416,36.765625,1.0
cx0.1_mut0.05,0.1,0.05,test_6,5,14,556,5.7236322552034204,True,right/down,0.24223045409359986,300,54200,40.24617759999819,39.5625,1.0
cx0.1_mut0.05,0.1,0.05,test_6,5,15,557,5.5817941189304126,True,right/down,0.21741658755712823,300,54200,37.38831100000243,37.0625,1.0
cx0.1_mut0.05,0.1,0.05,test_6,5,16,558,5.4501422370091115,True,right/down,0.2326328439180298,300,54200,37.835296700010076,37.609375,1.0
cx0.1_mut0.05,0.1,0.05,test_6,5,17,559,5.4948394407507966,True,right/down,0.21536329072103097,300,54200,41.78340539999772,41.5,1.0
cx0.1_mut0.05,0.1,0.05,test_6,5,18,560,5.6312242066038465,True,right/down,0.24264076032877704,300,54200,38.61939290000009,38.125,1.0
cx0.1_mut0.05,0.1,0.05,test_6,5,19,561,5.31603836175716,True,right/down,0.22807804396420012,300,54200,35.05480890000763,34.34375,1.0
cx0.1_mut0.05,0.1,0.05,test_7,6,0,642,5.147943726173559,True,right/down,0.23177553995360958,300,54200,39.69991049999953,39.390625,1.0
cx0.1_mut0.05,0.1,0.05,test_7,6,1,643,5.661181553126221,True,right/down,0.24858997273842934,300,54200,36.581424500007415,36.359375,1.0
cx0.1_mut0.05,0.1,0.05,test_7,6,2,644,5.352497219298784,True,right/down,0.2594480165813381,300,54200,36.861564299993915,36.609375,1.0
cx0.1_mut0.05,0.1,0.05,test_7,6,3,645,5.090444579178243,True,right/down,0.24779395634993798,300,54200,35.10886360000586,34.765625,1.0
cx0.1_mut0.05,0.1,0.05,test_7,6,4,646,5.340001352990349,True,right/down,0.21406776102567993,300,54200,38.83514969999669,38.40625,1.0
cx0.1_mut0.05,0.1,0.05,test_7,6,5,647,5.3884439829375665,True,right/down,0.2518364838372424,300,54200,44.878816900003585,44.125,1.0
cx0.1_mut0.05,0.1,0.05,test_7,6,6,648,5.1977084021713615,True,right/down,0.23611810399911032,300,54200,36.33784309998737,35.765625,1.0
cx0.1_mut0.05,0.1,0.05,test_7,6,7,649,5.432185119538126,True,right/down,0.22219000526270724,300,54200,36.82803109999804,36.234375,1.0
cx0.1_mut0.05,0.1,0.05,test_7,6,8,650,5.23043880729824,True,right/down,0.23199222135405775,300,54200,39.75205690000439,39.09375,1.0
cx0.1_mut0.05,0.1,0.05,test_7,6,9,651,5.220153283253153,True,right/down,0.18984386138159295,300,54200,39.064650600004825,38.296875,1.0
cx0.1_mut0.05,0.1,0.05,test_7,6,10,652,5.460187246987328,True,right/down,0.20245425606114126,300,54200,38.368376799990074,38.015625,1.0
cx0.1_mut0.05,0.1,0.05,test_7,6,11,653,5.265277170810724,True,right/down,0.2325738489394719,300,54200,43.1397505000059,42.671875,1.0
cx0.1_mut0.05,0.1,0.05,test_7,6,12,654,5.188809663318966,True,right/down,0.20448431981076293,300,54200,35.524991500002216,35.28125,1.0
cx0.1_mut0.05,0.1,0.05,test_7,6,13,655,6.209018867928096,True,right/down,0.253137226105895,300,54200,40.878395899999305,40.59375,1.0
cx0.1_mut0.05,0.1,0.05,test_7,6,14,656,5.53462445595142,True,right/down,0.2191256794878485,300,54200,36.323506100001396,36.09375,1.0
cx0.1_mut0.05,0.1,0.05,test_7,6,15,657,5.188310836386269,True,right/down,0.24431400594457559,300,54200,40.307021999993594,40.03125,1.0
cx0.1_mut0.05,0.1,0.05,test_7,6,16,658,5.209513727036017,True,right/down,0.2535151073610266,300,54200,36.54149989999132,36.015625,1.0
cx0.1_mut0.05,0.1,0.05,test_7,6,17,659,6.375824918656871,True,right/down,0.2368938096321207,300,54200,38.53205599999637,38.28125,1.0
cx0.1_mut0.05,0.1,0.05,test_7,6,18,660,4.989564450688308,True,right/down,0.2411692939347271,300,54200,41.77328979999584,41.203125,1.0
cx0.1_mut0.05,0.1,0.05,test_7,6,19,661,5.1381136273363355,True,right/down,0.22939419478930048,300,54200,37.72449989999586,36.953125,1.0
cx0.1_mut0.05,0.1,0.05,test_8,7,0,742,5.915856506608613,True,right/down,0.25275947862591686,300,54200,36.741329699987546,36.0625,1.0
cx0.1_mut0.05,0.1,0.05,test_8,7,1,743,5.236288104508657,True,right/down,0.2723876836835714,300,54200,37.51590279999073,36.5625,1.0
cx0.1_mut0.05,0.1,0.05,test_8,7,2,744,5.153734775826317,True,right/down,0.24783608387601877,300,54200,41.66451909999887,41.0625,1.0
cx0.1_mut0.05,0.1,0.05,test_8,7,3,745,5.656415601774114,True,right/down,0.23664712103731345,300,54200,39.70710600000166,38.65625,1.0
cx0.1_mut0.05,0.1,0.05,test_8,7,4,746,5.248538937704362,True,right/down,0.2444244767557008,300,54200,37.76159959999495,37.28125,1.0
cx0.1_mut0.05,0.1,0.05,test_8,7,5,747,5.714260728439655,True,right/down,0.21824794676521034,300,54200,34.598721000002115,34.328125,1.0
cx0.1_mut0.05,0.1,0.05,test_8,7,6,748,5.287383224032598,True,right/down,0.23242368256286708,300,54200,38.150930600007996,37.8125,1.0
cx0.1_mut0.05,0.1,0.05,test_8,7,7,749,5.5809912357787645,True,right/down,0.24705659622419412,300,54200,40.06290660001105,39.71875,1.0
cx0.1_mut0.05,0.1,0.05,test_8,7,8,750,5.696816613364082,True,right/down,0.24929596047824062,300,54200,43.12675679998938,42.890625,1.0
cx0.1_mut0.05,0.1,0.05,test_8,7,9,751,5.800652631980393,True,right/down,0.24436131118036652,300,54200,40.161515200001304,39.859375,1.0
cx0.1_mut0.05,0.1,0.05,test_8,7,10,752,5.115116796680153,True,right/down,0.2447003587170795,300,54200,37.507070299994666,37.125,1.0
cx0.1_mut0.05,0.1,0.05,test_8,7,11,753,5.527057891412414,True,right/down,0.20795351912791069,300,54200,40.47829040000215,39.859375,1.0
cx0.1_mut0.05,0.1,0.05,test_8,7,12,754,5.246662609561251,True,right/down,0.22312457585304318,300,54200,38.96539810000104,38.21875,1.0
cx0.1_mut0.05,0.1,0.05,test_8,7,13,755,5.092871020376283,True,right/down,0.2432186913382695,300,54200,39.44676690000051,38.8125,1.0
cx0.1_mut0.05,0.1,0.05,test_8,7,14,756,6.240072035788235,True,right/down,0.24709217301096761,300,54200,42.2626436999999,41.015625,1.0
cx0.1_mut0.05,0.1,0.05,test_8,7,15,757,5.048763989081472,True,right/down,0.20279123692768997,300,54200,42.267280699990806,41.703125,1.0
cx0.1_mut0.05,0.1,0.05,test_8,7,16,758,5.512309891264438,True,right/down,0.2510986025686603,300,54200,37.10582889999205,36.8125,1.0
cx0.1_mut0.05,0.1,0.05,test_8,7,17,759,5.250297579398001,True,right/down,0.22680147263271097,300,54200,38.40198940000846,38.1875,1.0
cx0.1_mut0.05,0.1,0.05,test_8,7,18,760,5.538092448532787,True,right/down,0.2594780516709225,300,54200,39.61001540000143,39.328125,1.0
cx0.1_mut0.05,0.1,0.05,test_8,7,19,761,5.3872322411728,True,right/down,0.2273881208391774,300,54200,38.4433480000007,38.234375,1.0
cx0.1_mut0.05,0.1,0.05,test_9,8,0,842,5.339371665632886,True,right/down,0.2486204913413726,300,54200,35.982956500010914,35.703125,1.0
cx0.1_mut0.05,0.1,0.05,test_9,8,1,843,5.323756157194541,True,right/down,0.2380976848836019,300,54200,36.71899390000908,36.109375,1.0
cx0.1_mut0.05,0.1,0.05,test_9,8,2,844,5.776672519002692,True,right/down,0.1989206096352433,300,54200,36.63080810000247,36.296875,1.0
cx0.1_mut0.05,0.1,0.05,test_9,8,3,845,5.626159173965721,True,right/down,0.18308939904394209,300,54200,38.57550029999402,38.421875,1.0
cx0.1_mut0.05,0.1,0.05,test_9,8,4,846,5.850979544383078,True,right/down,0.22252996821255042,300,54200,41.724899499997264,41.046875,1.0
cx0.1_mut0.05,0.1,0.05,test_9,8,5,847,5.52110333646139,True,right/down,0.21255672878054346,300,54200,38.91544569999678,38.421875,1.0
cx0.1_mut0.05,0.1,0.05,test_9,8,6,848,5.5389863063357305,True,right/down,0.2444542922696921,300,54200,38.97516170000017,38.09375,1.0
cx0.1_mut0.05,0.1,0.05,test_9,8,7,849,5.261195617951481,True,right/down,0.20189027995250833,300,54200,35.79861159999564,35.15625,1.0
cx0.1_mut0.05,0.1,0.05,test_9,8,8,850,5.199174163011336,True,right/down,0.22005350492644554,300,54200,40.13303209999867,39.234375,1.0
cx0.1_mut0.05,0.1,0.05,test_9,8,9,851,5.528353535227683,True,right/down,0.249916975369262,300,54200,35.12765670000226,34.671875,1.0
cx0.1_mut0.05,0.1,0.05,test_9,8,10,852,5.471889175751861,True,right/down,0.23665205678274479,300,54200,38.15556869999273,37.859375,1.0
cx0.1_mut0.05,0.1,0.05,test_9,8,11,853,5.210224136217053,True,right/down,0.23006603662020958,300,54200,42.190128600006574,41.40625,1.0
cx0.1_mut0.05,0.1,0.05,test_9,8,12,854,5.287217988974414,True,right/down,0.22834419817324605,300,54200,42.1056108000048,41.859375,1.0
cx0.1_mut0.05,0.1,0.05,test_9,8,13,855,5.649377260253448,True,right/down,0.22708351282224437,300,54200,38.639838900009636,38.375,1.0
cx0.1_mut0.05,0.1,0.05,test_9,8,14,856,5.8152859814373965,True,right/down,0.21579912565350848,300,54200,39.38411099999212,39.171875,1.0
cx0.1_mut0.05,0.1,0.05,test_9,8,15,857,5.45101061025229,True,right/down,0.22664495835054313,300,54200,40.95620310000959,40.5,1.0
cx0.1_mut0.05,0.1,0.05,test_9,8,16,858,5.56977908344898,True,right/down,0.18410001843571186,300,54200,41.10074940000777,40.734375,1.0
cx0.1_mut0.05,0.1,0.05,test_9,8,17,859,5.462700868029488,True,right/down,0.2269257276841363,300,54200,37.70305300000473,37.09375,1.0
cx0.1_mut0.05,0.1,0.05,test_9,8,18,860,5.267385373867313,True,right/down,0.20707822873158943,300,54200,40.77468280000903,40.40625,1.0
cx0.1_mut0.05,0.1,0.05,test_9,8,19,861,5.505720017609933,True,right/down,0.217170421194568,300,54200,36.76593720000528,36.46875,1.0
cx0.1_mut0.05,0.1,0.05,test_10,9,0,942,5.669680336987591,True,right/down,0.18891731244852358,300,54200,37.25494400000025,36.515625,1.0
cx0.1_mut0.05,0.1,0.05,test_10,9,1,943,5.273521384781135,True,right/down,0.21880552300167652,300,54200,39.67030050000176,38.96875,1.0
cx0.1_mut0.05,0.1,0.05,test_10,9,2,944,5.6843779886568,True,right/down,0.18978488787693565,300,54200,38.84905210000579,37.890625,1.0
cx0.1_mut0.05,0.1,0.05,test_10,9,3,945,5.490581271648983,True,right/down,0.21817450548071934,300,54200,37.9969437999971,37.578125,1.0
cx0.1_mut0.05,0.1,0.05,test_10,9,4,946,6.020031390875778,True,right/down,0.2298353770627932,300,54200,38.68353280000156,38.359375,1.0
cx0.1_mut0.05,0.1,0.05,test_10,9,5,947,5.600615965984408,True,right/down,0.20130437189371098,300,54200,42.69901209999807,42.5,1.0
cx0.1_mut0.05,0.1,0.05,test_10,9,6,948,5.32533504671254,True,right/down,0.16945620475009046,300,54200,42.00591349999013,41.71875,1.0
cx0.1_mut0.05,0.1,0.05,test_10,9,7,949,5.721983511178495,True,right/down,0.23734877902856902,300,54200,39.05661990000226,38.3125,1.0
cx0.1_mut0.05,0.1,0.05,test_10,9,8,950,5.495546927919029,True,right/down,0.2272400369206401,300,54200,40.02081459999317,39.34375,1.0
cx0.1_mut0.05,0.1,0.05,test_10,9,9,951,5.461399173786637,True,right/down,0.24249708895863534,300,54200,37.51412870000058,36.96875,1.0
cx0.1_mut0.05,0.1,0.05,test_10,9,10,952,6.010950905404036,True,right/down,0.2315479284175829,300,54200,40.7303138999996,40.46875,1.0
cx0.1_mut0.05,0.1,0.05,test_10,9,11,953,5.697587774898242,True,right/down,0.24504508516083098,300,54200,39.02152049999859,38.84375,1.0
cx0.1_mut0.05,0.1,0.05,test_10,9,12,954,5.323128815621138,True,right/down,0.23588513674896316,300,54200,38.944551699998556,38.328125,1.0
cx0.1_mut0.05,0.1,0.05,test_10,9,13,955,5.490183579569061,True,right/down,0.2097040463333116,300,54200,40.112589399999706,39.53125,1.0
cx0.1_mut0.05,0.1,0.05,test_10,9,14,956,5.413002218319663,True,right/down,0.20914102345120825,300,54200,37.28340089999256,36.75,1.0
cx0.1_mut0.05,0.1,0.05,test_10,9,15,957,5.721966068835096,True,right/down,0.1684251362144683,300,54200,38.34313850000035,37.9375,1.0
cx0.1_mut0.05,0.1,0.05,test_10,9,16,958,5.316224783565802,True,right/down,0.24881019745770105,300,54200,37.62766169999668,36.953125,1.0
cx0.1_mut0.05,0.1,0.05,test_10,9,17,959,5.610906895292263,True,right/down,0.18346545323425054,300,54200,40.60241069999756,40.15625,1.0
cx0.1_mut0.05,0.1,0.05,test_10,9,18,960,5.621862279130578,True,right/down,0.2371137122539625,300,54200,39.75445970000874,39.453125,1.0
cx0.1_mut0.05,0.1,0.05,test_10,9,19,961,5.705940893441149,True,right/down,0.22305550037160193,300,54200,40.31440079999447,40.125,1.0
cx0.1_mut0.1,0.1,0.1,test_1,0,0,42,5.666263482206505,True,right/down,0.22984444965396095,300,54200,32.190600199988694,31.546875,1.0
cx0.1_mut0.1,0.1,0.1,test_1,0,1,43,5.144109714423538,True,right/down,0.22566282311715188,300,54200,33.044829699996626,32.765625,1.0
cx0.1_mut0.1,0.1,0.1,test_1,0,2,44,5.567530709169417,True,right/down,0.2265402779096296,300,54200,29.58986160000495,29.21875,1.0
cx0.1_mut0.1,0.1,0.1,test_1,0,3,45,4.977526090830967,True,right/down,0.2335677199038151,300,54200,31.049529999989318,30.328125,1.0
cx0.1_mut0.1,0.1,0.1,test_1,0,4,46,5.130003523032572,True,right/down,0.24924300725046947,300,54200,30.218527000004542,29.734375,1.0
cx0.1_mut0.1,0.1,0.1,test_1,0,5,47,5.840012688906394,True,right/down,0.23548155260598344,300,54200,32.07038140000077,31.515625,1.0
cx0.1_mut0.1,0.1,0.1,test_1,0,6,48,5.3735303261580105,True,right/down,0.2239878124710876,300,54200,30.402923900008318,30.140625,1.0
cx0.1_mut0.1,0.1,0.1,test_1,0,7,49,5.425229523849129,True,right/down,0.2524561891648806,300,54200,30.329199900006643,30.125,1.0
cx0.1_mut0.1,0.1,0.1,test_1,0,8,50,5.219172720786565,True,right/down,0.24419383728649333,300,54200,30.162866300001042,29.8125,1.0
cx0.1_mut0.1,0.1,0.1,test_1,0,9,51,5.468490731972736,True,right/down,0.23931132399606736,300,54200,33.0725814000034,32.484375,1.0
cx0.1_mut0.1,0.1,0.1,test_1,0,10,52,5.112850983933544,True,right/down,0.2366286895566333,300,54200,32.96241500000178,32.6875,1.0
cx0.1_mut0.1,0.1,0.1,test_1,0,11,53,5.096667409402897,True,right/down,0.19014928683629398,300,54200,34.41120960000262,34.109375,1.0
cx0.1_mut0.1,0.1,0.1,test_1,0,12,54,5.156446285341584,True,right/down,0.24057116288526662,300,54200,31.382121400005417,31.21875,1.0
cx0.1_mut0.1,0.1,0.1,test_1,0,13,55,5.485382966825316,True,right/down,0.24126395041369253,300,54200,30.99413910000294,30.796875,1.0
cx0.1_mut0.1,0.1,0.1,test_1,0,14,56,5.402938162541419,True,right/down,0.23940018218548767,300,54200,31.67288089999056,31.375,1.0
cx0.1_mut0.1,0.1,0.1,test_1,0,15,57,5.056768387168129,True,right/down,0.2395579421638236,300,54200,30.51072409999324,30.015625,1.0
cx0.1_mut0.1,0.1,0.1,test_1,0,16,58,5.795432855231939,True,right/down,0.23760448754005542,300,54200,31.333198399996036,30.78125,1.0
cx0.1_mut0.1,0.1,0.1,test_1,0,17,59,5.330974758802096,True,right/down,0.22576541319947022,300,54200,30.327804600005038,29.78125,1.0
cx0.1_mut0.1,0.1,0.1,test_1,0,18,60,4.9703485304093515,True,right/down,0.2421128342869406,300,54200,32.02164900000207,31.578125,1.0
cx0.1_mut0.1,0.1,0.1,test_1,0,19,61,5.39501037463657,True,right/down,0.21195613992018408,300,54200,29.999882099989918,29.65625,1.0
cx0.1_mut0.1,0.1,0.1,test_2,1,0,142,5.372372328172519,True,right/down,0.223313710933084,300,54200,33.3257006000058,33.015625,1.0
cx0.1_mut0.1,0.1,0.1,test_2,1,1,143,5.287487668029379,True,right/down,0.23068444706740793,300,54200,30.056910200000857,29.796875,1.0
cx0.1_mut0.1,0.1,0.1,test_2,1,2,144,5.501654505653351,True,right/down,0.25252850578321406,300,54200,31.05491190000612,30.546875,1.0
cx0.1_mut0.1,0.1,0.1,test_2,1,3,145,5.355921482420756,True,right/down,0.18427981035986402,300,54200,30.155483200011076,29.71875,1.0
cx0.1_mut0.1,0.1,0.1,test_2,1,4,146,5.081823709348307,True,right/down,0.2383672620167963,300,54200,31.399035100010224,30.75,1.0
cx0.1_mut0.1,0.1,0.1,test_2,1,5,147,5.325630337260048,True,right/down,0.20870798875227609,300,54200,33.077400399997714,32.828125,1.0
cx0.1_mut0.1,0.1,0.1,test_2,1,6,148,5.075135112373487,True,right/down,0.19361394836496137,300,54200,31.577298100004555,31.03125,1.0
cx0.1_mut0.1,0.1,0.1,test_2,1,7,149,5.694062135712921,True,right/down,0.21028681857507298,300,54200,30.637223900004756,30.15625,1.0
cx0.1_mut0.1,0.1,0.1,test_2,1,8,150,5.340774449298357,True,right/down,0.23823322213032366,300,54200,32.81438809999963,32.296875,1.0
cx0.1_mut0.1,0.1,0.1,test_2,1,9,151,5.429992891088714,True,right/down,0.2303719465886597,300,54200,31.497527600004105,30.90625,1.0
cx0.1_mut0.1,0.1,0.1,test_2,1,10,152,5.268924869823427,True,right/down,0.2139870550140564,300,54200,31.095572499994887,30.40625,1.0
cx0.1_mut0.1,0.1,0.1,test_2,1,11,153,5.305235819943913,True,right/down,0.24351890851831975,300,54200,29.358714799993322,28.890625,1.0
cx0.1_mut0.1,0.1,0.1,test_2,1,12,154,5.115524592907514,True,right/down,0.23308857907351663,300,54200,32.009619800010114,31.5625,1.0
cx0.1_mut0.1,0.1,0.1,test_2,1,13,155,5.237817754014152,True,right/down,0.23396129777608948,300,54200,31.65896200000134,31.15625,1.0
cx0.1_mut0.1,0.1,0.1,test_2,1,14,156,5.040973569154834,True,right/down,0.19943434774733004,300,54200,29.273534200008726,29.03125,1.0
cx0.1_mut0.1,0.1,0.1,test_2,1,15,157,5.133259550544103,True,right/down,0.22928509298122854,300,54200,34.255542400002014,34.046875,1.0
cx0.1_mut0.1,0.1,0.1,test_2,1,16,158,5.490831934864053,True,right/down,0.2413404679127112,300,54200,29.928088900007424,29.71875,1.0
cx0.1_mut0.1,0.1,0.1,test_2,1,17,159,5.479792473414857,True,right/down,0.20310855641514908,300,54200,31.548841600000742,31.234375,1.0
cx0.1_mut0.1,0.1,0.1,test_2,1,18,160,5.309151759554058,True,right/down,0.22382024556393262,300,54200,30.201382100000046,29.71875,1.0
cx0.1_mut0.1,0.1,0.1,test_2,1,19,161,5.418220504000729,True,right/down,0.23169873397822355,300,54200,32.742374599998584,32.296875,1.0
cx0.1_mut0.1,0.1,0.1,test_3,2,0,242,6.205666844999783,True,right/down,0.24415279583584346,300,54200,33.59481500000402,33.21875,1.0
cx0.1_mut0.1,0.1,0.1,test_3,2,1,243,5.355293698891379,True,right/down,0.24686676959645645,300,54200,30.15899310000532,29.859375,1.0
cx0.1_mut0.1,0.1,0.1,test_3,2,2,244,5.024000318397,True,right/down,0.22027222461652046,300,54200,31.760119400001713,31.5625,1.0
cx0.1_mut0.1,0.1,0.1,test_3,2,3,245,5.0564284882465,True,right/down,0.24036720844984716,300,54200,30.789723100009724,30.359375,1.0
cx0.1_mut0.1,0.1,0.1,test_3,2,4,246,5.1043981600240125,True,right/down,0.24252418150852356,300,54200,31.002371599999606,30.4375,1.0
cx0.1_mut0.1,0.1,0.1,test_3,2,5,247,4.985273326183735,True,right/down,0.25976500259182983,300,54200,33.29311930001131,32.78125,1.0
cx0.1_mut0.1,0.1,0.1,test_3,2,6,248,5.158562663694534,True,right/down,0.24564934818691014,300,54200,31.99747529999877,31.3125,1.0
cx0.1_mut0.1,0.1,0.1,test_3,2,7,249,5.125942971006991,True,right/down,0.23386325734462163,300,54200,29.145599600000423,28.703125,1.0
cx0.1_mut0.1,0.1,0.1,test_3,2,8,250,5.3555352134652185,True,right/down,0.2410189306154136,300,54200,31.48061859999143,31.34375,1.0
cx0.1_mut0.1,0.1,0.1,test_3,2,9,251,5.468015066998609,True,right/down,0.22443302949875543,300,54200,30.522149500000523,30.140625,1.0
cx0.1_mut0.1,0.1,0.1,test_3,2,10,252,5.276784535600638,True,right/down,0.2383101070604699,300,54200,30.704248499998357,30.375,1.0
cx0.1_mut0.1,0.1,0.1,test_3,2,11,253,4.866663404031597,True,right/down,0.2496535828985371,300,54200,32.08966539999528,31.640625,1.0
cx0.1_mut0.1,0.1,0.1,test_3,2,12,254,4.962299842278243,True,right/down,0.24403514321104913,300,54200,31.32816190000449,30.890625,1.0
cx0.1_mut0.1,0.1,0.1,test_3,2,13,255,5.029200537394903,True,right/down,0.2690951239976828,300,54200,30.539501899998868,29.90625,1.0
cx0.1_mut0.1,0.1,0.1,test_3,2,14,256,5.212221141586835,True,right/down,0.239083552790864,300,54200,32.59486870000546,32.28125,1.0
cx0.1_mut0.1,0.1,0.1,test_3,2,15,257,5.101967695460125,True,right/down,0.22981256906855627,300,54200,28.020581299992045,27.734375,1.0
cx0.1_mut0.1,0.1,0.1,test_3,2,16,258,4.902074851267013,True,right/down,0.24509471028455668,300,54200,31.294149199995445,30.953125,1.0
cx0.1_mut0.1,0.1,0.1,test_3,2,17,259,5.034749981958976,True,right/down,0.2006178416716387,300,54200,29.182957199998782,28.78125,1.0
cx0.1_mut0.1,0.1,0.1,test_3,2,18,260,4.944238095865295,True,right/down,0.24791052751902562,300,54200,31.683899700001348,31.078125,1.0
cx0.1_mut0.1,0.1,0.1,test_3,2,19,261,5.130867139711169,True,right/down,0.21712971315121596,300,54200,34.18623930000467,33.578125,1.0
cx0.1_mut0.1,0.1,0.1,test_4,3,0,342,5.029891415217203,True,right/down,0.2322152499697958,300,54200,30.628633799991803,30.203125,1.0
cx0.1_mut0.1,0.1,0.1,test_4,3,1,343,5.104265370400093,True,right/down,0.2577176427207008,300,54200,30.882794499993906,30.40625,1.0
cx0.1_mut0.1,0.1,0.1,test_4,3,2,344,5.255411701359926,True,right/down,0.25125961123927654,300,54200,29.937233799995738,29.625,1.0
cx0.1_mut0.1,0.1,0.1,test_4,3,3,345,4.99441884089728,True,right/down,0.23595473935780956,300,54200,32.26719569999841,31.84375,1.0
cx0.1_mut0.1,0.1,0.1,test_4,3,4,346,5.2810945559063,True,right/down,0.23080849146598284,300,54200,30.347258499998134,29.96875,1.0
cx0.1_mut0.1,0.1,0.1,test_4,3,5,347,5.590523617255106,True,right/down,0.22734861907223844,300,54200,31.63692920000176,31.203125,1.0
cx0.1_mut0.1,0.1,0.1,test_4,3,6,348,5.331461541008229,True,right/down,0.2709239965695539,300,54200,30.12476579999202,29.859375,1.0
cx0.1_mut0.1,0.1,0.1,test_4,3,7,349,5.247476150730176,True,right/down,0.22515181316608995,300,54200,30.036893800002872,29.859375,1.0
cx0.1_mut0.1,0.1,0.1,test_4,3,8,350,5.552068499275808,True,right/down,0.23385342322517041,300,54200,31.072645599997486,30.875,1.0
cx0.1_mut0.1,0.1,0.1,test_4,3,9,351,4.922916626016594,True,right/down,0.2343450993536712,300,54200,30.840116100007435,30.640625,1.0
cx0.1_mut0.1,0.1,0.1,test_4,3,10,352,5.462343916894236,True,right/down,0.2511032239965461,300,54200,32.57218020000437,32.328125,1.0
cx0.1_mut0.1,0.1,0.1,test_4,3,11,353,4.916354333385135,True,right/down,0.23615408924622378,300,54200,31.329457900006673,31.125,1.0
cx0.1_mut0.1,0.1,0.1,test_4,3,12,354,5.213312007257002,True,right/down,0.23615596356129076,300,54200,29.118629399992642,28.765625,1.0
cx0.1_mut0.1,0.1,0.1,test_4,3,13,355,5.0082572404984,True,right/down,0.23515244081016975,300,54200,31.07227889999922,30.53125,1.0
cx0.1_mut0.1,0.1,0.1,test_4,3,14,356,5.021221325517493,True,right/down,0.24596546505170425,300,54200,31.611908999999287,31.015625,1.0
cx0.1_mut0.1,0.1,0.1,test_4,3,15,357,5.391240345721737,True,right/down,0.25293715005952905,300,54200,36.22148069999821,35.75,1.0
cx0.1_mut0.1,0.1,0.1,test_4,3,16,358,5.003134222023087,True,right/down,0.2262937840925423,300,54200,34.104957600007765,33.46875,1.0
cx0.1_mut0.1,0.1,0.1,test_4,3,17,359,5.134906545615593,True,right/down,0.240839269081997,300,54200,34.18347360000189,33.609375,1.0
cx0.1_mut0.1,0.1,0.1,test_4,3,18,360,5.161570565087414,True,right/down,0.26121923941661285,300,54200,31.1370137000049,30.25,1.0
cx0.1_mut0.1,0.1,0.1,test_4,3,19,361,5.29187011046548,True,right/down,0.20900651497026393,300,54200,31.078907399991294,30.65625,1.0
cx0.1_mut0.1,0.1,0.1,test_5,4,0,442,5.454723161940464,True,right/down,0.21162624781119313,300,54200,35.34036539999943,34.953125,1.0
cx0.1_mut0.1,0.1,0.1,test_5,4,1,443,5.267874440384102,True,right/down,0.25258985746765245,300,54200,35.24719280000136,34.75,1.0
cx0.1_mut0.1,0.1,0.1,test_5,4,2,444,5.204592173227281,True,right/down,0.2403570986299386,300,54200,33.26229690000764,33.09375,1.0
cx0.1_mut0.1,0.1,0.1,test_5,4,3,445,5.307370590454947,True,right/down,0.23295904166856232,300,54200,30.143114400008926,30.0,1.0
cx0.1_mut0.1,0.1,0.1,test_5,4,4,446,5.220387002821735,True,right/down,0.2424436609002765,300,54200,31.27990029999637,31.078125,1.0
cx0.1_mut0.1,0.1,0.1,test_5,4,5,447,5.4768826406322155,True,right/down,0.21169925539984988,300,54200,33.52044890000252,32.5,1.0
cx0.1_mut0.1,0.1,0.1,test_5,4,6,448,5.334023594426805,True,right/down,0.22465769245073713,300,54200,34.44966140000906,33.625,1.0
cx0.1_mut0.1,0.1,0.1,test_5,4,7,449,5.066647414061842,True,right/down,0.2419069652479144,300,54200,32.430605500005186,31.6875,1.0
cx0.1_mut0.1,0.1,0.1,test_5,4,8,450,5.222480004167286,True,right/down,0.2208744269582277,300,54200,35.94494610000402,35.046875,1.0
cx0.1_mut0.1,0.1,0.1,test_5,4,9,451,5.3580224637280285,True,right/down,0.24479866557850477,300,54200,35.323466000001645,34.640625,1.0
cx0.1_mut0.1,0.1,0.1,test_5,4,10,452,5.24383802855951,True,right/down,0.21914413470363814,300,54200,36.79488549999951,36.140625,1.0
cx0.1_mut0.1,0.1,0.1,test_5,4,11,453,5.043321575709452,True,right/down,0.24756987042662523,300,54200,37.012484700011555,36.484375,1.0
cx0.1_mut0.1,0.1,0.1,test_5,4,12,454,5.15545663155795,True,right/down,0.25428397660052654,300,54200,36.77132210000127,36.4375,1.0
cx0.1_mut0.1,0.1,0.1,test_5,4,13,455,5.329513753719443,True,right/down,0.20910700263898013,300,54200,35.8342951000086,35.53125,1.0
cx0.1_mut0.1,0.1,0.1,test_5,4,14,456,5.337445872977579,True,right/down,0.2512322559579853,300,54200,33.607296999995015,33.1875,1.0
cx0.1_mut0.1,0.1,0.1,test_5,4,15,457,5.238306137079669,True,right/down,0.2324091448194189,300,54200,33.22671649999393,32.9375,1.0
cx0.1_mut0.1,0.1,0.1,test_5,4,16,458,5.261764074339764,True,right/down,0.23767250621535,300,54200,33.506644699999015,33.25,1.0
cx0.1_mut0.1,0.1,0.1,test_5,4,17,459,5.613616542325267,True,right/down,0.23384272367576595,300,54200,33.61935310000263,33.328125,1.0
cx0.1_mut0.1,0.1,0.1,test_5,4,18,460,5.298590652463004,True,right/down,0.24485069233519316,300,54200,35.64132569999492,34.1875,1.0
cx0.1_mut0.1,0.1,0.1,test_5,4,19,461,5.2106253540193475,True,right/down,0.23537957204087834,300,54200,30.904997600009665,30.265625,1.0
cx0.1_mut0.1,0.1,0.1,test_6,5,0,542,6.053083502799123,True,right/down,0.2381282663528695,300,54200,30.909705400001258,30.359375,1.0
cx0.1_mut0.1,0.1,0.1,test_6,5,1,543,5.441171997370233,True,right/down,0.21375747276065873,300,54200,36.191525000002,35.171875,1.0
cx0.1_mut0.1,0.1,0.1,test_6,5,2,544,5.587922467992954,True,right/down,0.22931231237858923,300,54200,35.6178598000115,34.921875,1.0
cx0.1_mut0.1,0.1,0.1,test_6,5,3,545,5.625870408242002,True,right/down,0.24431337935515238,300,54200,35.305755200010026,35.03125,1.0
cx0.1_mut0.1,0.1,0.1,test_6,5,4,546,5.506380214195774,True,right/down,0.23969035915639256,300,54200,31.29867030000605,31.140625,1.0
cx0.1_mut0.1,0.1,0.1,test_6,5,5,547,5.327416185272755,True,right/down,0.22849653468313758,300,54200,33.198772899995674,32.703125,1.0
cx0.1_mut0.1,0.1,0.1,test_6,5,6,548,5.541349100063796,True,right/down,0.2310230637933319,300,54200,31.647014500005753,31.328125,1.0
cx0.1_mut0.1,0.1,0.1,test_6,5,7,549,5.7137915699331,True,right/down,0.22434877201786527,300,54200,35.51186159999634,34.90625,1.0
cx0.1_mut0.1,0.1,0.1,test_6,5,8,550,5.415013884757764,True,right/down,0.2332627136787716,300,54200,34.25517459999537,33.796875,1.0
cx0.1_mut0.1,0.1,0.1,test_6,5,9,551,5.246400454552516,True,right/down,0.2264155908635996,300,54200,34.661143999997876,34.4375,1.0
cx0.1_mut0.1,0.1,0.1,test_6,5,10,552,5.589223458129623,True,right/down,0.2031650717441024,300,54200,33.02762779999466,32.515625,1.0
cx0.1_mut0.1,0.1,0.1,test_6,5,11,553,5.32313553591821,True,right/down,0.20877141794507917,300,54200,34.18866580000031,33.859375,1.0
cx0.1_mut0.1,0.1,0.1,test_6,5,12,554,5.364047623637497,True,right/down,0.24530357311930293,300,54200,33.938799800002016,33.078125,1.0
cx0.1_mut0.1,0.1,0.1,test_6,5,13,555,5.577239465885605,True,right/down,0.25039641944998203,300,54200,34.17610880000575,33.6875,1.0
cx0.1_mut0.1,0.1,0.1,test_6,5,14,556,5.577757342625241,True,right/down,0.22092165474662004,300,54200,32.39805859999615,31.921875,1.0
cx0.1_mut0.1,0.1,0.1,test_6,5,15,557,5.524660506825673,True,right/down,0.21471093738661445,300,54200,33.05602759998874,32.84375,1.0
cx0.1_mut0.1,0.1,0.1,test_6,5,16,558,5.424121929009522,True,right/down,0.22462260605886647,300,54200,32.85721190000186,32.671875,1.0
cx0.1_mut0.1,0.1,0.1,test_6,5,17,559,5.242967651713782,True,right/down,0.22335305701494418,300,54200,29.561520500006736,29.328125,1.0
cx0.1_mut0.1,0.1,0.1,test_6,5,18,560,5.607705264508635,True,right/down,0.2385549158129767,300,54200,34.1072775000066,33.53125,1.0
cx0.1_mut0.1,0.1,0.1,test_6,5,19,561,5.349958620570586,True,right/down,0.2502282531448119,300,54200,33.4704716999986,33.1875,1.0
cx0.1_mut0.1,0.1,0.1,test_7,6,0,642,5.076354592053063,True,right/down,0.23581010791420295,300,54200,36.174337600008585,35.953125,1.0
cx0.1_mut0.1,0.1,0.1,test_7,6,1,643,5.343537633267397,True,right/down,0.26331277855850826,300,54200,33.68852759999572,33.328125,1.0
cx0.1_mut0.1,0.1,0.1,test_7,6,2,644,5.155085118738335,True,right/down,0.22680944451624432,300,54200,35.86526099999901,35.65625,1.0
cx0.1_mut0.1,0.1,0.1,test_7,6,3,645,5.026862340187395,True,right/down,0.19107689338663775,300,54200,32.62096040000324,32.203125,1.0
cx0.1_mut0.1,0.1,0.1,test_7,6,4,646,4.960424578207926,True,right/down,0.24297873928872765,300,54200,31.507107099998393,31.109375,1.0
cx0.1_mut0.1,0.1,0.1,test_7,6,5,647,5.650708790840659,True,right/down,0.22806173350521447,300,54200,36.332016000000294,36.09375,1.0
cx0.1_mut0.1,0.1,0.1,test_7,6,6,648,5.003506146932363,True,right/down,0.2318388783004091,300,54200,36.180022999993525,35.65625,1.0
cx0.1_mut0.1,0.1,0.1,test_7,6,7,649,5.268321193177272,True,right/down,0.2370495840467713,300,54200,32.431354999993346,32.140625,1.0
cx0.1_mut0.1,0.1,0.1,test_7,6,8,650,5.4024913262134895,True,right/down,0.24946800369297054,300,54200,33.16527640000277,32.734375,1.0
cx0.1_mut0.1,0.1,0.1,test_7,6,9,651,4.996855746028692,True,right/down,0.26214558954039824,300,54200,34.112086799999815,33.78125,1.0
cx0.1_mut0.1,0.1,0.1,test_7,6,10,652,5.088420462835472,True,right/down,0.2706916577259837,300,54200,34.71589980000863,34.34375,1.0
cx0.1_mut0.1,0.1,0.1,test_7,6,11,653,5.079521518492694,True,right/down,0.23239315991821352,300,54200,37.20084849999694,36.65625,1.0
cx0.1_mut0.1,0.1,0.1,test_7,6,12,654,5.353081338261752,True,right/down,0.24044335217716276,300,54200,32.90183810000599,32.65625,1.0
cx0.1_mut0.1,0.1,0.1,test_7,6,13,655,5.763941556879501,True,right/down,0.24621090120659467,300,54200,34.09461260000535,33.734375,1.0
cx0.1_mut0.1,0.1,0.1,test_7,6,14,656,5.558497764379268,True,right/down,0.2683576855154162,300,54200,32.53491650000797,32.328125,1.0
cx0.1_mut0.1,0.1,0.1,test_7,6,15,657,5.020091088736271,True,right/down,0.24939363265603004,300,54200,31.921760799988988,31.71875,1.0
cx0.1_mut0.1,0.1,0.1,test_7,6,16,658,5.0301243224748875,True,right/down,0.23606790922324927,300,54200,34.20500999999058,33.625,1.0
cx0.1_mut0.1,0.1,0.1,test_7,6,17,659,5.9468864907457615,True,right/down,0.2716481982532149,300,54200,35.44645820000733,35.125,1.0
cx0.1_mut0.1,0.1,0.1,test_7,6,18,660,5.018481569485683,True,right/down,0.20566552530521573,300,54200,37.93631949998962,37.328125,1.0
cx0.1_mut0.1,0.1,0.1,test_7,6,19,661,5.213007303762062,True,right/down,0.2123604442228801,300,54200,34.59155320000718,33.90625,1.0
cx0.1_mut0.1,0.1,0.1,test_8,7,0,742,5.208745974916399,True,right/down,0.214556674034261,300,54200,36.14427829999477,35.5,1.0
cx0.1_mut0.1,0.1,0.1,test_8,7,1,743,5.267204335258239,True,right/down,0.21977881362022075,300,54200,33.46431290000328,32.703125,1.0
cx0.1_mut0.1,0.1,0.1,test_8,7,2,744,5.059074665994151,True,right/down,0.19652805405053628,300,54200,34.76593609999691,34.359375,1.0
cx0.1_mut0.1,0.1,0.1,test_8,7,3,745,5.227738691036448,True,right/down,0.22859225801850286,300,54200,34.73053559999971,33.703125,1.0
cx0.1_mut0.1,0.1,0.1,test_8,7,4,746,5.4928779596141135,True,right/down,0.2173002227949911,300,54200,33.68522200000007,33.28125,1.0
cx0.1_mut0.1,0.1,0.1,test_8,7,5,747,6.026539604284255,True,right/down,0.21458671148629133,300,54200,34.209532499997295,34.0625,1.0
cx0.1_mut0.1,0.1,0.1,test_8,7,6,748,4.967916774494537,True,right/down,0.24264305314710902,300,54200,33.71656709999661,33.390625,1.0
cx0.1_mut0.1,0.1,0.1,test_8,7,7,749,5.5211841530864625,True,right/down,0.24445396234181804,300,54200,34.38718630000949,34.21875,1.0
cx0.1_mut0.1,0.1,0.1,test_8,7,8,750,5.171151825010798,True,right/down,0.24457456406677036,300,54200,31.526727399992524,31.234375,1.0
cx0.1_mut0.1,0.1,0.1,test_8,7,9,751,5.259619606948027,True,right/down,0.2533658309570313,300,54200,36.9316431999905,36.796875,1.0
cx0.1_mut0.1,0.1,0.1,test_8,7,10,752,5.162623238998107,True,right/down,0.25899614964348705,300,54200,35.47434309999517,35.078125,1.0
cx0.1_mut0.1,0.1,0.1,test_8,7,11,753,5.5209690148380695,True,right/down,0.23211012542616366,300,54200,35.35847949999152,34.71875,1.0
cx0.1_mut0.1,0.1,0.1,test_8,7,12,754,4.8619956936152935,True,right/down,0.24902165448652422,300,54200,34.73446020000847,34.25,1.0
cx0.1_mut0.1,0.1,0.1,test_8,7,13,755,4.901411306014568,True,right/down,0.255183657027812,300,54200,32.032053000002634,31.578125,1.0
cx0.1_mut0.1,0.1,0.1,test_8,7,14,756,6.095043473426602,True,right/down,0.26366149762980695,300,54200,32.14710159999959,31.4375,1.0
cx0.1_mut0.1,0.1,0.1,test_8,7,15,757,5.075879774474139,True,right/down,0.22099219515177876,300,54200,35.13700719999906,34.6875,1.0
cx0.1_mut0.1,0.1,0.1,test_8,7,16,758,4.758952679518135,True,right/down,0.2469765245378508,300,54200,34.42521149999811,34.1875,1.0
cx0.1_mut0.1,0.1,0.1,test_8,7,17,759,4.996211769002677,True,right/down,0.22090008421229212,300,54200,31.904923499998404,31.640625,1.0
cx0.1_mut0.1,0.1,0.1,test_8,7,18,760,5.972574457068597,True,right/down,0.2602068763799546,300,54200,32.68410880000738,32.53125,1.0
cx0.1_mut0.1,0.1,0.1,test_8,7,19,761,5.102924828694337,True,right/down,0.2181043191282939,300,54200,35.29680820000067,35.078125,1.0
cx0.1_mut0.1,0.1,0.1,test_9,8,0,842,5.390954584812621,True,right/down,0.22377819502766966,300,54200,36.784753499989165,36.578125,1.0
cx0.1_mut0.1,0.1,0.1,test_9,8,1,843,5.2186909476539105,True,right/down,0.2053351799522457,300,54200,35.59970810000959,35.140625,1.0
cx0.1_mut0.1,0.1,0.1,test_9,8,2,844,5.262837212235155,True,right/down,0.24583130355596494,300,54200,32.18306870000379,31.90625,1.0
cx0.1_mut0.1,0.1,0.1,test_9,8,3,845,5.359076342443716,True,right/down,0.2278191683810804,300,54200,35.583468800003175,35.375,1.0
cx0.1_mut0.1,0.1,0.1,test_9,8,4,846,5.6795956028185675,True,right/down,0.22568968310388762,300,54200,32.360883000001195,31.59375,1.0
cx0.1_mut0.1,0.1,0.1,test_9,8,5,847,5.441360008901387,True,right/down,0.22596627716357495,300,54200,34.13938439999765,33.78125,1.0
cx0.1_mut0.1,0.1,0.1,test_9,8,6,848,5.447827937350503,True,right/down,0.2264762366687558,300,54200,34.62636590001057,33.890625,1.0
cx0.1_mut0.1,0.1,0.1,test_9,8,7,849,5.709694790708729,True,right/down,0.23813266089600543,300,54200,33.388488399999915,32.78125,1.0
cx0.1_mut0.1,0.1,0.1,test_9,8,8,850,5.316246387187778,True,right/down,0.22114106941245,300,54200,31.773512800005847,31.15625,1.0
cx0.1_mut0.1,0.1,0.1,test_9,8,9,851,5.199404970242424,True,right/down,0.25677223337570243,300,54200,34.89829090000421,34.375,1.0
cx0.1_mut0.1,0.1,0.1,test_9,8,10,852,5.030746019833064,True,right/down,0.21601607355665153,300,54200,33.363584099992295,33.0625,1.0
cx0.1_mut0.1,0.1,0.1,test_9,8,11,853,5.337009807742323,True,right/down,0.22925462490312332,300,54200,34.27503509999951,33.46875,1.0
cx0.1_mut0.1,0.1,0.1,test_9,8,12,854,5.331941535563496,True,right/down,0.22864815220324175,300,54200,33.98427000000083,33.78125,1.0
cx0.1_mut0.1,0.1,0.1,test_9,8,13,855,5.707762023527678,True,right/down,0.22625893270579103,300,54200,33.127905200002715,32.71875,1.0
cx0.1_mut0.1,0.1,0.1,test_9,8,14,856,5.2239644623517165,True,right/down,0.23033281492734747,300,54200,34.28737330000149,34.0,1.0
cx0.1_mut0.1,0.1,0.1,test_9,8,15,857,5.408734896704853,True,right/down,0.22529346525116928,300,54200,35.692736400000285,35.375,1.0
cx0.1_mut0.1,0.1,0.1,test_9,8,16,858,5.393683422801221,True,right/down,0.20687632848852602,300,54200,34.268984599999385,34.09375,1.0
cx0.1_mut0.1,0.1,0.1,test_9,8,17,859,5.2265335704645555,True,right/down,0.20213289141344054,300,54200,35.31946689999313,34.796875,1.0
cx0.1_mut0.1,0.1,0.1,test_9,8,18,860,5.719946092588662,True,right/down,0.2363575705639223,300,54200,31.55675030000566,31.203125,1.0
cx0.1_mut0.1,0.1,0.1,test_9,8,19,861,5.2307584152880775,True,right/down,0.22549538648088266,300,54200,35.56649209999887,35.109375,1.0
cx0.1_mut0.1,0.1,0.1,test_10,9,0,942,5.415054870747089,True,right/down,0.22939621786215286,300,54200,33.05444160000479,32.390625,1.0
cx0.1_mut0.1,0.1,0.1,test_10,9,1,943,5.305636888235206,True,right/down,0.21557677245982923,300,54200,35.277936399987084,34.8125,1.0
cx0.1_mut0.1,0.1,0.1,test_10,9,2,944,5.714500551962603,True,right/down,0.21276875606716028,300,54200,35.25420700000541,34.640625,1.0
cx0.1_mut0.1,0.1,0.1,test_10,9,3,945,5.3194268602985355,True,right/down,0.22227038746162844,300,54200,33.941949200001545,33.34375,1.0
cx0.1_mut0.1,0.1,0.1,test_10,9,4,946,5.3100215762093,True,right/down,0.18221292484742288,300,54200,33.75118060001114,33.5,1.0
cx0.1_mut0.1,0.1,0.1,test_10,9,5,947,5.501298838854476,True,right/down,0.20737477913411434,300,54200,34.41642129998945,34.203125,1.0
cx0.1_mut0.1,0.1,0.1,test_10,9,6,948,5.495859251638752,True,right/down,0.2305534136364163,300,54200,30.85634100000607,30.546875,1.0
cx0.1_mut0.1,0.1,0.1,test_10,9,7,949,5.383425929447609,True,right/down,0.19115671764968734,300,54200,35.19586199999321,34.515625,1.0
cx0.1_mut0.1,0.1,0.1,test_10,9,8,950,5.576758187200734,True,right/down,0.22635465659990187,300,54200,32.104930299989064,31.703125,1.0
cx0.1_mut0.1,0.1,0.1,test_10,9,9,951,5.298789000982637,True,right/down,0.24036503726621755,300,54200,38.169519899995066,37.796875,1.0
cx0.1_mut0.1,0.1,0.1,test_10,9,10,952,5.378405735946252,True,right/down,0.23857899600313098,300,54200,33.637071800010744,33.4375,1.0
cx0.1_mut0.1,0.1,0.1,test_10,9,11,953,5.286485331122048,True,right/down,0.22064119733002813,300,54200,35.0139199999976,34.828125,1.0
cx0.1_mut0.1,0.1,0.1,test_10,9,12,954,5.261310287750944,True,right/down,0.24879852837322705,300,54200,33.420394400003715,32.859375,1.0
cx0.1_mut0.1,0.1,0.1,test_10,9,13,955,5.380560326820303,True,right/down,0.20567484156998778,300,54200,35.64621979999356,35.140625,1.0
cx0.1_mut0.1,0.1,0.1,test_10,9,14,956,5.543672440754453,True,right/down,0.2322470938228437,300,54200,33.803367600005004,33.1875,1.0
cx0.1_mut0.1,0.1,0.1,test_10,9,15,957,5.54596177444901,True,right/down,0.18876676590885308,300,54200,32.63036700000521,32.0625,1.0
cx0.1_mut0.1,0.1,0.1,test_10,9,16,958,5.238201883011169,True,right/down,0.22902673080207644,300,54200,33.84973269999318,33.28125,1.0
cx0.1_mut0.1,0.1,0.1,test_10,9,17,959,5.377087714997034,True,right/down,0.22067484398554613,300,54200,32.380643200012855,32.03125,1.0
cx0.1_mut0.1,0.1,0.1,test_10,9,18,960,5.202767028839135,True,right/down,0.23176702820383774,300,54200,32.02608500000497,31.796875,1.0
cx0.1_mut0.1,0.1,0.1,test_10,9,19,961,5.645190778619942,True,right/down,0.2211069973244513,300,54200,34.93856439999945,34.734375,1.0
cx0.1_mut0.2,0.1,0.2,test_1,0,0,42,5.483314762967794,True,right/down,0.22461954599514153,300,54200,21.07266149998759,20.765625,1.0
cx0.1_mut0.2,0.1,0.2,test_1,0,1,43,5.373867233284029,True,right/down,0.22742230378023187,300,54200,23.331312800000887,23.09375,1.0
cx0.1_mut0.2,0.1,0.2,test_1,0,2,44,5.078546626866465,True,right/down,0.2197286180135622,300,54200,23.342313600005582,23.015625,1.0
cx0.1_mut0.2,0.1,0.2,test_1,0,3,45,6.1617676011291715,True,right/down,0.2537779891695349,300,54200,25.142322200001217,24.625,1.0
cx0.1_mut0.2,0.1,0.2,test_1,0,4,46,5.208850529621759,True,right/down,0.23935626824181605,300,54200,24.371133599997847,23.96875,1.0
cx0.1_mut0.2,0.1,0.2,test_1,0,5,47,5.552704297665372,True,right/down,0.21078738625808094,300,54200,22.0936772999994,21.5,1.0
cx0.1_mut0.2,0.1,0.2,test_1,0,6,48,5.2848068428816575,True,right/down,0.23393656958264178,300,54200,22.925453800009564,22.671875,1.0
cx0.1_mut0.2,0.1,0.2,test_1,0,7,49,5.10154537583311,True,right/down,0.23742280106646227,300,54200,25.32995369999844,25.171875,1.0
cx0.1_mut0.2,0.1,0.2,test_1,0,8,50,5.126578161137135,True,right/down,0.22854066479858834,300,54200,22.2011230999924,22.0,1.0
cx0.1_mut0.2,0.1,0.2,test_1,0,9,51,5.155276590318458,True,right/down,0.24466187473406095,300,54200,22.90015110000968,22.546875,1.0
cx0.1_mut0.2,0.1,0.2,test_1,0,10,52,5.324312225017204,True,right/down,0.23867201054435408,300,54200,25.30988879999495,25.140625,1.0
cx0.1_mut0.2,0.1,0.2,test_1,0,11,53,5.107396537206494,True,right/down,0.21830038666433935,300,54200,22.41897450000397,22.34375,1.0
cx0.1_mut0.2,0.1,0.2,test_1,0,12,54,4.961090693532381,True,right/down,0.24381976791071153,300,54200,23.14646889999858,22.984375,1.0
cx0.1_mut0.2,0.1,0.2,test_1,0,13,55,5.2417530054861645,True,right/down,0.21357685409226013,300,54200,23.324620700004743,23.171875,1.0
cx0.1_mut0.2,0.1,0.2,test_1,0,14,56,5.114657249148608,True,right/down,0.23738014360821505,300,54200,22.86411280000175,22.703125,1.0
cx0.1_mut0.2,0.1,0.2,test_1,0,15,57,5.143735669873748,True,right/down,0.19371499320887586,300,54200,23.68829020000703,23.3125,1.0
cx0.1_mut0.2,0.1,0.2,test_1,0,16,58,5.678568168478285,True,right/down,0.2233782367739737,300,54200,22.342242999991868,21.953125,1.0
cx0.1_mut0.2,0.1,0.2,test_1,0,17,59,5.227266517795817,True,right/down,0.24048324545811006,300,54200,24.09658080000372,23.6875,1.0
cx0.1_mut0.2,0.1,0.2,test_1,0,18,60,5.247664142422414,True,right/down,0.21800641716899433,300,54200,22.52516689999902,22.125,1.0
cx0.1_mut0.2,0.1,0.2,test_1,0,19,61,5.160394485815193,True,right/down,0.23561506749486139,300,54200,23.875160499999765,23.546875,1.0
cx0.1_mut0.2,0.1,0.2,test_2,1,0,142,5.428589521884724,True,right/down,0.22531855289939878,300,54200,22.055243199996767,21.90625,1.0
cx0.1_mut0.2,0.1,0.2,test_2,1,1,143,5.25174311750263,True,right/down,0.24108134176730775,300,54200,22.499493600000278,22.359375,1.0
cx0.1_mut0.2,0.1,0.2,test_2,1,2,144,5.102975555227248,True,right/down,0.224214947124725,300,54200,22.482613399988622,22.28125,1.0
cx0.1_mut0.2,0.1,0.2,test_2,1,3,145,5.183689125885528,True,right/down,0.21633238285111475,300,54200,24.132476900005713,23.765625,1.0
cx0.1_mut0.2,0.1,0.2,test_2,1,4,146,5.243535121482223,True,right/down,0.23841476986776905,300,54200,24.094699399996898,23.421875,1.0
cx0.1_mut0.2,0.1,0.2,test_2,1,5,147,5.232069185918826,True,right/down,0.19243700562214097,300,54200,21.823359399990295,21.703125,1.0
cx0.1_mut0.2,0.1,0.2,test_2,1,6,148,5.194150835800768,True,right/down,0.23445505631855243,300,54200,23.46318780000729,23.09375,1.0
cx0.1_mut0.2,0.1,0.2,test_2,1,7,149,5.564265995621579,True,right/down,0.2109844483605105,300,54200,23.13908090000041,22.671875,1.0
cx0.1_mut0.2,0.1,0.2,test_2,1,8,150,5.229209103059118,True,right/down,0.22485649531717666,300,54200,22.7846092999971,22.328125,1.0
cx0.1_mut0.2,0.1,0.2,test_2,1,9,151,5.356307362305805,True,right/down,0.22197164129566704,300,54200,23.35070480000286,23.03125,1.0
cx0.1_mut0.2,0.1,0.2,test_2,1,10,152,5.165613424411074,True,right/down,0.22505575887535284,300,54200,23.818230500008212,23.296875,1.0
cx0.1_mut0.2,0.1,0.2,test_2,1,11,153,5.071624057412449,True,right/down,0.20936585529419635,300,54200,23.509162799993646,23.109375,1.0
cx0.1_mut0.2,0.1,0.2,test_2,1,12,154,5.451776156034146,True,right/down,0.19368830881174867,300,54200,22.592277699994156,22.171875,1.0
cx0.1_mut0.2,0.1,0.2,test_2,1,13,155,5.245817370349329,True,right/down,0.1918768567223084,300,54200,22.010250600011204,21.828125,1.0
cx0.1_mut0.2,0.1,0.2,test_2,1,14,156,5.0785812595766195,True,right/down,0.1902975412332933,300,54200,21.66373860000749,21.5,1.0
cx0.1_mut0.2,0.1,0.2,test_2,1,15,157,5.056402763468316,True,right/down,0.19293772938095702,300,54200,23.047965700010536,22.78125,1.0
cx0.1_mut0.2,0.1,0.2,test_2,1,16,158,5.177552280546261,True,right/down,0.2123217350470333,300,54200,22.751422200002708,22.609375,1.0
cx0.1_mut0.2,0.1,0.2,test_2,1,17,159,5.301928908411052,True,right/down,0.20761371859775363,300,54200,23.757241500003147,23.703125,1.0
cx0.1_mut0.2,0.1,0.2,test_2,1,18,160,5.385184403494179,True,right/down,0.23674371258654334,300,54200,21.983285000009346,21.625,1.0
cx0.1_mut0.2,0.1,0.2,test_2,1,19,161,5.419113964904913,True,right/down,0.22909406974889338,300,54200,23.965930500009563,23.640625,1.0
cx0.1_mut0.2,0.1,0.2,test_3,2,0,242,5.305198351070709,True,right/down,0.2644664220303754,300,54200,23.198410600001807,22.9375,1.0
cx0.1_mut0.2,0.1,0.2,test_3,2,1,243,5.214641967540419,True,right/down,0.25559503590224175,300,54200,24.003082199997152,23.75,1.0
cx0.1_mut0.2,0.1,0.2,test_3,2,2,244,5.001498983801463,True,right/down,0.20282181630376434,300,54200,22.74719539999205,22.609375,1.0
cx0.1_mut0.2,0.1,0.2,test_3,2,3,245,5.22031327101683,True,right/down,0.20431869177914008,300,54200,23.935753999990993,23.671875,1.0
cx0.1_mut0.2,0.1,0.2,test_3,2,4,246,5.082180277360203,True,right/down,0.23464866793767467,300,54200,24.57002480000665,24.171875,1.0
cx0.1_mut0.2,0.1,0.2,test_3,2,5,247,5.116736410599197,True,right/down,0.25645568437332183,300,54200,21.967484299995704,21.609375,1.0
cx0.1_mut0.2,0.1,0.2,test_3,2,6,248,5.794065117391913,True,right/down,0.2573851216681478,300,54200,23.627576399987447,23.203125,1.0
cx0.1_mut0.2,0.1,0.2,test_3,2,7,249,4.9892496113591775,True,right/down,0.24465056726851928,300,54200,22.82081360000302,22.515625,1.0
cx0.1_mut0.2,0.1,0.2,test_3,2,8,250,5.2357858718201715,True,right/down,0.19281324303821282,300,54200,23.60022070001287,23.484375,1.0
cx0.1_mut0.2,0.1,0.2,test_3,2,9,251,5.303411814312035,True,right/down,0.23702733012967767,300,54200,22.3971276999946,22.078125,1.0
cx0.1_mut0.2,0.1,0.2,test_3,2,10,252,5.04450988277574,True,right/down,0.20712297906013666,300,54200,23.656771399997524,23.484375,1.0
cx0.1_mut0.2,0.1,0.2,test_3,2,11,253,5.296024625141453,True,right/down,0.25864292269009115,300,54200,21.785423399996944,21.46875,1.0
cx0.1_mut0.2,0.1,0.2,test_3,2,12,254,4.984232862470787,True,right/down,0.24273930455590162,300,54200,24.92991360000451,24.703125,1.0
cx0.1_mut0.2,0.1,0.2,test_3,2,13,255,4.96525094365222,True,right/down,0.2517743475003385,300,54200,23.04996800000663,22.75,1.0
cx0.1_mut0.2,0.1,0.2,test_3,2,14,256,5.03332051936451,True,right/down,0.26767299952193946,300,54200,22.614770699990913,22.515625,1.0
cx0.1_mut0.2,0.1,0.2,test_3,2,15,257,5.074889578620308,True,right/down,0.22251168067062543,300,54200,24.65469949999533,24.453125,1.0
cx0.1_mut0.2,0.1,0.2,test_3,2,16,258,5.116632135685746,True,right/down,0.21825204570258505,300,54200,21.621367700005067,21.390625,1.0
cx0.1_mut0.2,0.1,0.2,test_3,2,17,259,4.993972425007822,True,right/down,0.2581143377915652,300,54200,23.204671799991047,22.9375,1.0
cx0.1_mut0.2,0.1,0.2,test_3,2,18,260,5.055215041846427,True,right/down,0.24061922125670263,300,54200,21.077498099999502,20.8125,1.0
cx0.1_mut0.2,0.1,0.2,test_3,2,19,261,6.120109609880255,True,right/down,0.2197696939111213,300,54200,24.476028900011443,24.0625,1.0
cx0.1_mut0.2,0.1,0.2,test_4,3,0,342,5.044753333019898,True,right/down,0.2392412932683096,300,54200,22.735488699996495,22.515625,1.0
cx0.1_mut0.2,0.1,0.2,test_4,3,1,343,5.423214124040626,True,right/down,0.22832285282680778,300,54200,22.379840699999477,22.046875,1.0
cx0.1_mut0.2,0.1,0.2,test_4,3,2,344,5.12629271640324,True,right/down,0.2411202327586598,300,54200,21.3305590999953,21.140625,1.0
cx0.1_mut0.2,0.1,0.2,test_4,3,3,345,4.961022114529548,True,right/down,0.2097458590035876,300,54200,22.817723200001637,22.59375,1.0
cx0.1_mut0.2,0.1,0.2,test_4,3,4,346,5.0894051385611565,True,right/down,0.2245872449814055,300,54200,24.322701600001892,24.015625,1.0
cx0.1_mut0.2,0.1,0.2,test_4,3,5,347,5.47139368508382,True,right/down,0.24071279184411035,300,54200,22.317880900009186,21.921875,1.0
cx0.1_mut0.2,0.1,0.2,test_4,3,6,348,5.351996494633571,True,right/down,0.2274797928078124,300,54200,22.953174299997045,22.75,1.0
cx0.1_mut0.2,0.1,0.2,test_4,3,7,349,5.478343195207357,True,right/down,0.25288305241362724,300,54200,23.548635099999956,23.484375,1.0
cx0.1_mut0.2,0.1,0.2,test_4,3,8,350,6.049669755016293,True,right/down,0.2244252596424093,300,54200,22.377495199994883,22.078125,1.0
cx0.1_mut0.2,0.1,0.2,test_4,3,9,351,5.1687844860824566,True,right/down,0.2585546708998296,300,54200,22.177552599998307,22.015625,1.0
cx0.1_mut0.2,0.1,0.2,test_4,3,10,352,4.990965222762552,True,right/down,0.23617829057051623,300,54200,21.330100899998797,21.234375,1.0
cx0.1_mut0.2,0.1,0.2,test_4,3,11,353,5.365387108446334,True,right/down,0.25401285291863135,300,54200,21.226359000007506,21.078125,1.0
cx0.1_mut0.2,0.1,0.2,test_4,3,12,354,5.3830309973286905,True,right/down,0.25731872411675444,300,54200,21.83649320001132,21.5625,1.0
cx0.1_mut0.2,0.1,0.2,test_4,3,13,355,5.21102926758466,True,right/down,0.22796910201117937,300,54200,23.72961110000324,23.28125,1.0
cx0.1_mut0.2,0.1,0.2,test_4,3,14,356,5.236721839338189,True,right/down,0.21976230648472642,300,54200,23.167477900002268,22.515625,1.0
cx0.1_mut0.2,0.1,0.2,test_4,3,15,357,4.963344126163326,True,right/down,0.23428458493686657,300,54200,25.92855129999225,25.5625,1.0
cx0.1_mut0.2,0.1,0.2,test_4,3,16,358,5.389814570289325,True,right/down,0.23245920420638602,300,54200,26.43732579999778,25.875,1.0
cx0.1_mut0.2,0.1,0.2,test_4,3,17,359,5.310688762112782,True,right/down,0.2263607381158307,300,54200,24.49615769999218,24.171875,1.0
cx0.1_mut0.2,0.1,0.2,test_4,3,18,360,5.141913874189685,True,right/down,0.2471684190357752,300,54200,23.017351100002998,22.5,1.0
cx0.1_mut0.2,0.1,0.2,test_4,3,19,361,5.224699437693903,True,right/down,0.2088444124026948,300,54200,23.89290510000137,23.5,1.0
cx0.1_mut0.2,0.1,0.2,test_5,4,0,442,5.138523624876466,True,right/down,0.22697614288156975,300,54200,24.914932300001965,24.546875,1.0
cx0.1_mut0.2,0.1,0.2,test_5,4,1,443,5.075040349752117,True,right/down,0.21037092369648774,300,54200,27.703096600002027,27.296875,1.0
cx0.1_mut0.2,0.1,0.2,test_5,4,2,444,5.209410614497744,True,right/down,0.21373678576995628,300,54200,25.13331819999439,24.953125,1.0
cx0.1_mut0.2,0.1,0.2,test_5,4,3,445,5.1580031074681525,True,right/down,0.22029600363434895,300,54200,26.082152999995742,25.96875,1.0
cx0.1_mut0.2,0.1,0.2,test_5,4,4,446,5.237965675167137,True,right/down,0.2579180557288838,300,54200,23.048084200010635,22.921875,1.0
cx0.1_mut0.2,0.1,0.2,test_5,4,5,447,5.30060364142718,True,right/down,0.2451890172452597,300,54200,27.547118600006797,26.515625,1.0
cx0.1_mut0.2,0.1,0.2,test_5,4,6,448,5.423131908626235,True,right/down,0.23694113098926936,300,54200,23.783345699994243,23.3125,1.0
cx0.1_mut0.2,0.1,0.2,test_5,4,7,449,5.264827474776773,True,right/down,0.23326530029190992,300,54200,25.711418000006233,25.1875,1.0
cx0.1_mut0.2,0.1,0.2,test_5,4,8,450,5.393901601761339,True,right/down,0.20798306442789286,300,54200,26.178285499991034,25.5,1.0
cx0.1_mut0.2,0.1,0.2,test_5,4,9,451,5.721177466709275,True,right/down,0.24638168681779637,300,54200,23.768496700009564,23.3125,1.0
cx0.1_mut0.2,0.1,0.2,test_5,4,10,452,5.181401301386378,True,right/down,0.20549660999099853,300,54200,24.925734999997076,24.4375,1.0
cx0.1_mut0.2,0.1,0.2,test_5,4,11,453,5.14078109796425,True,right/down,0.20404031949840612,300,54200,27.065798099996755,26.671875,1.0
cx0.1_mut0.2,0.1,0.2,test_5,4,12,454,5.4352642705101974,True,right/down,0.23751482371885896,300,54200,24.629704100007075,24.328125,1.0
cx0.1_mut0.2,0.1,0.2,test_5,4,13,455,5.158723238367088,True,right/down,0.20966174404429128,300,54200,26.860350100003416,26.5,1.0
cx0.1_mut0.2,0.1,0.2,test_5,4,14,456,5.417852277347538,True,right/down,0.25309553430665427,300,54200,28.930966400002944,28.375,1.0
cx0.1_mut0.2,0.1,0.2,test_5,4,15,457,5.331673718216875,True,right/down,0.23146899776766786,300,54200,22.183122500005993,21.9375,1.0
cx0.1_mut0.2,0.1,0.2,test_5,4,16,458,5.457795197680207,True,right/down,0.24770683195784507,300,54200,24.670638099996722,24.421875,1.0
cx0.1_mut0.2,0.1,0.2,test_5,4,17,459,5.253647233605481,True,right/down,0.24060465607331746,300,54200,24.658837200011476,24.5,1.0
cx0.1_mut0.2,0.1,0.2,test_5,4,18,460,5.123123361983732,True,right/down,0.2220125643771638,300,54200,26.842562799996813,25.953125,1.0
cx0.1_mut0.2,0.1,0.2,test_5,4,19,461,5.3895082144517374,True,right/down,0.2187749565215838,300,54200,21.16054520000762,20.71875,1.0
cx0.1_mut0.2,0.1,0.2,test_6,5,0,542,5.643815024847617,True,right/down,0.2264863760663685,300,54200,19.056026300007943,18.609375,1.0
cx0.1_mut0.2,0.1,0.2,test_6,5,1,543,5.36648789339252,True,right/down,0.1957977416586746,300,54200,26.185641100004432,25.25,1.0
cx0.1_mut0.2,0.1,0.2,test_6,5,2,544,5.473124469696032,True,right/down,0.23228798635513134,300,54200,26.33028629999899,25.859375,1.0
cx0.1_mut0.2,0.1,0.2,test_6,5,3,545,5.570089975774776,True,right/down,0.2373244634009828,300,54200,27.462573800003156,27.109375,1.0
cx0.1_mut0.2,0.1,0.2,test_6,5,4,546,5.442334337555247,True,right/down,0.2439666836320717,300,54200,25.144818599990685,25.015625,1.0
cx0.1_mut0.2,0.1,0.2,test_6,5,5,547,5.374715742058896,True,right/down,0.20509071182361968,300,54200,25.397396599990316,25.25,1.0
cx0.1_mut0.2,0.1,0.2,test_6,5,6,548,5.974108757376456,True,right/down,0.22243962448820448,300,54200,21.750004099987564,21.625,1.0
cx0.1_mut0.2,0.1,0.2,test_6,5,7,549,5.400512166103578,True,right/down,0.21665407095436792,300,54200,23.972892399993725,23.71875,1.0
cx0.1_mut0.2,0.1,0.2,test_6,5,8,550,5.600650778838327,True,right/down,0.20265231755836044,300,54200,23.27315660000022,22.984375,1.0
cx0.1_mut0.2,0.1,0.2,test_6,5,9,551,5.33159484267369,True,right/down,0.21792452780689966,300,54200,24.691634200004046,24.4375,1.0
cx0.1_mut0.2,0.1,0.2,test_6,5,10,552,5.918987279942666,True,right/down,0.24286308416845745,300,54200,24.75423979999323,24.390625,1.0
cx0.1_mut0.2,0.1,0.2,test_6,5,11,553,5.572320020966852,True,right/down,0.23044561448396345,300,54200,26.110942100000102,25.859375,1.0
cx0.1_mut0.2,0.1,0.2,test_6,5,12,554,5.679505345898021,True,right/down,0.23907472908485017,300,54200,25.554250699991826,24.8125,1.0
cx0.1_mut0.2,0.1,0.2,test_6,5,13,555,5.406188304818928,True,right/down,0.24408059656700531,300,54200,23.33761400000367,22.9375,1.0
cx0.1_mut0.2,0.1,0.2,test_6,5,14,556,5.6474097036353506,True,right/down,0.25221086262775677,300,54200,22.056231099995784,21.625,1.0
cx0.1_mut0.2,0.1,0.2,test_6,5,15,557,5.556703951732003,True,right/down,0.24403448184204093,300,54200,22.77800400000706,22.609375,1.0
cx0.1_mut0.2,0.1,0.2,test_6,5,16,558,5.454242162581274,True,right/down,0.22567529662692792,300,54200,24.20170030000736,24.0625,1.0
cx0.1_mut0.2,0.1,0.2,test_6,5,17,559,5.292961281630948,True,right/down,0.23293293253788414,300,54200,22.391370400000596,22.3125,1.0
cx0.1_mut0.2,0.1,0.2,test_6,5,18,560,5.2072719606864,True,right/down,0.22674352296087533,300,54200,24.737985700005083,24.390625,1.0
cx0.1_mut0.2,0.1,0.2,test_6,5,19,561,5.596444694818542,True,right/down,0.23556146534232275,300,54200,22.64102599999751,22.359375,1.0
cx0.1_mut0.2,0.1,0.2,test_7,6,0,642,5.070974558273306,True,right/down,0.24313826480521664,300,54200,25.29301559999294,25.125,1.0
cx0.1_mut0.2,0.1,0.2,test_7,6,1,643,5.3613934709671245,True,right/down,0.244085176848924,300,54200,23.81422410000232,23.515625,1.0
cx0.1_mut0.2,0.1,0.2,test_7,6,2,644,5.037108106614472,True,right/down,0.25136197022829826,300,54200,25.099818699993193,24.875,1.0
cx0.1_mut0.2,0.1,0.2,test_7,6,3,645,5.494690843435086,True,right/down,0.20244841557023116,300,54200,28.041856499999994,27.84375,1.0
cx0.1_mut0.2,0.1,0.2,test_7,6,4,646,4.883427128263354,True,right/down,0.23944239357525943,300,54200,22.217223500003456,21.90625,1.0
cx0.1_mut0.2,0.1,0.2,test_7,6,5,647,5.222633004554362,True,right/down,0.2610630778676482,300,54200,22.909791399986716,22.546875,1.0
cx0.1_mut0.2,0.1,0.2,test_7,6,6,648,4.973573020225308,True,right/down,0.22943340377517066,300,54200,24.260295899992343,23.78125,1.0
cx0.1_mut0.2,0.1,0.2,test_7,6,7,649,5.809896249491366,True,right/down,0.21417350058330656,300,54200,25.34627900000487,25.03125,1.0
cx0.1_mut0.2,0.1,0.2,test_7,6,8,650,4.952073424631789,True,right/down,0.26484312189428016,300,54200,26.20561689999886,25.6875,1.0
cx0.1_mut0.2,0.1,0.2,test_7,6,9,651,4.964807690878121,True,right/down,0.23609121538091848,300,54200,23.80536939999729,23.71875,1.0
cx0.1_mut0.2,0.1,0.2,test_7,6,10,652,5.065539769909392,True,right/down,0.2152751554694212,300,54200,23.78115359999356,23.515625,1.0
cx0.1_mut0.2,0.1,0.2,test_7,6,11,653,5.414341609637271,True,right/down,0.208952052457417,300,54200,26.419352800003253,26.28125,1.0
cx0.1_mut0.2,0.1,0.2,test_7,6,12,654,5.22877079723926,True,right/down,0.21904344731220163,300,54200,20.216916700010188,20.078125,1.0
cx0.1_mut0.2,0.1,0.2,test_7,6,13,655,5.118831918710265,True,right/down,0.2452890362953124,300,54200,24.813832200001343,24.65625,1.0
cx0.1_mut0.2,0.1,0.2,test_7,6,14,656,5.325400414754327,True,right/down,0.2408315122873491,300,54200,21.52145859999291,21.453125,1.0
cx0.1_mut0.2,0.1,0.2,test_7,6,15,657,4.984124084126079,True,right/down,0.2445065582143346,300,54200,25.199222999988706,24.984375,1.0
cx0.1_mut0.2,0.1,0.2,test_7,6,16,658,5.503438525110463,True,right/down,0.2253023594755519,300,54200,27.50406920000387,27.171875,1.0
cx0.1_mut0.2,0.1,0.2,test_7,6,17,659,5.695335694416749,True,right/down,0.21869633468535257,300,54200,24.80573719998938,24.609375,1.0
cx0.1_mut0.2,0.1,0.2,test_7,6,18,660,4.865914722578591,True,right/down,0.21791563831641672,300,54200,24.830188899999484,24.453125,1.0
cx0.1_mut0.2,0.1,0.2,test_7,6,19,661,5.196839070194194,True,right/down,0.24743267309885447,300,54200,27.171358799998416,26.625,1.0
cx0.1_mut0.2,0.1,0.2,test_8,7,0,742,5.4984996668809565,True,right/down,0.2680711503573231,300,54200,25.31990919999953,24.96875,1.0
cx0.1_mut0.2,0.1,0.2,test_8,7,1,743,5.021068023540803,True,right/down,0.24154043521519497,300,54200,23.871632100010174,23.40625,1.0
cx0.1_mut0.2,0.1,0.2,test_8,7,2,744,5.255334147422405,True,right/down,0.2340238081708692,300,54200,23.3572462000011,22.765625,1.0
cx0.1_mut0.2,0.1,0.2,test_8,7,3,745,5.401716424573991,True,right/down,0.24744579547282297,300,54200,25.632863499995437,24.875,1.0
cx0.1_mut0.2,0.1,0.2,test_8,7,4,746,5.170676637496786,True,right/down,0.20144453298345774,300,54200,26.396004299997003,26.140625,1.0
cx0.1_mut0.2,0.1,0.2,test_8,7,5,747,5.648772889723379,True,right/down,0.23180307008143844,300,54200,25.255446700000903,25.171875,1.0
cx0.1_mut0.2,0.1,0.2,test_8,7,6,748,4.852575177148437,True,right/down,0.25562883293519323,300,54200,22.76963070000056,22.6875,1.0
cx0.1_mut0.2,0.1,0.2,test_8,7,7,749,4.965449252485022,True,right/down,0.2587920104610578,300,54200,24.818945199993323,24.671875,1.0
cx0.1_mut0.2,0.1,0.2,test_8,7,8,750,5.225865907763457,True,right/down,0.25995655562063524,300,54200,25.845189800005755,25.703125,1.0
cx0.1_mut0.2,0.1,0.2,test_8,7,9,751,5.270947512282442,True,right/down,0.24131155533732696,300,54200,25.46700960000453,25.296875,1.0
cx0.1_mut0.2,0.1,0.2,test_8,7,10,752,5.108740923004614,True,right/down,0.236094278073476,300,54200,25.329206800000975,25.171875,1.0
cx0.1_mut0.2,0.1,0.2,test_8,7,11,753,5.895097196610235,True,right/down,0.2569056611779494,300,54200,25.72876900000847,25.421875,1.0
cx0.1_mut0.2,0.1,0.2,test_8,7,12,754,5.173979098194824,True,right/down,0.20954737868783047,300,54200,25.24382429999241,24.796875,1.0
cx0.1_mut0.2,0.1,0.2,test_8,7,13,755,5.120941074642575,True,right/down,0.221797307679838,300,54200,26.059794000000693,25.5625,1.0
cx0.1_mut0.2,0.1,0.2,test_8,7,14,756,5.1720338628387585,True,right/down,0.22962484773079994,300,54200,21.147513799995068,20.6875,1.0
cx0.1_mut0.2,0.1,0.2,test_8,7,15,757,4.859421734115684,True,right/down,0.24334325587278932,300,54200,24.109418499996536,23.6875,1.0
cx0.1_mut0.2,0.1,0.2,test_8,7,16,758,4.889010473381657,True,right/down,0.228520913733326,300,54200,27.23387900000671,27.0,1.0
cx0.1_mut0.2,0.1,0.2,test_8,7,17,759,4.972615441159878,True,right/down,0.24625903178948905,300,54200,23.62146429999848,23.40625,1.0
cx0.1_mut0.2,0.1,0.2,test_8,7,18,760,5.215351576611945,True,right/down,0.24676463471611926,300,54200,22.93081940000411,22.765625,1.0
cx0.1_mut0.2,0.1,0.2,test_8,7,19,761,4.9915726460868,True,right/down,0.21956181996786547,300,54200,25.548119099999894,25.453125,1.0
cx0.1_mut0.2,0.1,0.2,test_9,8,0,842,5.1686749873774644,True,right/down,0.24205833272684604,300,54200,23.816675199996098,23.6875,1.0
cx0.1_mut0.2,0.1,0.2,test_9,8,1,843,5.564207151413204,True,right/down,0.25393430062488626,300,54200,21.649389400001382,21.4375,1.0
cx0.1_mut0.2,0.1,0.2,test_9,8,2,844,5.4181475906277194,True,right/down,0.24913387382469615,300,54200,26.27703530000872,25.921875,1.0
cx0.1_mut0.2,0.1,0.2,test_9,8,3,845,5.3614008903071655,True,right/down,0.21302327378060615,300,54200,25.32388070000161,25.125,1.0
cx0.1_mut0.2,0.1,0.2,test_9,8,4,846,5.505091148592799,True,right/down,0.1949467293576252,300,54200,26.189381300006062,26.03125,1.0
cx0.1_mut0.2,0.1,0.2,test_9,8,5,847,5.243639357918896,True,right/down,0.19340565922772132,300,54200,23.493556000001263,23.234375,1.0
cx0.1_mut0.2,0.1,0.2,test_9,8,6,848,5.462311951159343,True,right/down,0.24692492636530103,300,54200,26.413022799999453,26.171875,1.0
cx0.1_mut0.2,0.1,0.2,test_9,8,7,849,5.24660119189187,True,right/down,0.2525602238413845,300,54200,23.438112199990428,22.96875,1.0
cx0.1_mut0.2,0.1,0.2,test_9,8,8,850,5.149302470147244,True,right/down,0.21588239871111395,300,54200,25.109250000008615,24.609375,1.0
cx0.1_mut0.2,0.1,0.2,test_9,8,9,851,5.233780380011458,True,right/down,0.24819984333196818,300,54200,23.955658799997764,23.609375,1.0
cx0.1_mut0.2,0.1,0.2,test_9,8,10,852,5.3663668058189495,True,right/down,0.24731948258128056,300,54200,25.97031760000391,25.734375,1.0
cx0.1_mut0.2,0.1,0.2,test_9,8,11,853,5.374036697682057,True,right/down,0.19654899681191018,300,54200,28.079605400009314,27.28125,1.0
cx0.1_mut0.2,0.1,0.2,test_9,8,12,854,5.27296999663395,True,right/down,0.25156551859989534,300,54200,24.913476799993077,24.71875,1.0
cx0.1_mut0.2,0.1,0.2,test_9,8,13,855,5.294816575989678,True,right/down,0.22222749120977575,300,54200,26.21868619999441,26.09375,1.0
cx0.1_mut0.2,0.1,0.2,test_9,8,14,856,5.284414376337401,True,right/down,0.22338277242777882,300,54200,26.01927630000864,25.890625,1.0
cx0.1_mut0.2,0.1,0.2,test_9,8,15,857,5.638642180059193,True,right/down,0.24307555217349788,300,54200,22.96825859999808,22.734375,1.0
cx0.1_mut0.2,0.1,0.2,test_9,8,16,858,5.452473327601972,True,right/down,0.24586537978235953,300,54200,23.807676699987496,23.6875,1.0
cx0.1_mut0.2,0.1,0.2,test_9,8,17,859,5.351249062329316,True,right/down,0.19026546891854848,300,54200,23.507136799991713,23.375,1.0
cx0.1_mut0.2,0.1,0.2,test_9,8,18,860,5.421378397635936,True,right/down,0.19584156605759187,300,54200,24.714160100003937,24.34375,1.0
cx0.1_mut0.2,0.1,0.2,test_9,8,19,861,5.418761020523622,True,right/down,0.2378055323541638,300,54200,22.564239400002407,22.34375,1.0
cx0.1_mut0.2,0.1,0.2,test_10,9,0,942,5.50507362960506,True,right/down,0.2115808597584735,300,54200,26.063601100002415,25.53125,1.0
cx0.1_mut0.2,0.1,0.2,test_10,9,1,943,5.278413862098713,True,right/down,0.21623613285737853,300,54200,25.812912399997003,25.46875,1.0
cx0.1_mut0.2,0.1,0.2,test_10,9,2,944,5.321702971838398,True,right/down,0.22588950158240909,300,54200,26.601652799989097,26.140625,1.0
cx0.1_mut0.2,0.1,0.2,test_10,9,3,945,5.497200488955466,True,right/down,0.21459158488218794,300,54200,27.10785980000219,26.65625,1.0
cx0.1_mut0.2,0.1,0.2,test_10,9,4,946,5.540796532086633,True,right/down,0.17080647792303932,300,54200,24.990301599988015,24.859375,1.0
cx0.1_mut0.2,0.1,0.2,test_10,9,5,947,5.699902456889886,True,right/down,0.22286923228225183,300,54200,25.641072500002338,25.53125,1.0
cx0.1_mut0.2,0.1,0.2,test_10,9,6,948,5.624444797993833,True,right/down,0.18562111622750163,300,54200,22.684501499999897,22.25,1.0
cx0.1_mut0.2,0.1,0.2,test_10,9,7,949,5.458653532788132,True,right/down,0.2049920639788851,300,54200,24.161407200008398,23.59375,1.0
cx0.1_mut0.2,0.1,0.2,test_10,9,8,950,5.971052713260138,True,right/down,0.21521123758038488,300,54200,26.276239500002703,26.03125,1.0
cx0.1_mut0.2,0.1,0.2,test_10,9,9,951,5.3549386109187695,True,right/down,0.19986203165903943,300,54200,23.04663029999938,22.859375,1.0
cx0.1_mut0.2,0.1,0.2,test_10,9,10,952,5.402747017978767,True,right/down,0.22266322119332224,300,54200,22.197714000009,22.09375,1.0
cx0.1_mut0.2,0.1,0.2,test_10,9,11,953,5.194782409051375,True,right/down,0.2451709902249149,300,54200,23.55005479999818,23.453125,1.0
cx0.1_mut0.2,0.1,0.2,test_10,9,12,954,5.337514087729982,True,right/down,0.25498194574767225,300,54200,23.966501500006416,23.65625,1.0
cx0.1_mut0.2,0.1,0.2,test_10,9,13,955,5.597461761397091,True,right/down,0.2507237304208611,300,54200,23.079088200000115,22.75,1.0
cx0.1_mut0.2,0.1,0.2,test_10,9,14,956,5.475675039136101,True,right/down,0.20663446339520844,300,54200,24.596309399988968,24.203125,1.0
cx0.1_mut0.2,0.1,0.2,test_10,9,15,957,5.595740378890886,True,right/down,0.2094060916947828,300,54200,26.982201299993903,26.671875,1.0
cx0.1_mut0.2,0.1,0.2,test_10,9,16,958,5.375606611032967,True,right/down,0.1794127472777827,300,54200,23.726822500000708,23.21875,1.0
cx0.1_mut0.2,0.1,0.2,test_10,9,17,959,5.630604063267145,True,right/down,0.21419514099126366,300,54200,23.188392700001714,22.875,1.0
cx0.1_mut0.2,0.1,0.2,test_10,9,18,960,5.406870536475589,True,right/down,0.2253106359424553,300,54200,22.56570800000918,22.359375,1.0
cx0.1_mut0.2,0.1,0.2,test_10,9,19,961,5.4949428598880425,True,right/down,0.23923454086919285,300,54200,24.24247879999166,24.078125,1.0
cx0.1_mut0.3,0.1,0.3,test_1,0,0,42,5.396349957774534,True,right/down,0.21540241189550877,300,54200,16.727557699996396,16.46875,1.0
cx0.1_mut0.3,0.1,0.3,test_1,0,1,43,5.042032371660922,True,right/down,0.22305583708788485,300,54200,17.103965200003586,16.859375,1.0
cx0.1_mut0.3,0.1,0.3,test_1,0,2,44,5.430618942169694,True,right/down,0.19667959988381756,300,54200,17.76721940000425,17.59375,1.0
cx0.1_mut0.3,0.1,0.3,test_1,0,3,45,5.252637118979134,True,right/down,0.16781275708847102,300,54200,17.448790700000245,17.140625,1.0
cx0.1_mut0.3,0.1,0.3,test_1,0,4,46,5.117064383044571,True,right/down,0.24038857555662074,300,54200,16.939512700002524,16.5,1.0
cx0.1_mut0.3,0.1,0.3,test_1,0,5,47,5.617594743241543,True,right/down,0.22563939077782594,300,54200,19.007421499991324,18.71875,1.0
cx0.1_mut0.3,0.1,0.3,test_1,0,6,48,5.391631020178242,True,right/down,0.2037186292148062,300,54200,18.70429900000454,18.421875,1.0
cx0.1_mut0.3,0.1,0.3,test_1,0,7,49,5.400262505491115,True,right/down,0.21357290084662345,300,54200,20.52807010000106,20.375,1.0
cx0.1_mut0.3,0.1,0.3,test_1,0,8,50,5.027269755733932,True,right/down,0.2026878782539279,300,54200,17.707648200012045,17.5625,1.0
cx0.1_mut0.3,0.1,0.3,test_1,0,9,51,5.24542990885409,True,right/down,0.22259171052204318,300,54200,17.028715299995383,16.90625,1.0
cx0.1_mut0.3,0.1,0.3,test_1,0,10,52,4.947742964628416,True,right/down,0.2370540263388281,300,54200,18.668293000009726,18.484375,1.0
cx0.1_mut0.3,0.1,0.3,test_1,0,11,53,4.979176393807645,True,right/down,0.1988651468210747,300,54200,18.64500429999316,18.5,1.0
cx0.1_mut0.3,0.1,0.3,test_1,0,12,54,5.060636674297289,True,right/down,0.23933257920144788,300,54200,16.705177600000752,16.59375,1.0
cx0.1_mut0.3,0.1,0.3,test_1,0,13,55,5.263887827056522,True,right/down,0.206474476466885,300,54200,17.635917399995378,17.484375,1.0
cx0.1_mut0.3,0.1,0.3,test_1,0,14,56,5.212923966366004,True,right/down,0.23304774400604453,300,54200,17.779947300005006,17.59375,1.0
cx0.1_mut0.3,0.1,0.3,test_1,0,15,57,5.396410177606988,True,right/down,0.23995339505893576,300,54200,16.817274700006237,16.65625,1.0
cx0.1_mut0.3,0.1,0.3,test_1,0,16,58,5.617074822035366,True,right/down,0.18795609378186218,300,54200,17.098893799993675,16.875,1.0
cx0.1_mut0.3,0.1,0.3,test_1,0,17,59,5.153645242301391,True,right/down,0.22588935495536405,300,54200,18.68534169999475,18.34375,1.0
cx0.1_mut0.3,0.1,0.3,test_1,0,18,60,5.890811659217107,True,right/down,0.23932638416427385,300,54200,16.650511900006677,16.28125,1.0
cx0.1_mut0.3,0.1,0.3,test_1,0,19,61,5.57598411881582,True,right/down,0.2076353741758644,300,54200,16.806861100005335,16.578125,1.0
cx0.1_mut0.3,0.1,0.3,test_2,1,0,142,5.220993903608532,True,right/down,0.19411078498627132,300,54200,17.688685600005556,17.546875,1.0
cx0.1_mut0.3,0.1,0.3,test_2,1,1,143,5.4602239064054485,True,right/down,0.2264957280374422,300,54200,17.458332299996982,17.40625,1.0
cx0.1_mut0.3,0.1,0.3,test_2,1,2,144,5.389910559752006,True,right/down,0.2384719451791612,300,54200,17.105415099998936,16.796875,1.0
cx0.1_mut0.3,0.1,0.3,test_2,1,3,145,5.1941549491912165,True,right/down,0.22686409113951028,300,54200,18.05548809999891,17.78125,1.0
cx0.1_mut0.3,0.1,0.3,test_2,1,4,146,5.295226773182042,True,right/down,0.19032277348261264,300,54200,21.168052399996668,20.640625,1.0
cx0.1_mut0.3,0.1,0.3,test_2,1,5,147,5.359047491207912,True,right/down,0.17653880791545007,300,54200,18.93623820001085,18.75,1.0
cx0.1_mut0.3,0.1,0.3,test_2,1,6,148,5.37474029937874,True,right/down,0.2315668757948304,300,54200,17.841776500004926,17.5625,1.0
cx0.1_mut0.3,0.1,0.3,test_2,1,7,149,5.3951772930621855,True,right/down,0.23242026899059728,300,54200,20.2173150999879,19.875,1.0
cx0.1_mut0.3,0.1,0.3,test_2,1,8,150,5.487433525700601,True,right/down,0.22471246111299842,300,54200,17.33064449999074,17.046875,1.0
cx0.1_mut0.3,0.1,0.3,test_2,1,9,151,5.412292346161562,True,right/down,0.2193970159462307,300,54200,17.23650240000279,16.828125,1.0
cx0.1_mut0.3,0.1,0.3,test_2,1,10,152,5.213755437777339,True,right/down,0.2357077199125401,300,54200,19.66940159999649,19.25,1.0
cx0.1_mut0.3,0.1,0.3,test_2,1,11,153,5.169147505059355,True,right/down,0.2277336270302894,300,54200,18.94705870001053,18.578125,1.0
cx0.1_mut0.3,0.1,0.3,test_2,1,12,154,5.4327742365014,True,right/down,0.240714963295929,300,54200,18.839537499996368,18.484375,1.0
cx0.1_mut0.3,0.1,0.3,test_2,1,13,155,5.38656547947458,True,right/down,0.2147855920616086,300,54200,19.2755715999956,19.046875,1.0
cx0.1_mut0.3,0.1,0.3,test_2,1,14,156,5.109431489438286,True,right/down,0.200411468734251,300,54200,19.92591679999896,19.734375,1.0
cx0.1_mut0.3,0.1,0.3,test_2,1,15,157,5.141677213782659,True,right/down,0.22872362232526203,300,54200,16.24243730001035,16.125,1.0
cx0.1_mut0.3,0.1,0.3,test_2,1,16,158,5.116882577646683,True,right/down,0.2122234125100518,300,54200,16.754412299997057,16.65625,1.0
cx0.1_mut0.3,0.1,0.3,test_2,1,17,159,5.452375093451614,True,right/down,0.24009708223242282,300,54200,19.82181939999282,19.65625,1.0
cx0.1_mut0.3,0.1,0.3,test_2,1,18,160,5.14513608225319,True,right/down,0.22473265117778699,300,54200,16.818088500003796,16.453125,1.0
cx0.1_mut0.3,0.1,0.3,test_2,1,19,161,5.211966345221583,True,right/down,0.22238064249488573,300,54200,18.17071939999005,17.875,1.0
cx0.1_mut0.3,0.1,0.3,test_3,2,0,242,5.121401189134751,True,right/down,0.2308160616939482,300,54200,19.20679339999333,19.078125,1.0
cx0.1_mut0.3,0.1,0.3,test_3,2,1,243,5.124835256819999,True,right/down,0.24765328222024405,300,54200,17.781820100004552,17.5625,1.0
cx0.1_mut0.3,0.1,0.3,test_3,2,2,244,5.2242004482466955,True,right/down,0.2167941174285667,300,54200,18.306128299998818,18.171875,1.0
cx0.1_mut0.3,0.1,0.3,test_3,2,3,245,5.263847911119175,True,right/down,0.23009267218595314,300,54200,19.787808599998243,19.6875,1.0
cx0.1_mut0.3,0.1,0.3,test_3,2,4,246,5.218575311820934,True,right/down,0.260474079383189,300,54200,19.187346100006835,18.96875,1.0
cx0.1_mut0.3,0.1,0.3,test_3,2,5,247,5.244559995245131,True,right/down,0.20842350328440637,300,54200,19.46602829999756,19.203125,1.0
cx0.1_mut0.3,0.1,0.3,test_3,2,6,248,5.1512777808169155,True,right/down,0.20287842180065177,300,54200,19.546522699994966,19.078125,1.0
cx0.1_mut0.3,0.1,0.3,test_3,2,7,249,4.967050598489552,True,right/down,0.21924735630041065,300,54200,19.75378259998979,19.4375,1.0
cx0.1_mut0.3,0.1,0.3,test_3,2,8,250,5.2545527733210005,True,right/down,0.26044815482476424,300,54200,17.066405099991243,16.90625,1.0
cx0.1_mut0.3,0.1,0.3,test_3,2,9,251,5.222537665278585,True,right/down,0.22058902085994947,300,54200,19.871108200008166,19.625,1.0
cx0.1_mut0.3,0.1,0.3,test_3,2,10,252,5.012129885638645,True,right/down,0.21598719114734985,300,54200,19.083394500004943,19.0,1.0
cx0.1_mut0.3,0.1,0.3,test_3,2,11,253,5.272189425253232,True,right/down,0.25728811916150585,300,54200,17.942586500008474,17.84375,1.0
cx0.1_mut0.3,0.1,0.3,test_3,2,12,254,5.07033289292216,True,right/down,0.22324999425415798,300,54200,18.105437199992593,17.875,1.0
cx0.1_mut0.3,0.1,0.3,test_3,2,13,255,5.158010510129202,True,right/down,0.2594064470880605,300,54200,19.56794739999168,19.34375,1.0
cx0.1_mut0.3,0.1,0.3,test_3,2,14,256,5.043745047771989,True,right/down,0.22929757375403034,300,54200,17.181521899998188,17.046875,1.0
cx0.1_mut0.3,0.1,0.3,test_3,2,15,257,5.037632863496391,True,right/down,0.2525319873054262,300,54200,18.894769799997448,18.671875,1.0
cx0.1_mut0.3,0.1,0.3,test_3,2,16,258,5.337346524715057,True,right/down,0.22371798522032021,300,54200,19.882165500006522,19.734375,1.0
cx0.1_mut0.3,0.1,0.3,test_3,2,17,259,4.946889277488152,True,right/down,0.22494002277446748,300,54200,18.505846300002304,18.3125,1.0
cx0.1_mut0.3,0.1,0.3,test_3,2,18,260,4.959319585129657,True,right/down,0.26104397432340465,300,54200,17.563550799997756,17.296875,1.0
cx0.1_mut0.3,0.1,0.3,test_3,2,19,261,5.063241902753181,True,right/down,0.236287341754478,300,54200,20.191368799991324,19.859375,1.0
cx0.1_mut0.3,0.1,0.3,test_4,3,0,342,5.134578310769901,True,right/down,0.24058708602541343,300,54200,17.352116400012164,17.015625,1.0
cx0.1_mut0.3,0.1,0.3,test_4,3,1,343,5.295238075307341,True,right/down,0.234232585924716,300,54200,18.663400800011004,18.515625,1.0
cx0.1_mut0.3,0.1,0.3,test_4,3,2,344,5.070945901680908,True,right/down,0.25122076595939746,300,54200,17.7709262999997,17.625,1.0
cx0.1_mut0.3,0.1,0.3,test_4,3,3,345,5.050255532920055,True,right/down,0.22012151713763267,300,54200,17.332198500007507,17.109375,1.0
cx0.1_mut0.3,0.1,0.3,test_4,3,4,346,5.3241301044459375,True,right/down,0.2314545182944533,300,54200,16.666966999997385,16.375,1.0
cx0.1_mut0.3,0.1,0.3,test_4,3,5,347,5.844497615749642,True,right/down,0.19446051757765515,300,54200,18.761324100007187,18.515625,1.0
cx0.1_mut0.3,0.1,0.3,test_4,3,6,348,5.0765782013218,True,right/down,0.23749717574095236,300,54200,18.435431699996116,18.296875,1.0
cx0.1_mut0.3,0.1,0.3,test_4,3,7,349,5.258127647225049,True,right/down,0.23418532462944172,300,54200,19.375922399995034,19.34375,1.0
cx0.1_mut0.3,0.1,0.3,test_4,3,8,350,5.247623419207798,True,right/down,0.23050108015045784,300,54200,16.020815299998503,15.953125,1.0
cx0.1_mut0.3,0.1,0.3,test_4,3,9,351,5.116072166498414,True,right/down,0.23757937152831066,300,54200,16.471724899995024,16.40625,1.0
cx0.1_mut0.3,0.1,0.3,test_4,3,10,352,5.235536317091188,True,right/down,0.21696257516563092,300,54200,16.758774700007052,16.625,1.0
cx0.1_mut0.3,0.1,0.3,test_4,3,11,353,5.365019498235092,True,right/down,0.22563558085071547,300,54200,17.53743540000869,17.46875,1.0
cx0.1_mut0.3,0.1,0.3,test_4,3,12,354,5.191134779177991,True,right/down,0.18495969986946895,300,54200,16.348526700006914,16.28125,1.0
cx0.1_mut0.3,0.1,0.3,test_4,3,13,355,5.105688995703387,True,right/down,0.244703399463118,300,54200,16.70095099999162,16.46875,1.0
cx0.1_mut0.3,0.1,0.3,test_4,3,14,356,5.064340865507248,True,right/down,0.2311025781766387,300,54200,19.608920900005614,19.296875,1.0
cx0.1_mut0.3,0.1,0.3,test_4,3,15,357,5.274172724496845,True,right/down,0.2713765875319273,300,54200,20.000555499995244,19.625,1.0
cx0.1_mut0.3,0.1,0.3,test_4,3,16,358,5.167209990837296,True,right/down,0.23433043131829281,300,54200,21.65751970000565,21.265625,1.0
cx0.1_mut0.3,0.1,0.3,test_4,3,17,359,5.438392546673124,True,right/down,0.21688205563686436,300,54200,19.53654539999843,19.234375,1.0
cx0.1_mut0.3,0.1,0.3,test_4,3,18,360,5.476886992348265,True,right/down,0.24720619702802302,300,54200,20.713321100003668,20.265625,1.0
cx0.1_mut0.3,0.1,0.3,test_4,3,19,361,5.130839247114015,True,right/down,0.2528748745605844,300,54200,17.66420699999435,17.421875,1.0
cx0.1_mut0.3,0.1,0.3,test_5,4,0,442,5.308986354157601,True,right/down,0.24043186414285936,300,54200,20.76679100000183,20.421875,1.0
cx0.1_mut0.3,0.1,0.3,test_5,4,1,443,5.297655185482594,True,right/down,0.22394805844751667,300,54200,23.38697650001268,22.890625,1.0
cx0.1_mut0.3,0.1,0.3,test_5,4,2,444,5.339170149838502,True,right/down,0.23796491367049802,300,54200,23.320018799990066,23.203125,1.0
cx0.1_mut0.3,0.1,0.3,test_5,4,3,445,5.082323239765342,True,right/down,0.21977318681251215,300,54200,18.894730400003027,18.8125,1.0
cx0.1_mut0.3,0.1,0.3,test_5,4,4,446,5.342392723044711,True,right/down,0.20143730581102634,300,54200,19.51346429999103,19.375,1.0
cx0.1_mut0.3,0.1,0.3,test_5,4,5,447,5.195324726738544,True,right/down,0.23734837828128397,300,54200,19.223903100006282,18.53125,1.0
cx0.1_mut0.3,0.1,0.3,test_5,4,6,448,5.302420128347659,True,right/down,0.23957491101441228,300,54200,20.317282000003615,19.8125,1.0
cx0.1_mut0.3,0.1,0.3,test_5,4,7,449,5.39975414461267,True,right/down,0.20749612974807338,300,54200,18.66834449999442,18.328125,1.0
cx0.1_mut0.3,0.1,0.3,test_5,4,8,450,5.491035772362805,True,right/down,0.20817349709969202,300,54200,19.846948800011887,19.46875,1.0
cx0.1_mut0.3,0.1,0.3,test_5,4,9,451,5.250429680967418,True,right/down,0.1873908805348744,300,54200,21.044228300001123,20.53125,1.0
cx0.1_mut0.3,0.1,0.3,test_5,4,10,452,5.400649184440063,True,right/down,0.20734559255523666,300,54200,20.755574499999057,20.09375,1.0
cx0.1_mut0.3,0.1,0.3,test_5,4,11,453,5.304877664370082,True,right/down,0.23586657932328742,300,54200,21.899760499989497,21.5625,1.0
cx0.1_mut0.3,0.1,0.3,test_5,4,12,454,5.401947421558967,True,right/down,0.23911864408634326,300,54200,20.001416099999915,19.828125,1.0
cx0.1_mut0.3,0.1,0.3,test_5,4,13,455,5.423640052419126,True,right/down,0.18520614099059643,300,54200,19.582393599994248,19.34375,1.0
cx0.1_mut0.3,0.1,0.3,test_5,4,14,456,5.4471545853280485,True,right/down,0.22226337867239485,300,54200,19.977212100013276,19.828125,1.0
cx0.1_mut0.3,0.1,0.3,test_5,4,15,457,5.257795626362437,True,right/down,0.23568302241746178,300,54200,18.852922399993986,18.71875,1.0
cx0.1_mut0.3,0.1,0.3,test_5,4,16,458,5.424917529237303,True,right/down,0.20307069286119742,300,54200,18.86363110000093,18.765625,1.0
cx0.1_mut0.3,0.1,0.3,test_5,4,17,459,5.265393666977594,True,right/down,0.22501159977884236,300,54200,19.370183199993335,19.09375,1.0
cx0.1_mut0.3,0.1,0.3,test_5,4,18,460,5.208306712845393,True,right/down,0.18687271860329305,300,54200,22.914808599991375,22.140625,1.0
cx0.1_mut0.3,0.1,0.3,test_5,4,19,461,5.378513219366659,True,right/down,0.2080472178997089,300,54200,17.76077079999959,17.453125,1.0
cx0.1_mut0.3,0.1,0.3,test_6,5,0,542,5.5027786878620395,True,right/down,0.18508483307136842,300,54200,21.3454378000024,20.90625,1.0
cx0.1_mut0.3,0.1,0.3,test_6,5,1,543,5.436272159736294,True,right/down,0.20209985662710278,300,54200,19.89963619998889,19.328125,1.0
cx0.1_mut0.3,0.1,0.3,test_6,5,2,544,5.470968073964032,True,right/down,0.2443295740327061,300,54200,19.13928419999138,18.53125,1.0
cx0.1_mut0.3,0.1,0.3,test_6,5,3,545,5.589553206880627,True,right/down,0.2258089123876621,300,54200,19.212311299997964,18.953125,1.0
cx0.1_mut0.3,0.1,0.3,test_6,5,4,546,5.281778722324384,True,right/down,0.2274959039999015,300,54200,18.742515599995386,18.625,1.0
cx0.1_mut0.3,0.1,0.3,test_6,5,5,547,5.323902843348374,True,right/down,0.23088614826751114,300,54200,19.6100948999956,19.53125,1.0
cx0.1_mut0.3,0.1,0.3,test_6,5,6,548,5.561908142060902,True,right/down,0.23281817097129426,300,54200,21.679281799995806,21.515625,1.0
cx0.1_mut0.3,0.1,0.3,test_6,5,7,549,5.511300082368315,True,right/down,0.2454819519223006,300,54200,19.57366949999414,19.4375,1.0
cx0.1_mut0.3,0.1,0.3,test_6,5,8,550,5.499568014309503,True,right/down,0.19404577506018467,300,54200,18.40010099999199,18.25,1.0
cx0.1_mut0.3,0.1,0.3,test_6,5,9,551,5.363913691684917,True,right/down,0.21774582146856758,300,54200,17.408634600011283,17.3125,1.0
cx0.1_mut0.3,0.1,0.3,test_6,5,10,552,5.819810247911507,True,right/down,0.22135228310064275,300,54200,18.504048100003274,18.21875,1.0
cx0.1_mut0.3,0.1,0.3,test_6,5,11,553,5.387785663432912,True,right/down,0.2210022166517317,300,54200,18.262148800000432,18.109375,1.0
cx0.1_mut0.3,0.1,0.3,test_6,5,12,554,5.330004523954877,True,right/down,0.21421815075091286,300,54200,19.236611000000266,18.78125,1.0
cx0.1_mut0.3,0.1,0.3,test_6,5,13,555,5.625894579406497,True,right/down,0.22749640568980065,300,54200,21.23365310000372,20.84375,1.0
cx0.1_mut0.3,0.1,0.3,test_6,5,14,556,5.356189590777307,True,right/down,0.21184003620914632,300,54200,18.78816189999634,18.578125,1.0
cx0.1_mut0.3,0.1,0.3,test_6,5,15,557,5.285159584174774,True,right/down,0.22653140178038245,300,54200,19.19545049998851,19.078125,1.0
cx0.1_mut0.3,0.1,0.3,test_6,5,16,558,5.242951976457999,True,right/down,0.21649935106303725,300,54200,17.9569918000052,17.875,1.0
cx0.1_mut0.3,0.1,0.3,test_6,5,17,559,5.303500292418914,True,right/down,0.21912173860753414,300,54200,18.695623900013743,18.59375,1.0
cx0.1_mut0.3,0.1,0.3,test_6,5,18,560,5.695055046218467,True,right/down,0.23546814829556645,300,54200,16.76766490000591,16.625,1.0
cx0.1_mut0.3,0.1,0.3,test_6,5,19,561,5.411484226850783,True,right/down,0.24644500124231639,300,54200,18.279423900006805,17.890625,1.0
cx0.1_mut0.3,0.1,0.3,test_7,6,0,642,5.258035861005379,True,right/down,0.25002348299844623,300,54200,21.85751820000587,21.75,1.0
cx0.1_mut0.3,0.1,0.3,test_7,6,1,643,5.181702594726376,True,right/down,0.24091087817032408,300,54200,16.91042989998823,16.71875,1.0
cx0.1_mut0.3,0.1,0.3,test_7,6,2,644,5.098144007683805,True,right/down,0.2543876471007028,300,54200,18.682821900001727,18.53125,1.0
cx0.1_mut0.3,0.1,0.3,test_7,6,3,645,4.954731327272963,True,right/down,0.24747999013142205,300,54200,19.95005540001148,19.65625,1.0
cx0.1_mut0.3,0.1,0.3,test_7,6,4,646,5.148977766348715,True,right/down,0.26108143557756364,300,54200,17.743980100000044,17.5,1.0
cx0.1_mut0.3,0.1,0.3,test_7,6,5,647,5.138354839411834,True,right/down,0.2491674913961325,300,54200,21.082985500004725,20.84375,1.0
cx0.1_mut0.3,0.1,0.3,test_7,6,6,648,5.367974953028504,True,right/down,0.22223044527732766,300,54200,18.979917600008775,18.578125,1.0
cx0.1_mut0.3,0.1,0.3,test_7,6,7,649,5.533525012831069,True,right/down,0.22418390351455053,300,54200,19.238897599992924,18.859375,1.0
cx0.1_mut0.3,0.1,0.3,test_7,6,8,650,5.256481639610888,True,right/down,0.21912377730653937,300,54200,19.51536410000699,19.0,1.0
cx0.1_mut0.3,0.1,0.3,test_7,6,9,651,5.124400734485027,True,right/down,0.24643686646244822,300,54200,21.097795300011057,20.9375,1.0
cx0.1_mut0.3,0.1,0.3,test_7,6,10,652,5.100031552862999,True,right/down,0.218744593254983,300,54200,23.585796500003198,23.25,1.0
cx0.1_mut0.3,0.1,0.3,test_7,6,11,653,5.030822102196092,True,right/down,0.23589794540648917,300,54200,20.56781890000275,20.40625,1.0
cx0.1_mut0.3,0.1,0.3,test_7,6,12,654,5.280889272578815,True,right/down,0.22991465976444622,300,54200,23.108081099999254,22.890625,1.0
cx0.1_mut0.3,0.1,0.3,test_7,6,13,655,5.531874725796017,True,right/down,0.181625253448595,300,54200,18.96998410001106,18.703125,1.0
cx0.1_mut0.3,0.1,0.3,test_7,6,14,656,5.3014662320820936,True,right/down,0.22753634437225614,300,54200,18.87773219999508,18.84375,1.0
cx0.1_mut0.3,0.1,0.3,test_7,6,15,657,5.005660225255934,True,right/down,0.24270852762479966,300,54200,19.6915042999899,19.4375,1.0
cx0.1_mut0.3,0.1,0.3,test_7,6,16,658,5.186341382847709,True,right/down,0.18825768553926842,300,54200,19.658982499997364,19.609375,1.0
cx0.1_mut0.3,0.1,0.3,test_7,6,17,659,5.702046501033353,True,right/down,0.2362732966680493,300,54200,19.50620779999008,19.078125,1.0
cx0.1_mut0.3,0.1,0.3,test_7,6,18,660,5.025078856688504,True,right/down,0.23235181533299512,300,54200,20.65660439999192,20.375,1.0
cx0.1_mut0.3,0.1,0.3,test_7,6,19,661,5.248335053821472,True,right/down,0.22937100186064666,300,54200,19.02804200000537,18.6875,1.0
cx0.1_mut0.3,0.1,0.3,test_8,7,0,742,5.5694781129375155,True,right/down,0.24196072552638404,300,54200,18.650030599994352,18.375,1.0
cx0.1_mut0.3,0.1,0.3,test_8,7,1,743,4.940670510623985,True,right/down,0.25479809787790264,300,54200,20.81332509999629,20.46875,1.0
cx0.1_mut0.3,0.1,0.3,test_8,7,2,744,5.233486162487605,True,right/down,0.23258612012887483,300,54200,19.289052599997376,18.984375,1.0
cx0.1_mut0.3,0.1,0.3,test_8,7,3,745,5.240159036095284,True,right/down,0.24671509545272818,300,54200,19.052181799997925,18.703125,1.0
cx0.1_mut0.3,0.1,0.3,test_8,7,4,746,5.210926246554873,True,right/down,0.21114078001494832,300,54200,19.361411400008365,19.203125,1.0
cx0.1_mut0.3,0.1,0.3,test_8,7,5,747,5.590408887151506,True,right/down,0.23292097538241185,300,54200,20.728314299994963,20.578125,1.0
cx0.1_mut0.3,0.1,0.3,test_8,7,6,748,5.430686782788976,True,right/down,0.24442178938145276,300,54200,18.768545899991295,18.65625,1.0
cx0.1_mut0.3,0.1,0.3,test_8,7,7,749,5.350714000759569,True,right/down,0.24632000019914194,300,54200,17.29322539998975,17.1875,1.0
cx0.1_mut0.3,0.1,0.3,test_8,7,8,750,5.283561601813537,True,right/down,0.1984155750346095,300,54200,20.118110700001125,19.90625,1.0
cx0.1_mut0.3,0.1,0.3,test_8,7,9,751,5.206719381900037,True,right/down,0.24830291685752054,300,54200,19.396196699992288,19.3125,1.0
cx0.1_mut0.3,0.1,0.3,test_8,7,10,752,5.069835076136254,True,right/down,0.2450008253056928,300,54200,21.06937279998965,20.96875,1.0
cx0.1_mut0.3,0.1,0.3,test_8,7,11,753,5.083831710988578,True,right/down,0.23179169170702169,300,54200,20.91475860000355,20.59375,1.0
cx0.1_mut0.3,0.1,0.3,test_8,7,12,754,4.857591675685529,True,right/down,0.229782859722315,300,54200,19.718172099994263,19.390625,1.0
cx0.1_mut0.3,0.1,0.3,test_8,7,13,755,5.238437041756113,True,right/down,0.24325034314685226,300,54200,16.956838899990544,16.71875,1.0
cx0.1_mut0.3,0.1,0.3,test_8,7,14,756,5.117807061282596,True,right/down,0.23726148788678622,300,54200,16.329627899991465,16.09375,1.0
cx0.1_mut0.3,0.1,0.3,test_8,7,15,757,5.2359505986208275,True,right/down,0.1953426730026134,300,54200,20.845790399995167,20.46875,1.0
cx0.1_mut0.3,0.1,0.3,test_8,7,16,758,5.57340318155783,True,right/down,0.2096166977712952,300,54200,19.254910100004054,19.078125,1.0
cx0.1_mut0.3,0.1,0.3,test_8,7,17,759,5.176207869973442,True,right/down,0.24899194649000403,300,54200,20.3261754999985,20.203125,1.0
cx0.1_mut0.3,0.1,0.3,test_8,7,18,760,5.048987805098801,True,right/down,0.22455210720268257,300,54200,20.927936899999622,20.765625,1.0
cx0.1_mut0.3,0.1,0.3,test_8,7,19,761,5.0409819175114166,True,right/down,0.24343537787767572,300,54200,18.489392699993914,18.40625,1.0
cx0.1_mut0.3,0.1,0.3,test_9,8,0,842,5.408193609655458,True,right/down,0.22428095858211433,300,54200,20.96245330000238,20.828125,1.0
cx0.1_mut0.3,0.1,0.3,test_9,8,1,843,5.577192624009442,True,right/down,0.2269298319990522,300,54200,18.62387999999919,18.5,1.0
cx0.1_mut0.3,0.1,0.3,test_9,8,2,844,5.26580333419925,True,right/down,0.2281059943409352,300,54200,19.975644500009366,19.765625,1.0
cx0.1_mut0.3,0.1,0.3,test_9,8,3,845,5.399301791150975,True,right/down,0.21399865561853398,300,54200,20.13638820000051,19.90625,1.0
cx0.1_mut0.3,0.1,0.3,test_9,8,4,846,5.648740776163863,True,right/down,0.20307866505777167,300,54200,17.950660699993023,17.59375,1.0
cx0.1_mut0.3,0.1,0.3,test_9,8,5,847,5.573567437509075,True,right/down,0.20749151893431986,300,54200,20.6352748000063,20.375,1.0
cx0.1_mut0.3,0.1,0.3,test_9,8,6,848,5.255049135785548,True,right/down,0.22316690751706375,300,54200,19.791877399999066,19.484375,1.0
cx0.1_mut0.3,0.1,0.3,test_9,8,7,849,5.305984884517549,True,right/down,0.22119342903524888,300,54200,18.75029280000308,18.359375,1.0
cx0.1_mut0.3,0.1,0.3,test_9,8,8,850,5.341087005500121,True,right/down,0.2243140322503093,300,54200,19.361444699999993,19.03125,1.0
cx0.1_mut0.3,0.1,0.3,test_9,8,9,851,5.296407309818099,True,right/down,0.23789393151973454,300,54200,21.12323580001248,20.859375,1.0
cx0.1_mut0.3,0.1,0.3,test_9,8,10,852,5.450761975806931,True,right/down,0.23587111932739768,300,54200,18.95112449998851,18.71875,1.0
cx0.1_mut0.3,0.1,0.3,test_9,8,11,853,5.2344737601018805,True,right/down,0.23091154420006732,300,54200,21.24637839999923,20.90625,1.0
cx0.1_mut0.3,0.1,0.3,test_9,8,12,854,5.2273231947521985,True,right/down,0.22967664080350217,300,54200,22.550260599993635,22.421875,1.0
cx0.1_mut0.3,0.1,0.3,test_9,8,13,855,5.44652538972411,True,right/down,0.20741137897061412,300,54200,19.504539699992165,19.09375,1.0
cx0.1_mut0.3,0.1,0.3,test_9,8,14,856,5.445563588110305,True,right/down,0.23493953959208866,300,54200,17.138630999994348,17.03125,1.0
cx0.1_mut0.3,0.1,0.3,test_9,8,15,857,5.537125484450854,True,right/down,0.2338227544637544,300,54200,17.665662499988684,17.5625,1.0
cx0.1_mut0.3,0.1,0.3,test_9,8,16,858,5.281621591816405,True,right/down,0.20530812981075003,300,54200,18.694725199995446,18.546875,1.0
cx0.1_mut0.3,0.1,0.3,test_9,8,17,859,5.2715713651658085,True,right/down,0.2515579526841731,300,54200,18.196451900003012,18.03125,1.0
cx0.1_mut0.3,0.1,0.3,test_9,8,18,860,5.309513871025018,True,right/down,0.20899543610775453,300,54200,19.921435800002655,19.59375,1.0
cx0.1_mut0.3,0.1,0.3,test_9,8,19,861,5.2282824890948305,True,right/down,0.2384246313090899,300,54200,20.317508899999666,20.125,1.0
cx0.1_mut0.3,0.1,0.3,test_10,9,0,942,5.290587036437249,True,right/down,0.22479640034359546,300,54200,21.26215590001084,20.875,1.0
cx0.1_mut0.3,0.1,0.3,test_10,9,1,943,5.177065808656868,True,right/down,0.22895052720728645,300,54200,17.330018399996334,17.140625,1.0
cx0.1_mut0.3,0.1,0.3,test_10,9,2,944,5.355766215126108,True,right/down,0.22519516825672356,300,54200,19.673514800000703,19.453125,1.0
cx0.1_mut0.3,0.1,0.3,test_10,9,3,945,5.381687437151656,True,right/down,0.21412272981880423,300,54200,21.073343000010937,20.8125,1.0
cx0.1_mut0.3,0.1,0.3,test_10,9,4,946,5.938892147338,True,right/down,0.21332010566907578,300,54200,20.14591890000156,19.96875,1.0
cx0.1_mut0.3,0.1,0.3,test_10,9,5,947,5.232434697662535,True,right/down,0.23061145054083587,300,54200,23.773958699996,23.625,1.0
cx0.1_mut0.3,0.1,0.3,test_10,9,6,948,5.689567528990185,True,right/down,0.23322413260692842,300,54200,21.872638200002257,21.5625,1.0
cx0.1_mut0.3,0.1,0.3,test_10,9,7,949,5.341516414463095,True,right/down,0.19637898995849049,300,54200,18.70266399999673,18.28125,1.0
cx0.1_mut0.3,0.1,0.3,test_10,9,8,950,5.224805142872771,True,right/down,0.22327361426616646,300,54200,17.783753700001398,17.625,1.0
cx0.1_mut0.3,0.1,0.3,test_10,9,9,951,5.509572535034174,True,right/down,0.23168139374688118,300,54200,22.448285600010422,22.328125,1.0
cx0.1_mut0.3,0.1,0.3,test_10,9,10,952,5.572914057075167,True,right/down,0.20160786438110448,300,54200,20.619663000004948,20.5,1.0
cx0.1_mut0.3,0.1,0.3,test_10,9,11,953,5.344650678006978,True,right/down,0.24907981671782897,300,54200,20.469846499996493,20.375,1.0
cx0.1_mut0.3,0.1,0.3,test_10,9,12,954,5.43362012915448,True,right/down,0.23297206361975414,300,54200,18.89069010000094,18.703125,1.0
cx0.1_mut0.3,0.1,0.3,test_10,9,13,955,5.81005567628346,True,right/down,0.2112837219602977,300,54200,18.71514699999534,18.53125,1.0
cx0.1_mut0.3,0.1,0.3,test_10,9,14,956,5.530211374733364,True,right/down,0.20569385001441398,300,54200,19.100390199993853,18.90625,1.0
cx0.1_mut0.3,0.1,0.3,test_10,9,15,957,5.564230077048801,True,right/down,0.21453188921555008,300,54200,20.029809200001182,19.703125,1.0
cx0.1_mut0.3,0.1,0.3,test_10,9,16,958,5.420343483117244,True,right/down,0.17263437160786355,300,54200,20.47142819999135,19.96875,1.0
cx0.1_mut0.3,0.1,0.3,test_10,9,17,959,5.553296868046861,True,right/down,0.19825735158455227,300,54200,17.449496399989584,17.28125,1.0
cx0.1_mut0.3,0.1,0.3,test_10,9,18,960,5.626151667723934,True,right/down,0.20418135336934942,300,54200,19.738582500009215,19.609375,1.0
cx0.1_mut0.3,0.1,0.3,test_10,9,19,961,5.512495924692423,True,right/down,0.21768469943815444,300,54200,15.015704000004916,14.921875,1.0
cx0.3_mut0.001,0.3,0.001,test_1,0,0,42,5.952592731450169,True,right/down,0.2237451409813711,300,54200,42.90127950000169,42.5,1.0
cx0.3_mut0.001,0.3,0.001,test_1,0,1,43,5.870323289014767,True,right/down,0.25373541828748847,300,54200,38.40782049999689,38.046875,1.0
cx0.3_mut0.001,0.3,0.001,test_1,0,2,44,7.050319892843947,True,right/down,0.24489715771730924,300,54200,41.480088900003466,40.8125,1.0
cx0.3_mut0.001,0.3,0.001,test_1,0,3,45,5.724982970130436,True,right/down,0.23059402133462847,300,54200,39.34242180000001,38.375,1.0
cx0.3_mut0.001,0.3,0.001,test_1,0,4,46,6.979569484957997,True,right/down,0.23779124804363697,300,54200,37.09694770000351,36.3125,1.0
cx0.3_mut0.001,0.3,0.001,test_1,0,5,47,6.531166196600647,True,right/down,0.23198135108803666,300,54200,37.94855280000775,37.3125,1.0
cx0.3_mut0.001,0.3,0.001,test_1,0,6,48,6.266072453717318,True,right/down,0.24775807459416416,300,54200,41.93914040000527,41.53125,1.0
cx0.3_mut0.001,0.3,0.001,test_1,0,7,49,5.687804831167217,True,right/down,0.21662261195171917,300,54200,40.123888500005705,39.671875,1.0
cx0.3_mut0.001,0.3,0.001,test_1,0,8,50,5.899054074140429,True,right/down,0.2134640073247714,300,54200,34.726067700001295,34.421875,1.0
cx0.3_mut0.001,0.3,0.001,test_1,0,9,51,6.041909314156835,True,right/down,0.25516684832403363,300,54200,39.546949499999755,38.90625,1.0
cx0.3_mut0.001,0.3,0.001,test_1,0,10,52,5.479241702149453,True,right/down,0.22097830030368254,300,54200,38.0122635000007,37.6875,1.0
cx0.3_mut0.001,0.3,0.001,test_1,0,11,53,5.727080056615657,True,right/down,0.2522713647599428,300,54200,35.83760070000426,35.59375,1.0
cx0.3_mut0.001,0.3,0.001,test_1,0,12,54,5.390332877274485,True,right/down,0.20600840356441294,300,54200,40.6118959000014,40.234375,1.0
cx0.3_mut0.001,0.3,0.001,test_1,0,13,55,5.609941931180059,True,right/down,0.22867554405461063,300,54200,35.85489809999126,35.6875,1.0
cx0.3_mut0.001,0.3,0.001,test_1,0,14,56,6.9339387024068655,True,right/down,0.2472898066697947,300,54200,37.52172450000944,37.0,1.0
cx0.3_mut0.001,0.3,0.001,test_1,0,15,57,6.191413951886275,True,right/down,0.21136966865705087,300,54200,35.48204240000632,34.953125,1.0
cx0.3_mut0.001,0.3,0.001,test_1,0,16,58,6.874733539320111,True,right/down,0.1901900430157274,300,54200,36.40843460000178,35.71875,1.0
cx0.3_mut0.001,0.3,0.001,test_1,0,17,59,6.0629567478373785,True,right/down,0.2627419428561989,300,54200,38.61592159999418,37.6875,1.0
cx0.3_mut0.001,0.3,0.001,test_1,0,18,60,6.718432893145595,True,right/down,0.21499285133466517,300,54200,36.35015720000956,35.953125,1.0
cx0.3_mut0.001,0.3,0.001,test_1,0,19,61,5.74274930947165,True,right/down,0.2488423265640739,300,54200,38.30385789999855,37.890625,1.0
cx0.3_mut0.001,0.3,0.001,test_2,1,0,142,6.376943475147003,True,right/down,0.21937073483511857,300,54200,38.6370908000099,38.390625,1.0
cx0.3_mut0.001,0.3,0.001,test_2,1,1,143,6.04731318473559,True,right/down,0.19912941881088853,300,54200,37.073565400001826,36.71875,1.0
cx0.3_mut0.001,0.3,0.001,test_2,1,2,144,5.801516046325848,True,right/down,0.24972720883918198,300,54200,36.43908520000696,35.875,1.0
cx0.3_mut0.001,0.3,0.001,test_2,1,3,145,5.666573784462588,True,right/down,0.24371173466316437,300,54200,35.39576559999841,34.78125,1.0
cx0.3_mut0.001,0.3,0.001,test_2,1,4,146,6.666283179033997,True,right/down,0.23001794826985447,300,54200,35.22644899999432,34.59375,1.0
cx0.3_mut0.001,0.3,0.001,test_2,1,5,147,5.892625008214739,True,right/down,0.21356700658649147,300,54200,36.98895339999581,36.453125,1.0
cx0.3_mut0.001,0.3,0.001,test_2,1,6,148,5.756487499115996,True,right/down,0.17911754312294859,300,54200,34.12009219999891,33.6875,1.0
cx0.3_mut0.001,0.3,0.001,test_2,1,7,149,5.471133928816026,True,right/down,0.2065276330804889,300,54200,36.427719200000865,35.75,1.0
cx0.3_mut0.001,0.3,0.001,test_2,1,8,150,6.227243577482823,True,right/down,0.22857250485448535,300,54200,38.351381200001924,37.59375,1.0
cx0.3_mut0.001,0.3,0.001,test_2,1,9,151,5.738424821758816,True,right/down,0.23832063948016768,300,54200,37.12615540000843,36.3125,1.0
cx0.3_mut0.001,0.3,0.001,test_2,1,10,152,6.285750389200572,True,right/down,0.22367242689690497,300,54200,34.33490990000428,33.828125,1.0
cx0.3_mut0.001,0.3,0.001,test_2,1,11,153,6.404451561688303,True,right/down,0.23183395515400435,300,54200,34.74348830000963,34.203125,1.0
cx0.3_mut0.001,0.3,0.001,test_2,1,12,154,6.683473034640743,True,right/down,0.24027709286640508,300,54200,35.26179079999565,34.640625,1.0
cx0.3_mut0.001,0.3,0.001,test_2,1,13,155,5.698647934305825,True,right/down,0.21683578729117606,300,54200,37.27951340000436,36.71875,1.0
cx0.3_mut0.001,0.3,0.001,test_2,1,14,156,5.743745053412908,True,right/down,0.21523227125595248,300,54200,35.04961259999254,34.828125,1.0
cx0.3_mut0.001,0.3,0.001,test_2,1,15,157,5.987289670825847,True,right/down,0.21130762232137518,300,54200,34.88522909999301,34.640625,1.0
cx0.3_mut0.001,0.3,0.001,test_2,1,16,158,5.6957897759558715,True,right/down,0.20470645273174687,300,54200,34.12193209999532,33.875,1.0
cx0.3_mut0.001,0.3,0.001,test_2,1,17,159,5.6577947795161405,True,right/down,0.1985800395937344,300,54200,33.18636019999394,32.953125,1.0
cx0.3_mut0.001,0.3,0.001,test_2,1,18,160,5.59188546761179,True,right/down,0.21886396839833386,300,54200,36.67348579999816,36.078125,1.0
cx0.3_mut0.001,0.3,0.001,test_2,1,19,161,5.634621526705064,True,right/down,0.22074505044546677,300,54200,37.31526470000972,36.796875,1.0
cx0.3_mut0.001,0.3,0.001,test_3,2,0,242,5.5220083244531875,True,right/down,0.2630133582593606,300,54200,35.086509400003706,34.765625,1.0
cx0.3_mut0.001,0.3,0.001,test_3,2,1,243,5.669784571517051,True,right/down,0.24658999328564135,300,54200,35.81769769999664,35.453125,1.0
cx0.3_mut0.001,0.3,0.001,test_3,2,2,244,5.649246153461975,True,right/down,0.24835027855771508,300,54200,35.2531866000063,35.03125,1.0
cx0.3_mut0.001,0.3,0.001,test_3,2,3,245,5.736373825059031,True,right/down,0.20097733888484487,300,54200,34.874423000001116,34.296875,1.0
cx0.3_mut0.001,0.3,0.001,test_3,2,4,246,5.670006251935062,True,right/down,0.25749467354649486,300,54200,38.10131620000175,37.5,1.0
cx0.3_mut0.001,0.3,0.001,test_3,2,5,247,5.693694170806602,True,right/down,0.2547513357059948,300,54200,34.56482289999258,33.84375,1.0
cx0.3_mut0.001,0.3,0.001,test_3,2,6,248,6.221353208939532,True,right/down,0.24759445883873113,300,54200,34.93936980000581,34.484375,1.0
cx0.3_mut0.001,0.3,0.001,test_3,2,7,249,5.8479947025149706,True,right/down,0.24292875211658319,300,54200,39.22231670000474,38.890625,1.0
cx0.3_mut0.001,0.3,0.001,test_3,2,8,250,5.6262011440165525,True,right/down,0.23146302205043398,300,54200,37.40885469999921,37.171875,1.0
cx0.3_mut0.001,0.3,0.001,test_3,2,9,251,5.446523747324271,True,right/down,0.22683823073864767,300,54200,37.64373349999369,37.25,1.0
cx0.3_mut0.001,0.3,0.001,test_3,2,10,252,5.44776544421032,True,right/down,0.21977517109894015,300,54200,37.070908900001086,36.734375,1.0
cx0.3_mut0.001,0.3,0.001,test_3,2,11,253,5.355513453492787,True,right/down,0.1933289633790001,300,54200,37.58231279999018,37.265625,1.0
cx0.3_mut0.001,0.3,0.001,test_3,2,12,254,6.028145913306211,True,right/down,0.21351793492766982,300,54200,39.057772700005444,38.625,1.0
cx0.3_mut0.001,0.3,0.001,test_3,2,13,255,6.0344262808925,True,right/down,0.22907575388737608,300,54200,36.40977739999653,35.9375,1.0
cx0.3_mut0.001,0.3,0.001,test_3,2,14,256,5.678770548615848,True,right/down,0.19888470334773592,300,54200,34.395652999999584,34.15625,1.0
cx0.3_mut0.001,0.3,0.001,test_3,2,15,257,5.9182289573993305,True,right/down,0.22460586466145258,300,54200,37.28195879999839,36.859375,1.0
cx0.3_mut0.001,0.3,0.001,test_3,2,16,258,6.109383320453231,True,right/down,0.22591338811791062,300,54200,36.687431400001515,36.265625,1.0
cx0.3_mut0.001,0.3,0.001,test_3,2,17,259,5.671674993395815,True,right/down,0.22112303117819374,300,54200,36.42318559999694,35.9375,1.0
cx0.3_mut0.001,0.3,0.001,test_3,2,18,260,5.7006134931192225,True,right/down,0.2640698649110074,300,54200,33.38831629999913,32.6875,1.0
cx0.3_mut0.001,0.3,0.001,test_3,2,19,261,7.17607948413394,True,right/down,0.20410137857350377,300,54200,33.60335750000377,33.015625,1.0
cx0.3_mut0.001,0.3,0.001,test_4,3,0,342,6.4925567357941,True,right/down,0.25664126295554507,300,54200,36.8407281999971,36.28125,1.0
cx0.3_mut0.001,0.3,0.001,test_4,3,1,343,6.241204435966312,True,right/down,0.23139941521871799,300,54200,33.9021259000001,33.5,1.0
cx0.3_mut0.001,0.3,0.001,test_4,3,2,344,5.50937539541674,True,right/down,0.23985529127716024,300,54200,39.27982260000135,38.796875,1.0
cx0.3_mut0.001,0.3,0.001,test_4,3,3,345,5.915242078921165,True,right/down,0.19527664433102623,300,54200,35.439243700006045,34.859375,1.0
cx0.3_mut0.001,0.3,0.001,test_4,3,4,346,5.749298186896826,True,right/down,0.2517871892762908,300,54200,37.24369509999815,36.734375,1.0
cx0.3_mut0.001,0.3,0.001,test_4,3,5,347,6.604080945065191,True,right/down,0.21285044508275566,300,54200,36.00714560000051,35.4375,1.0
cx0.3_mut0.001,0.3,0.001,test_4,3,6,348,5.944175252539867,True,right/down,0.2275542935060851,300,54200,38.193313700001454,37.84375,1.0
cx0.3_mut0.001,0.3,0.001,test_4,3,7,349,5.7165898230722165,True,right/down,0.22315497900636086,300,54200,35.870644299997366,35.703125,1.0
cx0.3_mut0.001,0.3,0.001,test_4,3,8,350,6.625637261135328,True,right/down,0.2412138855582829,300,54200,34.11139020000701,33.703125,1.0
cx0.3_mut0.001,0.3,0.001,test_4,3,9,351,6.0583669421287665,True,right/down,0.2156132773223335,300,54200,37.31193009999697,37.09375,1.0
cx0.3_mut0.001,0.3,0.001,test_4,3,10,352,5.405538374009054,True,right/down,0.2339368772655492,300,54200,36.15179439999338,35.96875,1.0
cx0.3_mut0.001,0.3,0.001,test_4,3,11,353,6.05285588091961,True,right/down,0.22623367510395317,300,54200,34.07046689999697,33.953125,1.0
cx0.3_mut0.001,0.3,0.001,test_4,3,12,354,5.680544658788662,True,right/down,0.161384878959727,300,54200,32.75189900000987,32.25,1.0
cx0.3_mut0.001,0.3,0.001,test_4,3,13,355,6.260500037474653,True,right/down,0.23190585369281994,300,54200,36.36179149999225,35.78125,1.0
cx0.3_mut0.001,0.3,0.001,test_4,3,14,356,5.70430630312125,True,right/down,0.1744998162554554,300,54200,40.45674439999857,39.515625,1.0
cx0.3_mut0.001,0.3,0.001,test_4,3,15,357,6.002304658103747,True,right/down,0.24387608969282507,300,54200,43.72607610000705,42.921875,1.0
cx0.3_mut0.001,0.3,0.001,test_4,3,16,358,6.686637999898097,True,right/down,0.21200483549427074,300,54200,38.87800219999917,38.140625,1.0
cx0.3_mut0.001,0.3,0.001,test_4,3,17,359,5.8677923038849435,True,right/down,0.23253730993215574,300,54200,40.38647630000196,39.53125,1.0
cx0.3_mut0.001,0.3,0.001,test_4,3,18,360,5.826225804143504,True,right/down,0.23006574243040934,300,54200,39.96921010001097,38.96875,1.0
cx0.3_mut0.001,0.3,0.001,test_4,3,19,361,5.874565692741503,True,right/down,0.2306440822320249,300,54200,38.54748189999373,38.09375,1.0
cx0.3_mut0.001,0.3,0.001,test_5,4,0,442,5.937310457709265,True,right/down,0.24881738070426296,300,54200,41.00238549998903,40.578125,1.0
cx0.3_mut0.001,0.3,0.001,test_5,4,1,443,5.899773817966033,True,right/down,0.24291414386968932,300,54200,36.43898919998901,36.125,1.0
cx0.3_mut0.001,0.3,0.001,test_5,4,2,444,5.95739475022161,True,right/down,0.22901558976995906,300,54200,35.81617449999612,35.640625,1.0
cx0.3_mut0.001,0.3,0.001,test_5,4,3,445,5.572046922967083,True,right/down,0.2146245488097395,300,54200,45.149107199991704,44.828125,1.0
cx0.3_mut0.001,0.3,0.001,test_5,4,4,446,5.968050239694134,True,right/down,0.2383929701934398,300,54200,36.73632299999008,36.34375,1.0
cx0.3_mut0.001,0.3,0.001,test_5,4,5,447,5.819059141810418,True,right/down,0.18181511316650575,300,54200,40.46794280000904,39.296875,1.0
cx0.3_mut0.001,0.3,0.001,test_5,4,6,448,6.02220006759924,True,right/down,0.22151956288166919,300,54200,40.56895770000119,39.71875,1.0
cx0.3_mut0.001,0.3,0.001,test_5,4,7,449,5.808196164241825,True,right/down,0.15002129964826802,300,54200,40.371367699990515,39.453125,1.0
cx0.3_mut0.001,0.3,0.001,test_5,4,8,450,6.60778577689478,True,right/down,0.22080908201319896,300,54200,37.57080760000099,36.296875,1.0
cx0.3_mut0.001,0.3,0.001,test_5,4,9,451,6.404062082346296,True,right/down,0.2285332976291723,300,54200,41.5844408999983,40.09375,1.0
cx0.3_mut0.001,0.3,0.001,test_5,4,10,452,6.555889398931915,True,right/down,0.23493051855544375,300,54200,42.49514039998758,41.90625,1.0
cx0.3_mut0.001,0.3,0.001,test_5,4,11,453,5.546318108343284,True,right/down,0.2409753957539334,300,54200,42.16682880000735,41.671875,1.0
cx0.3_mut0.001,0.3,0.001,test_5,4,12,454,5.713054780833158,True,right/down,0.21754667692090074,300,54200,37.62547130000894,36.90625,1.0
cx0.3_mut0.001,0.3,0.001,test_5,4,13,455,5.6648776718249305,True,right/down,0.20807401157351257,300,54200,40.64941389999876,40.28125,1.0
cx0.3_mut0.001,0.3,0.001,test_5,4,14,456,5.8422970186203065,True,right/down,0.26981303699181397,300,54200,38.70507090000319,38.15625,1.0
cx0.3_mut0.001,0.3,0.001,test_5,4,15,457,5.943572494843016,True,right/down,0.23145597121987205,300,54200,40.95601999999781,40.546875,1.0
cx0.3_mut0.001,0.3,0.001,test_5,4,16,458,5.87886609369208,True,right/down,0.17277314657949538,300,54200,37.98274720000336,37.765625,1.0
cx0.3_mut0.001,0.3,0.001,test_5,4,17,459,6.08607439146704,True,right/down,0.20403129606362125,300,54200,41.51696609999635,40.734375,1.0
cx0.3_mut0.001,0.3,0.001,test_5,4,18,460,6.253188608905682,True,right/down,0.2214904380417431,300,54200,38.83950420000474,38.0,1.0
cx0.3_mut0.001,0.3,0.001,test_5,4,19,461,6.3626258667644615,True,right/down,0.19523469003680444,300,54200,38.27812560000166,37.515625,1.0
cx0.3_mut0.001,0.3,0.001,test_6,5,0,542,6.157470560025375,True,right/down,0.24108012760932554,300,54200,36.90677120001055,35.9375,1.0
cx0.3_mut0.001,0.3,0.001,test_6,5,1,543,6.243741597501312,True,right/down,0.17150147908448413,300,54200,44.39554549999593,43.53125,1.0
cx0.3_mut0.001,0.3,0.001,test_6,5,2,544,6.382401563264673,True,right/down,0.22421976531679072,300,54200,39.24054140000953,38.828125,1.0
cx0.3_mut0.001,0.3,0.001,test_6,5,3,545,6.004904601235533,True,right/down,0.20867021072356184,300,54200,40.23584809999738,39.9375,1.0
cx0.3_mut0.001,0.3,0.001,test_6,5,4,546,6.101749657730589,True,right/down,0.17562547521885813,300,54200,38.014063700000406,37.78125,1.0
cx0.3_mut0.001,0.3,0.001,test_6,5,5,547,5.641527799940978,True,right/down,0.22737431868532748,300,54200,38.39652449999994,37.828125,1.0
cx0.3_mut0.001,0.3,0.001,test_6,5,6,548,6.464067099313496,True,right/down,0.2111082031636384,300,54200,42.78498280000349,42.3125,1.0
cx0.3_mut0.001,0.3,0.001,test_6,5,7,549,6.512828445067441,True,right/down,0.24247154432589502,300,54200,41.90391790001013,41.078125,1.0
cx0.3_mut0.001,0.3,0.001,test_6,5,8,550,6.880883789705966,True,right/down,0.20093051777207166,300,54200,38.05594520000159,37.8125,1.0
cx0.3_mut0.001,0.3,0.001,test_6,5,9,551,6.33343704730415,True,right/down,0.21355379163756,300,54200,42.08730569999898,41.5,1.0
cx0.3_mut0.001,0.3,0.001,test_6,5,10,552,6.616137800813408,True,right/down,0.26054920650420155,300,54200,38.689870000001974,38.21875,1.0
cx0.3_mut0.001,0.3,0.001,test_6,5,11,553,7.135950654404923,True,right/down,0.22594697425154942,300,54200,44.336910499987425,43.59375,1.0
cx0.3_mut0.001,0.3,0.001,test_6,5,12,554,6.674551573017832,True,right/down,0.2443656415077411,300,54200,39.00424860000203,38.40625,1.0
cx0.3_mut0.001,0.3,0.001,test_6,5,13,555,6.356811888965724,True,right/down,0.22344702525191992,300,54200,41.80443469999591,40.859375,1.0
cx0.3_mut0.001,0.3,0.001,test_6,5,14,556,6.04652667508706,True,right/down,0.20000045072884387,300,54200,41.77985130000161,41.09375,1.0
cx0.3_mut0.001,0.3,0.001,test_6,5,15,557,6.560741348904845,True,right/down,0.17120435353174057,300,54200,39.32610010000644,39.140625,1.0
cx0.3_mut0.001,0.3,0.001,test_6,5,16,558,5.598281121911379,True,right/down,0.24381468508779913,300,54200,39.8247485000029,39.640625,1.0
cx0.3_mut0.001,0.3,0.001,test_6,5,17,559,5.900315660606014,True,right/down,0.20697918040389135,300,54200,37.71043589999317,37.515625,1.0
cx0.3_mut0.001,0.3,0.001,test_6,5,18,560,6.062653029324131,True,right/down,0.2056399160484878,300,54200,41.014690700001665,40.421875,1.0
cx0.3_mut0.001,0.3,0.001,test_6,5,19,561,6.570712478736109,True,right/down,0.23766917241980626,300,54200,34.60823439998785,34.359375,1.0
cx0.3_mut0.001,0.3,0.001,test_7,6,0,642,6.098784945512203,True,right/down,0.23042166718039553,300,54200,38.879078600002686,38.453125,1.0
cx0.3_mut0.001,0.3,0.001,test_7,6,1,643,5.981560379521718,True,right/down,0.17161710342211706,300,54200,43.05373070000496,42.609375,1.0
cx0.3_mut0.001,0.3,0.001,test_7,6,2,644,6.185209977230546,True,right/down,0.23178444083532407,300,54200,37.70141940000758,37.359375,1.0
cx0.3_mut0.001,0.3,0.001,test_7,6,3,645,5.262889697317707,True,right/down,0.22741717650163637,300,54200,37.89560390000406,37.484375,1.0
cx0.3_mut0.001,0.3,0.001,test_7,6,4,646,6.045363902823843,True,right/down,0.225258530030131,300,54200,40.21110950000002,39.46875,1.0
cx0.3_mut0.001,0.3,0.001,test_7,6,5,647,5.497987400625247,True,right/down,0.24628421194592173,300,54200,41.65750199998729,40.90625,1.0
cx0.3_mut0.001,0.3,0.001,test_7,6,6,648,5.661991113092144,True,right/down,0.17990265307065623,300,54200,40.769922299994505,40.25,1.0
cx0.3_mut0.001,0.3,0.001,test_7,6,7,649,6.145062536445098,True,right/down,0.22741246493103937,300,54200,39.044476800001576,38.515625,1.0
cx0.3_mut0.001,0.3,0.001,test_7,6,8,650,5.770069611360669,True,right/down,0.2424171786969997,300,54200,38.95496849999472,38.65625,1.0
cx0.3_mut0.001,0.3,0.001,test_7,6,9,651,5.826517122998087,True,right/down,0.25136139486824094,300,54200,40.8652182000078,40.28125,1.0
cx0.3_mut0.001,0.3,0.001,test_7,6,10,652,6.313470178217149,True,right/down,0.23407150773242527,300,54200,36.60694689999218,36.171875,1.0
cx0.3_mut0.001,0.3,0.001,test_7,6,11,653,5.922773795062129,True,right/down,0.19275642189868172,300,54200,41.5322285000002,41.171875,1.0
cx0.3_mut0.001,0.3,0.001,test_7,6,12,654,6.057849754533369,True,right/down,0.22729084427976007,300,54200,38.20947950000118,37.90625,1.0
cx0.3_mut0.001,0.3,0.001,test_7,6,13,655,5.503561368233989,True,right/down,0.21561418821554273,300,54200,42.2201858000044,42.015625,1.0
cx0.3_mut0.001,0.3,0.001,test_7,6,14,656,5.9643364905390746,True,right/down,0.25114179989265906,300,54200,43.105480300000636,42.71875,1.0
cx0.3_mut0.001,0.3,0.001,test_7,6,15,657,5.352904496650751,True,right/down,0.25018845116623534,300,54200,38.402184099992155,38.203125,1.0
cx0.3_mut0.001,0.3,0.001,test_7,6,16,658,6.174118154998849,True,right/down,0.21821414229818742,300,54200,40.82247699999425,39.859375,1.0
cx0.3_mut0.001,0.3,0.001,test_7,6,17,659,6.62606116429905,True,right/down,0.2481169737588251,300,54200,36.89112800000294,36.59375,1.0
cx0.3_mut0.001,0.3,0.001,test_7,6,18,660,6.256011753594829,True,right/down,0.20075011991159525,300,54200,39.50451719999546,38.90625,1.0
cx0.3_mut0.001,0.3,0.001,test_7,6,19,661,5.297469443049849,True,right/down,0.2558023271112864,300,54200,40.49313679999614,39.8125,1.0
cx0.3_mut0.001,0.3,0.001,test_8,7,0,742,6.543252829526494,True,right/down,0.23160958012428293,300,54200,37.71074330000556,36.859375,1.0
cx0.3_mut0.001,0.3,0.001,test_8,7,1,743,6.303801920253212,True,right/down,0.21740096046975368,300,54200,40.250190700011444,39.5,1.0
cx0.3_mut0.001,0.3,0.001,test_8,7,2,744,6.144221842135228,True,right/down,0.2288194218390351,300,54200,40.077995600004215,39.5,1.0
cx0.3_mut0.001,0.3,0.001,test_8,7,3,745,5.919956211115304,True,right/down,0.2593791281471881,300,54200,42.582438500001444,41.71875,1.0
cx0.3_mut0.001,0.3,0.001,test_8,7,4,746,6.557256911400705,True,right/down,0.25946947236178003,300,54200,41.47458769999503,40.765625,1.0
cx0.3_mut0.001,0.3,0.001,test_8,7,5,747,6.336486142366004,True,right/down,0.24568274752279337,300,54200,43.99241710000206,43.578125,1.0
cx0.3_mut0.001,0.3,0.001,test_8,7,6,748,6.123031501579886,True,right/down,0.23967734549499015,300,54200,36.761495300001116,36.59375,1.0
cx0.3_mut0.001,0.3,0.001,test_8,7,7,749,6.5353705927922805,True,right/down,0.2647685571622381,300,54200,37.230400100001134,36.84375,1.0
cx0.3_mut0.001,0.3,0.001,test_8,7,8,750,5.814437297932583,True,right/down,0.20388474412786253,300,54200,38.82962960000441,38.5625,1.0
cx0.3_mut0.001,0.3,0.001,test_8,7,9,751,6.918273020059205,True,right/down,0.22652841331989437,300,54200,41.89625089999754,41.65625,1.0
cx0.3_mut0.001,0.3,0.001,test_8,7,10,752,5.741646682626074,True,right/down,0.21113125070932517,300,54200,43.16282160000992,42.796875,1.0
cx0.3_mut0.001,0.3,0.001,test_8,7,11,753,6.833978777962141,True,right/down,0.1928158879828636,300,54200,42.11462279999978,41.40625,1.0
cx0.3_mut0.001,0.3,0.001,test_8,7,12,754,6.0532810709233615,True,right/down,0.2037430046668587,300,54200,42.55586770000809,41.90625,1.0
cx0.3_mut0.001,0.3,0.001,test_8,7,13,755,5.6095706882631315,True,right/down,0.22546408292749348,300,54200,43.331086400008644,42.640625,1.0
cx0.3_mut0.001,0.3,0.001,test_8,7,14,756,5.937914000775172,True,right/down,0.25797657965961923,300,54200,37.19968920000247,36.0625,1.0
cx0.3_mut0.001,0.3,0.001,test_8,7,15,757,5.973071857803529,True,right/down,0.2524281880412129,300,54200,42.17813889999525,41.71875,1.0
cx0.3_mut0.001,0.3,0.001,test_8,7,16,758,7.074446703057132,True,right/down,0.1836226343680947,300,54200,35.8251406000054,35.546875,1.0
cx0.3_mut0.001,0.3,0.001,test_8,7,17,759,6.147437861233101,True,right/down,0.2018260845600381,300,54200,38.69455640000524,38.390625,1.0
cx0.3_mut0.001,0.3,0.001,test_8,7,18,760,6.423718194427409,True,right/down,0.25728571124771193,300,54200,41.958189400000265,41.734375,1.0
cx0.3_mut0.001,0.3,0.001,test_8,7,19,761,5.8772549210750595,True,right/down,0.25373642772258564,300,54200,43.57159859999956,43.15625,1.0
cx0.3_mut0.001,0.3,0.001,test_9,8,0,842,6.072884190879491,True,right/down,0.21130190596068069,300,54200,39.806086500000674,39.515625,1.0
cx0.3_mut0.001,0.3,0.001,test_9,8,1,843,7.150236199303669,True,right/down,0.1852441455830325,300,54200,40.14999279999756,39.28125,1.0
cx0.3_mut0.001,0.3,0.001,test_9,8,2,844,6.535938411296118,True,right/down,0.19895660339649493,300,54200,37.15274489999865,36.921875,1.0
cx0.3_mut0.001,0.3,0.001,test_9,8,3,845,6.961802425231071,True,right/down,0.2058438935424079,300,54200,40.5053110000008,39.875,1.0
cx0.3_mut0.001,0.3,0.001,test_9,8,4,846,6.196490732023231,True,right/down,0.18949839451259018,300,54200,44.24322889999894,43.90625,1.0
cx0.3_mut0.001,0.3,0.001,test_9,8,5,847,6.329476599333081,True,right/down,0.1717914138923729,300,54200,41.98703150000074,41.265625,1.0
cx0.3_mut0.001,0.3,0.001,test_9,8,6,848,5.71162874949852,True,right/down,0.18114816336711573,300,54200,39.3570602999971,38.6875,1.0
cx0.3_mut0.001,0.3,0.001,test_9,8,7,849,5.770746215012868,True,right/down,0.24075484819766507,300,54200,40.46685260000231,39.90625,1.0
cx0.3_mut0.001,0.3,0.001,test_9,8,8,850,6.034793546207766,True,right/down,0.20151110186533244,300,54200,39.294523400007165,38.953125,1.0
cx0.3_mut0.001,0.3,0.001,test_9,8,9,851,5.784220519099263,True,right/down,0.23551404231277875,300,54200,38.35780290000548,38.0,1.0
cx0.3_mut0.001,0.3,0.001,test_9,8,10,852,5.7389907726021985,True,right/down,0.2146364676364485,300,54200,44.20877980001387,43.9375,1.0
cx0.3_mut0.001,0.3,0.001,test_9,8,11,853,5.5723394048780195,True,right/down,0.2266549051532568,300,54200,41.774411799997324,41.171875,1.0
cx0.3_mut0.001,0.3,0.001,test_9,8,12,854,5.639666403168359,True,right/down,0.2334861577118015,300,54200,39.40987800000585,39.171875,1.0
cx0.3_mut0.001,0.3,0.001,test_9,8,13,855,6.20253056778771,True,right/down,0.23474833899823466,300,54200,38.90742900001351,38.640625,1.0
cx0.3_mut0.001,0.3,0.001,test_9,8,14,856,6.719672468728474,True,right/down,0.21273362165396806,300,54200,36.8394399999961,36.578125,1.0
cx0.3_mut0.001,0.3,0.001,test_9,8,15,857,5.992890569844294,True,right/down,0.21875828331437797,300,54200,40.63500709999062,40.171875,1.0
cx0.3_mut0.001,0.3,0.001,test_9,8,16,858,6.515595860909836,True,right/down,0.15584258680403734,300,54200,39.06652870000107,38.78125,1.0
cx0.3_mut0.001,0.3,0.001,test_9,8,17,859,6.707571978520476,True,right/down,0.2045386861115438,300,54200,42.35936030000448,41.65625,1.0
cx0.3_mut0.001,0.3,0.001,test_9,8,18,860,6.545477028633116,True,right/down,0.23321291395779611,300,54200,35.228046899996116,34.90625,1.0
cx0.3_mut0.001,0.3,0.001,test_9,8,19,861,6.5050225903911745,True,right/down,0.15921913533386717,300,54200,43.95054089999758,43.3125,1.0
cx0.3_mut0.001,0.3,0.001,test_10,9,0,942,6.522336457319169,True,right/down,0.20801389311939072,300,54200,37.85027850000188,37.203125,1.0
cx0.3_mut0.001,0.3,0.001,test_10,9,1,943,6.298633290641195,True,right/down,0.22253430284863426,300,54200,41.439526100002695,40.703125,1.0
cx0.3_mut0.001,0.3,0.001,test_10,9,2,944,5.8993465896256465,True,right/down,0.21203754178922654,300,54200,39.12573610000254,38.21875,1.0
cx0.3_mut0.001,0.3,0.001,test_10,9,3,945,6.532035620032699,True,right/down,0.18803555497581448,300,54200,39.719755500002066,39.25,1.0
cx0.3_mut0.001,0.3,0.001,test_10,9,4,946,6.392802707280181,True,right/down,0.18623357219228137,300,54200,37.262959100000444,37.0625,1.0
cx0.3_mut0.001,0.3,0.001,test_10,9,5,947,6.07336210697768,True,right/down,0.17692457484600493,300,54200,38.85904660000233,38.515625,1.0
cx0.3_mut0.001,0.3,0.001,test_10,9,6,948,5.750332403254813,True,right/down,0.20501751709459273,300,54200,42.149925499994424,41.671875,1.0
cx0.3_mut0.001,0.3,0.001,test_10,9,7,949,5.801231041106916,True,right/down,0.21716334538387808,300,54200,39.06102870000177,38.578125,1.0
cx0.3_mut0.001,0.3,0.001,test_10,9,8,950,6.11999742018608,True,right/down,0.2191622719405809,300,54200,41.36441020001075,40.75,1.0
cx0.3_mut0.001,0.3,0.001,test_10,9,9,951,6.2915238978027705,True,right/down,0.2426355559355447,300,54200,40.980397800012724,40.5625,1.0
cx0.3_mut0.001,0.3,0.001,test_10,9,10,952,5.553055288302112,True,right/down,0.2082707558302019,300,54200,37.27373339999758,37.0,1.0
cx0.3_mut0.001,0.3,0.001,test_10,9,11,953,6.610243520411563,True,right/down,0.20386740327014657,300,54200,43.829950299987104,43.453125,1.0
cx0.3_mut0.001,0.3,0.001,test_10,9,12,954,5.745179904267145,True,right/down,0.2206125930294597,300,54200,38.92577020000317,38.40625,1.0
cx0.3_mut0.001,0.3,0.001,test_10,9,13,955,6.554489329282184,True,right/down,0.18668575177482385,300,54200,39.61668490000011,39.015625,1.0
cx0.3_mut0.001,0.3,0.001,test_10,9,14,956,5.947952316860822,True,right/down,0.1774029928190278,300,54200,41.68862380000064,41.09375,1.0
cx0.3_mut0.001,0.3,0.001,test_10,9,15,957,5.611569424936694,True,right/down,0.2097947232421254,300,54200,37.49581579999358,36.875,1.0
cx0.3_mut0.001,0.3,0.001,test_10,9,16,958,5.9150181219616265,True,right/down,0.1836352454273173,300,54200,39.677706599992234,39.265625,1.0
cx0.3_mut0.001,0.3,0.001,test_10,9,17,959,6.264853233782976,True,right/down,0.17441576038373455,300,54200,36.9402173999988,36.71875,1.0
cx0.3_mut0.001,0.3,0.001,test_10,9,18,960,6.2553431635062,True,right/down,0.24173126472415324,300,54200,46.17394449999847,45.90625,1.0
cx0.3_mut0.001,0.3,0.001,test_10,9,19,961,6.8500533158641845,True,right/down,0.2050107074464734,300,54200,38.92376290001266,38.671875,1.0
cx0.3_mut0.01,0.3,0.01,test_1,0,0,42,5.457364453002265,True,right/down,0.18758731300797332,300,54200,42.03986989999248,41.421875,1.0
cx0.3_mut0.01,0.3,0.01,test_1,0,1,43,6.120446480044993,True,right/down,0.22274459470732327,300,54200,38.21309679999831,37.890625,1.0
cx0.3_mut0.01,0.3,0.01,test_1,0,2,44,5.53033057937822,True,right/down,0.24433255148847105,300,54200,39.01228370000899,38.28125,1.0
cx0.3_mut0.01,0.3,0.01,test_1,0,3,45,5.348160271303773,True,right/down,0.207305009218361,300,54200,40.22598219999054,39.28125,1.0
cx0.3_mut0.01,0.3,0.01,test_1,0,4,46,5.013687867079017,True,right/down,0.20492939038623176,300,54200,40.23423879999609,39.28125,1.0
cx0.3_mut0.01,0.3,0.01,test_1,0,5,47,5.728639532515036,True,right/down,0.22242180412870224,300,54200,39.98970979999285,39.375,1.0
cx0.3_mut0.01,0.3,0.01,test_1,0,6,48,5.914869819947023,True,right/down,0.23231025261133245,300,54200,38.23518960000365,37.828125,1.0
cx0.3_mut0.01,0.3,0.01,test_1,0,7,49,5.507867889043233,True,right/down,0.24434489833797224,300,54200,40.20267889999377,39.90625,1.0
cx0.3_mut0.01,0.3,0.01,test_1,0,8,50,6.642946262823576,True,right/down,0.23099904833892265,300,54200,36.60047769999073,36.3125,1.0
cx0.3_mut0.01,0.3,0.01,test_1,0,9,51,5.286998478148101,True,right/down,0.24573838470940898,300,54200,42.7938642000081,42.109375,1.0
cx0.3_mut0.01,0.3,0.01,test_1,0,10,52,5.1115797015034055,True,right/down,0.23064574818255015,300,54200,42.58548310000333,42.21875,1.0
cx0.3_mut0.01,0.3,0.01,test_1,0,11,53,5.543327397081595,True,right/down,0.21821495873302263,300,54200,36.39662739999767,36.25,1.0
cx0.3_mut0.01,0.3,0.01,test_1,0,12,54,5.641736610582199,True,right/down,0.20126056288780678,300,54200,35.315723200008506,35.09375,1.0
cx0.3_mut0.01,0.3,0.01,test_1,0,13,55,5.068124139518028,True,right/down,0.25249062511695747,300,54200,38.35024369999883,38.109375,1.0
cx0.3_mut0.01,0.3,0.01,test_1,0,14,56,5.451341590691193,True,right/down,0.21435824330423986,300,54200,38.675352300007944,38.234375,1.0
cx0.3_mut0.01,0.3,0.01,test_1,0,15,57,5.278214267552409,True,right/down,0.2558579474114892,300,54200,37.63617859999067,36.9375,1.0
cx0.3_mut0.01,0.3,0.01,test_1,0,16,58,6.417629851282448,True,right/down,0.19111880933865688,300,54200,35.36431570000423,34.578125,1.0
cx0.3_mut0.01,0.3,0.01,test_1,0,17,59,5.650640078936868,True,right/down,0.2542224446113369,300,54200,41.3766684000002,40.375,1.0
cx0.3_mut0.01,0.3,0.01,test_1,0,18,60,6.119203900141146,True,right/down,0.235484593633711,300,54200,38.3467762000073,37.71875,1.0
cx0.3_mut0.01,0.3,0.01,test_1,0,19,61,5.937062469190405,True,right/down,0.2350213500826136,300,54200,40.04211750000832,39.84375,1.0
cx0.3_mut0.01,0.3,0.01,test_2,1,0,142,5.392338511608329,True,right/down,0.21942884952813094,300,54200,38.181540999998106,37.90625,1.0
cx0.3_mut0.01,0.3,0.01,test_2,1,1,143,5.642682932342478,True,right/down,0.22705528506226438,300,54200,38.416465999995125,38.03125,1.0
cx0.3_mut0.01,0.3,0.01,test_2,1,2,144,5.462719089084009,True,right/down,0.2335554451148973,300,54200,37.97789449999982,37.46875,1.0
cx0.3_mut0.01,0.3,0.01,test_2,1,3,145,5.391688150783467,True,right/down,0.21944317068763058,300,54200,38.66296169999987,37.921875,1.0
cx0.3_mut0.01,0.3,0.01,test_2,1,4,146,5.345324679726102,True,right/down,0.23458471507384243,300,54200,35.93908170000941,35.359375,1.0
cx0.3_mut0.01,0.3,0.01,test_2,1,5,147,5.439044706910062,True,right/down,0.20323346585539154,300,54200,38.6522541000013,38.078125,1.0
cx0.3_mut0.01,0.3,0.01,test_2,1,6,148,5.615993402696954,True,right/down,0.2530626828948731,300,54200,35.46040900000662,35.0,1.0
cx0.3_mut0.01,0.3,0.01,test_2,1,7,149,5.180935598829504,True,right/down,0.22277295452004248,300,54200,37.87949099999969,37.25,1.0
cx0.3_mut0.01,0.3,0.01,test_2,1,8,150,5.607913308149822,True,right/down,0.25661138653757953,300,54200,41.65274450001016,40.6875,1.0
cx0.3_mut0.01,0.3,0.01,test_2,1,9,151,5.5869262451744826,True,right/down,0.23833185051311234,300,54200,35.3406052999926,34.59375,1.0
cx0.3_mut0.01,0.3,0.01,test_2,1,10,152,5.410398155814739,True,right/down,0.22342153494056985,300,54200,38.6750408999942,37.875,1.0
cx0.3_mut0.01,0.3,0.01,test_2,1,11,153,5.771922401398479,True,right/down,0.2113866835148215,300,54200,34.127360499987844,33.546875,1.0
cx0.3_mut0.01,0.3,0.01,test_2,1,12,154,5.584573399822062,True,right/down,0.21292134628130066,300,54200,37.32623049999529,36.890625,1.0
cx0.3_mut0.01,0.3,0.01,test_2,1,13,155,5.641786094528198,True,right/down,0.22629344358785702,300,54200,36.376952799997525,35.8125,1.0
cx0.3_mut0.01,0.3,0.01,test_2,1,14,156,5.398894431515462,True,right/down,0.23380106896170455,300,54200,39.411860799998976,39.1875,1.0
cx0.3_mut0.01,0.3,0.01,test_2,1,15,157,5.64022353256124,True,right/down,0.23046893812436103,300,54200,36.63187610000023,36.4375,1.0
cx0.3_mut0.01,0.3,0.01,test_2,1,16,158,5.2402662701534455,True,right/down,0.18173851023866613,300,54200,38.354558999999426,38.125,1.0
cx0.3_mut0.01,0.3,0.01,test_2,1,17,159,5.934063388777637,True,right/down,0.20204014477848947,300,54200,32.55397720000474,32.25,1.0
cx0.3_mut0.01,0.3,0.01,test_2,1,18,160,5.571473364531627,True,right/down,0.22031708731357336,300,54200,37.90981290000491,37.484375,1.0
cx0.3_mut0.01,0.3,0.01,test_2,1,19,161,5.622432496294335,True,right/down,0.22643826075509318,300,54200,41.76884479999717,41.421875,1.0
cx0.3_mut0.01,0.3,0.01,test_3,2,0,242,5.305699414737868,True,right/down,0.24021789948467406,300,54200,39.56179560000601,39.1875,1.0
cx0.3_mut0.01,0.3,0.01,test_3,2,1,243,5.322157135574472,True,right/down,0.25177665112342096,300,54200,40.481815899998765,40.140625,1.0
cx0.3_mut0.01,0.3,0.01,test_3,2,2,244,5.2127787185000445,True,right/down,0.2414694816146507,300,54200,37.594990500001586,37.328125,1.0
cx0.3_mut0.01,0.3,0.01,test_3,2,3,245,5.11208192101247,True,right/down,0.2066581672941688,300,54200,36.83666410000296,36.171875,1.0
cx0.3_mut0.01,0.3,0.01,test_3,2,4,246,5.29715934989723,True,right/down,0.2632820046177049,300,54200,38.93568320000486,38.1875,1.0
cx0.3_mut0.01,0.3,0.01,test_3,2,5,247,5.242335990551304,True,right/down,0.26752602349997273,300,54200,35.01367540001229,34.296875,1.0
cx0.3_mut0.01,0.3,0.01,test_3,2,6,248,5.092805264877559,True,right/down,0.23515033456696258,300,54200,38.44024630000058,37.859375,1.0
cx0.3_mut0.01,0.3,0.01,test_3,2,7,249,4.965730420625924,True,right/down,0.23816301053937572,300,54200,38.84581309999339,38.390625,1.0
cx0.3_mut0.01,0.3,0.01,test_3,2,8,250,5.353877311014783,True,right/down,0.23742633164797197,300,54200,38.16222149999521,37.859375,1.0
cx0.3_mut0.01,0.3,0.01,test_3,2,9,251,5.533216487958722,True,right/down,0.2218416765019824,300,54200,40.04939520001062,39.65625,1.0
cx0.3_mut0.01,0.3,0.01,test_3,2,10,252,5.440144718370149,True,right/down,0.23362342797552116,300,54200,36.47055530000944,36.15625,1.0
cx0.3_mut0.01,0.3,0.01,test_3,2,11,253,5.913097274729756,True,right/down,0.25487302657507593,300,54200,38.306608400002006,37.828125,1.0
cx0.3_mut0.01,0.3,0.01,test_3,2,12,254,4.991094002009904,True,right/down,0.24137744668448385,300,54200,36.640319300000556,36.265625,1.0
cx0.3_mut0.01,0.3,0.01,test_3,2,13,255,5.105419463558318,True,right/down,0.23305813346014292,300,54200,39.88643020000018,39.265625,1.0
cx0.3_mut0.01,0.3,0.01,test_3,2,14,256,5.162600459806606,True,right/down,0.25775292908478736,300,54200,36.864894500002265,36.546875,1.0
cx0.3_mut0.01,0.3,0.01,test_3,2,15,257,5.2757786569011165,True,right/down,0.23530437930090142,300,54200,38.3196098000044,37.96875,1.0
cx0.3_mut0.01,0.3,0.01,test_3,2,16,258,5.276283017511384,True,right/down,0.22790871725569406,300,54200,38.33827919999021,37.984375,1.0
cx0.3_mut0.01,0.3,0.01,test_3,2,17,259,4.868603353398316,True,right/down,0.24695942791697365,300,54200,38.755027399995015,38.0625,1.0
cx0.3_mut0.01,0.3,0.01,test_3,2,18,260,5.038033971838388,True,right/down,0.23108491435829556,300,54200,39.88221959999646,39.125,1.0
cx0.3_mut0.01,0.3,0.01,test_3,2,19,261,5.2791144971589805,True,right/down,0.2524185398717292,300,54200,35.22428029999719,34.625,1.0
cx0.3_mut0.01,0.3,0.01,test_4,3,0,342,5.6621506984716214,True,right/down,0.2263566582196484,300,54200,36.32249980000779,35.75,1.0
cx0.3_mut0.01,0.3,0.01,test_4,3,1,343,5.447811390467361,True,right/down,0.25325414646560296,300,54200,40.40309459999844,39.90625,1.0
cx0.3_mut0.01,0.3,0.01,test_4,3,2,344,5.1329945676097655,True,right/down,0.24364194175683473,300,54200,38.89129339999636,38.390625,1.0
cx0.3_mut0.01,0.3,0.01,test_4,3,3,345,5.693079207971774,True,right/down,0.23572220751471495,300,54200,35.56760179999401,35.109375,1.0
cx0.3_mut0.01,0.3,0.01,test_4,3,4,346,5.55102866924875,True,right/down,0.22285800868792682,300,54200,37.14995989999443,36.59375,1.0
cx0.3_mut0.01,0.3,0.01,test_4,3,5,347,5.944380025637964,True,right/down,0.19106074948277307,300,54200,37.482004299992695,36.9375,1.0
cx0.3_mut0.01,0.3,0.01,test_4,3,6,348,5.625153452563052,True,right/down,0.2431175345498517,300,54200,37.724068600000464,37.421875,1.0
cx0.3_mut0.01,0.3,0.01,test_4,3,7,349,5.496602687948908,True,right/down,0.2144075990582144,300,54200,39.14156109999749,38.96875,1.0
cx0.3_mut0.01,0.3,0.01,test_4,3,8,350,6.354326502993204,True,right/down,0.2341061506257828,300,54200,37.08084360000794,36.6875,1.0
cx0.3_mut0.01,0.3,0.01,test_4,3,9,351,5.323957460020606,True,right/down,0.2397095258127577,300,54200,39.43450160000066,39.125,1.0
cx0.3_mut0.01,0.3,0.01,test_4,3,10,352,5.268326339061218,True,right/down,0.20667197019576983,300,54200,36.99927309999475,36.75,1.0
cx0.3_mut0.01,0.3,0.01,test_4,3,11,353,5.42612480727262,True,right/down,0.2627519872148715,300,54200,38.9923187999957,38.75,1.0
cx0.3_mut0.01,0.3,0.01,test_4,3,12,354,5.593136725274762,True,right/down,0.23990828656271515,300,54200,36.996836899998016,36.375,1.0
cx0.3_mut0.01,0.3,0.01,test_4,3,13,355,5.488348758411771,True,right/down,0.23790234343901856,300,54200,37.499014599990915,36.78125,1.0
cx0.3_mut0.01,0.3,0.01,test_4,3,14,356,5.402063097211707,True,right/down,0.18901539668501274,300,54200,47.82984679999936,46.703125,1.0
cx0.3_mut0.01,0.3,0.01,test_4,3,15,357,5.2921565564725634,True,right/down,0.21172842868863467,300,54200,46.366100499988534,45.59375,1.0
cx0.3_mut0.01,0.3,0.01,test_4,3,16,358,5.522871566192331,True,right/down,0.23587410257806485,300,54200,39.180930100003025,38.640625,1.0
cx0.3_mut0.01,0.3,0.01,test_4,3,17,359,5.641191209504334,True,right/down,0.2565258358216438,300,54200,43.32481990000815,42.546875,1.0
cx0.3_mut0.01,0.3,0.01,test_4,3,18,360,5.51439003220229,True,right/down,0.26478308359551017,300,54200,40.49316529999487,39.390625,1.0
cx0.3_mut0.01,0.3,0.01,test_4,3,19,361,5.171561605164699,True,right/down,0.23524563449320018,300,54200,37.53099810000276,37.125,1.0
cx0.3_mut0.01,0.3,0.01,test_5,4,0,442,5.36111979123563,True,right/down,0.21160018538477507,300,54200,41.1087647999957,40.65625,1.0
cx0.3_mut0.01,0.3,0.01,test_5,4,1,443,5.587561626841072,True,right/down,0.24060204617473896,300,54200,43.6058861999918,43.25,1.0
cx0.3_mut0.01,0.3,0.01,test_5,4,2,444,5.290660564709352,True,right/down,0.21390038669152525,300,54200,41.788996100003715,41.53125,1.0
cx0.3_mut0.01,0.3,0.01,test_5,4,3,445,5.45884861771322,True,right/down,0.22326234022212402,300,54200,41.43271829999867,41.09375,1.0
cx0.3_mut0.01,0.3,0.01,test_5,4,4,446,5.331220006406245,True,right/down,0.2573960780504067,300,54200,38.13532180000038,37.75,1.0
cx0.3_mut0.01,0.3,0.01,test_5,4,5,447,5.673747912536946,True,right/down,0.23022088375073188,300,54200,40.68817519998993,39.546875,1.0
cx0.3_mut0.01,0.3,0.01,test_5,4,6,448,5.574963512920258,True,right/down,0.23007167290810399,300,54200,39.62328289999277,38.65625,1.0
cx0.3_mut0.01,0.3,0.01,test_5,4,7,449,5.783956548750767,True,right/down,0.20862706083994004,300,54200,38.26232490000257,37.4375,1.0
cx0.3_mut0.01,0.3,0.01,test_5,4,8,450,5.523861644578059,True,right/down,0.2107988545944515,300,54200,42.4931779000035,41.125,1.0
cx0.3_mut0.01,0.3,0.01,test_5,4,9,451,6.36581946226373,True,right/down,0.21352091107574392,300,54200,45.51939940000011,44.09375,1.0
cx0.3_mut0.01,0.3,0.01,test_5,4,10,452,5.692348305404382,True,right/down,0.24091284161923618,300,54200,43.74410060000082,42.890625,1.0
cx0.3_mut0.01,0.3,0.01,test_5,4,11,453,5.358624542454086,True,right/down,0.24508270980102687,300,54200,40.644847400006256,40.234375,1.0
cx0.3_mut0.01,0.3,0.01,test_5,4,12,454,5.443734345552244,True,right/down,0.23379356671884235,300,54200,43.236507099994924,42.609375,1.0
cx0.3_mut0.01,0.3,0.01,test_5,4,13,455,5.437247595524099,True,right/down,0.22113433146936118,300,54200,43.00595940000494,42.71875,1.0
cx0.3_mut0.01,0.3,0.01,test_5,4,14,456,5.583790219049527,True,right/down,0.2546688150144527,300,54200,44.604834999991,44.109375,1.0
cx0.3_mut0.01,0.3,0.01,test_5,4,15,457,5.648269572321185,True,right/down,0.23536818578373228,300,54200,41.25399230000039,40.96875,1.0
cx0.3_mut0.01,0.3,0.01,test_5,4,16,458,5.5112179224816655,True,right/down,0.23100053698942707,300,54200,44.097276499989675,43.640625,1.0
cx0.3_mut0.01,0.3,0.01,test_5,4,17,459,5.354413368701794,True,right/down,0.22649208910030924,300,54200,42.754964399995515,41.546875,1.0
cx0.3_mut0.01,0.3,0.01,test_5,4,18,460,5.230098899338113,True,right/down,0.20340322388768156,300,54200,39.50521000000299,38.484375,1.0
cx0.3_mut0.01,0.3,0.01,test_5,4,19,461,5.38425937037861,True,right/down,0.23759102546539193,300,54200,36.34086050000042,35.34375,1.0
cx0.3_mut0.01,0.3,0.01,test_6,5,0,542,6.225386711040072,True,right/down,0.22931211200848128,300,54200,38.51101950000157,37.671875,1.0
cx0.3_mut0.01,0.3,0.01,test_6,5,1,543,5.819425223227512,True,right/down,0.20321561425770057,300,54200,44.863446899995324,43.90625,1.0
cx0.3_mut0.01,0.3,0.01,test_6,5,2,544,6.417364236205524,True,right/down,0.22887565811293445,300,54200,41.69184959999984,41.359375,1.0
cx0.3_mut0.01,0.3,0.01,test_6,5,3,545,5.354942612421658,True,right/down,0.23659273591400862,300,54200,41.91199590000906,41.5625,1.0
cx0.3_mut0.01,0.3,0.01,test_6,5,4,546,5.599805453809112,True,right/down,0.21874741152696997,300,54200,41.677548699997715,41.421875,1.0
cx0.3_mut0.01,0.3,0.01,test_6,5,5,547,5.642918382848637,True,right/down,0.22038371579474755,300,54200,41.40841430000728,40.6875,1.0
cx0.3_mut0.01,0.3,0.01,test_6,5,6,548,6.507378914383863,True,right/down,0.22394598881783118,300,54200,40.90292760000739,40.53125,1.0
cx0.3_mut0.01,0.3,0.01,test_6,5,7,549,6.236871734706197,True,right/down,0.21473187782124278,300,54200,42.53692650000448,41.859375,1.0
cx0.3_mut0.01,0.3,0.01,test_6,5,8,550,6.497391316555128,True,right/down,0.22519529556305626,300,54200,39.35483519999252,38.953125,1.0
cx0.3_mut0.01,0.3,0.01,test_6,5,9,551,6.064415470741115,True,right/down,0.24391426424140558,300,54200,41.84126339999784,41.3125,1.0
cx0.3_mut0.01,0.3,0.01,test_6,5,10,552,6.065073027676039,True,right/down,0.2564367386076113,300,54200,40.72455810000247,40.15625,1.0
cx0.3_mut0.01,0.3,0.01,test_6,5,11,553,6.900136891430197,True,right/down,0.23222733745564839,300,54200,43.336994800003595,42.5625,1.0
cx0.3_mut0.01,0.3,0.01,test_6,5,12,554,5.786081434412015,True,right/down,0.2099575025151225,300,54200,42.42694580000534,41.734375,1.0
cx0.3_mut0.01,0.3,0.01,test_6,5,13,555,5.792609263690368,True,right/down,0.21524469851159594,300,54200,42.015416299997014,41.234375,1.0
cx0.3_mut0.01,0.3,0.01,test_6,5,14,556,5.67241831136176,True,right/down,0.17360846189126453,300,54200,41.459714999989956,40.671875,1.0
cx0.3_mut0.01,0.3,0.01,test_6,5,15,557,5.465540652389464,True,right/down,0.21863056757359925,300,54200,42.14450599999691,41.90625,1.0
cx0.3_mut0.01,0.3,0.01,test_6,5,16,558,6.058967775200313,True,right/down,0.23936834269501778,300,54200,42.13554309999745,41.90625,1.0
cx0.3_mut0.01,0.3,0.01,test_6,5,17,559,5.799484228471291,True,right/down,0.2456271440505291,300,54200,42.962031200004276,42.8125,1.0
cx0.3_mut0.01,0.3,0.01,test_6,5,18,560,5.572239792157058,True,right/down,0.2056399160484878,300,54200,42.60775189999549,41.703125,1.0
cx0.3_mut0.01,0.3,0.01,test_6,5,19,561,5.523308708617317,True,right/down,0.23990476290562182,300,54200,37.7095127000066,37.4375,1.0
cx0.3_mut0.01,0.3,0.01,test_7,6,0,642,5.3200593454373974,True,right/down,0.24774953180576495,300,54200,44.74938129998918,44.1875,1.0
cx0.3_mut0.01,0.3,0.01,test_7,6,1,643,5.338527561810486,True,right/down,0.2565090991492484,300,54200,43.649038300005486,43.203125,1.0
cx0.3_mut0.01,0.3,0.01,test_7,6,2,644,5.470407909411019,True,right/down,0.14977842413505468,300,54200,42.088973900012206,41.59375,1.0
cx0.3_mut0.01,0.3,0.01,test_7,6,3,645,5.103709986255146,True,right/down,0.2546887485294033,300,54200,40.12860989999899,39.734375,1.0
cx0.3_mut0.01,0.3,0.01,test_7,6,4,646,5.436651632009822,True,right/down,0.23854719019131077,300,54200,37.76152010000078,36.875,1.0
cx0.3_mut0.01,0.3,0.01,test_7,6,5,647,5.503182400052758,True,right/down,0.2581512390753186,300,54200,42.26096550001239,41.734375,1.0
cx0.3_mut0.01,0.3,0.01,test_7,6,6,648,5.542310993251045,True,right/down,0.21223126962289182,300,54200,35.87276919999567,35.1875,1.0
cx0.3_mut0.01,0.3,0.01,test_7,6,7,649,5.762462194318479,True,right/down,0.23899040941988436,300,54200,41.91309960000217,41.15625,1.0
cx0.3_mut0.01,0.3,0.01,test_7,6,8,650,5.396437752723912,True,right/down,0.2297856932935998,300,54200,41.963443100001314,41.609375,1.0
cx0.3_mut0.01,0.3,0.01,test_7,6,9,651,5.168364812687074,True,right/down,0.25031592492564525,300,54200,40.8254467999941,39.875,1.0
cx0.3_mut0.01,0.3,0.01,test_7,6,10,652,5.221985930574705,True,right/down,0.26042761098447526,300,54200,40.758849899997585,40.3125,1.0
cx0.3_mut0.01,0.3,0.01,test_7,6,11,653,5.28059905419894,True,right/down,0.2433162908511637,300,54200,45.59159889999137,45.140625,1.0
cx0.3_mut0.01,0.3,0.01,test_7,6,12,654,5.716157689132655,True,right/down,0.2279767706363542,300,54200,42.79303230000369,42.4375,1.0
cx0.3_mut0.01,0.3,0.01,test_7,6,13,655,5.39448626675842,True,right/down,0.2322411131609129,300,54200,42.127869799995096,41.734375,1.0
cx0.3_mut0.01,0.3,0.01,test_7,6,14,656,6.023135224579241,True,right/down,0.2222754759538066,300,54200,44.93030480000016,44.515625,1.0
cx0.3_mut0.01,0.3,0.01,test_7,6,15,657,5.858082767934372,True,right/down,0.21818222353075506,300,54200,41.332855800006655,41.0625,1.0
cx0.3_mut0.01,0.3,0.01,test_7,6,16,658,5.898600473432928,True,right/down,0.24526296615169482,300,54200,46.08834339999885,45.140625,1.0
cx0.3_mut0.01,0.3,0.01,test_7,6,17,659,6.247994970297871,True,right/down,0.26610046149013644,300,54200,39.87572290000389,39.53125,1.0
cx0.3_mut0.01,0.3,0.01,test_7,6,18,660,5.305361470898171,True,right/down,0.23765328680129758,300,54200,40.957282900009886,40.3125,1.0
cx0.3_mut0.01,0.3,0.01,test_7,6,19,661,4.974423257566244,True,right/down,0.24054896432102332,300,54200,45.136899800010724,43.984375,1.0
cx0.3_mut0.01,0.3,0.01,test_8,7,0,742,6.603071835041553,True,right/down,0.20670553484070905,300,54200,47.43374670000048,46.53125,1.0
cx0.3_mut0.01,0.3,0.01,test_8,7,1,743,5.354631912849882,True,right/down,0.23063548150221225,300,54200,45.44294950000767,44.828125,1.0
cx0.3_mut0.01,0.3,0.01,test_8,7,2,744,5.226233225728213,True,right/down,0.2544238569920036,300,54200,41.25570579999476,40.5625,1.0
cx0.3_mut0.01,0.3,0.01,test_8,7,3,745,5.025018915729058,True,right/down,0.2530756544381689,300,54200,42.45631140000478,41.640625,1.0
cx0.3_mut0.01,0.3,0.01,test_8,7,4,746,6.90756382241249,True,right/down,0.2344696693338568,300,54200,40.00982990000921,39.4375,1.0
cx0.3_mut0.01,0.3,0.01,test_8,7,5,747,5.960145705374762,True,right/down,0.24639993534064786,300,54200,41.85069219999423,41.515625,1.0
cx0.3_mut0.01,0.3,0.01,test_8,7,6,748,5.575458704095061,True,right/down,0.2369252522751238,300,54200,44.630540300000575,44.375,1.0
cx0.3_mut0.01,0.3,0.01,test_8,7,7,749,5.685239961417387,True,right/down,0.24627150747036128,300,54200,41.910342000002856,41.625,1.0
cx0.3_mut0.01,0.3,0.01,test_8,7,8,750,5.578273543038444,True,right/down,0.2619552115172385,300,54200,42.491102700005285,42.203125,1.0
cx0.3_mut0.01,0.3,0.01,test_8,7,9,751,6.01148307775659,True,right/down,0.23978372498235226,300,54200,41.630807800000184,41.3125,1.0
cx0.3_mut0.01,0.3,0.01,test_8,7,10,752,5.245058436147605,True,right/down,0.2200302162792442,300,54200,37.813183199992636,37.234375,1.0
cx0.3_mut0.01,0.3,0.01,test_8,7,11,753,5.777068243993233,True,right/down,0.2667756642908579,300,54200,43.511369200001354,42.53125,1.0
cx0.3_mut0.01,0.3,0.01,test_8,7,12,754,5.5296799789486535,True,right/down,0.1996485623075936,300,54200,39.92135920000146,39.15625,1.0
cx0.3_mut0.01,0.3,0.01,test_8,7,13,755,6.323212486935685,True,right/down,0.24975360526446602,300,54200,40.33641580000403,39.484375,1.0
cx0.3_mut0.01,0.3,0.01,test_8,7,14,756,5.068375014292527,True,right/down,0.23250320069399294,300,54200,44.47410730000411,43.46875,1.0
cx0.3_mut0.01,0.3,0.01,test_8,7,15,757,5.658977657735766,True,right/down,0.2535519853460361,300,54200,42.79358670000511,42.390625,1.0
cx0.3_mut0.01,0.3,0.01,test_8,7,16,758,5.205265957126432,True,right/down,0.26275815934309293,300,54200,43.76378820001264,43.546875,1.0
cx0.3_mut0.01,0.3,0.01,test_8,7,17,759,5.1170015002329645,True,right/down,0.23482380191112545,300,54200,41.11237820000679,40.78125,1.0
cx0.3_mut0.01,0.3,0.01,test_8,7,18,760,6.102765224913376,True,right/down,0.23914211474583455,300,54200,38.81559299999208,38.625,1.0
cx0.3_mut0.01,0.3,0.01,test_8,7,19,761,5.732480761154546,True,right/down,0.22293484191497526,300,54200,42.55541030000313,42.109375,1.0
cx0.3_mut0.01,0.3,0.01,test_9,8,0,842,6.052134242531481,True,right/down,0.22002172468668169,300,54200,41.29097210000327,40.9375,1.0
cx0.3_mut0.01,0.3,0.01,test_9,8,1,843,5.457681884158452,True,right/down,0.21225475789418988,300,54200,41.56053269999393,40.8125,1.0
cx0.3_mut0.01,0.3,0.01,test_9,8,2,844,5.609952956163204,True,right/down,0.21119707445247313,300,54200,36.44035679999797,36.1875,1.0
cx0.3_mut0.01,0.3,0.01,test_9,8,3,845,5.7864295942623105,True,right/down,0.22840746296251874,300,54200,43.668186399998376,42.9375,1.0
cx0.3_mut0.01,0.3,0.01,test_9,8,4,846,5.914257873141499,True,right/down,0.20696543786541208,300,54200,42.71651299999212,42.3125,1.0
cx0.3_mut0.01,0.3,0.01,test_9,8,5,847,5.647880009080203,True,right/down,0.2298239496762039,300,54200,38.00582039999426,37.078125,1.0
cx0.3_mut0.01,0.3,0.01,test_9,8,6,848,5.556328481444703,True,right/down,0.219231261123093,300,54200,43.5905078999931,42.71875,1.0
cx0.3_mut0.01,0.3,0.01,test_9,8,7,849,5.312524355527512,True,right/down,0.19712828767807175,300,54200,38.46538259999943,37.78125,1.0
cx0.3_mut0.01,0.3,0.01,test_9,8,8,850,5.910227050014198,True,right/down,0.21533598362072787,300,54200,40.87166900000011,40.234375,1.0
cx0.3_mut0.01,0.3,0.01,test_9,8,9,851,6.051590935700245,True,right/down,0.18844603172523397,300,54200,41.83440330000303,41.28125,1.0
cx0.3_mut0.01,0.3,0.01,test_9,8,10,852,5.590445944255194,True,right/down,0.22320768926194112,300,54200,43.87733269999444,43.578125,1.0
cx0.3_mut0.01,0.3,0.01,test_9,8,11,853,5.472409647447048,True,right/down,0.23276379006271544,300,54200,43.90724640000553,43.28125,1.0
cx0.3_mut0.01,0.3,0.01,test_9,8,12,854,5.232598604199877,True,right/down,0.2521402710216858,300,54200,40.18850879999809,40.046875,1.0
cx0.3_mut0.01,0.3,0.01,test_9,8,13,855,5.614837919373023,True,right/down,0.22513542904390776,300,54200,40.944293799999286,40.796875,1.0
cx0.3_mut0.01,0.3,0.01,test_9,8,14,856,6.175642273857125,True,right/down,0.20973249232212704,300,54200,42.953445699997246,42.5,1.0
cx0.3_mut0.01,0.3,0.01,test_9,8,15,857,5.375342435916283,True,right/down,0.18858149390274134,300,54200,42.39035869999498,42.015625,1.0
cx0.3_mut0.01,0.3,0.01,test_9,8,16,858,5.54394625518142,True,right/down,0.23915805642151844,300,54200,40.61446100000467,40.25,1.0
cx0.3_mut0.01,0.3,0.01,test_9,8,17,859,5.449227250293335,True,right/down,0.20642948615788778,300,54200,39.987163000012515,39.25,1.0
cx0.3_mut0.01,0.3,0.01,test_9,8,18,860,5.652368666821225,True,right/down,0.24904504927536708,300,54200,42.9128730000084,42.4375,1.0
cx0.3_mut0.01,0.3,0.01,test_9,8,19,861,5.6208717685132275,True,right/down,0.23131524868232078,300,54200,41.155714399996214,40.71875,1.0
cx0.3_mut0.01,0.3,0.01,test_10,9,0,942,5.6747714258847175,True,right/down,0.21619988052406836,300,54200,42.6441147000005,41.828125,1.0
cx0.3_mut0.01,0.3,0.01,test_10,9,1,943,5.973072865428727,True,right/down,0.20325611554734807,300,54200,41.9821832000016,41.484375,1.0
cx0.3_mut0.01,0.3,0.01,test_10,9,2,944,5.967544898644732,True,right/down,0.14285776896649438,300,54200,40.25108000000182,39.578125,1.0
cx0.3_mut0.01,0.3,0.01,test_10,9,3,945,6.189439572908673,True,right/down,0.24486980500417554,300,54200,42.60907350000343,42.328125,1.0
cx0.3_mut0.01,0.3,0.01,test_10,9,4,946,5.831828148394317,True,right/down,0.21937590685514033,300,54200,42.18807000000379,41.9375,1.0
cx0.3_mut0.01,0.3,0.01,test_10,9,5,947,6.242944399426162,True,right/down,0.20828397572000754,300,54200,44.31852850000723,43.859375,1.0
cx0.3_mut0.01,0.3,0.01,test_10,9,6,948,5.703254995786576,True,right/down,0.19864875843248977,300,54200,41.81511360000877,41.296875,1.0
cx0.3_mut0.01,0.3,0.01,test_10,9,7,949,6.2102801846300615,True,right/down,0.20472843081431413,300,54200,46.508130100002745,45.96875,1.0
cx0.3_mut0.01,0.3,0.01,test_10,9,8,950,5.497250364310286,True,right/down,0.1928054041024268,300,54200,42.03945510000631,41.5,1.0
cx0.3_mut0.01,0.3,0.01,test_10,9,9,951,5.705338680708962,True,right/down,0.23878352733861474,300,54200,41.23400209999818,40.8125,1.0
cx0.3_mut0.01,0.3,0.01,test_10,9,10,952,5.6066992552147505,True,right/down,0.23837062554299945,300,54200,43.20309160000761,42.90625,1.0
cx0.3_mut0.01,0.3,0.01,test_10,9,11,953,5.318178663563885,True,right/down,0.20855874851004996,300,54200,41.349150999987614,40.96875,1.0
cx0.3_mut0.01,0.3,0.01,test_10,9,12,954,6.5821028842548,True,right/down,0.2088044926342274,300,54200,42.938412799994694,42.265625,1.0
cx0.3_mut0.01,0.3,0.01,test_10,9,13,955,5.935500036139106,True,right/down,0.23491033142459739,300,54200,42.879335799996625,42.234375,1.0
cx0.3_mut0.01,0.3,0.01,test_10,9,14,956,5.8389587898811115,True,right/down,0.18802022055686768,300,54200,45.45743370000855,44.75,1.0
cx0.3_mut0.01,0.3,0.01,test_10,9,15,957,5.612169465028458,True,right/down,0.23561199077989003,300,54200,42.30432779999683,41.546875,1.0
cx0.3_mut0.01,0.3,0.01,test_10,9,16,958,5.539840816003947,True,right/down,0.21256421091720254,300,54200,43.42927789999521,42.828125,1.0
cx0.3_mut0.01,0.3,0.01,test_10,9,17,959,5.69819042612102,True,right/down,0.1990427221839602,300,54200,45.51495149999391,45.21875,1.0
cx0.3_mut0.01,0.3,0.01,test_10,9,18,960,5.609099985545623,True,right/down,0.20962844729222344,300,54200,44.375990699991235,44.015625,1.0
cx0.3_mut0.01,0.3,0.01,test_10,9,19,961,5.793450163953521,True,right/down,0.20887195219981858,300,54200,41.481632900002296,41.265625,1.0
cx0.3_mut0.05,0.3,0.05,test_1,0,0,42,4.958365272509434,True,right/down,0.24719167689735297,300,54200,36.887283999996725,36.421875,1.0
cx0.3_mut0.05,0.3,0.05,test_1,0,1,43,5.49564811242443,True,right/down,0.25941217875347244,300,54200,36.878197900005034,36.4375,1.0
cx0.3_mut0.05,0.3,0.05,test_1,0,2,44,6.046160471918543,True,right/down,0.2401907394738059,300,54200,35.60140189999947,34.953125,1.0
cx0.3_mut0.05,0.3,0.05,test_1,0,3,45,5.024362281225162,True,right/down,0.22974600037411233,300,54200,38.532761099995696,37.640625,1.0
cx0.3_mut0.05,0.3,0.05,test_1,0,4,46,5.397735089250174,True,right/down,0.2561201189901435,300,54200,33.43428590000258,32.71875,1.0
cx0.3_mut0.05,0.3,0.05,test_1,0,5,47,5.504463920772606,True,right/down,0.24107067136225596,300,54200,36.017485000003944,35.328125,1.0
cx0.3_mut0.05,0.3,0.05,test_1,0,6,48,5.615090053906428,True,right/down,0.2613603206560071,300,54200,37.62088269999367,37.203125,1.0
cx0.3_mut0.05,0.3,0.05,test_1,0,7,49,5.441354736763779,True,right/down,0.23334349060281442,300,54200,35.736392899998464,35.390625,1.0
cx0.3_mut0.05,0.3,0.05,test_1,0,8,50,5.118530668131434,True,right/down,0.23839296934304302,300,54200,34.43875289999414,34.1875,1.0
cx0.3_mut0.05,0.3,0.05,test_1,0,9,51,5.612476834680187,True,right/down,0.23131245657345112,300,54200,35.466147800005274,34.875,1.0
cx0.3_mut0.05,0.3,0.05,test_1,0,10,52,5.041115249536423,True,right/down,0.24386195266049104,300,54200,34.94748329999857,34.71875,1.0
cx0.3_mut0.05,0.3,0.05,test_1,0,11,53,5.384816146102582,True,right/down,0.2280346537467105,300,54200,34.770857799987425,34.53125,1.0
cx0.3_mut0.05,0.3,0.05,test_1,0,12,54,5.237777523086994,True,right/down,0.23896087277870418,300,54200,36.311470099986764,36.046875,1.0
cx0.3_mut0.05,0.3,0.05,test_1,0,13,55,5.27997441162185,True,right/down,0.2369695741010864,300,54200,36.28344619998825,35.984375,1.0
cx0.3_mut0.05,0.3,0.05,test_1,0,14,56,5.343084502097944,True,right/down,0.2225670026420605,300,54200,36.466957299999194,36.046875,1.0
cx0.3_mut0.05,0.3,0.05,test_1,0,15,57,5.007485864886579,True,right/down,0.2222923673349277,300,54200,34.505883300007554,33.9375,1.0
cx0.3_mut0.05,0.3,0.05,test_1,0,16,58,5.697995823275578,True,right/down,0.2375412283808251,300,54200,35.82058679999318,35.109375,1.0
cx0.3_mut0.05,0.3,0.05,test_1,0,17,59,5.760233679586724,True,right/down,0.14881355624188292,300,54200,34.88259140000446,33.9375,1.0
cx0.3_mut0.05,0.3,0.05,test_1,0,18,60,6.195710374689535,True,right/down,0.23188610746741822,300,54200,35.25771619999432,34.75,1.0
cx0.3_mut0.05,0.3,0.05,test_1,0,19,61,5.587351786367258,True,right/down,0.24948292060055127,300,54200,36.89855189999798,36.609375,1.0
cx0.3_mut0.05,0.3,0.05,test_2,1,0,142,5.767256298601901,True,right/down,0.22748541007625084,300,54200,33.987187599996105,33.796875,1.0
cx0.3_mut0.05,0.3,0.05,test_2,1,1,143,5.397649554840104,True,right/down,0.22912436250414184,300,54200,34.88414470000134,34.609375,1.0
cx0.3_mut0.05,0.3,0.05,test_2,1,2,144,5.60764562880764,True,right/down,0.2606251314722588,300,54200,38.824605200003134,38.15625,1.0
cx0.3_mut0.05,0.3,0.05,test_2,1,3,145,5.1218986919894,True,right/down,0.22887556493360686,300,54200,35.15927190000366,34.59375,1.0
cx0.3_mut0.05,0.3,0.05,test_2,1,4,146,5.145345473394444,True,right/down,0.23528005732324891,300,54200,35.51821690000361,35.21875,1.0
cx0.3_mut0.05,0.3,0.05,test_2,1,5,147,5.328846091151796,True,right/down,0.2234091807367588,300,54200,34.09941609999805,33.734375,1.0
cx0.3_mut0.05,0.3,0.05,test_2,1,6,148,5.157200893205083,True,right/down,0.2050476228170911,300,54200,35.87919760000659,35.421875,1.0
cx0.3_mut0.05,0.3,0.05,test_2,1,7,149,5.5066422233795675,True,right/down,0.21110211819654726,300,54200,37.87293209999916,37.34375,1.0
cx0.3_mut0.05,0.3,0.05,test_2,1,8,150,5.591902214157668,True,right/down,0.2386059223179677,300,54200,35.88417499999923,35.140625,1.0
cx0.3_mut0.05,0.3,0.05,test_2,1,9,151,5.6394166266367165,True,right/down,0.23213454540368852,300,54200,33.970399600002565,33.390625,1.0
cx0.3_mut0.05,0.3,0.05,test_2,1,10,152,5.2609780628546705,True,right/down,0.21692203580439418,300,54200,34.38800120000087,33.765625,1.0
cx0.3_mut0.05,0.3,0.05,test_2,1,11,153,5.132949868359654,True,right/down,0.21019504901030384,300,54200,37.13943819999986,36.46875,1.0
cx0.3_mut0.05,0.3,0.05,test_2,1,12,154,5.482383626418585,True,right/down,0.221303409732289,300,54200,34.04437950000283,33.515625,1.0
cx0.3_mut0.05,0.3,0.05,test_2,1,13,155,5.609148973288038,True,right/down,0.2518778367587485,300,54200,34.101246499994886,33.5625,1.0
cx0.3_mut0.05,0.3,0.05,test_2,1,14,156,5.342296135418879,True,right/down,0.24121622886706967,300,54200,34.59139669999422,34.328125,1.0
cx0.3_mut0.05,0.3,0.05,test_2,1,15,157,5.127281188552942,True,right/down,0.22014474542396556,300,54200,35.33566419999988,34.984375,1.0
cx0.3_mut0.05,0.3,0.05,test_2,1,16,158,5.098223743797313,True,right/down,0.19203464263692463,300,54200,36.16979010000068,35.875,1.0
cx0.3_mut0.05,0.3,0.05,test_2,1,17,159,5.176167412906441,True,right/down,0.20930240596633748,300,54200,37.59828610000841,37.375,1.0
cx0.3_mut0.05,0.3,0.05,test_2,1,18,160,5.14631432472762,True,right/down,0.21916304081810006,300,54200,37.992929000000004,37.234375,1.0
cx0.3_mut0.05,0.3,0.05,test_2,1,19,161,5.2314659465104665,True,right/down,0.2213253902991823,300,54200,37.878197300000465,37.4375,1.0
cx0.3_mut0.05,0.3,0.05,test_3,2,0,242,5.2564172469005594,True,right/down,0.21461870356775892,300,54200,34.41655229999742,33.9375,1.0
cx0.3_mut0.05,0.3,0.05,test_3,2,1,243,5.0224581226641565,True,right/down,0.2551030057489069,300,54200,33.59829769999487,33.203125,1.0
cx0.3_mut0.05,0.3,0.05,test_3,2,2,244,5.041895976717237,True,right/down,0.2550299057282198,300,54200,35.301928999993834,35.078125,1.0
cx0.3_mut0.05,0.3,0.05,test_3,2,3,245,5.344966960404664,True,right/down,0.23772029444880102,300,54200,34.555070399990655,33.90625,1.0
cx0.3_mut0.05,0.3,0.05,test_3,2,4,246,5.299002592097502,True,right/down,0.26412885173812983,300,54200,35.90763099999458,35.171875,1.0
cx0.3_mut0.05,0.3,0.05,test_3,2,5,247,5.005988666602268,True,right/down,0.24057138133522815,300,54200,36.385955699995975,35.765625,1.0
cx0.3_mut0.05,0.3,0.05,test_3,2,6,248,5.6132336976935555,True,right/down,0.23771608662616586,300,54200,34.78309570001147,34.25,1.0
cx0.3_mut0.05,0.3,0.05,test_3,2,7,249,4.898032733390345,True,right/down,0.23432707477992565,300,54200,37.70015140000032,37.28125,1.0
cx0.3_mut0.05,0.3,0.05,test_3,2,8,250,5.143306380804075,True,right/down,0.24992485021585265,300,54200,35.59675880000577,35.234375,1.0
cx0.3_mut0.05,0.3,0.05,test_3,2,9,251,4.909086258699135,True,right/down,0.24811359380021514,300,54200,35.112759700001334,34.75,1.0
cx0.3_mut0.05,0.3,0.05,test_3,2,10,252,5.04842790238011,True,right/down,0.24794418011140865,300,54200,36.06009680000716,35.78125,1.0
cx0.3_mut0.05,0.3,0.05,test_3,2,11,253,5.206046630608332,True,right/down,0.23987574062881928,300,54200,34.027976599987596,33.625,1.0
cx0.3_mut0.05,0.3,0.05,test_3,2,12,254,5.056142038123758,True,right/down,0.21851997575778503,300,54200,37.24000530000194,36.703125,1.0
cx0.3_mut0.05,0.3,0.05,test_3,2,13,255,5.137700487134122,True,right/down,0.22717308728534383,300,54200,36.319882900002995,35.78125,1.0
cx0.3_mut0.05,0.3,0.05,test_3,2,14,256,5.066284001807967,True,right/down,0.25899078372539286,300,54200,34.34432649999508,34.171875,1.0
cx0.3_mut0.05,0.3,0.05,test_3,2,15,257,5.235342131600339,True,right/down,0.22089567778336416,300,54200,35.02674030000344,34.6875,1.0
cx0.3_mut0.05,0.3,0.05,test_3,2,16,258,5.348403020238534,True,right/down,0.2509096262681942,300,54200,34.584922399997595,34.140625,1.0
cx0.3_mut0.05,0.3,0.05,test_3,2,17,259,5.339521622435116,True,right/down,0.2604251500808808,300,54200,37.7250495999906,37.234375,1.0
cx0.3_mut0.05,0.3,0.05,test_3,2,18,260,5.152864493927561,True,right/down,0.2426090937178155,300,54200,35.61180050000257,34.984375,1.0
cx0.3_mut0.05,0.3,0.05,test_3,2,19,261,5.780157389925205,True,right/down,0.24366787910882776,300,54200,32.972991500006174,32.5,1.0
cx0.3_mut0.05,0.3,0.05,test_4,3,0,342,5.689874615629087,True,right/down,0.2335905536787585,300,54200,38.5087310999952,37.765625,1.0
cx0.3_mut0.05,0.3,0.05,test_4,3,1,343,5.264986033060721,True,right/down,0.2380706368135692,300,54200,35.58329419999791,35.03125,1.0
cx0.3_mut0.05,0.3,0.05,test_4,3,2,344,5.3195684756775625,True,right/down,0.24683222976313685,300,54200,37.765588399997796,37.21875,1.0
cx0.3_mut0.05,0.3,0.05,test_4,3,3,345,5.150788185210404,True,right/down,0.24574566857288638,300,54200,34.37647650000872,33.765625,1.0
cx0.3_mut0.05,0.3,0.05,test_4,3,4,346,5.46689103131674,True,right/down,0.2532906217401946,300,54200,34.441167900004075,33.859375,1.0
cx0.3_mut0.05,0.3,0.05,test_4,3,5,347,5.635731837488757,True,right/down,0.2419189225227237,300,54200,35.73482110000623,35.21875,1.0
cx0.3_mut0.05,0.3,0.05,test_4,3,6,348,5.0968144077767,True,right/down,0.22233084014774035,300,54200,36.93308620000607,36.75,1.0
cx0.3_mut0.05,0.3,0.05,test_4,3,7,349,5.489911753979735,True,right/down,0.21482979357232565,300,54200,34.68860739999218,34.515625,1.0
cx0.3_mut0.05,0.3,0.05,test_4,3,8,350,6.023950970356136,True,right/down,0.1998826408680178,300,54200,34.83215459999337,34.546875,1.0
cx0.3_mut0.05,0.3,0.05,test_4,3,9,351,5.376685224077357,True,right/down,0.251575092152182,300,54200,37.923646800001734,37.59375,1.0
cx0.3_mut0.05,0.3,0.05,test_4,3,10,352,5.421119010956483,True,right/down,0.23005426584898275,300,54200,32.29902779999247,32.015625,1.0
cx0.3_mut0.05,0.3,0.05,test_4,3,11,353,5.125442601880687,True,right/down,0.23892659510272948,300,54200,34.64791650000552,34.546875,1.0
cx0.3_mut0.05,0.3,0.05,test_4,3,12,354,5.2295189447058945,True,right/down,0.22366212705614827,300,54200,33.34312449999561,32.90625,1.0
cx0.3_mut0.05,0.3,0.05,test_4,3,13,355,5.357498437995692,True,right/down,0.2677651728425914,300,54200,38.28676479999558,37.875,1.0
cx0.3_mut0.05,0.3,0.05,test_4,3,14,356,5.214108851845369,True,right/down,0.23169766324590724,300,54200,42.20591590000549,40.984375,1.0
cx0.3_mut0.05,0.3,0.05,test_4,3,15,357,5.285549227796696,True,right/down,0.2524192305553151,300,54200,41.4478814000031,40.5,1.0
cx0.3_mut0.05,0.3,0.05,test_4,3,16,358,5.0112624189789035,True,right/down,0.22267536001703064,300,54200,39.29801260000386,38.65625,1.0
cx0.3_mut0.05,0.3,0.05,test_4,3,17,359,5.496979827783241,True,right/down,0.2544904776452313,300,54200,37.92903689999366,37.171875,1.0
cx0.3_mut0.05,0.3,0.05,test_4,3,18,360,5.318338829795229,True,right/down,0.2135885501473032,300,54200,40.118441300000995,39.484375,1.0
cx0.3_mut0.05,0.3,0.05,test_4,3,19,361,5.2886725939683075,True,right/down,0.22701066636619247,300,54200,35.258469599997625,34.921875,1.0
cx0.3_mut0.05,0.3,0.05,test_5,4,0,442,5.338462203178638,True,right/down,0.23159015928259608,300,54200,36.84435719999601,36.34375,1.0
cx0.3_mut0.05,0.3,0.05,test_5,4,1,443,5.502941089655865,True,right/down,0.2005948859848529,300,54200,39.729846000002,39.390625,1.0
cx0.3_mut0.05,0.3,0.05,test_5,4,2,444,5.177128166621292,True,right/down,0.22620706268068408,300,54200,41.21955089998664,40.796875,1.0
cx0.3_mut0.05,0.3,0.05,test_5,4,3,445,5.226874696165865,True,right/down,0.2161868259617084,300,54200,39.81925250000495,39.5625,1.0
cx0.3_mut0.05,0.3,0.05,test_5,4,4,446,5.739017179102461,True,right/down,0.21659459875065543,300,54200,40.44841290000477,40.0,1.0
cx0.3_mut0.05,0.3,0.05,test_5,4,5,447,5.873856764627202,True,right/down,0.2312625774648568,300,54200,37.01281529999687,35.890625,1.0
cx0.3_mut0.05,0.3,0.05,test_5,4,6,448,6.120901057514821,True,right/down,0.20348371535038037,300,54200,40.77768549999746,39.921875,1.0
cx0.3_mut0.05,0.3,0.05,test_5,4,7,449,5.139700466069385,True,right/down,0.24141620935176855,300,54200,40.51427770000009,39.5625,1.0
cx0.3_mut0.05,0.3,0.05,test_5,4,8,450,5.199430285814385,True,right/down,0.2342372574680242,300,54200,42.80831330000365,41.875,1.0
cx0.3_mut0.05,0.3,0.05,test_5,4,9,451,6.139178734163706,True,right/down,0.2105184215977506,300,54200,40.4051890999981,38.828125,1.0
cx0.3_mut0.05,0.3,0.05,test_5,4,10,452,5.920522597186991,True,right/down,0.21635584426376153,300,54200,38.05079259999911,37.34375,1.0
cx0.3_mut0.05,0.3,0.05,test_5,4,11,453,5.288185737860976,True,right/down,0.22203652684934877,300,54200,39.924543100001756,39.359375,1.0
cx0.3_mut0.05,0.3,0.05,test_5,4,12,454,5.161649541180378,True,right/down,0.221015301743884,300,54200,40.10833210000419,39.5,1.0
cx0.3_mut0.05,0.3,0.05,test_5,4,13,455,5.204539156948919,True,right/down,0.22241687305534252,300,54200,39.66596319999371,39.421875,1.0
cx0.3_mut0.05,0.3,0.05,test_5,4,14,456,5.373789331181694,True,right/down,0.25935576859577675,300,54200,39.010032899997896,38.484375,1.0
cx0.3_mut0.05,0.3,0.05,test_5,4,15,457,5.595753898366469,True,right/down,0.24874815546498846,300,54200,35.074629700000514,34.71875,1.0
cx0.3_mut0.05,0.3,0.05,test_5,4,16,458,5.2287013455363756,True,right/down,0.2493500376117483,300,54200,39.23832659999607,38.90625,1.0
cx0.3_mut0.05,0.3,0.05,test_5,4,17,459,5.459636975519832,True,right/down,0.22276266111308177,300,54200,39.83897480000451,38.640625,1.0
cx0.3_mut0.05,0.3,0.05,test_5,4,18,460,5.337110306814132,True,right/down,0.1854892461536089,300,54200,38.77849479998986,37.71875,1.0
cx0.3_mut0.05,0.3,0.05,test_5,4,19,461,5.209084785087097,True,right/down,0.24762232348720636,300,54200,34.655011899987585,33.890625,1.0
cx0.3_mut0.05,0.3,0.05,test_6,5,0,542,6.172661948711697,True,right/down,0.21809622911689286,300,54200,33.773423799997545,32.890625,1.0
cx0.3_mut0.05,0.3,0.05,test_6,5,1,543,6.126025755837059,True,right/down,0.24614369570293204,300,54200,39.15313599999354,38.21875,1.0
cx0.3_mut0.05,0.3,0.05,test_6,5,2,544,5.645614035793836,True,right/down,0.22132604507940312,300,54200,39.63208760000998,39.125,1.0
cx0.3_mut0.05,0.3,0.05,test_6,5,3,545,5.659860354552494,True,right/down,0.20696225055703016,300,54200,39.5044976999925,39.234375,1.0
cx0.3_mut0.05,0.3,0.05,test_6,5,4,546,5.578950000625538,True,right/down,0.22448709574405357,300,54200,37.58389389999502,37.25,1.0
cx0.3_mut0.05,0.3,0.05,test_6,5,5,547,5.509779479688397,True,right/down,0.22239279647331922,300,54200,40.78380650001054,40.25,1.0
cx0.3_mut0.05,0.3,0.05,test_6,5,6,548,5.786023954692825,True,right/down,0.23497000849661212,300,54200,40.25623980000091,39.953125,1.0
cx0.3_mut0.05,0.3,0.05,test_6,5,7,549,5.526272768958185,True,right/down,0.20255403582898482,300,54200,40.2053392999951,39.609375,1.0
cx0.3_mut0.05,0.3,0.05,test_6,5,8,550,5.626174611797387,True,right/down,0.2316948063613202,300,54200,39.948123499998474,39.609375,1.0
cx0.3_mut0.05,0.3,0.05,test_6,5,9,551,5.771717425566943,True,right/down,0.22275080035534744,300,54200,37.02644470000814,36.734375,1.0
cx0.3_mut0.05,0.3,0.05,test_6,5,10,552,5.661745260233897,True,right/down,0.23371277294350942,300,54200,37.621845000001485,37.1875,1.0
cx0.3_mut0.05,0.3,0.05,test_6,5,11,553,5.728965286949232,True,right/down,0.2506372152977118,300,54200,39.87165909999749,39.28125,1.0
cx0.3_mut0.05,0.3,0.05,test_6,5,12,554,5.309318113386238,True,right/down,0.19190310985224723,300,54200,38.152996400007396,37.390625,1.0
cx0.3_mut0.05,0.3,0.05,test_6,5,13,555,5.548505657716708,True,right/down,0.23172513262532687,300,54200,37.986957599991,37.140625,1.0
cx0.3_mut0.05,0.3,0.05,test_6,5,14,556,5.711841690769106,True,right/down,0.24445942739779075,300,54200,38.731597299993155,37.875,1.0
cx0.3_mut0.05,0.3,0.05,test_6,5,15,557,5.784150965448136,True,right/down,0.21869015126556365,300,54200,38.43919490001281,38.25,1.0
cx0.3_mut0.05,0.3,0.05,test_6,5,16,558,5.883538601919497,True,right/down,0.22828549333089232,300,54200,37.715501500002574,37.5,1.0
cx0.3_mut0.05,0.3,0.05,test_6,5,17,559,5.392244012533929,True,right/down,0.22329006337407847,300,54200,39.80528060000506,39.5625,1.0
cx0.3_mut0.05,0.3,0.05,test_6,5,18,560,5.54231671662833,True,right/down,0.2480383153458745,300,54200,41.85275969999202,41.046875,1.0
cx0.3_mut0.05,0.3,0.05,test_6,5,19,561,5.346815000220727,True,right/down,0.2492956225465981,300,54200,39.12880520000181,38.90625,1.0
cx0.3_mut0.05,0.3,0.05,test_7,6,0,642,5.063031303353851,True,right/down,0.2365999659100627,300,54200,39.06341750000138,38.65625,1.0
cx0.3_mut0.05,0.3,0.05,test_7,6,1,643,5.178806353132134,True,right/down,0.27038800605070296,300,54200,41.06276469999284,40.6875,1.0
cx0.3_mut0.05,0.3,0.05,test_7,6,2,644,4.866783072502937,True,right/down,0.2322159595158157,300,54200,37.76469949999591,37.328125,1.0
cx0.3_mut0.05,0.3,0.05,test_7,6,3,645,5.365788056167068,True,right/down,0.23339248445061295,300,54200,38.74211710000236,38.40625,1.0
cx0.3_mut0.05,0.3,0.05,test_7,6,4,646,5.302048674437629,True,right/down,0.243706329146146,300,54200,38.054993300000206,37.390625,1.0
cx0.3_mut0.05,0.3,0.05,test_7,6,5,647,5.629729549616684,True,right/down,0.2573176699071484,300,54200,39.04975530000229,38.40625,1.0
cx0.3_mut0.05,0.3,0.05,test_7,6,6,648,5.170228817102154,True,right/down,0.21803145884368702,300,54200,36.65018369999598,36.171875,1.0
cx0.3_mut0.05,0.3,0.05,test_7,6,7,649,5.479016797247085,True,right/down,0.22546157678080847,300,54200,39.615399999995134,39.015625,1.0
cx0.3_mut0.05,0.3,0.05,test_7,6,8,650,5.314440916342342,True,right/down,0.20475390403638657,300,54200,38.381339300001855,38.0625,1.0
cx0.3_mut0.05,0.3,0.05,test_7,6,9,651,4.936392809131596,True,right/down,0.23924040075423228,300,54200,40.91633799999545,40.0625,1.0
cx0.3_mut0.05,0.3,0.05,test_7,6,10,652,5.499234825978382,True,right/down,0.23555809803312028,300,54200,40.938179300006595,40.53125,1.0
cx0.3_mut0.05,0.3,0.05,test_7,6,11,653,5.914478564915231,True,right/down,0.1843711372216546,300,54200,38.92354630000773,38.5,1.0
cx0.3_mut0.05,0.3,0.05,test_7,6,12,654,5.89065557213962,True,right/down,0.2026615633435859,300,54200,34.72007919999305,34.46875,1.0
cx0.3_mut0.05,0.3,0.05,test_7,6,13,655,5.634146351101304,True,right/down,0.2531395384071735,300,54200,36.15014020001399,35.984375,1.0
cx0.3_mut0.05,0.3,0.05,test_7,6,14,656,5.672385385751838,True,right/down,0.2485549199762115,300,54200,40.16622970000026,39.828125,1.0
cx0.3_mut0.05,0.3,0.05,test_7,6,15,657,4.963329232548347,True,right/down,0.2537664857946961,300,54200,38.674264400004176,38.4375,1.0
cx0.3_mut0.05,0.3,0.05,test_7,6,16,658,5.082952752732335,True,right/down,0.27904387283262144,300,54200,38.95095769999898,38.28125,1.0
cx0.3_mut0.05,0.3,0.05,test_7,6,17,659,6.228639539131983,True,right/down,0.2534516524674369,300,54200,37.02917850000085,36.734375,1.0
cx0.3_mut0.05,0.3,0.05,test_7,6,18,660,5.262458588295722,True,right/down,0.2531870852752232,300,54200,36.18688949999341,35.75,1.0
cx0.3_mut0.05,0.3,0.05,test_7,6,19,661,4.98468891595037,True,right/down,0.24753516182343605,300,54200,40.077137200001744,39.234375,1.0
cx0.3_mut0.05,0.3,0.05,test_8,7,0,742,5.688640108981626,True,right/down,0.26237116855325276,300,54200,42.71397969999816,41.71875,1.0
cx0.3_mut0.05,0.3,0.05,test_8,7,1,743,5.292256393038262,True,right/down,0.24810285276459904,300,54200,38.39301159999741,37.78125,1.0
cx0.3_mut0.05,0.3,0.05,test_8,7,2,744,5.127034159306841,True,right/down,0.2565748831164808,300,54200,41.78599099999701,41.125,1.0
cx0.3_mut0.05,0.3,0.05,test_8,7,3,745,5.93348082357133,True,right/down,0.23557094310067386,300,54200,38.82315229999949,37.703125,1.0
cx0.3_mut0.05,0.3,0.05,test_8,7,4,746,5.755916643632263,True,right/down,0.24791606582713702,300,54200,38.07355379998626,37.625,1.0
cx0.3_mut0.05,0.3,0.05,test_8,7,5,747,5.523326173897907,True,right/down,0.24545070688429574,300,54200,40.36925679999695,40.109375,1.0
cx0.3_mut0.05,0.3,0.05,test_8,7,6,748,5.233445151510587,True,right/down,0.2422748838733172,300,54200,40.929584199999226,40.578125,1.0
cx0.3_mut0.05,0.3,0.05,test_8,7,7,749,5.892959065632028,True,right/down,0.2581882440394733,300,54200,38.624230999994325,38.1875,1.0
cx0.3_mut0.05,0.3,0.05,test_8,7,8,750,4.950369575521584,True,right/down,0.24598839524802799,300,54200,36.892661400008365,36.703125,1.0
cx0.3_mut0.05,0.3,0.05,test_8,7,9,751,5.42671881983231,True,right/down,0.2322880552140131,300,54200,40.44158509999397,40.28125,1.0
cx0.3_mut0.05,0.3,0.05,test_8,7,10,752,5.507101823507645,True,right/down,0.2623730565828286,300,54200,38.23389370000223,37.953125,1.0
cx0.3_mut0.05,0.3,0.05,test_8,7,11,753,5.161208321455648,True,right/down,0.18632141028456578,300,54200,40.553878400009125,39.640625,1.0
cx0.3_mut0.05,0.3,0.05,test_8,7,12,754,5.061732093152691,True,right/down,0.19689888486617826,300,54200,39.52687810000498,39.0,1.0
cx0.3_mut0.05,0.3,0.05,test_8,7,13,755,5.365197711327108,True,right/down,0.19176765981709482,300,54200,39.51793329999782,38.671875,1.0
cx0.3_mut0.05,0.3,0.05,test_8,7,14,756,6.246535198801587,True,right/down,0.22406368566991472,300,54200,42.89382330000808,41.75,1.0
cx0.3_mut0.05,0.3,0.05,test_8,7,15,757,5.049838260732749,True,right/down,0.22444451650066322,300,54200,39.00178940000478,38.5,1.0
cx0.3_mut0.05,0.3,0.05,test_8,7,16,758,5.707740903180726,True,right/down,0.26679114885969435,300,54200,38.674227199997404,38.34375,1.0
cx0.3_mut0.05,0.3,0.05,test_8,7,17,759,6.127675190190798,True,right/down,0.23125565503772033,300,54200,37.4929989999946,37.09375,1.0
cx0.3_mut0.05,0.3,0.05,test_8,7,18,760,5.3288085611460065,True,right/down,0.2491586231634821,300,54200,38.71736609999789,38.484375,1.0
cx0.3_mut0.05,0.3,0.05,test_8,7,19,761,4.780191571797853,True,right/down,0.25165018304192877,300,54200,38.6360285999981,38.421875,1.0
cx0.3_mut0.05,0.3,0.05,test_9,8,0,842,5.332259686853575,True,right/down,0.22547745047882886,300,54200,37.422550500006764,37.15625,1.0
cx0.3_mut0.05,0.3,0.05,test_9,8,1,843,5.394522544759942,True,right/down,0.22362776500429477,300,54200,38.444144799999776,37.640625,1.0
cx0.3_mut0.05,0.3,0.05,test_9,8,2,844,5.612897237365043,True,right/down,0.24332098532014837,300,54200,38.58414249999623,38.375,1.0
cx0.3_mut0.05,0.3,0.05,test_9,8,3,845,5.518594983056289,True,right/down,0.22990021205614194,300,54200,38.87346699999762,38.71875,1.0
cx0.3_mut0.05,0.3,0.05,test_9,8,4,846,5.132383232014234,True,right/down,0.2404268173250401,300,54200,40.82378649999737,40.296875,1.0
cx0.3_mut0.05,0.3,0.05,test_9,8,5,847,5.730266918161308,True,right/down,0.2161200846236089,300,54200,38.96935729999677,38.265625,1.0
cx0.3_mut0.05,0.3,0.05,test_9,8,6,848,5.418320259171434,True,right/down,0.24046653325017767,300,54200,39.887414400000125,39.109375,1.0
cx0.3_mut0.05,0.3,0.05,test_9,8,7,849,5.203655028732289,True,right/down,0.24716701629955573,300,54200,36.66940370001248,36.078125,1.0
cx0.3_mut0.05,0.3,0.05,test_9,8,8,850,5.444709211765645,True,right/down,0.2486975712078381,300,54200,36.649455599996145,36.0,1.0
cx0.3_mut0.05,0.3,0.05,test_9,8,9,851,5.52895684894472,True,right/down,0.2337436669195004,300,54200,37.63268730000709,37.34375,1.0
cx0.3_mut0.05,0.3,0.05,test_9,8,10,852,5.223473899653698,True,right/down,0.21610347191717835,300,54200,38.71187349999673,38.40625,1.0
cx0.3_mut0.05,0.3,0.05,test_9,8,11,853,5.072041937239797,True,right/down,0.2518249887590298,300,54200,39.48402200000419,39.03125,1.0
cx0.3_mut0.05,0.3,0.05,test_9,8,12,854,5.3461435247367515,True,right/down,0.21447225380286444,300,54200,40.96112350000476,40.703125,1.0
cx0.3_mut0.05,0.3,0.05,test_9,8,13,855,5.26069240874934,True,right/down,0.2087696314590758,300,54200,41.92525220000243,41.703125,1.0
cx0.3_mut0.05,0.3,0.05,test_9,8,14,856,5.455106351671981,True,right/down,0.2304673048350021,300,54200,42.35904519999167,42.125,1.0
cx0.3_mut0.05,0.3,0.05,test_9,8,15,857,6.234762269773776,True,right/down,0.22063890027335936,300,54200,41.7998660000012,41.59375,1.0
cx0.3_mut0.05,0.3,0.05,test_9,8,16,858,5.372556232225479,True,right/down,0.2151024634164504,300,54200,37.21290260000387,36.734375,1.0
cx0.3_mut0.05,0.3,0.05,test_9,8,17,859,6.065513099328771,True,right/down,0.24224956636270675,300,54200,40.02467260000412,39.28125,1.0
cx0.3_mut0.05,0.3,0.05,test_9,8,18,860,5.131418369104546,True,right/down,0.2270265363303129,300,54200,40.993414600001415,40.546875,1.0
cx0.3_mut0.05,0.3,0.05,test_9,8,19,861,5.651570319938143,True,right/down,0.2422071617910655,300,54200,39.490028000000166,39.03125,1.0
cx0.3_mut0.05,0.3,0.05,test_10,9,0,942,5.73410343761431,True,right/down,0.19649241273720985,300,54200,38.85459909999918,38.046875,1.0
cx0.3_mut0.05,0.3,0.05,test_10,9,1,943,5.297344707813028,True,right/down,0.23410950083557078,300,54200,38.99804970000696,38.328125,1.0
cx0.3_mut0.05,0.3,0.05,test_10,9,2,944,5.627041265719053,True,right/down,0.22129146352787113,300,54200,40.28225879999809,39.4375,1.0
cx0.3_mut0.05,0.3,0.05,test_10,9,3,945,5.4540644040491895,True,right/down,0.1939059243009051,300,54200,37.79154720000224,37.21875,1.0
cx0.3_mut0.05,0.3,0.05,test_10,9,4,946,5.657788559321435,True,right/down,0.21596034727717378,300,54200,41.56857799999125,41.3125,1.0
cx0.3_mut0.05,0.3,0.05,test_10,9,5,947,5.494406242402055,True,right/down,0.23430832612337993,300,54200,38.612603400004446,38.46875,1.0
cx0.3_mut0.05,0.3,0.05,test_10,9,6,948,5.533092426265572,True,right/down,0.24545966998280827,300,54200,38.16200579999713,37.734375,1.0
cx0.3_mut0.05,0.3,0.05,test_10,9,7,949,5.5434002345369,True,right/down,0.22483604611203267,300,54200,39.59272169999895,39.21875,1.0
cx0.3_mut0.05,0.3,0.05,test_10,9,8,950,5.755580280289584,True,right/down,0.1810990277274374,300,54200,38.958605899999384,38.3125,1.0
cx0.3_mut0.05,0.3,0.05,test_10,9,9,951,5.918996063969312,True,right/down,0.2249374094565485,300,54200,38.69408780000231,38.109375,1.0
cx0.3_mut0.05,0.3,0.05,test_10,9,10,952,5.367420572479901,True,right/down,0.1912811794005378,300,54200,36.46594460000051,36.234375,1.0
cx0.3_mut0.05,0.3,0.05,test_10,9,11,953,5.266675925380296,True,right/down,0.20254167768454265,300,54200,41.533104900008766,41.140625,1.0
cx0.3_mut0.05,0.3,0.05,test_10,9,12,954,5.3302104335713585,True,right/down,0.2356563702621508,300,54200,40.38055940000049,39.859375,1.0
cx0.3_mut0.05,0.3,0.05,test_10,9,13,955,5.725669315434956,True,right/down,0.2040923108584487,300,54200,38.7832364999922,38.25,1.0
cx0.3_mut0.05,0.3,0.05,test_10,9,14,956,5.417123593111466,True,right/down,0.2157561756029789,300,54200,38.81571400001121,38.265625,1.0
cx0.3_mut0.05,0.3,0.05,test_10,9,15,957,5.5488670108139875,True,right/down,0.2067301277586001,300,54200,40.10729430000356,39.203125,1.0
cx0.3_mut0.05,0.3,0.05,test_10,9,16,958,5.469052067504445,True,right/down,0.2143511833463161,300,54200,37.3101561999938,36.890625,1.0
cx0.3_mut0.05,0.3,0.05,test_10,9,17,959,5.34646905947214,True,right/down,0.23474899845469013,300,54200,40.62992230000964,40.296875,1.0
cx0.3_mut0.05,0.3,0.05,test_10,9,18,960,5.353933608076401,True,right/down,0.20965341356141545,300,54200,39.991298499997356,39.71875,1.0
cx0.3_mut0.05,0.3,0.05,test_10,9,19,961,5.300596407375194,True,right/down,0.2224874256633783,300,54200,36.462558100000024,36.296875,1.0
cx0.3_mut0.1,0.3,0.1,test_1,0,0,42,5.184354789132132,True,right/down,0.18502552112718743,300,54200,30.242121200004476,29.65625,1.0
cx0.3_mut0.1,0.3,0.1,test_1,0,1,43,5.088009412995655,True,right/down,0.2117106317683862,300,54200,32.36025139999401,31.96875,1.0
cx0.3_mut0.1,0.3,0.1,test_1,0,2,44,5.378333769681084,True,right/down,0.2053895274127953,300,54200,32.51876240001002,31.859375,1.0
cx0.3_mut0.1,0.3,0.1,test_1,0,3,45,5.297867381407253,True,right/down,0.2591220808764454,300,54200,31.490087400001357,30.875,1.0
cx0.3_mut0.1,0.3,0.1,test_1,0,4,46,5.360416501687969,True,right/down,0.22135286293041292,300,54200,31.883426000000327,31.3125,1.0
cx0.3_mut0.1,0.3,0.1,test_1,0,5,47,5.2162482283168785,True,right/down,0.2272027182027411,300,54200,30.776542299994617,30.296875,1.0
cx0.3_mut0.1,0.3,0.1,test_1,0,6,48,5.417631679898485,True,right/down,0.2482315431245374,300,54200,30.054146299997228,29.71875,1.0
cx0.3_mut0.1,0.3,0.1,test_1,0,7,49,5.052994035250474,True,right/down,0.20053748563391938,300,54200,32.6068593999953,32.390625,1.0
cx0.3_mut0.1,0.3,0.1,test_1,0,8,50,5.986833797757744,True,right/down,0.2295005206351527,300,54200,31.42708350000612,31.234375,1.0
cx0.3_mut0.1,0.3,0.1,test_1,0,9,51,5.208448371938445,True,right/down,0.23312689613243898,300,54200,30.884483599991654,30.375,1.0
cx0.3_mut0.1,0.3,0.1,test_1,0,10,52,4.953434885519226,True,right/down,0.24657522406296564,300,54200,33.332671299998765,33.015625,1.0
cx0.3_mut0.1,0.3,0.1,test_1,0,11,53,5.076550589295883,True,right/down,0.21230756807416393,300,54200,30.55351189999783,30.296875,1.0
cx0.3_mut0.1,0.3,0.1,test_1,0,12,54,5.52739328276922,True,right/down,0.236120878842018,300,54200,31.120128800001112,30.96875,1.0
cx0.3_mut0.1,0.3,0.1,test_1,0,13,55,5.220528667025141,True,right/down,0.2102813417974326,300,54200,32.027079400009825,31.828125,1.0
cx0.3_mut0.1,0.3,0.1,test_1,0,14,56,5.46458403608977,True,right/down,0.2100041398412522,300,54200,30.794270600003074,30.328125,1.0
cx0.3_mut0.1,0.3,0.1,test_1,0,15,57,5.15634017951731,True,right/down,0.2526972902156532,300,54200,29.38521910000418,28.828125,1.0
cx0.3_mut0.1,0.3,0.1,test_1,0,16,58,5.930210686673259,True,right/down,0.22031210719820563,300,54200,30.46468589999131,29.8125,1.0
cx0.3_mut0.1,0.3,0.1,test_1,0,17,59,5.370149816037885,True,right/down,0.24697982297476745,300,54200,30.01740470000368,29.40625,1.0
cx0.3_mut0.1,0.3,0.1,test_1,0,18,60,5.15562477295679,True,right/down,0.1921682689442808,300,54200,30.331560900012846,29.984375,1.0
cx0.3_mut0.1,0.3,0.1,test_1,0,19,61,5.214342584931709,True,right/down,0.24356875538005912,300,54200,32.599930700002005,32.34375,1.0
cx0.3_mut0.1,0.3,0.1,test_2,1,0,142,5.334315222867388,True,right/down,0.2021166844548068,300,54200,31.511930399996345,31.34375,1.0
cx0.3_mut0.1,0.3,0.1,test_2,1,1,143,5.20474027560308,True,right/down,0.21804697684754457,300,54200,29.911789099991438,29.625,1.0
cx0.3_mut0.1,0.3,0.1,test_2,1,2,144,5.116922447468342,True,right/down,0.21820655017993096,300,54200,30.291937400004826,29.796875,1.0
cx0.3_mut0.1,0.3,0.1,test_2,1,3,145,5.243369198802376,True,right/down,0.21531220493240502,300,54200,30.201983200007817,29.765625,1.0
cx0.3_mut0.1,0.3,0.1,test_2,1,4,146,5.231358139615653,True,right/down,0.23837490129560093,300,54200,29.705607000010787,29.3125,1.0
cx0.3_mut0.1,0.3,0.1,test_2,1,5,147,5.300174986788193,True,right/down,0.21422737034211983,300,54200,29.8487266000011,29.53125,1.0
cx0.3_mut0.1,0.3,0.1,test_2,1,6,148,5.440751008829313,True,right/down,0.184261953479872,300,54200,28.543908999999985,28.140625,1.0
cx0.3_mut0.1,0.3,0.1,test_2,1,7,149,5.883683771297352,True,right/down,0.16736142170945445,300,54200,29.575865399994655,28.984375,1.0
cx0.3_mut0.1,0.3,0.1,test_2,1,8,150,5.289635034507114,True,right/down,0.22577071788134123,300,54200,34.83889509999426,34.015625,1.0
cx0.3_mut0.1,0.3,0.1,test_2,1,9,151,5.290224154404585,True,right/down,0.23401889528041134,300,54200,29.778137100001913,29.28125,1.0
cx0.3_mut0.1,0.3,0.1,test_2,1,10,152,5.324138544138212,True,right/down,0.22430050906105678,300,54200,31.66810890000488,30.953125,1.0
cx0.3_mut0.1,0.3,0.1,test_2,1,11,153,5.176653896520924,True,right/down,0.21662662009254482,300,54200,30.176367799998843,29.59375,1.0
cx0.3_mut0.1,0.3,0.1,test_2,1,12,154,5.41446818552371,True,right/down,0.24118678548725186,300,54200,30.12355689999822,29.5,1.0
cx0.3_mut0.1,0.3,0.1,test_2,1,13,155,5.208438600044481,True,right/down,0.2314882394552973,300,54200,28.12704870000016,27.71875,1.0
cx0.3_mut0.1,0.3,0.1,test_2,1,14,156,5.364532250152495,True,right/down,0.25045694148146874,300,54200,29.429722600005334,29.1875,1.0
cx0.3_mut0.1,0.3,0.1,test_2,1,15,157,5.187558740251534,True,right/down,0.2438884469595897,300,54200,29.637491900008172,29.453125,1.0
cx0.3_mut0.1,0.3,0.1,test_2,1,16,158,5.240478337018404,True,right/down,0.210558688931261,300,54200,30.340422100009164,30.265625,1.0
cx0.3_mut0.1,0.3,0.1,test_2,1,17,159,5.314420912895594,True,right/down,0.21745743021679856,300,54200,29.167558400004054,28.921875,1.0
cx0.3_mut0.1,0.3,0.1,test_2,1,18,160,5.519285591362884,True,right/down,0.2402773317539095,300,54200,30.72708070000226,30.234375,1.0
cx0.3_mut0.1,0.3,0.1,test_2,1,19,161,5.390136338807213,True,right/down,0.2399531230023133,300,54200,31.00874570000451,30.71875,1.0
cx0.3_mut0.1,0.3,0.1,test_3,2,0,242,4.826203727829701,True,right/down,0.26344828131403897,300,54200,29.71258510000189,29.390625,1.0
cx0.3_mut0.1,0.3,0.1,test_3,2,1,243,5.180320947774669,True,right/down,0.2509279146788498,300,54200,31.912062199990032,31.625,1.0
cx0.3_mut0.1,0.3,0.1,test_3,2,2,244,4.962818559339199,True,right/down,0.25003742982836435,300,54200,30.921529100000043,30.65625,1.0
cx0.3_mut0.1,0.3,0.1,test_3,2,3,245,5.294397716634972,True,right/down,0.24103711426858632,300,54200,29.975210700009484,29.625,1.0
cx0.3_mut0.1,0.3,0.1,test_3,2,4,246,5.20479238203272,True,right/down,0.2642437431924598,300,54200,32.20748949999688,31.6875,1.0
cx0.3_mut0.1,0.3,0.1,test_3,2,5,247,5.0287037295564785,True,right/down,0.25485034984931565,300,54200,32.397771500007366,31.671875,1.0
cx0.3_mut0.1,0.3,0.1,test_3,2,6,248,5.4916111264808904,True,right/down,0.23202303572507157,300,54200,31.02868779998971,30.609375,1.0
cx0.3_mut0.1,0.3,0.1,test_3,2,7,249,5.188774752067913,True,right/down,0.24389347318379265,300,54200,30.798950900003547,30.546875,1.0
cx0.3_mut0.1,0.3,0.1,test_3,2,8,250,5.035653065951573,True,right/down,0.2386539128721216,300,54200,30.966255200008163,30.703125,1.0
cx0.3_mut0.1,0.3,0.1,test_3,2,9,251,5.134541233848017,True,right/down,0.22492407428892766,300,54200,29.240891399997054,28.859375,1.0
cx0.3_mut0.1,0.3,0.1,test_3,2,10,252,5.110719641135922,True,right/down,0.24848390685384764,300,54200,30.751612300009583,30.390625,1.0
cx0.3_mut0.1,0.3,0.1,test_3,2,11,253,5.063541223984409,True,right/down,0.24192527630641267,300,54200,30.398456400012947,30.1875,1.0
cx0.3_mut0.1,0.3,0.1,test_3,2,12,254,5.07762416834533,True,right/down,0.22760138707603608,300,54200,31.75300209999841,31.359375,1.0
cx0.3_mut0.1,0.3,0.1,test_3,2,13,255,4.962766512153884,True,right/down,0.25643406257854556,300,54200,30.279942600012873,29.796875,1.0
cx0.3_mut0.1,0.3,0.1,test_3,2,14,256,5.06722955532134,True,right/down,0.24239410622724522,300,54200,31.02070989999629,30.8125,1.0
cx0.3_mut0.1,0.3,0.1,test_3,2,15,257,5.073981895875149,True,right/down,0.23344624625314536,300,54200,29.70421000001079,29.484375,1.0
cx0.3_mut0.1,0.3,0.1,test_3,2,16,258,5.377296190856733,True,right/down,0.2499873757135278,300,54200,31.55698150000535,31.28125,1.0
cx0.3_mut0.1,0.3,0.1,test_3,2,17,259,4.931717720498697,True,right/down,0.2432007288866115,300,54200,31.272279200013145,30.796875,1.0
cx0.3_mut0.1,0.3,0.1,test_3,2,18,260,5.154354325953914,True,right/down,0.23192879260535798,300,54200,30.59307849999459,29.90625,1.0
cx0.3_mut0.1,0.3,0.1,test_3,2,19,261,5.931599347184002,True,right/down,0.23998007631145785,300,54200,31.348984800002654,30.90625,1.0
cx0.3_mut0.1,0.3,0.1,test_4,3,0,342,5.082166120657671,True,right/down,0.2123813354913667,300,54200,29.222155499999644,28.703125,1.0
cx0.3_mut0.1,0.3,0.1,test_4,3,1,343,5.185972207081335,True,right/down,0.2570385323508979,300,54200,29.68411700001161,29.1875,1.0
cx0.3_mut0.1,0.3,0.1,test_4,3,2,344,5.00878146169701,True,right/down,0.2174530198320538,300,54200,31.08771490000072,30.625,1.0
cx0.3_mut0.1,0.3,0.1,test_4,3,3,345,4.965415304491225,True,right/down,0.20701667623867148,300,54200,33.322808500000974,32.859375,1.0
cx0.3_mut0.1,0.3,0.1,test_4,3,4,346,5.1095552422260395,True,right/down,0.23399456738741228,300,54200,29.328444800004945,28.6875,1.0
cx0.3_mut0.1,0.3,0.1,test_4,3,5,347,5.354489995300025,True,right/down,0.22673771467204,300,54200,32.41707049999968,31.984375,1.0
cx0.3_mut0.1,0.3,0.1,test_4,3,6,348,5.772990986006923,True,right/down,0.20298358194760208,300,54200,27.591752099993755,27.328125,1.0
cx0.3_mut0.1,0.3,0.1,test_4,3,7,349,4.907303712358518,True,right/down,0.2369209095590487,300,54200,30.128238699995563,29.921875,1.0
cx0.3_mut0.1,0.3,0.1,test_4,3,8,350,5.276288643314461,True,right/down,0.2525932500171883,300,54200,30.202290700006415,29.953125,1.0
cx0.3_mut0.1,0.3,0.1,test_4,3,9,351,5.340463293520778,True,right/down,0.21388855106600818,300,54200,31.75017490000755,31.40625,1.0
cx0.3_mut0.1,0.3,0.1,test_4,3,10,352,5.526774026258726,True,right/down,0.2310736637358956,300,54200,29.54136830000789,29.359375,1.0
cx0.3_mut0.1,0.3,0.1,test_4,3,11,353,5.039760889935826,True,right/down,0.23533594711350342,300,54200,29.41666789998999,29.328125,1.0
cx0.3_mut0.1,0.3,0.1,test_4,3,12,354,5.066869730846639,True,right/down,0.2191799106200442,300,54200,30.622083499998553,30.171875,1.0
cx0.3_mut0.1,0.3,0.1,test_4,3,13,355,5.079773501577371,True,right/down,0.2337446188191479,300,54200,29.14555929999915,28.421875,1.0
cx0.3_mut0.1,0.3,0.1,test_4,3,14,356,5.217765576597193,True,right/down,0.23993534115793966,300,54200,36.6938983,35.703125,1.0
cx0.3_mut0.1,0.3,0.1,test_4,3,15,357,5.039651065316097,True,right/down,0.22849289926921082,300,54200,34.66784870000265,33.859375,1.0
cx0.3_mut0.1,0.3,0.1,test_4,3,16,358,5.134357230415887,True,right/down,0.24715032181549743,300,54200,36.119051999994554,35.296875,1.0
cx0.3_mut0.1,0.3,0.1,test_4,3,17,359,5.272465866916624,True,right/down,0.25408639989811316,300,54200,34.29078270000173,33.71875,1.0
cx0.3_mut0.1,0.3,0.1,test_4,3,18,360,5.151334085531058,True,right/down,0.24811513187209092,300,54200,32.24861320000491,31.71875,1.0
cx0.3_mut0.1,0.3,0.1,test_4,3,19,361,5.352668176511071,True,right/down,0.2438971025167534,300,54200,28.861434399994323,28.5625,1.0
cx0.3_mut0.1,0.3,0.1,test_5,4,0,442,5.449840291652022,True,right/down,0.2075794757756906,300,54200,34.788223099996685,34.5,1.0
cx0.3_mut0.1,0.3,0.1,test_5,4,1,443,5.208391632918749,True,right/down,0.24864800357014558,300,54200,34.059078999998746,33.453125,1.0
cx0.3_mut0.1,0.3,0.1,test_5,4,2,444,5.157650248108018,True,right/down,0.23155400791574912,300,54200,33.142358400000376,32.9375,1.0
cx0.3_mut0.1,0.3,0.1,test_5,4,3,445,5.9655475886140374,True,right/down,0.2343472604760676,300,54200,35.80422550000367,35.578125,1.0
cx0.3_mut0.1,0.3,0.1,test_5,4,4,446,5.24007906092133,True,right/down,0.2289368027885715,300,54200,34.56021999999939,34.390625,1.0
cx0.3_mut0.1,0.3,0.1,test_5,4,5,447,5.255893565586623,True,right/down,0.24308188766027367,300,54200,34.124207900007605,32.71875,1.0
cx0.3_mut0.1,0.3,0.1,test_5,4,6,448,5.210201304680407,True,right/down,0.23698580052265752,300,54200,33.17783499999496,32.40625,1.0
cx0.3_mut0.1,0.3,0.1,test_5,4,7,449,5.228093490640135,True,right/down,0.24378552834590006,300,54200,32.58167059998959,31.734375,1.0
cx0.3_mut0.1,0.3,0.1,test_5,4,8,450,5.311718042507588,True,right/down,0.2324050786850146,300,54200,36.53037559999211,35.59375,1.0
cx0.3_mut0.1,0.3,0.1,test_5,4,9,451,6.1440764438718585,True,right/down,0.22289492231448413,300,54200,32.1516197000019,31.1875,1.0
cx0.3_mut0.1,0.3,0.1,test_5,4,10,452,5.2035132341243715,True,right/down,0.20139209013713705,300,54200,33.475839400009136,32.734375,1.0
cx0.3_mut0.1,0.3,0.1,test_5,4,11,453,5.542996163683829,True,right/down,0.23049824997164664,300,54200,33.07143680000445,32.578125,1.0
cx0.3_mut0.1,0.3,0.1,test_5,4,12,454,5.343332274216568,True,right/down,0.2261734132356033,300,54200,32.10499219999474,31.609375,1.0
cx0.3_mut0.1,0.3,0.1,test_5,4,13,455,5.206056131160997,True,right/down,0.2249287917876038,300,54200,35.49174399999902,35.15625,1.0
cx0.3_mut0.1,0.3,0.1,test_5,4,14,456,5.429233757603264,True,right/down,0.23321128794795395,300,54200,34.199018300001626,33.8125,1.0
cx0.3_mut0.1,0.3,0.1,test_5,4,15,457,5.412391154413548,True,right/down,0.20344289577285077,300,54200,33.6988740000088,33.3125,1.0
cx0.3_mut0.1,0.3,0.1,test_5,4,16,458,5.421520797128958,True,right/down,0.2382846390233133,300,54200,31.78785069999867,31.5625,1.0
cx0.3_mut0.1,0.3,0.1,test_5,4,17,459,5.218796822550132,True,right/down,0.2379062284167487,300,54200,32.8013229000062,32.390625,1.0
cx0.3_mut0.1,0.3,0.1,test_5,4,18,460,5.116860233650318,True,right/down,0.187708177304141,300,54200,31.835740499998792,30.9375,1.0
cx0.3_mut0.1,0.3,0.1,test_5,4,19,461,5.205516365217155,True,right/down,0.21453409337641574,300,54200,28.689888099994278,27.921875,1.0
cx0.3_mut0.1,0.3,0.1,test_6,5,0,542,5.939414723756701,True,right/down,0.2515601265734156,300,54200,29.313053800011403,28.671875,1.0
cx0.3_mut0.1,0.3,0.1,test_6,5,1,543,5.712403756798755,True,right/down,0.24361432133581035,300,54200,32.577793200005544,31.796875,1.0
cx0.3_mut0.1,0.3,0.1,test_6,5,2,544,5.510830387124094,True,right/down,0.22637764776135175,300,54200,32.03404149999551,31.734375,1.0
cx0.3_mut0.1,0.3,0.1,test_6,5,3,545,5.3763114234994065,True,right/down,0.2553238020403776,300,54200,31.1150401999912,30.9375,1.0
cx0.3_mut0.1,0.3,0.1,test_6,5,4,546,5.2708481050065625,True,right/down,0.22470174297292528,300,54200,32.71699089999311,32.40625,1.0
cx0.3_mut0.1,0.3,0.1,test_6,5,5,547,5.4446956567850116,True,right/down,0.2679323922896573,300,54200,34.789171900003566,34.515625,1.0
cx0.3_mut0.1,0.3,0.1,test_6,5,6,548,5.422494597415405,True,right/down,0.21134601002466671,300,54200,34.189394999993965,33.875,1.0
cx0.3_mut0.1,0.3,0.1,test_6,5,7,549,6.103309758463231,True,right/down,0.22366526572728146,300,54200,34.464274999991176,33.921875,1.0
cx0.3_mut0.1,0.3,0.1,test_6,5,8,550,5.5732731112338705,True,right/down,0.20804071448136252,300,54200,31.14023669999733,30.875,1.0
cx0.3_mut0.1,0.3,0.1,test_6,5,9,551,5.1949108467264935,True,right/down,0.2375357790139862,300,54200,33.25851369999873,32.921875,1.0
cx0.3_mut0.1,0.3,0.1,test_6,5,10,552,5.582094560250925,True,right/down,0.2236470238436834,300,54200,33.16314769999008,32.8125,1.0
cx0.3_mut0.1,0.3,0.1,test_6,5,11,553,5.238583830328964,True,right/down,0.22532037782772263,300,54200,32.33831449999707,32.03125,1.0
cx0.3_mut0.1,0.3,0.1,test_6,5,12,554,5.610984186043503,True,right/down,0.24221894807004282,300,54200,35.596299400000134,34.828125,1.0
cx0.3_mut0.1,0.3,0.1,test_6,5,13,555,5.224715347792021,True,right/down,0.2085314433720074,300,54200,34.902079499996034,34.1875,1.0
cx0.3_mut0.1,0.3,0.1,test_6,5,14,556,5.699228591188149,True,right/down,0.2603954537744594,300,54200,33.18865209999785,32.46875,1.0
cx0.3_mut0.1,0.3,0.1,test_6,5,15,557,5.787728778717976,True,right/down,0.1744556569639987,300,54200,33.19034200000169,33.015625,1.0
cx0.3_mut0.1,0.3,0.1,test_6,5,16,558,5.762003743225057,True,right/down,0.2536801972339638,300,54200,30.032403899997007,29.8125,1.0
cx0.3_mut0.1,0.3,0.1,test_6,5,17,559,5.407085116351396,True,right/down,0.21348450459690985,300,54200,30.281200900004478,30.03125,1.0
cx0.3_mut0.1,0.3,0.1,test_6,5,18,560,5.581305367518585,True,right/down,0.24049442148439204,300,54200,34.32906509999884,33.921875,1.0
cx0.3_mut0.1,0.3,0.1,test_6,5,19,561,5.421775738490773,True,right/down,0.20853994878861293,300,54200,31.1125955000025,30.984375,1.0
cx0.3_mut0.1,0.3,0.1,test_7,6,0,642,4.939197068978871,True,right/down,0.25648664125615983,300,54200,33.293385600001784,32.953125,1.0
cx0.3_mut0.1,0.3,0.1,test_7,6,1,643,5.215641785976297,True,right/down,0.2402161238720571,300,54200,31.03387469999143,30.828125,1.0
cx0.3_mut0.1,0.3,0.1,test_7,6,2,644,4.918408937933625,True,right/down,0.2504085526467394,300,54200,32.35142700000142,32.0625,1.0
cx0.3_mut0.1,0.3,0.1,test_7,6,3,645,5.020782992760669,True,right/down,0.2539542842868711,300,54200,29.73056579999684,29.46875,1.0
cx0.3_mut0.1,0.3,0.1,test_7,6,4,646,5.1894438434845025,True,right/down,0.23100845596865857,300,54200,32.42282740000519,32.09375,1.0
cx0.3_mut0.1,0.3,0.1,test_7,6,5,647,5.0423428900475855,True,right/down,0.20272148153801214,300,54200,31.737350099996547,31.34375,1.0
cx0.3_mut0.1,0.3,0.1,test_7,6,6,648,4.9786373590400785,True,right/down,0.2338735068664988,300,54200,34.54523160000099,33.90625,1.0
cx0.3_mut0.1,0.3,0.1,test_7,6,7,649,5.464614584666704,True,right/down,0.22629732569273114,300,54200,33.91632319999917,33.46875,1.0
cx0.3_mut0.1,0.3,0.1,test_7,6,8,650,5.294046965827567,True,right/down,0.24916894262857275,300,54200,34.4297258000006,34.015625,1.0
cx0.3_mut0.1,0.3,0.1,test_7,6,9,651,4.879134028778829,True,right/down,0.23805673151808346,300,54200,32.115254899996216,31.359375,1.0
cx0.3_mut0.1,0.3,0.1,test_7,6,10,652,4.851167463645194,True,right/down,0.22299164515421102,300,54200,35.48904319999565,35.171875,1.0
cx0.3_mut0.1,0.3,0.1,test_7,6,11,653,5.73886990918882,True,right/down,0.2702878589890318,300,54200,31.111026900005527,30.796875,1.0
cx0.3_mut0.1,0.3,0.1,test_7,6,12,654,5.119710325439826,True,right/down,0.2081237748314394,300,54200,35.32217270000547,35.0,1.0
cx0.3_mut0.1,0.3,0.1,test_7,6,13,655,5.319477213892696,True,right/down,0.2187708269601063,300,54200,34.87334180000471,34.5625,1.0
cx0.3_mut0.1,0.3,0.1,test_7,6,14,656,5.772783643953627,True,right/down,0.24348389421105546,300,54200,29.470215699999244,29.34375,1.0
cx0.3_mut0.1,0.3,0.1,test_7,6,15,657,4.845230660504169,True,right/down,0.24774328224368108,300,54200,33.34865909999644,33.265625,1.0
cx0.3_mut0.1,0.3,0.1,test_7,6,16,658,5.066709629047904,True,right/down,0.2085398567544284,300,54200,35.84566679999989,35.21875,1.0
cx0.3_mut0.1,0.3,0.1,test_7,6,17,659,5.527824315649497,True,right/down,0.20411562637503566,300,54200,31.768810400011716,31.46875,1.0
cx0.3_mut0.1,0.3,0.1,test_7,6,18,660,4.9844937366465505,True,right/down,0.2472425358373813,300,54200,34.47970489998988,33.96875,1.0
cx0.3_mut0.1,0.3,0.1,test_7,6,19,661,4.737143743014093,True,right/down,0.24847716669787653,300,54200,35.34207830000378,34.53125,1.0
cx0.3_mut0.1,0.3,0.1,test_8,7,0,742,5.645297922816364,True,right/down,0.23612017258402182,300,54200,38.06838290000451,37.390625,1.0
cx0.3_mut0.1,0.3,0.1,test_8,7,1,743,5.136432505313495,True,right/down,0.2270783477596048,300,54200,36.88495300000068,36.15625,1.0
cx0.3_mut0.1,0.3,0.1,test_8,7,2,744,4.953061352378575,True,right/down,0.25594252144122126,300,54200,35.65119709999999,35.140625,1.0
cx0.3_mut0.1,0.3,0.1,test_8,7,3,745,4.899784762725706,True,right/down,0.24245181224050588,300,54200,36.67370710000978,35.953125,1.0
cx0.3_mut0.1,0.3,0.1,test_8,7,4,746,4.785143442236516,True,right/down,0.2533007132754254,300,54200,34.25835940000252,33.671875,1.0
cx0.3_mut0.1,0.3,0.1,test_8,7,5,747,5.573524000190753,True,right/down,0.23624387445442582,300,54200,38.17863579999539,37.8125,1.0
cx0.3_mut0.1,0.3,0.1,test_8,7,6,748,5.137261517062896,True,right/down,0.23276765484440043,300,54200,31.031260700008716,30.8125,1.0
cx0.3_mut0.1,0.3,0.1,test_8,7,7,749,5.45291999881916,True,right/down,0.2259558894810735,300,54200,34.94460519999848,34.625,1.0
cx0.3_mut0.1,0.3,0.1,test_8,7,8,750,5.549420487960123,True,right/down,0.2305409839673053,300,54200,32.649842500002705,32.40625,1.0
cx0.3_mut0.1,0.3,0.1,test_8,7,9,751,5.2587147277717365,True,right/down,0.22018020419397252,300,54200,33.6587598999904,33.375,1.0
cx0.3_mut0.1,0.3,0.1,test_8,7,10,752,5.292072622007463,True,right/down,0.20744530902395547,300,54200,34.89295409999613,34.40625,1.0
cx0.3_mut0.1,0.3,0.1,test_8,7,11,753,5.323730678370297,True,right/down,0.23925504718905935,300,54200,36.50282289998722,35.859375,1.0
cx0.3_mut0.1,0.3,0.1,test_8,7,12,754,4.8068381063241965,True,right/down,0.2377820270495813,300,54200,35.16533139999956,34.625,1.0
cx0.3_mut0.1,0.3,0.1,test_8,7,13,755,5.077044813111638,True,right/down,0.23115210358618532,300,54200,32.95219850000285,32.140625,1.0
cx0.3_mut0.1,0.3,0.1,test_8,7,14,756,6.192476945366214,True,right/down,0.2278139812742776,300,54200,34.839614299999084,33.78125,1.0
cx0.3_mut0.1,0.3,0.1,test_8,7,15,757,4.840659400323487,True,right/down,0.24173895417534141,300,54200,31.81216129999666,31.421875,1.0
cx0.3_mut0.1,0.3,0.1,test_8,7,16,758,5.2744730028344975,True,right/down,0.25295359182663674,300,54200,31.832878699991852,31.59375,1.0
cx0.3_mut0.1,0.3,0.1,test_8,7,17,759,4.980644415749525,True,right/down,0.23541028997235142,300,54200,36.80927339999471,36.34375,1.0
cx0.3_mut0.1,0.3,0.1,test_8,7,18,760,5.309695352988732,True,right/down,0.2592339122487637,300,54200,31.771919799997704,31.65625,1.0
cx0.3_mut0.1,0.3,0.1,test_8,7,19,761,4.962695637915413,True,right/down,0.25740154038928015,300,54200,33.71427500000573,33.484375,1.0
cx0.3_mut0.1,0.3,0.1,test_9,8,0,842,5.161887362877952,True,right/down,0.2357537110423329,300,54200,33.09941160000744,32.84375,1.0
cx0.3_mut0.1,0.3,0.1,test_9,8,1,843,5.363888843022206,True,right/down,0.199588609415583,300,54200,33.14663630000723,32.59375,1.0
cx0.3_mut0.1,0.3,0.1,test_9,8,2,844,5.264471577364741,True,right/down,0.22396268226259303,300,54200,34.27026649999607,34.046875,1.0
cx0.3_mut0.1,0.3,0.1,test_9,8,3,845,5.369322043908924,True,right/down,0.22284605849160127,300,54200,31.11062779999338,30.875,1.0
cx0.3_mut0.1,0.3,0.1,test_9,8,4,846,5.153720343126773,True,right/down,0.25073131418360856,300,54200,33.77113529999042,33.578125,1.0
cx0.3_mut0.1,0.3,0.1,test_9,8,5,847,5.3396509527012,True,right/down,0.20802021083008954,300,54200,33.67334550000669,33.078125,1.0
cx0.3_mut0.1,0.3,0.1,test_9,8,6,848,5.480312836484908,True,right/down,0.20038199528137632,300,54200,34.25125480000861,33.671875,1.0
cx0.3_mut0.1,0.3,0.1,test_9,8,7,849,5.187695223751835,True,right/down,0.2445079284911509,300,54200,32.417344900008175,31.953125,1.0
cx0.3_mut0.1,0.3,0.1,test_9,8,8,850,5.23605743180131,True,right/down,0.23569996536888718,300,54200,33.887822000004235,33.234375,1.0
cx0.3_mut0.1,0.3,0.1,test_9,8,9,851,5.425138005762095,True,right/down,0.22963789075311902,300,54200,36.09026490000542,35.765625,1.0
cx0.3_mut0.1,0.3,0.1,test_9,8,10,852,5.256014005495151,True,right/down,0.23447582292592503,300,54200,34.882908499988844,34.640625,1.0
cx0.3_mut0.1,0.3,0.1,test_9,8,11,853,5.175826831738474,True,right/down,0.22546082498902886,300,54200,34.104594599994016,33.34375,1.0
cx0.3_mut0.1,0.3,0.1,test_9,8,12,854,5.297932354883081,True,right/down,0.2562330403502657,300,54200,30.509105599994655,30.390625,1.0
cx0.3_mut0.1,0.3,0.1,test_9,8,13,855,5.332933581967138,True,right/down,0.22097617411306927,300,54200,33.62426459998824,33.421875,1.0
cx0.3_mut0.1,0.3,0.1,test_9,8,14,856,5.866118671796916,True,right/down,0.24170202087074644,300,54200,34.575245199986966,34.3125,1.0
cx0.3_mut0.1,0.3,0.1,test_9,8,15,857,5.260243584152625,True,right/down,0.25030894517842067,300,54200,32.817341200003284,32.5,1.0
cx0.3_mut0.1,0.3,0.1,test_9,8,16,858,5.176774317886551,True,right/down,0.24048738949438525,300,54200,34.55689939999138,34.203125,1.0
cx0.3_mut0.1,0.3,0.1,test_9,8,17,859,5.145138879754212,True,right/down,0.20255289002153298,300,54200,33.00013729999773,32.5,1.0
cx0.3_mut0.1,0.3,0.1,test_9,8,18,860,5.836273972370297,True,right/down,0.22976041986388315,300,54200,33.82283199999074,33.515625,1.0
cx0.3_mut0.1,0.3,0.1,test_9,8,19,861,5.306547011352848,True,right/down,0.2162899355508607,300,54200,33.92512800000259,33.484375,1.0
cx0.3_mut0.1,0.3,0.1,test_10,9,0,942,5.37280900376075,True,right/down,0.2067062511395859,300,54200,34.67102040001191,33.96875,1.0
cx0.3_mut0.1,0.3,0.1,test_10,9,1,943,5.315699993375656,True,right/down,0.2309413370115191,300,54200,34.58348420000402,34.03125,1.0
cx0.3_mut0.1,0.3,0.1,test_10,9,2,944,5.268286468496552,True,right/down,0.19547710135737725,300,54200,33.55438269999286,32.78125,1.0
cx0.3_mut0.1,0.3,0.1,test_10,9,3,945,5.366111197869277,True,right/down,0.16202240447793098,300,54200,32.83672490000026,32.375,1.0
cx0.3_mut0.1,0.3,0.1,test_10,9,4,946,5.354230512208907,True,right/down,0.21081361743335467,300,54200,32.89297250000527,32.671875,1.0
cx0.3_mut0.1,0.3,0.1,test_10,9,5,947,5.510336795836904,True,right/down,0.23819173493081594,300,54200,34.64414960000431,34.421875,1.0
cx0.3_mut0.1,0.3,0.1,test_10,9,6,948,5.485359502558062,True,right/down,0.21703832957875366,300,54200,35.03928349999478,34.78125,1.0
cx0.3_mut0.1,0.3,0.1,test_10,9,7,949,5.3614462348650775,True,right/down,0.2220938474809312,300,54200,33.21167269999569,32.921875,1.0
cx0.3_mut0.1,0.3,0.1,test_10,9,8,950,5.683289796804544,True,right/down,0.2448717058752373,300,54200,32.9739297000051,32.46875,1.0
cx0.3_mut0.1,0.3,0.1,test_10,9,9,951,5.3412633014027,True,right/down,0.23371641209147012,300,54200,35.86632329999702,35.65625,1.0
cx0.3_mut0.1,0.3,0.1,test_10,9,10,952,5.253440439695986,True,right/down,0.20055446941443955,300,54200,31.77303139999276,31.46875,1.0
cx0.3_mut0.1,0.3,0.1,test_10,9,11,953,5.327158661428147,True,right/down,0.21189393813758747,300,54200,31.428224699993734,31.28125,1.0
cx0.3_mut0.1,0.3,0.1,test_10,9,12,954,5.137140211897405,True,right/down,0.2474053038827373,300,54200,36.7420245000103,36.171875,1.0
cx0.3_mut0.1,0.3,0.1,test_10,9,13,955,5.515172881887901,True,right/down,0.20316363858473319,300,54200,32.47283179999795,32.015625,1.0
cx0.3_mut0.1,0.3,0.1,test_10,9,14,956,5.2224986302055285,True,right/down,0.19965534756041942,300,54200,33.967700099994545,33.3125,1.0
cx0.3_mut0.1,0.3,0.1,test_10,9,15,957,5.247264321267663,True,right/down,0.23211905474519237,300,54200,29.459008499994525,28.890625,1.0
cx0.3_mut0.1,0.3,0.1,test_10,9,16,958,5.368754292923738,True,right/down,0.22409327338456925,300,54200,34.279340900000534,33.84375,1.0
cx0.3_mut0.1,0.3,0.1,test_10,9,17,959,5.421481634160537,True,right/down,0.17670993858670722,300,54200,33.68183830000635,33.375,1.0
cx0.3_mut0.1,0.3,0.1,test_10,9,18,960,5.305195436170173,True,right/down,0.24012356837092247,300,54200,34.59677649999503,34.421875,1.0
cx0.3_mut0.1,0.3,0.1,test_10,9,19,961,5.487596705208929,True,right/down,0.22516901557829738,300,54200,34.69660109998949,34.515625,1.0
cx0.3_mut0.2,0.3,0.2,test_1,0,0,42,5.200199772741641,True,right/down,0.21920282993312767,300,54200,19.039131099998485,18.859375,1.0
cx0.3_mut0.2,0.3,0.2,test_1,0,1,43,5.158368318201674,True,right/down,0.22625207088748664,300,54200,22.361241000005975,22.0625,1.0
cx0.3_mut0.2,0.3,0.2,test_1,0,2,44,4.997253313404343,True,right/down,0.21758042639233877,300,54200,23.60291979998874,23.171875,1.0
cx0.3_mut0.2,0.3,0.2,test_1,0,3,45,5.168250027948177,True,right/down,0.20067400216786882,300,54200,21.597056400001748,21.078125,1.0
cx0.3_mut0.2,0.3,0.2,test_1,0,4,46,5.115197320157849,True,right/down,0.23791777818308704,300,54200,21.195909000001848,20.859375,1.0
cx0.3_mut0.2,0.3,0.2,test_1,0,5,47,5.045349081793364,True,right/down,0.23568474531994574,300,54200,22.932286700000986,22.46875,1.0
cx0.3_mut0.2,0.3,0.2,test_1,0,6,48,5.013176585055093,True,right/down,0.23069925795027507,300,54200,22.845215900000767,22.5625,1.0
cx0.3_mut0.2,0.3,0.2,test_1,0,7,49,4.9501972453484,True,right/down,0.22093275685580546,300,54200,22.60160600001109,22.359375,1.0
cx0.3_mut0.2,0.3,0.2,test_1,0,8,50,5.160296366120786,True,right/down,0.2493511363233745,300,54200,21.736215799988713,21.46875,1.0
cx0.3_mut0.2,0.3,0.2,test_1,0,9,51,5.339959685352267,True,right/down,0.24098790528599223,300,54200,22.837683299992932,22.453125,1.0
cx0.3_mut0.2,0.3,0.2,test_1,0,10,52,5.0330994390432044,True,right/down,0.24868659942990035,300,54200,24.313126199995168,23.9375,1.0
cx0.3_mut0.2,0.3,0.2,test_1,0,11,53,5.03995517008229,True,right/down,0.20983689952345044,300,54200,23.32356659999641,23.171875,1.0
cx0.3_mut0.2,0.3,0.2,test_1,0,12,54,4.938532532996165,True,right/down,0.20526132604200442,300,54200,22.52304619998904,22.375,1.0
cx0.3_mut0.2,0.3,0.2,test_1,0,13,55,5.257148549246175,True,right/down,0.21847601529658744,300,54200,21.058735999991768,20.953125,1.0
cx0.3_mut0.2,0.3,0.2,test_1,0,14,56,5.268038508655728,True,right/down,0.24965148616957586,300,54200,21.625831400000607,21.3125,1.0
cx0.3_mut0.2,0.3,0.2,test_1,0,15,57,5.022347353827393,True,right/down,0.2459020639587906,300,54200,20.65207399999781,20.265625,1.0
cx0.3_mut0.2,0.3,0.2,test_1,0,16,58,5.7684062232160445,True,right/down,0.21235074817350644,300,54200,23.041092499988736,22.640625,1.0
cx0.3_mut0.2,0.3,0.2,test_1,0,17,59,5.276795873201715,True,right/down,0.22554326356606472,300,54200,20.208032800001092,19.8125,1.0
cx0.3_mut0.2,0.3,0.2,test_1,0,18,60,5.417976747962454,True,right/down,0.2317052050831942,300,54200,18.886976900001173,18.625,1.0
cx0.3_mut0.2,0.3,0.2,test_1,0,19,61,5.075698959641419,True,right/down,0.24728215492105596,300,54200,20.561939899998833,20.375,1.0
cx0.3_mut0.2,0.3,0.2,test_2,1,0,142,5.249239845916598,True,right/down,0.21445786358561925,300,54200,22.956481699991855,22.75,1.0
cx0.3_mut0.2,0.3,0.2,test_2,1,1,143,5.720877442963394,True,right/down,0.22182854056375667,300,54200,23.770470899995416,23.515625,1.0
cx0.3_mut0.2,0.3,0.2,test_2,1,2,144,5.1522942644621725,True,right/down,0.22999212958152312,300,54200,22.55993170000147,22.234375,1.0
cx0.3_mut0.2,0.3,0.2,test_2,1,3,145,5.2779221483843735,True,right/down,0.1584229546324705,300,54200,22.774932700005593,22.390625,1.0
cx0.3_mut0.2,0.3,0.2,test_2,1,4,146,5.0929976996611295,True,right/down,0.21359169446173218,300,54200,23.63925210000889,23.1875,1.0
cx0.3_mut0.2,0.3,0.2,test_2,1,5,147,5.255746657938094,True,right/down,0.20790255491332166,300,54200,23.60678000000189,23.375,1.0
cx0.3_mut0.2,0.3,0.2,test_2,1,6,148,5.26797085774644,True,right/down,0.21425411514747986,300,54200,22.73833179999201,22.34375,1.0
cx0.3_mut0.2,0.3,0.2,test_2,1,7,149,5.784258718368027,True,right/down,0.21127209126196841,300,54200,25.676960400000098,25.171875,1.0
cx0.3_mut0.2,0.3,0.2,test_2,1,8,150,5.2897858579020935,True,right/down,0.18929723496158005,300,54200,22.810044600002584,22.453125,1.0
cx0.3_mut0.2,0.3,0.2,test_2,1,9,151,5.282754328722959,True,right/down,0.2350111320146209,300,54200,21.91388160000497,21.625,1.0
cx0.3_mut0.2,0.3,0.2,test_2,1,10,152,5.425096213990132,True,right/down,0.23400705403167704,300,54200,22.477526300004683,22.015625,1.0
cx0.3_mut0.2,0.3,0.2,test_2,1,11,153,5.311788078753511,True,right/down,0.2281326297159609,300,54200,21.050307199999224,20.703125,1.0
cx0.3_mut0.2,0.3,0.2,test_2,1,12,154,5.135527367501103,True,right/down,0.20938106905161258,300,54200,23.253301500008092,22.765625,1.0
cx0.3_mut0.2,0.3,0.2,test_2,1,13,155,5.47824393641576,True,right/down,0.20516831585383175,300,54200,21.24604420000105,20.953125,1.0
cx0.3_mut0.2,0.3,0.2,test_2,1,14,156,5.128322049396967,True,right/down,0.23956658498292885,300,54200,20.980709900002694,20.8125,1.0
cx0.3_mut0.2,0.3,0.2,test_2,1,15,157,5.066310091854936,True,right/down,0.2019684433125549,300,54200,21.40136080000957,21.21875,1.0
cx0.3_mut0.2,0.3,0.2,test_2,1,16,158,5.342472767891049,True,right/down,0.23786023717604587,300,54200,21.15197690000059,21.046875,1.0
cx0.3_mut0.2,0.3,0.2,test_2,1,17,159,5.228295278192634,True,right/down,0.2331082918354786,300,54200,22.14868290000595,21.984375,1.0
cx0.3_mut0.2,0.3,0.2,test_2,1,18,160,5.158835947031963,True,right/down,0.2102112727078925,300,54200,23.037159300001804,22.875,1.0
cx0.3_mut0.2,0.3,0.2,test_2,1,19,161,5.462657649037764,True,right/down,0.2234486239568952,300,54200,22.19324459999916,21.875,1.0
cx0.3_mut0.2,0.3,0.2,test_3,2,0,242,5.248740522122851,True,right/down,0.21027452033209956,300,54200,22.13098159999936,22.0,1.0
cx0.3_mut0.2,0.3,0.2,test_3,2,1,243,5.125836844734049,True,right/down,0.255492843643037,300,54200,22.12767650000751,21.921875,1.0
cx0.3_mut0.2,0.3,0.2,test_3,2,2,244,5.087980816157368,True,right/down,0.25336327109607976,300,54200,22.109465999994427,21.953125,1.0
cx0.3_mut0.2,0.3,0.2,test_3,2,3,245,5.107323446067312,True,right/down,0.22820301481398853,300,54200,23.602918000004138,23.21875,1.0
cx0.3_mut0.2,0.3,0.2,test_3,2,4,246,5.0229937998669225,True,right/down,0.26524782143008063,300,54200,21.708547000002,21.5,1.0
cx0.3_mut0.2,0.3,0.2,test_3,2,5,247,5.0451299308035935,True,right/down,0.26596616722373917,300,54200,21.968029099996784,21.578125,1.0
cx0.3_mut0.2,0.3,0.2,test_3,2,6,248,5.227483012713458,True,right/down,0.22362355162059636,300,54200,20.817409499999485,20.25,1.0
cx0.3_mut0.2,0.3,0.2,test_3,2,7,249,5.197214584819074,True,right/down,0.223487495678455,300,54200,20.73079349999898,20.453125,1.0
cx0.3_mut0.2,0.3,0.2,test_3,2,8,250,5.317123176998556,True,right/down,0.24469435850134755,300,54200,23.28688189999957,23.1875,1.0
cx0.3_mut0.2,0.3,0.2,test_3,2,9,251,4.89196809266285,True,right/down,0.24662624553133763,300,54200,22.48734949999198,22.25,1.0
cx0.3_mut0.2,0.3,0.2,test_3,2,10,252,4.855872405286867,True,right/down,0.2260689448515757,300,54200,21.86998709999898,21.5625,1.0
cx0.3_mut0.2,0.3,0.2,test_3,2,11,253,5.119244884646298,True,right/down,0.25111597420518783,300,54200,21.987659000005806,21.703125,1.0
cx0.3_mut0.2,0.3,0.2,test_3,2,12,254,5.218643810388141,True,right/down,0.22776100224699736,300,54200,21.955048999996507,21.71875,1.0
cx0.3_mut0.2,0.3,0.2,test_3,2,13,255,4.9866416766653945,True,right/down,0.25590570156710934,300,54200,21.35767090000445,21.125,1.0
cx0.3_mut0.2,0.3,0.2,test_3,2,14,256,5.044520830943926,True,right/down,0.24369790972456737,300,54200,22.86475549999159,22.625,1.0
cx0.3_mut0.2,0.3,0.2,test_3,2,15,257,5.301658723690313,True,right/down,0.25330218260837145,300,54200,22.10404109999945,21.78125,1.0
cx0.3_mut0.2,0.3,0.2,test_3,2,16,258,5.129675467788335,True,right/down,0.24112033160668145,300,54200,21.438450000001467,21.234375,1.0
cx0.3_mut0.2,0.3,0.2,test_3,2,17,259,5.043196177386363,True,right/down,0.2479824664820169,300,54200,21.460616700001992,21.21875,1.0
cx0.3_mut0.2,0.3,0.2,test_3,2,18,260,4.936446903795499,True,right/down,0.24383954607072802,300,54200,21.08652070000244,20.71875,1.0
cx0.3_mut0.2,0.3,0.2,test_3,2,19,261,5.554472545964564,True,right/down,0.24600053654488274,300,54200,23.462602100000367,23.09375,1.0
cx0.3_mut0.2,0.3,0.2,test_4,3,0,342,4.979202903079249,True,right/down,0.23618696908656575,300,54200,20.435645899997326,20.078125,1.0
cx0.3_mut0.2,0.3,0.2,test_4,3,1,343,5.3021101527106005,True,right/down,0.2565440762802485,300,54200,22.698150399999577,22.328125,1.0
cx0.3_mut0.2,0.3,0.2,test_4,3,2,344,5.281582840416397,True,right/down,0.25897046241583394,300,54200,23.68901210000331,23.40625,1.0
cx0.3_mut0.2,0.3,0.2,test_4,3,3,345,5.023252074719428,True,right/down,0.25217844320201166,300,54200,20.652420400001574,20.34375,1.0
cx0.3_mut0.2,0.3,0.2,test_4,3,4,346,5.183952688212686,True,right/down,0.22543219325065827,300,54200,22.341541600006167,21.96875,1.0
cx0.3_mut0.2,0.3,0.2,test_4,3,5,347,5.651206755095322,True,right/down,0.2291362822008761,300,54200,21.12994849999086,20.828125,1.0
cx0.3_mut0.2,0.3,0.2,test_4,3,6,348,4.961574908021601,True,right/down,0.240906504088107,300,54200,20.434303600006388,20.203125,1.0
cx0.3_mut0.2,0.3,0.2,test_4,3,7,349,5.102797998621247,True,right/down,0.22474358995233665,300,54200,21.161704800004372,21.03125,1.0
cx0.3_mut0.2,0.3,0.2,test_4,3,8,350,5.064816017456283,True,right/down,0.23158628794844247,300,54200,21.593262599999434,21.3125,1.0
cx0.3_mut0.2,0.3,0.2,test_4,3,9,351,4.946289631000692,True,right/down,0.21333164901350748,300,54200,21.79780739999842,21.59375,1.0
cx0.3_mut0.2,0.3,0.2,test_4,3,10,352,5.200649728600688,True,right/down,0.21870761337354094,300,54200,22.428991299995687,22.25,1.0
cx0.3_mut0.2,0.3,0.2,test_4,3,11,353,5.188594813727189,True,right/down,0.23861303455990462,300,54200,23.58256920000713,23.46875,1.0
cx0.3_mut0.2,0.3,0.2,test_4,3,12,354,5.030206686345965,True,right/down,0.23010109894499264,300,54200,21.81370159999642,21.5,1.0
cx0.3_mut0.2,0.3,0.2,test_4,3,13,355,5.278153470778324,True,right/down,0.24417825289298367,300,54200,21.389120000007097,20.953125,1.0
cx0.3_mut0.2,0.3,0.2,test_4,3,14,356,5.178225161209922,True,right/down,0.24130366096227038,300,54200,24.586507299987716,23.875,1.0
cx0.3_mut0.2,0.3,0.2,test_4,3,15,357,5.078571772866396,True,right/down,0.2267071333024767,300,54200,25.19709299999522,24.796875,1.0
cx0.3_mut0.2,0.3,0.2,test_4,3,16,358,5.131939584759113,True,right/down,0.24510248935734855,300,54200,24.843395200005034,24.328125,1.0
cx0.3_mut0.2,0.3,0.2,test_4,3,17,359,5.254007516438015,True,right/down,0.2266835169086077,300,54200,23.458608899993123,23.15625,1.0
cx0.3_mut0.2,0.3,0.2,test_4,3,18,360,5.258030919938433,True,right/down,0.2275736237995425,300,54200,22.07149559998652,21.5625,1.0
cx0.3_mut0.2,0.3,0.2,test_4,3,19,361,5.393982929408565,True,right/down,0.22325752896416176,300,54200,23.305540300003486,23.03125,1.0
cx0.3_mut0.2,0.3,0.2,test_5,4,0,442,5.233090868268258,True,right/down,0.24067090697633403,300,54200,25.07211379999353,24.765625,1.0
cx0.3_mut0.2,0.3,0.2,test_5,4,1,443,5.234764448851859,True,right/down,0.24493500755076097,300,54200,24.00208799999382,23.59375,1.0
cx0.3_mut0.2,0.3,0.2,test_5,4,2,444,5.289627469429405,True,right/down,0.19585295921229132,300,54200,23.196653699997114,22.96875,1.0
cx0.3_mut0.2,0.3,0.2,test_5,4,3,445,5.2517837800835,True,right/down,0.2330860669648616,300,54200,23.44700479999301,23.296875,1.0
cx0.3_mut0.2,0.3,0.2,test_5,4,4,446,5.25059301976917,True,right/down,0.26199203307437924,300,54200,22.552756199991563,22.484375,1.0
cx0.3_mut0.2,0.3,0.2,test_5,4,5,447,5.20229620405582,True,right/down,0.21230205513669698,300,54200,24.319785100000445,23.296875,1.0
cx0.3_mut0.2,0.3,0.2,test_5,4,6,448,5.219052348129117,True,right/down,0.23269092400484356,300,54200,25.56751300000178,24.890625,1.0
cx0.3_mut0.2,0.3,0.2,test_5,4,7,449,5.3503518309209674,True,right/down,0.2130990102116356,300,54200,24.05909989999782,23.671875,1.0
cx0.3_mut0.2,0.3,0.2,test_5,4,8,450,5.106736761524143,True,right/down,0.2538336915090436,300,54200,23.624834499991266,22.78125,1.0
cx0.3_mut0.2,0.3,0.2,test_5,4,9,451,5.681244261957814,True,right/down,0.23443661130555957,300,54200,23.51170479999564,23.125,1.0
cx0.3_mut0.2,0.3,0.2,test_5,4,10,452,5.367397983731174,True,right/down,0.23807031461034284,300,54200,25.67618730000686,25.03125,1.0
cx0.3_mut0.2,0.3,0.2,test_5,4,11,453,5.22490081273663,True,right/down,0.23710778046962974,300,54200,25.00067819999822,24.59375,1.0
cx0.3_mut0.2,0.3,0.2,test_5,4,12,454,5.129851391716867,True,right/down,0.2044839392018009,300,54200,27.283930699995835,26.875,1.0
cx0.3_mut0.2,0.3,0.2,test_5,4,13,455,5.174993790865946,True,right/down,0.21838727770871963,300,54200,23.660714600002393,23.546875,1.0
cx0.3_mut0.2,0.3,0.2,test_5,4,14,456,5.226508091627249,True,right/down,0.2291689054227739,300,54200,20.445011199990404,20.25,1.0
cx0.3_mut0.2,0.3,0.2,test_5,4,15,457,5.16067311974351,True,right/down,0.23835523596777589,300,54200,21.765901899998426,21.5,1.0
cx0.3_mut0.2,0.3,0.2,test_5,4,16,458,5.4704739016129045,True,right/down,0.22759519903628314,300,54200,25.18230259999109,24.890625,1.0
cx0.3_mut0.2,0.3,0.2,test_5,4,17,459,5.167920619439876,True,right/down,0.25911390162155495,300,54200,24.638257099999464,24.34375,1.0
cx0.3_mut0.2,0.3,0.2,test_5,4,18,460,5.095050247979479,True,right/down,0.24615938984747684,300,54200,24.257121200003894,23.5,1.0
cx0.3_mut0.2,0.3,0.2,test_5,4,19,461,5.256897438311572,True,right/down,0.1895170249107693,300,54200,21.887501100005466,21.453125,1.0
cx0.3_mut0.2,0.3,0.2,test_6,5,0,542,5.3170817572794355,True,right/down,0.20066483894289458,300,54200,21.302450899995165,20.828125,1.0
cx0.3_mut0.2,0.3,0.2,test_6,5,1,543,5.478464419246295,True,right/down,0.2163987854312276,300,54200,24.449210300008417,23.5625,1.0
cx0.3_mut0.2,0.3,0.2,test_6,5,2,544,5.361331394287159,True,right/down,0.23116156620073233,300,54200,24.44413380000333,23.9375,1.0
cx0.3_mut0.2,0.3,0.2,test_6,5,3,545,5.325647125327928,True,right/down,0.21808154193611148,300,54200,21.5846537000034,21.40625,1.0
cx0.3_mut0.2,0.3,0.2,test_6,5,4,546,5.21490087542194,True,right/down,0.22283048647121997,300,54200,24.998338599994895,24.765625,1.0
cx0.3_mut0.2,0.3,0.2,test_6,5,5,547,5.410969724271258,True,right/down,0.23491680156700023,300,54200,26.408568700004253,26.078125,1.0
cx0.3_mut0.2,0.3,0.2,test_6,5,6,548,5.4808008600209694,True,right/down,0.2377518284892277,300,54200,23.782899400001043,23.515625,1.0
cx0.3_mut0.2,0.3,0.2,test_6,5,7,549,5.306278718987525,True,right/down,0.2505235237751677,300,54200,22.598663300013868,22.375,1.0
cx0.3_mut0.2,0.3,0.2,test_6,5,8,550,5.504449155668421,True,right/down,0.21331560577239053,300,54200,22.763270499999635,22.546875,1.0
cx0.3_mut0.2,0.3,0.2,test_6,5,9,551,5.306496538558989,True,right/down,0.23583989113654102,300,54200,24.104876099998364,23.859375,1.0
cx0.3_mut0.2,0.3,0.2,test_6,5,10,552,5.71123805434414,True,right/down,0.21748704281482856,300,54200,23.150967699999455,22.96875,1.0
cx0.3_mut0.2,0.3,0.2,test_6,5,11,553,5.509123662636192,True,right/down,0.20278537206280356,300,54200,25.10272330000589,24.96875,1.0
cx0.3_mut0.2,0.3,0.2,test_6,5,12,554,5.211871838055825,True,right/down,0.19248513544484683,300,54200,25.501984500006074,24.890625,1.0
cx0.3_mut0.2,0.3,0.2,test_6,5,13,555,5.487960052422169,True,right/down,0.2330716893521145,300,54200,23.052555200003553,22.75,1.0
cx0.3_mut0.2,0.3,0.2,test_6,5,14,556,5.671885127332755,True,right/down,0.23770244583493658,300,54200,24.934724600010668,24.6875,1.0
cx0.3_mut0.2,0.3,0.2,test_6,5,15,557,5.336680909944674,True,right/down,0.23558340512113451,300,54200,21.90053650000482,21.8125,1.0
cx0.3_mut0.2,0.3,0.2,test_6,5,16,558,5.734156737330785,True,right/down,0.24382999887208834,300,54200,19.378432099998463,19.3125,1.0
cx0.3_mut0.2,0.3,0.2,test_6,5,17,559,5.690723779921961,True,right/down,0.24956264662131297,300,54200,21.248454200002016,21.140625,1.0
cx0.3_mut0.2,0.3,0.2,test_6,5,18,560,5.567551699280408,True,right/down,0.19384476721470023,300,54200,22.919515500005218,22.546875,1.0
cx0.3_mut0.2,0.3,0.2,test_6,5,19,561,5.3898522324304565,True,right/down,0.2288342771276279,300,54200,22.66581320000114,22.5625,1.0
cx0.3_mut0.2,0.3,0.2,test_7,6,0,642,4.910461211929579,True,right/down,0.2294334781363662,300,54200,23.104349899993395,22.765625,1.0
cx0.3_mut0.2,0.3,0.2,test_7,6,1,643,5.25574806894391,True,right/down,0.2346352216216671,300,54200,24.851511500004563,24.625,1.0
cx0.3_mut0.2,0.3,0.2,test_7,6,2,644,5.178629096835692,True,right/down,0.22592804858163845,300,54200,19.535417699997197,19.421875,1.0
cx0.3_mut0.2,0.3,0.2,test_7,6,3,645,5.230808162472995,True,right/down,0.2491968536976663,300,54200,20.935031100001652,20.765625,1.0
cx0.3_mut0.2,0.3,0.2,test_7,6,4,646,4.954943413537412,True,right/down,0.2487100373905705,300,54200,22.310032000008505,22.078125,1.0
cx0.3_mut0.2,0.3,0.2,test_7,6,5,647,5.152354843383408,True,right/down,0.2598082304382566,300,54200,23.167750699998578,22.765625,1.0
cx0.3_mut0.2,0.3,0.2,test_7,6,6,648,5.275165691700037,True,right/down,0.22396115273324282,300,54200,23.047412200001418,22.71875,1.0
cx0.3_mut0.2,0.3,0.2,test_7,6,7,649,5.366045114084365,True,right/down,0.20013882590907262,300,54200,23.3646665999986,23.046875,1.0
cx0.3_mut0.2,0.3,0.2,test_7,6,8,650,5.084112160491346,True,right/down,0.2233752193432918,300,54200,23.094328400009545,22.71875,1.0
cx0.3_mut0.2,0.3,0.2,test_7,6,9,651,5.389705850257562,True,right/down,0.20979271365215282,300,54200,22.450865999999223,22.3125,1.0
cx0.3_mut0.2,0.3,0.2,test_7,6,10,652,5.104447677821762,True,right/down,0.25230799195710374,300,54200,22.15790950000519,21.8125,1.0
cx0.3_mut0.2,0.3,0.2,test_7,6,11,653,5.21082179572373,True,right/down,0.26554668632929324,300,54200,22.95190129999537,22.71875,1.0
cx0.3_mut0.2,0.3,0.2,test_7,6,12,654,5.1669866076495925,True,right/down,0.22914906108091732,300,54200,25.456068700004835,25.21875,1.0
cx0.3_mut0.2,0.3,0.2,test_7,6,13,655,5.152111403837478,True,right/down,0.20020907979335592,300,54200,22.43589140000404,22.234375,1.0
cx0.3_mut0.2,0.3,0.2,test_7,6,14,656,5.559285886184318,True,right/down,0.2185482558758978,300,54200,21.030464600000414,20.890625,1.0
cx0.3_mut0.2,0.3,0.2,test_7,6,15,657,4.96715551118604,True,right/down,0.2158965109167232,300,54200,23.813846499993815,23.6875,1.0
cx0.3_mut0.2,0.3,0.2,test_7,6,16,658,4.9081666639326045,True,right/down,0.2608712786229324,300,54200,24.78015370000503,24.578125,1.0
cx0.3_mut0.2,0.3,0.2,test_7,6,17,659,5.2856434495989975,True,right/down,0.22792052227356766,300,54200,23.777634600002784,23.609375,1.0
cx0.3_mut0.2,0.3,0.2,test_7,6,18,660,4.846791420373539,True,right/down,0.2415415775096848,300,54200,25.12049630000547,24.734375,1.0
cx0.3_mut0.2,0.3,0.2,test_7,6,19,661,5.072680558129734,True,right/down,0.259817621264898,300,54200,26.037191099996562,25.5,1.0
cx0.3_mut0.2,0.3,0.2,test_8,7,0,742,5.634048504488971,True,right/down,0.2367473357833275,300,54200,25.423972999997204,24.828125,1.0
cx0.3_mut0.2,0.3,0.2,test_8,7,1,743,5.047415079101523,True,right/down,0.24400165724419107,300,54200,24.406146699999226,23.765625,1.0
cx0.3_mut0.2,0.3,0.2,test_8,7,2,744,5.016748374263865,True,right/down,0.23428464904949156,300,54200,23.910728899994865,23.53125,1.0
cx0.3_mut0.2,0.3,0.2,test_8,7,3,745,4.822897394260002,True,right/down,0.22899734269424218,300,54200,24.400326799994218,23.71875,1.0
cx0.3_mut0.2,0.3,0.2,test_8,7,4,746,5.001650349634569,True,right/down,0.25347670667072736,300,54200,24.279968699993333,23.84375,1.0
cx0.3_mut0.2,0.3,0.2,test_8,7,5,747,5.467460866288956,True,right/down,0.23736174840375174,300,54200,23.875395600000047,23.765625,1.0
cx0.3_mut0.2,0.3,0.2,test_8,7,6,748,5.097801981183358,True,right/down,0.26354897214026274,300,54200,24.57281270000385,24.375,1.0
cx0.3_mut0.2,0.3,0.2,test_8,7,7,749,5.49246752768037,True,right/down,0.2563817411252018,300,54200,25.80350090000138,25.625,1.0
cx0.3_mut0.2,0.3,0.2,test_8,7,8,750,5.115124350220567,True,right/down,0.22639038978764794,300,54200,23.52870460000122,23.40625,1.0
cx0.3_mut0.2,0.3,0.2,test_8,7,9,751,5.477899227457344,True,right/down,0.250242789292438,300,54200,25.004770100000314,24.828125,1.0
cx0.3_mut0.2,0.3,0.2,test_8,7,10,752,4.8529859169554435,True,right/down,0.22092459941305928,300,54200,22.73775860000751,22.53125,1.0
cx0.3_mut0.2,0.3,0.2,test_8,7,11,753,4.9668261458955065,True,right/down,0.22359418979667617,300,54200,25.80891530000372,25.421875,1.0
cx0.3_mut0.2,0.3,0.2,test_8,7,12,754,5.070998840947402,True,right/down,0.19667099346405353,300,54200,22.678790800011484,22.390625,1.0
cx0.3_mut0.2,0.3,0.2,test_8,7,13,755,5.1453559938804485,True,right/down,0.25004626554061343,300,54200,23.94831510000222,23.5625,1.0
cx0.3_mut0.2,0.3,0.2,test_8,7,14,756,4.963655496363958,True,right/down,0.21532535530746683,300,54200,22.517806500007282,22.0,1.0
cx0.3_mut0.2,0.3,0.2,test_8,7,15,757,4.903637187196038,True,right/down,0.2295997184734469,300,54200,23.356927899993025,23.03125,1.0
cx0.3_mut0.2,0.3,0.2,test_8,7,16,758,5.9618944031802155,True,right/down,0.2403535173804154,300,54200,24.192037699991488,24.03125,1.0
cx0.3_mut0.2,0.3,0.2,test_8,7,17,759,5.230167576927095,True,right/down,0.23114089822211928,300,54200,23.543072000000393,23.421875,1.0
cx0.3_mut0.2,0.3,0.2,test_8,7,18,760,5.299269756964451,True,right/down,0.24750640996830578,300,54200,21.345235700006015,21.1875,1.0
cx0.3_mut0.2,0.3,0.2,test_8,7,19,761,4.863279397994973,True,right/down,0.23038272302191698,300,54200,22.721422500006156,22.53125,1.0
cx0.3_mut0.2,0.3,0.2,test_9,8,0,842,5.300024117649295,True,right/down,0.22328749380916205,300,54200,23.014798100004555,22.875,1.0
cx0.3_mut0.2,0.3,0.2,test_9,8,1,843,5.384851910248344,True,right/down,0.23735212310716378,300,54200,26.805039900005795,26.40625,1.0
cx0.3_mut0.2,0.3,0.2,test_9,8,2,844,5.3173392535684885,True,right/down,0.22961329346993173,300,54200,24.806697199994233,24.625,1.0
cx0.3_mut0.2,0.3,0.2,test_9,8,3,845,5.4305379531339195,True,right/down,0.23054019671217235,300,54200,25.351806899998337,25.15625,1.0
cx0.3_mut0.2,0.3,0.2,test_9,8,4,846,5.313614941147949,True,right/down,0.2384995141641535,300,54200,22.537742699991213,22.046875,1.0
cx0.3_mut0.2,0.3,0.2,test_9,8,5,847,5.140220721460248,True,right/down,0.2404863843103364,300,54200,25.29498990000866,25.0,1.0
cx0.3_mut0.2,0.3,0.2,test_9,8,6,848,5.3409776680909395,True,right/down,0.22576733151078493,300,54200,26.11046899999201,25.734375,1.0
cx0.3_mut0.2,0.3,0.2,test_9,8,7,849,5.188519198009326,True,right/down,0.23257399711385804,300,54200,23.542156000010436,23.203125,1.0
cx0.3_mut0.2,0.3,0.2,test_9,8,8,850,5.29219603389326,True,right/down,0.21546423198172582,300,54200,22.933649500002502,22.34375,1.0
cx0.3_mut0.2,0.3,0.2,test_9,8,9,851,5.371144931459178,True,right/down,0.23615054182447745,300,54200,22.665945400003693,22.265625,1.0
cx0.3_mut0.2,0.3,0.2,test_9,8,10,852,5.36564786287664,True,right/down,0.21318454001431816,300,54200,23.618310899997596,23.46875,1.0
cx0.3_mut0.2,0.3,0.2,test_9,8,11,853,5.253974968136886,True,right/down,0.22301928143967945,300,54200,26.294844399992144,25.78125,1.0
cx0.3_mut0.2,0.3,0.2,test_9,8,12,854,5.353788136354045,True,right/down,0.23037240817256777,300,54200,23.900566800002707,23.703125,1.0
cx0.3_mut0.2,0.3,0.2,test_9,8,13,855,5.235765189450433,True,right/down,0.21793524709556764,300,54200,24.17799009999726,23.9375,1.0
cx0.3_mut0.2,0.3,0.2,test_9,8,14,856,5.38555325333734,True,right/down,0.24395141057505276,300,54200,24.004575300001306,23.828125,1.0
cx0.3_mut0.2,0.3,0.2,test_9,8,15,857,5.661000740299468,True,right/down,0.24190436304115917,300,54200,22.965482500003418,22.71875,1.0
cx0.3_mut0.2,0.3,0.2,test_9,8,16,858,5.2174293252848445,True,right/down,0.22188752190342248,300,54200,23.152162300000782,23.0,1.0
cx0.3_mut0.2,0.3,0.2,test_9,8,17,859,5.48530474402495,True,right/down,0.2466285375580931,300,54200,24.56848779998836,24.171875,1.0
cx0.3_mut0.2,0.3,0.2,test_9,8,18,860,5.4042739787084955,True,right/down,0.24201168829302463,300,54200,23.281107200004044,23.15625,1.0
cx0.3_mut0.2,0.3,0.2,test_9,8,19,861,5.418850046759616,True,right/down,0.1980590260351967,300,54200,23.729372900008457,23.484375,1.0
cx0.3_mut0.2,0.3,0.2,test_10,9,0,942,5.385725955533799,True,right/down,0.19142814937581626,300,54200,24.766317099987646,24.328125,1.0
cx0.3_mut0.2,0.3,0.2,test_10,9,1,943,5.629925599912076,True,right/down,0.24160733289524694,300,54200,23.677154999997583,23.390625,1.0
cx0.3_mut0.2,0.3,0.2,test_10,9,2,944,5.372775104992726,True,right/down,0.23627960007466955,300,54200,25.9138677999872,25.34375,1.0
cx0.3_mut0.2,0.3,0.2,test_10,9,3,945,5.443350733222683,True,right/down,0.17412240767250828,300,54200,25.43093709999812,24.984375,1.0
cx0.3_mut0.2,0.3,0.2,test_10,9,4,946,5.715022612030662,True,right/down,0.21126829310990453,300,54200,25.661653700008173,25.5,1.0
cx0.3_mut0.2,0.3,0.2,test_10,9,5,947,5.203833461621351,True,right/down,0.21043487825692153,300,54200,25.301435999994283,25.078125,1.0
cx0.3_mut0.2,0.3,0.2,test_10,9,6,948,5.619614415975314,True,right/down,0.24426181968719096,300,54200,22.529438300000038,22.390625,1.0
cx0.3_mut0.2,0.3,0.2,test_10,9,7,949,5.422090502112464,True,right/down,0.22746238042438482,300,54200,23.441264400011278,23.0625,1.0
cx0.3_mut0.2,0.3,0.2,test_10,9,8,950,5.309165455387457,True,right/down,0.2270371088442506,300,54200,24.789606200007256,24.453125,1.0
cx0.3_mut0.2,0.3,0.2,test_10,9,9,951,5.623591139073563,True,right/down,0.17430360167598333,300,54200,21.07908049999969,20.953125,1.0
cx0.3_mut0.2,0.3,0.2,test_10,9,10,952,5.2451173826772735,True,right/down,0.19435442048251714,300,54200,25.776219899998978,25.609375,1.0
cx0.3_mut0.2,0.3,0.2,test_10,9,11,953,5.263225347114769,True,right/down,0.2387288601842748,300,54200,26.156871400002274,26.0,1.0
cx0.3_mut0.2,0.3,0.2,test_10,9,12,954,5.269218615880359,True,right/down,0.2147033062635293,300,54200,23.893209200003184,23.546875,1.0
cx0.3_mut0.2,0.3,0.2,test_10,9,13,955,5.6670742092983275,True,right/down,0.19069997127861843,300,54200,24.387009299985948,23.953125,1.0
cx0.3_mut0.2,0.3,0.2,test_10,9,14,956,5.489275058643658,True,right/down,0.22888401251647678,300,54200,20.823910599996452,20.546875,1.0
cx0.3_mut0.2,0.3,0.2,test_10,9,15,957,5.3705562820024895,True,right/down,0.24121216117126357,300,54200,24.82972679998784,24.484375,1.0
cx0.3_mut0.2,0.3,0.2,test_10,9,16,958,5.095553200506103,True,right/down,0.23612718683128736,300,54200,22.910192900002585,22.5625,1.0
cx0.3_mut0.2,0.3,0.2,test_10,9,17,959,6.039733869892116,True,right/down,0.2014531245349691,300,54200,24.273574299993925,24.015625,1.0
cx0.3_mut0.2,0.3,0.2,test_10,9,18,960,5.502768180114291,True,right/down,0.20300639212514524,300,54200,21.673717099998612,21.609375,1.0
cx0.3_mut0.2,0.3,0.2,test_10,9,19,961,5.6119462246590315,True,right/down,0.20403452239116038,300,54200,23.317947400006233,23.203125,1.0
cx0.3_mut0.3,0.3,0.3,test_1,0,0,42,5.3649839000552895,True,right/down,0.1953372596679677,300,54200,17.32304109999677,17.140625,1.0
cx0.3_mut0.3,0.3,0.3,test_1,0,1,43,5.216952793714206,True,right/down,0.2441294265229028,300,54200,17.922036099989782,17.734375,1.0
cx0.3_mut0.3,0.3,0.3,test_1,0,2,44,5.373934139358676,True,right/down,0.2159010515916307,300,54200,19.340386700001545,19.015625,1.0
cx0.3_mut0.3,0.3,0.3,test_1,0,3,45,5.235897273743147,True,right/down,0.2007641797824369,300,54200,16.27902770000219,15.984375,1.0
cx0.3_mut0.3,0.3,0.3,test_1,0,4,46,5.040017353976069,True,right/down,0.24726709469186078,300,54200,15.905088999992586,15.609375,1.0
cx0.3_mut0.3,0.3,0.3,test_1,0,5,47,5.489780743109918,True,right/down,0.2511411371552077,300,54200,17.592923999996856,17.140625,1.0
cx0.3_mut0.3,0.3,0.3,test_1,0,6,48,5.850311779747154,True,right/down,0.2176198947105914,300,54200,15.754755399990245,15.59375,1.0
cx0.3_mut0.3,0.3,0.3,test_1,0,7,49,5.174470953819993,True,right/down,0.19941302184307708,300,54200,18.041249899994,17.953125,1.0
cx0.3_mut0.3,0.3,0.3,test_1,0,8,50,5.322673039531147,True,right/down,0.21393771220728314,300,54200,17.417169499996817,17.296875,1.0
cx0.3_mut0.3,0.3,0.3,test_1,0,9,51,5.725423149469008,True,right/down,0.14581001240446193,300,54200,16.62695230000827,16.40625,1.0
cx0.3_mut0.3,0.3,0.3,test_1,0,10,52,5.250887489991481,True,right/down,0.22328344024798719,300,54200,18.27189429999271,18.03125,1.0
cx0.3_mut0.3,0.3,0.3,test_1,0,11,53,5.517895090113294,True,right/down,0.23801044815657216,300,54200,15.275502000004053,15.21875,1.0
cx0.3_mut0.3,0.3,0.3,test_1,0,12,54,5.361070661270577,True,right/down,0.23187484826725363,300,54200,18.91384239999752,18.78125,1.0
cx0.3_mut0.3,0.3,0.3,test_1,0,13,55,5.1987368724541145,True,right/down,0.23430375148957938,300,54200,17.198758099999395,17.109375,1.0
cx0.3_mut0.3,0.3,0.3,test_1,0,14,56,5.20531782174257,True,right/down,0.22591219484904834,300,54200,17.12301719999232,16.90625,1.0
cx0.3_mut0.3,0.3,0.3,test_1,0,15,57,5.141857135541068,True,right/down,0.1968370749921251,300,54200,17.325264900006005,16.96875,1.0
cx0.3_mut0.3,0.3,0.3,test_1,0,16,58,5.676862797210985,True,right/down,0.19531258536745585,300,54200,16.420470199998817,16.046875,1.0
cx0.3_mut0.3,0.3,0.3,test_1,0,17,59,5.395997306150842,True,right/down,0.254875377303621,300,54200,16.949237799999537,16.625,1.0
cx0.3_mut0.3,0.3,0.3,test_1,0,18,60,5.487285929925042,True,right/down,0.21372410625233804,300,54200,16.326831300000777,16.078125,1.0
cx0.3_mut0.3,0.3,0.3,test_1,0,19,61,5.503446123282858,True,right/down,0.2376110292143771,300,54200,16.509820799998124,16.28125,1.0
cx0.3_mut0.3,0.3,0.3,test_2,1,0,142,5.305424347883908,True,right/down,0.21680870993808876,300,54200,20.85281440000108,20.71875,1.0
cx0.3_mut0.3,0.3,0.3,test_2,1,1,143,5.0777056865060715,True,right/down,0.20627482430224048,300,54200,17.52596050000284,17.34375,1.0
cx0.3_mut0.3,0.3,0.3,test_2,1,2,144,5.427616138342099,True,right/down,0.23346151130578316,300,54200,15.650428599998122,15.421875,1.0
cx0.3_mut0.3,0.3,0.3,test_2,1,3,145,5.431863681047792,True,right/down,0.22995915282367804,300,54200,20.172795899998164,19.859375,1.0
cx0.3_mut0.3,0.3,0.3,test_2,1,4,146,5.376447034855759,True,right/down,0.2275133084307172,300,54200,18.156481600002735,17.640625,1.0
cx0.3_mut0.3,0.3,0.3,test_2,1,5,147,5.253426594959149,True,right/down,0.2110403772732046,300,54200,16.556998800006113,16.453125,1.0
cx0.3_mut0.3,0.3,0.3,test_2,1,6,148,5.047362358099578,True,right/down,0.2305005510979635,300,54200,17.947224699993967,17.75,1.0
cx0.3_mut0.3,0.3,0.3,test_2,1,7,149,5.83272896295146,True,right/down,0.20060263239566772,300,54200,20.033820399999968,19.65625,1.0
cx0.3_mut0.3,0.3,0.3,test_2,1,8,150,5.478278491883771,True,right/down,0.24790499965237367,300,54200,15.25057000000379,14.984375,1.0
cx0.3_mut0.3,0.3,0.3,test_2,1,9,151,5.227785394636594,True,right/down,0.2413876063008705,300,54200,17.117357700000866,16.640625,1.0
cx0.3_mut0.3,0.3,0.3,test_2,1,10,152,5.211081541432431,True,right/down,0.21195067732383427,300,54200,18.27913210001134,17.96875,1.0
cx0.3_mut0.3,0.3,0.3,test_2,1,11,153,5.3118738964269365,True,right/down,0.21353620283766023,300,54200,18.3301921000093,18.03125,1.0
cx0.3_mut0.3,0.3,0.3,test_2,1,12,154,5.538061738676079,True,right/down,0.1957222459505847,300,54200,16.387905000010505,16.203125,1.0
cx0.3_mut0.3,0.3,0.3,test_2,1,13,155,5.203228150151924,True,right/down,0.24073365935678118,300,54200,16.190078900006483,15.96875,1.0
cx0.3_mut0.3,0.3,0.3,test_2,1,14,156,5.366163115753187,True,right/down,0.23804556177037137,300,54200,16.925548100000015,16.859375,1.0
cx0.3_mut0.3,0.3,0.3,test_2,1,15,157,5.243663718259234,True,right/down,0.23585954137552917,300,54200,15.726063399997656,15.578125,1.0
cx0.3_mut0.3,0.3,0.3,test_2,1,16,158,5.221118446794743,True,right/down,0.21682948117879577,300,54200,18.777683599997545,18.734375,1.0
cx0.3_mut0.3,0.3,0.3,test_2,1,17,159,5.257777426074435,True,right/down,0.23173201952421474,300,54200,16.401593100003083,16.234375,1.0
cx0.3_mut0.3,0.3,0.3,test_2,1,18,160,5.325532784177126,True,right/down,0.2049794821597133,300,54200,17.698105799994664,17.46875,1.0
cx0.3_mut0.3,0.3,0.3,test_2,1,19,161,5.242486987272804,True,right/down,0.21508804343823223,300,54200,18.961997899998096,18.765625,1.0
cx0.3_mut0.3,0.3,0.3,test_3,2,0,242,5.130532349420374,True,right/down,0.2244780166658847,300,54200,17.328303999995114,17.125,1.0
cx0.3_mut0.3,0.3,0.3,test_3,2,1,243,4.97060037844527,True,right/down,0.21879339879024487,300,54200,17.436398299993016,17.1875,1.0
cx0.3_mut0.3,0.3,0.3,test_3,2,2,244,5.039102460617537,True,right/down,0.21607549088602712,300,54200,17.186544099997263,17.046875,1.0
cx0.3_mut0.3,0.3,0.3,test_3,2,3,245,5.1507560870887055,True,right/down,0.2223347597392343,300,54200,17.866834900007234,17.671875,1.0
cx0.3_mut0.3,0.3,0.3,test_3,2,4,246,5.297134158903994,True,right/down,0.26288614392610843,300,54200,16.427776999989874,16.09375,1.0
cx0.3_mut0.3,0.3,0.3,test_3,2,5,247,5.3216093651719,True,right/down,0.15156843531406017,300,54200,14.102321200000006,13.890625,1.0
cx0.3_mut0.3,0.3,0.3,test_3,2,6,248,5.188353259488487,True,right/down,0.24050937785411303,300,54200,17.299470500001917,16.96875,1.0
cx0.3_mut0.3,0.3,0.3,test_3,2,7,249,4.968340591314273,True,right/down,0.24881010413021132,300,54200,16.901141700000153,16.671875,1.0
cx0.3_mut0.3,0.3,0.3,test_3,2,8,250,5.045989254318725,True,right/down,0.24759578918614233,300,54200,15.841708400010248,15.765625,1.0
cx0.3_mut0.3,0.3,0.3,test_3,2,9,251,4.987228158980759,True,right/down,0.2602623803375144,300,54200,17.502210799997556,17.15625,1.0
cx0.3_mut0.3,0.3,0.3,test_3,2,10,252,5.17727613459833,True,right/down,0.2426030747481871,300,54200,15.782759299996542,15.71875,1.0
cx0.3_mut0.3,0.3,0.3,test_3,2,11,253,5.3212071303059965,True,right/down,0.24715858137297025,300,54200,17.92434919999505,17.65625,1.0
cx0.3_mut0.3,0.3,0.3,test_3,2,12,254,4.97853646059454,True,right/down,0.2256100675534384,300,54200,18.189780999993673,17.984375,1.0
cx0.3_mut0.3,0.3,0.3,test_3,2,13,255,5.053021566048605,True,right/down,0.21428979616346228,300,54200,16.495978599996306,16.421875,1.0
cx0.3_mut0.3,0.3,0.3,test_3,2,14,256,5.095300743776683,True,right/down,0.2421827724804515,300,54200,17.586120799998753,17.46875,1.0
cx0.3_mut0.3,0.3,0.3,test_3,2,15,257,5.031158572956834,True,right/down,0.23929860125810748,300,54200,19.16470280000067,18.890625,1.0
cx0.3_mut0.3,0.3,0.3,test_3,2,16,258,5.2631442742037375,True,right/down,0.24127653710095728,300,54200,17.209558300004574,17.0625,1.0
cx0.3_mut0.3,0.3,0.3,test_3,2,17,259,5.001870912814685,True,right/down,0.2350532007272684,300,54200,16.467816599993967,16.28125,1.0
cx0.3_mut0.3,0.3,0.3,test_3,2,18,260,5.0723837376372956,True,right/down,0.23336085320424013,300,54200,18.08178439999756,17.703125,1.0
cx0.3_mut0.3,0.3,0.3,test_3,2,19,261,5.322114421131994,True,right/down,0.20543539452251547,300,54200,18.369550100003835,18.09375,1.0
cx0.3_mut0.3,0.3,0.3,test_4,3,0,342,5.194306104558729,True,right/down,0.21646249582150218,300,54200,17.130784799999674,16.6875,1.0
cx0.3_mut0.3,0.3,0.3,test_4,3,1,343,5.4474817795699675,True,right/down,0.20917172505694678,300,54200,16.615238600003067,16.40625,1.0
cx0.3_mut0.3,0.3,0.3,test_4,3,2,344,5.155775522264742,True,right/down,0.24291145511134837,300,54200,17.644461999996565,17.484375,1.0
cx0.3_mut0.3,0.3,0.3,test_4,3,3,345,5.044556451190035,True,right/down,0.21505588535103223,300,54200,17.873995899994043,17.5625,1.0
cx0.3_mut0.3,0.3,0.3,test_4,3,4,346,5.094169722589547,True,right/down,0.23611687881873308,300,54200,19.034193200001027,18.734375,1.0
cx0.3_mut0.3,0.3,0.3,test_4,3,5,347,5.221472520010391,True,right/down,0.24450383536875853,300,54200,16.17129469999054,16.0,1.0
cx0.3_mut0.3,0.3,0.3,test_4,3,6,348,5.0697311729898455,True,right/down,0.22176379949629443,300,54200,16.928739700000733,16.75,1.0
cx0.3_mut0.3,0.3,0.3,test_4,3,7,349,5.024015171108758,True,right/down,0.22715732603800598,300,54200,16.071181000006618,15.96875,1.0
cx0.3_mut0.3,0.3,0.3,test_4,3,8,350,5.4259195865532535,True,right/down,0.21860409721696009,300,54200,17.242570299989893,16.90625,1.0
cx0.3_mut0.3,0.3,0.3,test_4,3,9,351,5.462970049809693,True,right/down,0.25902312263169347,300,54200,16.071544799997355,15.953125,1.0
cx0.3_mut0.3,0.3,0.3,test_4,3,10,352,5.17476453818732,True,right/down,0.2216223439422134,300,54200,18.250841899993247,18.203125,1.0
cx0.3_mut0.3,0.3,0.3,test_4,3,11,353,4.966418540774753,True,right/down,0.20997155228083972,300,54200,17.232675899998867,17.078125,1.0
cx0.3_mut0.3,0.3,0.3,test_4,3,12,354,5.706485096406196,True,right/down,0.24981660323734184,300,54200,18.729917099990416,18.546875,1.0
cx0.3_mut0.3,0.3,0.3,test_4,3,13,355,5.124887685744689,True,right/down,0.22834421693052281,300,54200,17.154438600002322,16.875,1.0
cx0.3_mut0.3,0.3,0.3,test_4,3,14,356,5.108540994462988,True,right/down,0.23934747996928352,300,54200,21.217822199992952,20.515625,1.0
cx0.3_mut0.3,0.3,0.3,test_4,3,15,357,5.182235927455524,True,right/down,0.22070094424097733,300,54200,19.977542299995548,19.546875,1.0
cx0.3_mut0.3,0.3,0.3,test_4,3,16,358,5.168093742030364,True,right/down,0.21598643544641496,300,54200,21.12492800000473,20.71875,1.0
cx0.3_mut0.3,0.3,0.3,test_4,3,17,359,5.4449770378196956,True,right/down,0.23571009727492784,300,54200,19.83982660000038,19.6875,1.0
cx0.3_mut0.3,0.3,0.3,test_4,3,18,360,5.164241869665593,True,right/down,0.25616717265043704,300,54200,15.908405800000764,15.640625,1.0
cx0.3_mut0.3,0.3,0.3,test_4,3,19,361,5.59881010772407,True,right/down,0.24429163668583598,300,54200,16.657906300009927,16.484375,1.0
cx0.3_mut0.3,0.3,0.3,test_5,4,0,442,5.264752993069811,True,right/down,0.23612626572001666,300,54200,20.811752699999488,20.53125,1.0
cx0.3_mut0.3,0.3,0.3,test_5,4,1,443,5.3349392090631325,True,right/down,0.21668911055796,300,54200,20.738781099993503,20.265625,1.0
cx0.3_mut0.3,0.3,0.3,test_5,4,2,444,5.191941488124446,True,right/down,0.2362278490914406,300,54200,17.905918400007067,17.859375,1.0
cx0.3_mut0.3,0.3,0.3,test_5,4,3,445,5.173840222611678,True,right/down,0.21112029960590403,300,54200,19.8246863999957,19.765625,1.0
cx0.3_mut0.3,0.3,0.3,test_5,4,4,446,5.372529678996572,True,right/down,0.19189794933599716,300,54200,19.631584500006284,19.53125,1.0
cx0.3_mut0.3,0.3,0.3,test_5,4,5,447,5.28509295992794,True,right/down,0.24531716562138922,300,54200,18.678975000002538,17.78125,1.0
cx0.3_mut0.3,0.3,0.3,test_5,4,6,448,5.5717816800522915,True,right/down,0.22116196049157674,300,54200,20.367192599995178,19.984375,1.0
cx0.3_mut0.3,0.3,0.3,test_5,4,7,449,5.3091381309786865,True,right/down,0.21196061773466446,300,54200,18.554789699992398,18.203125,1.0
cx0.3_mut0.3,0.3,0.3,test_5,4,8,450,5.312298320534637,True,right/down,0.23664377011615223,300,54200,17.019344999993336,16.671875,1.0
cx0.3_mut0.3,0.3,0.3,test_5,4,9,451,5.6171095877053006,True,right/down,0.22102478204966833,300,54200,19.71578650000447,19.40625,1.0
cx0.3_mut0.3,0.3,0.3,test_5,4,10,452,5.162858853790755,True,right/down,0.23168916830878128,300,54200,20.72907010000199,20.234375,1.0
cx0.3_mut0.3,0.3,0.3,test_5,4,11,453,5.109203202658611,True,right/down,0.24439046231111225,300,54200,21.849666699999943,21.484375,1.0
cx0.3_mut0.3,0.3,0.3,test_5,4,12,454,5.196502994731775,True,right/down,0.2576516508014153,300,54200,17.484291799992207,17.28125,1.0
cx0.3_mut0.3,0.3,0.3,test_5,4,13,455,5.282794563846389,True,right/down,0.23378607431449372,300,54200,18.04791359999217,17.90625,1.0
cx0.3_mut0.3,0.3,0.3,test_5,4,14,456,5.546180809400356,True,right/down,0.25879186360458384,300,54200,19.107281699994928,18.84375,1.0
cx0.3_mut0.3,0.3,0.3,test_5,4,15,457,5.222454545174644,True,right/down,0.25603334067336336,300,54200,17.711105300011695,17.578125,1.0
cx0.3_mut0.3,0.3,0.3,test_5,4,16,458,5.226326282380247,True,right/down,0.2257269029557824,300,54200,18.399400700000115,18.171875,1.0
cx0.3_mut0.3,0.3,0.3,test_5,4,17,459,5.313613176641818,True,right/down,0.20713242512572394,300,54200,18.236771700001555,18.046875,1.0
cx0.3_mut0.3,0.3,0.3,test_5,4,18,460,5.410726336778846,True,right/down,0.22810677470280855,300,54200,25.377187099991716,24.78125,1.0
cx0.3_mut0.3,0.3,0.3,test_5,4,19,461,5.3278226533252,True,right/down,0.24477687254391892,300,54200,18.157171699989703,17.765625,1.0
cx0.3_mut0.3,0.3,0.3,test_6,5,0,542,5.530288273210573,True,right/down,0.19986028529893413,300,54200,14.650692399998661,14.359375,1.0
cx0.3_mut0.3,0.3,0.3,test_6,5,1,543,5.206974762681212,True,right/down,0.2112355366557066,300,54200,19.725598300006823,18.75,1.0
cx0.3_mut0.3,0.3,0.3,test_6,5,2,544,5.535414078975401,True,right/down,0.25509456553687543,300,54200,21.359639299989794,21.015625,1.0
cx0.3_mut0.3,0.3,0.3,test_6,5,3,545,5.311633661429455,True,right/down,0.24063842761822501,300,54200,18.247304799995618,18.046875,1.0
cx0.3_mut0.3,0.3,0.3,test_6,5,4,546,5.280784199315081,True,right/down,0.2512686238744029,300,54200,19.568848199996864,19.515625,1.0
cx0.3_mut0.3,0.3,0.3,test_6,5,5,547,5.450287877955351,True,right/down,0.21665466771622838,300,54200,21.2921653999947,21.140625,1.0
cx0.3_mut0.3,0.3,0.3,test_6,5,6,548,5.3099334560387135,True,right/down,0.22719057562925504,300,54200,18.119640599994455,17.96875,1.0
cx0.3_mut0.3,0.3,0.3,test_6,5,7,549,5.3118693797385,True,right/down,0.18877873844253337,300,54200,18.41148890000477,18.234375,1.0
cx0.3_mut0.3,0.3,0.3,test_6,5,8,550,5.196610267849949,True,right/down,0.21148581649077486,300,54200,17.560868999993545,17.296875,1.0
cx0.3_mut0.3,0.3,0.3,test_6,5,9,551,5.494358748733801,True,right/down,0.22267041378685265,300,54200,16.441345100000035,16.296875,1.0
cx0.3_mut0.3,0.3,0.3,test_6,5,10,552,5.531751880287134,True,right/down,0.21558123657968128,300,54200,18.66110209999897,18.25,1.0
cx0.3_mut0.3,0.3,0.3,test_6,5,11,553,5.240897479533761,True,right/down,0.19616375958408752,300,54200,18.55839429999469,18.359375,1.0
cx0.3_mut0.3,0.3,0.3,test_6,5,12,554,5.623084627851108,True,right/down,0.2295733672493441,300,54200,20.44459650000499,19.984375,1.0
cx0.3_mut0.3,0.3,0.3,test_6,5,13,555,5.403264846280912,True,right/down,0.24897502378195974,300,54200,16.573297199996887,16.21875,1.0
cx0.3_mut0.3,0.3,0.3,test_6,5,14,556,5.707930226040234,True,right/down,0.23840179146034235,300,54200,17.93360569998913,17.640625,1.0
cx0.3_mut0.3,0.3,0.3,test_6,5,15,557,5.346223386424309,True,right/down,0.21695181557182144,300,54200,17.308366699988255,17.234375,1.0
cx0.3_mut0.3,0.3,0.3,test_6,5,16,558,5.3061425102407105,True,right/down,0.19748742343621808,300,54200,17.114813699998194,17.046875,1.0
cx0.3_mut0.3,0.3,0.3,test_6,5,17,559,5.247834899750749,True,right/down,0.23016303185066128,300,54200,18.030319299999974,17.984375,1.0
cx0.3_mut0.3,0.3,0.3,test_6,5,18,560,5.745592969615965,True,right/down,0.2396226867875842,300,54200,16.611427700001514,16.375,1.0
cx0.3_mut0.3,0.3,0.3,test_6,5,19,561,5.494225728382298,True,right/down,0.24683878872624035,300,54200,19.142798699991545,19.0,1.0
cx0.3_mut0.3,0.3,0.3,test_7,6,0,642,5.329387405417498,True,right/down,0.2664793217683912,300,54200,18.367401499999687,18.234375,1.0
cx0.3_mut0.3,0.3,0.3,test_7,6,1,643,5.333342639943046,True,right/down,0.20752844089910902,300,54200,17.26471319999837,17.0,1.0
cx0.3_mut0.3,0.3,0.3,test_7,6,2,644,5.1061865810613165,True,right/down,0.25654085161431606,300,54200,16.169581399997696,16.09375,1.0
cx0.3_mut0.3,0.3,0.3,test_7,6,3,645,5.012986215672637,True,right/down,0.23842934968027926,300,54200,15.911927599998307,15.75,1.0
cx0.3_mut0.3,0.3,0.3,test_7,6,4,646,5.293358033060298,True,right/down,0.23899937173247815,300,54200,21.028203800000483,20.71875,1.0
cx0.3_mut0.3,0.3,0.3,test_7,6,5,647,5.068411332446345,True,right/down,0.23045278334246183,300,54200,21.35776369999803,21.140625,1.0
cx0.3_mut0.3,0.3,0.3,test_7,6,6,648,5.1376130806600155,True,right/down,0.20027591277663956,300,54200,17.227866899993387,17.03125,1.0
cx0.3_mut0.3,0.3,0.3,test_7,6,7,649,5.567820181895231,True,right/down,0.1820382535166251,300,54200,20.452060199997504,20.296875,1.0
cx0.3_mut0.3,0.3,0.3,test_7,6,8,650,5.238472199533524,True,right/down,0.22020701402857124,300,54200,19.952514700009488,19.78125,1.0
cx0.3_mut0.3,0.3,0.3,test_7,6,9,651,5.102960588550383,True,right/down,0.22691338860035815,300,54200,17.133712400012882,17.109375,1.0
cx0.3_mut0.3,0.3,0.3,test_7,6,10,652,5.049909439525067,True,right/down,0.25213618758937806,300,54200,20.790638799997396,20.578125,1.0
cx0.3_mut0.3,0.3,0.3,test_7,6,11,653,5.225763519244784,True,right/down,0.23879119037117552,300,54200,22.51679900000454,22.203125,1.0
cx0.3_mut0.3,0.3,0.3,test_7,6,12,654,5.198884595696489,True,right/down,0.24582927027960202,300,54200,17.767586000001756,17.609375,1.0
cx0.3_mut0.3,0.3,0.3,test_7,6,13,655,5.186943630295,True,right/down,0.20239802056557174,300,54200,18.27308470000571,18.015625,1.0
cx0.3_mut0.3,0.3,0.3,test_7,6,14,656,5.596950182640738,True,right/down,0.20613724081460447,300,54200,18.242768399999477,18.171875,1.0
cx0.3_mut0.3,0.3,0.3,test_7,6,15,657,4.953731016564936,True,right/down,0.23447730042453815,300,54200,21.625682099998812,21.5,1.0
cx0.3_mut0.3,0.3,0.3,test_7,6,16,658,4.937236946325312,True,right/down,0.24802277418233515,300,54200,20.149019700009376,19.984375,1.0
cx0.3_mut0.3,0.3,0.3,test_7,6,17,659,5.490717112260474,True,right/down,0.19862783426018835,300,54200,19.48082379999687,19.15625,1.0
cx0.3_mut0.3,0.3,0.3,test_7,6,18,660,5.051439804605387,True,right/down,0.2318334086999084,300,54200,18.951838300010422,18.46875,1.0
cx0.3_mut0.3,0.3,0.3,test_7,6,19,661,5.0228433238823245,True,right/down,0.21944265814211722,300,54200,18.415038299994194,17.9375,1.0
cx0.3_mut0.3,0.3,0.3,test_8,7,0,742,5.810861720787964,True,right/down,0.23403903036268556,300,54200,17.190074099999038,16.921875,1.0
cx0.3_mut0.3,0.3,0.3,test_8,7,1,743,4.9763369443880014,True,right/down,0.23058010539164836,300,54200,18.464375600000494,18.109375,1.0
cx0.3_mut0.3,0.3,0.3,test_8,7,2,744,5.483178268478662,True,right/down,0.251316033810723,300,54200,18.71976910000376,18.453125,1.0
cx0.3_mut0.3,0.3,0.3,test_8,7,3,745,5.545705087967433,True,right/down,0.25470436496898424,300,54200,20.517903100000694,19.859375,1.0
cx0.3_mut0.3,0.3,0.3,test_8,7,4,746,4.935542972884013,True,right/down,0.23521580480490328,300,54200,18.308005600003526,18.1875,1.0
cx0.3_mut0.3,0.3,0.3,test_8,7,5,747,5.472713551709985,True,right/down,0.22825362999841275,300,54200,19.402591099991696,19.296875,1.0
cx0.3_mut0.3,0.3,0.3,test_8,7,6,748,5.005494251730052,True,right/down,0.21560242522439177,300,54200,17.413111300003948,17.3125,1.0
cx0.3_mut0.3,0.3,0.3,test_8,7,7,749,4.99803799117518,True,right/down,0.24548636484281322,300,54200,15.250779999987572,15.171875,1.0
cx0.3_mut0.3,0.3,0.3,test_8,7,8,750,5.059483197229305,True,right/down,0.22970501249371142,300,54200,19.51636189999408,19.4375,1.0
cx0.3_mut0.3,0.3,0.3,test_8,7,9,751,5.52052912243084,True,right/down,0.23455452332220278,300,54200,21.308445299990126,21.25,1.0
cx0.3_mut0.3,0.3,0.3,test_8,7,10,752,5.2768073698038425,True,right/down,0.23076867163755732,300,54200,19.8643951999984,19.765625,1.0
cx0.3_mut0.3,0.3,0.3,test_8,7,11,753,5.276056596463421,True,right/down,0.2363498797489795,300,54200,22.47568400000455,22.140625,1.0
cx0.3_mut0.3,0.3,0.3,test_8,7,12,754,5.245734928390764,True,right/down,0.19895144363862463,300,54200,18.49767620000057,18.03125,1.0
cx0.3_mut0.3,0.3,0.3,test_8,7,13,755,5.364008034709338,True,right/down,0.2537874365501126,300,54200,19.948149499992724,19.671875,1.0
cx0.3_mut0.3,0.3,0.3,test_8,7,14,756,5.898412212761971,True,right/down,0.2502413578903543,300,54200,17.64950489999319,17.34375,1.0
cx0.3_mut0.3,0.3,0.3,test_8,7,15,757,4.949849144191706,True,right/down,0.24435842453495152,300,54200,19.414088299992727,19.125,1.0
cx0.3_mut0.3,0.3,0.3,test_8,7,16,758,5.043125288654218,True,right/down,0.22952110191675593,300,54200,16.16874240001198,16.125,1.0
cx0.3_mut0.3,0.3,0.3,test_8,7,17,759,4.893243298597629,True,right/down,0.21325389019419522,300,54200,19.38438920000044,19.25,1.0
cx0.3_mut0.3,0.3,0.3,test_8,7,18,760,5.089155916941745,True,right/down,0.2133632021575017,300,54200,17.862860099994577,17.78125,1.0
cx0.3_mut0.3,0.3,0.3,test_8,7,19,761,5.023454779040637,True,right/down,0.21003456034745646,300,54200,18.218363200008753,18.15625,1.0
cx0.3_mut0.3,0.3,0.3,test_9,8,0,842,5.364426211072978,True,right/down,0.22952197118187317,300,54200,19.0003987000091,18.953125,1.0
cx0.3_mut0.3,0.3,0.3,test_9,8,1,843,5.5359935240926,True,right/down,0.22416689230276207,300,54200,17.966086399988853,17.75,1.0
cx0.3_mut0.3,0.3,0.3,test_9,8,2,844,5.494953259302006,True,right/down,0.21754535038940753,300,54200,19.183829100002185,19.109375,1.0
cx0.3_mut0.3,0.3,0.3,test_9,8,3,845,5.2799310893799,True,right/down,0.2499730955226312,300,54200,17.199915000004694,17.09375,1.0
cx0.3_mut0.3,0.3,0.3,test_9,8,4,846,5.85214258221617,True,right/down,0.24607021292684636,300,54200,17.387069899996277,16.875,1.0
cx0.3_mut0.3,0.3,0.3,test_9,8,5,847,5.379562308715856,True,right/down,0.2324486998625458,300,54200,17.72621349999099,17.4375,1.0
cx0.3_mut0.3,0.3,0.3,test_9,8,6,848,5.448830494240483,True,right/down,0.22864788230408453,300,54200,17.20731369999703,16.953125,1.0
cx0.3_mut0.3,0.3,0.3,test_9,8,7,849,5.463530833435302,True,right/down,0.239679434661145,300,54200,17.626143300003605,17.328125,1.0
cx0.3_mut0.3,0.3,0.3,test_9,8,8,850,5.625345817560838,True,right/down,0.21948337496276,300,54200,19.34361449998687,19.015625,1.0
cx0.3_mut0.3,0.3,0.3,test_9,8,9,851,5.3850253431794,True,right/down,0.2501451273204503,300,54200,18.207343799993396,17.96875,1.0
cx0.3_mut0.3,0.3,0.3,test_9,8,10,852,5.404199956760049,True,right/down,0.2256778895814673,300,54200,20.57970309999655,20.515625,1.0
cx0.3_mut0.3,0.3,0.3,test_9,8,11,853,5.367522692296282,True,right/down,0.25506346349428144,300,54200,20.970143300000927,20.546875,1.0
cx0.3_mut0.3,0.3,0.3,test_9,8,12,854,5.409565219502346,True,right/down,0.19030039245113275,300,54200,18.228601800001343,18.203125,1.0
cx0.3_mut0.3,0.3,0.3,test_9,8,13,855,5.294624388372179,True,right/down,0.23248455300759857,300,54200,18.80511590000242,18.5,1.0
cx0.3_mut0.3,0.3,0.3,test_9,8,14,856,5.322319463231443,True,right/down,0.25317837785793534,300,54200,17.31554630000028,17.203125,1.0
cx0.3_mut0.3,0.3,0.3,test_9,8,15,857,5.238399870045016,True,right/down,0.23633208623246227,300,54200,18.23652989999391,17.953125,1.0
cx0.3_mut0.3,0.3,0.3,test_9,8,16,858,5.627143190774843,True,right/down,0.24747039239730237,300,54200,14.315558500005864,14.203125,1.0
cx0.3_mut0.3,0.3,0.3,test_9,8,17,859,5.8023122187462715,True,right/down,0.22124306644857886,300,54200,18.095694099989487,17.96875,1.0
cx0.3_mut0.3,0.3,0.3,test_9,8,18,860,5.387686706861214,True,right/down,0.20562868065471385,300,54200,19.148749100000714,18.875,1.0
cx0.3_mut0.3,0.3,0.3,test_9,8,19,861,5.475581783921324,True,right/down,0.21641395888129397,300,54200,20.52216189999308,20.34375,1.0
cx0.3_mut0.3,0.3,0.3,test_10,9,0,942,5.416443390481154,True,right/down,0.2290515942357249,300,54200,17.656878900001175,17.21875,1.0
cx0.3_mut0.3,0.3,0.3,test_10,9,1,943,5.443181643955102,True,right/down,0.23508907416963987,300,54200,18.99901410000166,18.71875,1.0
cx0.3_mut0.3,0.3,0.3,test_10,9,2,944,5.419783945483712,True,right/down,0.21924179674701214,300,54200,19.882471600009012,19.359375,1.0
cx0.3_mut0.3,0.3,0.3,test_10,9,3,945,5.5856933828385555,True,right/down,0.20835104818445876,300,54200,19.977342400001362,19.609375,1.0
cx0.3_mut0.3,0.3,0.3,test_10,9,4,946,5.435911995535491,True,right/down,0.23490113083488331,300,54200,20.43957469999441,20.28125,1.0
cx0.3_mut0.3,0.3,0.3,test_10,9,5,947,5.638066830417614,True,right/down,0.21277802951450678,300,54200,15.59993690000556,15.421875,1.0
cx0.3_mut0.3,0.3,0.3,test_10,9,6,948,5.50584138294494,True,right/down,0.233022776494343,300,54200,18.968245399999432,18.71875,1.0
cx0.3_mut0.3,0.3,0.3,test_10,9,7,949,5.962227105038457,True,right/down,0.22962936862810804,300,54200,19.873660199998994,19.4375,1.0
cx0.3_mut0.3,0.3,0.3,test_10,9,8,950,5.206163643370568,True,right/down,0.2282456293625152,300,54200,19.484282000004896,19.234375,1.0
cx0.3_mut0.3,0.3,0.3,test_10,9,9,951,5.25658669068428,True,right/down,0.22142687138650155,300,54200,16.584260300005553,16.484375,1.0
cx0.3_mut0.3,0.3,0.3,test_10,9,10,952,5.456590788451981,True,right/down,0.1913239288009515,300,54200,19.53043160001107,19.359375,1.0
cx0.3_mut0.3,0.3,0.3,test_10,9,11,953,5.388432808074446,True,right/down,0.24308098138612838,300,54200,18.288040100000217,18.265625,1.0
cx0.3_mut0.3,0.3,0.3,test_10,9,12,954,5.367066392334586,True,right/down,0.23307165278058598,300,54200,18.64887240000826,18.34375,1.0
cx0.3_mut0.3,0.3,0.3,test_10,9,13,955,5.3790787823295325,True,right/down,0.19378255520784152,300,54200,19.30646789999446,19.03125,1.0
cx0.3_mut0.3,0.3,0.3,test_10,9,14,956,5.479547677557145,True,right/down,0.23450344422950228,300,54200,19.001971499994397,18.609375,1.0
cx0.3_mut0.3,0.3,0.3,test_10,9,15,957,5.38629629690268,True,right/down,0.18194362630102792,300,54200,19.19613680000475,18.921875,1.0
cx0.3_mut0.3,0.3,0.3,test_10,9,16,958,5.219873708717142,True,right/down,0.23335742210060767,300,54200,16.86419079999905,16.6875,1.0
cx0.3_mut0.3,0.3,0.3,test_10,9,17,959,5.633460479595853,True,right/down,0.237703806419955,300,54200,18.81989679999242,18.578125,1.0
cx0.3_mut0.3,0.3,0.3,test_10,9,18,960,5.36042637274776,True,right/down,0.2351462863747346,300,54200,16.9629283999966,16.84375,1.0
cx0.3_mut0.3,0.3,0.3,test_10,9,19,961,5.631260469951661,True,right/down,0.21855842556851976,300,54200,17.938033200000064,17.828125,1.0
cx0.5_mut0.001,0.5,0.001,test_1,0,0,42,6.195327315906476,True,right/down,0.21075401596080118,300,54200,41.184441900011734,40.5,1.0
cx0.5_mut0.001,0.5,0.001,test_1,0,1,43,5.493738825251718,True,right/down,0.22894917050803926,300,54200,34.61556409999321,34.171875,1.0
cx0.5_mut0.001,0.5,0.001,test_1,0,2,44,6.674360843092625,True,right/down,0.22532992411254815,300,54200,35.877774099993985,35.109375,1.0
cx0.5_mut0.001,0.5,0.001,test_1,0,3,45,5.769460569100471,True,right/down,0.21021157133183666,300,54200,38.10487969999667,37.515625,1.0
cx0.5_mut0.001,0.5,0.001,test_1,0,4,46,5.71138635540558,True,right/down,0.23375154643580603,300,54200,40.02274310000939,39.21875,1.0
cx0.5_mut0.001,0.5,0.001,test_1,0,5,47,5.617103065956969,True,right/down,0.23357944680797788,300,54200,37.49738190000062,37.0625,1.0
cx0.5_mut0.001,0.5,0.001,test_1,0,6,48,5.966371522257737,True,right/down,0.2654294298586908,300,54200,37.69931539999379,37.34375,1.0
cx0.5_mut0.001,0.5,0.001,test_1,0,7,49,5.769283351827292,True,right/down,0.23593660910614653,300,54200,38.96750749999774,38.390625,1.0
cx0.5_mut0.001,0.5,0.001,test_1,0,8,50,5.58741530387692,True,right/down,0.2538041005318891,300,54200,36.13144479999028,35.796875,1.0
cx0.5_mut0.001,0.5,0.001,test_1,0,9,51,6.5904767986774395,True,right/down,0.20095303154231833,300,54200,38.92906270000094,38.171875,1.0
cx0.5_mut0.001,0.5,0.001,test_1,0,10,52,6.069853245672682,True,right/down,0.24861003687750508,300,54200,39.22050959999615,38.9375,1.0
cx0.5_mut0.001,0.5,0.001,test_1,0,11,53,6.634623387899787,True,right/down,0.20348115651431356,300,54200,35.62584819999756,35.390625,1.0
cx0.5_mut0.001,0.5,0.001,test_1,0,12,54,5.783610099959388,True,right/down,0.203792842117954,300,54200,39.14942719999817,38.78125,1.0
cx0.5_mut0.001,0.5,0.001,test_1,0,13,55,6.475725793216498,True,right/down,0.227115734163746,300,54200,40.0894219000038,39.765625,1.0
cx0.5_mut0.001,0.5,0.001,test_1,0,14,56,6.355606387874985,True,right/down,0.21745660340384546,300,54200,34.737870199998724,34.375,1.0
cx0.5_mut0.001,0.5,0.001,test_1,0,15,57,6.183951958519476,True,right/down,0.2525400783850738,300,54200,35.04759070000728,34.421875,1.0
cx0.5_mut0.001,0.5,0.001,test_1,0,16,58,6.446053577591864,True,right/down,0.2320042271384,300,54200,36.16032680000353,35.375,1.0
cx0.5_mut0.001,0.5,0.001,test_1,0,17,59,5.847793531804031,True,right/down,0.24337248240896955,300,54200,40.54326919998857,39.65625,1.0
cx0.5_mut0.001,0.5,0.001,test_1,0,18,60,5.948921539094693,True,right/down,0.22385156859913347,300,54200,39.43292640001164,38.96875,1.0
cx0.5_mut0.001,0.5,0.001,test_1,0,19,61,6.125622250438448,True,right/down,0.24532260137061854,300,54200,39.38749480000115,39.140625,1.0
cx0.5_mut0.001,0.5,0.001,test_2,1,0,142,6.281510755905191,True,right/down,0.20245928387272888,300,54200,37.31164610000269,37.015625,1.0
cx0.5_mut0.001,0.5,0.001,test_2,1,1,143,6.793784369595313,True,right/down,0.20527243118507518,300,54200,34.72632470000826,34.4375,1.0
cx0.5_mut0.001,0.5,0.001,test_2,1,2,144,5.818112268526843,True,right/down,0.23832879926278647,300,54200,35.73332620000292,34.9375,1.0
cx0.5_mut0.001,0.5,0.001,test_2,1,3,145,5.78206257688078,True,right/down,0.22116932417267798,300,54200,34.39616589999059,33.671875,1.0
cx0.5_mut0.001,0.5,0.001,test_2,1,4,146,6.361233419740352,True,right/down,0.2324344687812889,300,54200,35.85741340000823,35.625,1.0
cx0.5_mut0.001,0.5,0.001,test_2,1,5,147,5.4063714755341685,True,right/down,0.22589562111568964,300,54200,35.916420699999435,35.453125,1.0
cx0.5_mut0.001,0.5,0.001,test_2,1,6,148,5.801570565763205,True,right/down,0.18402589808290712,300,54200,36.76095989999885,36.359375,1.0
cx0.5_mut0.001,0.5,0.001,test_2,1,7,149,5.369328899431666,True,right/down,0.21509505952211727,300,54200,33.46183289999317,32.96875,1.0
cx0.5_mut0.001,0.5,0.001,test_2,1,8,150,5.8985718163596825,True,right/down,0.25602832240059836,300,54200,33.66059600000153,32.8125,1.0
cx0.5_mut0.001,0.5,0.001,test_2,1,9,151,5.829831086684394,True,right/down,0.2397923171071271,300,54200,34.33937370000058,33.625,1.0
cx0.5_mut0.001,0.5,0.001,test_2,1,10,152,5.5354282497885805,True,right/down,0.21843672222212016,300,54200,34.71697340000537,34.171875,1.0
cx0.5_mut0.001,0.5,0.001,test_2,1,11,153,6.176243641692535,True,right/down,0.234687299986263,300,54200,34.75086260000535,33.984375,1.0
cx0.5_mut0.001,0.5,0.001,test_2,1,12,154,6.1207761105168705,True,right/down,0.23073927978893458,300,54200,35.46822059999977,34.828125,1.0
cx0.5_mut0.001,0.5,0.001,test_2,1,13,155,5.8697340142642425,True,right/down,0.22067324715903333,300,54200,34.184779499992146,33.8125,1.0
cx0.5_mut0.001,0.5,0.001,test_2,1,14,156,6.016134117312201,True,right/down,0.23927676249041244,300,54200,40.13317479999387,39.875,1.0
cx0.5_mut0.001,0.5,0.001,test_2,1,15,157,5.974321082697464,True,right/down,0.23715020281745755,300,54200,36.1898358999897,35.890625,1.0
cx0.5_mut0.001,0.5,0.001,test_2,1,16,158,5.907568541172623,True,right/down,0.18653622576535275,300,54200,35.82699960000173,35.59375,1.0
cx0.5_mut0.001,0.5,0.001,test_2,1,17,159,5.867141267487161,True,right/down,0.19953487929595481,300,54200,34.65089330000046,34.140625,1.0
cx0.5_mut0.001,0.5,0.001,test_2,1,18,160,6.121911462706443,True,right/down,0.23811348956640663,300,54200,35.618334500002675,35.03125,1.0
cx0.5_mut0.001,0.5,0.001,test_2,1,19,161,5.739852778379461,True,right/down,0.2136816542065735,300,54200,35.23725389999163,34.609375,1.0
cx0.5_mut0.001,0.5,0.001,test_3,2,0,242,5.956733663877525,True,right/down,0.22637600145312176,300,54200,34.96568049999769,34.59375,1.0
cx0.5_mut0.001,0.5,0.001,test_3,2,1,243,5.454207282415368,True,right/down,0.19325037292642325,300,54200,39.122623399991426,38.859375,1.0
cx0.5_mut0.001,0.5,0.001,test_3,2,2,244,5.159864089627037,True,right/down,0.2480689811224301,300,54200,38.06733400000667,37.875,1.0
cx0.5_mut0.001,0.5,0.001,test_3,2,3,245,5.284779244218455,True,right/down,0.21419761477177593,300,54200,36.51264960000117,35.875,1.0
cx0.5_mut0.001,0.5,0.001,test_3,2,4,246,5.583712761890476,True,right/down,0.23229826985211524,300,54200,36.36677999999665,35.625,1.0
cx0.5_mut0.001,0.5,0.001,test_3,2,5,247,5.510979935438998,True,right/down,0.26601113411497396,300,54200,39.51885680000123,38.875,1.0
cx0.5_mut0.001,0.5,0.001,test_3,2,6,248,5.4595069964547065,True,right/down,0.20484611756029203,300,54200,34.611951800005045,33.921875,1.0
cx0.5_mut0.001,0.5,0.001,test_3,2,7,249,5.5981692840106225,True,right/down,0.2319636682024724,300,54200,35.239438799995696,34.984375,1.0
cx0.5_mut0.001,0.5,0.001,test_3,2,8,250,5.319425390471414,True,right/down,0.23967999413321714,300,54200,37.16953280000598,36.8125,1.0
cx0.5_mut0.001,0.5,0.001,test_3,2,9,251,5.9037831589341465,True,right/down,0.2243420777121452,300,54200,35.98196399999142,35.703125,1.0
cx0.5_mut0.001,0.5,0.001,test_3,2,10,252,5.6068946236048065,True,right/down,0.24245234596095605,300,54200,35.092591900000116,34.796875,1.0
cx0.5_mut0.001,0.5,0.001,test_3,2,11,253,6.431761254663916,True,right/down,0.24145873556960804,300,54200,38.45986500001163,38.078125,1.0
cx0.5_mut0.001,0.5,0.001,test_3,2,12,254,5.515916055453747,True,right/down,0.2402388358319123,300,54200,38.61448649999511,38.171875,1.0
cx0.5_mut0.001,0.5,0.001,test_3,2,13,255,6.374855706730629,True,right/down,0.2517476497405428,300,54200,34.93655079999007,34.578125,1.0
cx0.5_mut0.001,0.5,0.001,test_3,2,14,256,5.589367268151649,True,right/down,0.2677175964172178,300,54200,37.6713321999996,37.3125,1.0
cx0.5_mut0.001,0.5,0.001,test_3,2,15,257,5.504473094818197,True,right/down,0.16944027677489037,300,54200,37.83023590000812,37.53125,1.0
cx0.5_mut0.001,0.5,0.001,test_3,2,16,258,5.983106104986751,True,right/down,0.22231024495254037,300,54200,34.79203270000289,34.40625,1.0
cx0.5_mut0.001,0.5,0.001,test_3,2,17,259,5.961724772227022,True,right/down,0.19996967615488928,300,54200,37.74219430000812,36.875,1.0
cx0.5_mut0.001,0.5,0.001,test_3,2,18,260,5.615813506888861,True,right/down,0.23852200458369577,300,54200,38.008830699996906,37.46875,1.0
cx0.5_mut0.001,0.5,0.001,test_3,2,19,261,6.2454571519110305,True,right/down,0.24480010244160563,300,54200,37.038463100005174,36.421875,1.0
cx0.5_mut0.001,0.5,0.001,test_4,3,0,342,5.638416110772841,True,right/down,0.23291971624730992,300,54200,37.048508299994865,36.59375,1.0
cx0.5_mut0.001,0.5,0.001,test_4,3,1,343,6.182240954034401,True,right/down,0.24439050522449082,300,54200,35.94004670000868,35.46875,1.0
cx0.5_mut0.001,0.5,0.001,test_4,3,2,344,5.800400110151898,True,right/down,0.21556574575146634,300,54200,36.50807029999851,35.96875,1.0
cx0.5_mut0.001,0.5,0.001,test_4,3,3,345,5.719904924960444,True,right/down,0.25962604040157294,300,54200,35.904435700009344,35.484375,1.0
cx0.5_mut0.001,0.5,0.001,test_4,3,4,346,6.069297445822857,True,right/down,0.21485796747710503,300,54200,32.72065730000031,32.265625,1.0
cx0.5_mut0.001,0.5,0.001,test_4,3,5,347,6.522560460540962,True,right/down,0.25118739101784066,300,54200,36.436731699999655,36.109375,1.0
cx0.5_mut0.001,0.5,0.001,test_4,3,6,348,5.834943725786166,True,right/down,0.22406146955714693,300,54200,39.30278389999876,39.09375,1.0
cx0.5_mut0.001,0.5,0.001,test_4,3,7,349,5.386522660703536,True,right/down,0.23163750442512682,300,54200,36.046308999997564,35.78125,1.0
cx0.5_mut0.001,0.5,0.001,test_4,3,8,350,5.801965872641349,True,right/down,0.23352329465720362,300,54200,36.38398469999083,36.15625,1.0
cx0.5_mut0.001,0.5,0.001,test_4,3,9,351,5.9479167885500885,True,right/down,0.23517724033622217,300,54200,38.650009900011355,38.390625,1.0
cx0.5_mut0.001,0.5,0.001,test_4,3,10,352,6.291866045898584,True,right/down,0.21090502033534392,300,54200,37.17983780000941,36.921875,1.0
cx0.5_mut0.001,0.5,0.001,test_4,3,11,353,5.760034081632023,True,right/down,0.1984741144859484,300,54200,36.3363176999992,35.984375,1.0
cx0.5_mut0.001,0.5,0.001,test_4,3,12,354,7.04195459019061,True,right/down,0.24629875475642532,300,54200,33.12981499999296,32.578125,1.0
cx0.5_mut0.001,0.5,0.001,test_4,3,13,355,5.450173560504523,True,right/down,0.24727114928825755,300,54200,38.78030959999887,38.046875,1.0
cx0.5_mut0.001,0.5,0.001,test_4,3,14,356,5.762657055768321,True,right/down,0.22975077661313784,300,54200,44.88982989999931,43.828125,1.0
cx0.5_mut0.001,0.5,0.001,test_4,3,15,357,5.6856204432528585,True,right/down,0.23438706885594507,300,54200,41.399793699994916,40.71875,1.0
cx0.5_mut0.001,0.5,0.001,test_4,3,16,358,5.562151301307134,True,right/down,0.19949870438919717,300,54200,39.069925900010276,38.359375,1.0
cx0.5_mut0.001,0.5,0.001,test_4,3,17,359,5.516399853305224,True,right/down,0.25057994200461786,300,54200,39.742177599997376,38.859375,1.0
cx0.5_mut0.001,0.5,0.001,test_4,3,18,360,5.666205632068682,True,right/down,0.22600128811123646,300,54200,39.01713380000729,38.25,1.0
cx0.5_mut0.001,0.5,0.001,test_4,3,19,361,5.907360057731245,True,right/down,0.22622172163519286,300,54200,38.593216699999175,38.015625,1.0
cx0.5_mut0.001,0.5,0.001,test_5,4,0,442,6.2181521165689135,True,right/down,0.24353154628051507,300,54200,44.03301790000114,43.34375,1.0
cx0.5_mut0.001,0.5,0.001,test_5,4,1,443,5.566506196349049,True,right/down,0.1954685021330038,300,54200,40.745974899997236,40.578125,1.0
cx0.5_mut0.001,0.5,0.001,test_5,4,2,444,5.658767777246874,True,right/down,0.1960176524805442,300,54200,42.62515340000391,42.3125,1.0
cx0.5_mut0.001,0.5,0.001,test_5,4,3,445,5.932986399146551,True,right/down,0.19810525882615918,300,54200,38.30922380000993,38.078125,1.0
cx0.5_mut0.001,0.5,0.001,test_5,4,4,446,5.874418092939266,True,right/down,0.19610519935768556,300,54200,40.25002150000364,39.375,1.0
cx0.5_mut0.001,0.5,0.001,test_5,4,5,447,6.148180921419279,True,right/down,0.20396031472201795,300,54200,38.699342299994896,37.953125,1.0
cx0.5_mut0.001,0.5,0.001,test_5,4,6,448,6.016655763493929,True,right/down,0.20538399581111597,300,54200,41.20068320000428,40.09375,1.0
cx0.5_mut0.001,0.5,0.001,test_5,4,7,449,5.5747544790326575,True,right/down,0.2047238903859142,300,54200,39.60776369999803,38.703125,1.0
cx0.5_mut0.001,0.5,0.001,test_5,4,8,450,5.59669215580024,True,right/down,0.24328502951766354,300,54200,38.03030050000234,36.984375,1.0
cx0.5_mut0.001,0.5,0.001,test_5,4,9,451,6.770153449592192,True,right/down,0.20176048847954195,300,54200,39.780610799993156,38.03125,1.0
cx0.5_mut0.001,0.5,0.001,test_5,4,10,452,6.4170539301517096,True,right/down,0.21566477685454674,300,54200,38.57025930000236,38.03125,1.0
cx0.5_mut0.001,0.5,0.001,test_5,4,11,453,5.705702254886789,True,right/down,0.2610886458019606,300,54200,40.008147999993525,39.609375,1.0
cx0.5_mut0.001,0.5,0.001,test_5,4,12,454,5.822674233053752,True,right/down,0.20211391125569053,300,54200,42.470817699999316,41.921875,1.0
cx0.5_mut0.001,0.5,0.001,test_5,4,13,455,6.073373819612121,True,right/down,0.2530296393316139,300,54200,44.6678041999985,44.25,1.0
cx0.5_mut0.001,0.5,0.001,test_5,4,14,456,6.065974488121401,True,right/down,0.24932473587106174,300,54200,39.69847380000283,39.265625,1.0
cx0.5_mut0.001,0.5,0.001,test_5,4,15,457,5.672151431887427,True,right/down,0.2335214650109075,300,54200,40.037767399990116,39.625,1.0
cx0.5_mut0.001,0.5,0.001,test_5,4,16,458,5.985682545423518,True,right/down,0.19755703797227894,300,54200,40.85870949999662,40.53125,1.0
cx0.5_mut0.001,0.5,0.001,test_5,4,17,459,5.538086880225734,True,right/down,0.24107950817576154,300,54200,45.61504770000465,44.34375,1.0
cx0.5_mut0.001,0.5,0.001,test_5,4,18,460,5.747608955899407,True,right/down,0.24686881262867955,300,54200,36.22428979999677,35.421875,1.0
cx0.5_mut0.001,0.5,0.001,test_5,4,19,461,5.742572426563208,True,right/down,0.24609194693937225,300,54200,33.93533720000414,33.375,1.0
cx0.5_mut0.001,0.5,0.001,test_6,5,0,542,6.734150358072315,True,right/down,0.2133389962220595,300,54200,36.484840700009954,35.40625,1.0
cx0.5_mut0.001,0.5,0.001,test_6,5,1,543,6.445446775495332,True,right/down,0.26682115771443116,300,54200,40.79214099999808,39.875,1.0
cx0.5_mut0.001,0.5,0.001,test_6,5,2,544,6.151483217516722,True,right/down,0.20203322512395797,300,54200,40.121531400000094,39.625,1.0
cx0.5_mut0.001,0.5,0.001,test_6,5,3,545,5.958075687313247,True,right/down,0.24272394289354934,300,54200,42.8942234999995,42.640625,1.0
cx0.5_mut0.001,0.5,0.001,test_6,5,4,546,6.047766431036367,True,right/down,0.24208855420474762,300,54200,44.943868299989845,44.734375,1.0
cx0.5_mut0.001,0.5,0.001,test_6,5,5,547,6.241423968382337,True,right/down,0.17562361834786017,300,54200,39.971403999996255,39.484375,1.0
cx0.5_mut0.001,0.5,0.001,test_6,5,6,548,6.222019932742726,True,right/down,0.21631647160680847,300,54200,40.979553600001964,40.546875,1.0
cx0.5_mut0.001,0.5,0.001,test_6,5,7,549,6.470644085660977,True,right/down,0.2223970410828927,300,54200,41.930061499995645,41.1875,1.0
cx0.5_mut0.001,0.5,0.001,test_6,5,8,550,7.034590596367484,True,right/down,0.18517277728523704,300,54200,40.819299700000556,40.53125,1.0
cx0.5_mut0.001,0.5,0.001,test_6,5,9,551,5.924171567030887,True,right/down,0.2084401213580016,300,54200,42.36679179999919,41.578125,1.0
cx0.5_mut0.001,0.5,0.001,test_6,5,10,552,6.208580009962408,True,right/down,0.1756800646015441,300,54200,40.56796659999236,40.140625,1.0
cx0.5_mut0.001,0.5,0.001,test_6,5,11,553,6.113469747402809,True,right/down,0.230929366699647,300,54200,43.716507400007686,42.84375,1.0
cx0.5_mut0.001,0.5,0.001,test_6,5,12,554,6.536478959885238,True,right/down,0.23795059396698648,300,54200,40.98922930000117,40.28125,1.0
cx0.5_mut0.001,0.5,0.001,test_6,5,13,555,5.682650045901109,True,right/down,0.23852400283275163,300,54200,39.21218400000362,38.40625,1.0
cx0.5_mut0.001,0.5,0.001,test_6,5,14,556,6.55694948710497,True,right/down,0.19197823030689834,300,54200,40.068553999997675,39.5625,1.0
cx0.5_mut0.001,0.5,0.001,test_6,5,15,557,6.20374831758175,True,right/down,0.23473681772076704,300,54200,41.595130500005325,41.359375,1.0
cx0.5_mut0.001,0.5,0.001,test_6,5,16,558,6.281387723191472,True,right/down,0.24956217309635587,300,54200,40.193501499990816,39.90625,1.0
cx0.5_mut0.001,0.5,0.001,test_6,5,17,559,6.287979503264096,True,right/down,0.22628256182732912,300,54200,37.8638185000018,37.59375,1.0
cx0.5_mut0.001,0.5,0.001,test_6,5,18,560,6.122019717263953,True,right/down,0.24911429940504282,300,54200,42.21534280000196,41.71875,1.0
cx0.5_mut0.001,0.5,0.001,test_6,5,19,561,5.963458248928424,True,right/down,0.23124417309961154,300,54200,37.23367530001269,37.0625,1.0
cx0.5_mut0.001,0.5,0.001,test_7,6,0,642,6.134259541193244,True,right/down,0.24510858934258709,300,54200,42.85227750000195,42.34375,1.0
cx0.5_mut0.001,0.5,0.001,test_7,6,1,643,5.906039779380995,True,right/down,0.24585016431092294,300,54200,39.29993619999732,39.015625,1.0
cx0.5_mut0.001,0.5,0.001,test_7,6,2,644,5.893419728404116,True,right/down,0.2702958668173251,300,54200,38.312263100000564,37.96875,1.0
cx0.5_mut0.001,0.5,0.001,test_7,6,3,645,5.5898408048622805,True,right/down,0.2029496499333818,300,54200,42.47863730000972,42.0625,1.0
cx0.5_mut0.001,0.5,0.001,test_7,6,4,646,5.497804776946831,True,right/down,0.24775910377345003,300,54200,39.39239480000106,38.796875,1.0
cx0.5_mut0.001,0.5,0.001,test_7,6,5,647,5.498331714183694,True,right/down,0.24767725937384485,300,54200,37.34728699999687,36.890625,1.0
cx0.5_mut0.001,0.5,0.001,test_7,6,6,648,5.700620654165104,True,right/down,0.22351126076287584,300,54200,44.475087700004224,44.046875,1.0
cx0.5_mut0.001,0.5,0.001,test_7,6,7,649,5.769878246212953,True,right/down,0.23759209299629266,300,54200,39.90488489999552,39.171875,1.0
cx0.5_mut0.001,0.5,0.001,test_7,6,8,650,5.730101344371835,True,right/down,0.25670469889853686,300,54200,44.65233019999869,44.296875,1.0
cx0.5_mut0.001,0.5,0.001,test_7,6,9,651,6.603406367754688,True,right/down,0.2361756583033057,300,54200,41.93366479998804,41.015625,1.0
cx0.5_mut0.001,0.5,0.001,test_7,6,10,652,5.878661993649014,True,right/down,0.22113670211956163,300,54200,43.985742200005916,43.703125,1.0
cx0.5_mut0.001,0.5,0.001,test_7,6,11,653,5.9316496712629485,True,right/down,0.23534125747228107,300,54200,40.78632590000052,40.359375,1.0
cx0.5_mut0.001,0.5,0.001,test_7,6,12,654,6.124945697833572,True,right/down,0.22400657969361112,300,54200,45.50309859999106,44.984375,1.0
cx0.5_mut0.001,0.5,0.001,test_7,6,13,655,5.426256722100661,True,right/down,0.22344466298948498,300,54200,45.97584660000575,45.703125,1.0
cx0.5_mut0.001,0.5,0.001,test_7,6,14,656,6.107122142110579,True,right/down,0.23424069799688754,300,54200,39.367038899988984,39.0,1.0
cx0.5_mut0.001,0.5,0.001,test_7,6,15,657,5.123742449985654,True,right/down,0.22422961532007693,300,54200,35.899951400002465,35.703125,1.0
cx0.5_mut0.001,0.5,0.001,test_7,6,16,658,5.521423823937049,True,right/down,0.22862925663169953,300,54200,39.130740300010075,38.359375,1.0
cx0.5_mut0.001,0.5,0.001,test_7,6,17,659,5.962948700756026,True,right/down,0.22416293827034545,300,54200,44.41137050000543,43.890625,1.0
cx0.5_mut0.001,0.5,0.001,test_7,6,18,660,5.952725699876003,True,right/down,0.17689434235569704,300,54200,40.814631300003384,39.953125,1.0
cx0.5_mut0.001,0.5,0.001,test_7,6,19,661,5.523287130815216,True,right/down,0.23022786922331165,300,54200,40.58748080000805,39.984375,1.0
cx0.5_mut0.001,0.5,0.001,test_8,7,0,742,6.6773364323851965,True,right/down,0.2141911093239095,300,54200,40.178201000002446,39.3125,1.0
cx0.5_mut0.001,0.5,0.001,test_8,7,1,743,6.137040690755796,True,right/down,0.23844075349842808,300,54200,39.045135099993786,38.09375,1.0
cx0.5_mut0.001,0.5,0.001,test_8,7,2,744,5.574093670570291,True,right/down,0.22688274139783082,300,54200,42.71394849999342,41.859375,1.0
cx0.5_mut0.001,0.5,0.001,test_8,7,3,745,6.042168532440148,True,right/down,0.2436246226284224,300,54200,36.53930330000003,36.125,1.0
cx0.5_mut0.001,0.5,0.001,test_8,7,4,746,6.095227205718997,True,right/down,0.19952354730614044,300,54200,42.43944139999803,41.875,1.0
cx0.5_mut0.001,0.5,0.001,test_8,7,5,747,6.151713603535818,True,right/down,0.23265641334059428,300,54200,38.84479909999936,38.4375,1.0
cx0.5_mut0.001,0.5,0.001,test_8,7,6,748,5.9445537440893625,True,right/down,0.24638925927350414,300,54200,40.075049200007925,39.765625,1.0
cx0.5_mut0.001,0.5,0.001,test_8,7,7,749,6.69594955300819,True,right/down,0.1925881657177876,300,54200,41.65566940000281,41.390625,1.0
cx0.5_mut0.001,0.5,0.001,test_8,7,8,750,6.064040805241227,True,right/down,0.21066363169663513,300,54200,40.55066889998852,40.234375,1.0
cx0.5_mut0.001,0.5,0.001,test_8,7,9,751,6.141809482120631,True,right/down,0.1692176859501401,300,54200,38.79611259998637,38.4375,1.0
cx0.5_mut0.001,0.5,0.001,test_8,7,10,752,5.98556453856813,True,right/down,0.1877530871791209,300,54200,41.44909129998996,41.015625,1.0
cx0.5_mut0.001,0.5,0.001,test_8,7,11,753,6.057560998649976,True,right/down,0.17204629627983672,300,54200,39.96752160000324,39.296875,1.0
cx0.5_mut0.001,0.5,0.001,test_8,7,12,754,6.4282456635967495,True,right/down,0.20029621728676514,300,54200,38.46449009999924,37.875,1.0
cx0.5_mut0.001,0.5,0.001,test_8,7,13,755,5.4468192198272485,True,right/down,0.2516856406079275,300,54200,40.7296667000046,40.015625,1.0
cx0.5_mut0.001,0.5,0.001,test_8,7,14,756,5.983762667768656,True,right/down,0.25380165621837564,300,54200,40.1825714000006,38.828125,1.0
cx0.5_mut0.001,0.5,0.001,test_8,7,15,757,5.734861684062668,True,right/down,0.2152356165959602,300,54200,40.671554599990486,40.3125,1.0
cx0.5_mut0.001,0.5,0.001,test_8,7,16,758,5.869683575625312,True,right/down,0.21421647882119382,300,54200,38.27774350000254,37.921875,1.0
cx0.5_mut0.001,0.5,0.001,test_8,7,17,759,6.974850549623782,True,right/down,0.24994863347929674,300,54200,42.493476899995585,42.171875,1.0
cx0.5_mut0.001,0.5,0.001,test_8,7,18,760,5.75396853056159,True,right/down,0.23214940414832283,300,54200,39.80518480000319,39.640625,1.0
cx0.5_mut0.001,0.5,0.001,test_8,7,19,761,5.299329567374081,True,right/down,0.2466274112057794,300,54200,42.87156420000247,42.625,1.0
cx0.5_mut0.001,0.5,0.001,test_9,8,0,842,5.9825237843821935,True,right/down,0.20463844179602064,300,54200,44.43649500000174,43.9375,1.0
cx0.5_mut0.001,0.5,0.001,test_9,8,1,843,5.580689891696725,True,right/down,0.24452329760009922,300,54200,42.980458799996995,42.28125,1.0
cx0.5_mut0.001,0.5,0.001,test_9,8,2,844,5.994444800260668,True,right/down,0.21615889280658687,300,54200,41.0482187000016,40.625,1.0
cx0.5_mut0.001,0.5,0.001,test_9,8,3,845,5.591549650857068,True,right/down,0.24897082621373676,300,54200,43.47787370000151,43.09375,1.0
cx0.5_mut0.001,0.5,0.001,test_9,8,4,846,6.365659575734827,True,right/down,0.20029782752129371,300,54200,38.32922449999023,37.953125,1.0
cx0.5_mut0.001,0.5,0.001,test_9,8,5,847,6.216402396635089,True,right/down,0.1698039879496613,300,54200,41.675831900007324,40.859375,1.0
cx0.5_mut0.001,0.5,0.001,test_9,8,6,848,6.1690691662020445,True,right/down,0.24044567487605784,300,54200,47.979125199999544,47.171875,1.0
cx0.5_mut0.001,0.5,0.001,test_9,8,7,849,5.753762310849518,True,right/down,0.22136044253600895,300,54200,39.689393499997095,38.9375,1.0
cx0.5_mut0.001,0.5,0.001,test_9,8,8,850,5.930911772952456,True,right/down,0.24199147597271553,300,54200,40.623956700001145,40.03125,1.0
cx0.5_mut0.001,0.5,0.001,test_9,8,9,851,6.384486819377398,True,right/down,0.1839968118188939,300,54200,39.151366499994765,38.84375,1.0
cx0.5_mut0.001,0.5,0.001,test_9,8,10,852,6.2699930953104195,True,right/down,0.18167258776728312,300,54200,40.706956699999864,40.234375,1.0
cx0.5_mut0.001,0.5,0.001,test_9,8,11,853,5.612275537304328,True,right/down,0.2422313730993098,300,54200,41.339825600007316,41.046875,1.0
cx0.5_mut0.001,0.5,0.001,test_9,8,12,854,5.958670263417434,True,right/down,0.2209947757427756,300,54200,38.65181169999414,38.21875,1.0
cx0.5_mut0.001,0.5,0.001,test_9,8,13,855,5.662947700116133,True,right/down,0.20828593138765694,300,54200,38.84171219999553,38.6875,1.0
cx0.5_mut0.001,0.5,0.001,test_9,8,14,856,6.538980821056228,True,right/down,0.23039639653485655,300,54200,36.82036369999696,36.578125,1.0
cx0.5_mut0.001,0.5,0.001,test_9,8,15,857,5.938728482637971,True,right/down,0.2239922344235826,300,54200,42.680391200003214,42.390625,1.0
cx0.5_mut0.001,0.5,0.001,test_9,8,16,858,6.0362771360266745,True,right/down,0.20146439580046885,300,54200,38.192811200002325,37.8125,1.0
cx0.5_mut0.001,0.5,0.001,test_9,8,17,859,6.146135192286616,True,right/down,0.2437355401337983,300,54200,42.13099809999403,41.453125,1.0
cx0.5_mut0.001,0.5,0.001,test_9,8,18,860,6.71618205739331,True,right/down,0.21578770180007215,300,54200,42.009520599996904,41.71875,1.0
cx0.5_mut0.001,0.5,0.001,test_9,8,19,861,6.3678907181048165,True,right/down,0.17704593003659824,300,54200,41.43463439999323,40.703125,1.0
cx0.5_mut0.001,0.5,0.001,test_10,9,0,942,6.191731126067977,True,right/down,0.22489292912183648,300,54200,39.92702070000814,39.109375,1.0
cx0.5_mut0.001,0.5,0.001,test_10,9,1,943,6.224918965824609,True,right/down,0.22538960438021274,300,54200,37.37862950000272,36.875,1.0
cx0.5_mut0.001,0.5,0.001,test_10,9,2,944,6.2016215064117075,True,right/down,0.15329660845822402,300,54200,40.216179800001555,39.625,1.0
cx0.5_mut0.001,0.5,0.001,test_10,9,3,945,5.784673111088014,True,right/down,0.1982188981445267,300,54200,40.89546200000041,40.390625,1.0
cx0.5_mut0.001,0.5,0.001,test_10,9,4,946,6.416978173155489,True,right/down,0.21674319130400638,300,54200,44.141958000007435,43.75,1.0
cx0.5_mut0.001,0.5,0.001,test_10,9,5,947,6.575920331186174,True,right/down,0.19806359829398404,300,54200,39.271978400007356,38.9375,1.0
cx0.5_mut0.001,0.5,0.001,test_10,9,6,948,5.66484815355914,True,right/down,0.18532069434955467,300,54200,43.58412460000545,42.96875,1.0
cx0.5_mut0.001,0.5,0.001,test_10,9,7,949,6.180782044271764,True,right/down,0.20221583980674715,300,54200,41.24959690000105,40.75,1.0
cx0.5_mut0.001,0.5,0.001,test_10,9,8,950,5.9706597564548725,True,right/down,0.18923505855030917,300,54200,41.46020319999661,40.828125,1.0
cx0.5_mut0.001,0.5,0.001,test_10,9,9,951,6.050710361024138,True,right/down,0.22759749905842366,300,54200,41.20535760000348,40.625,1.0
cx0.5_mut0.001,0.5,0.001,test_10,9,10,952,6.1007484026151175,True,right/down,0.2420801182322123,300,54200,45.74194759999227,45.53125,1.0
cx0.5_mut0.001,0.5,0.001,test_10,9,11,953,5.9804649072902825,True,right/down,0.21003512174002748,300,54200,38.099925500006066,37.75,1.0
cx0.5_mut0.001,0.5,0.001,test_10,9,12,954,6.174300281223886,True,right/down,0.23554337791442154,300,54200,38.970528599995305,38.625,1.0
cx0.5_mut0.001,0.5,0.001,test_10,9,13,955,6.206485098092796,True,right/down,0.20946272502749727,300,54200,40.47470150000299,40.03125,1.0
cx0.5_mut0.001,0.5,0.001,test_10,9,14,956,6.415378988419261,True,right/down,0.2449854784729708,300,54200,39.39067700000305,38.8125,1.0
cx0.5_mut0.001,0.5,0.001,test_10,9,15,957,6.038425624068003,True,right/down,0.22874115017308047,300,54200,42.11482350000006,41.25,1.0
cx0.5_mut0.001,0.5,0.001,test_10,9,16,958,5.777571922661208,True,right/down,0.20687162118356156,300,54200,38.51086490000307,38.109375,1.0
cx0.5_mut0.001,0.5,0.001,test_10,9,17,959,6.579291598639675,True,right/down,0.22355483702681644,300,54200,40.650940100007574,40.421875,1.0
cx0.5_mut0.001,0.5,0.001,test_10,9,18,960,5.923558445967631,True,right/down,0.22777985189104227,300,54200,38.11580580000009,37.90625,1.0
cx0.5_mut0.001,0.5,0.001,test_10,9,19,961,6.34789811056645,True,right/down,0.22832210414044843,300,54200,36.64200520000304,36.328125,1.0
cx0.5_mut0.01,0.5,0.01,test_1,0,0,42,5.236862915902801,True,right/down,0.19580289758086655,300,54200,37.88317840000673,37.296875,1.0
cx0.5_mut0.01,0.5,0.01,test_1,0,1,43,5.299536261065404,True,right/down,0.230820287331517,300,54200,41.56597830000101,41.140625,1.0
cx0.5_mut0.01,0.5,0.01,test_1,0,2,44,5.319302463572935,True,right/down,0.1872747784142974,300,54200,40.00245880000875,39.328125,1.0
cx0.5_mut0.01,0.5,0.01,test_1,0,3,45,5.4680910564097145,True,right/down,0.23416221320812694,300,54200,38.61303890000272,37.890625,1.0
cx0.5_mut0.01,0.5,0.01,test_1,0,4,46,5.5643089567326305,True,right/down,0.1992317102126392,300,54200,38.14656439999817,37.390625,1.0
cx0.5_mut0.01,0.5,0.01,test_1,0,5,47,5.793374228188615,True,right/down,0.23331095673740515,300,54200,37.748402199998964,37.25,1.0
cx0.5_mut0.01,0.5,0.01,test_1,0,6,48,5.340848397158731,True,right/down,0.1911704902794117,300,54200,37.791111500002444,37.546875,1.0
cx0.5_mut0.01,0.5,0.01,test_1,0,7,49,5.332236668245814,True,right/down,0.18955647751729515,300,54200,41.644916399993235,41.171875,1.0
cx0.5_mut0.01,0.5,0.01,test_1,0,8,50,5.780561645310602,True,right/down,0.22621238246494377,300,54200,35.6932000000088,35.515625,1.0
cx0.5_mut0.01,0.5,0.01,test_1,0,9,51,5.728054519444082,True,right/down,0.1962123603311589,300,54200,38.58698480000021,38.078125,1.0
cx0.5_mut0.01,0.5,0.01,test_1,0,10,52,5.65976208011724,True,right/down,0.22215369563546375,300,54200,40.286246200004825,39.9375,1.0
cx0.5_mut0.01,0.5,0.01,test_1,0,11,53,5.525411916610265,True,right/down,0.22668734306780589,300,54200,36.56724960000429,36.3125,1.0
cx0.5_mut0.01,0.5,0.01,test_1,0,12,54,5.409274916858426,True,right/down,0.21550100941145434,300,54200,40.09165319999738,39.78125,1.0
cx0.5_mut0.01,0.5,0.01,test_1,0,13,55,5.1633525863007925,True,right/down,0.26490242122757945,300,54200,41.8741752999922,41.46875,1.0
cx0.5_mut0.01,0.5,0.01,test_1,0,14,56,5.434741834805526,True,right/down,0.2422501647959295,300,54200,36.44283810000343,35.828125,1.0
cx0.5_mut0.01,0.5,0.01,test_1,0,15,57,5.545692621826003,True,right/down,0.23997909816113003,300,54200,38.95783200000005,38.109375,1.0
cx0.5_mut0.01,0.5,0.01,test_1,0,16,58,5.865207956205489,True,right/down,0.20078817266335253,300,54200,38.007570500005386,37.078125,1.0
cx0.5_mut0.01,0.5,0.01,test_1,0,17,59,5.491540863562692,True,right/down,0.23235546884828887,300,54200,41.88263779999397,41.015625,1.0
cx0.5_mut0.01,0.5,0.01,test_1,0,18,60,5.579794374727086,True,right/down,0.22787494448061293,300,54200,38.44690229999833,37.796875,1.0
cx0.5_mut0.01,0.5,0.01,test_1,0,19,61,5.9270389506193295,True,right/down,0.22418139681034852,300,54200,39.449580800006515,39.21875,1.0
cx0.5_mut0.01,0.5,0.01,test_2,1,0,142,5.940682594853554,True,right/down,0.23223354277797537,300,54200,35.687330600005225,35.515625,1.0
cx0.5_mut0.01,0.5,0.01,test_2,1,1,143,5.110599848125172,True,right/down,0.22392032850520255,300,54200,37.434217500005616,37.046875,1.0
cx0.5_mut0.01,0.5,0.01,test_2,1,2,144,5.7177534359303905,True,right/down,0.2328033252657115,300,54200,36.7785573000001,36.15625,1.0
cx0.5_mut0.01,0.5,0.01,test_2,1,3,145,6.093165508362996,True,right/down,0.1894155323627717,300,54200,38.265863299995544,37.5625,1.0
cx0.5_mut0.01,0.5,0.01,test_2,1,4,146,5.386735830211444,True,right/down,0.2325706690422475,300,54200,35.406801899996935,35.25,1.0
cx0.5_mut0.01,0.5,0.01,test_2,1,5,147,5.489637469311675,True,right/down,0.22650364186820435,300,54200,37.484465800007456,36.984375,1.0
cx0.5_mut0.01,0.5,0.01,test_2,1,6,148,5.389328233615716,True,right/down,0.24651009540852656,300,54200,35.89403969999694,35.484375,1.0
cx0.5_mut0.01,0.5,0.01,test_2,1,7,149,6.27574415000629,True,right/down,0.17179435441251428,300,54200,33.983202099989285,33.296875,1.0
cx0.5_mut0.01,0.5,0.01,test_2,1,8,150,5.625413680521715,True,right/down,0.24799787932152817,300,54200,39.33758389999275,38.40625,1.0
cx0.5_mut0.01,0.5,0.01,test_2,1,9,151,5.361797086573908,True,right/down,0.23376877895064038,300,54200,39.78754279999703,38.984375,1.0
cx0.5_mut0.01,0.5,0.01,test_2,1,10,152,5.665633302000964,True,right/down,0.22161601967218134,300,54200,38.64601860000403,37.953125,1.0
cx0.5_mut0.01,0.5,0.01,test_2,1,11,153,5.428618624271496,True,right/down,0.24845579427513365,300,54200,37.257093000007444,36.515625,1.0
cx0.5_mut0.01,0.5,0.01,test_2,1,12,154,5.198908825209686,True,right/down,0.2378020848911747,300,54200,38.36232679999375,37.796875,1.0
cx0.5_mut0.01,0.5,0.01,test_2,1,13,155,5.234274952751851,True,right/down,0.24455843788570594,300,54200,37.456466000003275,37.03125,1.0
cx0.5_mut0.01,0.5,0.01,test_2,1,14,156,5.568005276688979,True,right/down,0.20857805586025063,300,54200,39.56336430000374,39.171875,1.0
cx0.5_mut0.01,0.5,0.01,test_2,1,15,157,5.247271782831001,True,right/down,0.23463363469454696,300,54200,40.93046560000221,40.75,1.0
cx0.5_mut0.01,0.5,0.01,test_2,1,16,158,5.298779798135191,True,right/down,0.19933618490366967,300,54200,37.977463599992916,37.8125,1.0
cx0.5_mut0.01,0.5,0.01,test_2,1,17,159,5.349040196395267,True,right/down,0.17774956336783507,300,54200,35.64360989999841,35.21875,1.0
cx0.5_mut0.01,0.5,0.01,test_2,1,18,160,5.632092273571569,True,right/down,0.1909807048206864,300,54200,36.3133428000001,35.921875,1.0
cx0.5_mut0.01,0.5,0.01,test_2,1,19,161,5.543824815120793,True,right/down,0.22882065498905918,300,54200,39.78005389998725,39.375,1.0
cx0.5_mut0.01,0.5,0.01,test_3,2,0,242,5.8781019277432325,True,right/down,0.24297888461151482,300,54200,36.35116750000452,35.859375,1.0
cx0.5_mut0.01,0.5,0.01,test_3,2,1,243,5.118561892316395,True,right/down,0.23010421891823235,300,54200,36.029266800003825,35.703125,1.0
cx0.5_mut0.01,0.5,0.01,test_3,2,2,244,5.236286023574819,True,right/down,0.22499155824085917,300,54200,38.933594800007995,38.75,1.0
cx0.5_mut0.01,0.5,0.01,test_3,2,3,245,5.686718049212859,True,right/down,0.22339461589286302,300,54200,38.43838359999063,37.828125,1.0
cx0.5_mut0.01,0.5,0.01,test_3,2,4,246,5.316916399927427,True,right/down,0.24293384813092364,300,54200,39.340423100002226,38.515625,1.0
cx0.5_mut0.01,0.5,0.01,test_3,2,5,247,5.055719844816213,True,right/down,0.2523921543677198,300,54200,37.149591900000814,36.5,1.0
cx0.5_mut0.01,0.5,0.01,test_3,2,6,248,5.139915322965342,True,right/down,0.21898120803412613,300,54200,41.06604439999501,40.4375,1.0
cx0.5_mut0.01,0.5,0.01,test_3,2,7,249,5.751976992975166,True,right/down,0.2578670190333331,300,54200,34.67114090001269,34.3125,1.0
cx0.5_mut0.01,0.5,0.01,test_3,2,8,250,5.2632349829532785,True,right/down,0.2101896045190414,300,54200,36.814609199995175,36.59375,1.0
cx0.5_mut0.01,0.5,0.01,test_3,2,9,251,5.215939052890313,True,right/down,0.2603494277690473,300,54200,38.82852320000529,38.515625,1.0
cx0.5_mut0.01,0.5,0.01,test_3,2,10,252,5.149047838420211,True,right/down,0.27085980180230074,300,54200,40.05834639999375,39.640625,1.0
cx0.5_mut0.01,0.5,0.01,test_3,2,11,253,5.060979434929756,True,right/down,0.2516226104488319,300,54200,38.4635927999916,38.03125,1.0
cx0.5_mut0.01,0.5,0.01,test_3,2,12,254,5.169308645448965,True,right/down,0.23349727075327492,300,54200,39.17046140000457,38.703125,1.0
cx0.5_mut0.01,0.5,0.01,test_3,2,13,255,5.272044022446726,True,right/down,0.24606376589659348,300,54200,35.36895530000038,35.03125,1.0
cx0.5_mut0.01,0.5,0.01,test_3,2,14,256,5.556315730392705,True,right/down,0.2447845817637778,300,54200,35.90484229999129,35.546875,1.0
cx0.5_mut0.01,0.5,0.01,test_3,2,15,257,5.21251856056614,True,right/down,0.26457374397873107,300,54200,37.80066189999343,37.515625,1.0
cx0.5_mut0.01,0.5,0.01,test_3,2,16,258,5.195664790088211,True,right/down,0.24466259652754452,300,54200,38.00982350000413,37.609375,1.0
cx0.5_mut0.01,0.5,0.01,test_3,2,17,259,5.318365784620106,True,right/down,0.24841744653236308,300,54200,37.58528959999967,36.84375,1.0
cx0.5_mut0.01,0.5,0.01,test_3,2,18,260,4.993100584244196,True,right/down,0.2507034713389757,300,54200,37.82977850000316,37.1875,1.0
cx0.5_mut0.01,0.5,0.01,test_3,2,19,261,5.043267057690409,True,right/down,0.25688851436730076,300,54200,38.21106049999071,37.578125,1.0
cx0.5_mut0.01,0.5,0.01,test_4,3,0,342,5.2735929287927465,True,right/down,0.24897248142749562,300,54200,39.11575779999839,38.46875,1.0
cx0.5_mut0.01,0.5,0.01,test_4,3,1,343,5.521753511272449,True,right/down,0.22562429024945915,300,54200,35.12057650000497,34.4375,1.0
cx0.5_mut0.01,0.5,0.01,test_4,3,2,344,5.48508763482074,True,right/down,0.23789767466313394,300,54200,39.67267309999443,39.171875,1.0
cx0.5_mut0.01,0.5,0.01,test_4,3,3,345,5.406379507716353,True,right/down,0.24688872619447813,300,54200,38.577265600004466,38.234375,1.0
cx0.5_mut0.01,0.5,0.01,test_4,3,4,346,5.175406017755364,True,right/down,0.22350440902501512,300,54200,39.67064000001119,39.015625,1.0
cx0.5_mut0.01,0.5,0.01,test_4,3,5,347,5.60323905969064,True,right/down,0.2223462137136147,300,54200,37.7719514999917,37.390625,1.0
cx0.5_mut0.01,0.5,0.01,test_4,3,6,348,5.439008366506611,True,right/down,0.26616025958973505,300,54200,40.627346399996895,40.328125,1.0
cx0.5_mut0.01,0.5,0.01,test_4,3,7,349,5.796652597799302,True,right/down,0.22580886330599292,300,54200,35.460931299996446,35.15625,1.0
cx0.5_mut0.01,0.5,0.01,test_4,3,8,350,5.649090096581814,True,right/down,0.22726120387014195,300,54200,35.43366270000115,35.25,1.0
cx0.5_mut0.01,0.5,0.01,test_4,3,9,351,5.414439250273103,True,right/down,0.2606356958010856,300,54200,40.05309529999795,39.828125,1.0
cx0.5_mut0.01,0.5,0.01,test_4,3,10,352,5.483167937500493,True,right/down,0.26073238759744205,300,54200,37.76100250000309,37.578125,1.0
cx0.5_mut0.01,0.5,0.01,test_4,3,11,353,5.285301962665107,True,right/down,0.21458924926958525,300,54200,39.64634950000618,39.390625,1.0
cx0.5_mut0.01,0.5,0.01,test_4,3,12,354,5.3233150422700035,True,right/down,0.1977120721494856,300,54200,38.07075070000428,37.53125,1.0
cx0.5_mut0.01,0.5,0.01,test_4,3,13,355,5.784509972287708,True,right/down,0.23629165390830448,300,54200,39.327722299989546,38.546875,1.0
cx0.5_mut0.01,0.5,0.01,test_4,3,14,356,5.696840523327588,True,right/down,0.23738071634515914,300,54200,48.48870270000771,47.171875,1.0
cx0.5_mut0.01,0.5,0.01,test_4,3,15,357,5.371951799072766,True,right/down,0.24366845671931472,300,54200,41.45920240000123,40.65625,1.0
cx0.5_mut0.01,0.5,0.01,test_4,3,16,358,5.493849839208588,True,right/down,0.26319210001784143,300,54200,40.79146909998963,40.234375,1.0
cx0.5_mut0.01,0.5,0.01,test_4,3,17,359,5.322425762054919,True,right/down,0.24324654922104894,300,54200,42.78754379999009,41.796875,1.0
cx0.5_mut0.01,0.5,0.01,test_4,3,18,360,5.46712110889151,True,right/down,0.23702751291035332,300,54200,41.11034970000037,40.1875,1.0
cx0.5_mut0.01,0.5,0.01,test_4,3,19,361,6.397698041360047,True,right/down,0.24241092212311635,300,54200,37.623485999996774,37.03125,1.0
cx0.5_mut0.01,0.5,0.01,test_5,4,0,442,5.683160092747874,True,right/down,0.21546612485189012,300,54200,45.165062000000034,44.578125,1.0
cx0.5_mut0.01,0.5,0.01,test_5,4,1,443,5.377533888032282,True,right/down,0.23931525356041006,300,54200,39.50116230000276,39.21875,1.0
cx0.5_mut0.01,0.5,0.01,test_5,4,2,444,5.279197680667609,True,right/down,0.2253684615750197,300,54200,44.63388120000309,44.421875,1.0
cx0.5_mut0.01,0.5,0.01,test_5,4,3,445,5.650732351852337,True,right/down,0.21491155694596273,300,54200,42.280949499996495,42.046875,1.0
cx0.5_mut0.01,0.5,0.01,test_5,4,4,446,5.756030286937623,True,right/down,0.17298832528777544,300,54200,39.04381050000666,38.515625,1.0
cx0.5_mut0.01,0.5,0.01,test_5,4,5,447,5.433563548573414,True,right/down,0.22674906079334572,300,54200,40.85514759999933,39.859375,1.0
cx0.5_mut0.01,0.5,0.01,test_5,4,6,448,5.643532655866547,True,right/down,0.24765912456490066,300,54200,45.86988490000658,44.875,1.0
cx0.5_mut0.01,0.5,0.01,test_5,4,7,449,5.463702573045384,True,right/down,0.22104369341109437,300,54200,39.50229429999308,38.5,1.0
cx0.5_mut0.01,0.5,0.01,test_5,4,8,450,5.501737004277196,True,right/down,0.2202735933232798,300,54200,41.742089999999735,40.671875,1.0
cx0.5_mut0.01,0.5,0.01,test_5,4,9,451,5.311977540898336,True,right/down,0.25386642595025055,300,54200,45.13228939998953,43.78125,1.0
cx0.5_mut0.01,0.5,0.01,test_5,4,10,452,5.29768422038979,True,right/down,0.2215597674539316,300,54200,43.798574200001894,43.046875,1.0
cx0.5_mut0.01,0.5,0.01,test_5,4,11,453,5.440896031873393,True,right/down,0.23090873509450074,300,54200,41.34900950000156,40.546875,1.0
cx0.5_mut0.01,0.5,0.01,test_5,4,12,454,5.202202685562006,True,right/down,0.2521833425994188,300,54200,41.2718470999971,40.890625,1.0
cx0.5_mut0.01,0.5,0.01,test_5,4,13,455,5.350636696075883,True,right/down,0.22526769517986914,300,54200,43.81767380000383,43.40625,1.0
cx0.5_mut0.01,0.5,0.01,test_5,4,14,456,5.479717567710871,True,right/down,0.23708186632837566,300,54200,40.744029199995566,40.25,1.0
cx0.5_mut0.01,0.5,0.01,test_5,4,15,457,5.566808719969144,True,right/down,0.19049283518597213,300,54200,48.077720799992676,47.53125,1.0
cx0.5_mut0.01,0.5,0.01,test_5,4,16,458,5.461395379531197,True,right/down,0.21688412287263542,300,54200,43.28561869999976,42.921875,1.0
cx0.5_mut0.01,0.5,0.01,test_5,4,17,459,5.370513985890558,True,right/down,0.22568010710100136,300,54200,46.98587740000221,45.703125,1.0
cx0.5_mut0.01,0.5,0.01,test_5,4,18,460,5.328364711972169,True,right/down,0.22140530706750833,300,54200,34.51901160000125,33.65625,1.0
cx0.5_mut0.01,0.5,0.01,test_5,4,19,461,5.5114817229105455,True,right/down,0.2179252775526599,300,54200,37.47534899998573,36.921875,1.0
cx0.5_mut0.01,0.5,0.01,test_6,5,0,542,5.618880913968649,True,right/down,0.1931506064714427,300,54200,37.40414229998714,36.46875,1.0
cx0.5_mut0.01,0.5,0.01,test_6,5,1,543,5.735654677956218,True,right/down,0.21409850314329665,300,54200,45.2275224999903,44.328125,1.0
cx0.5_mut0.01,0.5,0.01,test_6,5,2,544,6.021266182630675,True,right/down,0.22227049211679872,300,54200,39.73845389999042,39.15625,1.0
cx0.5_mut0.01,0.5,0.01,test_6,5,3,545,5.559140553792218,True,right/down,0.24761218414564892,300,54200,44.08724630001234,43.828125,1.0
cx0.5_mut0.01,0.5,0.01,test_6,5,4,546,5.60041490259065,True,right/down,0.24640657275139996,300,54200,42.26968950001174,41.96875,1.0
cx0.5_mut0.01,0.5,0.01,test_6,5,5,547,5.574100532096599,True,right/down,0.2434311214753048,300,54200,42.727777699998114,42.203125,1.0
cx0.5_mut0.01,0.5,0.01,test_6,5,6,548,5.560739390469048,True,right/down,0.241001528163305,300,54200,42.57624579999538,42.21875,1.0
cx0.5_mut0.01,0.5,0.01,test_6,5,7,549,6.192835477675393,True,right/down,0.2616612729362545,300,54200,43.78583249999792,43.140625,1.0
cx0.5_mut0.01,0.5,0.01,test_6,5,8,550,5.721334304335743,True,right/down,0.23676810131290615,300,54200,42.525321299995994,42.265625,1.0
cx0.5_mut0.01,0.5,0.01,test_6,5,9,551,5.938588810110017,True,right/down,0.1991326314594172,300,54200,43.25723429999198,42.6875,1.0
cx0.5_mut0.01,0.5,0.01,test_6,5,10,552,6.163719034310235,True,right/down,0.2255349791749502,300,54200,39.631523899995955,39.34375,1.0
cx0.5_mut0.01,0.5,0.01,test_6,5,11,553,5.510648524014147,True,right/down,0.23408392531977348,300,54200,44.551836400001775,43.625,1.0
cx0.5_mut0.01,0.5,0.01,test_6,5,12,554,5.725301602925505,True,right/down,0.24295359354069543,300,54200,44.747488299995894,44.234375,1.0
cx0.5_mut0.01,0.5,0.01,test_6,5,13,555,5.926659813406253,True,right/down,0.2488679637101367,300,54200,43.30850990000181,42.375,1.0
cx0.5_mut0.01,0.5,0.01,test_6,5,14,556,5.882721688267953,True,right/down,0.24178678362814907,300,54200,44.65627300000051,44.0625,1.0
cx0.5_mut0.01,0.5,0.01,test_6,5,15,557,5.775520523685213,True,right/down,0.2242646799228714,300,54200,36.242082700002356,35.984375,1.0
cx0.5_mut0.01,0.5,0.01,test_6,5,16,558,5.431999470052957,True,right/down,0.22563125471570478,300,54200,44.947417899995344,44.734375,1.0
cx0.5_mut0.01,0.5,0.01,test_6,5,17,559,5.969302342468488,True,right/down,0.24549804156215768,300,54200,37.73302759999933,37.40625,1.0
cx0.5_mut0.01,0.5,0.01,test_6,5,18,560,5.6337135439009955,True,right/down,0.22845575145289787,300,54200,39.786642099992605,39.0625,1.0
cx0.5_mut0.01,0.5,0.01,test_6,5,19,561,5.434962067137432,True,right/down,0.24457635980746975,300,54200,43.082660100000794,42.78125,1.0
cx0.5_mut0.01,0.5,0.01,test_7,6,0,642,5.659728527602223,True,right/down,0.2456622665111106,300,54200,46.735264100003405,46.1875,1.0
cx0.5_mut0.01,0.5,0.01,test_7,6,1,643,5.37317831773194,True,right/down,0.25162643234421034,300,54200,42.51009169999452,42.140625,1.0
cx0.5_mut0.01,0.5,0.01,test_7,6,2,644,5.407815774843789,True,right/down,0.24371891219986433,300,54200,40.546037699998124,40.171875,1.0
cx0.5_mut0.01,0.5,0.01,test_7,6,3,645,5.275438726509608,True,right/down,0.19999471837899918,300,54200,42.47431510000024,42.078125,1.0
cx0.5_mut0.01,0.5,0.01,test_7,6,4,646,5.289963719196468,True,right/down,0.2362069560002934,300,54200,46.19130030000815,45.3125,1.0
cx0.5_mut0.01,0.5,0.01,test_7,6,5,647,5.794239582440916,True,right/down,0.2090655944757756,300,54200,44.1485296000028,43.421875,1.0
cx0.5_mut0.01,0.5,0.01,test_7,6,6,648,5.523444660017428,True,right/down,0.22531394973148658,300,54200,49.17100990000472,48.453125,1.0
cx0.5_mut0.01,0.5,0.01,test_7,6,7,649,5.666724408854648,True,right/down,0.24760404312953582,300,54200,41.55042470000626,41.0,1.0
cx0.5_mut0.01,0.5,0.01,test_7,6,8,650,5.520538332507456,True,right/down,0.25191490693666074,300,54200,42.75892829999793,42.515625,1.0
cx0.5_mut0.01,0.5,0.01,test_7,6,9,651,6.230116057340445,True,right/down,0.24215158778136903,300,54200,44.28888519998873,43.46875,1.0
cx0.5_mut0.01,0.5,0.01,test_7,6,10,652,5.406181162665357,True,right/down,0.2207009978574607,300,54200,45.14331420000235,44.8125,1.0
cx0.5_mut0.01,0.5,0.01,test_7,6,11,653,5.305917005715239,True,right/down,0.24081521239904047,300,54200,47.456675199995516,47.078125,1.0
cx0.5_mut0.01,0.5,0.01,test_7,6,12,654,5.5600352039544685,True,right/down,0.262013885544896,300,54200,41.055341500003124,40.734375,1.0
cx0.5_mut0.01,0.5,0.01,test_7,6,13,655,5.077266381079352,True,right/down,0.24987784590120365,300,54200,40.70893599999545,40.453125,1.0
cx0.5_mut0.01,0.5,0.01,test_7,6,14,656,5.792674486223774,True,right/down,0.22174953965787855,300,54200,39.58051300000807,39.25,1.0
cx0.5_mut0.01,0.5,0.01,test_7,6,15,657,5.020745608109319,True,right/down,0.23612051463882633,300,54200,43.44247429999814,43.265625,1.0
cx0.5_mut0.01,0.5,0.01,test_7,6,16,658,5.324420833927462,True,right/down,0.21728414158670034,300,54200,42.27089229998819,41.453125,1.0
cx0.5_mut0.01,0.5,0.01,test_7,6,17,659,6.535016015172086,True,right/down,0.22016825397259834,300,54200,41.53320459999668,41.25,1.0
cx0.5_mut0.01,0.5,0.01,test_7,6,18,660,5.431289624984355,True,right/down,0.21318961389421345,300,54200,43.05156719998922,42.328125,1.0
cx0.5_mut0.01,0.5,0.01,test_7,6,19,661,5.105691690747264,True,right/down,0.22129791636974733,300,54200,44.30648780000047,43.375,1.0
cx0.5_mut0.01,0.5,0.01,test_8,7,0,742,5.490147610960916,True,right/down,0.22892758358615178,300,54200,45.4253400000016,44.421875,1.0
cx0.5_mut0.01,0.5,0.01,test_8,7,1,743,5.161227997911675,True,right/down,0.22212506676878882,300,54200,41.676335299998755,40.90625,1.0
cx0.5_mut0.01,0.5,0.01,test_8,7,2,744,5.108551956080572,True,right/down,0.21264940557415696,300,54200,44.5191296999983,43.78125,1.0
cx0.5_mut0.01,0.5,0.01,test_8,7,3,745,5.717193056669307,True,right/down,0.24128691619198128,300,54200,42.762901299996884,42.203125,1.0
cx0.5_mut0.01,0.5,0.01,test_8,7,4,746,5.240244639158256,True,right/down,0.2488455137296896,300,54200,42.087505699993926,41.5,1.0
cx0.5_mut0.01,0.5,0.01,test_8,7,5,747,5.822006898794779,True,right/down,0.2366886944233185,300,54200,39.06569119999767,38.625,1.0
cx0.5_mut0.01,0.5,0.01,test_8,7,6,748,5.55136268970628,True,right/down,0.25793349517891123,300,54200,44.36413000000175,44.046875,1.0
cx0.5_mut0.01,0.5,0.01,test_8,7,7,749,5.656813123948434,True,right/down,0.23487938877813444,300,54200,39.65251569999964,39.21875,1.0
cx0.5_mut0.01,0.5,0.01,test_8,7,8,750,5.308732375954515,True,right/down,0.20484422277792358,300,54200,39.89399599999888,39.515625,1.0
cx0.5_mut0.01,0.5,0.01,test_8,7,9,751,5.90466864515088,True,right/down,0.2517362690456993,300,54200,41.447406099992804,41.140625,1.0
cx0.5_mut0.01,0.5,0.01,test_8,7,10,752,5.687821810485497,True,right/down,0.254358317342226,300,54200,41.483112300003995,40.890625,1.0
cx0.5_mut0.01,0.5,0.01,test_8,7,11,753,5.111356191296165,True,right/down,0.23104596912711758,300,54200,44.49951280000096,43.78125,1.0
cx0.5_mut0.01,0.5,0.01,test_8,7,12,754,5.3943271830141875,True,right/down,0.1901131322096175,300,54200,43.03959709999617,42.28125,1.0
cx0.5_mut0.01,0.5,0.01,test_8,7,13,755,6.0507763614341235,True,right/down,0.2389442578802839,300,54200,42.93358879999141,42.125,1.0
cx0.5_mut0.01,0.5,0.01,test_8,7,14,756,5.047870835249402,True,right/down,0.20389467816047313,300,54200,43.681755900004646,42.453125,1.0
cx0.5_mut0.01,0.5,0.01,test_8,7,15,757,5.522950461737427,True,right/down,0.2536322029746145,300,54200,42.325185099995,41.984375,1.0
cx0.5_mut0.01,0.5,0.01,test_8,7,16,758,5.820536504207753,True,right/down,0.24061986388361908,300,54200,40.18931810000504,39.953125,1.0
cx0.5_mut0.01,0.5,0.01,test_8,7,17,759,5.431218338323981,True,right/down,0.21476760775746256,300,54200,42.027346499991836,41.609375,1.0
cx0.5_mut0.01,0.5,0.01,test_8,7,18,760,5.493410375540532,True,right/down,0.24852752691037272,300,54200,40.977688899991335,40.640625,1.0
cx0.5_mut0.01,0.5,0.01,test_8,7,19,761,5.596991056248159,True,right/down,0.2513978258050402,300,54200,39.515036000011605,39.265625,1.0
cx0.5_mut0.01,0.5,0.01,test_9,8,0,842,5.712058660302867,True,right/down,0.24765051358009174,300,54200,44.11402789999556,43.734375,1.0
cx0.5_mut0.01,0.5,0.01,test_9,8,1,843,5.410447294335415,True,right/down,0.25315696953236844,300,54200,42.4166777000064,41.640625,1.0
cx0.5_mut0.01,0.5,0.01,test_9,8,2,844,5.622302524928524,True,right/down,0.24493961132505332,300,54200,43.401415399988764,43.140625,1.0
cx0.5_mut0.01,0.5,0.01,test_9,8,3,845,5.746408820430399,True,right/down,0.24284586568672872,300,54200,40.93262170000526,40.28125,1.0
cx0.5_mut0.01,0.5,0.01,test_9,8,4,846,5.81619430865937,True,right/down,0.21885906547593584,300,54200,37.93764730000112,37.53125,1.0
cx0.5_mut0.01,0.5,0.01,test_9,8,5,847,5.492132110514165,True,right/down,0.2448641906285217,300,54200,46.2942994999903,45.53125,1.0
cx0.5_mut0.01,0.5,0.01,test_9,8,6,848,5.534228542038952,True,right/down,0.21322375714231315,300,54200,42.56471279999823,41.78125,1.0
cx0.5_mut0.01,0.5,0.01,test_9,8,7,849,5.889225242111021,True,right/down,0.24974786962668896,300,54200,41.53679529999499,40.96875,1.0
cx0.5_mut0.01,0.5,0.01,test_9,8,8,850,5.449727459240514,True,right/down,0.21155373661151547,300,54200,40.812181500004954,40.203125,1.0
cx0.5_mut0.01,0.5,0.01,test_9,8,9,851,6.005813394671159,True,right/down,0.21351779887190286,300,54200,40.59031879999384,40.078125,1.0
cx0.5_mut0.01,0.5,0.01,test_9,8,10,852,5.256071352793638,True,right/down,0.23462478453537305,300,54200,44.935015099996235,44.28125,1.0
cx0.5_mut0.01,0.5,0.01,test_9,8,11,853,5.631898622086803,True,right/down,0.21477747195664215,300,54200,41.98635649999778,41.65625,1.0
cx0.5_mut0.01,0.5,0.01,test_9,8,12,854,5.4757584460316675,True,right/down,0.24182463986860187,300,54200,41.86195439999574,41.5625,1.0
cx0.5_mut0.01,0.5,0.01,test_9,8,13,855,5.77235810339024,True,right/down,0.22109106579953336,300,54200,42.905188999997335,42.546875,1.0
cx0.5_mut0.01,0.5,0.01,test_9,8,14,856,5.992308517720363,True,right/down,0.2200809280740142,300,54200,40.498357899996336,40.25,1.0
cx0.5_mut0.01,0.5,0.01,test_9,8,15,857,5.424385587880169,True,right/down,0.2299089992513575,300,54200,43.44073269999353,43.171875,1.0
cx0.5_mut0.01,0.5,0.01,test_9,8,16,858,5.760391934020106,True,right/down,0.22390700423413204,300,54200,42.225347300001886,41.75,1.0
cx0.5_mut0.01,0.5,0.01,test_9,8,17,859,5.3354205890613216,True,right/down,0.239928078814994,300,54200,39.968040399995516,39.453125,1.0
cx0.5_mut0.01,0.5,0.01,test_9,8,18,860,5.954597964191331,True,right/down,0.23306684737987152,300,54200,38.79861480000545,38.3125,1.0
cx0.5_mut0.01,0.5,0.01,test_9,8,19,861,5.571326609834573,True,right/down,0.21856884624234674,300,54200,49.03813600000285,48.1875,1.0
cx0.5_mut0.01,0.5,0.01,test_10,9,0,942,5.57218840822439,True,right/down,0.24115794728773945,300,54200,41.52604070000234,40.9375,1.0
cx0.5_mut0.01,0.5,0.01,test_10,9,1,943,5.832237642842271,True,right/down,0.23634054667616516,300,54200,41.40952829999151,40.734375,1.0
cx0.5_mut0.01,0.5,0.01,test_10,9,2,944,5.845267290796584,True,right/down,0.1799487714536986,300,54200,46.105432099997415,45.25,1.0
cx0.5_mut0.01,0.5,0.01,test_10,9,3,945,5.522024800073629,True,right/down,0.17101169275532374,300,54200,40.40976490000321,40.125,1.0
cx0.5_mut0.01,0.5,0.01,test_10,9,4,946,5.7933732011994685,True,right/down,0.24200743135389072,300,54200,44.98249460000079,44.609375,1.0
cx0.5_mut0.01,0.5,0.01,test_10,9,5,947,5.576770615368135,True,right/down,0.23543891367000122,300,54200,43.46965420000197,43.015625,1.0
cx0.5_mut0.01,0.5,0.01,test_10,9,6,948,5.543563681172204,True,right/down,0.16794267913849031,300,54200,39.92504469999403,39.390625,1.0
cx0.5_mut0.01,0.5,0.01,test_10,9,7,949,7.174999460063329,True,right/down,0.2328475635712758,300,54200,40.58741569999256,40.265625,1.0
cx0.5_mut0.01,0.5,0.01,test_10,9,8,950,5.9096621899221535,True,right/down,0.21622474982955361,300,54200,42.35913209999853,41.75,1.0
cx0.5_mut0.01,0.5,0.01,test_10,9,9,951,5.648722066202065,True,right/down,0.18480352855103357,300,54200,43.438298699998995,43.046875,1.0
cx0.5_mut0.01,0.5,0.01,test_10,9,10,952,6.1207125288460675,True,right/down,0.2248299050884187,300,54200,41.13498439999239,40.859375,1.0
cx0.5_mut0.01,0.5,0.01,test_10,9,11,953,5.153671729308798,True,right/down,0.23840899225764312,300,54200,43.75398100000166,43.03125,1.0
cx0.5_mut0.01,0.5,0.01,test_10,9,12,954,6.199002470137582,True,right/down,0.20985657018697132,300,54200,42.12674239999615,41.53125,1.0
cx0.5_mut0.01,0.5,0.01,test_10,9,13,955,6.0403721057290625,True,right/down,0.23410371926659002,300,54200,38.47581839999475,37.890625,1.0
cx0.5_mut0.01,0.5,0.01,test_10,9,14,956,5.752275458254973,True,right/down,0.2502899331966218,300,54200,39.854996199996094,39.328125,1.0
cx0.5_mut0.01,0.5,0.01,test_10,9,15,957,5.584428703523331,True,right/down,0.21893441011344847,300,54200,42.94559390000359,42.03125,1.0
cx0.5_mut0.01,0.5,0.01,test_10,9,16,958,5.626761982566951,True,right/down,0.21093912620866123,300,54200,41.57880600000499,41.125,1.0
cx0.5_mut0.01,0.5,0.01,test_10,9,17,959,5.731571104912966,True,right/down,0.1821317017655595,300,54200,44.63527210000029,44.328125,1.0
cx0.5_mut0.01,0.5,0.01,test_10,9,18,960,5.9312862309829875,True,right/down,0.23431081795069877,300,54200,45.58932709999499,45.34375,1.0
cx0.5_mut0.01,0.5,0.01,test_10,9,19,961,6.027197242173401,True,right/down,0.23364849153179834,300,54200,39.69080229999963,39.453125,1.0
cx0.5_mut0.05,0.5,0.05,test_1,0,0,42,5.268033165977261,True,right/down,0.22382573958911486,300,54200,39.386546399997314,38.703125,1.0
cx0.5_mut0.05,0.5,0.05,test_1,0,1,43,5.145808931830151,True,right/down,0.23572648866365425,300,54200,37.43511799999396,37.09375,1.0
cx0.5_mut0.05,0.5,0.05,test_1,0,2,44,5.571293803591214,True,right/down,0.23281160873767762,300,54200,33.513641900004586,32.6875,1.0
cx0.5_mut0.05,0.5,0.05,test_1,0,3,45,5.182918747431241,True,right/down,0.23389990319279885,300,54200,35.586957700012135,34.96875,1.0
cx0.5_mut0.05,0.5,0.05,test_1,0,4,46,6.024426577482245,True,right/down,0.15596820052104043,300,54200,35.4994061000034,34.703125,1.0
cx0.5_mut0.05,0.5,0.05,test_1,0,5,47,5.216812047419464,True,right/down,0.2206474277556935,300,54200,34.18978459999198,33.703125,1.0
cx0.5_mut0.05,0.5,0.05,test_1,0,6,48,5.510842318523718,True,right/down,0.23351009232216904,300,54200,38.03272000000288,37.640625,1.0
cx0.5_mut0.05,0.5,0.05,test_1,0,7,49,5.316897681189841,True,right/down,0.2402025216638736,300,54200,39.380780399995274,38.875,1.0
cx0.5_mut0.05,0.5,0.05,test_1,0,8,50,5.543172204310409,True,right/down,0.24056586345811068,300,54200,35.06801840000844,34.828125,1.0
cx0.5_mut0.05,0.5,0.05,test_1,0,9,51,4.998116838502408,True,right/down,0.2526848849968612,300,54200,35.020207599998685,34.390625,1.0
cx0.5_mut0.05,0.5,0.05,test_1,0,10,52,5.054009650491388,True,right/down,0.21574219562068073,300,54200,36.8752206999925,36.53125,1.0
cx0.5_mut0.05,0.5,0.05,test_1,0,11,53,5.384537394212991,True,right/down,0.22619125280487165,300,54200,35.61757349999971,35.46875,1.0
cx0.5_mut0.05,0.5,0.05,test_1,0,12,54,5.1751383013891425,True,right/down,0.23609221555915869,300,54200,36.480088199998136,36.046875,1.0
cx0.5_mut0.05,0.5,0.05,test_1,0,13,55,5.147667629014481,True,right/down,0.23776358431354086,300,54200,36.09889170000679,35.75,1.0
cx0.5_mut0.05,0.5,0.05,test_1,0,14,56,5.477719028714306,True,right/down,0.2158426054523121,300,54200,35.70646190000116,35.25,1.0
cx0.5_mut0.05,0.5,0.05,test_1,0,15,57,5.13369878494695,True,right/down,0.24477039173103576,300,54200,34.44633629999589,33.671875,1.0
cx0.5_mut0.05,0.5,0.05,test_1,0,16,58,5.780241953029198,True,right/down,0.20678669934223032,300,54200,33.22082310001133,32.53125,1.0
cx0.5_mut0.05,0.5,0.05,test_1,0,17,59,5.101172457210296,True,right/down,0.22935126328192684,300,54200,35.70826919999672,35.046875,1.0
cx0.5_mut0.05,0.5,0.05,test_1,0,18,60,5.515717168902256,True,right/down,0.23427474751786506,300,54200,36.100780799999484,35.71875,1.0
cx0.5_mut0.05,0.5,0.05,test_1,0,19,61,5.437061540334101,True,right/down,0.2240740212858297,300,54200,40.637020699999994,40.421875,1.0
cx0.5_mut0.05,0.5,0.05,test_2,1,0,142,5.1125540344500795,True,right/down,0.20646475738985626,300,54200,36.31142369999725,35.984375,1.0
cx0.5_mut0.05,0.5,0.05,test_2,1,1,143,5.274043865132871,True,right/down,0.24009534651075645,300,54200,34.89823200000683,34.5,1.0
cx0.5_mut0.05,0.5,0.05,test_2,1,2,144,5.468134570122407,True,right/down,0.24500937028764633,300,54200,37.08295630000066,36.46875,1.0
cx0.5_mut0.05,0.5,0.05,test_2,1,3,145,5.08991404530155,True,right/down,0.21529705033180838,300,54200,37.339852200006135,36.84375,1.0
cx0.5_mut0.05,0.5,0.05,test_2,1,4,146,5.261904279403092,True,right/down,0.21612286055623792,300,54200,34.67782779999834,34.421875,1.0
cx0.5_mut0.05,0.5,0.05,test_2,1,5,147,5.5014926813931435,True,right/down,0.18537881442604612,300,54200,36.242938099996536,35.625,1.0
cx0.5_mut0.05,0.5,0.05,test_2,1,6,148,5.0701198265549685,True,right/down,0.2024148548750978,300,54200,36.78501370000595,36.28125,1.0
cx0.5_mut0.05,0.5,0.05,test_2,1,7,149,5.4489739123734715,True,right/down,0.22775924000010203,300,54200,34.246227600000566,33.671875,1.0
cx0.5_mut0.05,0.5,0.05,test_2,1,8,150,5.260611971311153,True,right/down,0.2329053534116825,300,54200,36.820710200001486,35.96875,1.0
cx0.5_mut0.05,0.5,0.05,test_2,1,9,151,5.379880947259059,True,right/down,0.2065998886507021,300,54200,35.79305300000124,35.109375,1.0
cx0.5_mut0.05,0.5,0.05,test_2,1,10,152,5.430888601154206,True,right/down,0.20822953627984206,300,54200,33.58955459999561,32.953125,1.0
cx0.5_mut0.05,0.5,0.05,test_2,1,11,153,5.363824380839844,True,right/down,0.1936088138792751,300,54200,34.1267702000041,33.609375,1.0
cx0.5_mut0.05,0.5,0.05,test_2,1,12,154,5.3173089266195905,True,right/down,0.2261255340123802,300,54200,35.15785380000307,34.59375,1.0
cx0.5_mut0.05,0.5,0.05,test_2,1,13,155,5.790928578402373,True,right/down,0.2372293038856683,300,54200,33.29390040000726,32.984375,1.0
cx0.5_mut0.05,0.5,0.05,test_2,1,14,156,5.284941394163692,True,right/down,0.18930485058973032,300,54200,35.56549290000112,35.15625,1.0
cx0.5_mut0.05,0.5,0.05,test_2,1,15,157,5.1427775144543855,True,right/down,0.2298295397278426,300,54200,36.39544060001208,36.15625,1.0
cx0.5_mut0.05,0.5,0.05,test_2,1,16,158,5.585527560694169,True,right/down,0.2165714044990277,300,54200,34.09207270000479,33.921875,1.0
cx0.5_mut0.05,0.5,0.05,test_2,1,17,159,5.1786633287360235,True,right/down,0.204712720586172,300,54200,33.04163069999777,32.8125,1.0
cx0.5_mut0.05,0.5,0.05,test_2,1,18,160,5.166963751695459,True,right/down,0.22069850450838926,300,54200,32.113868000000366,31.484375,1.0
cx0.5_mut0.05,0.5,0.05,test_2,1,19,161,5.219126581134777,True,right/down,0.2135496308292154,300,54200,37.019993599999,36.671875,1.0
cx0.5_mut0.05,0.5,0.05,test_3,2,0,242,5.177836569388914,True,right/down,0.24468654368436077,300,54200,34.18636350000452,33.921875,1.0
cx0.5_mut0.05,0.5,0.05,test_3,2,1,243,5.127634370157796,True,right/down,0.2296333961225555,300,54200,34.950474099998246,34.71875,1.0
cx0.5_mut0.05,0.5,0.05,test_3,2,2,244,4.9999152703878575,True,right/down,0.25986117219148636,300,54200,38.37356599999475,38.125,1.0
cx0.5_mut0.05,0.5,0.05,test_3,2,3,245,5.022711226499803,True,right/down,0.25526498802199626,300,54200,36.619018799989135,36.0,1.0
cx0.5_mut0.05,0.5,0.05,test_3,2,4,246,5.208369049804639,True,right/down,0.2472382872623202,300,54200,35.931297000002814,35.375,1.0
cx0.5_mut0.05,0.5,0.05,test_3,2,5,247,5.182312685678311,True,right/down,0.2681480909741706,300,54200,36.856907000008505,36.203125,1.0
cx0.5_mut0.05,0.5,0.05,test_3,2,6,248,4.9842761088425345,True,right/down,0.2382660403812768,300,54200,34.17764789999637,33.6875,1.0
cx0.5_mut0.05,0.5,0.05,test_3,2,7,249,5.18529992411887,True,right/down,0.22798205031985272,300,54200,36.49287830000685,36.28125,1.0
cx0.5_mut0.05,0.5,0.05,test_3,2,8,250,5.094591201097941,True,right/down,0.24091432164553,300,54200,36.51410340001166,36.265625,1.0
cx0.5_mut0.05,0.5,0.05,test_3,2,9,251,5.110273076204657,True,right/down,0.22144904412654898,300,54200,36.079819799997495,35.859375,1.0
cx0.5_mut0.05,0.5,0.05,test_3,2,10,252,5.4950164744653875,True,right/down,0.2353373846042441,300,54200,35.46110899999621,35.203125,1.0
cx0.5_mut0.05,0.5,0.05,test_3,2,11,253,5.489882545905763,True,right/down,0.23040065360416134,300,54200,33.10521200000949,32.90625,1.0
cx0.5_mut0.05,0.5,0.05,test_3,2,12,254,5.103543148012626,True,right/down,0.23703006042500463,300,54200,36.96973199999775,36.640625,1.0
cx0.5_mut0.05,0.5,0.05,test_3,2,13,255,4.906048571341554,True,right/down,0.2627274247731073,300,54200,36.67100039999059,36.1875,1.0
cx0.5_mut0.05,0.5,0.05,test_3,2,14,256,4.936885691327133,True,right/down,0.24570650578271164,300,54200,35.79639290001069,35.4375,1.0
cx0.5_mut0.05,0.5,0.05,test_3,2,15,257,5.1127061529584665,True,right/down,0.23169198266754598,300,54200,36.007363700002315,35.8125,1.0
cx0.5_mut0.05,0.5,0.05,test_3,2,16,258,5.032023685557252,True,right/down,0.23444012149764687,300,54200,34.619470099991304,34.28125,1.0
cx0.5_mut0.05,0.5,0.05,test_3,2,17,259,5.2364989364175045,True,right/down,0.24558736321032332,300,54200,35.861533100003726,35.1875,1.0
cx0.5_mut0.05,0.5,0.05,test_3,2,18,260,5.031392684585633,True,right/down,0.240433015113206,300,54200,36.02782869999646,35.25,1.0
cx0.5_mut0.05,0.5,0.05,test_3,2,19,261,5.036767080567796,True,right/down,0.2495248726376949,300,54200,34.19768880000629,33.84375,1.0
cx0.5_mut0.05,0.5,0.05,test_4,3,0,342,5.299027495777547,True,right/down,0.23449525240165273,300,54200,42.46956510000746,42.046875,1.0
cx0.5_mut0.05,0.5,0.05,test_4,3,1,343,5.194599705900631,True,right/down,0.26079282264329984,300,54200,35.51493279999704,34.921875,1.0
cx0.5_mut0.05,0.5,0.05,test_4,3,2,344,4.971264158337949,True,right/down,0.22855110195348888,300,54200,34.116460099990945,33.78125,1.0
cx0.5_mut0.05,0.5,0.05,test_4,3,3,345,5.071909621772948,True,right/down,0.24276420112767003,300,54200,34.436706499996944,33.84375,1.0
cx0.5_mut0.05,0.5,0.05,test_4,3,4,346,5.100591280887043,True,right/down,0.22842273719064934,300,54200,34.92368930000521,34.375,1.0
cx0.5_mut0.05,0.5,0.05,test_4,3,5,347,5.5061521936395295,True,right/down,0.2225350033629244,300,54200,34.87982550000015,34.390625,1.0
cx0.5_mut0.05,0.5,0.05,test_4,3,6,348,5.152024085770516,True,right/down,0.2392309256484815,300,54200,34.60789689999365,34.265625,1.0
cx0.5_mut0.05,0.5,0.05,test_4,3,7,349,5.073717440971773,True,right/down,0.24317202954564357,300,54200,35.19825210000272,35.125,1.0
cx0.5_mut0.05,0.5,0.05,test_4,3,8,350,5.2179107255557895,True,right/down,0.2297637688333977,300,54200,38.86782120000862,38.46875,1.0
cx0.5_mut0.05,0.5,0.05,test_4,3,9,351,5.503111349156907,True,right/down,0.21497453027459268,300,54200,33.87762020000082,33.640625,1.0
cx0.5_mut0.05,0.5,0.05,test_4,3,10,352,5.626249877659155,True,right/down,0.22625465751123502,300,54200,34.535392300007516,34.21875,1.0
cx0.5_mut0.05,0.5,0.05,test_4,3,11,353,5.152350732799688,True,right/down,0.24704097211468962,300,54200,31.428814999992028,31.1875,1.0
cx0.5_mut0.05,0.5,0.05,test_4,3,12,354,5.21295379268876,True,right/down,0.26282410792208555,300,54200,34.33501399999659,33.703125,1.0
cx0.5_mut0.05,0.5,0.05,test_4,3,13,355,5.112306386675387,True,right/down,0.2454141664589489,300,54200,37.15741719999642,36.546875,1.0
cx0.5_mut0.05,0.5,0.05,test_4,3,14,356,5.177503150731081,True,right/down,0.19882646971538062,300,54200,40.87247980000393,39.75,1.0
cx0.5_mut0.05,0.5,0.05,test_4,3,15,357,5.027494843399501,True,right/down,0.2353031194245742,300,54200,36.660995600002934,36.15625,1.0
cx0.5_mut0.05,0.5,0.05,test_4,3,16,358,4.986414676989826,True,right/down,0.2351900241111677,300,54200,40.87413789999846,40.21875,1.0
cx0.5_mut0.05,0.5,0.05,test_4,3,17,359,5.031059745553538,True,right/down,0.22692053064936335,300,54200,38.669152899994515,37.84375,1.0
cx0.5_mut0.05,0.5,0.05,test_4,3,18,360,5.090852213145027,True,right/down,0.2520448640233459,300,54200,35.71363270000438,34.6875,1.0
cx0.5_mut0.05,0.5,0.05,test_4,3,19,361,5.349775457049486,True,right/down,0.24018620173564525,300,54200,36.6284791000071,36.140625,1.0
cx0.5_mut0.05,0.5,0.05,test_5,4,0,442,5.367609646869992,True,right/down,0.22731091829874037,300,54200,41.05370269999548,40.5625,1.0
cx0.5_mut0.05,0.5,0.05,test_5,4,1,443,5.1142073388327685,True,right/down,0.237803987556556,300,54200,39.387985000008484,39.234375,1.0
cx0.5_mut0.05,0.5,0.05,test_5,4,2,444,5.268690054544782,True,right/down,0.2176726903369288,300,54200,37.94264649999968,37.703125,1.0
cx0.5_mut0.05,0.5,0.05,test_5,4,3,445,5.207406847194343,True,right/down,0.22495025362314083,300,54200,36.499804699997185,36.25,1.0
cx0.5_mut0.05,0.5,0.05,test_5,4,4,446,5.351993129381708,True,right/down,0.24523499869052395,300,54200,37.03906860000279,36.6875,1.0
cx0.5_mut0.05,0.5,0.05,test_5,4,5,447,5.365762322760869,True,right/down,0.2349184616117029,300,54200,38.842897299997276,38.09375,1.0
cx0.5_mut0.05,0.5,0.05,test_5,4,6,448,5.644882687322444,True,right/down,0.2337874471315827,300,54200,38.05259669999941,37.203125,1.0
cx0.5_mut0.05,0.5,0.05,test_5,4,7,449,5.2465677999928655,True,right/down,0.2149026173184745,300,54200,38.98875059999409,38.421875,1.0
cx0.5_mut0.05,0.5,0.05,test_5,4,8,450,5.28778239832185,True,right/down,0.2417629334110785,300,54200,37.68517409999913,36.71875,1.0
cx0.5_mut0.05,0.5,0.05,test_5,4,9,451,5.3570543386148435,True,right/down,0.24386261764613398,300,54200,40.307369500005734,39.34375,1.0
cx0.5_mut0.05,0.5,0.05,test_5,4,10,452,5.03886675668773,True,right/down,0.21182461032282288,300,54200,38.38596840000537,37.953125,1.0
cx0.5_mut0.05,0.5,0.05,test_5,4,11,453,5.12258995746774,True,right/down,0.2360620389922765,300,54200,37.7722078999941,37.28125,1.0
cx0.5_mut0.05,0.5,0.05,test_5,4,12,454,5.094385068852526,True,right/down,0.22725215874643812,300,54200,43.203729400003795,42.59375,1.0
cx0.5_mut0.05,0.5,0.05,test_5,4,13,455,5.232002302974634,True,right/down,0.20981259645454592,300,54200,41.15381579998939,40.78125,1.0
cx0.5_mut0.05,0.5,0.05,test_5,4,14,456,5.17131270549678,True,right/down,0.25992943792355955,300,54200,36.13731639999605,35.734375,1.0
cx0.5_mut0.05,0.5,0.05,test_5,4,15,457,5.216436423639383,True,right/down,0.21623188936094948,300,54200,37.887015600004815,37.46875,1.0
cx0.5_mut0.05,0.5,0.05,test_5,4,16,458,5.332066177384318,True,right/down,0.24086460300999848,300,54200,36.86386629998742,36.546875,1.0
cx0.5_mut0.05,0.5,0.05,test_5,4,17,459,5.12878002085529,True,right/down,0.20524186486550824,300,54200,38.84480179999082,37.765625,1.0
cx0.5_mut0.05,0.5,0.05,test_5,4,18,460,5.243018319783957,True,right/down,0.21882687454579838,300,54200,32.24620570000843,31.609375,1.0
cx0.5_mut0.05,0.5,0.05,test_5,4,19,461,5.113456244097346,True,right/down,0.2004801505653474,300,54200,37.97225900000194,37.09375,1.0
cx0.5_mut0.05,0.5,0.05,test_6,5,0,542,5.86512152884455,True,right/down,0.2303259941272469,300,54200,35.37829269999929,34.3125,1.0
cx0.5_mut0.05,0.5,0.05,test_6,5,1,543,5.358309230932431,True,right/down,0.20113075007870768,300,54200,39.80815889999212,38.828125,1.0
cx0.5_mut0.05,0.5,0.05,test_6,5,2,544,5.428720212211686,True,right/down,0.20782653812786117,300,54200,43.01421029999619,42.578125,1.0
cx0.5_mut0.05,0.5,0.05,test_6,5,3,545,5.5274537827689585,True,right/down,0.19336048810499712,300,54200,39.04323029999796,38.859375,1.0
cx0.5_mut0.05,0.5,0.05,test_6,5,4,546,5.488518038399828,True,right/down,0.22359705951046818,300,54200,38.52599309998914,38.21875,1.0
cx0.5_mut0.05,0.5,0.05,test_6,5,5,547,5.3862557569744185,True,right/down,0.22871031416081405,300,54200,39.70640690000437,39.1875,1.0
cx0.5_mut0.05,0.5,0.05,test_6,5,6,548,5.631810348753698,True,right/down,0.22582937547864637,300,54200,38.87584069999866,38.640625,1.0
cx0.5_mut0.05,0.5,0.05,test_6,5,7,549,5.266261293487833,True,right/down,0.2217404261866173,300,54200,39.1942401999986,38.546875,1.0
cx0.5_mut0.05,0.5,0.05,test_6,5,8,550,5.710497749427126,True,right/down,0.20611959200965393,300,54200,39.96206119999988,39.578125,1.0
cx0.5_mut0.05,0.5,0.05,test_6,5,9,551,5.583352855521716,True,right/down,0.24795250093588433,300,54200,42.23820249999699,41.8125,1.0
cx0.5_mut0.05,0.5,0.05,test_6,5,10,552,5.394019084365558,True,right/down,0.2060486575645529,300,54200,36.92112990000169,36.359375,1.0
cx0.5_mut0.05,0.5,0.05,test_6,5,11,553,5.427266773390791,True,right/down,0.22849171629313444,300,54200,38.68473589999485,37.9375,1.0
cx0.5_mut0.05,0.5,0.05,test_6,5,12,554,5.531960098113682,True,right/down,0.22917293056824234,300,54200,38.700634799999534,38.109375,1.0
cx0.5_mut0.05,0.5,0.05,test_6,5,13,555,5.599176220898717,True,right/down,0.249303899276689,300,54200,37.97505600001023,37.140625,1.0
cx0.5_mut0.05,0.5,0.05,test_6,5,14,556,5.558308229830573,True,right/down,0.23928700140077355,300,54200,38.97937619998993,38.390625,1.0
cx0.5_mut0.05,0.5,0.05,test_6,5,15,557,5.775609622324717,True,right/down,0.2035912619603939,300,54200,36.57936969998991,36.359375,1.0
cx0.5_mut0.05,0.5,0.05,test_6,5,16,558,5.426312612572691,True,right/down,0.2286994280102586,300,54200,36.846733899990795,36.484375,1.0
cx0.5_mut0.05,0.5,0.05,test_6,5,17,559,5.31849926776887,True,right/down,0.23956022197995572,300,54200,35.92395419999957,35.609375,1.0
cx0.5_mut0.05,0.5,0.05,test_6,5,18,560,5.633230465755952,True,right/down,0.23356178108910913,300,54200,43.28571199999715,42.34375,1.0
cx0.5_mut0.05,0.5,0.05,test_6,5,19,561,5.388260933884981,True,right/down,0.2410968867789501,300,54200,38.978152099996805,38.75,1.0
cx0.5_mut0.05,0.5,0.05,test_7,6,0,642,5.1122184433390805,True,right/down,0.224560949197211,300,54200,38.64797299999918,38.28125,1.0
cx0.5_mut0.05,0.5,0.05,test_7,6,1,643,5.304095329056306,True,right/down,0.21027013921500862,300,54200,35.38654950000637,35.078125,1.0
cx0.5_mut0.05,0.5,0.05,test_7,6,2,644,4.952167508272373,True,right/down,0.24455408821789631,300,54200,37.98802619999333,37.5,1.0
cx0.5_mut0.05,0.5,0.05,test_7,6,3,645,5.029401061755239,True,right/down,0.2218446566972216,300,54200,37.95033890000195,37.6875,1.0
cx0.5_mut0.05,0.5,0.05,test_7,6,4,646,5.536540371844742,True,right/down,0.2526375787068277,300,54200,35.057826200005366,34.375,1.0
cx0.5_mut0.05,0.5,0.05,test_7,6,5,647,5.194609160175074,True,right/down,0.24194382472239254,300,54200,37.323712999990676,36.703125,1.0
cx0.5_mut0.05,0.5,0.05,test_7,6,6,648,5.249425392586851,True,right/down,0.23508408183128984,300,54200,38.62230119999731,38.140625,1.0
cx0.5_mut0.05,0.5,0.05,test_7,6,7,649,5.261836649829949,True,right/down,0.23203772988310173,300,54200,39.17094150000776,38.390625,1.0
cx0.5_mut0.05,0.5,0.05,test_7,6,8,650,5.496858057513306,True,right/down,0.24592495063503228,300,54200,39.4757946000027,39.203125,1.0
cx0.5_mut0.05,0.5,0.05,test_7,6,9,651,5.125165626169132,True,right/down,0.22949346442944274,300,54200,41.93293289998837,41.265625,1.0
cx0.5_mut0.05,0.5,0.05,test_7,6,10,652,5.170339087329167,True,right/down,0.25992613438987217,300,54200,38.736122300004354,38.453125,1.0
cx0.5_mut0.05,0.5,0.05,test_7,6,11,653,5.627942216656804,True,right/down,0.24433201996630546,300,54200,39.26672250000411,38.953125,1.0
cx0.5_mut0.05,0.5,0.05,test_7,6,12,654,5.359103322690181,True,right/down,0.2213475886364996,300,54200,41.6553058999998,41.328125,1.0
cx0.5_mut0.05,0.5,0.05,test_7,6,13,655,5.333453324995299,True,right/down,0.20527653747922078,300,54200,33.17859260000114,33.03125,1.0
cx0.5_mut0.05,0.5,0.05,test_7,6,14,656,5.714973536645747,True,right/down,0.2408961240530535,300,54200,39.36895730000106,39.015625,1.0
cx0.5_mut0.05,0.5,0.05,test_7,6,15,657,5.416295770521376,True,right/down,0.2611323726165795,300,54200,37.92029259999981,37.78125,1.0
cx0.5_mut0.05,0.5,0.05,test_7,6,16,658,5.252215261713086,True,right/down,0.2299725262931499,300,54200,40.78622870000254,39.828125,1.0
cx0.5_mut0.05,0.5,0.05,test_7,6,17,659,6.001540721232028,True,right/down,0.23217911897902369,300,54200,37.975803199995426,37.625,1.0
cx0.5_mut0.05,0.5,0.05,test_7,6,18,660,5.167191193698758,True,right/down,0.2505445082308142,300,54200,39.1860699000099,38.515625,1.0
cx0.5_mut0.05,0.5,0.05,test_7,6,19,661,5.2140530219094146,True,right/down,0.23067964168047245,300,54200,38.24752419999277,37.5,1.0
cx0.5_mut0.05,0.5,0.05,test_8,7,0,742,6.521483937497259,True,right/down,0.21894009475395457,300,54200,40.87972280000395,40.03125,1.0
cx0.5_mut0.05,0.5,0.05,test_8,7,1,743,5.647065941537607,True,right/down,0.1504741789373726,300,54200,39.071465400003945,38.328125,1.0
cx0.5_mut0.05,0.5,0.05,test_8,7,2,744,5.128205488009141,True,right/down,0.24639636337268436,300,54200,41.48071699999855,40.71875,1.0
cx0.5_mut0.05,0.5,0.05,test_8,7,3,745,5.249888840141454,True,right/down,0.22491833725448987,300,54200,45.232836600000155,44.515625,1.0
cx0.5_mut0.05,0.5,0.05,test_8,7,4,746,5.138303119724132,True,right/down,0.20185188916218882,300,54200,38.68907970000873,38.140625,1.0
cx0.5_mut0.05,0.5,0.05,test_8,7,5,747,5.59304110539397,True,right/down,0.24419665235963176,300,54200,40.73848480000743,40.296875,1.0
cx0.5_mut0.05,0.5,0.05,test_8,7,6,748,4.82310589735591,True,right/down,0.2597680349289057,300,54200,38.522283099999186,38.140625,1.0
cx0.5_mut0.05,0.5,0.05,test_8,7,7,749,4.919757141003781,True,right/down,0.26381141517799594,300,54200,37.63766979999491,37.453125,1.0
cx0.5_mut0.05,0.5,0.05,test_8,7,8,750,5.258500837907021,True,right/down,0.2370680771337149,300,54200,38.65220310000586,38.40625,1.0
cx0.5_mut0.05,0.5,0.05,test_8,7,9,751,5.1135306745541005,True,right/down,0.2429226623465438,300,54200,37.231855899997754,37.140625,1.0
cx0.5_mut0.05,0.5,0.05,test_8,7,10,752,5.2823910363952855,True,right/down,0.20719599813516512,300,54200,42.24338179999904,41.46875,1.0
cx0.5_mut0.05,0.5,0.05,test_8,7,11,753,5.713525903812478,True,right/down,0.24502437928718215,300,54200,37.35972710000351,36.703125,1.0
cx0.5_mut0.05,0.5,0.05,test_8,7,12,754,5.2261589786656435,True,right/down,0.23287933625018428,300,54200,38.20766290000756,37.59375,1.0
cx0.5_mut0.05,0.5,0.05,test_8,7,13,755,5.6174726872394185,True,right/down,0.2386027448711065,300,54200,37.72428599999694,37.1875,1.0
cx0.5_mut0.05,0.5,0.05,test_8,7,14,756,4.940515852667467,True,right/down,0.22701738066142366,300,54200,40.80365889999666,39.59375,1.0
cx0.5_mut0.05,0.5,0.05,test_8,7,15,757,5.095574201119871,True,right/down,0.18583412850903572,300,54200,35.671139300000505,35.34375,1.0
cx0.5_mut0.05,0.5,0.05,test_8,7,16,758,4.995596821396271,True,right/down,0.2294501186543469,300,54200,42.19608280000102,41.765625,1.0
cx0.5_mut0.05,0.5,0.05,test_8,7,17,759,5.479726389395772,True,right/down,0.23661051871893443,300,54200,38.1192369999917,37.765625,1.0
cx0.5_mut0.05,0.5,0.05,test_8,7,18,760,4.997658652322542,True,right/down,0.21911257435144996,300,54200,39.343327100010356,39.125,1.0
cx0.5_mut0.05,0.5,0.05,test_8,7,19,761,5.191544973797384,True,right/down,0.2380610299064593,300,54200,38.35110939999868,38.09375,1.0
cx0.5_mut0.05,0.5,0.05,test_9,8,0,842,5.307611893657481,True,right/down,0.23426898940178922,300,54200,39.03519760000927,38.671875,1.0
cx0.5_mut0.05,0.5,0.05,test_9,8,1,843,5.235274238448165,True,right/down,0.2415065893142073,300,54200,38.05307670000184,37.265625,1.0
cx0.5_mut0.05,0.5,0.05,test_9,8,2,844,5.170838639938289,True,right/down,0.24287227791523322,300,54200,41.647237800003495,41.4375,1.0
cx0.5_mut0.05,0.5,0.05,test_9,8,3,845,5.276995562356884,True,right/down,0.2277580734752667,300,54200,37.843608099996345,37.59375,1.0
cx0.5_mut0.05,0.5,0.05,test_9,8,4,846,6.026996164668163,True,right/down,0.23510497482712073,300,54200,36.509959400005755,36.125,1.0
cx0.5_mut0.05,0.5,0.05,test_9,8,5,847,5.54546906137879,True,right/down,0.23347224922999565,300,54200,38.46098119999806,37.84375,1.0
cx0.5_mut0.05,0.5,0.05,test_9,8,6,848,5.275546636757746,True,right/down,0.23010848956139096,300,54200,38.681442400004016,37.859375,1.0
cx0.5_mut0.05,0.5,0.05,test_9,8,7,849,5.5008853258934565,True,right/down,0.22976778817856883,300,54200,39.037352199986344,38.078125,1.0
cx0.5_mut0.05,0.5,0.05,test_9,8,8,850,5.317739989566942,True,right/down,0.2254554154492894,300,54200,39.62343059999694,38.84375,1.0
cx0.5_mut0.05,0.5,0.05,test_9,8,9,851,5.520993915637092,True,right/down,0.18722598503459634,300,54200,39.05995960001019,38.625,1.0
cx0.5_mut0.05,0.5,0.05,test_9,8,10,852,5.528746789179358,True,right/down,0.2271720937662192,300,54200,37.70793059999414,37.40625,1.0
cx0.5_mut0.05,0.5,0.05,test_9,8,11,853,5.168933793080616,True,right/down,0.22698055637071268,300,54200,34.57965030000196,34.078125,1.0
cx0.5_mut0.05,0.5,0.05,test_9,8,12,854,5.532033554805934,True,right/down,0.2421707948640119,300,54200,41.86577769998985,41.640625,1.0
cx0.5_mut0.05,0.5,0.05,test_9,8,13,855,5.4137209525592205,True,right/down,0.20722192852176763,300,54200,35.31212519999826,35.09375,1.0
cx0.5_mut0.05,0.5,0.05,test_9,8,14,856,5.272075180732891,True,right/down,0.20722080861794434,300,54200,37.59943220000423,37.21875,1.0
cx0.5_mut0.05,0.5,0.05,test_9,8,15,857,5.322878706455429,True,right/down,0.22813600418250954,300,54200,38.56783309999446,38.3125,1.0
cx0.5_mut0.05,0.5,0.05,test_9,8,16,858,6.055318267238012,True,right/down,0.24548660347084533,300,54200,36.989059800005634,36.8125,1.0
cx0.5_mut0.05,0.5,0.05,test_9,8,17,859,6.300283030558921,True,right/down,0.24579158158207223,300,54200,35.32195459998911,34.8125,1.0
cx0.5_mut0.05,0.5,0.05,test_9,8,18,860,6.124265252672335,True,right/down,0.2503504738874316,300,54200,37.09997999999905,36.71875,1.0
cx0.5_mut0.05,0.5,0.05,test_9,8,19,861,5.507416936925834,True,right/down,0.2301762630231304,300,54200,37.543227000001934,36.8125,1.0
cx0.5_mut0.05,0.5,0.05,test_10,9,0,942,5.378353292911255,True,right/down,0.23633608034373876,300,54200,38.384110099999816,37.78125,1.0
cx0.5_mut0.05,0.5,0.05,test_10,9,1,943,5.353577834211429,True,right/down,0.22697689032178978,300,54200,39.44534269999713,38.78125,1.0
cx0.5_mut0.05,0.5,0.05,test_10,9,2,944,5.795456459544614,True,right/down,0.16135590061643978,300,54200,38.400336299993796,37.671875,1.0
cx0.5_mut0.05,0.5,0.05,test_10,9,3,945,5.98531823722578,True,right/down,0.24649500635898602,300,54200,37.64923209999688,37.28125,1.0
cx0.5_mut0.05,0.5,0.05,test_10,9,4,946,5.640281914885378,True,right/down,0.22534838638490484,300,54200,39.34623660000216,39.140625,1.0
cx0.5_mut0.05,0.5,0.05,test_10,9,5,947,6.054988334816171,True,right/down,0.20086930633560132,300,54200,40.021150500004296,39.578125,1.0
cx0.5_mut0.05,0.5,0.05,test_10,9,6,948,5.499098176315384,True,right/down,0.239538453266077,300,54200,37.486436699997284,37.0625,1.0
cx0.5_mut0.05,0.5,0.05,test_10,9,7,949,5.436360634828834,True,right/down,0.16932725555316921,300,54200,38.43815050000558,38.046875,1.0
cx0.5_mut0.05,0.5,0.05,test_10,9,8,950,5.465660341770674,True,right/down,0.2307725638436373,300,54200,37.75153370000771,37.171875,1.0
cx0.5_mut0.05,0.5,0.05,test_10,9,9,951,5.4625230122874795,True,right/down,0.22250420684258038,300,54200,36.72326729999622,36.421875,1.0
cx0.5_mut0.05,0.5,0.05,test_10,9,10,952,5.36542031917331,True,right/down,0.2206123845524865,300,54200,39.48728380000102,39.1875,1.0
cx0.5_mut0.05,0.5,0.05,test_10,9,11,953,5.492725289418869,True,right/down,0.20790448974128137,300,54200,44.241713399998844,43.859375,1.0
cx0.5_mut0.05,0.5,0.05,test_10,9,12,954,5.505287347177744,True,right/down,0.18726698933179767,300,54200,36.44118019999587,35.96875,1.0
cx0.5_mut0.05,0.5,0.05,test_10,9,13,955,5.675896796169727,True,right/down,0.20347025192693988,300,54200,36.71841070000664,36.15625,1.0
cx0.5_mut0.05,0.5,0.05,test_10,9,14,956,5.274436463513986,True,right/down,0.2128541267578528,300,54200,34.61105370000587,34.0625,1.0
cx0.5_mut0.05,0.5,0.05,test_10,9,15,957,5.755049986337577,True,right/down,0.216332874812325,300,54200,40.20049079999444,39.5625,1.0
cx0.5_mut0.05,0.5,0.05,test_10,9,16,958,5.410659911481146,True,right/down,0.19655085775594192,300,54200,40.3244388000021,39.828125,1.0
cx0.5_mut0.05,0.5,0.05,test_10,9,17,959,5.514458696374991,True,right/down,0.16454449579398306,300,54200,38.602648899992346,38.34375,1.0
cx0.5_mut0.05,0.5,0.05,test_10,9,18,960,5.397434149130816,True,right/down,0.18242627793107022,300,54200,42.90708829999494,42.65625,1.0
cx0.5_mut0.05,0.5,0.05,test_10,9,19,961,6.058717006951786,True,right/down,0.1892010811944856,300,54200,41.91879959999642,41.703125,1.0
cx0.5_mut0.1,0.5,0.1,test_1,0,0,42,5.049773996578279,True,right/down,0.2431613501219141,300,54200,29.218979600002058,28.890625,1.0
cx0.5_mut0.1,0.5,0.1,test_1,0,1,43,5.414411747181667,True,right/down,0.2575992486575118,300,54200,33.1271160000033,32.6875,1.0
cx0.5_mut0.1,0.5,0.1,test_1,0,2,44,5.191412103735459,True,right/down,0.23830182245443504,300,54200,30.890694499990786,30.1875,1.0
cx0.5_mut0.1,0.5,0.1,test_1,0,3,45,5.151714610488224,True,right/down,0.21415384505589724,300,54200,30.0010229999898,29.46875,1.0
cx0.5_mut0.1,0.5,0.1,test_1,0,4,46,5.052252713942995,True,right/down,0.1992929026840105,300,54200,29.6034340000042,29.09375,1.0
cx0.5_mut0.1,0.5,0.1,test_1,0,5,47,5.433536116562736,True,right/down,0.21609137592583097,300,54200,27.7741565000033,27.34375,1.0
cx0.5_mut0.1,0.5,0.1,test_1,0,6,48,5.405390119353421,True,right/down,0.2428871132086626,300,54200,31.801485900010448,31.546875,1.0
cx0.5_mut0.1,0.5,0.1,test_1,0,7,49,5.137825482840663,True,right/down,0.2331594697450625,300,54200,33.100717799999984,32.734375,1.0
cx0.5_mut0.1,0.5,0.1,test_1,0,8,50,5.030535689021864,True,right/down,0.24973686549704716,300,54200,30.800473199997214,30.53125,1.0
cx0.5_mut0.1,0.5,0.1,test_1,0,9,51,5.252952009890933,True,right/down,0.2176089133882322,300,54200,32.34517110000888,31.65625,1.0
cx0.5_mut0.1,0.5,0.1,test_1,0,10,52,5.135704438295983,True,right/down,0.1943017194458125,300,54200,29.937281599995913,29.6875,1.0
cx0.5_mut0.1,0.5,0.1,test_1,0,11,53,4.932654477556133,True,right/down,0.21576063090790518,300,54200,30.261473199992906,30.109375,1.0
cx0.5_mut0.1,0.5,0.1,test_1,0,12,54,5.489285732791275,True,right/down,0.1891904481065674,300,54200,32.124232400004985,31.890625,1.0
cx0.5_mut0.1,0.5,0.1,test_1,0,13,55,5.159981659485581,True,right/down,0.2165325075749144,300,54200,29.181584000005387,28.96875,1.0
cx0.5_mut0.1,0.5,0.1,test_1,0,14,56,5.0318791425362175,True,right/down,0.20673133582033443,300,54200,30.412939100002404,30.0625,1.0
cx0.5_mut0.1,0.5,0.1,test_1,0,15,57,5.0875332247909375,True,right/down,0.2294951541570297,300,54200,28.837282599997707,28.3125,1.0
cx0.5_mut0.1,0.5,0.1,test_1,0,16,58,5.63249983952892,True,right/down,0.21137734960880558,300,54200,28.916237099998398,28.234375,1.0
cx0.5_mut0.1,0.5,0.1,test_1,0,17,59,5.090669266114417,True,right/down,0.22147633555014007,300,54200,28.722217999995337,28.0,1.0
cx0.5_mut0.1,0.5,0.1,test_1,0,18,60,5.060692738363733,True,right/down,0.2316897711011013,300,54200,27.87730360000569,27.546875,1.0
cx0.5_mut0.1,0.5,0.1,test_1,0,19,61,5.164372435953872,True,right/down,0.19687435750397908,300,54200,29.223331300003338,28.96875,1.0
cx0.5_mut0.1,0.5,0.1,test_2,1,0,142,5.148402521196818,True,right/down,0.20227868670485843,300,54200,31.80264160000661,31.46875,1.0
cx0.5_mut0.1,0.5,0.1,test_2,1,1,143,5.245167779345719,True,right/down,0.20446708043765285,300,54200,29.315488100008224,29.0,1.0
cx0.5_mut0.1,0.5,0.1,test_2,1,2,144,5.106890300423435,True,right/down,0.20976299307966897,300,54200,30.81231929999194,30.234375,1.0
cx0.5_mut0.1,0.5,0.1,test_2,1,3,145,5.145891606483493,True,right/down,0.2294183832818682,300,54200,29.982570300009684,29.546875,1.0
cx0.5_mut0.1,0.5,0.1,test_2,1,4,146,5.098970622208177,True,right/down,0.234082391957563,300,54200,29.88027599999623,29.703125,1.0
cx0.5_mut0.1,0.5,0.1,test_2,1,5,147,5.253654814441304,True,right/down,0.20613827272639357,300,54200,30.6175188000052,30.265625,1.0
cx0.5_mut0.1,0.5,0.1,test_2,1,6,148,5.125361123860147,True,right/down,0.2165915362214035,300,54200,31.0637155000004,30.484375,1.0
cx0.5_mut0.1,0.5,0.1,test_2,1,7,149,5.49247995912403,True,right/down,0.23434047941204536,300,54200,29.44037589999789,28.875,1.0
cx0.5_mut0.1,0.5,0.1,test_2,1,8,150,5.282841542980089,True,right/down,0.2324491832731086,300,54200,29.395245499996236,28.75,1.0
cx0.5_mut0.1,0.5,0.1,test_2,1,9,151,5.326080939790335,True,right/down,0.21325498839542253,300,54200,28.755157899999176,28.1875,1.0
cx0.5_mut0.1,0.5,0.1,test_2,1,10,152,5.201933666125906,True,right/down,0.21483171804997148,300,54200,29.788933100004215,29.265625,1.0
cx0.5_mut0.1,0.5,0.1,test_2,1,11,153,5.299567886032245,True,right/down,0.24467758687938929,300,54200,30.562110999992,30.015625,1.0
cx0.5_mut0.1,0.5,0.1,test_2,1,12,154,5.217587185324555,True,right/down,0.2228286871787775,300,54200,29.21180409999215,28.75,1.0
cx0.5_mut0.1,0.5,0.1,test_2,1,13,155,5.143879290240701,True,right/down,0.24465420991001804,300,54200,29.46566429999075,29.109375,1.0
cx0.5_mut0.1,0.5,0.1,test_2,1,14,156,5.199277344242925,True,right/down,0.24359065618949827,300,54200,30.824192500003846,30.546875,1.0
cx0.5_mut0.1,0.5,0.1,test_2,1,15,157,5.353407868028985,True,right/down,0.22760669397736683,300,54200,29.02695689999382,28.78125,1.0
cx0.5_mut0.1,0.5,0.1,test_2,1,16,158,5.21982967172238,True,right/down,0.19998314172006845,300,54200,30.007061299998895,29.796875,1.0
cx0.5_mut0.1,0.5,0.1,test_2,1,17,159,5.153543661230959,True,right/down,0.20976209279913957,300,54200,30.15864419999707,29.828125,1.0
cx0.5_mut0.1,0.5,0.1,test_2,1,18,160,5.210596991510188,True,right/down,0.21661420922393246,300,54200,30.957187499996508,30.375,1.0
cx0.5_mut0.1,0.5,0.1,test_2,1,19,161,5.1666109977150985,True,right/down,0.22799691664819863,300,54200,31.025629000010667,30.625,1.0
cx0.5_mut0.1,0.5,0.1,test_3,2,0,242,4.9782457585401385,True,right/down,0.2390078693263039,300,54200,29.713044299991452,29.421875,1.0
cx0.5_mut0.1,0.5,0.1,test_3,2,1,243,4.91507396946105,True,right/down,0.22551544293361248,300,54200,31.172525399990263,30.9375,1.0
cx0.5_mut0.1,0.5,0.1,test_3,2,2,244,5.018185230175531,True,right/down,0.23650052137545882,300,54200,29.4304206000088,29.140625,1.0
cx0.5_mut0.1,0.5,0.1,test_3,2,3,245,5.531682566826676,True,right/down,0.23147025731166254,300,54200,31.02860029999283,30.53125,1.0
cx0.5_mut0.1,0.5,0.1,test_3,2,4,246,4.965083715724097,True,right/down,0.24392593058880294,300,54200,29.8784081999911,29.203125,1.0
cx0.5_mut0.1,0.5,0.1,test_3,2,5,247,5.192546849701321,True,right/down,0.230806821797678,300,54200,28.90743220000877,28.421875,1.0
cx0.5_mut0.1,0.5,0.1,test_3,2,6,248,4.9561254869148454,True,right/down,0.22883011491332653,300,54200,32.85544410000148,32.25,1.0
cx0.5_mut0.1,0.5,0.1,test_3,2,7,249,4.945157435132086,True,right/down,0.23607648886007523,300,54200,30.44936030000099,30.15625,1.0
cx0.5_mut0.1,0.5,0.1,test_3,2,8,250,5.1707669229211035,True,right/down,0.22613243263872113,300,54200,32.871636700001545,32.5625,1.0
cx0.5_mut0.1,0.5,0.1,test_3,2,9,251,5.078839347433471,True,right/down,0.2711507968821817,300,54200,29.71961200000078,29.453125,1.0
cx0.5_mut0.1,0.5,0.1,test_3,2,10,252,5.4081808557340745,True,right/down,0.2283292520155529,300,54200,30.56671240000287,30.203125,1.0
cx0.5_mut0.1,0.5,0.1,test_3,2,11,253,5.608343713725742,True,right/down,0.20888911627390597,300,54200,32.20282849999785,31.96875,1.0
cx0.5_mut0.1,0.5,0.1,test_3,2,12,254,4.870897456696664,True,right/down,0.24577442913979097,300,54200,30.36435300001176,30.0,1.0
cx0.5_mut0.1,0.5,0.1,test_3,2,13,255,5.020975294395166,True,right/down,0.23138631272745788,300,54200,30.609834000002593,30.140625,1.0
cx0.5_mut0.1,0.5,0.1,test_3,2,14,256,4.911955153168752,True,right/down,0.24671519043836218,300,54200,30.397916100002476,30.21875,1.0
cx0.5_mut0.1,0.5,0.1,test_3,2,15,257,5.134682540669258,True,right/down,0.24785599238293443,300,54200,32.141517800002475,31.953125,1.0
cx0.5_mut0.1,0.5,0.1,test_3,2,16,258,5.0033654384672355,True,right/down,0.22862136960997378,300,54200,29.722864299998037,29.375,1.0
cx0.5_mut0.1,0.5,0.1,test_3,2,17,259,5.052860447641439,True,right/down,0.222611005885303,300,54200,30.4291738000029,29.796875,1.0
cx0.5_mut0.1,0.5,0.1,test_3,2,18,260,4.979601668360596,True,right/down,0.2569165818198572,300,54200,28.443146999998135,27.671875,1.0
cx0.5_mut0.1,0.5,0.1,test_3,2,19,261,5.06219010133444,True,right/down,0.2153665940167589,300,54200,30.140350499990745,29.640625,1.0
cx0.5_mut0.1,0.5,0.1,test_4,3,0,342,5.08547530038209,True,right/down,0.2412325546453512,300,54200,27.315227900005993,26.890625,1.0
cx0.5_mut0.1,0.5,0.1,test_4,3,1,343,5.17442392579926,True,right/down,0.2676536721986689,300,54200,32.51306049998675,31.984375,1.0
cx0.5_mut0.1,0.5,0.1,test_4,3,2,344,5.316656537996134,True,right/down,0.19291881096905703,300,54200,30.43125590001,29.921875,1.0
cx0.5_mut0.1,0.5,0.1,test_4,3,3,345,4.99764281084268,True,right/down,0.22383274226308164,300,54200,32.065240700001596,31.46875,1.0
cx0.5_mut0.1,0.5,0.1,test_4,3,4,346,4.9987856168150735,True,right/down,0.21401169364674957,300,54200,31.064095299996552,30.640625,1.0
cx0.5_mut0.1,0.5,0.1,test_4,3,5,347,5.583161140189854,True,right/down,0.26246761491689335,300,54200,30.41530170000624,29.96875,1.0
cx0.5_mut0.1,0.5,0.1,test_4,3,6,348,5.154890988538892,True,right/down,0.2395664432466562,300,54200,30.70941940000921,30.421875,1.0
cx0.5_mut0.1,0.5,0.1,test_4,3,7,349,5.100074228891007,True,right/down,0.23380809820532023,300,54200,28.87685619998956,28.625,1.0
cx0.5_mut0.1,0.5,0.1,test_4,3,8,350,5.42305720671365,True,right/down,0.2212369016117759,300,54200,31.756609299991396,31.4375,1.0
cx0.5_mut0.1,0.5,0.1,test_4,3,9,351,5.403280717364055,True,right/down,0.22330414506612395,300,54200,30.93059910000011,30.703125,1.0
cx0.5_mut0.1,0.5,0.1,test_4,3,10,352,5.134217689055381,True,right/down,0.21133372921088053,300,54200,30.721586499988916,30.53125,1.0
cx0.5_mut0.1,0.5,0.1,test_4,3,11,353,5.288248302138927,True,right/down,0.23766960932022374,300,54200,28.62004560000787,28.46875,1.0
cx0.5_mut0.1,0.5,0.1,test_4,3,12,354,5.315676329588136,True,right/down,0.22676258422875623,300,54200,30.263382500008447,29.78125,1.0
cx0.5_mut0.1,0.5,0.1,test_4,3,13,355,5.04131285624436,True,right/down,0.2242708626087938,300,54200,27.834282800002256,27.53125,1.0
cx0.5_mut0.1,0.5,0.1,test_4,3,14,356,5.182603103617167,True,right/down,0.22944088171460528,300,54200,37.546653099998366,36.703125,1.0
cx0.5_mut0.1,0.5,0.1,test_4,3,15,357,5.0357734620789625,True,right/down,0.24085766910858736,300,54200,33.78198379999958,33.140625,1.0
cx0.5_mut0.1,0.5,0.1,test_4,3,16,358,5.018111951752001,True,right/down,0.2450560398312359,300,54200,32.494438299996546,32.015625,1.0
cx0.5_mut0.1,0.5,0.1,test_4,3,17,359,5.039771269831377,True,right/down,0.23974045733463462,300,54200,33.276038900003186,32.671875,1.0
cx0.5_mut0.1,0.5,0.1,test_4,3,18,360,5.43622302410372,True,right/down,0.22190288977594372,300,54200,31.27496450000035,30.609375,1.0
cx0.5_mut0.1,0.5,0.1,test_4,3,19,361,5.772159905120006,True,right/down,0.1938774222665877,300,54200,33.11763239999709,32.734375,1.0
cx0.5_mut0.1,0.5,0.1,test_5,4,0,442,5.385533991624704,True,right/down,0.20665721894461572,300,54200,33.272905699996045,32.953125,1.0
cx0.5_mut0.1,0.5,0.1,test_5,4,1,443,5.23703217369405,True,right/down,0.2223805487756311,300,54200,34.31566700000258,34.125,1.0
cx0.5_mut0.1,0.5,0.1,test_5,4,2,444,5.227513632364005,True,right/down,0.23392654796808987,300,54200,32.057369600006496,31.828125,1.0
cx0.5_mut0.1,0.5,0.1,test_5,4,3,445,5.132931276859198,True,right/down,0.22943626157717098,300,54200,34.05208870000206,33.671875,1.0
cx0.5_mut0.1,0.5,0.1,test_5,4,4,446,5.291251730950695,True,right/down,0.2444080467911696,300,54200,33.64925599998969,33.28125,1.0
cx0.5_mut0.1,0.5,0.1,test_5,4,5,447,5.254071047261435,True,right/down,0.2528112572027352,300,54200,33.65147559999605,32.9375,1.0
cx0.5_mut0.1,0.5,0.1,test_5,4,6,448,5.426274035234562,True,right/down,0.23265333200257624,300,54200,35.5994398999901,34.90625,1.0
cx0.5_mut0.1,0.5,0.1,test_5,4,7,449,5.499239161640294,True,right/down,0.2109309289046187,300,54200,32.21735669999907,31.65625,1.0
cx0.5_mut0.1,0.5,0.1,test_5,4,8,450,5.266020807165441,True,right/down,0.23046184614789428,300,54200,34.03236549999565,33.078125,1.0
cx0.5_mut0.1,0.5,0.1,test_5,4,9,451,5.100625344524756,True,right/down,0.21976459448458247,300,54200,36.9491779999953,35.421875,1.0
cx0.5_mut0.1,0.5,0.1,test_5,4,10,452,5.154734251833013,True,right/down,0.21896930904438125,300,54200,34.86548629999743,34.265625,1.0
cx0.5_mut0.1,0.5,0.1,test_5,4,11,453,5.405259333305311,True,right/down,0.22278230098675417,300,54200,35.244353600006434,34.734375,1.0
cx0.5_mut0.1,0.5,0.1,test_5,4,12,454,5.072025908418244,True,right/down,0.2333402126947892,300,54200,35.12911730000633,34.78125,1.0
cx0.5_mut0.1,0.5,0.1,test_5,4,13,455,5.229441138646184,True,right/down,0.22749600920547608,300,54200,36.17763960000593,35.859375,1.0
cx0.5_mut0.1,0.5,0.1,test_5,4,14,456,5.112075269855671,True,right/down,0.24307408147187448,300,54200,34.42707039999368,34.015625,1.0
cx0.5_mut0.1,0.5,0.1,test_5,4,15,457,5.377239766282524,True,right/down,0.24237561249379883,300,54200,30.700590199994622,30.546875,1.0
cx0.5_mut0.1,0.5,0.1,test_5,4,16,458,5.333659521682051,True,right/down,0.20581210603524447,300,54200,32.44680749998952,32.203125,1.0
cx0.5_mut0.1,0.5,0.1,test_5,4,17,459,5.058798083248975,True,right/down,0.25122266475524363,300,54200,34.992801699991105,33.890625,1.0
cx0.5_mut0.1,0.5,0.1,test_5,4,18,460,5.193658756197394,True,right/down,0.22973232585497178,300,54200,29.95803129998967,29.09375,1.0
cx0.5_mut0.1,0.5,0.1,test_5,4,19,461,5.4938370237286716,True,right/down,0.24101188291285502,300,54200,30.472141499994905,29.734375,1.0
cx0.5_mut0.1,0.5,0.1,test_6,5,0,542,6.077648297440047,True,right/down,0.24284336295633863,300,54200,30.010799299998325,29.421875,1.0
cx0.5_mut0.1,0.5,0.1,test_6,5,1,543,5.302254598982534,True,right/down,0.22424574229350486,300,54200,34.62757749999582,33.671875,1.0
cx0.5_mut0.1,0.5,0.1,test_6,5,2,544,5.417255416287528,True,right/down,0.22582533534353355,300,54200,34.03032550000353,33.5625,1.0
cx0.5_mut0.1,0.5,0.1,test_6,5,3,545,5.155632927022676,True,right/down,0.22660657553038896,300,54200,32.2205682000058,31.984375,1.0
cx0.5_mut0.1,0.5,0.1,test_6,5,4,546,5.522178295374572,True,right/down,0.22351935120923805,300,54200,33.024596300005214,32.8125,1.0
cx0.5_mut0.1,0.5,0.1,test_6,5,5,547,5.353798420542686,True,right/down,0.22845769607920408,300,54200,32.90751109999837,32.3125,1.0
cx0.5_mut0.1,0.5,0.1,test_6,5,6,548,5.504091018496711,True,right/down,0.2353520556279367,300,54200,33.074918800004525,32.71875,1.0
cx0.5_mut0.1,0.5,0.1,test_6,5,7,549,5.702866281983895,True,right/down,0.22795326232578528,300,54200,34.28015739998955,33.375,1.0
cx0.5_mut0.1,0.5,0.1,test_6,5,8,550,5.629506039150405,True,right/down,0.2353291399942882,300,54200,31.278903099999297,31.0,1.0
cx0.5_mut0.1,0.5,0.1,test_6,5,9,551,5.531105018934367,True,right/down,0.24915953217878958,300,54200,33.982620100010536,33.671875,1.0
cx0.5_mut0.1,0.5,0.1,test_6,5,10,552,5.342255450045462,True,right/down,0.24640499689141498,300,54200,32.41123779999907,31.96875,1.0
cx0.5_mut0.1,0.5,0.1,test_6,5,11,553,5.363724888910201,True,right/down,0.23450174231792237,300,54200,31.168062500000815,30.484375,1.0
cx0.5_mut0.1,0.5,0.1,test_6,5,12,554,5.457464591553654,True,right/down,0.2332615369344661,300,54200,34.95618170000671,34.484375,1.0
cx0.5_mut0.1,0.5,0.1,test_6,5,13,555,5.479838153752315,True,right/down,0.227961651383666,300,54200,35.364001399997505,34.921875,1.0
cx0.5_mut0.1,0.5,0.1,test_6,5,14,556,5.387258393793705,True,right/down,0.2240651275683026,300,54200,32.068923099999665,31.546875,1.0
cx0.5_mut0.1,0.5,0.1,test_6,5,15,557,5.800468428780656,True,right/down,0.20798738048440393,300,54200,35.71411939999962,35.453125,1.0
cx0.5_mut0.1,0.5,0.1,test_6,5,16,558,5.37022249981032,True,right/down,0.24264721835835407,300,54200,32.35375189999468,32.171875,1.0
cx0.5_mut0.1,0.5,0.1,test_6,5,17,559,5.4360337828246275,True,right/down,0.26271118805289584,300,54200,33.421606299991254,33.234375,1.0
cx0.5_mut0.1,0.5,0.1,test_6,5,18,560,5.750306750328576,True,right/down,0.2183605910266868,300,54200,31.58739339999738,31.203125,1.0
cx0.5_mut0.1,0.5,0.1,test_6,5,19,561,5.623456813112692,True,right/down,0.24027895611723726,300,54200,33.16947200000868,32.875,1.0
cx0.5_mut0.1,0.5,0.1,test_7,6,0,642,5.145001555723098,True,right/down,0.23097497686881732,300,54200,34.26842589999433,33.796875,1.0
cx0.5_mut0.1,0.5,0.1,test_7,6,1,643,5.29903956522856,True,right/down,0.24323635963740883,300,54200,32.237287600000855,31.953125,1.0
cx0.5_mut0.1,0.5,0.1,test_7,6,2,644,5.138610930258093,True,right/down,0.23593592994894833,300,54200,31.735591000004206,31.453125,1.0
cx0.5_mut0.1,0.5,0.1,test_7,6,3,645,5.1473264196962445,True,right/down,0.22572479369861753,300,54200,33.78302220000478,33.59375,1.0
cx0.5_mut0.1,0.5,0.1,test_7,6,4,646,5.323997760824101,True,right/down,0.2593827027311306,300,54200,31.49114899999404,30.953125,1.0
cx0.5_mut0.1,0.5,0.1,test_7,6,5,647,4.960805989473229,True,right/down,0.2506301545766037,300,54200,33.752117399999406,33.09375,1.0
cx0.5_mut0.1,0.5,0.1,test_7,6,6,648,5.000914549219665,True,right/down,0.2130558229593891,300,54200,31.917310799995903,31.625,1.0
cx0.5_mut0.1,0.5,0.1,test_7,6,7,649,5.4740417258581,True,right/down,0.22821271647947783,300,54200,33.68895039999916,33.078125,1.0
cx0.5_mut0.1,0.5,0.1,test_7,6,8,650,5.2643766714132845,True,right/down,0.2537083481657234,300,54200,31.62357670000347,31.421875,1.0
cx0.5_mut0.1,0.5,0.1,test_7,6,9,651,5.029844599185598,True,right/down,0.25186018512058,300,54200,35.11252090000198,34.4375,1.0
cx0.5_mut0.1,0.5,0.1,test_7,6,10,652,5.201990985137401,True,right/down,0.23171836833895137,300,54200,35.36049349998939,35.078125,1.0
cx0.5_mut0.1,0.5,0.1,test_7,6,11,653,5.204195951658521,True,right/down,0.22899235823537847,300,54200,31.731591599993408,31.53125,1.0
cx0.5_mut0.1,0.5,0.1,test_7,6,12,654,5.204097893371388,True,right/down,0.2521827126273861,300,54200,31.94052129999909,31.734375,1.0
cx0.5_mut0.1,0.5,0.1,test_7,6,13,655,5.192142831598344,True,right/down,0.2235048893441678,300,54200,35.56353550001222,35.375,1.0
cx0.5_mut0.1,0.5,0.1,test_7,6,14,656,5.33217908334848,True,right/down,0.22387229235260725,300,54200,33.228589200007264,33.015625,1.0
cx0.5_mut0.1,0.5,0.1,test_7,6,15,657,4.918467503265462,True,right/down,0.22645742447549666,300,54200,30.513465799987898,30.40625,1.0
cx0.5_mut0.1,0.5,0.1,test_7,6,16,658,5.572741005471409,True,right/down,0.257693068070681,300,54200,36.00610790000064,35.0625,1.0
cx0.5_mut0.1,0.5,0.1,test_7,6,17,659,5.389566470765163,True,right/down,0.2351424592392667,300,54200,33.46515709999949,33.28125,1.0
cx0.5_mut0.1,0.5,0.1,test_7,6,18,660,5.058857034749398,True,right/down,0.23925146735983974,300,54200,35.12056500000472,34.40625,1.0
cx0.5_mut0.1,0.5,0.1,test_7,6,19,661,4.889509972345296,True,right/down,0.24521301576761367,300,54200,32.59518470001058,31.796875,1.0
cx0.5_mut0.1,0.5,0.1,test_8,7,0,742,5.570084948090532,True,right/down,0.2540273009319851,300,54200,33.56482739999774,32.921875,1.0
cx0.5_mut0.1,0.5,0.1,test_8,7,1,743,4.967605158866407,True,right/down,0.23608675217511513,300,54200,32.90709670000069,32.375,1.0
cx0.5_mut0.1,0.5,0.1,test_8,7,2,744,5.05806119889872,True,right/down,0.25087870722987776,300,54200,37.60042440000689,36.953125,1.0
cx0.5_mut0.1,0.5,0.1,test_8,7,3,745,5.42094962462929,True,right/down,0.24696430066975764,300,54200,32.8060422000126,32.046875,1.0
cx0.5_mut0.1,0.5,0.1,test_8,7,4,746,5.1166107106973975,True,right/down,0.2028640736722456,300,54200,35.302120100008324,34.828125,1.0
cx0.5_mut0.1,0.5,0.1,test_8,7,5,747,5.32368348289012,True,right/down,0.24095186298451984,300,54200,34.53880280000158,34.171875,1.0
cx0.5_mut0.1,0.5,0.1,test_8,7,6,748,5.294402501878876,True,right/down,0.24160110857081826,300,54200,37.588914500011015,37.1875,1.0
cx0.5_mut0.1,0.5,0.1,test_8,7,7,749,4.930104959236954,True,right/down,0.2443451292110827,300,54200,31.82068220000656,31.609375,1.0
cx0.5_mut0.1,0.5,0.1,test_8,7,8,750,5.5067726479755175,True,right/down,0.2089429857077408,300,54200,32.27118989999872,31.953125,1.0
cx0.5_mut0.1,0.5,0.1,test_8,7,9,751,4.922304527618427,True,right/down,0.24397648407403968,300,54200,33.53693570000178,33.390625,1.0
cx0.5_mut0.1,0.5,0.1,test_8,7,10,752,5.304932349823671,True,right/down,0.23077883674066046,300,54200,34.852491600002395,34.46875,1.0
cx0.5_mut0.1,0.5,0.1,test_8,7,11,753,5.115538633805139,True,right/down,0.23886862521320257,300,54200,35.86303419999604,35.25,1.0
cx0.5_mut0.1,0.5,0.1,test_8,7,12,754,4.998627425958423,True,right/down,0.2319849352569077,300,54200,32.408514000009745,31.859375,1.0
cx0.5_mut0.1,0.5,0.1,test_8,7,13,755,5.070688406331676,True,right/down,0.23025968748711054,300,54200,32.96416179998778,32.265625,1.0
cx0.5_mut0.1,0.5,0.1,test_8,7,14,756,5.105475734708103,True,right/down,0.26040084120750745,300,54200,35.10896360001061,33.984375,1.0
cx0.5_mut0.1,0.5,0.1,test_8,7,15,757,5.032485221733241,True,right/down,0.19652954441426826,300,54200,31.45600179999019,31.21875,1.0
cx0.5_mut0.1,0.5,0.1,test_8,7,16,758,5.243852122187144,True,right/down,0.22887115553091855,300,54200,32.291380599999684,32.015625,1.0
cx0.5_mut0.1,0.5,0.1,test_8,7,17,759,5.420770291634353,True,right/down,0.22042119683065572,300,54200,31.35098129999824,31.109375,1.0
cx0.5_mut0.1,0.5,0.1,test_8,7,18,760,4.860414595612116,True,right/down,0.20739739085390804,300,54200,33.73422830000345,33.578125,1.0
cx0.5_mut0.1,0.5,0.1,test_8,7,19,761,5.003209500323786,True,right/down,0.264721094335703,300,54200,32.68709609999496,32.515625,1.0
cx0.5_mut0.1,0.5,0.1,test_9,8,0,842,5.392213849426563,True,right/down,0.2432118422788001,300,54200,35.38351670000702,35.09375,1.0
cx0.5_mut0.1,0.5,0.1,test_9,8,1,843,5.83902617850519,True,right/down,0.234268322734194,300,54200,35.31196900000214,34.453125,1.0
cx0.5_mut0.1,0.5,0.1,test_9,8,2,844,5.361393111963607,True,right/down,0.21334938952646443,300,54200,32.50952490000054,32.234375,1.0
cx0.5_mut0.1,0.5,0.1,test_9,8,3,845,5.450300880263999,True,right/down,0.21515030422102982,300,54200,31.210593700001482,31.0,1.0
cx0.5_mut0.1,0.5,0.1,test_9,8,4,846,5.6235930664984375,True,right/down,0.1883328329671061,300,54200,30.57062610000139,30.171875,1.0
cx0.5_mut0.1,0.5,0.1,test_9,8,5,847,5.314624138907679,True,right/down,0.21469120281267343,300,54200,32.46211609999591,32.03125,1.0
cx0.5_mut0.1,0.5,0.1,test_9,8,6,848,5.2136260334490565,True,right/down,0.2411495954986977,300,54200,32.21038839999528,31.515625,1.0
cx0.5_mut0.1,0.5,0.1,test_9,8,7,849,5.501303810316882,True,right/down,0.22280502187241039,300,54200,31.487555499988957,31.015625,1.0
cx0.5_mut0.1,0.5,0.1,test_9,8,8,850,5.382804548245988,True,right/down,0.24173473521408012,300,54200,31.66488749999553,31.078125,1.0
cx0.5_mut0.1,0.5,0.1,test_9,8,9,851,5.551276674071409,True,right/down,0.23052753299891374,300,54200,29.357876499998383,28.96875,1.0
cx0.5_mut0.1,0.5,0.1,test_9,8,10,852,5.425440247067492,True,right/down,0.20902703395245267,300,54200,35.05536669999128,34.71875,1.0
cx0.5_mut0.1,0.5,0.1,test_9,8,11,853,5.241776646292067,True,right/down,0.2216448732425891,300,54200,31.216809600009583,30.828125,1.0
cx0.5_mut0.1,0.5,0.1,test_9,8,12,854,5.546483155311413,True,right/down,0.21462295946058926,300,54200,31.989187999992282,31.78125,1.0
cx0.5_mut0.1,0.5,0.1,test_9,8,13,855,5.1404403823003975,True,right/down,0.23483856110653928,300,54200,32.79622050000762,32.5,1.0
cx0.5_mut0.1,0.5,0.1,test_9,8,14,856,5.32739698601685,True,right/down,0.21867176261045249,300,54200,31.00686880000285,30.6875,1.0
cx0.5_mut0.1,0.5,0.1,test_9,8,15,857,6.14837338375058,True,right/down,0.24675790682944768,300,54200,33.37916419999965,33.28125,1.0
cx0.5_mut0.1,0.5,0.1,test_9,8,16,858,5.561886309338137,True,right/down,0.2074790530998437,300,54200,31.329793800003245,31.078125,1.0
cx0.5_mut0.1,0.5,0.1,test_9,8,17,859,5.36114248820792,True,right/down,0.2580188631691195,300,54200,33.30925770000613,32.59375,1.0
cx0.5_mut0.1,0.5,0.1,test_9,8,18,860,5.409350509812242,True,right/down,0.2534139736379235,300,54200,32.24142059999576,31.890625,1.0
cx0.5_mut0.1,0.5,0.1,test_9,8,19,861,5.772007034011677,True,right/down,0.24362464350885074,300,54200,30.731398600008106,30.328125,1.0
cx0.5_mut0.1,0.5,0.1,test_10,9,0,942,5.406547425973345,True,right/down,0.22489984551611242,300,54200,30.381093000003602,29.78125,1.0
cx0.5_mut0.1,0.5,0.1,test_10,9,1,943,5.231298103782185,True,right/down,0.2213835461547499,300,54200,31.837210500001675,31.234375,1.0
cx0.5_mut0.1,0.5,0.1,test_10,9,2,944,5.645060798327468,True,right/down,0.17477233305276113,300,54200,33.95079979998991,33.28125,1.0
cx0.5_mut0.1,0.5,0.1,test_10,9,3,945,5.412301458451635,True,right/down,0.2037120345019294,300,54200,33.84681699999783,33.5625,1.0
cx0.5_mut0.1,0.5,0.1,test_10,9,4,946,5.341904143444824,True,right/down,0.21200101220819248,300,54200,30.978247799997916,30.8125,1.0
cx0.5_mut0.1,0.5,0.1,test_10,9,5,947,5.324127858241503,True,right/down,0.22263889786453542,300,54200,33.249691299992264,32.9375,1.0
cx0.5_mut0.1,0.5,0.1,test_10,9,6,948,5.312807683228697,True,right/down,0.23405687349332677,300,54200,34.218809900005,33.8125,1.0
cx0.5_mut0.1,0.5,0.1,test_10,9,7,949,5.226057247657463,True,right/down,0.17824144797148012,300,54200,33.32583829999203,33.03125,1.0
cx0.5_mut0.1,0.5,0.1,test_10,9,8,950,5.354869286741144,True,right/down,0.2188947610395594,300,54200,33.573936000000685,33.203125,1.0
cx0.5_mut0.1,0.5,0.1,test_10,9,9,951,5.294239306723072,True,right/down,0.22516806582469998,300,54200,35.59505469999567,35.28125,1.0
cx0.5_mut0.1,0.5,0.1,test_10,9,10,952,5.330847793033246,True,right/down,0.23713241372162702,300,54200,30.2965511999937,30.078125,1.0
cx0.5_mut0.1,0.5,0.1,test_10,9,11,953,5.493029538126987,True,right/down,0.20002482571651237,300,54200,36.075659399997676,35.765625,1.0
cx0.5_mut0.1,0.5,0.1,test_10,9,12,954,5.13490783074146,True,right/down,0.23722169011086933,300,54200,33.07984989999386,32.53125,1.0
cx0.5_mut0.1,0.5,0.1,test_10,9,13,955,5.461224776449791,True,right/down,0.22954321000085243,300,54200,29.25980489999347,28.640625,1.0
cx0.5_mut0.1,0.5,0.1,test_10,9,14,956,5.49001607461647,True,right/down,0.24336266389177671,300,54200,31.68279919998895,31.125,1.0
cx0.5_mut0.1,0.5,0.1,test_10,9,15,957,5.484419376216751,True,right/down,0.19028416767831297,300,54200,36.09385509999993,35.515625,1.0
cx0.5_mut0.1,0.5,0.1,test_10,9,16,958,5.303514260709525,True,right/down,0.24813221615625314,300,54200,32.79118610000296,32.234375,1.0
cx0.5_mut0.1,0.5,0.1,test_10,9,17,959,5.6345344458822355,True,right/down,0.19218421941614855,300,54200,33.862464000005275,33.59375,1.0
cx0.5_mut0.1,0.5,0.1,test_10,9,18,960,5.334383240409242,True,right/down,0.2128695887459175,300,54200,34.66813830001047,34.453125,1.0
cx0.5_mut0.1,0.5,0.1,test_10,9,19,961,5.186921486282366,True,right/down,0.2352930013110425,300,54200,30.683941600000253,30.484375,1.0
cx0.5_mut0.2,0.5,0.2,test_1,0,0,42,5.0943439766174725,True,right/down,0.22628260792542887,300,54200,20.12858239999332,19.953125,1.0
cx0.5_mut0.2,0.5,0.2,test_1,0,1,43,5.54002874545067,True,right/down,0.2315508464332416,300,54200,18.382963900003233,18.1875,1.0
cx0.5_mut0.2,0.5,0.2,test_1,0,2,44,4.875832745809119,True,right/down,0.22410766869353146,300,54200,20.125437199996668,19.765625,1.0
cx0.5_mut0.2,0.5,0.2,test_1,0,3,45,5.029942569090851,True,right/down,0.22586924513083015,300,54200,20.887460300000384,20.515625,1.0
cx0.5_mut0.2,0.5,0.2,test_1,0,4,46,5.112830585608801,True,right/down,0.18942441134811847,300,54200,21.845964500011178,21.390625,1.0
cx0.5_mut0.2,0.5,0.2,test_1,0,5,47,5.360620645423018,True,right/down,0.22438231121844998,300,54200,20.613232799994876,20.421875,1.0
cx0.5_mut0.2,0.5,0.2,test_1,0,6,48,5.30118400929954,True,right/down,0.25540429295891787,300,54200,18.437336000002688,18.25,1.0
cx0.5_mut0.2,0.5,0.2,test_1,0,7,49,5.164603201066907,True,right/down,0.23139008410396397,300,54200,22.719191600001068,22.40625,1.0
cx0.5_mut0.2,0.5,0.2,test_1,0,8,50,5.108735201006141,True,right/down,0.2334304179419846,300,54200,21.50130829999398,21.3125,1.0
cx0.5_mut0.2,0.5,0.2,test_1,0,9,51,5.356521604793086,True,right/down,0.181703670088675,300,54200,21.295194299993454,20.828125,1.0
cx0.5_mut0.2,0.5,0.2,test_1,0,10,52,5.085568481613771,True,right/down,0.21360747536730082,300,54200,21.487669299996924,21.21875,1.0
cx0.5_mut0.2,0.5,0.2,test_1,0,11,53,5.021057994452471,True,right/down,0.2220317445229648,300,54200,20.572763400006806,20.46875,1.0
cx0.5_mut0.2,0.5,0.2,test_1,0,12,54,5.1401203664349495,True,right/down,0.2425092204482436,300,54200,20.245978200007812,20.125,1.0
cx0.5_mut0.2,0.5,0.2,test_1,0,13,55,5.137022859824848,True,right/down,0.24140005279464688,300,54200,20.70650580000074,20.578125,1.0
cx0.5_mut0.2,0.5,0.2,test_1,0,14,56,4.96705570912002,True,right/down,0.22778066751035475,300,54200,21.196494300005725,21.0,1.0
cx0.5_mut0.2,0.5,0.2,test_1,0,15,57,5.124161089581339,True,right/down,0.2243931179592495,300,54200,22.855622799994308,22.46875,1.0
cx0.5_mut0.2,0.5,0.2,test_1,0,16,58,5.790368307473643,True,right/down,0.22024655111687882,300,54200,20.40673469999456,19.953125,1.0
cx0.5_mut0.2,0.5,0.2,test_1,0,17,59,5.140725940379609,True,right/down,0.21836073229379563,300,54200,22.01231469999766,21.5625,1.0
cx0.5_mut0.2,0.5,0.2,test_1,0,18,60,5.772247763012686,True,right/down,0.21784448026422878,300,54200,20.887194099996123,20.625,1.0
cx0.5_mut0.2,0.5,0.2,test_1,0,19,61,5.401828301516167,True,right/down,0.18366455039463578,300,54200,19.878111199999694,19.734375,1.0
cx0.5_mut0.2,0.5,0.2,test_2,1,0,142,5.264230564494133,True,right/down,0.21155776612164554,300,54200,23.20678159999079,22.984375,1.0
cx0.5_mut0.2,0.5,0.2,test_2,1,1,143,5.297937040234755,True,right/down,0.1980801942045964,300,54200,20.099765500010108,19.921875,1.0
cx0.5_mut0.2,0.5,0.2,test_2,1,2,144,5.179280804807556,True,right/down,0.19527317894269347,300,54200,22.634591600013664,22.234375,1.0
cx0.5_mut0.2,0.5,0.2,test_2,1,3,145,5.179176869509732,True,right/down,0.22866979371404134,300,54200,20.76156009999977,20.484375,1.0
cx0.5_mut0.2,0.5,0.2,test_2,1,4,146,5.130604571852341,True,right/down,0.21996897079879799,300,54200,22.31661210001039,22.125,1.0
cx0.5_mut0.2,0.5,0.2,test_2,1,5,147,5.2178673815064105,True,right/down,0.216020490600807,300,54200,22.584180699996068,22.28125,1.0
cx0.5_mut0.2,0.5,0.2,test_2,1,6,148,5.2014719831179965,True,right/down,0.24585256722765805,300,54200,21.833364899997832,21.546875,1.0
cx0.5_mut0.2,0.5,0.2,test_2,1,7,149,5.347404546251205,True,right/down,0.18238824196747386,300,54200,22.199706600003992,21.890625,1.0
cx0.5_mut0.2,0.5,0.2,test_2,1,8,150,5.217042989096532,True,right/down,0.22657209029761932,300,54200,23.000729799998226,22.515625,1.0
cx0.5_mut0.2,0.5,0.2,test_2,1,9,151,5.225143757333665,True,right/down,0.24321767152704227,300,54200,21.39260029999423,20.984375,1.0
cx0.5_mut0.2,0.5,0.2,test_2,1,10,152,5.289693235177642,True,right/down,0.19135083588036533,300,54200,22.64547799999127,22.15625,1.0
cx0.5_mut0.2,0.5,0.2,test_2,1,11,153,5.119266974623256,True,right/down,0.22002808728096182,300,54200,22.803899899998214,22.484375,1.0
cx0.5_mut0.2,0.5,0.2,test_2,1,12,154,5.28841035915036,True,right/down,0.2285513851708907,300,54200,20.453530099999625,19.859375,1.0
cx0.5_mut0.2,0.5,0.2,test_2,1,13,155,5.192232877506037,True,right/down,0.2216847231826699,300,54200,21.125693400012096,20.90625,1.0
cx0.5_mut0.2,0.5,0.2,test_2,1,14,156,5.073057884752955,True,right/down,0.20980217083323574,300,54200,21.853954500009422,21.59375,1.0
cx0.5_mut0.2,0.5,0.2,test_2,1,15,157,5.082099786921413,True,right/down,0.23248271537363693,300,54200,22.46059349999996,22.296875,1.0
cx0.5_mut0.2,0.5,0.2,test_2,1,16,158,5.271971087388096,True,right/down,0.20699682819712714,300,54200,20.68687759999011,20.65625,1.0
cx0.5_mut0.2,0.5,0.2,test_2,1,17,159,5.450031893795595,True,right/down,0.22582588961024327,300,54200,23.73427790000278,23.5,1.0
cx0.5_mut0.2,0.5,0.2,test_2,1,18,160,5.178695748015415,True,right/down,0.213643674896688,300,54200,21.737244899995858,21.515625,1.0
cx0.5_mut0.2,0.5,0.2,test_2,1,19,161,5.390305713673174,True,right/down,0.2419020576503719,300,54200,19.683527200002572,19.453125,1.0
cx0.5_mut0.2,0.5,0.2,test_3,2,0,242,4.987012306995588,True,right/down,0.23919914466549205,300,54200,21.155512600002112,21.015625,1.0
cx0.5_mut0.2,0.5,0.2,test_3,2,1,243,5.089462787579679,True,right/down,0.24854813820442181,300,54200,21.862275999999838,21.625,1.0
cx0.5_mut0.2,0.5,0.2,test_3,2,2,244,5.046897542828173,True,right/down,0.24041200452882724,300,54200,20.541075000001,20.3125,1.0
cx0.5_mut0.2,0.5,0.2,test_3,2,3,245,5.278800568443861,True,right/down,0.24602690214881,300,54200,22.52247019999777,21.96875,1.0
cx0.5_mut0.2,0.5,0.2,test_3,2,4,246,5.044296127296355,True,right/down,0.24317621178367074,300,54200,20.690623100002995,20.28125,1.0
cx0.5_mut0.2,0.5,0.2,test_3,2,5,247,5.115467450235894,True,right/down,0.20972650020844666,300,54200,19.71107029999257,19.390625,1.0
cx0.5_mut0.2,0.5,0.2,test_3,2,6,248,5.378240080281287,True,right/down,0.20725846124961347,300,54200,21.795615499999258,21.59375,1.0
cx0.5_mut0.2,0.5,0.2,test_3,2,7,249,5.212654492431769,True,right/down,0.24774838618495698,300,54200,18.90211339999223,18.765625,1.0
cx0.5_mut0.2,0.5,0.2,test_3,2,8,250,5.152748965050403,True,right/down,0.2372730650046579,300,54200,21.01825190000818,20.96875,1.0
cx0.5_mut0.2,0.5,0.2,test_3,2,9,251,5.477228297511035,True,right/down,0.2109701797351407,300,54200,21.92063620001136,21.734375,1.0
cx0.5_mut0.2,0.5,0.2,test_3,2,10,252,4.987884264599483,True,right/down,0.2501049363377453,300,54200,23.55260750000889,23.390625,1.0
cx0.5_mut0.2,0.5,0.2,test_3,2,11,253,5.255069499111491,True,right/down,0.22839742760102397,300,54200,21.869232799988822,21.609375,1.0
cx0.5_mut0.2,0.5,0.2,test_3,2,12,254,4.833644519811189,True,right/down,0.23584220735876862,300,54200,21.649958099995274,21.390625,1.0
cx0.5_mut0.2,0.5,0.2,test_3,2,13,255,4.94712340448266,True,right/down,0.21416789968227246,300,54200,23.018312500003958,22.53125,1.0
cx0.5_mut0.2,0.5,0.2,test_3,2,14,256,4.97137994115746,True,right/down,0.23543457744733676,300,54200,21.366852100007236,21.21875,1.0
cx0.5_mut0.2,0.5,0.2,test_3,2,15,257,5.2007277732737975,True,right/down,0.21309509660256887,300,54200,22.530993799999123,22.453125,1.0
cx0.5_mut0.2,0.5,0.2,test_3,2,16,258,5.179557237078382,True,right/down,0.2501008553848166,300,54200,20.90168629999971,20.78125,1.0
cx0.5_mut0.2,0.5,0.2,test_3,2,17,259,5.232448793474648,True,right/down,0.24078682644282373,300,54200,19.55192480000551,19.09375,1.0
cx0.5_mut0.2,0.5,0.2,test_3,2,18,260,4.92142535036273,True,right/down,0.2604187157098013,300,54200,18.890479900001083,18.5,1.0
cx0.5_mut0.2,0.5,0.2,test_3,2,19,261,5.624938100841337,True,right/down,0.2157777490246552,300,54200,22.606717899994692,22.171875,1.0
cx0.5_mut0.2,0.5,0.2,test_4,3,0,342,5.2217244846901725,True,right/down,0.23422920725031818,300,54200,19.061677400008193,18.84375,1.0
cx0.5_mut0.2,0.5,0.2,test_4,3,1,343,4.980940279923341,True,right/down,0.22740543063358926,300,54200,22.505650100007188,22.0625,1.0
cx0.5_mut0.2,0.5,0.2,test_4,3,2,344,5.259527927343205,True,right/down,0.2038364824672233,300,54200,20.39760899999237,20.125,1.0
cx0.5_mut0.2,0.5,0.2,test_4,3,3,345,4.930736617868078,True,right/down,0.20323084781117315,300,54200,21.258473000008962,20.96875,1.0
cx0.5_mut0.2,0.5,0.2,test_4,3,4,346,5.148966952218304,True,right/down,0.2462116621607658,300,54200,21.758251600011135,21.46875,1.0
cx0.5_mut0.2,0.5,0.2,test_4,3,5,347,5.137886783882762,True,right/down,0.22875663805844926,300,54200,19.251403099988238,18.890625,1.0
cx0.5_mut0.2,0.5,0.2,test_4,3,6,348,5.155695292564735,True,right/down,0.22016524301381865,300,54200,20.325042600001325,20.171875,1.0
cx0.5_mut0.2,0.5,0.2,test_4,3,7,349,5.2635781859654625,True,right/down,0.19962784501544326,300,54200,23.672857600002317,23.484375,1.0
cx0.5_mut0.2,0.5,0.2,test_4,3,8,350,5.345949237488874,True,right/down,0.2662762263830617,300,54200,22.61363869998604,22.421875,1.0
cx0.5_mut0.2,0.5,0.2,test_4,3,9,351,5.29295658788703,True,right/down,0.24562409369517005,300,54200,22.646024699992267,22.484375,1.0
cx0.5_mut0.2,0.5,0.2,test_4,3,10,352,5.291378990609156,True,right/down,0.21755991810319192,300,54200,21.211519699994824,21.03125,1.0
cx0.5_mut0.2,0.5,0.2,test_4,3,11,353,4.9408836756368055,True,right/down,0.2192100217127862,300,54200,20.51535459999286,20.4375,1.0
cx0.5_mut0.2,0.5,0.2,test_4,3,12,354,5.101651185668523,True,right/down,0.24490239808920944,300,54200,21.370194199989783,20.890625,1.0
cx0.5_mut0.2,0.5,0.2,test_4,3,13,355,5.408524481145514,True,right/down,0.19546523252985154,300,54200,20.933645099998103,20.640625,1.0
cx0.5_mut0.2,0.5,0.2,test_4,3,14,356,5.34377162917596,True,right/down,0.23525339303972065,300,54200,22.97330330000841,22.453125,1.0
cx0.5_mut0.2,0.5,0.2,test_4,3,15,357,4.8163103500348985,True,right/down,0.2099992721486921,300,54200,24.595401899990975,24.25,1.0
cx0.5_mut0.2,0.5,0.2,test_4,3,16,358,5.018991991502219,True,right/down,0.22671029876085855,300,54200,25.951702300008037,25.546875,1.0
cx0.5_mut0.2,0.5,0.2,test_4,3,17,359,5.089868347158934,True,right/down,0.23702959032860405,300,54200,23.656141400002525,23.15625,1.0
cx0.5_mut0.2,0.5,0.2,test_4,3,18,360,5.32905175398972,True,right/down,0.26061012739278366,300,54200,23.503598200011766,22.921875,1.0
cx0.5_mut0.2,0.5,0.2,test_4,3,19,361,4.979930779094393,True,right/down,0.22005883044092037,300,54200,21.56892499999958,21.34375,1.0
cx0.5_mut0.2,0.5,0.2,test_5,4,0,442,5.430285145843049,True,right/down,0.2003259843544532,300,54200,21.496792499994626,21.4375,1.0
cx0.5_mut0.2,0.5,0.2,test_5,4,1,443,5.315606228948964,True,right/down,0.2030887253551651,300,54200,25.64360480000323,25.46875,1.0
cx0.5_mut0.2,0.5,0.2,test_5,4,2,444,5.1842000717963925,True,right/down,0.2563665986803335,300,54200,23.112849299999652,22.90625,1.0
cx0.5_mut0.2,0.5,0.2,test_5,4,3,445,5.440159447151532,True,right/down,0.22127581961827572,300,54200,23.057649299997138,23.03125,1.0
cx0.5_mut0.2,0.5,0.2,test_5,4,4,446,5.229454282527584,True,right/down,0.24457731903579874,300,54200,22.414708299998892,22.34375,1.0
cx0.5_mut0.2,0.5,0.2,test_5,4,5,447,5.2875378452217605,True,right/down,0.2358656734929154,300,54200,23.023176999995485,22.140625,1.0
cx0.5_mut0.2,0.5,0.2,test_5,4,6,448,5.23504032327001,True,right/down,0.2038881925239951,300,54200,23.351317500011646,22.875,1.0
cx0.5_mut0.2,0.5,0.2,test_5,4,7,449,5.917979483897583,True,right/down,0.20634141709569667,300,54200,26.026687200006563,25.375,1.0
cx0.5_mut0.2,0.5,0.2,test_5,4,8,450,5.249675745921067,True,right/down,0.20706045028834238,300,54200,22.47720200000913,21.734375,1.0
cx0.5_mut0.2,0.5,0.2,test_5,4,9,451,5.636328832187353,True,right/down,0.20568090868714406,300,54200,23.734954800005653,23.25,1.0
cx0.5_mut0.2,0.5,0.2,test_5,4,10,452,5.2651051371769535,True,right/down,0.2367363986706758,300,54200,23.324996499999543,22.828125,1.0
cx0.5_mut0.2,0.5,0.2,test_5,4,11,453,5.125480504379169,True,right/down,0.23219691399976436,300,54200,24.26823480000894,24.0,1.0
cx0.5_mut0.2,0.5,0.2,test_5,4,12,454,5.273733465659585,True,right/down,0.22581317128705503,300,54200,23.441034099989338,23.046875,1.0
cx0.5_mut0.2,0.5,0.2,test_5,4,13,455,5.212556908911215,True,right/down,0.20592958598306177,300,54200,24.388399900009972,24.203125,1.0
cx0.5_mut0.2,0.5,0.2,test_5,4,14,456,5.122580364106113,True,right/down,0.25990863389818175,300,54200,22.02439079999749,21.6875,1.0
cx0.5_mut0.2,0.5,0.2,test_5,4,15,457,5.64433853852031,True,right/down,0.22870905450432008,300,54200,24.91328719999001,24.78125,1.0
cx0.5_mut0.2,0.5,0.2,test_5,4,16,458,5.414181737449445,True,right/down,0.23262865584922143,300,54200,22.819212799993693,22.640625,1.0
cx0.5_mut0.2,0.5,0.2,test_5,4,17,459,5.289180089303398,True,right/down,0.215799139862709,300,54200,21.570667299994966,21.359375,1.0
cx0.5_mut0.2,0.5,0.2,test_5,4,18,460,5.1443677116773925,True,right/down,0.21247211404088787,300,54200,23.222298499997123,22.71875,1.0
cx0.5_mut0.2,0.5,0.2,test_5,4,19,461,5.432765480002821,True,right/down,0.20097605981352157,300,54200,22.71880479999527,22.359375,1.0
cx0.5_mut0.2,0.5,0.2,test_6,5,0,542,5.387809596623414,True,right/down,0.19085705554126084,300,54200,21.14851970000018,20.6875,1.0
cx0.5_mut0.2,0.5,0.2,test_6,5,1,543,5.368226283418563,True,right/down,0.20900558325230814,300,54200,22.74476240000513,22.296875,1.0
cx0.5_mut0.2,0.5,0.2,test_6,5,2,544,5.47449286644827,True,right/down,0.24807868331267607,300,54200,24.711813100002473,24.546875,1.0
cx0.5_mut0.2,0.5,0.2,test_6,5,3,545,5.302303181992836,True,right/down,0.23798993056507406,300,54200,23.459030099998927,23.296875,1.0
cx0.5_mut0.2,0.5,0.2,test_6,5,4,546,5.366567487107515,True,right/down,0.2156026098823013,300,54200,24.426576199999545,24.3125,1.0
cx0.5_mut0.2,0.5,0.2,test_6,5,5,547,5.2890972003178405,True,right/down,0.2386943895715947,300,54200,20.958995600012713,20.5625,1.0
cx0.5_mut0.2,0.5,0.2,test_6,5,6,548,5.281683153325645,True,right/down,0.18441237523008863,300,54200,23.277627899995423,22.96875,1.0
cx0.5_mut0.2,0.5,0.2,test_6,5,7,549,5.365254855503617,True,right/down,0.22647463945279062,300,54200,25.39541929999541,24.921875,1.0
cx0.5_mut0.2,0.5,0.2,test_6,5,8,550,5.582971609655344,True,right/down,0.2338433674452647,300,54200,21.38794900001085,21.140625,1.0
cx0.5_mut0.2,0.5,0.2,test_6,5,9,551,5.264652582711891,True,right/down,0.21878480551536755,300,54200,22.930301899992628,22.75,1.0
cx0.5_mut0.2,0.5,0.2,test_6,5,10,552,5.555949751420332,True,right/down,0.221268148552356,300,54200,21.88761550000345,21.671875,1.0
cx0.5_mut0.2,0.5,0.2,test_6,5,11,553,5.534608992534042,True,right/down,0.17175576197685624,300,54200,20.328464899997925,20.03125,1.0
cx0.5_mut0.2,0.5,0.2,test_6,5,12,554,5.228430856033231,True,right/down,0.215796024275952,300,54200,23.83913059999759,23.421875,1.0
cx0.5_mut0.2,0.5,0.2,test_6,5,13,555,5.2905566555706365,True,right/down,0.22603623117704463,300,54200,22.762638100000913,22.21875,1.0
cx0.5_mut0.2,0.5,0.2,test_6,5,14,556,5.434293428489289,True,right/down,0.25010329811903764,300,54200,22.543678600006388,22.03125,1.0
cx0.5_mut0.2,0.5,0.2,test_6,5,15,557,5.352650464936211,True,right/down,0.21475162073554416,300,54200,21.225013599992963,21.140625,1.0
cx0.5_mut0.2,0.5,0.2,test_6,5,16,558,5.404583809607935,True,right/down,0.23323800327337812,300,54200,21.37685619998956,21.234375,1.0
cx0.5_mut0.2,0.5,0.2,test_6,5,17,559,5.28796446412034,True,right/down,0.23572472677576092,300,54200,22.68044880000525,22.484375,1.0
cx0.5_mut0.2,0.5,0.2,test_6,5,18,560,5.1503140287257505,True,right/down,0.2219740297476589,300,54200,23.393710899996222,23.109375,1.0
cx0.5_mut0.2,0.5,0.2,test_6,5,19,561,5.391595306685362,True,right/down,0.23980621142668263,300,54200,23.86736920000112,23.6875,1.0
cx0.5_mut0.2,0.5,0.2,test_7,6,0,642,5.096407569879586,True,right/down,0.26537839561502213,300,54200,22.593558900000062,22.40625,1.0
cx0.5_mut0.2,0.5,0.2,test_7,6,1,643,5.007618326868099,True,right/down,0.2553167029360863,300,54200,22.48433209999348,22.125,1.0
cx0.5_mut0.2,0.5,0.2,test_7,6,2,644,5.387781613323377,True,right/down,0.2275048404711154,300,54200,21.482929799996782,21.296875,1.0
cx0.5_mut0.2,0.5,0.2,test_7,6,3,645,5.093206072919013,True,right/down,0.23906478443605442,300,54200,24.21380300000601,24.03125,1.0
cx0.5_mut0.2,0.5,0.2,test_7,6,4,646,5.265778093076703,True,right/down,0.2353064958014374,300,54200,22.122741800005315,21.796875,1.0
cx0.5_mut0.2,0.5,0.2,test_7,6,5,647,5.013634232824554,True,right/down,0.21032949707553994,300,54200,22.32511030000751,22.015625,1.0
cx0.5_mut0.2,0.5,0.2,test_7,6,6,648,5.081455665313134,True,right/down,0.2075592293121676,300,54200,22.878031200001715,22.578125,1.0
cx0.5_mut0.2,0.5,0.2,test_7,6,7,649,5.135291708110773,True,right/down,0.2158401507585884,300,54200,23.32583699999668,23.046875,1.0
cx0.5_mut0.2,0.5,0.2,test_7,6,8,650,5.315847045957647,True,right/down,0.23208199950929884,300,54200,21.093689000001177,20.890625,1.0
cx0.5_mut0.2,0.5,0.2,test_7,6,9,651,5.0352880689044515,True,right/down,0.25415681683384156,300,54200,22.19300879999355,21.546875,1.0
cx0.5_mut0.2,0.5,0.2,test_7,6,10,652,5.351648529199834,True,right/down,0.23380753889034242,300,54200,22.604216699997778,22.421875,1.0
cx0.5_mut0.2,0.5,0.2,test_7,6,11,653,5.18838163253939,True,right/down,0.22970020277311295,300,54200,25.258182099991245,25.078125,1.0
cx0.5_mut0.2,0.5,0.2,test_7,6,12,654,5.007105697900377,True,right/down,0.21659208174485234,300,54200,21.869388599996455,21.75,1.0
cx0.5_mut0.2,0.5,0.2,test_7,6,13,655,5.262625476417925,True,right/down,0.23348315379967768,300,54200,20.299880300008226,20.140625,1.0
cx0.5_mut0.2,0.5,0.2,test_7,6,14,656,5.569676436364731,True,right/down,0.22092402711602335,300,54200,21.581596600008197,21.5,1.0
cx0.5_mut0.2,0.5,0.2,test_7,6,15,657,4.955416934481779,True,right/down,0.2518362539489515,300,54200,23.07906630000798,22.890625,1.0
cx0.5_mut0.2,0.5,0.2,test_7,6,16,658,5.048259942705866,True,right/down,0.2320378074335176,300,54200,23.19173029999365,22.734375,1.0
cx0.5_mut0.2,0.5,0.2,test_7,6,17,659,5.4668878333567665,True,right/down,0.22955757581961478,300,54200,20.696244500009925,20.59375,1.0
cx0.5_mut0.2,0.5,0.2,test_7,6,18,660,4.969619534081335,True,right/down,0.2368858337436678,300,54200,25.5673334000021,25.203125,1.0
cx0.5_mut0.2,0.5,0.2,test_7,6,19,661,4.969691419106234,True,right/down,0.24528594814016746,300,54200,22.342961899994407,21.8125,1.0
cx0.5_mut0.2,0.5,0.2,test_8,7,0,742,5.380967308029819,True,right/down,0.2545766811457629,300,54200,23.969223400010378,23.5,1.0
cx0.5_mut0.2,0.5,0.2,test_8,7,1,743,4.8967316820384745,True,right/down,0.2195983878728379,300,54200,21.16554659999383,20.71875,1.0
cx0.5_mut0.2,0.5,0.2,test_8,7,2,744,5.035632708667423,True,right/down,0.17928007539106755,300,54200,22.60551690000284,22.34375,1.0
cx0.5_mut0.2,0.5,0.2,test_8,7,3,745,5.325824522133594,True,right/down,0.23709305677497503,300,54200,24.37213960000372,23.765625,1.0
cx0.5_mut0.2,0.5,0.2,test_8,7,4,746,5.2528483268020185,True,right/down,0.19431467245402564,300,54200,24.482414199999766,24.109375,1.0
cx0.5_mut0.2,0.5,0.2,test_8,7,5,747,5.264315933369604,True,right/down,0.25351180553439334,300,54200,21.847062100001494,21.609375,1.0
cx0.5_mut0.2,0.5,0.2,test_8,7,6,748,4.847095557439616,True,right/down,0.22113500256037472,300,54200,24.717942300005234,24.53125,1.0
cx0.5_mut0.2,0.5,0.2,test_8,7,7,749,4.869153996351292,True,right/down,0.24503783536664478,300,54200,22.25966929999413,22.0,1.0
cx0.5_mut0.2,0.5,0.2,test_8,7,8,750,5.1064539035059315,True,right/down,0.22860523201638314,300,54200,23.368871300001047,23.265625,1.0
cx0.5_mut0.2,0.5,0.2,test_8,7,9,751,4.900559058440802,True,right/down,0.2542061614798716,300,54200,22.8926982999983,22.765625,1.0
cx0.5_mut0.2,0.5,0.2,test_8,7,10,752,4.97575365477592,True,right/down,0.2598853716162703,300,54200,22.785168499991414,22.390625,1.0
cx0.5_mut0.2,0.5,0.2,test_8,7,11,753,5.45826312539215,True,right/down,0.23390572425886913,300,54200,23.63745480000216,23.34375,1.0
cx0.5_mut0.2,0.5,0.2,test_8,7,12,754,4.79445193925511,True,right/down,0.23894039873842804,300,54200,22.22571389999939,21.9375,1.0
cx0.5_mut0.2,0.5,0.2,test_8,7,13,755,5.04934959089451,True,right/down,0.23399005986158977,300,54200,21.874557000002824,21.546875,1.0
cx0.5_mut0.2,0.5,0.2,test_8,7,14,756,4.951645725834209,True,right/down,0.25360770956555406,300,54200,24.38830120000057,23.625,1.0
cx0.5_mut0.2,0.5,0.2,test_8,7,15,757,5.048799930207668,True,right/down,0.23826192371234933,300,54200,23.384951500003808,23.140625,1.0
cx0.5_mut0.2,0.5,0.2,test_8,7,16,758,5.57666300879565,True,right/down,0.23659844200695987,300,54200,22.11694599999464,22.0,1.0
cx0.5_mut0.2,0.5,0.2,test_8,7,17,759,4.879441529213977,True,right/down,0.2254894989484465,300,54200,23.7738806999987,23.59375,1.0
cx0.5_mut0.2,0.5,0.2,test_8,7,18,760,5.150333813827039,True,right/down,0.21599491222464484,300,54200,23.044165300001623,22.84375,1.0
cx0.5_mut0.2,0.5,0.2,test_8,7,19,761,5.008471305412511,True,right/down,0.2284305924935395,300,54200,23.728172600007383,23.59375,1.0
cx0.5_mut0.2,0.5,0.2,test_9,8,0,842,5.3338097956136545,True,right/down,0.2194626849347644,300,54200,21.4672705999983,21.34375,1.0
cx0.5_mut0.2,0.5,0.2,test_9,8,1,843,5.513588595487731,True,right/down,0.25072456475266175,300,54200,21.898761899996316,21.421875,1.0
cx0.5_mut0.2,0.5,0.2,test_9,8,2,844,5.2386937277443035,True,right/down,0.2352803369702898,300,54200,22.278355500006,22.140625,1.0
cx0.5_mut0.2,0.5,0.2,test_9,8,3,845,5.430806889105324,True,right/down,0.18525761136849175,300,54200,22.902751200002967,22.84375,1.0
cx0.5_mut0.2,0.5,0.2,test_9,8,4,846,5.464242539786787,True,right/down,0.2547965289258295,300,54200,21.40815350000048,21.03125,1.0
cx0.5_mut0.2,0.5,0.2,test_9,8,5,847,5.300132854721269,True,right/down,0.23086346215488654,300,54200,22.980741699997452,22.65625,1.0
cx0.5_mut0.2,0.5,0.2,test_9,8,6,848,5.298534691377494,True,right/down,0.23470945062010143,300,54200,23.700782400002936,23.125,1.0
cx0.5_mut0.2,0.5,0.2,test_9,8,7,849,5.30549638336934,True,right/down,0.2238432802317134,300,54200,25.60157800000161,25.34375,1.0
cx0.5_mut0.2,0.5,0.2,test_9,8,8,850,5.1383145045082,True,right/down,0.21060721709835337,300,54200,21.47226409999712,21.125,1.0
cx0.5_mut0.2,0.5,0.2,test_9,8,9,851,5.235796420635167,True,right/down,0.2204003190673916,300,54200,22.056136999992304,21.921875,1.0
cx0.5_mut0.2,0.5,0.2,test_9,8,10,852,5.430678129589653,True,right/down,0.23068482934759832,300,54200,22.534972199995536,22.390625,1.0
cx0.5_mut0.2,0.5,0.2,test_9,8,11,853,5.279065957129129,True,right/down,0.24666733864775137,300,54200,24.7492743999901,24.3125,1.0
cx0.5_mut0.2,0.5,0.2,test_9,8,12,854,5.50756779522389,True,right/down,0.20474513845000109,300,54200,19.10802459999104,18.96875,1.0
cx0.5_mut0.2,0.5,0.2,test_9,8,13,855,5.447754791652395,True,right/down,0.20835071372168126,300,54200,25.03037300000142,24.890625,1.0
cx0.5_mut0.2,0.5,0.2,test_9,8,14,856,5.253832032206813,True,right/down,0.1775408322510289,300,54200,26.61868250000407,26.421875,1.0
cx0.5_mut0.2,0.5,0.2,test_9,8,15,857,5.386179070872272,True,right/down,0.20713015004322746,300,54200,21.78871700000309,21.671875,1.0
cx0.5_mut0.2,0.5,0.2,test_9,8,16,858,5.351329947557776,True,right/down,0.2240716999540918,300,54200,21.875997000010102,21.625,1.0
cx0.5_mut0.2,0.5,0.2,test_9,8,17,859,5.262475947109962,True,right/down,0.19468826364637715,300,54200,23.8082587000099,23.53125,1.0
cx0.5_mut0.2,0.5,0.2,test_9,8,18,860,6.196611081749264,True,right/down,0.2349846276442623,300,54200,21.486316700000316,21.234375,1.0
cx0.5_mut0.2,0.5,0.2,test_9,8,19,861,5.384961905437875,True,right/down,0.22379493906812428,300,54200,25.157787799995276,24.734375,1.0
cx0.5_mut0.2,0.5,0.2,test_10,9,0,942,5.262507353090502,True,right/down,0.2507561473110584,300,54200,21.216676399999415,20.875,1.0
cx0.5_mut0.2,0.5,0.2,test_10,9,1,943,5.344563513564566,True,right/down,0.21831139052673432,300,54200,22.853203899998334,22.515625,1.0
cx0.5_mut0.2,0.5,0.2,test_10,9,2,944,5.448590335444226,True,right/down,0.21600892254794055,300,54200,22.924491100013256,22.40625,1.0
cx0.5_mut0.2,0.5,0.2,test_10,9,3,945,5.275344728660453,True,right/down,0.1525805873163584,300,54200,21.27919909999764,21.078125,1.0
cx0.5_mut0.2,0.5,0.2,test_10,9,4,946,5.299546169881712,True,right/down,0.20496396960941016,300,54200,23.291254700001446,23.15625,1.0
cx0.5_mut0.2,0.5,0.2,test_10,9,5,947,5.27947497225445,True,right/down,0.21692699451424824,300,54200,24.403953900007764,24.28125,1.0
cx0.5_mut0.2,0.5,0.2,test_10,9,6,948,5.342777735644324,True,right/down,0.20747063974017854,300,54200,21.52553899999475,21.359375,1.0
cx0.5_mut0.2,0.5,0.2,test_10,9,7,949,5.243005604124263,True,right/down,0.21904296991868527,300,54200,24.321086700001615,24.015625,1.0
cx0.5_mut0.2,0.5,0.2,test_10,9,8,950,5.482858868688373,True,right/down,0.21060846642834624,300,54200,24.25987979999627,23.640625,1.0
cx0.5_mut0.2,0.5,0.2,test_10,9,9,951,5.502147662148972,True,right/down,0.22780824911007438,300,54200,25.132688300000154,24.75,1.0
cx0.5_mut0.2,0.5,0.2,test_10,9,10,952,5.3818573325724195,True,right/down,0.2330020746628149,300,54200,19.94415630000003,19.859375,1.0
cx0.5_mut0.2,0.5,0.2,test_10,9,11,953,5.37988091299671,True,right/down,0.24310572514910042,300,54200,23.031809399995836,22.890625,1.0
cx0.5_mut0.2,0.5,0.2,test_10,9,12,954,5.210121555631497,True,right/down,0.23825325437991046,300,54200,24.39206500000728,23.90625,1.0
cx0.5_mut0.2,0.5,0.2,test_10,9,13,955,5.502525302986976,True,right/down,0.1932837185233799,300,54200,22.03988460000255,21.609375,1.0
cx0.5_mut0.2,0.5,0.2,test_10,9,14,956,5.2474920270441885,True,right/down,0.23245844912883173,300,54200,23.083760800000164,22.71875,1.0
cx0.5_mut0.2,0.5,0.2,test_10,9,15,957,5.460705826404837,True,right/down,0.16303108652883694,300,54200,24.037176500001806,23.609375,1.0
cx0.5_mut0.2,0.5,0.2,test_10,9,16,958,5.203390955888502,True,right/down,0.22996958662011655,300,54200,21.049348799992003,20.765625,1.0
cx0.5_mut0.2,0.5,0.2,test_10,9,17,959,5.219477414430028,True,right/down,0.20856748324879304,300,54200,21.175577000001795,21.0,1.0
cx0.5_mut0.2,0.5,0.2,test_10,9,18,960,5.218881402987676,True,right/down,0.2257448677663807,300,54200,22.162787299996126,22.046875,1.0
cx0.5_mut0.2,0.5,0.2,test_10,9,19,961,5.729556429850826,True,right/down,0.21468859245033978,300,54200,19.233914199998253,19.125,1.0
cx0.5_mut0.3,0.5,0.3,test_1,0,0,42,5.168367015739838,True,right/down,0.2246873712917935,300,54200,15.330468800006201,15.234375,1.0
cx0.5_mut0.3,0.5,0.3,test_1,0,1,43,5.094568657003437,True,right/down,0.22497456446939584,300,54200,15.429550000000745,15.3125,1.0
cx0.5_mut0.3,0.5,0.3,test_1,0,2,44,5.200341659937271,True,right/down,0.21315215166809443,300,54200,15.88684540000395,15.421875,1.0
cx0.5_mut0.3,0.5,0.3,test_1,0,3,45,5.120655033099357,True,right/down,0.2259422576707146,300,54200,17.40816450001148,17.109375,1.0
cx0.5_mut0.3,0.5,0.3,test_1,0,4,46,4.971702697150537,True,right/down,0.21749378238922906,300,54200,16.446919699999853,16.203125,1.0
cx0.5_mut0.3,0.5,0.3,test_1,0,5,47,5.521140836440242,True,right/down,0.22796298889780017,300,54200,13.532053700007964,13.171875,1.0
cx0.5_mut0.3,0.5,0.3,test_1,0,6,48,5.129649944426553,True,right/down,0.24102843210477518,300,54200,16.534811299992725,16.203125,1.0
cx0.5_mut0.3,0.5,0.3,test_1,0,7,49,5.033711519765669,True,right/down,0.2432798277938779,300,54200,16.905954700006987,16.75,1.0
cx0.5_mut0.3,0.5,0.3,test_1,0,8,50,5.6658701891893255,True,right/down,0.25069170428016396,300,54200,15.017226399999345,14.8125,1.0
cx0.5_mut0.3,0.5,0.3,test_1,0,9,51,5.063881911447836,True,right/down,0.24468753227088383,300,54200,15.949658900004579,15.703125,1.0
cx0.5_mut0.3,0.5,0.3,test_1,0,10,52,4.994821167713024,True,right/down,0.23758562111258447,300,54200,16.86769909999566,16.734375,1.0
cx0.5_mut0.3,0.5,0.3,test_1,0,11,53,5.469936251336201,True,right/down,0.22534281730356612,300,54200,14.782816400009324,14.65625,1.0
cx0.5_mut0.3,0.5,0.3,test_1,0,12,54,5.5883894517733586,True,right/down,0.2361214998682058,300,54200,17.146704900005716,16.96875,1.0
cx0.5_mut0.3,0.5,0.3,test_1,0,13,55,5.38032315966178,True,right/down,0.22227887666646154,300,54200,16.360942500003148,16.28125,1.0
cx0.5_mut0.3,0.5,0.3,test_1,0,14,56,5.061300549687412,True,right/down,0.2359120205160682,300,54200,16.508257399997092,16.375,1.0
cx0.5_mut0.3,0.5,0.3,test_1,0,15,57,5.0934869509404415,True,right/down,0.21852127672679467,300,54200,16.7135125999921,16.34375,1.0
cx0.5_mut0.3,0.5,0.3,test_1,0,16,58,5.862247509243147,True,right/down,0.23350013340321468,300,54200,16.554141400003573,16.328125,1.0
cx0.5_mut0.3,0.5,0.3,test_1,0,17,59,5.054851246702679,True,right/down,0.22734837317471052,300,54200,17.15016000000469,16.734375,1.0
cx0.5_mut0.3,0.5,0.3,test_1,0,18,60,5.3190514470058,True,right/down,0.23371873643735916,300,54200,16.46483250000165,16.34375,1.0
cx0.5_mut0.3,0.5,0.3,test_1,0,19,61,5.087018871838225,True,right/down,0.22449016780374104,300,54200,17.15900959999999,17.09375,1.0
cx0.5_mut0.3,0.5,0.3,test_2,1,0,142,5.582908880585954,True,right/down,0.21366170732140158,300,54200,18.578110099988407,18.375,1.0
cx0.5_mut0.3,0.5,0.3,test_2,1,1,143,5.4892572543766605,True,right/down,0.22226377315962934,300,54200,17.815033100006985,17.625,1.0
cx0.5_mut0.3,0.5,0.3,test_2,1,2,144,5.270589194149087,True,right/down,0.2073667947955195,300,54200,15.967436000006273,15.640625,1.0
cx0.5_mut0.3,0.5,0.3,test_2,1,3,145,5.201733467200171,True,right/down,0.1932513851035742,300,54200,18.36333469999954,18.09375,1.0
cx0.5_mut0.3,0.5,0.3,test_2,1,4,146,5.1487535899861285,True,right/down,0.21934257626811063,300,54200,17.572505999996793,17.203125,1.0
cx0.5_mut0.3,0.5,0.3,test_2,1,5,147,5.334227947769165,True,right/down,0.18747027379906112,300,54200,17.738065099998494,17.453125,1.0
cx0.5_mut0.3,0.5,0.3,test_2,1,6,148,5.366436257787415,True,right/down,0.21998241190790394,300,54200,18.84450239999569,18.640625,1.0
cx0.5_mut0.3,0.5,0.3,test_2,1,7,149,5.278458270891107,True,right/down,0.2284404978436647,300,54200,17.86970700000529,17.375,1.0
cx0.5_mut0.3,0.5,0.3,test_2,1,8,150,5.285758729882287,True,right/down,0.2442418756755938,300,54200,15.628717300001881,15.4375,1.0
cx0.5_mut0.3,0.5,0.3,test_2,1,9,151,5.434795960133606,True,right/down,0.2234306790780692,300,54200,16.584074200000032,16.140625,1.0
cx0.5_mut0.3,0.5,0.3,test_2,1,10,152,5.334666685918144,True,right/down,0.20852197530586017,300,54200,17.425218499993207,17.140625,1.0
cx0.5_mut0.3,0.5,0.3,test_2,1,11,153,5.253663426197152,True,right/down,0.2354995104809017,300,54200,17.672842400002992,17.359375,1.0
cx0.5_mut0.3,0.5,0.3,test_2,1,12,154,5.391852731661593,True,right/down,0.23744629810111068,300,54200,16.79336759999569,16.59375,1.0
cx0.5_mut0.3,0.5,0.3,test_2,1,13,155,5.448308712375642,True,right/down,0.23506715568116912,300,54200,16.929817300013383,16.75,1.0
cx0.5_mut0.3,0.5,0.3,test_2,1,14,156,5.567559859494985,True,right/down,0.2239952687506568,300,54200,17.174605899999733,17.078125,1.0
cx0.5_mut0.3,0.5,0.3,test_2,1,15,157,5.2349149154652945,True,right/down,0.1980556095153404,300,54200,16.301441200004774,16.171875,1.0
cx0.5_mut0.3,0.5,0.3,test_2,1,16,158,5.153278325047113,True,right/down,0.2400325106567811,300,54200,17.406137700003455,17.296875,1.0
cx0.5_mut0.3,0.5,0.3,test_2,1,17,159,5.366732094582657,True,right/down,0.23748593641749666,300,54200,17.1239571999904,16.984375,1.0
cx0.5_mut0.3,0.5,0.3,test_2,1,18,160,5.429968589728167,True,right/down,0.2348995217291835,300,54200,17.103497899996,16.921875,1.0
cx0.5_mut0.3,0.5,0.3,test_2,1,19,161,5.279660811803565,True,right/down,0.19212769399068838,300,54200,18.068892199997208,17.828125,1.0
cx0.5_mut0.3,0.5,0.3,test_3,2,0,242,5.247575112765233,True,right/down,0.26016911320794744,300,54200,14.464949399989564,14.296875,1.0
cx0.5_mut0.3,0.5,0.3,test_3,2,1,243,5.597495095087961,True,right/down,0.24994625043735186,300,54200,17.5544888000004,17.46875,1.0
cx0.5_mut0.3,0.5,0.3,test_3,2,2,244,5.083204658761668,True,right/down,0.25381966507335924,300,54200,16.439276499993866,16.34375,1.0
cx0.5_mut0.3,0.5,0.3,test_3,2,3,245,5.060245024549372,True,right/down,0.22448991681484445,300,54200,17.2438731000002,16.90625,1.0
cx0.5_mut0.3,0.5,0.3,test_3,2,4,246,5.246930063604655,True,right/down,0.25070857862783125,300,54200,16.06289359999937,15.734375,1.0
cx0.5_mut0.3,0.5,0.3,test_3,2,5,247,4.9625445009619655,True,right/down,0.22793196280214537,300,54200,16.54404579999391,16.25,1.0
cx0.5_mut0.3,0.5,0.3,test_3,2,6,248,5.154500506696365,True,right/down,0.24695031077264612,300,54200,16.946762699997635,16.6875,1.0
cx0.5_mut0.3,0.5,0.3,test_3,2,7,249,5.042345416284013,True,right/down,0.21567649646756892,300,54200,17.63468990000547,17.46875,1.0
cx0.5_mut0.3,0.5,0.3,test_3,2,8,250,5.106826775909154,True,right/down,0.23482062608694287,300,54200,17.694701400003396,17.59375,1.0
cx0.5_mut0.3,0.5,0.3,test_3,2,9,251,5.396972759573449,True,right/down,0.2301479152182968,300,54200,16.39552150000236,16.296875,1.0
cx0.5_mut0.3,0.5,0.3,test_3,2,10,252,5.135111396847129,True,right/down,0.1886578874004876,300,54200,17.65454130001308,17.46875,1.0
cx0.5_mut0.3,0.5,0.3,test_3,2,11,253,5.064100803278717,True,right/down,0.2270916243214718,300,54200,16.205955500001437,16.09375,1.0
cx0.5_mut0.3,0.5,0.3,test_3,2,12,254,5.270483565066786,True,right/down,0.2289704493801897,300,54200,18.061859999987064,17.890625,1.0
cx0.5_mut0.3,0.5,0.3,test_3,2,13,255,4.987474433056004,True,right/down,0.22825628907799997,300,54200,17.617989000005764,17.28125,1.0
cx0.5_mut0.3,0.5,0.3,test_3,2,14,256,5.06695062092145,True,right/down,0.219293409657302,300,54200,17.0362080999912,16.953125,1.0
cx0.5_mut0.3,0.5,0.3,test_3,2,15,257,5.171655328826461,True,right/down,0.25142010061088677,300,54200,18.43293640000047,18.296875,1.0
cx0.5_mut0.3,0.5,0.3,test_3,2,16,258,4.942118497677846,True,right/down,0.23488118753194698,300,54200,17.106469499995,16.90625,1.0
cx0.5_mut0.3,0.5,0.3,test_3,2,17,259,5.0154689324122845,True,right/down,0.25162333249893803,300,54200,16.52136499999324,16.265625,1.0
cx0.5_mut0.3,0.5,0.3,test_3,2,18,260,5.101020952225035,True,right/down,0.2441031182403964,300,54200,17.399552500006394,17.09375,1.0
cx0.5_mut0.3,0.5,0.3,test_3,2,19,261,5.082144030935769,True,right/down,0.24498018413914524,300,54200,14.531720500002848,14.28125,1.0
cx0.5_mut0.3,0.5,0.3,test_4,3,0,342,5.036209720479145,True,right/down,0.22740008306080384,300,54200,15.99926840000262,15.703125,1.0
cx0.5_mut0.3,0.5,0.3,test_4,3,1,343,5.529981400833066,True,right/down,0.2080741273276859,300,54200,16.499742499989225,16.328125,1.0
cx0.5_mut0.3,0.5,0.3,test_4,3,2,344,5.016909033209332,True,right/down,0.2406357833581348,300,54200,16.130487400005222,15.875,1.0
cx0.5_mut0.3,0.5,0.3,test_4,3,3,345,5.245219765974278,True,right/down,0.2352375669566489,300,54200,15.991062799992505,15.734375,1.0
cx0.5_mut0.3,0.5,0.3,test_4,3,4,346,5.1789892788031935,True,right/down,0.22520020337529537,300,54200,16.59680970000045,16.390625,1.0
cx0.5_mut0.3,0.5,0.3,test_4,3,5,347,5.090214833796042,True,right/down,0.222929604157184,300,54200,16.956496300001163,16.578125,1.0
cx0.5_mut0.3,0.5,0.3,test_4,3,6,348,5.3758254756278046,True,right/down,0.25345497988987703,300,54200,16.960855500001344,16.78125,1.0
cx0.5_mut0.3,0.5,0.3,test_4,3,7,349,5.175458690677939,True,right/down,0.23388175425849791,300,54200,16.553836299994146,16.46875,1.0
cx0.5_mut0.3,0.5,0.3,test_4,3,8,350,5.3549920979335255,True,right/down,0.21748544860911018,300,54200,17.13944480000646,16.96875,1.0
cx0.5_mut0.3,0.5,0.3,test_4,3,9,351,5.013501644061229,True,right/down,0.2289639589262714,300,54200,17.05654879999929,17.015625,1.0
cx0.5_mut0.3,0.5,0.3,test_4,3,10,352,5.368074650176528,True,right/down,0.21096370929195407,300,54200,17.53283100000408,17.34375,1.0
cx0.5_mut0.3,0.5,0.3,test_4,3,11,353,5.114545889469767,True,right/down,0.20210104205348983,300,54200,16.277773900001193,16.1875,1.0
cx0.5_mut0.3,0.5,0.3,test_4,3,12,354,5.090293177388472,True,right/down,0.22399404145248378,300,54200,15.250176300003659,14.96875,1.0
cx0.5_mut0.3,0.5,0.3,test_4,3,13,355,5.1993479629353345,True,right/down,0.2511161153305483,300,54200,15.978997099999106,15.671875,1.0
cx0.5_mut0.3,0.5,0.3,test_4,3,14,356,5.186905719113039,True,right/down,0.23891219590082238,300,54200,18.709358399995835,18.171875,1.0
cx0.5_mut0.3,0.5,0.3,test_4,3,15,357,5.003581538982056,True,right/down,0.23110527257938773,300,54200,19.33868079999229,18.9375,1.0
cx0.5_mut0.3,0.5,0.3,test_4,3,16,358,5.152285952286844,True,right/down,0.24433507013215383,300,54200,19.219851999994717,18.90625,1.0
cx0.5_mut0.3,0.5,0.3,test_4,3,17,359,5.096577024278258,True,right/down,0.23919981121869255,300,54200,16.56389190000482,16.34375,1.0
cx0.5_mut0.3,0.5,0.3,test_4,3,18,360,5.235824319494657,True,right/down,0.2685110939801709,300,54200,16.855192499991972,16.5625,1.0
cx0.5_mut0.3,0.5,0.3,test_4,3,19,361,5.421976639847276,True,right/down,0.23673105168301256,300,54200,16.891353300001356,16.640625,1.0
cx0.5_mut0.3,0.5,0.3,test_5,4,0,442,5.230074509479939,True,right/down,0.21746137368347232,300,54200,19.97138139999879,19.796875,1.0
cx0.5_mut0.3,0.5,0.3,test_5,4,1,443,5.0774469431836975,True,right/down,0.24771216674511626,300,54200,19.34066050000547,19.234375,1.0
cx0.5_mut0.3,0.5,0.3,test_5,4,2,444,5.246510159152289,True,right/down,0.21774493059347338,300,54200,22.183724099988467,22.109375,1.0
cx0.5_mut0.3,0.5,0.3,test_5,4,3,445,5.298175517889192,True,right/down,0.2498096119026038,300,54200,18.65299609999056,18.515625,1.0
cx0.5_mut0.3,0.5,0.3,test_5,4,4,446,5.276173486684064,True,right/down,0.20848330031305942,300,54200,19.092245099993306,18.984375,1.0
cx0.5_mut0.3,0.5,0.3,test_5,4,5,447,5.252465818017128,True,right/down,0.23446435717147737,300,54200,18.42987139998877,17.71875,1.0
cx0.5_mut0.3,0.5,0.3,test_5,4,6,448,5.261331073472057,True,right/down,0.22210680508998099,300,54200,19.633834399995976,19.296875,1.0
cx0.5_mut0.3,0.5,0.3,test_5,4,7,449,5.34934873839798,True,right/down,0.2173613432661658,300,54200,19.434986699998262,18.9375,1.0
cx0.5_mut0.3,0.5,0.3,test_5,4,8,450,5.275914867079582,True,right/down,0.20772219247871776,300,54200,18.24683360000199,17.65625,1.0
cx0.5_mut0.3,0.5,0.3,test_5,4,9,451,5.438814441004066,True,right/down,0.22546142766331323,300,54200,19.287320899995393,18.78125,1.0
cx0.5_mut0.3,0.5,0.3,test_5,4,10,452,5.137239156317868,True,right/down,0.21304097954953363,300,54200,18.48327509999217,18.0625,1.0
cx0.5_mut0.3,0.5,0.3,test_5,4,11,453,5.208057291108174,True,right/down,0.2100932891740544,300,54200,19.128599699994083,18.8125,1.0
cx0.5_mut0.3,0.5,0.3,test_5,4,12,454,5.322823827006324,True,right/down,0.22776178345130635,300,54200,15.977254900004482,15.78125,1.0
cx0.5_mut0.3,0.5,0.3,test_5,4,13,455,5.208579212255285,True,right/down,0.2189651794743554,300,54200,18.732870799998636,18.53125,1.0
cx0.5_mut0.3,0.5,0.3,test_5,4,14,456,5.45779279666878,True,right/down,0.23968216071498166,300,54200,19.35501430000295,19.09375,1.0
cx0.5_mut0.3,0.5,0.3,test_5,4,15,457,5.195171060632925,True,right/down,0.20857182941804348,300,54200,17.17597909999313,16.984375,1.0
cx0.5_mut0.3,0.5,0.3,test_5,4,16,458,5.479115142436406,True,right/down,0.22914591785365776,300,54200,18.355966599992826,18.171875,1.0
cx0.5_mut0.3,0.5,0.3,test_5,4,17,459,5.21054109561153,True,right/down,0.2394012257258589,300,54200,18.125309499999275,17.90625,1.0
cx0.5_mut0.3,0.5,0.3,test_5,4,18,460,5.367067082381945,True,right/down,0.24459049969127297,300,54200,17.662149800002226,17.265625,1.0
cx0.5_mut0.3,0.5,0.3,test_5,4,19,461,5.2885978106726,True,right/down,0.2237336740101372,300,54200,15.769101000012597,15.515625,1.0
cx0.5_mut0.3,0.5,0.3,test_6,5,0,542,5.3665130835415695,True,right/down,0.22751718249447583,300,54200,15.966283699992346,15.5625,1.0
cx0.5_mut0.3,0.5,0.3,test_6,5,1,543,5.350255455873751,True,right/down,0.21722932815072532,300,54200,18.621796899999026,18.1875,1.0
cx0.5_mut0.3,0.5,0.3,test_6,5,2,544,5.314986741999903,True,right/down,0.2233366653416561,300,54200,15.281131200012169,15.171875,1.0
cx0.5_mut0.3,0.5,0.3,test_6,5,3,545,5.4377404909062514,True,right/down,0.22665567324524016,300,54200,20.09515370000736,19.890625,1.0
cx0.5_mut0.3,0.5,0.3,test_6,5,4,546,5.415320377545609,True,right/down,0.2123562152571699,300,54200,20.869094000008772,20.71875,1.0
cx0.5_mut0.3,0.5,0.3,test_6,5,5,547,5.336008911358576,True,right/down,0.20643377689656117,300,54200,20.21978699999454,19.6875,1.0
cx0.5_mut0.3,0.5,0.3,test_6,5,6,548,5.428813511151971,True,right/down,0.21390012258472918,300,54200,17.59027810000407,17.375,1.0
cx0.5_mut0.3,0.5,0.3,test_6,5,7,549,5.512727014224023,True,right/down,0.21503243956361634,300,54200,18.063958500002627,17.765625,1.0
cx0.5_mut0.3,0.5,0.3,test_6,5,8,550,5.54795841056476,True,right/down,0.1858787028270716,300,54200,16.923221999997622,16.6875,1.0
cx0.5_mut0.3,0.5,0.3,test_6,5,9,551,5.441503780847789,True,right/down,0.23623370827130347,300,54200,15.911526199997752,15.796875,1.0
cx0.5_mut0.3,0.5,0.3,test_6,5,10,552,5.914656335819043,True,right/down,0.23292908236793705,300,54200,16.820130499996594,16.578125,1.0
cx0.5_mut0.3,0.5,0.3,test_6,5,11,553,5.310124758465143,True,right/down,0.23479592729689808,300,54200,19.10218889999669,18.859375,1.0
cx0.5_mut0.3,0.5,0.3,test_6,5,12,554,5.378171209590971,True,right/down,0.22060951811179355,300,54200,16.96833250000782,16.6875,1.0
cx0.5_mut0.3,0.5,0.3,test_6,5,13,555,5.416594517880635,True,right/down,0.24924619947514481,300,54200,18.41835209999408,18.0,1.0
cx0.5_mut0.3,0.5,0.3,test_6,5,14,556,5.4232469830483385,True,right/down,0.2022478910189174,300,54200,18.667066399997566,18.28125,1.0
cx0.5_mut0.3,0.5,0.3,test_6,5,15,557,5.334140574158706,True,right/down,0.20956632981723108,300,54200,16.99784379999619,16.84375,1.0
cx0.5_mut0.3,0.5,0.3,test_6,5,16,558,5.463167124529439,True,right/down,0.21901556483561727,300,54200,18.392033800002537,18.359375,1.0
cx0.5_mut0.3,0.5,0.3,test_6,5,17,559,5.279378850103868,True,right/down,0.23755747102828206,300,54200,15.65955810000014,15.5,1.0
cx0.5_mut0.3,0.5,0.3,test_6,5,18,560,5.600421958520319,True,right/down,0.22039289161864617,300,54200,18.904428499998176,18.578125,1.0
cx0.5_mut0.3,0.5,0.3,test_6,5,19,561,5.496851222433869,True,right/down,0.22770965863603035,300,54200,18.793567800006713,18.75,1.0
cx0.5_mut0.3,0.5,0.3,test_7,6,0,642,5.036020502315571,True,right/down,0.2518014123358228,300,54200,18.862170200009132,18.75,1.0
cx0.5_mut0.3,0.5,0.3,test_7,6,1,643,5.150179922196726,True,right/down,0.25955181093031643,300,54200,17.20182279999426,16.96875,1.0
cx0.5_mut0.3,0.5,0.3,test_7,6,2,644,5.189032621681955,True,right/down,0.2596881583001221,300,54200,17.747503200007486,17.609375,1.0
cx0.5_mut0.3,0.5,0.3,test_7,6,3,645,4.902416115987111,True,right/down,0.22807728023466067,300,54200,18.649535199991078,18.453125,1.0
cx0.5_mut0.3,0.5,0.3,test_7,6,4,646,5.002213811600486,True,right/down,0.2288069003902212,300,54200,16.941720300004818,16.703125,1.0
cx0.5_mut0.3,0.5,0.3,test_7,6,5,647,5.122873705414065,True,right/down,0.2449538640552982,300,54200,18.541384600001038,18.40625,1.0
cx0.5_mut0.3,0.5,0.3,test_7,6,6,648,5.357290645183973,True,right/down,0.25202424388210243,300,54200,16.73349369999778,16.4375,1.0
cx0.5_mut0.3,0.5,0.3,test_7,6,7,649,5.151185188878494,True,right/down,0.22745058761248513,300,54200,18.445397100003902,18.109375,1.0
cx0.5_mut0.3,0.5,0.3,test_7,6,8,650,4.884200156883877,True,right/down,0.2418626171260097,300,54200,19.31974089999858,19.21875,1.0
cx0.5_mut0.3,0.5,0.3,test_7,6,9,651,5.081717006404833,True,right/down,0.24904298033834696,300,54200,20.956330499990145,20.625,1.0
cx0.5_mut0.3,0.5,0.3,test_7,6,10,652,5.099202661828242,True,right/down,0.2055511752974539,300,54200,18.897897799994098,18.6875,1.0
cx0.5_mut0.3,0.5,0.3,test_7,6,11,653,5.2634355242679876,True,right/down,0.24069594420435297,300,54200,21.803949699999066,21.5625,1.0
cx0.5_mut0.3,0.5,0.3,test_7,6,12,654,4.932304623061017,True,right/down,0.2473999797201533,300,54200,17.061027699994156,16.9375,1.0
cx0.5_mut0.3,0.5,0.3,test_7,6,13,655,5.04347182062181,True,right/down,0.24979766084873783,300,54200,16.870950500000617,16.71875,1.0
cx0.5_mut0.3,0.5,0.3,test_7,6,14,656,4.932166409630056,True,right/down,0.21462031775328383,300,54200,18.212977700008196,18.109375,1.0
cx0.5_mut0.3,0.5,0.3,test_7,6,15,657,4.859053593454014,True,right/down,0.24301892549923187,300,54200,17.307619300001534,17.1875,1.0
cx0.5_mut0.3,0.5,0.3,test_7,6,16,658,5.089897134836708,True,right/down,0.22897362144674,300,54200,18.728875099986908,18.453125,1.0
cx0.5_mut0.3,0.5,0.3,test_7,6,17,659,5.970355243963177,True,right/down,0.25884206635988155,300,54200,18.22036720000324,18.09375,1.0
cx0.5_mut0.3,0.5,0.3,test_7,6,18,660,5.0055979077184105,True,right/down,0.2639300187797275,300,54200,19.279188999993494,18.96875,1.0
cx0.5_mut0.3,0.5,0.3,test_7,6,19,661,5.08755358335293,True,right/down,0.20580904658437887,300,54200,17.676812199992128,17.3125,1.0
cx0.5_mut0.3,0.5,0.3,test_8,7,0,742,5.242954529925919,True,right/down,0.2304492752244561,300,54200,19.062434999999823,18.71875,1.0
cx0.5_mut0.3,0.5,0.3,test_8,7,1,743,5.275414629562172,True,right/down,0.21412390938039486,300,54200,21.100187000003643,20.4375,1.0
cx0.5_mut0.3,0.5,0.3,test_8,7,2,744,5.324885007999996,True,right/down,0.1696884914281085,300,54200,17.53459720000683,17.34375,1.0
cx0.5_mut0.3,0.5,0.3,test_8,7,3,745,5.130793495345667,True,right/down,0.22315492425358227,300,54200,17.61671830000705,17.15625,1.0
cx0.5_mut0.3,0.5,0.3,test_8,7,4,746,5.071746887088973,True,right/down,0.210802303057651,300,54200,19.019288700001198,18.5625,1.0
cx0.5_mut0.3,0.5,0.3,test_8,7,5,747,5.423021388256139,True,right/down,0.22303320259993498,300,54200,17.28945309999108,17.1875,1.0
cx0.5_mut0.3,0.5,0.3,test_8,7,6,748,5.277378638345802,True,right/down,0.26575348704485324,300,54200,16.904071999990265,16.875,1.0
cx0.5_mut0.3,0.5,0.3,test_8,7,7,749,4.905355167166575,True,right/down,0.2667600393785959,300,54200,13.761006700005964,13.671875,1.0
cx0.5_mut0.3,0.5,0.3,test_8,7,8,750,5.031934270139526,True,right/down,0.23934923949084802,300,54200,16.913791600003606,16.78125,1.0
cx0.5_mut0.3,0.5,0.3,test_8,7,9,751,5.370825251882012,True,right/down,0.2356445200510882,300,54200,16.735201999996207,16.703125,1.0
cx0.5_mut0.3,0.5,0.3,test_8,7,10,752,4.942096199879181,True,right/down,0.23677520729098223,300,54200,16.940788399995654,16.796875,1.0
cx0.5_mut0.3,0.5,0.3,test_8,7,11,753,5.130102899307781,True,right/down,0.23942038831974694,300,54200,17.21106289999443,17.015625,1.0
cx0.5_mut0.3,0.5,0.3,test_8,7,12,754,5.193493590900655,True,right/down,0.22234946742286815,300,54200,19.34190660000604,19.09375,1.0
cx0.5_mut0.3,0.5,0.3,test_8,7,13,755,4.952883415384951,True,right/down,0.2629086281838004,300,54200,19.41360660000646,19.0625,1.0
cx0.5_mut0.3,0.5,0.3,test_8,7,14,756,4.839535340130649,True,right/down,0.21448256108307728,300,54200,16.44147079999675,16.0625,1.0
cx0.5_mut0.3,0.5,0.3,test_8,7,15,757,5.32606603102216,True,right/down,0.20238038455751767,300,54200,16.98404130000563,16.75,1.0
cx0.5_mut0.3,0.5,0.3,test_8,7,16,758,4.949330383731373,True,right/down,0.22336007346274472,300,54200,16.584845199991832,16.484375,1.0
cx0.5_mut0.3,0.5,0.3,test_8,7,17,759,4.852714537044884,True,right/down,0.2460978121321568,300,54200,18.53251889999956,18.4375,1.0
cx0.5_mut0.3,0.5,0.3,test_8,7,18,760,5.005955420972835,True,right/down,0.23469542701790821,300,54200,17.007365299999947,16.890625,1.0
cx0.5_mut0.3,0.5,0.3,test_8,7,19,761,4.972018479226209,True,right/down,0.23386691353224784,300,54200,19.553853799996432,19.484375,1.0
cx0.5_mut0.3,0.5,0.3,test_9,8,0,842,5.451244992142652,True,right/down,0.19676125134941497,300,54200,13.674881099999766,13.65625,1.0
cx0.5_mut0.3,0.5,0.3,test_9,8,1,843,5.602518674920667,True,right/down,0.21803392846365555,300,54200,17.662991999997757,17.390625,1.0
cx0.5_mut0.3,0.5,0.3,test_9,8,2,844,5.322379853814994,True,right/down,0.21275431813299095,300,54200,19.943340300000273,19.828125,1.0
cx0.5_mut0.3,0.5,0.3,test_9,8,3,845,5.469775026386451,True,right/down,0.20953893192398276,300,54200,19.509307200001786,19.40625,1.0
cx0.5_mut0.3,0.5,0.3,test_9,8,4,846,5.375819099101415,True,right/down,0.24307559069896847,300,54200,17.85232530000212,17.71875,1.0
cx0.5_mut0.3,0.5,0.3,test_9,8,5,847,5.348027940969411,True,right/down,0.1934377047838066,300,54200,18.484037599992007,18.21875,1.0
cx0.5_mut0.3,0.5,0.3,test_9,8,6,848,5.396741288505789,True,right/down,0.22266488489281513,300,54200,17.241354099998716,16.84375,1.0
cx0.5_mut0.3,0.5,0.3,test_9,8,7,849,5.349203659262116,True,right/down,0.20379344652906817,300,54200,16.172624900005758,15.921875,1.0
cx0.5_mut0.3,0.5,0.3,test_9,8,8,850,5.260389336883449,True,right/down,0.2242969930324991,300,54200,16.192631999991136,15.921875,1.0
cx0.5_mut0.3,0.5,0.3,test_9,8,9,851,5.3895674415342505,True,right/down,0.23766177563877766,300,54200,16.965594100009184,16.8125,1.0
cx0.5_mut0.3,0.5,0.3,test_9,8,10,852,5.545723451432349,True,right/down,0.24783415409041848,300,54200,16.651673900007154,16.484375,1.0
cx0.5_mut0.3,0.5,0.3,test_9,8,11,853,5.197043947931432,True,right/down,0.2433020784603766,300,54200,18.93795059999684,18.546875,1.0
cx0.5_mut0.3,0.5,0.3,test_9,8,12,854,5.637496822590891,True,right/down,0.206042816900292,300,54200,16.39231490000384,16.296875,1.0
cx0.5_mut0.3,0.5,0.3,test_9,8,13,855,5.319812925320123,True,right/down,0.21519042360742693,300,54200,17.546300799993332,17.453125,1.0
cx0.5_mut0.3,0.5,0.3,test_9,8,14,856,5.171626959051004,True,right/down,0.19930174403148973,300,54200,18.89530880001257,18.875,1.0
cx0.5_mut0.3,0.5,0.3,test_9,8,15,857,5.34674306420618,True,right/down,0.23881034601709025,300,54200,17.22047269999166,16.96875,1.0
cx0.5_mut0.3,0.5,0.3,test_9,8,16,858,5.332257199213733,True,right/down,0.23395703258985662,300,54200,17.13035220000893,16.984375,1.0
cx0.5_mut0.3,0.5,0.3,test_9,8,17,859,5.445461099316029,True,right/down,0.23437361526899333,300,54200,19.19124320000992,18.734375,1.0
cx0.5_mut0.3,0.5,0.3,test_9,8,18,860,5.41508476406633,True,right/down,0.21214140827383252,300,54200,18.184333299999707,17.96875,1.0
cx0.5_mut0.3,0.5,0.3,test_9,8,19,861,5.282150949648386,True,right/down,0.23140341901430386,300,54200,20.16619870001159,20.0,1.0
cx0.5_mut0.3,0.5,0.3,test_10,9,0,942,5.359909323054584,True,right/down,0.21557591631147457,300,54200,19.67488950000552,19.171875,1.0
cx0.5_mut0.3,0.5,0.3,test_10,9,1,943,5.534157931231119,True,right/down,0.221047583723534,300,54200,15.984752899996238,15.640625,1.0
cx0.5_mut0.3,0.5,0.3,test_10,9,2,944,5.638310914648074,True,right/down,0.2269090157245707,300,54200,18.011527399998158,17.609375,1.0
cx0.5_mut0.3,0.5,0.3,test_10,9,3,945,5.491161847894443,True,right/down,0.19723629894388528,300,54200,15.770789500005776,15.5625,1.0
cx0.5_mut0.3,0.5,0.3,test_10,9,4,946,5.768545517192832,True,right/down,0.19165197401931372,300,54200,15.381361200008541,15.328125,1.0
cx0.5_mut0.3,0.5,0.3,test_10,9,5,947,5.94144690492102,True,right/down,0.2025742395722444,300,54200,17.61311160000332,17.484375,1.0
cx0.5_mut0.3,0.5,0.3,test_10,9,6,948,5.396249015990412,True,right/down,0.22941437101874537,300,54200,14.561362000007648,14.421875,1.0
cx0.5_mut0.3,0.5,0.3,test_10,9,7,949,5.3591565458613,True,right/down,0.22506423052250848,300,54200,17.61031279999588,17.4375,1.0
cx0.5_mut0.3,0.5,0.3,test_10,9,8,950,5.557219646764455,True,right/down,0.2441158137456029,300,54200,22.389639599990915,21.953125,1.0
cx0.5_mut0.3,0.5,0.3,test_10,9,9,951,5.546026317868986,True,right/down,0.21223194945124066,300,54200,14.087300800005323,13.90625,1.0
cx0.5_mut0.3,0.5,0.3,test_10,9,10,952,5.378689422938246,True,right/down,0.20611222203598942,300,54200,20.153744299997925,20.03125,1.0
cx0.5_mut0.3,0.5,0.3,test_10,9,11,953,5.311921307499562,True,right/down,0.18801052289198716,300,54200,16.6554865000071,16.5625,1.0
cx0.5_mut0.3,0.5,0.3,test_10,9,12,954,5.25835146904462,True,right/down,0.23223803527347953,300,54200,21.363386199998786,20.90625,1.0
cx0.5_mut0.3,0.5,0.3,test_10,9,13,955,5.378479757179781,True,right/down,0.20265972291438708,300,54200,17.691339400000288,17.515625,1.0
cx0.5_mut0.3,0.5,0.3,test_10,9,14,956,5.595943974459082,True,right/down,0.18581447431924822,300,54200,17.097544899996137,16.890625,1.0
cx0.5_mut0.3,0.5,0.3,test_10,9,15,957,5.290915652596288,True,right/down,0.21895268755647673,300,54200,18.521083100000396,18.15625,1.0
cx0.5_mut0.3,0.5,0.3,test_10,9,16,958,5.895758619391539,True,right/down,0.14226251361683068,300,54200,20.102459899993846,19.765625,1.0
cx0.5_mut0.3,0.5,0.3,test_10,9,17,959,5.473658272280062,True,right/down,0.2114787164921244,300,54200,18.71378459999687,18.53125,1.0
cx0.5_mut0.3,0.5,0.3,test_10,9,18,960,5.5510539720063505,True,right/down,0.22885171835709822,300,54200,16.069239699994796,15.953125,1.0
cx0.5_mut0.3,0.5,0.3,test_10,9,19,961,5.5295734915130454,True,right/down,0.22578538907418472,300,54200,16.215167300004396,16.125,1.0
cx0.7_mut0.001,0.7,0.001,test_1,0,0,42,5.886605598242411,True,right/down,0.14480098260648447,300,54200,38.48529870000493,37.890625,1.0
cx0.7_mut0.001,0.7,0.001,test_1,0,1,43,5.868676591546965,True,right/down,0.24086542804707164,300,54200,38.44461790000787,37.859375,1.0
cx0.7_mut0.001,0.7,0.001,test_1,0,2,44,5.656323819435224,True,right/down,0.1872747784142974,300,54200,35.50651619999553,34.84375,1.0
cx0.7_mut0.001,0.7,0.001,test_1,0,3,45,5.6580094241262735,True,right/down,0.21154474001009857,300,54200,42.2015195999993,41.53125,1.0
cx0.7_mut0.001,0.7,0.001,test_1,0,4,46,5.685821233888939,True,right/down,0.21403020331445413,300,54200,40.6434706,39.921875,1.0
cx0.7_mut0.001,0.7,0.001,test_1,0,5,47,5.760496572986715,True,right/down,0.21645745954599954,300,54200,39.31410240000696,38.75,1.0
cx0.7_mut0.001,0.7,0.001,test_1,0,6,48,5.465802486387366,True,right/down,0.224270132631909,300,54200,38.37192610000784,38.078125,1.0
cx0.7_mut0.001,0.7,0.001,test_1,0,7,49,5.486218787734855,True,right/down,0.22375796376130747,300,54200,39.13719029999629,38.78125,1.0
cx0.7_mut0.001,0.7,0.001,test_1,0,8,50,6.2802620925158585,True,right/down,0.2178884944229923,300,54200,38.41469630000938,37.90625,1.0
cx0.7_mut0.001,0.7,0.001,test_1,0,9,51,6.516517692059154,True,right/down,0.2132262241972464,300,54200,39.54252990000532,39.0,1.0
cx0.7_mut0.001,0.7,0.001,test_1,0,10,52,5.925313347714334,True,right/down,0.24655766752413827,300,54200,38.5642402000085,38.265625,1.0
cx0.7_mut0.001,0.7,0.001,test_1,0,11,53,6.746790405509263,True,right/down,0.2333701733464266,300,54200,35.82949259999441,35.671875,1.0
cx0.7_mut0.001,0.7,0.001,test_1,0,12,54,5.337800203088549,True,right/down,0.2511221852197674,300,54200,34.463579599992954,34.25,1.0
cx0.7_mut0.001,0.7,0.001,test_1,0,13,55,5.8644740895820595,True,right/down,0.20386001904681728,300,54200,37.824207900004694,37.46875,1.0
cx0.7_mut0.001,0.7,0.001,test_1,0,14,56,5.78099446973356,True,right/down,0.25500467122025383,300,54200,36.998271199990995,36.46875,1.0
cx0.7_mut0.001,0.7,0.001,test_1,0,15,57,5.9176497496849265,True,right/down,0.25145301219655963,300,54200,34.96315319999121,34.3125,1.0
cx0.7_mut0.001,0.7,0.001,test_1,0,16,58,5.68449845159956,True,right/down,0.19814427757087005,300,54200,37.114337099992554,36.140625,1.0
cx0.7_mut0.001,0.7,0.001,test_1,0,17,59,5.928089442657454,True,right/down,0.22919310439008334,300,54200,35.74606350000249,34.984375,1.0
cx0.7_mut0.001,0.7,0.001,test_1,0,18,60,6.004240856801334,True,right/down,0.20319425518202175,300,54200,33.173260799987474,32.703125,1.0
cx0.7_mut0.001,0.7,0.001,test_1,0,19,61,5.699461799170355,True,right/down,0.22220485430751985,300,54200,38.45248749999155,38.234375,1.0
cx0.7_mut0.001,0.7,0.001,test_2,1,0,142,5.65161706387072,True,right/down,0.16626234920955454,300,54200,39.23270119998779,38.78125,1.0
cx0.7_mut0.001,0.7,0.001,test_2,1,1,143,5.613694514140024,True,right/down,0.16370110260881648,300,54200,35.632314000002225,35.125,1.0
cx0.7_mut0.001,0.7,0.001,test_2,1,2,144,5.398117425697283,True,right/down,0.22773981683464592,300,54200,39.33009019999008,38.59375,1.0
cx0.7_mut0.001,0.7,0.001,test_2,1,3,145,5.689425595384009,True,right/down,0.21431644202675376,300,54200,35.977455500004,35.203125,1.0
cx0.7_mut0.001,0.7,0.001,test_2,1,4,146,6.051689833459371,True,right/down,0.18685781047777672,300,54200,32.86614910000935,32.6875,1.0
cx0.7_mut0.001,0.7,0.001,test_2,1,5,147,5.635476963445614,True,right/down,0.2154344651985152,300,54200,35.18028020000202,34.65625,1.0
cx0.7_mut0.001,0.7,0.001,test_2,1,6,148,6.107237503849086,True,right/down,0.20033294824563702,300,54200,32.32623549998971,32.015625,1.0
cx0.7_mut0.001,0.7,0.001,test_2,1,7,149,5.354842181967517,True,right/down,0.18006793152657047,300,54200,37.85084710000956,37.40625,1.0
cx0.7_mut0.001,0.7,0.001,test_2,1,8,150,5.664211605802212,True,right/down,0.22021203577475823,300,54200,32.35117320000427,31.65625,1.0
cx0.7_mut0.001,0.7,0.001,test_2,1,9,151,5.65508716350174,True,right/down,0.2095644229612469,300,54200,36.95966680000129,36.046875,1.0
cx0.7_mut0.001,0.7,0.001,test_2,1,10,152,6.082433332910147,True,right/down,0.188335168939543,300,54200,37.97246109999833,37.375,1.0
cx0.7_mut0.001,0.7,0.001,test_2,1,11,153,5.609262200924877,True,right/down,0.25675072347264205,300,54200,36.35202770000615,35.625,1.0
cx0.7_mut0.001,0.7,0.001,test_2,1,12,154,5.661809135793277,True,right/down,0.25068222276616764,300,54200,34.04583859999548,33.609375,1.0
cx0.7_mut0.001,0.7,0.001,test_2,1,13,155,5.99606969008674,True,right/down,0.22180817665962002,300,54200,35.49027949999436,34.953125,1.0
cx0.7_mut0.001,0.7,0.001,test_2,1,14,156,5.410545356154206,True,right/down,0.23756882155342338,300,54200,32.69461569999112,32.453125,1.0
cx0.7_mut0.001,0.7,0.001,test_2,1,15,157,5.944245202251187,True,right/down,0.2027207349165694,300,54200,35.548995999997715,35.34375,1.0
cx0.7_mut0.001,0.7,0.001,test_2,1,16,158,5.757828644200659,True,right/down,0.22776926087958163,300,54200,34.23962060001213,34.03125,1.0
cx0.7_mut0.001,0.7,0.001,test_2,1,17,159,5.687739555938761,True,right/down,0.23803036431687818,300,54200,36.367643699995824,35.9375,1.0
cx0.7_mut0.001,0.7,0.001,test_2,1,18,160,5.784914269475642,True,right/down,0.20378936038756693,300,54200,37.83123060000071,37.109375,1.0
cx0.7_mut0.001,0.7,0.001,test_2,1,19,161,5.759548552317595,True,right/down,0.2115793503561161,300,54200,37.96498849999625,37.59375,1.0
cx0.7_mut0.001,0.7,0.001,test_3,2,0,242,5.323156552031144,True,right/down,0.19730033426921947,300,54200,38.05650479999895,37.71875,1.0
cx0.7_mut0.001,0.7,0.001,test_3,2,1,243,5.727668389858069,True,right/down,0.24159325580405827,300,54200,38.270290500004194,38.0625,1.0
cx0.7_mut0.001,0.7,0.001,test_3,2,2,244,5.683573557241466,True,right/down,0.23912681600800667,300,54200,36.563466999999946,36.265625,1.0
cx0.7_mut0.001,0.7,0.001,test_3,2,3,245,5.840579905894066,True,right/down,0.2397994574639678,300,54200,37.04360390000511,36.578125,1.0
cx0.7_mut0.001,0.7,0.001,test_3,2,4,246,5.516266337012389,True,right/down,0.2224576733744696,300,54200,35.94452620000811,35.25,1.0
cx0.7_mut0.001,0.7,0.001,test_3,2,5,247,5.522387234462409,True,right/down,0.1883273976834819,300,54200,37.211470099995495,36.71875,1.0
cx0.7_mut0.001,0.7,0.001,test_3,2,6,248,6.250738588787674,True,right/down,0.20097706528501494,300,54200,38.39793780000764,37.828125,1.0
cx0.7_mut0.001,0.7,0.001,test_3,2,7,249,5.513997535599316,True,right/down,0.22036971795801005,300,54200,34.29057530000864,34.109375,1.0
cx0.7_mut0.001,0.7,0.001,test_3,2,8,250,5.659578766967032,True,right/down,0.24152486909926385,300,54200,37.48905340000056,37.125,1.0
cx0.7_mut0.001,0.7,0.001,test_3,2,9,251,5.928025889994191,True,right/down,0.254914790548273,300,54200,36.91401860000042,36.375,1.0
cx0.7_mut0.001,0.7,0.001,test_3,2,10,252,5.679796298695556,True,right/down,0.18954073481111489,300,54200,35.986183200002415,35.609375,1.0
cx0.7_mut0.001,0.7,0.001,test_3,2,11,253,5.672319315667105,True,right/down,0.18669393928303424,300,54200,36.85860439999669,36.46875,1.0
cx0.7_mut0.001,0.7,0.001,test_3,2,12,254,5.286366177588308,True,right/down,0.2568785680118659,300,54200,37.48633569999947,37.125,1.0
cx0.7_mut0.001,0.7,0.001,test_3,2,13,255,5.954301784311402,True,right/down,0.18406737210089175,300,54200,35.663134999995236,35.265625,1.0
cx0.7_mut0.001,0.7,0.001,test_3,2,14,256,5.421403263832072,True,right/down,0.18406554045019408,300,54200,37.66241820000869,37.296875,1.0
cx0.7_mut0.001,0.7,0.001,test_3,2,15,257,5.688573493369825,True,right/down,0.2550978081456178,300,54200,38.711868200000026,38.375,1.0
cx0.7_mut0.001,0.7,0.001,test_3,2,16,258,5.881446153487079,True,right/down,0.2561482703032204,300,54200,37.079897699994035,36.625,1.0
cx0.7_mut0.001,0.7,0.001,test_3,2,17,259,5.616918959009629,True,right/down,0.23033934713154974,300,54200,34.77670329999819,34.078125,1.0
cx0.7_mut0.001,0.7,0.001,test_3,2,18,260,5.750636605185714,True,right/down,0.2147281155236967,300,54200,35.26505200000247,34.765625,1.0
cx0.7_mut0.001,0.7,0.001,test_3,2,19,261,5.557116306964093,True,right/down,0.2561409532834141,300,54200,38.373806999996305,37.84375,1.0
cx0.7_mut0.001,0.7,0.001,test_4,3,0,342,6.023144288230428,True,right/down,0.21990607052867905,300,54200,39.0973873000039,38.5625,1.0
cx0.7_mut0.001,0.7,0.001,test_4,3,1,343,5.739864478548904,True,right/down,0.23295154246905195,300,54200,33.598720900001354,33.1875,1.0
cx0.7_mut0.001,0.7,0.001,test_4,3,2,344,5.490049977185327,True,right/down,0.2098924370056799,300,54200,36.055339400001685,35.625,1.0
cx0.7_mut0.001,0.7,0.001,test_4,3,3,345,5.863998038411393,True,right/down,0.2347228615244487,300,54200,35.5561408999929,35.046875,1.0
cx0.7_mut0.001,0.7,0.001,test_4,3,4,346,5.7230351480416815,True,right/down,0.22878748633754517,300,54200,37.986006600011024,37.453125,1.0
cx0.7_mut0.001,0.7,0.001,test_4,3,5,347,6.437664128307736,True,right/down,0.24244187543589513,300,54200,36.03366020000249,35.734375,1.0
cx0.7_mut0.001,0.7,0.001,test_4,3,6,348,6.944383635803038,True,right/down,0.21279650957589533,300,54200,36.3343703999999,36.1875,1.0
cx0.7_mut0.001,0.7,0.001,test_4,3,7,349,5.800256687850215,True,right/down,0.25892579626318724,300,54200,38.70033409999451,38.1875,1.0
cx0.7_mut0.001,0.7,0.001,test_4,3,8,350,5.914698398341424,True,right/down,0.23898439889108322,300,54200,35.01522329999716,34.890625,1.0
cx0.7_mut0.001,0.7,0.001,test_4,3,9,351,5.960244290531143,True,right/down,0.19896530008685875,300,54200,35.213629399993806,34.90625,1.0
cx0.7_mut0.001,0.7,0.001,test_4,3,10,352,5.749282996379114,True,right/down,0.20791460257791347,300,54200,35.69068949999928,35.453125,1.0
cx0.7_mut0.001,0.7,0.001,test_4,3,11,353,5.717022682858078,True,right/down,0.2080774102304945,300,54200,35.988801999992575,35.515625,1.0
cx0.7_mut0.001,0.7,0.001,test_4,3,12,354,6.402995705348321,True,right/down,0.24253442984517934,300,54200,39.88944279999123,39.15625,1.0
cx0.7_mut0.001,0.7,0.001,test_4,3,13,355,5.540475070168638,True,right/down,0.22700911667837406,300,54200,37.23481169999286,36.265625,1.0
cx0.7_mut0.001,0.7,0.001,test_4,3,14,356,5.79636458637518,True,right/down,0.2492436741885262,300,54200,43.291801799990935,42.140625,1.0
cx0.7_mut0.001,0.7,0.001,test_4,3,15,357,5.796924039385873,True,right/down,0.24051161316506783,300,54200,44.51205380000465,43.734375,1.0
cx0.7_mut0.001,0.7,0.001,test_4,3,16,358,5.74908870788422,True,right/down,0.2221498974121933,300,54200,41.38548520000768,40.640625,1.0
cx0.7_mut0.001,0.7,0.001,test_4,3,17,359,5.58495314853265,True,right/down,0.2387829045193027,300,54200,42.58332160000282,41.53125,1.0
cx0.7_mut0.001,0.7,0.001,test_4,3,18,360,5.7955300869769335,True,right/down,0.2592041049057764,300,54200,37.0770746999915,36.546875,1.0
cx0.7_mut0.001,0.7,0.001,test_4,3,19,361,7.008956203136589,True,right/down,0.22529140966303654,300,54200,40.18405320000602,39.765625,1.0
cx0.7_mut0.001,0.7,0.001,test_5,4,0,442,5.76745197833729,True,right/down,0.21678337504806072,300,54200,40.066421399998944,39.4375,1.0
cx0.7_mut0.001,0.7,0.001,test_5,4,1,443,5.820185810600168,True,right/down,0.20854296287910162,300,54200,38.82426189999387,38.609375,1.0
cx0.7_mut0.001,0.7,0.001,test_5,4,2,444,5.772203005599478,True,right/down,0.19931919518087593,300,54200,41.77992559999984,41.46875,1.0
cx0.7_mut0.001,0.7,0.001,test_5,4,3,445,6.317807226025671,True,right/down,0.25063710837146,300,54200,38.751642999995966,38.40625,1.0
cx0.7_mut0.001,0.7,0.001,test_5,4,4,446,5.603747452920674,True,right/down,0.2642052109153668,300,54200,43.81211280000571,42.734375,1.0
cx0.7_mut0.001,0.7,0.001,test_5,4,5,447,6.492853267900117,True,right/down,0.21691436438586323,300,54200,40.106637300006696,39.3125,1.0
cx0.7_mut0.001,0.7,0.001,test_5,4,6,448,5.533214353535329,True,right/down,0.2310660846142379,300,54200,41.8278544999921,41.03125,1.0
cx0.7_mut0.001,0.7,0.001,test_5,4,7,449,6.514940186976251,True,right/down,0.16817354347269955,300,54200,43.737892599994666,42.4375,1.0
cx0.7_mut0.001,0.7,0.001,test_5,4,8,450,5.457305669097782,True,right/down,0.20779378967133608,300,54200,39.99124449999363,39.296875,1.0
cx0.7_mut0.001,0.7,0.001,test_5,4,9,451,5.840645366431645,True,right/down,0.23961450224703162,300,54200,41.26867740000307,39.90625,1.0
cx0.7_mut0.001,0.7,0.001,test_5,4,10,452,6.649944577811488,True,right/down,0.2154965928468008,300,54200,41.18403319999925,40.671875,1.0
cx0.7_mut0.001,0.7,0.001,test_5,4,11,453,5.764909535335098,True,right/down,0.21857218223259856,300,54200,43.70902429999842,43.1875,1.0
cx0.7_mut0.001,0.7,0.001,test_5,4,12,454,5.521074868432226,True,right/down,0.23663779483661318,300,54200,40.18993880000198,39.625,1.0
cx0.7_mut0.001,0.7,0.001,test_5,4,13,455,5.777702463241413,True,right/down,0.24530785429194085,300,54200,37.09456779999891,36.71875,1.0
cx0.7_mut0.001,0.7,0.001,test_5,4,14,456,5.786154814433708,True,right/down,0.26161853625233994,300,54200,40.170496600010665,39.875,1.0
cx0.7_mut0.001,0.7,0.001,test_5,4,15,457,5.830356347977477,True,right/down,0.22305361711150842,300,54200,41.69259340000281,41.1875,1.0
cx0.7_mut0.001,0.7,0.001,test_5,4,16,458,5.802441335016959,True,right/down,0.24082667254886891,300,54200,40.02849240000069,39.828125,1.0
cx0.7_mut0.001,0.7,0.001,test_5,4,17,459,5.870124989969407,True,right/down,0.16863500092707417,300,54200,43.57868569999118,42.265625,1.0
cx0.7_mut0.001,0.7,0.001,test_5,4,18,460,5.9267106964078815,True,right/down,0.2478811232721335,300,54200,35.55867310000758,35.140625,1.0
cx0.7_mut0.001,0.7,0.001,test_5,4,19,461,5.84857144160471,True,right/down,0.1828024447164933,300,54200,40.42263309999544,39.625,1.0
cx0.7_mut0.001,0.7,0.001,test_6,5,0,542,5.801612761679187,True,right/down,0.24729524564339814,300,54200,41.818923199985875,40.671875,1.0
cx0.7_mut0.001,0.7,0.001,test_6,5,1,543,6.361708803269582,True,right/down,0.23216325724285947,300,54200,43.9914878999989,43.1875,1.0
cx0.7_mut0.001,0.7,0.001,test_6,5,2,544,6.525315804920242,True,right/down,0.19622779937476598,300,54200,40.011296700002276,39.515625,1.0
cx0.7_mut0.001,0.7,0.001,test_6,5,3,545,5.991648223696374,True,right/down,0.24444409857686458,300,54200,41.51588300000003,41.125,1.0
cx0.7_mut0.001,0.7,0.001,test_6,5,4,546,5.708519698464608,True,right/down,0.21523373512172703,300,54200,39.11495479999576,38.796875,1.0
cx0.7_mut0.001,0.7,0.001,test_6,5,5,547,6.12937143970657,True,right/down,0.21332726093906051,300,54200,38.64255790000607,38.34375,1.0
cx0.7_mut0.001,0.7,0.001,test_6,5,6,548,6.058417917112452,True,right/down,0.21095295477027637,300,54200,38.04955169999448,37.703125,1.0
cx0.7_mut0.001,0.7,0.001,test_6,5,7,549,5.569149058822564,True,right/down,0.22174098202027945,300,54200,39.110072900002706,38.46875,1.0
cx0.7_mut0.001,0.7,0.001,test_6,5,8,550,6.230403158989787,True,right/down,0.23921134501383298,300,54200,45.42760950000957,45.125,1.0
cx0.7_mut0.001,0.7,0.001,test_6,5,9,551,6.31983774261173,True,right/down,0.23327971838931846,300,54200,38.713930099998834,38.25,1.0
cx0.7_mut0.001,0.7,0.001,test_6,5,10,552,6.308322527559772,True,right/down,0.2418257279380282,300,54200,39.12563329999102,38.734375,1.0
cx0.7_mut0.001,0.7,0.001,test_6,5,11,553,5.866164241739487,True,right/down,0.22705230435628213,300,54200,40.60103400000662,39.765625,1.0
cx0.7_mut0.001,0.7,0.001,test_6,5,12,554,5.929235353246198,True,right/down,0.23368084649156254,300,54200,41.74893709999742,41.109375,1.0
cx0.7_mut0.001,0.7,0.001,test_6,5,13,555,6.216267442859982,True,right/down,0.20255468703833177,300,54200,42.14650679999613,41.296875,1.0
cx0.7_mut0.001,0.7,0.001,test_6,5,14,556,6.103029462348551,True,right/down,0.21876246178611067,300,54200,39.907589800001006,39.265625,1.0
cx0.7_mut0.001,0.7,0.001,test_6,5,15,557,6.072071215733995,True,right/down,0.23304892756825726,300,54200,37.249978799998644,36.984375,1.0
cx0.7_mut0.001,0.7,0.001,test_6,5,16,558,6.003950144320102,True,right/down,0.2166377067588605,300,54200,37.13115459999244,36.859375,1.0
cx0.7_mut0.001,0.7,0.001,test_6,5,17,559,6.020810651858726,True,right/down,0.247524929243775,300,54200,39.51017500000307,39.3125,1.0
cx0.7_mut0.001,0.7,0.001,test_6,5,18,560,5.894404653138671,True,right/down,0.1931604322991748,300,54200,35.83710550000251,35.5625,1.0
cx0.7_mut0.001,0.7,0.001,test_6,5,19,561,6.180918041821,True,right/down,0.21112634866259675,300,54200,39.828271399994264,39.59375,1.0
cx0.7_mut0.001,0.7,0.001,test_7,6,0,642,5.58170536124412,True,right/down,0.23650577061692785,300,54200,42.86221479999949,42.328125,1.0
cx0.7_mut0.001,0.7,0.001,test_7,6,1,643,5.407842495650783,True,right/down,0.20186242718002398,300,54200,41.769130699991365,41.4375,1.0
cx0.7_mut0.001,0.7,0.001,test_7,6,2,644,6.027404449187631,True,right/down,0.23289634196622727,300,54200,37.64501530000416,37.296875,1.0
cx0.7_mut0.001,0.7,0.001,test_7,6,3,645,6.455659744932117,True,right/down,0.24978563848979257,300,54200,36.07021670001268,35.5625,1.0
cx0.7_mut0.001,0.7,0.001,test_7,6,4,646,5.422179933728328,True,right/down,0.23837433967259483,300,54200,43.058348999999,42.53125,1.0
cx0.7_mut0.001,0.7,0.001,test_7,6,5,647,5.794308905867518,True,right/down,0.21334891819913993,300,54200,42.66282990000036,42.078125,1.0
cx0.7_mut0.001,0.7,0.001,test_7,6,6,648,5.445862239088894,True,right/down,0.2426771196217199,300,54200,41.787198000005446,41.109375,1.0
cx0.7_mut0.001,0.7,0.001,test_7,6,7,649,5.668438448718946,True,right/down,0.19283360172999486,300,54200,39.42359740000393,38.8125,1.0
cx0.7_mut0.001,0.7,0.001,test_7,6,8,650,5.883277671029462,True,right/down,0.2245969759988972,300,54200,43.26959199999692,42.859375,1.0
cx0.7_mut0.001,0.7,0.001,test_7,6,9,651,5.540532606656264,True,right/down,0.23651955915528483,300,54200,43.35585420001007,42.34375,1.0
cx0.7_mut0.001,0.7,0.001,test_7,6,10,652,6.047570860614955,True,right/down,0.21663583206113482,300,54200,46.77791309999884,46.328125,1.0
cx0.7_mut0.001,0.7,0.001,test_7,6,11,653,5.912666118587409,True,right/down,0.22590901268961916,300,54200,40.14392180000141,39.953125,1.0
cx0.7_mut0.001,0.7,0.001,test_7,6,12,654,5.966972744522418,True,right/down,0.22980828739820114,300,54200,37.213309700004174,36.875,1.0
cx0.7_mut0.001,0.7,0.001,test_7,6,13,655,5.746025178070555,True,right/down,0.20841281451254037,300,54200,38.31765010001254,38.15625,1.0
cx0.7_mut0.001,0.7,0.001,test_7,6,14,656,6.216814122264563,True,right/down,0.21715653526200268,300,54200,41.854931000008946,41.46875,1.0
cx0.7_mut0.001,0.7,0.001,test_7,6,15,657,5.972246456151601,True,right/down,0.21373597589412346,300,54200,41.07339820000925,40.828125,1.0
cx0.7_mut0.001,0.7,0.001,test_7,6,16,658,5.537102402066062,True,right/down,0.23537882615921576,300,54200,41.2549113999994,40.59375,1.0
cx0.7_mut0.001,0.7,0.001,test_7,6,17,659,6.4230406339237005,True,right/down,0.2414625818128515,300,54200,39.54035090000252,39.0625,1.0
cx0.7_mut0.001,0.7,0.001,test_7,6,18,660,5.743700429219604,True,right/down,0.21723961695008365,300,54200,37.56241059998865,36.96875,1.0
cx0.7_mut0.001,0.7,0.001,test_7,6,19,661,5.442850469984577,True,right/down,0.2317234085880219,300,54200,43.524955900007626,42.71875,1.0
cx0.7_mut0.001,0.7,0.001,test_8,7,0,742,5.7330581205389155,True,right/down,0.15877200084416246,300,54200,41.0449646999914,40.296875,1.0
cx0.7_mut0.001,0.7,0.001,test_8,7,1,743,5.707501023787665,True,right/down,0.1936953245803403,300,54200,40.58552890000283,40.09375,1.0
cx0.7_mut0.001,0.7,0.001,test_8,7,2,744,5.725873276326428,True,right/down,0.23481005872971786,300,54200,45.5233595000027,44.484375,1.0
cx0.7_mut0.001,0.7,0.001,test_8,7,3,745,6.0510033979745925,True,right/down,0.18033846053264319,300,54200,39.400843199997325,38.90625,1.0
cx0.7_mut0.001,0.7,0.001,test_8,7,4,746,5.4261572802017035,True,right/down,0.25216080312156014,300,54200,40.62700739999127,40.296875,1.0
cx0.7_mut0.001,0.7,0.001,test_8,7,5,747,5.715814163565883,True,right/down,0.2332216910517378,300,54200,42.93373169998813,42.25,1.0
cx0.7_mut0.001,0.7,0.001,test_8,7,6,748,5.623334621472838,True,right/down,0.18317783663013948,300,54200,39.276321299999836,39.03125,1.0
cx0.7_mut0.001,0.7,0.001,test_8,7,7,749,5.90738363763449,True,right/down,0.22219168421516938,300,54200,43.69609680000576,43.359375,1.0
cx0.7_mut0.001,0.7,0.001,test_8,7,8,750,6.009411675790118,True,right/down,0.22276723208678428,300,54200,42.73709670000244,42.28125,1.0
cx0.7_mut0.001,0.7,0.001,test_8,7,9,751,5.55915416917753,True,right/down,0.2520004420904746,300,54200,39.62664839999343,39.3125,1.0
cx0.7_mut0.001,0.7,0.001,test_8,7,10,752,5.703469405543435,True,right/down,0.21671397815279103,300,54200,41.904152700008126,41.28125,1.0
cx0.7_mut0.001,0.7,0.001,test_8,7,11,753,6.047613364770344,True,right/down,0.20029940558304066,300,54200,38.35799209999095,37.625,1.0
cx0.7_mut0.001,0.7,0.001,test_8,7,12,754,5.862470349452119,True,right/down,0.22832513779885502,300,54200,41.2135746999993,40.5,1.0
cx0.7_mut0.001,0.7,0.001,test_8,7,13,755,6.520682768349644,True,right/down,0.22474722137782882,300,54200,35.8878163999907,35.0625,1.0
cx0.7_mut0.001,0.7,0.001,test_8,7,14,756,5.545627478931044,True,right/down,0.23676942821451843,300,54200,41.325464300010935,40.34375,1.0
cx0.7_mut0.001,0.7,0.001,test_8,7,15,757,5.707245619087744,True,right/down,0.24568711793449574,300,54200,42.931746900008875,42.625,1.0
cx0.7_mut0.001,0.7,0.001,test_8,7,16,758,5.7301385846492945,True,right/down,0.24297908520706535,300,54200,38.86239119998936,38.640625,1.0
cx0.7_mut0.001,0.7,0.001,test_8,7,17,759,6.505303767854609,True,right/down,0.1950905517976381,300,54200,41.590549000000465,41.34375,1.0
cx0.7_mut0.001,0.7,0.001,test_8,7,18,760,5.681764943436756,True,right/down,0.23274985091338024,300,54200,38.60470979999809,38.359375,1.0
cx0.7_mut0.001,0.7,0.001,test_8,7,19,761,5.546106255174018,True,right/down,0.21416890744304737,300,54200,38.27906950000033,38.09375,1.0
cx0.7_mut0.001,0.7,0.001,test_9,8,0,842,6.082450028123206,True,right/down,0.2386088672424375,300,54200,42.13559340000211,41.734375,1.0
cx0.7_mut0.001,0.7,0.001,test_9,8,1,843,5.977842347972609,True,right/down,0.23054275559392512,300,54200,37.48451940000814,36.890625,1.0
cx0.7_mut0.001,0.7,0.001,test_9,8,2,844,5.536956795320406,True,right/down,0.24669910237063264,300,54200,42.50793279999925,42.21875,1.0
cx0.7_mut0.001,0.7,0.001,test_9,8,3,845,6.036882765277717,True,right/down,0.21593149440378478,300,54200,43.20918870001333,42.625,1.0
cx0.7_mut0.001,0.7,0.001,test_9,8,4,846,5.6690693073540945,True,right/down,0.20194018230039046,300,54200,37.9279150999937,37.609375,1.0
cx0.7_mut0.001,0.7,0.001,test_9,8,5,847,6.142555618780003,True,right/down,0.18708552588511002,300,54200,41.67681730000186,40.90625,1.0
cx0.7_mut0.001,0.7,0.001,test_9,8,6,848,5.812413788680602,True,right/down,0.19536635022119253,300,54200,37.53295930000604,36.921875,1.0
cx0.7_mut0.001,0.7,0.001,test_9,8,7,849,6.034231694148315,True,right/down,0.22698512157561423,300,54200,42.97530979999283,42.21875,1.0
cx0.7_mut0.001,0.7,0.001,test_9,8,8,850,6.220221706565448,True,right/down,0.20490751124986514,300,54200,39.55095839999558,38.96875,1.0
cx0.7_mut0.001,0.7,0.001,test_9,8,9,851,5.833889935726676,True,right/down,0.20157083146137478,300,54200,41.522285900005954,41.109375,1.0
cx0.7_mut0.001,0.7,0.001,test_9,8,10,852,5.907942935811066,True,right/down,0.18351257958775102,300,54200,41.35540470000706,40.5625,1.0
cx0.7_mut0.001,0.7,0.001,test_9,8,11,853,5.657837675797187,True,right/down,0.21236929610960267,300,54200,39.28979110000364,39.0,1.0
cx0.7_mut0.001,0.7,0.001,test_9,8,12,854,6.466402857126839,True,right/down,0.23245460027955597,300,54200,42.28365029999986,42.046875,1.0
cx0.7_mut0.001,0.7,0.001,test_9,8,13,855,6.048112479743998,True,right/down,0.24094656060659744,300,54200,41.8158376999927,41.515625,1.0
cx0.7_mut0.001,0.7,0.001,test_9,8,14,856,6.732719038962532,True,right/down,0.22072098657833855,300,54200,33.972683200001484,33.515625,1.0
cx0.7_mut0.001,0.7,0.001,test_9,8,15,857,5.736395233443739,True,right/down,0.21029089157760936,300,54200,41.749446700006956,41.421875,1.0
cx0.7_mut0.001,0.7,0.001,test_9,8,16,858,5.913328003863801,True,right/down,0.2412922196688644,300,54200,40.8574440000084,40.4375,1.0
cx0.7_mut0.001,0.7,0.001,test_9,8,17,859,5.804034364777786,True,right/down,0.20605655087601915,300,54200,42.69116930000018,42.15625,1.0
cx0.7_mut0.001,0.7,0.001,test_9,8,18,860,5.886796370037322,True,right/down,0.21871566599531586,300,54200,41.4003120999987,41.0,1.0
cx0.7_mut0.001,0.7,0.001,test_9,8,19,861,5.79677377189168,True,right/down,0.19122900595918452,300,54200,42.30421009998827,41.5625,1.0
cx0.7_mut0.001,0.7,0.001,test_10,9,0,942,5.966684563259596,True,right/down,0.19981942961969973,300,54200,42.231988799991086,41.453125,1.0
cx0.7_mut0.001,0.7,0.001,test_10,9,1,943,6.23828738397009,True,right/down,0.22537934884452215,300,54200,41.94509459999972,41.0,1.0
cx0.7_mut0.001,0.7,0.001,test_10,9,2,944,6.033656708907481,True,right/down,0.18865389423385368,300,54200,36.03634590000729,35.453125,1.0
cx0.7_mut0.001,0.7,0.001,test_10,9,3,945,6.079437332992957,True,right/down,0.21486041050368843,300,54200,44.94114810001338,44.59375,1.0
cx0.7_mut0.001,0.7,0.001,test_10,9,4,946,6.107181803436429,True,right/down,0.21898700456916995,300,54200,38.976469500004896,38.765625,1.0
cx0.7_mut0.001,0.7,0.001,test_10,9,5,947,5.65667557866461,True,right/down,0.14377429192813304,300,54200,39.223426700002165,38.71875,1.0
cx0.7_mut0.001,0.7,0.001,test_10,9,6,948,5.629147743983518,True,right/down,0.2101597942827352,300,54200,43.479522599998745,42.84375,1.0
cx0.7_mut0.001,0.7,0.001,test_10,9,7,949,6.053357835408602,True,right/down,0.20895178208609494,300,54200,38.33414160000393,37.984375,1.0
cx0.7_mut0.001,0.7,0.001,test_10,9,8,950,5.852281903108614,True,right/down,0.21829516465787974,300,54200,40.83668160000525,40.390625,1.0
cx0.7_mut0.001,0.7,0.001,test_10,9,9,951,6.555091755026626,True,right/down,0.18711670691798182,300,54200,39.42664180000429,38.78125,1.0
cx0.7_mut0.001,0.7,0.001,test_10,9,10,952,5.973874577196289,True,right/down,0.2157993824342795,300,54200,36.587365400002454,36.375,1.0
cx0.7_mut0.001,0.7,0.001,test_10,9,11,953,5.868847006709587,True,right/down,0.20916647509372988,300,54200,42.287623500000336,41.796875,1.0
cx0.7_mut0.001,0.7,0.001,test_10,9,12,954,5.818691453063288,True,right/down,0.22501836600258207,300,54200,39.37146509999002,38.78125,1.0
cx0.7_mut0.001,0.7,0.001,test_10,9,13,955,6.49700891197738,True,right/down,0.20472549883155886,300,54200,40.924150899998494,40.125,1.0
cx0.7_mut0.001,0.7,0.001,test_10,9,14,956,6.254350417627909,True,right/down,0.14849824997240013,300,54200,33.80315220000921,33.140625,1.0
cx0.7_mut0.001,0.7,0.001,test_10,9,15,957,5.722520304174386,True,right/down,0.16424658608128248,300,54200,43.478742000006605,42.328125,1.0
cx0.7_mut0.001,0.7,0.001,test_10,9,16,958,5.542350837455691,True,right/down,0.23444134814037917,300,54200,42.337818300002255,41.953125,1.0
cx0.7_mut0.001,0.7,0.001,test_10,9,17,959,6.3901605164371365,True,right/down,0.2290769835652886,300,54200,37.319352399994386,37.09375,1.0
cx0.7_mut0.001,0.7,0.001,test_10,9,18,960,6.179179857490526,True,right/down,0.23664645237635548,300,54200,47.02432260000205,46.828125,1.0
cx0.7_mut0.001,0.7,0.001,test_10,9,19,961,6.280797784825025,True,right/down,0.21711654626879076,300,54200,36.29473069999949,35.96875,1.0
cx0.7_mut0.01,0.7,0.01,test_1,0,0,42,5.500868600678224,True,right/down,0.23844516940935173,300,54200,41.02841109999281,40.546875,1.0
cx0.7_mut0.01,0.7,0.01,test_1,0,1,43,5.604120354193958,True,right/down,0.20835461467980118,300,54200,39.51549210000667,38.875,1.0
cx0.7_mut0.01,0.7,0.01,test_1,0,2,44,5.6233444140091455,True,right/down,0.25691432020425087,300,54200,39.44990880000114,38.703125,1.0
cx0.7_mut0.01,0.7,0.01,test_1,0,3,45,5.294581581393962,True,right/down,0.21591844640057484,300,54200,37.54337189999933,36.890625,1.0
cx0.7_mut0.01,0.7,0.01,test_1,0,4,46,5.5506506527650945,True,right/down,0.2393488750715706,300,54200,40.75218069998664,40.0,1.0
cx0.7_mut0.01,0.7,0.01,test_1,0,5,47,5.902939743056492,True,right/down,0.2306162786989448,300,54200,39.23962860000029,38.703125,1.0
cx0.7_mut0.01,0.7,0.01,test_1,0,6,48,5.654870193814977,True,right/down,0.23979109042790345,300,54200,38.98450240000966,38.546875,1.0
cx0.7_mut0.01,0.7,0.01,test_1,0,7,49,5.109862731570001,True,right/down,0.22857532003271347,300,54200,39.35023189999629,38.890625,1.0
cx0.7_mut0.01,0.7,0.01,test_1,0,8,50,5.3268346430252915,True,right/down,0.2655735422426821,300,54200,37.06390520000423,36.640625,1.0
cx0.7_mut0.01,0.7,0.01,test_1,0,9,51,6.107010923265656,True,right/down,0.22920722285614933,300,54200,37.60802350001177,37.140625,1.0
cx0.7_mut0.01,0.7,0.01,test_1,0,10,52,5.134880630877133,True,right/down,0.2143698857962581,300,54200,41.47226869998849,41.25,1.0
cx0.7_mut0.01,0.7,0.01,test_1,0,11,53,5.694397116250804,True,right/down,0.2294936223434828,300,54200,37.2089541000023,36.828125,1.0
cx0.7_mut0.01,0.7,0.01,test_1,0,12,54,5.517770751016218,True,right/down,0.2288186055992507,300,54200,36.898798900001566,36.671875,1.0
cx0.7_mut0.01,0.7,0.01,test_1,0,13,55,5.404334560245937,True,right/down,0.1824252369814111,300,54200,39.529826500001946,39.203125,1.0
cx0.7_mut0.01,0.7,0.01,test_1,0,14,56,5.207474195170187,True,right/down,0.25673440449299684,300,54200,35.41586019999522,34.921875,1.0
cx0.7_mut0.01,0.7,0.01,test_1,0,15,57,5.537162866891866,True,right/down,0.21583650714508273,300,54200,37.75568839999323,36.90625,1.0
cx0.7_mut0.01,0.7,0.01,test_1,0,16,58,5.9396785061022035,True,right/down,0.2026352868183061,300,54200,36.95981629999005,36.15625,1.0
cx0.7_mut0.01,0.7,0.01,test_1,0,17,59,5.295436974801179,True,right/down,0.21121267994958642,300,54200,38.06858740000462,37.1875,1.0
cx0.7_mut0.01,0.7,0.01,test_1,0,18,60,5.4552369483156085,True,right/down,0.21936031728461924,300,54200,39.36074899999949,39.078125,1.0
cx0.7_mut0.01,0.7,0.01,test_1,0,19,61,5.38563247558156,True,right/down,0.19355348243252682,300,54200,41.91738290000649,41.5625,1.0
cx0.7_mut0.01,0.7,0.01,test_2,1,0,142,5.713545371238222,True,right/down,0.24114161055043906,300,54200,37.04720909999742,36.625,1.0
cx0.7_mut0.01,0.7,0.01,test_2,1,1,143,5.4674103937808844,True,right/down,0.2097196551807853,300,54200,37.93668319999415,37.421875,1.0
cx0.7_mut0.01,0.7,0.01,test_2,1,2,144,5.730798524712399,True,right/down,0.24178304578086043,300,54200,37.76512309999089,36.953125,1.0
cx0.7_mut0.01,0.7,0.01,test_2,1,3,145,5.237070133740443,True,right/down,0.20155417288835017,300,54200,38.28416009999637,37.484375,1.0
cx0.7_mut0.01,0.7,0.01,test_2,1,4,146,5.193348563894579,True,right/down,0.21165162834335696,300,54200,35.78003829999943,35.59375,1.0
cx0.7_mut0.01,0.7,0.01,test_2,1,5,147,5.46566348069846,True,right/down,0.23688796374206395,300,54200,35.65046319999965,35.03125,1.0
cx0.7_mut0.01,0.7,0.01,test_2,1,6,148,5.763313447349093,True,right/down,0.212954734974518,300,54200,37.360573099998874,36.796875,1.0
cx0.7_mut0.01,0.7,0.01,test_2,1,7,149,5.437157099715012,True,right/down,0.20994905616266482,300,54200,35.76557289999619,35.1875,1.0
cx0.7_mut0.01,0.7,0.01,test_2,1,8,150,5.356460441396472,True,right/down,0.24678312864528057,300,54200,37.40944370000216,36.5625,1.0
cx0.7_mut0.01,0.7,0.01,test_2,1,9,151,5.490398108288751,True,right/down,0.23995125733061967,300,54200,36.793831800008775,35.9375,1.0
cx0.7_mut0.01,0.7,0.01,test_2,1,10,152,5.529226768074567,True,right/down,0.22528706179102506,300,54200,36.7781382999965,36.015625,1.0
cx0.7_mut0.01,0.7,0.01,test_2,1,11,153,5.327285084416102,True,right/down,0.23900959512402703,300,54200,36.61341700000048,36.046875,1.0
cx0.7_mut0.01,0.7,0.01,test_2,1,12,154,5.626443055025044,True,right/down,0.21814899955523395,300,54200,36.09221639999305,35.375,1.0
cx0.7_mut0.01,0.7,0.01,test_2,1,13,155,5.676875660288685,True,right/down,0.21058079936462046,300,54200,35.886169100005645,35.5,1.0
cx0.7_mut0.01,0.7,0.01,test_2,1,14,156,5.14623493257245,True,right/down,0.2136963068354013,300,54200,40.64241110000876,40.265625,1.0
cx0.7_mut0.01,0.7,0.01,test_2,1,15,157,5.261102462095701,True,right/down,0.22861181626649352,300,54200,42.04506269999547,41.828125,1.0
cx0.7_mut0.01,0.7,0.01,test_2,1,16,158,5.675115866592311,True,right/down,0.22839546565500252,300,54200,38.24947299998894,38.015625,1.0
cx0.7_mut0.01,0.7,0.01,test_2,1,17,159,5.8808140947774,True,right/down,0.2415572898058863,300,54200,38.55025290000776,38.015625,1.0
cx0.7_mut0.01,0.7,0.01,test_2,1,18,160,5.351675403056925,True,right/down,0.2170919801349024,300,54200,36.89881620000233,36.421875,1.0
cx0.7_mut0.01,0.7,0.01,test_2,1,19,161,5.466852842984352,True,right/down,0.17812997700112926,300,54200,36.15515900000173,35.921875,1.0
cx0.7_mut0.01,0.7,0.01,test_3,2,0,242,5.251771089547731,True,right/down,0.20986191193917167,300,54200,35.700882499993895,35.328125,1.0
cx0.7_mut0.01,0.7,0.01,test_3,2,1,243,5.261188509588932,True,right/down,0.23586085793660524,300,54200,40.21643390000099,39.921875,1.0
cx0.7_mut0.01,0.7,0.01,test_3,2,2,244,5.365517383244873,True,right/down,0.22833566838591943,300,54200,36.74655850000272,36.5,1.0
cx0.7_mut0.01,0.7,0.01,test_3,2,3,245,5.155187128441451,True,right/down,0.2249767689526681,300,54200,36.538348300004145,35.84375,1.0
cx0.7_mut0.01,0.7,0.01,test_3,2,4,246,5.131270166671412,True,right/down,0.2615942690734417,300,54200,36.03234199999133,35.421875,1.0
cx0.7_mut0.01,0.7,0.01,test_3,2,5,247,5.181820829413629,True,right/down,0.26103493808098255,300,54200,39.45235409999441,38.5,1.0
cx0.7_mut0.01,0.7,0.01,test_3,2,6,248,5.486553932417475,True,right/down,0.2451583197739771,300,54200,36.76100939999742,36.1875,1.0
cx0.7_mut0.01,0.7,0.01,test_3,2,7,249,5.3098915098470885,True,right/down,0.23835751129472404,300,54200,39.427384099995834,39.203125,1.0
cx0.7_mut0.01,0.7,0.01,test_3,2,8,250,5.540345124956429,True,right/down,0.23761815464373584,300,54200,40.12466640000639,39.8125,1.0
cx0.7_mut0.01,0.7,0.01,test_3,2,9,251,5.426734243042041,True,right/down,0.2516220499952239,300,54200,37.621291900009965,37.234375,1.0
cx0.7_mut0.01,0.7,0.01,test_3,2,10,252,5.476851640281987,True,right/down,0.25081739863355684,300,54200,35.290336299993214,34.9375,1.0
cx0.7_mut0.01,0.7,0.01,test_3,2,11,253,5.40562940443014,True,right/down,0.2451964230639905,300,54200,34.532273399992846,34.09375,1.0
cx0.7_mut0.01,0.7,0.01,test_3,2,12,254,5.62943233137786,True,right/down,0.22900981466532766,300,54200,42.23502729999018,41.59375,1.0
cx0.7_mut0.01,0.7,0.01,test_3,2,13,255,5.128653776860531,True,right/down,0.2559991707213241,300,54200,38.187137900007656,37.828125,1.0
cx0.7_mut0.01,0.7,0.01,test_3,2,14,256,5.350932785460209,True,right/down,0.2512458681873064,300,54200,41.107418500003405,40.703125,1.0
cx0.7_mut0.01,0.7,0.01,test_3,2,15,257,5.255356255674357,True,right/down,0.25148203583182827,300,54200,37.058251200011,36.796875,1.0
cx0.7_mut0.01,0.7,0.01,test_3,2,16,258,5.554354825041807,True,right/down,0.22889982496779265,300,54200,40.16938829999708,39.84375,1.0
cx0.7_mut0.01,0.7,0.01,test_3,2,17,259,5.010201180170952,True,right/down,0.2591019160093015,300,54200,36.28994309999689,35.5625,1.0
cx0.7_mut0.01,0.7,0.01,test_3,2,18,260,5.039188331225358,True,right/down,0.25335472289310534,300,54200,36.29155609999725,35.546875,1.0
cx0.7_mut0.01,0.7,0.01,test_3,2,19,261,5.067931982079559,True,right/down,0.2507177554857643,300,54200,35.692532699991716,35.296875,1.0
cx0.7_mut0.01,0.7,0.01,test_4,3,0,342,5.564042831038887,True,right/down,0.2440115730365844,300,54200,39.55910790000053,39.015625,1.0
cx0.7_mut0.01,0.7,0.01,test_4,3,1,343,5.368461425058765,True,right/down,0.2406072783866728,300,54200,41.210160200003884,40.71875,1.0
cx0.7_mut0.01,0.7,0.01,test_4,3,2,344,5.453529415067893,True,right/down,0.23278939755853054,300,54200,41.63676780000969,41.125,1.0
cx0.7_mut0.01,0.7,0.01,test_4,3,3,345,5.4243992151924285,True,right/down,0.2369344626711005,300,54200,38.00452909999876,37.453125,1.0
cx0.7_mut0.01,0.7,0.01,test_4,3,4,346,5.423962418085493,True,right/down,0.24259131423814284,300,54200,36.01065880000533,35.53125,1.0
cx0.7_mut0.01,0.7,0.01,test_4,3,5,347,5.25640449492146,True,right/down,0.2452773356324634,300,54200,38.54331020000973,38.125,1.0
cx0.7_mut0.01,0.7,0.01,test_4,3,6,348,5.1886713088539285,True,right/down,0.20340723619798698,300,54200,37.60022020000906,37.453125,1.0
cx0.7_mut0.01,0.7,0.01,test_4,3,7,349,5.3033972517721875,True,right/down,0.18298268565546424,300,54200,38.327382799994666,37.859375,1.0
cx0.7_mut0.01,0.7,0.01,test_4,3,8,350,5.955227125813546,True,right/down,0.22323131221362594,300,54200,34.383489600004395,34.21875,1.0
cx0.7_mut0.01,0.7,0.01,test_4,3,9,351,5.464840698852891,True,right/down,0.24840621641045676,300,54200,39.62087510000856,39.359375,1.0
cx0.7_mut0.01,0.7,0.01,test_4,3,10,352,5.658605540637062,True,right/down,0.23799973865948726,300,54200,36.50183589999506,36.34375,1.0
cx0.7_mut0.01,0.7,0.01,test_4,3,11,353,5.721158598983761,True,right/down,0.20749502577501916,300,54200,37.56589610000083,37.109375,1.0
cx0.7_mut0.01,0.7,0.01,test_4,3,12,354,5.276029146051663,True,right/down,0.22113827861796853,300,54200,36.43001580001146,35.6875,1.0
cx0.7_mut0.01,0.7,0.01,test_4,3,13,355,5.485080690087357,True,right/down,0.24409416810435328,300,54200,38.225253199998406,37.21875,1.0
cx0.7_mut0.01,0.7,0.01,test_4,3,14,356,5.158841672776782,True,right/down,0.18910090464930476,300,54200,46.689320799996494,45.84375,1.0
cx0.7_mut0.01,0.7,0.01,test_4,3,15,357,5.262937380737016,True,right/down,0.21618862633706626,300,54200,41.358723999990616,40.328125,1.0
cx0.7_mut0.01,0.7,0.01,test_4,3,16,358,5.929232352566498,True,right/down,0.25165420553771906,300,54200,42.399559299999964,41.859375,1.0
cx0.7_mut0.01,0.7,0.01,test_4,3,17,359,5.19377077429976,True,right/down,0.2413074545833881,300,54200,39.749713500001235,38.84375,1.0
cx0.7_mut0.01,0.7,0.01,test_4,3,18,360,5.463076025047084,True,right/down,0.22678933736338563,300,54200,39.12163059999875,38.59375,1.0
cx0.7_mut0.01,0.7,0.01,test_4,3,19,361,6.017564081624196,True,right/down,0.22026384036313798,300,54200,38.64530800000648,38.1875,1.0
cx0.7_mut0.01,0.7,0.01,test_5,4,0,442,5.632273192214207,True,right/down,0.17231118263704476,300,54200,42.479489999997895,41.96875,1.0
cx0.7_mut0.01,0.7,0.01,test_5,4,1,443,5.655667874575723,True,right/down,0.2037450422171926,300,54200,39.58963689999655,39.390625,1.0
cx0.7_mut0.01,0.7,0.01,test_5,4,2,444,6.216102539632577,True,right/down,0.216758413754102,300,54200,42.15403839999635,41.921875,1.0
cx0.7_mut0.01,0.7,0.01,test_5,4,3,445,5.456490064347356,True,right/down,0.23305375731109493,300,54200,39.804000099989935,39.59375,1.0
cx0.7_mut0.01,0.7,0.01,test_5,4,4,446,5.671798618535133,True,right/down,0.19344081630678037,300,54200,41.06842390001111,40.1875,1.0
cx0.7_mut0.01,0.7,0.01,test_5,4,5,447,5.955830044036816,True,right/down,0.2368764045747989,300,54200,42.72832510000444,41.90625,1.0
cx0.7_mut0.01,0.7,0.01,test_5,4,6,448,5.517481332569242,True,right/down,0.212551731141128,300,54200,43.06743629999983,42.375,1.0
cx0.7_mut0.01,0.7,0.01,test_5,4,7,449,5.420724895391588,True,right/down,0.2237358180838081,300,54200,43.37707909999881,42.296875,1.0
cx0.7_mut0.01,0.7,0.01,test_5,4,8,450,5.527451158661949,True,right/down,0.22384696786080352,300,54200,43.37688549999439,42.515625,1.0
cx0.7_mut0.01,0.7,0.01,test_5,4,9,451,6.329907237814153,True,right/down,0.20986674792829887,300,54200,42.080868699995335,40.515625,1.0
cx0.7_mut0.01,0.7,0.01,test_5,4,10,452,6.075948102623354,True,right/down,0.2338247925346987,300,54200,43.37461240000266,42.8125,1.0
cx0.7_mut0.01,0.7,0.01,test_5,4,11,453,5.578052775874296,True,right/down,0.2331057116433264,300,54200,41.79936170000292,41.3125,1.0
cx0.7_mut0.01,0.7,0.01,test_5,4,12,454,5.3692036227999385,True,right/down,0.24858899676521007,300,54200,43.3491473000031,42.890625,1.0
cx0.7_mut0.01,0.7,0.01,test_5,4,13,455,5.246372243155006,True,right/down,0.21568284809520574,300,54200,43.82832220000273,43.359375,1.0
cx0.7_mut0.01,0.7,0.01,test_5,4,14,456,5.485901888840705,True,right/down,0.23534561650359145,300,54200,38.301857200000086,38.015625,1.0
cx0.7_mut0.01,0.7,0.01,test_5,4,15,457,5.3588034813532825,True,right/down,0.20899191186090602,300,54200,39.305366999993566,39.015625,1.0
cx0.7_mut0.01,0.7,0.01,test_5,4,16,458,5.710842874109428,True,right/down,0.24716667763975564,300,54200,39.24178340000799,38.84375,1.0
cx0.7_mut0.01,0.7,0.01,test_5,4,17,459,5.276200999731602,True,right/down,0.2286452722906982,300,54200,43.21524099999806,41.875,1.0
cx0.7_mut0.01,0.7,0.01,test_5,4,18,460,5.211797769995025,True,right/down,0.2307354662883441,300,54200,35.28953909999109,34.71875,1.0
cx0.7_mut0.01,0.7,0.01,test_5,4,19,461,5.262897281462493,True,right/down,0.23888482197915914,300,54200,36.886382600001525,36.09375,1.0
cx0.7_mut0.01,0.7,0.01,test_6,5,0,542,5.988130923102022,True,right/down,0.25209401980566193,300,54200,42.23656099999789,41.296875,1.0
cx0.7_mut0.01,0.7,0.01,test_6,5,1,543,5.945422747318412,True,right/down,0.19009977337181672,300,54200,42.66071740000916,41.65625,1.0
cx0.7_mut0.01,0.7,0.01,test_6,5,2,544,5.8489544192252465,True,right/down,0.21960235648789567,300,54200,43.10160769999493,42.671875,1.0
cx0.7_mut0.01,0.7,0.01,test_6,5,3,545,5.850466427200263,True,right/down,0.22470808189653432,300,54200,42.61054939999303,42.34375,1.0
cx0.7_mut0.01,0.7,0.01,test_6,5,4,546,5.801387250178396,True,right/down,0.2389299915761432,300,54200,43.80521690000023,43.203125,1.0
cx0.7_mut0.01,0.7,0.01,test_6,5,5,547,5.631074494682814,True,right/down,0.1737186279683882,300,54200,41.44427720000385,41.171875,1.0
cx0.7_mut0.01,0.7,0.01,test_6,5,6,548,6.122204795499736,True,right/down,0.21977977701205367,300,54200,43.529476700001396,43.0,1.0
cx0.7_mut0.01,0.7,0.01,test_6,5,7,549,5.851145359936732,True,right/down,0.2415660722365474,300,54200,42.63174889999209,41.9375,1.0
cx0.7_mut0.01,0.7,0.01,test_6,5,8,550,5.807135374324156,True,right/down,0.1548743152110262,300,54200,43.18463750000228,43.0,1.0
cx0.7_mut0.01,0.7,0.01,test_6,5,9,551,5.379301296190801,True,right/down,0.21491138150076297,300,54200,41.733820199995534,41.078125,1.0
cx0.7_mut0.01,0.7,0.01,test_6,5,10,552,6.127757538631212,True,right/down,0.24343193055395346,300,54200,44.77129740000237,44.3125,1.0
cx0.7_mut0.01,0.7,0.01,test_6,5,11,553,5.919382058685785,True,right/down,0.22100005724658034,300,54200,44.41206560000137,43.390625,1.0
cx0.7_mut0.01,0.7,0.01,test_6,5,12,554,5.919369557663819,True,right/down,0.2404218913617589,300,54200,42.90474779999931,42.234375,1.0
cx0.7_mut0.01,0.7,0.01,test_6,5,13,555,5.321539534215933,True,right/down,0.22217184312982266,300,54200,39.56550060000154,38.953125,1.0
cx0.7_mut0.01,0.7,0.01,test_6,5,14,556,5.786972068738061,True,right/down,0.2345082101377425,300,54200,39.227990599989425,38.796875,1.0
cx0.7_mut0.01,0.7,0.01,test_6,5,15,557,5.883836611806473,True,right/down,0.24097661254854097,300,54200,39.6523232999898,39.359375,1.0
cx0.7_mut0.01,0.7,0.01,test_6,5,16,558,5.674723009644259,True,right/down,0.24312069406496134,300,54200,43.66482010000618,43.359375,1.0
cx0.7_mut0.01,0.7,0.01,test_6,5,17,559,5.448452223435663,True,right/down,0.20552323560712732,300,54200,40.95642610000505,40.453125,1.0
cx0.7_mut0.01,0.7,0.01,test_6,5,18,560,5.776691364590141,True,right/down,0.23806263320732032,300,54200,39.79677139999694,39.109375,1.0
cx0.7_mut0.01,0.7,0.01,test_6,5,19,561,5.39158829523393,True,right/down,0.24580005214653652,300,54200,46.027623699992546,45.734375,1.0
cx0.7_mut0.01,0.7,0.01,test_7,6,0,642,5.388005898195431,True,right/down,0.23734195002145364,300,54200,39.12475229999109,38.5625,1.0
cx0.7_mut0.01,0.7,0.01,test_7,6,1,643,5.355438136345992,True,right/down,0.2445015745158775,300,54200,41.315511900000274,40.921875,1.0
cx0.7_mut0.01,0.7,0.01,test_7,6,2,644,5.415361184673259,True,right/down,0.26056723098082973,300,54200,43.52923080000619,43.0625,1.0
cx0.7_mut0.01,0.7,0.01,test_7,6,3,645,6.689467486387345,True,right/down,0.14182267766269388,300,54200,38.68738210000447,38.296875,1.0
cx0.7_mut0.01,0.7,0.01,test_7,6,4,646,5.44345004603365,True,right/down,0.2606832161135252,300,54200,42.84336990000156,42.09375,1.0
cx0.7_mut0.01,0.7,0.01,test_7,6,5,647,5.0206439559200495,True,right/down,0.2098439544929562,300,54200,38.76553530000092,38.1875,1.0
cx0.7_mut0.01,0.7,0.01,test_7,6,6,648,5.134111198829245,True,right/down,0.24019115831866106,300,54200,41.803985899998224,41.234375,1.0
cx0.7_mut0.01,0.7,0.01,test_7,6,7,649,5.702026898307442,True,right/down,0.2461708052612549,300,54200,40.49334990000352,39.6875,1.0
cx0.7_mut0.01,0.7,0.01,test_7,6,8,650,5.326848167267407,True,right/down,0.25390512969805884,300,54200,41.66565039999841,41.21875,1.0
cx0.7_mut0.01,0.7,0.01,test_7,6,9,651,5.4318246808733495,True,right/down,0.2323394538206876,300,54200,40.17851949999749,39.296875,1.0
cx0.7_mut0.01,0.7,0.01,test_7,6,10,652,5.029285832199378,True,right/down,0.23158682593135982,300,54200,39.348168700002134,38.890625,1.0
cx0.7_mut0.01,0.7,0.01,test_7,6,11,653,6.062285883760876,True,right/down,0.22368987134403429,300,54200,39.72038440000324,39.296875,1.0
cx0.7_mut0.01,0.7,0.01,test_7,6,12,654,5.640853912444596,True,right/down,0.23934921835526024,300,54200,37.52080589999969,37.1875,1.0
cx0.7_mut0.01,0.7,0.01,test_7,6,13,655,5.42741733431499,True,right/down,0.18389786044325301,300,54200,39.10986569999659,38.96875,1.0
cx0.7_mut0.01,0.7,0.01,test_7,6,14,656,5.987430993161956,True,right/down,0.2326102099944648,300,54200,45.856909299996914,45.46875,1.0
cx0.7_mut0.01,0.7,0.01,test_7,6,15,657,5.481499685440909,True,right/down,0.20697132972041704,300,54200,41.242886899999576,40.765625,1.0
cx0.7_mut0.01,0.7,0.01,test_7,6,16,658,5.202522957910753,True,right/down,0.17433681512835097,300,54200,41.06865430000471,40.234375,1.0
cx0.7_mut0.01,0.7,0.01,test_7,6,17,659,5.3097031088786615,True,right/down,0.23220512079072528,300,54200,40.17311129999871,39.65625,1.0
cx0.7_mut0.01,0.7,0.01,test_7,6,18,660,5.42967549193315,True,right/down,0.23498168774104522,300,54200,41.41435960000672,40.703125,1.0
cx0.7_mut0.01,0.7,0.01,test_7,6,19,661,5.250591687024304,True,right/down,0.21184323847167824,300,54200,43.29184520000126,42.40625,1.0
cx0.7_mut0.01,0.7,0.01,test_8,7,0,742,5.3800197693581495,True,right/down,0.2532264770939141,300,54200,42.349794300011126,41.578125,1.0
cx0.7_mut0.01,0.7,0.01,test_8,7,1,743,5.475481913656573,True,right/down,0.19078957570108454,300,54200,41.178421700009494,40.640625,1.0
cx0.7_mut0.01,0.7,0.01,test_8,7,2,744,5.739614836777125,True,right/down,0.2462039346765058,300,54200,46.68733929999871,45.71875,1.0
cx0.7_mut0.01,0.7,0.01,test_8,7,3,745,5.619380731319241,True,right/down,0.24057480414816043,300,54200,39.355350500001805,38.75,1.0
cx0.7_mut0.01,0.7,0.01,test_8,7,4,746,5.531799302549435,True,right/down,0.2422084374732737,300,54200,43.08116820000578,42.71875,1.0
cx0.7_mut0.01,0.7,0.01,test_8,7,5,747,5.874574360287096,True,right/down,0.23023530174849038,300,54200,43.406749299989315,42.75,1.0
cx0.7_mut0.01,0.7,0.01,test_8,7,6,748,5.471031622726802,True,right/down,0.2165271666747496,300,54200,41.262921399989864,41.078125,1.0
cx0.7_mut0.01,0.7,0.01,test_8,7,7,749,5.179072947089106,True,right/down,0.23367512169130905,300,54200,42.23549279999861,41.875,1.0
cx0.7_mut0.01,0.7,0.01,test_8,7,8,750,5.19805858122745,True,right/down,0.23396302435390637,300,54200,38.54902739998943,38.3125,1.0
cx0.7_mut0.01,0.7,0.01,test_8,7,9,751,5.4879552555346205,True,right/down,0.2142609141287169,300,54200,40.27116840000963,40.03125,1.0
cx0.7_mut0.01,0.7,0.01,test_8,7,10,752,5.9913299592593985,True,right/down,0.2288519018654413,300,54200,42.15498229999503,41.578125,1.0
cx0.7_mut0.01,0.7,0.01,test_8,7,11,753,5.501993133990651,True,right/down,0.22138512784017972,300,54200,42.94784029999573,42.140625,1.0
cx0.7_mut0.01,0.7,0.01,test_8,7,12,754,5.845186954759142,True,right/down,0.2219002377749046,300,54200,41.441230100012035,40.9375,1.0
cx0.7_mut0.01,0.7,0.01,test_8,7,13,755,5.116033462526012,True,right/down,0.24563917499221413,300,54200,41.96694299999217,41.125,1.0
cx0.7_mut0.01,0.7,0.01,test_8,7,14,756,5.180069396766736,True,right/down,0.22374747664705227,300,54200,44.90114950000134,43.734375,1.0
cx0.7_mut0.01,0.7,0.01,test_8,7,15,757,4.918704038618136,True,right/down,0.2278580879550714,300,54200,35.893458200007444,35.6875,1.0
cx0.7_mut0.01,0.7,0.01,test_8,7,16,758,5.467019403763705,True,right/down,0.22778576752253366,300,54200,42.26413199999661,42.046875,1.0
cx0.7_mut0.01,0.7,0.01,test_8,7,17,759,7.1015893665499235,True,right/down,0.2295191224242952,300,54200,41.68485510000028,41.421875,1.0
cx0.7_mut0.01,0.7,0.01,test_8,7,18,760,5.532785471610198,True,right/down,0.24314245815939933,300,54200,46.70956199998909,46.53125,1.0
cx0.7_mut0.01,0.7,0.01,test_8,7,19,761,5.130734973351668,True,right/down,0.20121494280853158,300,54200,40.771282300003804,40.5,1.0
cx0.7_mut0.01,0.7,0.01,test_9,8,0,842,5.512011758829063,True,right/down,0.24347506508196534,300,54200,40.46043999999529,40.0625,1.0
cx0.7_mut0.01,0.7,0.01,test_9,8,1,843,5.8185149543091566,True,right/down,0.21600608738876334,300,54200,39.837356599993655,39.359375,1.0
cx0.7_mut0.01,0.7,0.01,test_9,8,2,844,5.419342031672333,True,right/down,0.20477010420216452,300,54200,43.43137599999318,43.109375,1.0
cx0.7_mut0.01,0.7,0.01,test_9,8,3,845,5.704619373460863,True,right/down,0.22985698410638067,300,54200,40.327943700001924,39.90625,1.0
cx0.7_mut0.01,0.7,0.01,test_9,8,4,846,5.395123265030875,True,right/down,0.2393601615010633,300,54200,40.96203980001155,40.453125,1.0
cx0.7_mut0.01,0.7,0.01,test_9,8,5,847,5.7803736444858425,True,right/down,0.21170654532840305,300,54200,40.359106999996584,39.625,1.0
cx0.7_mut0.01,0.7,0.01,test_9,8,6,848,5.287148890169698,True,right/down,0.23634324868021042,300,54200,44.32060510000156,43.5,1.0
cx0.7_mut0.01,0.7,0.01,test_9,8,7,849,5.830691474420146,True,right/down,0.1926049817279687,300,54200,39.640801700006705,38.890625,1.0
cx0.7_mut0.01,0.7,0.01,test_9,8,8,850,5.5827718262395125,True,right/down,0.2063585880382392,300,54200,41.910721499996725,41.3125,1.0
cx0.7_mut0.01,0.7,0.01,test_9,8,9,851,5.635413026935527,True,right/down,0.2569066864992152,300,54200,44.23277220000455,43.859375,1.0
cx0.7_mut0.01,0.7,0.01,test_9,8,10,852,5.606836591218517,True,right/down,0.24019468631450086,300,54200,44.76280039999983,44.015625,1.0
cx0.7_mut0.01,0.7,0.01,test_9,8,11,853,5.516501424351141,True,right/down,0.2486344775706573,300,54200,42.5958352000016,42.40625,1.0
cx0.7_mut0.01,0.7,0.01,test_9,8,12,854,5.815037490159958,True,right/down,0.1633333752587053,300,54200,44.2715434999991,43.8125,1.0
cx0.7_mut0.01,0.7,0.01,test_9,8,13,855,5.270740406109147,True,right/down,0.2304892191674542,300,54200,42.91093879999244,42.671875,1.0
cx0.7_mut0.01,0.7,0.01,test_9,8,14,856,5.532104509092246,True,right/down,0.2473324372335942,300,54200,43.93967629999679,43.46875,1.0
cx0.7_mut0.01,0.7,0.01,test_9,8,15,857,5.5950968096456934,True,right/down,0.2108334146720571,300,54200,43.456976000001305,43.203125,1.0
cx0.7_mut0.01,0.7,0.01,test_9,8,16,858,5.62319077341187,True,right/down,0.2111417190651117,300,54200,39.41074059999664,39.0625,1.0
cx0.7_mut0.01,0.7,0.01,test_9,8,17,859,5.699984453277428,True,right/down,0.23183595834535015,300,54200,42.95723580000049,42.265625,1.0
cx0.7_mut0.01,0.7,0.01,test_9,8,18,860,5.372962007409354,True,right/down,0.2196934405249509,300,54200,39.69336820000899,39.484375,1.0
cx0.7_mut0.01,0.7,0.01,test_9,8,19,861,5.6085911205153565,True,right/down,0.2091912349040657,300,54200,40.933180599997286,40.1875,1.0
cx0.7_mut0.01,0.7,0.01,test_10,9,0,942,5.642802997722654,True,right/down,0.24510059791070876,300,54200,40.02644539999892,39.25,1.0
cx0.7_mut0.01,0.7,0.01,test_10,9,1,943,5.602944837744292,True,right/down,0.21598775122615965,300,54200,40.81201080000028,40.046875,1.0
cx0.7_mut0.01,0.7,0.01,test_10,9,2,944,5.910516578355493,True,right/down,0.1791113214437224,300,54200,39.85344740000437,39.203125,1.0
cx0.7_mut0.01,0.7,0.01,test_10,9,3,945,6.015489897097454,True,right/down,0.18475929726968585,300,54200,43.35816299999715,43.0,1.0
cx0.7_mut0.01,0.7,0.01,test_10,9,4,946,6.416996131735267,True,right/down,0.20708649815954408,300,54200,38.92595999999321,38.734375,1.0
cx0.7_mut0.01,0.7,0.01,test_10,9,5,947,5.675964748027742,True,right/down,0.22760197672784185,300,54200,37.52612479998788,37.25,1.0
cx0.7_mut0.01,0.7,0.01,test_10,9,6,948,5.57253504274717,True,right/down,0.23673614032855425,300,54200,44.99686369999836,44.359375,1.0
cx0.7_mut0.01,0.7,0.01,test_10,9,7,949,5.4554210230628595,True,right/down,0.19068821053162263,300,54200,45.49828250000428,44.90625,1.0
cx0.7_mut0.01,0.7,0.01,test_10,9,8,950,5.542869541921057,True,right/down,0.23001754503611532,300,54200,43.163064499996835,42.703125,1.0
cx0.7_mut0.01,0.7,0.01,test_10,9,9,951,5.640514490543637,True,right/down,0.19338515526400538,300,54200,43.506205199999386,43.09375,1.0
cx0.7_mut0.01,0.7,0.01,test_10,9,10,952,5.470129901795415,True,right/down,0.23146757233897547,300,54200,42.78343710000627,42.484375,1.0
cx0.7_mut0.01,0.7,0.01,test_10,9,11,953,5.613380530669539,True,right/down,0.22135687373452673,300,54200,39.144535300001735,38.640625,1.0
cx0.7_mut0.01,0.7,0.01,test_10,9,12,954,5.493754254474107,True,right/down,0.2213369075824951,300,54200,43.09363360000134,42.421875,1.0
cx0.7_mut0.01,0.7,0.01,test_10,9,13,955,5.658349168117029,True,right/down,0.2167492813684487,300,54200,43.120571599996765,42.421875,1.0
cx0.7_mut0.01,0.7,0.01,test_10,9,14,956,5.681223414880906,True,right/down,0.17329383947031793,300,54200,41.00778220000211,40.234375,1.0
cx0.7_mut0.01,0.7,0.01,test_10,9,15,957,5.5351729327132615,True,right/down,0.21428618088738827,300,54200,42.637839300005,41.625,1.0
cx0.7_mut0.01,0.7,0.01,test_10,9,16,958,5.659692689047709,True,right/down,0.21127408762187985,300,54200,39.87202249999973,39.34375,1.0
cx0.7_mut0.01,0.7,0.01,test_10,9,17,959,6.02996812432117,True,right/down,0.2373961974493684,300,54200,39.85439779999433,39.5625,1.0
cx0.7_mut0.01,0.7,0.01,test_10,9,18,960,5.713718391936711,True,right/down,0.22854088880011952,300,54200,42.88870519999182,42.546875,1.0
cx0.7_mut0.01,0.7,0.01,test_10,9,19,961,6.426822171845348,True,right/down,0.22106648011935304,300,54200,35.12611699999252,34.875,1.0
cx0.7_mut0.05,0.7,0.05,test_1,0,0,42,5.5127098501634855,True,right/down,0.17083290287820593,300,54200,37.60558010000386,37.078125,1.0
cx0.7_mut0.05,0.7,0.05,test_1,0,1,43,5.109737219837491,True,right/down,0.2594952228846598,300,54200,38.50580820000323,38.0,1.0
cx0.7_mut0.05,0.7,0.05,test_1,0,2,44,5.944871663809117,True,right/down,0.24817208634278806,300,54200,37.68499820001307,36.828125,1.0
cx0.7_mut0.05,0.7,0.05,test_1,0,3,45,5.214699567749999,True,right/down,0.2160690449169558,300,54200,34.92454619999626,34.390625,1.0
cx0.7_mut0.05,0.7,0.05,test_1,0,4,46,5.407846209188065,True,right/down,0.22409290059163514,300,54200,40.13485459999356,39.5625,1.0
cx0.7_mut0.05,0.7,0.05,test_1,0,5,47,5.717894471049837,True,right/down,0.25501199135257385,300,54200,37.27956230001291,36.875,1.0
cx0.7_mut0.05,0.7,0.05,test_1,0,6,48,5.610031914118224,True,right/down,0.23722058415011957,300,54200,35.63435039999604,35.21875,1.0
cx0.7_mut0.05,0.7,0.05,test_1,0,7,49,5.126341655007788,True,right/down,0.22889349716352703,300,54200,36.11650319999899,35.890625,1.0
cx0.7_mut0.05,0.7,0.05,test_1,0,8,50,5.1648386000843445,True,right/down,0.2313713316560219,300,54200,33.67207070000586,33.296875,1.0
cx0.7_mut0.05,0.7,0.05,test_1,0,9,51,5.100480217811167,True,right/down,0.24119702663005302,300,54200,33.17896249999467,32.78125,1.0
cx0.7_mut0.05,0.7,0.05,test_1,0,10,52,5.117586311905777,True,right/down,0.24132248001733322,300,54200,36.864452800000436,36.484375,1.0
cx0.7_mut0.05,0.7,0.05,test_1,0,11,53,5.118448401546075,True,right/down,0.2161932188744546,300,54200,35.08644800000184,34.953125,1.0
cx0.7_mut0.05,0.7,0.05,test_1,0,12,54,5.551573688057913,True,right/down,0.22240590872174404,300,54200,35.44535160000669,35.21875,1.0
cx0.7_mut0.05,0.7,0.05,test_1,0,13,55,5.214312858645768,True,right/down,0.2305798068065436,300,54200,37.42428239999572,37.0,1.0
cx0.7_mut0.05,0.7,0.05,test_1,0,14,56,5.194460567140725,True,right/down,0.23111006761199637,300,54200,34.678644999992684,34.265625,1.0
cx0.7_mut0.05,0.7,0.05,test_1,0,15,57,5.114757494951295,True,right/down,0.2429737325917642,300,54200,35.32630220000283,34.484375,1.0
cx0.7_mut0.05,0.7,0.05,test_1,0,16,58,5.9013307735970315,True,right/down,0.17797792046281757,300,54200,37.16333480000321,36.34375,1.0
cx0.7_mut0.05,0.7,0.05,test_1,0,17,59,5.398318764667806,True,right/down,0.2445516900825291,300,54200,35.48422689999279,34.9375,1.0
cx0.7_mut0.05,0.7,0.05,test_1,0,18,60,5.613471126275272,True,right/down,0.213207872987643,300,54200,34.50034389999928,34.125,1.0
cx0.7_mut0.05,0.7,0.05,test_1,0,19,61,5.866512741492669,True,right/down,0.2166080109635244,300,54200,33.51925300000585,33.328125,1.0
cx0.7_mut0.05,0.7,0.05,test_2,1,0,142,5.5322179912835105,True,right/down,0.2108761875416265,300,54200,32.05925179999031,31.78125,1.0
cx0.7_mut0.05,0.7,0.05,test_2,1,1,143,5.210547455241348,True,right/down,0.20844175113421623,300,54200,35.453227500009234,35.1875,1.0
cx0.7_mut0.05,0.7,0.05,test_2,1,2,144,5.12298332655124,True,right/down,0.23904884321221412,300,54200,36.93607140000677,36.1875,1.0
cx0.7_mut0.05,0.7,0.05,test_2,1,3,145,5.561718963297595,True,right/down,0.23629652057408218,300,54200,36.188899100001436,35.234375,1.0
cx0.7_mut0.05,0.7,0.05,test_2,1,4,146,5.298384875248484,True,right/down,0.22399171693449485,300,54200,30.606946900006733,30.484375,1.0
cx0.7_mut0.05,0.7,0.05,test_2,1,5,147,5.416006765527354,True,right/down,0.24982578630505525,300,54200,32.906331299993326,32.484375,1.0
cx0.7_mut0.05,0.7,0.05,test_2,1,6,148,5.282169707758524,True,right/down,0.23166042871720646,300,54200,36.30750129999069,35.8125,1.0
cx0.7_mut0.05,0.7,0.05,test_2,1,7,149,5.13001123258165,True,right/down,0.24252108252272056,300,54200,33.42152899999928,32.875,1.0
cx0.7_mut0.05,0.7,0.05,test_2,1,8,150,5.23133078603969,True,right/down,0.2098340275170129,300,54200,34.03819600000861,33.140625,1.0
cx0.7_mut0.05,0.7,0.05,test_2,1,9,151,5.3743591304576395,True,right/down,0.23884297942818183,300,54200,33.88017559998843,33.171875,1.0
cx0.7_mut0.05,0.7,0.05,test_2,1,10,152,5.202337627257644,True,right/down,0.2162755249757076,300,54200,35.97556630001054,35.375,1.0
cx0.7_mut0.05,0.7,0.05,test_2,1,11,153,5.2668314945807975,True,right/down,0.22442867200252295,300,54200,35.245787899999414,34.609375,1.0
cx0.7_mut0.05,0.7,0.05,test_2,1,12,154,5.0967894284609665,True,right/down,0.21378713258211937,300,54200,33.35848470000201,32.859375,1.0
cx0.7_mut0.05,0.7,0.05,test_2,1,13,155,5.361259584851082,True,right/down,0.242562672310461,300,54200,34.81840679999732,34.53125,1.0
cx0.7_mut0.05,0.7,0.05,test_2,1,14,156,5.093232154633536,True,right/down,0.22733296172067238,300,54200,33.62430300000415,33.40625,1.0
cx0.7_mut0.05,0.7,0.05,test_2,1,15,157,5.2002965110976245,True,right/down,0.229908497051483,300,54200,35.23389250000764,35.0,1.0
cx0.7_mut0.05,0.7,0.05,test_2,1,16,158,5.319461764017177,True,right/down,0.24847371052493036,300,54200,36.98588380000729,36.71875,1.0
cx0.7_mut0.05,0.7,0.05,test_2,1,17,159,5.545238556357854,True,right/down,0.25257493714232865,300,54200,34.33466160000535,33.96875,1.0
cx0.7_mut0.05,0.7,0.05,test_2,1,18,160,5.776322617361212,True,right/down,0.20975349209205257,300,54200,35.762422599989804,35.28125,1.0
cx0.7_mut0.05,0.7,0.05,test_2,1,19,161,5.431377186254,True,right/down,0.2283538929969155,300,54200,36.83148650001385,36.46875,1.0
cx0.7_mut0.05,0.7,0.05,test_3,2,0,242,5.245572824866814,True,right/down,0.21218169086161692,300,54200,37.36011419999704,36.90625,1.0
cx0.7_mut0.05,0.7,0.05,test_3,2,1,243,5.066074217280237,True,right/down,0.2602232955021703,300,54200,32.54279300000053,32.1875,1.0
cx0.7_mut0.05,0.7,0.05,test_3,2,2,244,4.927903037805527,True,right/down,0.23113715123675344,300,54200,35.48522729999968,35.15625,1.0
cx0.7_mut0.05,0.7,0.05,test_3,2,3,245,4.974848577753827,True,right/down,0.24598150587905399,300,54200,36.98692260000098,36.328125,1.0
cx0.7_mut0.05,0.7,0.05,test_3,2,4,246,5.096128348939965,True,right/down,0.22899096070875546,300,54200,36.25262670000666,35.609375,1.0
cx0.7_mut0.05,0.7,0.05,test_3,2,5,247,5.142550331244033,True,right/down,0.24835947487107451,300,54200,40.44258190000255,39.71875,1.0
cx0.7_mut0.05,0.7,0.05,test_3,2,6,248,5.001308118999527,True,right/down,0.24398424874854724,300,54200,35.44067089998862,34.953125,1.0
cx0.7_mut0.05,0.7,0.05,test_3,2,7,249,5.348748246669483,True,right/down,0.2515610502873827,300,54200,34.29820750000363,34.0625,1.0
cx0.7_mut0.05,0.7,0.05,test_3,2,8,250,5.086804849419476,True,right/down,0.22380273524240318,300,54200,34.56981899999664,34.203125,1.0
cx0.7_mut0.05,0.7,0.05,test_3,2,9,251,5.176578428421818,True,right/down,0.23748559713248132,300,54200,38.984548899999936,38.546875,1.0
cx0.7_mut0.05,0.7,0.05,test_3,2,10,252,5.091407830125076,True,right/down,0.2514621095531671,300,54200,34.33731569998781,33.890625,1.0
cx0.7_mut0.05,0.7,0.05,test_3,2,11,253,5.192093847970481,True,right/down,0.22626587628220987,300,54200,35.220291300007375,34.84375,1.0
cx0.7_mut0.05,0.7,0.05,test_3,2,12,254,5.013314780180688,True,right/down,0.251955986189451,300,54200,34.912746599991806,34.453125,1.0
cx0.7_mut0.05,0.7,0.05,test_3,2,13,255,4.956285239499989,True,right/down,0.24351939072983383,300,54200,35.5968920999876,35.15625,1.0
cx0.7_mut0.05,0.7,0.05,test_3,2,14,256,5.12774798287174,True,right/down,0.25681469629641523,300,54200,36.99645260001125,36.59375,1.0
cx0.7_mut0.05,0.7,0.05,test_3,2,15,257,5.04235893689555,True,right/down,0.255322950234337,300,54200,35.58093739999458,35.390625,1.0
cx0.7_mut0.05,0.7,0.05,test_3,2,16,258,5.096589595009343,True,right/down,0.2514205099582383,300,54200,36.30415510000603,35.890625,1.0
cx0.7_mut0.05,0.7,0.05,test_3,2,17,259,4.98854987340601,True,right/down,0.24607819208612136,300,54200,34.43471529999806,33.859375,1.0
cx0.7_mut0.05,0.7,0.05,test_3,2,18,260,5.181939287310225,True,right/down,0.24978479946239246,300,54200,36.5769694000046,35.984375,1.0
cx0.7_mut0.05,0.7,0.05,test_3,2,19,261,5.51503613120504,True,right/down,0.2594488006950487,300,54200,35.643298299997696,35.109375,1.0
cx0.7_mut0.05,0.7,0.05,test_4,3,0,342,5.324634981406482,True,right/down,0.21971634216165034,300,54200,34.42636090000451,33.953125,1.0
cx0.7_mut0.05,0.7,0.05,test_4,3,1,343,5.225386411411017,True,right/down,0.2613192379378047,300,54200,32.45460139999341,32.21875,1.0
cx0.7_mut0.05,0.7,0.05,test_4,3,2,344,5.297253704413977,True,right/down,0.22880920526157017,300,54200,34.04076499999792,33.4375,1.0
cx0.7_mut0.05,0.7,0.05,test_4,3,3,345,5.7797832983566275,True,right/down,0.248133066918129,300,54200,34.47533250000561,34.0625,1.0
cx0.7_mut0.05,0.7,0.05,test_4,3,4,346,5.25473808878098,True,right/down,0.240099759447235,300,54200,34.31890639998892,33.84375,1.0
cx0.7_mut0.05,0.7,0.05,test_4,3,5,347,5.65053417964924,True,right/down,0.2620469753177774,300,54200,34.60918230000243,34.1875,1.0
cx0.7_mut0.05,0.7,0.05,test_4,3,6,348,5.185994331006946,True,right/down,0.24602307177387794,300,54200,34.77967310001259,34.65625,1.0
cx0.7_mut0.05,0.7,0.05,test_4,3,7,349,5.177472877082494,True,right/down,0.23191746485041095,300,54200,35.39179609999701,34.890625,1.0
cx0.7_mut0.05,0.7,0.05,test_4,3,8,350,5.954434303074923,True,right/down,0.19126448883044397,300,54200,34.19973999999638,33.984375,1.0
cx0.7_mut0.05,0.7,0.05,test_4,3,9,351,5.404472920239304,True,right/down,0.2551255135539603,300,54200,35.50850090000313,35.15625,1.0
cx0.7_mut0.05,0.7,0.05,test_4,3,10,352,5.042264931431255,True,right/down,0.2234983734011408,300,54200,33.65651760000037,33.484375,1.0
cx0.7_mut0.05,0.7,0.05,test_4,3,11,353,5.430143987630315,True,right/down,0.24391315971846322,300,54200,35.87998169999628,35.53125,1.0
cx0.7_mut0.05,0.7,0.05,test_4,3,12,354,5.654670918146557,True,right/down,0.2344594433400811,300,54200,34.70875219999289,34.125,1.0
cx0.7_mut0.05,0.7,0.05,test_4,3,13,355,5.12255207008103,True,right/down,0.19272535485383294,300,54200,34.83868420000363,34.0625,1.0
cx0.7_mut0.05,0.7,0.05,test_4,3,14,356,5.401441184196841,True,right/down,0.2532061369881469,300,54200,38.69654759998957,37.90625,1.0
cx0.7_mut0.05,0.7,0.05,test_4,3,15,357,5.393415637241796,True,right/down,0.26084488108980025,300,54200,38.19350240001222,37.359375,1.0
cx0.7_mut0.05,0.7,0.05,test_4,3,16,358,5.032581436615393,True,right/down,0.23319233298212655,300,54200,38.32187879999401,37.796875,1.0
cx0.7_mut0.05,0.7,0.05,test_4,3,17,359,5.288794043265675,True,right/down,0.23601349906804572,300,54200,39.376771800001734,38.578125,1.0
cx0.7_mut0.05,0.7,0.05,test_4,3,18,360,5.449858354733159,True,right/down,0.17704365924579182,300,54200,37.09116970001196,36.40625,1.0
cx0.7_mut0.05,0.7,0.05,test_4,3,19,361,5.525793237571531,True,right/down,0.24821713513387964,300,54200,37.696444600005634,37.1875,1.0
cx0.7_mut0.05,0.7,0.05,test_5,4,0,442,5.256089253101442,True,right/down,0.24167215727507585,300,54200,39.63896510000632,39.125,1.0
cx0.7_mut0.05,0.7,0.05,test_5,4,1,443,5.3488711478804,True,right/down,0.20550459742644123,300,54200,37.020126899995375,36.875,1.0
cx0.7_mut0.05,0.7,0.05,test_5,4,2,444,5.141592397952152,True,right/down,0.22934944074575953,300,54200,39.168085400000564,39.03125,1.0
cx0.7_mut0.05,0.7,0.05,test_5,4,3,445,5.1030333280108655,True,right/down,0.2562295958518598,300,54200,35.151356000002124,34.890625,1.0
cx0.7_mut0.05,0.7,0.05,test_5,4,4,446,5.51535253767009,True,right/down,0.2540461049744728,300,54200,37.80556570000772,36.703125,1.0
cx0.7_mut0.05,0.7,0.05,test_5,4,5,447,5.293036869223238,True,right/down,0.2466812192133985,300,54200,38.29644639999606,37.234375,1.0
cx0.7_mut0.05,0.7,0.05,test_5,4,6,448,5.263275062122587,True,right/down,0.23905786826580408,300,54200,36.91858839998895,36.21875,1.0
cx0.7_mut0.05,0.7,0.05,test_5,4,7,449,5.896875748691419,True,right/down,0.1712388014077931,300,54200,38.94086869999592,37.984375,1.0
cx0.7_mut0.05,0.7,0.05,test_5,4,8,450,5.565624151627691,True,right/down,0.22487435697901967,300,54200,40.064204399997834,39.1875,1.0
cx0.7_mut0.05,0.7,0.05,test_5,4,9,451,5.374101888280352,True,right/down,0.24454643220914932,300,54200,40.34103730000788,39.015625,1.0
cx0.7_mut0.05,0.7,0.05,test_5,4,10,452,5.420231911376874,True,right/down,0.2254766447500925,300,54200,41.911834899990936,41.3125,1.0
cx0.7_mut0.05,0.7,0.05,test_5,4,11,453,5.117439549572309,True,right/down,0.24255523753786803,300,54200,36.60721289999492,36.15625,1.0
cx0.7_mut0.05,0.7,0.05,test_5,4,12,454,5.172997014918538,True,right/down,0.23338460063380087,300,54200,41.62897720000183,41.125,1.0
cx0.7_mut0.05,0.7,0.05,test_5,4,13,455,5.192004090774422,True,right/down,0.2126862009208255,300,54200,37.16765970000415,36.8125,1.0
cx0.7_mut0.05,0.7,0.05,test_5,4,14,456,5.192632745298793,True,right/down,0.23955276407353446,300,54200,41.819561900003464,41.4375,1.0
cx0.7_mut0.05,0.7,0.05,test_5,4,15,457,5.185492091523156,True,right/down,0.23252919510984615,300,54200,41.941922500001965,41.578125,1.0
cx0.7_mut0.05,0.7,0.05,test_5,4,16,458,5.799695531748421,True,right/down,0.2533377205158631,300,54200,33.8665195999929,33.46875,1.0
cx0.7_mut0.05,0.7,0.05,test_5,4,17,459,5.499935986806895,True,right/down,0.23713769438803106,300,54200,46.269989099993836,44.65625,1.0
cx0.7_mut0.05,0.7,0.05,test_5,4,18,460,5.162149301188453,True,right/down,0.24733916513375373,300,54200,30.924776400002884,30.359375,1.0
cx0.7_mut0.05,0.7,0.05,test_5,4,19,461,5.164866179182689,True,right/down,0.2107604687596077,300,54200,33.58770070000901,32.90625,1.0
cx0.7_mut0.05,0.7,0.05,test_6,5,0,542,5.403753181004414,True,right/down,0.21895193854772163,300,54200,39.83464479999384,38.890625,1.0
cx0.7_mut0.05,0.7,0.05,test_6,5,1,543,5.3653512991140655,True,right/down,0.2340295838384744,300,54200,38.884075999987544,38.171875,1.0
cx0.7_mut0.05,0.7,0.05,test_6,5,2,544,5.60424503499876,True,right/down,0.21805986135542338,300,54200,38.34124029999657,37.8125,1.0
cx0.7_mut0.05,0.7,0.05,test_6,5,3,545,5.61233160187168,True,right/down,0.22666504804801993,300,54200,33.91681989999779,33.578125,1.0
cx0.7_mut0.05,0.7,0.05,test_6,5,4,546,5.61905486380858,True,right/down,0.24538052542654162,300,54200,40.51790930000425,40.078125,1.0
cx0.7_mut0.05,0.7,0.05,test_6,5,5,547,5.739827381387963,True,right/down,0.23201508926321993,300,54200,41.15400570000929,40.75,1.0
cx0.7_mut0.05,0.7,0.05,test_6,5,6,548,5.830483748273854,True,right/down,0.1584646673279077,300,54200,37.078998600001796,36.71875,1.0
cx0.7_mut0.05,0.7,0.05,test_6,5,7,549,5.730483322005171,True,right/down,0.22128573985100064,300,54200,36.04831579999882,35.53125,1.0
cx0.7_mut0.05,0.7,0.05,test_6,5,8,550,5.74292932237354,True,right/down,0.20618260449257234,300,54200,39.45132249999733,39.34375,1.0
cx0.7_mut0.05,0.7,0.05,test_6,5,9,551,5.369918319537325,True,right/down,0.22377707448240172,300,54200,37.69022099999711,37.140625,1.0
cx0.7_mut0.05,0.7,0.05,test_6,5,10,552,5.720091549512962,True,right/down,0.2250939299566625,300,54200,40.31848240000545,39.859375,1.0
cx0.7_mut0.05,0.7,0.05,test_6,5,11,553,5.804121509762782,True,right/down,0.22908439424507268,300,54200,38.959831300002406,38.15625,1.0
cx0.7_mut0.05,0.7,0.05,test_6,5,12,554,5.563209480826819,True,right/down,0.2509570863221786,300,54200,36.577472499993746,36.0,1.0
cx0.7_mut0.05,0.7,0.05,test_6,5,13,555,5.621734296919161,True,right/down,0.22236119752152064,300,54200,39.078602099994896,38.328125,1.0
cx0.7_mut0.05,0.7,0.05,test_6,5,14,556,5.247270780046375,True,right/down,0.23321014956762814,300,54200,40.272449899988715,39.6875,1.0
cx0.7_mut0.05,0.7,0.05,test_6,5,15,557,5.158191221868618,True,right/down,0.1945294774856368,300,54200,37.41628080001101,37.171875,1.0
cx0.7_mut0.05,0.7,0.05,test_6,5,16,558,5.673911736076191,True,right/down,0.23057649052269874,300,54200,38.472364500004915,38.203125,1.0
cx0.7_mut0.05,0.7,0.05,test_6,5,17,559,5.265278108274028,True,right/down,0.23433426663849366,300,54200,40.20779679999396,39.78125,1.0
cx0.7_mut0.05,0.7,0.05,test_6,5,18,560,5.577686448072948,True,right/down,0.2550340720500391,300,54200,34.572324499997194,34.28125,1.0
cx0.7_mut0.05,0.7,0.05,test_6,5,19,561,5.653287504188862,True,right/down,0.23591329291178376,300,54200,39.767450999992434,39.5625,1.0
cx0.7_mut0.05,0.7,0.05,test_7,6,0,642,5.051523125574644,True,right/down,0.2513774176624873,300,54200,39.295846400011214,38.9375,1.0
cx0.7_mut0.05,0.7,0.05,test_7,6,1,643,5.901371716414823,True,right/down,0.25191066134932477,300,54200,38.60082079999847,38.28125,1.0
cx0.7_mut0.05,0.7,0.05,test_7,6,2,644,5.155417237969118,True,right/down,0.27869676007820166,300,54200,35.491352500001085,35.140625,1.0
cx0.7_mut0.05,0.7,0.05,test_7,6,3,645,5.092200676558259,True,right/down,0.21330284260243512,300,54200,38.69802690000506,38.296875,1.0
cx0.7_mut0.05,0.7,0.05,test_7,6,4,646,5.027050049403391,True,right/down,0.24608093312820598,300,54200,38.4234509000089,37.921875,1.0
cx0.7_mut0.05,0.7,0.05,test_7,6,5,647,5.721971673957018,True,right/down,0.22964324512363465,300,54200,38.50696359999711,37.921875,1.0
cx0.7_mut0.05,0.7,0.05,test_7,6,6,648,5.15114445873173,True,right/down,0.21902484926112242,300,54200,38.126441300002625,37.703125,1.0
cx0.7_mut0.05,0.7,0.05,test_7,6,7,649,5.371150982251523,True,right/down,0.2247224141739551,300,54200,37.79291239999293,36.921875,1.0
cx0.7_mut0.05,0.7,0.05,test_7,6,8,650,5.026670859959604,True,right/down,0.25475826641845145,300,54200,38.378350700004376,38.015625,1.0
cx0.7_mut0.05,0.7,0.05,test_7,6,9,651,5.116677015271296,True,right/down,0.24196383545467204,300,54200,36.986301700002514,36.015625,1.0
cx0.7_mut0.05,0.7,0.05,test_7,6,10,652,4.912145656165981,True,right/down,0.2497631923569916,300,54200,35.88867849999224,35.546875,1.0
cx0.7_mut0.05,0.7,0.05,test_7,6,11,653,5.3237148354637185,True,right/down,0.24709887104422357,300,54200,39.809510399994906,39.40625,1.0
cx0.7_mut0.05,0.7,0.05,test_7,6,12,654,5.062516467400104,True,right/down,0.1964093469617956,300,54200,36.32682859999477,36.078125,1.0
cx0.7_mut0.05,0.7,0.05,test_7,6,13,655,5.196053346147286,True,right/down,0.2304552311546861,300,54200,36.92718640000385,36.6875,1.0
cx0.7_mut0.05,0.7,0.05,test_7,6,14,656,5.600355760352441,True,right/down,0.23656832226988533,300,54200,36.32721030000539,36.03125,1.0
cx0.7_mut0.05,0.7,0.05,test_7,6,15,657,5.08479828778588,True,right/down,0.22413034681527602,300,54200,40.888761299996986,40.65625,1.0
cx0.7_mut0.05,0.7,0.05,test_7,6,16,658,5.296107149874297,True,right/down,0.25008256414420377,300,54200,36.98668770000222,36.140625,1.0
cx0.7_mut0.05,0.7,0.05,test_7,6,17,659,5.200021442448301,True,right/down,0.23535786057372315,300,54200,40.81787919999624,40.453125,1.0
cx0.7_mut0.05,0.7,0.05,test_7,6,18,660,5.156036010244916,True,right/down,0.2020142910559031,300,54200,36.65519149998727,36.0,1.0
cx0.7_mut0.05,0.7,0.05,test_7,6,19,661,5.277588842505072,True,right/down,0.2087554202791159,300,54200,34.91602889999922,34.109375,1.0
cx0.7_mut0.05,0.7,0.05,test_8,7,0,742,5.273060924175551,True,right/down,0.2108721681375042,300,54200,39.29667060000065,38.53125,1.0
cx0.7_mut0.05,0.7,0.05,test_8,7,1,743,5.350694852796527,True,right/down,0.19458736802708407,300,54200,37.37374520000594,36.578125,1.0
cx0.7_mut0.05,0.7,0.05,test_8,7,2,744,5.303385183050354,True,right/down,0.22234457445549816,300,54200,46.437173400001484,45.515625,1.0
cx0.7_mut0.05,0.7,0.05,test_8,7,3,745,5.224326449930582,True,right/down,0.228692654011869,300,54200,39.32537569999113,38.921875,1.0
cx0.7_mut0.05,0.7,0.05,test_8,7,4,746,4.848458623920568,True,right/down,0.2464432471920755,300,54200,38.95521590000135,38.46875,1.0
cx0.7_mut0.05,0.7,0.05,test_8,7,5,747,5.48445723371796,True,right/down,0.24308703345833824,300,54200,42.253597599992645,41.703125,1.0
cx0.7_mut0.05,0.7,0.05,test_8,7,6,748,5.523091788847729,True,right/down,0.22872777789377124,300,54200,37.13642300000356,36.9375,1.0
cx0.7_mut0.05,0.7,0.05,test_8,7,7,749,4.836183182579397,True,right/down,0.26384270711162816,300,54200,35.50965609999548,35.171875,1.0
cx0.7_mut0.05,0.7,0.05,test_8,7,8,750,5.959365124573497,True,right/down,0.24199309686766807,300,54200,38.288810500002,37.890625,1.0
cx0.7_mut0.05,0.7,0.05,test_8,7,9,751,5.404787379820168,True,right/down,0.21564745863003912,300,54200,35.77196259998891,35.578125,1.0
cx0.7_mut0.05,0.7,0.05,test_8,7,10,752,4.830844014047129,True,right/down,0.23990084838320663,300,54200,36.280071799992584,35.703125,1.0
cx0.7_mut0.05,0.7,0.05,test_8,7,11,753,4.913304437128124,True,right/down,0.2533538983878135,300,54200,36.97632810000505,36.09375,1.0
cx0.7_mut0.05,0.7,0.05,test_8,7,12,754,5.221603013194689,True,right/down,0.2245190382853741,300,54200,40.59892910000053,39.78125,1.0
cx0.7_mut0.05,0.7,0.05,test_8,7,13,755,5.066622023701284,True,right/down,0.2267367961311691,300,54200,39.350733500003116,38.640625,1.0
cx0.7_mut0.05,0.7,0.05,test_8,7,14,756,5.039593096989816,True,right/down,0.24441490840890043,300,54200,39.741736300013145,38.8125,1.0
cx0.7_mut0.05,0.7,0.05,test_8,7,15,757,5.19436676419946,True,right/down,0.2267279127647987,300,54200,37.89700099999027,37.578125,1.0
cx0.7_mut0.05,0.7,0.05,test_8,7,16,758,5.215742138297673,True,right/down,0.23372558124658407,300,54200,38.89897569999448,38.578125,1.0
cx0.7_mut0.05,0.7,0.05,test_8,7,17,759,5.030791911820399,True,right/down,0.2431503525335574,300,54200,38.43844739999622,38.125,1.0
cx0.7_mut0.05,0.7,0.05,test_8,7,18,760,4.915730573624343,True,right/down,0.23588906726362183,300,54200,39.75951799999166,39.59375,1.0
cx0.7_mut0.05,0.7,0.05,test_8,7,19,761,5.015411339974752,True,right/down,0.2586248735286765,300,54200,38.01062150001235,37.859375,1.0
cx0.7_mut0.05,0.7,0.05,test_9,8,0,842,5.324811643836087,True,right/down,0.23573342582136242,300,54200,40.49773439999262,40.09375,1.0
cx0.7_mut0.05,0.7,0.05,test_9,8,1,843,5.52213720624055,True,right/down,0.209431031367558,300,54200,35.97163200000068,35.421875,1.0
cx0.7_mut0.05,0.7,0.05,test_9,8,2,844,5.326109926270295,True,right/down,0.23266892249797053,300,54200,36.990899699987494,36.671875,1.0
cx0.7_mut0.05,0.7,0.05,test_9,8,3,845,5.502339894334547,True,right/down,0.2321501607426965,300,54200,37.64719139999943,37.1875,1.0
cx0.7_mut0.05,0.7,0.05,test_9,8,4,846,5.388344629742501,True,right/down,0.16634008618427176,300,54200,34.9644541000016,34.71875,1.0
cx0.7_mut0.05,0.7,0.05,test_9,8,5,847,5.278754291631432,True,right/down,0.18068839333733536,300,54200,38.274781600004644,37.59375,1.0
cx0.7_mut0.05,0.7,0.05,test_9,8,6,848,5.326286458405212,True,right/down,0.22137793127916885,300,54200,36.639075400002184,36.015625,1.0
cx0.7_mut0.05,0.7,0.05,test_9,8,7,849,5.378020454955579,True,right/down,0.226411373133411,300,54200,38.15664220000326,37.5625,1.0
cx0.7_mut0.05,0.7,0.05,test_9,8,8,850,5.342327756507997,True,right/down,0.23262927244274734,300,54200,40.40988629999629,39.8125,1.0
cx0.7_mut0.05,0.7,0.05,test_9,8,9,851,5.630763252625693,True,right/down,0.24690916462325133,300,54200,39.223761800007196,38.8125,1.0
cx0.7_mut0.05,0.7,0.05,test_9,8,10,852,5.416829058750405,True,right/down,0.23478072357462526,300,54200,40.26520449999953,39.46875,1.0
cx0.7_mut0.05,0.7,0.05,test_9,8,11,853,5.077971088139414,True,right/down,0.24174607653272973,300,54200,38.6690796000039,38.515625,1.0
cx0.7_mut0.05,0.7,0.05,test_9,8,12,854,5.358667813593826,True,right/down,0.24283766705301177,300,54200,41.47283849999076,41.171875,1.0
cx0.7_mut0.05,0.7,0.05,test_9,8,13,855,5.431643225083569,True,right/down,0.24474192409224058,300,54200,38.56816169999365,38.21875,1.0
cx0.7_mut0.05,0.7,0.05,test_9,8,14,856,5.412741644244406,True,right/down,0.23202691117217708,300,54200,37.015483700000914,36.625,1.0
cx0.7_mut0.05,0.7,0.05,test_9,8,15,857,5.509521582428269,True,right/down,0.2203555213689826,300,54200,37.729577300007804,37.515625,1.0
cx0.7_mut0.05,0.7,0.05,test_9,8,16,858,5.87309953208455,True,right/down,0.210706862451657,300,54200,36.23937460000161,35.984375,1.0
cx0.7_mut0.05,0.7,0.05,test_9,8,17,859,5.256814452505392,True,right/down,0.24033440557914945,300,54200,37.63302890000341,36.953125,1.0
cx0.7_mut0.05,0.7,0.05,test_9,8,18,860,5.266694195560127,True,right/down,0.23228818021367972,300,54200,36.11075560000609,35.65625,1.0
cx0.7_mut0.05,0.7,0.05,test_9,8,19,861,5.306132519431415,True,right/down,0.24039321128018276,300,54200,37.886316599993734,37.25,1.0
cx0.7_mut0.05,0.7,0.05,test_10,9,0,942,5.458409512493214,True,right/down,0.24454087917167744,300,54200,38.147016999995685,37.5625,1.0
cx0.7_mut0.05,0.7,0.05,test_10,9,1,943,5.419878115848661,True,right/down,0.21313780501510934,300,54200,41.84889570000814,41.140625,1.0
cx0.7_mut0.05,0.7,0.05,test_10,9,2,944,5.189654850897346,True,right/down,0.20552724600969,300,54200,40.52250520000234,39.90625,1.0
cx0.7_mut0.05,0.7,0.05,test_10,9,3,945,5.342232859876424,True,right/down,0.20364690354447226,300,54200,37.76061369999661,37.453125,1.0
cx0.7_mut0.05,0.7,0.05,test_10,9,4,946,5.592069904001101,True,right/down,0.20720729154736284,300,54200,40.67020779999439,40.453125,1.0
cx0.7_mut0.05,0.7,0.05,test_10,9,5,947,5.199371820516996,True,right/down,0.2185577592051743,300,54200,43.59844169999997,43.203125,1.0
cx0.7_mut0.05,0.7,0.05,test_10,9,6,948,5.216864995501286,True,right/down,0.20971498289022042,300,54200,40.83532070000365,40.203125,1.0
cx0.7_mut0.05,0.7,0.05,test_10,9,7,949,5.263070987533975,True,right/down,0.2341741609573551,300,54200,38.783670599994366,38.375,1.0
cx0.7_mut0.05,0.7,0.05,test_10,9,8,950,5.793187037018138,True,right/down,0.21659665733678476,300,54200,39.58083259999694,39.234375,1.0
cx0.7_mut0.05,0.7,0.05,test_10,9,9,951,5.274943948692416,True,right/down,0.21811639130988444,300,54200,36.2413760000054,35.578125,1.0
cx0.7_mut0.05,0.7,0.05,test_10,9,10,952,5.426694410826141,True,right/down,0.2350019950676403,300,54200,41.07750899999519,40.8125,1.0
cx0.7_mut0.05,0.7,0.05,test_10,9,11,953,5.2671832537255145,True,right/down,0.2388865402036815,300,54200,37.75690420001047,37.21875,1.0
cx0.7_mut0.05,0.7,0.05,test_10,9,12,954,5.32934418829945,True,right/down,0.17762930851069247,300,54200,39.74784250000084,39.15625,1.0
cx0.7_mut0.05,0.7,0.05,test_10,9,13,955,5.597820699465087,True,right/down,0.23396308433094737,300,54200,36.936540900002,36.3125,1.0
cx0.7_mut0.05,0.7,0.05,test_10,9,14,956,5.466296708462723,True,right/down,0.22677519324840248,300,54200,33.88889119999658,33.359375,1.0
cx0.7_mut0.05,0.7,0.05,test_10,9,15,957,5.319538628274281,True,right/down,0.193563158051844,300,54200,37.19480639998801,36.546875,1.0
cx0.7_mut0.05,0.7,0.05,test_10,9,16,958,5.30334383491431,True,right/down,0.23452500923431696,300,54200,39.77732009999454,39.25,1.0
cx0.7_mut0.05,0.7,0.05,test_10,9,17,959,5.284070305650991,True,right/down,0.21237332574738702,300,54200,39.54415480000898,39.359375,1.0
cx0.7_mut0.05,0.7,0.05,test_10,9,18,960,5.259100489630377,True,right/down,0.225939608917972,300,54200,36.37622279999778,36.109375,1.0
cx0.7_mut0.05,0.7,0.05,test_10,9,19,961,5.922191564970591,True,right/down,0.22277124206410093,300,54200,33.06661779999558,32.84375,1.0
cx0.7_mut0.1,0.7,0.1,test_1,0,0,42,5.104342415040335,True,right/down,0.19321640778559282,300,54200,31.568843799992464,31.0625,1.0
cx0.7_mut0.1,0.7,0.1,test_1,0,1,43,5.579862105133784,True,right/down,0.23455844892952876,300,54200,29.252917699996033,28.90625,1.0
cx0.7_mut0.1,0.7,0.1,test_1,0,2,44,5.197505372017136,True,right/down,0.23026939200344135,300,54200,29.676886500004912,29.078125,1.0
cx0.7_mut0.1,0.7,0.1,test_1,0,3,45,5.017955230672774,True,right/down,0.21874456411415824,300,54200,30.451778000002378,29.890625,1.0
cx0.7_mut0.1,0.7,0.1,test_1,0,4,46,5.27174592018204,True,right/down,0.23518036127179284,300,54200,31.167177399998764,30.546875,1.0
cx0.7_mut0.1,0.7,0.1,test_1,0,5,47,5.311678086086622,True,right/down,0.2295560524545869,300,54200,29.33906919999572,28.921875,1.0
cx0.7_mut0.1,0.7,0.1,test_1,0,6,48,5.014422996373487,True,right/down,0.23507422539358805,300,54200,29.80354310000257,29.46875,1.0
cx0.7_mut0.1,0.7,0.1,test_1,0,7,49,5.0475961939118035,True,right/down,0.23404243829632645,300,54200,32.33373769999889,32.015625,1.0
cx0.7_mut0.1,0.7,0.1,test_1,0,8,50,5.221511012798468,True,right/down,0.24978012338095706,300,54200,29.93813009999576,29.671875,1.0
cx0.7_mut0.1,0.7,0.1,test_1,0,9,51,5.409560313987805,True,right/down,0.18006691650741666,300,54200,28.699760799994692,28.359375,1.0
cx0.7_mut0.1,0.7,0.1,test_1,0,10,52,5.016609455738664,True,right/down,0.23319560277770154,300,54200,30.930472000007285,30.546875,1.0
cx0.7_mut0.1,0.7,0.1,test_1,0,11,53,5.348568166348268,True,right/down,0.20824535789952894,300,54200,27.188645000001998,27.0,1.0
cx0.7_mut0.1,0.7,0.1,test_1,0,12,54,5.501695320898177,True,right/down,0.19417741268019564,300,54200,28.953360300001805,28.78125,1.0
cx0.7_mut0.1,0.7,0.1,test_1,0,13,55,5.279051083342586,True,right/down,0.24210035540327254,300,54200,28.750442699994892,28.421875,1.0
cx0.7_mut0.1,0.7,0.1,test_1,0,14,56,5.023071212341269,True,right/down,0.23743625976530502,300,54200,30.632219799997984,30.21875,1.0
cx0.7_mut0.1,0.7,0.1,test_1,0,15,57,5.05683928333235,True,right/down,0.24148118185208983,300,54200,30.684317399995052,30.0,1.0
cx0.7_mut0.1,0.7,0.1,test_1,0,16,58,5.742651136254189,True,right/down,0.20794650517611332,300,54200,30.322450799998478,29.609375,1.0
cx0.7_mut0.1,0.7,0.1,test_1,0,17,59,4.9756245264488115,True,right/down,0.2239177776526852,300,54200,29.390884799999185,28.796875,1.0
cx0.7_mut0.1,0.7,0.1,test_1,0,18,60,5.288444706756905,True,right/down,0.21071979256394502,300,54200,29.843966999993427,29.5,1.0
cx0.7_mut0.1,0.7,0.1,test_1,0,19,61,5.534561720779015,True,right/down,0.19244102762624496,300,54200,30.542459000003873,30.359375,1.0
cx0.7_mut0.1,0.7,0.1,test_2,1,0,142,5.0524326649069975,True,right/down,0.1833059964532882,300,54200,29.485909099996206,29.296875,1.0
cx0.7_mut0.1,0.7,0.1,test_2,1,1,143,5.391615697283562,True,right/down,0.20148290123390813,300,54200,30.166889899992384,29.78125,1.0
cx0.7_mut0.1,0.7,0.1,test_2,1,2,144,5.400035402575078,True,right/down,0.24240513781061543,300,54200,30.19004089999362,29.828125,1.0
cx0.7_mut0.1,0.7,0.1,test_2,1,3,145,5.177824075099787,True,right/down,0.24554361877457057,300,54200,28.214795899999444,27.90625,1.0
cx0.7_mut0.1,0.7,0.1,test_2,1,4,146,5.281789981201276,True,right/down,0.20863365201857356,300,54200,30.63518219999969,30.421875,1.0
cx0.7_mut0.1,0.7,0.1,test_2,1,5,147,5.430699628781348,True,right/down,0.2247380537464411,300,54200,28.974522200005595,28.578125,1.0
cx0.7_mut0.1,0.7,0.1,test_2,1,6,148,5.184543840505317,True,right/down,0.2277982682827277,300,54200,30.917869100012467,30.40625,1.0
cx0.7_mut0.1,0.7,0.1,test_2,1,7,149,5.604294202199599,True,right/down,0.26159890282245446,300,54200,29.07819010000094,28.671875,1.0
cx0.7_mut0.1,0.7,0.1,test_2,1,8,150,5.430959532419935,True,right/down,0.22322933503099673,300,54200,29.671315200001118,29.0625,1.0
cx0.7_mut0.1,0.7,0.1,test_2,1,9,151,5.344807001687066,True,right/down,0.23448160960407813,300,54200,29.41491930000484,28.765625,1.0
cx0.7_mut0.1,0.7,0.1,test_2,1,10,152,5.266286933507538,True,right/down,0.22516503837894675,300,54200,30.06661819999863,29.5625,1.0
cx0.7_mut0.1,0.7,0.1,test_2,1,11,153,5.151708887728645,True,right/down,0.22925099016773287,300,54200,30.175894200001494,29.671875,1.0
cx0.7_mut0.1,0.7,0.1,test_2,1,12,154,5.2347634409936035,True,right/down,0.21213359810462987,300,54200,28.935197500002687,28.5,1.0
cx0.7_mut0.1,0.7,0.1,test_2,1,13,155,5.098141521456978,True,right/down,0.22854819342050897,300,54200,31.5690362000023,31.28125,1.0
cx0.7_mut0.1,0.7,0.1,test_2,1,14,156,5.220388001383587,True,right/down,0.2543683124074672,300,54200,30.05040480000025,29.765625,1.0
cx0.7_mut0.1,0.7,0.1,test_2,1,15,157,5.319706137214284,True,right/down,0.21987585514361474,300,54200,31.72450920000847,31.59375,1.0
cx0.7_mut0.1,0.7,0.1,test_2,1,16,158,5.203553141176444,True,right/down,0.21898413623141358,300,54200,29.72111610000138,29.53125,1.0
cx0.7_mut0.1,0.7,0.1,test_2,1,17,159,5.150861735374959,True,right/down,0.24188858765932691,300,54200,30.436606499992195,30.046875,1.0
cx0.7_mut0.1,0.7,0.1,test_2,1,18,160,5.4281695882628735,True,right/down,0.2285542867105162,300,54200,29.78678170000785,29.375,1.0
cx0.7_mut0.1,0.7,0.1,test_2,1,19,161,5.233345170165343,True,right/down,0.2406679414633527,300,54200,27.616267300007166,27.40625,1.0
cx0.7_mut0.1,0.7,0.1,test_3,2,0,242,5.248075713986324,True,right/down,0.26082264124437926,300,54200,30.561495999994804,30.265625,1.0
cx0.7_mut0.1,0.7,0.1,test_3,2,1,243,5.354653279608273,True,right/down,0.2348210309169343,300,54200,29.653898599994136,29.453125,1.0
cx0.7_mut0.1,0.7,0.1,test_3,2,2,244,5.00505968786285,True,right/down,0.24863001544950278,300,54200,29.061516100002336,28.875,1.0
cx0.7_mut0.1,0.7,0.1,test_3,2,3,245,5.5311445207883265,True,right/down,0.23999755596594566,300,54200,28.57115679999697,28.03125,1.0
cx0.7_mut0.1,0.7,0.1,test_3,2,4,246,5.0960356584364686,True,right/down,0.2602024133444993,300,54200,30.30806880000455,29.71875,1.0
cx0.7_mut0.1,0.7,0.1,test_3,2,5,247,5.25193862178495,True,right/down,0.26735933180304045,300,54200,33.478438800011645,33.015625,1.0
cx0.7_mut0.1,0.7,0.1,test_3,2,6,248,5.136543172296561,True,right/down,0.1944122933219776,300,54200,30.336213600006886,30.015625,1.0
cx0.7_mut0.1,0.7,0.1,test_3,2,7,249,5.139275178537826,True,right/down,0.2154667439984445,300,54200,29.676534800004447,29.46875,1.0
cx0.7_mut0.1,0.7,0.1,test_3,2,8,250,5.02820567901625,True,right/down,0.22302451776980378,300,54200,29.384570900001563,29.15625,1.0
cx0.7_mut0.1,0.7,0.1,test_3,2,9,251,5.124591097223444,True,right/down,0.2522285526437023,300,54200,28.13810840000224,27.859375,1.0
cx0.7_mut0.1,0.7,0.1,test_3,2,10,252,4.978633734436097,True,right/down,0.23078284338307534,300,54200,29.68485520000104,29.359375,1.0
cx0.7_mut0.1,0.7,0.1,test_3,2,11,253,5.244021898581615,True,right/down,0.25688866820032813,300,54200,29.559510499995667,29.25,1.0
cx0.7_mut0.1,0.7,0.1,test_3,2,12,254,5.123965522207023,True,right/down,0.24345761378070446,300,54200,31.569550999993226,31.015625,1.0
cx0.7_mut0.1,0.7,0.1,test_3,2,13,255,5.076692816221432,True,right/down,0.22815145070065979,300,54200,31.966656599994167,31.5,1.0
cx0.7_mut0.1,0.7,0.1,test_3,2,14,256,4.919260918742506,True,right/down,0.23266096109034837,300,54200,29.58913000000757,29.359375,1.0
cx0.7_mut0.1,0.7,0.1,test_3,2,15,257,5.060476945190539,True,right/down,0.22544725481873298,300,54200,30.355268900006195,30.109375,1.0
cx0.7_mut0.1,0.7,0.1,test_3,2,16,258,4.950359262876068,True,right/down,0.23144495397944884,300,54200,28.119352800000343,27.78125,1.0
cx0.7_mut0.1,0.7,0.1,test_3,2,17,259,4.9425461900970955,True,right/down,0.21762513245736356,300,54200,29.882509100003517,29.546875,1.0
cx0.7_mut0.1,0.7,0.1,test_3,2,18,260,4.897252957901278,True,right/down,0.25398863694683366,300,54200,27.883921999993618,27.171875,1.0
cx0.7_mut0.1,0.7,0.1,test_3,2,19,261,5.222204804898786,True,right/down,0.25313313957414946,300,54200,30.55918379999639,30.140625,1.0
cx0.7_mut0.1,0.7,0.1,test_4,3,0,342,5.121609434093461,True,right/down,0.24873880850705768,300,54200,28.2490919999982,27.859375,1.0
cx0.7_mut0.1,0.7,0.1,test_4,3,1,343,5.437183660661805,True,right/down,0.23879150824587936,300,54200,29.192238199990243,28.640625,1.0
cx0.7_mut0.1,0.7,0.1,test_4,3,2,344,5.030277174396065,True,right/down,0.25971458373240475,300,54200,31.385169000001042,30.9375,1.0
cx0.7_mut0.1,0.7,0.1,test_4,3,3,345,5.028329183382281,True,right/down,0.24020336386880964,300,54200,28.420770199998515,27.984375,1.0
cx0.7_mut0.1,0.7,0.1,test_4,3,4,346,5.171087332018297,True,right/down,0.2366230809294179,300,54200,30.19544749999477,29.609375,1.0
cx0.7_mut0.1,0.7,0.1,test_4,3,5,347,5.0237305685630576,True,right/down,0.25116875532485833,300,54200,29.865247300011106,29.5,1.0
cx0.7_mut0.1,0.7,0.1,test_4,3,6,348,5.120596707591146,True,right/down,0.24330206802795862,300,54200,30.820059200006654,30.625,1.0
cx0.7_mut0.1,0.7,0.1,test_4,3,7,349,4.997227571395687,True,right/down,0.22328999078055728,300,54200,28.88291990000289,28.671875,1.0
cx0.7_mut0.1,0.7,0.1,test_4,3,8,350,5.159423707591685,True,right/down,0.216471782409749,300,54200,32.20936249999795,32.078125,1.0
cx0.7_mut0.1,0.7,0.1,test_4,3,9,351,4.9489097399835895,True,right/down,0.21675938984617657,300,54200,30.08044130000053,29.859375,1.0
cx0.7_mut0.1,0.7,0.1,test_4,3,10,352,5.143778017090807,True,right/down,0.2301889676500376,300,54200,31.893550300010247,31.671875,1.0
cx0.7_mut0.1,0.7,0.1,test_4,3,11,353,4.9970599191635525,True,right/down,0.2197689529048516,300,54200,28.653152900005807,28.53125,1.0
cx0.7_mut0.1,0.7,0.1,test_4,3,12,354,5.251696288138461,True,right/down,0.24838794161292624,300,54200,30.416851999994833,30.078125,1.0
cx0.7_mut0.1,0.7,0.1,test_4,3,13,355,5.320364897218484,True,right/down,0.23970626765764505,300,54200,30.161562000008416,29.640625,1.0
cx0.7_mut0.1,0.7,0.1,test_4,3,14,356,5.003882389567453,True,right/down,0.22915345527682793,300,54200,33.65545930000371,32.828125,1.0
cx0.7_mut0.1,0.7,0.1,test_4,3,15,357,5.078203739860321,True,right/down,0.23933061535992428,300,54200,31.80557039999985,31.203125,1.0
cx0.7_mut0.1,0.7,0.1,test_4,3,16,358,5.187932157021047,True,right/down,0.22527284221630425,300,54200,33.96585569999297,33.53125,1.0
cx0.7_mut0.1,0.7,0.1,test_4,3,17,359,5.279478050588882,True,right/down,0.20342852704801134,300,54200,34.432480799994664,33.640625,1.0
cx0.7_mut0.1,0.7,0.1,test_4,3,18,360,4.971938170234006,True,right/down,0.2306839843786617,300,54200,31.756485999998404,30.984375,1.0
cx0.7_mut0.1,0.7,0.1,test_4,3,19,361,5.444665196929796,True,right/down,0.2611641108791739,300,54200,32.38222899999528,31.8125,1.0
cx0.7_mut0.1,0.7,0.1,test_5,4,0,442,5.0852975811076035,True,right/down,0.24638572080922608,300,54200,32.733366600004956,32.21875,1.0
cx0.7_mut0.1,0.7,0.1,test_5,4,1,443,5.242929325838347,True,right/down,0.2474756243334235,300,54200,31.915711299996474,31.78125,1.0
cx0.7_mut0.1,0.7,0.1,test_5,4,2,444,5.190439840284583,True,right/down,0.22647991276770885,300,54200,34.10799509999924,33.90625,1.0
cx0.7_mut0.1,0.7,0.1,test_5,4,3,445,5.218461797607009,True,right/down,0.21277500530584342,300,54200,34.17757250000432,33.96875,1.0
cx0.7_mut0.1,0.7,0.1,test_5,4,4,446,5.3344447907215535,True,right/down,0.237580848542826,300,54200,33.775130899986834,33.1875,1.0
cx0.7_mut0.1,0.7,0.1,test_5,4,5,447,5.271222008901713,True,right/down,0.2497282456386845,300,54200,34.953400300000794,34.25,1.0
cx0.7_mut0.1,0.7,0.1,test_5,4,6,448,5.209393816953132,True,right/down,0.25652113233371454,300,54200,33.404933299985714,32.625,1.0
cx0.7_mut0.1,0.7,0.1,test_5,4,7,449,5.090558291834224,True,right/down,0.2473069804283493,300,54200,32.2033434999903,31.578125,1.0
cx0.7_mut0.1,0.7,0.1,test_5,4,8,450,5.159971085845843,True,right/down,0.23572402264355993,300,54200,30.292269500001566,29.5625,1.0
cx0.7_mut0.1,0.7,0.1,test_5,4,9,451,5.835677037905069,True,right/down,0.22132533190396422,300,54200,35.436213599998155,33.8125,1.0
cx0.7_mut0.1,0.7,0.1,test_5,4,10,452,5.213428007214513,True,right/down,0.2269482510470487,300,54200,33.222792399988975,32.734375,1.0
cx0.7_mut0.1,0.7,0.1,test_5,4,11,453,5.208275776405287,True,right/down,0.22147694704386414,300,54200,32.81647510000039,32.296875,1.0
cx0.7_mut0.1,0.7,0.1,test_5,4,12,454,5.046268063749762,True,right/down,0.2244086414983812,300,54200,33.281228000007104,32.921875,1.0
cx0.7_mut0.1,0.7,0.1,test_5,4,13,455,5.153752564230215,True,right/down,0.23313653692978387,300,54200,34.0858656999917,33.84375,1.0
cx0.7_mut0.1,0.7,0.1,test_5,4,14,456,5.31723273986748,True,right/down,0.25895443479436603,300,54200,32.69636279999395,32.421875,1.0
cx0.7_mut0.1,0.7,0.1,test_5,4,15,457,5.1990081828603,True,right/down,0.2271390396584212,300,54200,31.092244900006335,30.703125,1.0
cx0.7_mut0.1,0.7,0.1,test_5,4,16,458,5.724410196413133,True,right/down,0.21560226609000377,300,54200,31.33726449999085,30.96875,1.0
cx0.7_mut0.1,0.7,0.1,test_5,4,17,459,5.277223514278804,True,right/down,0.22395047278161898,300,54200,35.35932550000143,34.0625,1.0
cx0.7_mut0.1,0.7,0.1,test_5,4,18,460,5.202826987656467,True,right/down,0.22738478776419835,300,54200,27.99417629999516,27.53125,1.0
cx0.7_mut0.1,0.7,0.1,test_5,4,19,461,5.231059647993044,True,right/down,0.2381659267400345,300,54200,29.363686500000767,28.6875,1.0
cx0.7_mut0.1,0.7,0.1,test_6,5,0,542,5.418666208593545,True,right/down,0.22892217610524157,300,54200,30.76680059998762,29.859375,1.0
cx0.7_mut0.1,0.7,0.1,test_6,5,1,543,5.248444725804159,True,right/down,0.23156626686312717,300,54200,34.71063960000174,34.140625,1.0
cx0.7_mut0.1,0.7,0.1,test_6,5,2,544,5.401832412369659,True,right/down,0.2267551293387555,300,54200,32.433908399994834,32.03125,1.0
cx0.7_mut0.1,0.7,0.1,test_6,5,3,545,5.267558478347442,True,right/down,0.24096972419998886,300,54200,31.115044899997883,30.90625,1.0
cx0.7_mut0.1,0.7,0.1,test_6,5,4,546,5.188756437502636,True,right/down,0.21089294084701166,300,54200,31.707588999997824,31.5,1.0
cx0.7_mut0.1,0.7,0.1,test_6,5,5,547,5.360183739654931,True,right/down,0.2213006140639519,300,54200,32.278302499995334,31.984375,1.0
cx0.7_mut0.1,0.7,0.1,test_6,5,6,548,5.367865047764794,True,right/down,0.21593610672322613,300,54200,32.24284449999686,31.984375,1.0
cx0.7_mut0.1,0.7,0.1,test_6,5,7,549,5.414773079209077,True,right/down,0.2137288134493535,300,54200,36.47756980000122,35.75,1.0
cx0.7_mut0.1,0.7,0.1,test_6,5,8,550,5.76831899635911,True,right/down,0.22499823474978062,300,54200,31.45715819999168,31.21875,1.0
cx0.7_mut0.1,0.7,0.1,test_6,5,9,551,5.4186658233199765,True,right/down,0.2461845210685014,300,54200,34.05049720000534,33.5,1.0
cx0.7_mut0.1,0.7,0.1,test_6,5,10,552,5.776027612586452,True,right/down,0.23829055644413333,300,54200,32.894364199994016,32.6875,1.0
cx0.7_mut0.1,0.7,0.1,test_6,5,11,553,5.57748073378747,True,right/down,0.23871516174778823,300,54200,33.244532400000026,32.53125,1.0
cx0.7_mut0.1,0.7,0.1,test_6,5,12,554,5.3288432720494665,True,right/down,0.24515820382651718,300,54200,29.099604599992745,28.78125,1.0
cx0.7_mut0.1,0.7,0.1,test_6,5,13,555,5.473757216501626,True,right/down,0.21863813829168222,300,54200,33.674688400002196,32.953125,1.0
cx0.7_mut0.1,0.7,0.1,test_6,5,14,556,5.646476794608456,True,right/down,0.2390820400264185,300,54200,33.805876099999296,33.359375,1.0
cx0.7_mut0.1,0.7,0.1,test_6,5,15,557,5.842632568478422,True,right/down,0.19093067052734639,300,54200,33.23959240000113,33.125,1.0
cx0.7_mut0.1,0.7,0.1,test_6,5,16,558,5.394924589697135,True,right/down,0.23074330732800108,300,54200,32.342138899999554,32.203125,1.0
cx0.7_mut0.1,0.7,0.1,test_6,5,17,559,5.30861662934769,True,right/down,0.2270966864320099,300,54200,31.220252099999925,30.9375,1.0
cx0.7_mut0.1,0.7,0.1,test_6,5,18,560,5.350374348642633,True,right/down,0.2206315546704118,300,54200,30.44921200000681,29.953125,1.0
cx0.7_mut0.1,0.7,0.1,test_6,5,19,561,5.264611428279107,True,right/down,0.23693994195053217,300,54200,32.81961710000178,32.65625,1.0
cx0.7_mut0.1,0.7,0.1,test_7,6,0,642,5.229049687009851,True,right/down,0.22225743235304424,300,54200,31.141741400002502,30.671875,1.0
cx0.7_mut0.1,0.7,0.1,test_7,6,1,643,5.139967065615737,True,right/down,0.2271915277155415,300,54200,32.61481999998796,32.375,1.0
cx0.7_mut0.1,0.7,0.1,test_7,6,2,644,5.124651644276877,True,right/down,0.2590799845245351,300,54200,32.541500699997414,32.09375,1.0
cx0.7_mut0.1,0.7,0.1,test_7,6,3,645,5.050712627426487,True,right/down,0.23161878746170503,300,54200,31.782532599987462,31.4375,1.0
cx0.7_mut0.1,0.7,0.1,test_7,6,4,646,5.125017562890159,True,right/down,0.24602706403925687,300,54200,31.52471450000303,31.015625,1.0
cx0.7_mut0.1,0.7,0.1,test_7,6,5,647,4.920168220514777,True,right/down,0.22085614919346125,300,54200,30.008402299994486,29.375,1.0
cx0.7_mut0.1,0.7,0.1,test_7,6,6,648,5.244607365734849,True,right/down,0.20594237288909745,300,54200,32.95219700000598,32.59375,1.0
cx0.7_mut0.1,0.7,0.1,test_7,6,7,649,5.213053293665347,True,right/down,0.2319200277845486,300,54200,31.07566420000512,30.453125,1.0
cx0.7_mut0.1,0.7,0.1,test_7,6,8,650,4.783253766838583,True,right/down,0.2275184003414726,300,54200,30.784981500008143,30.484375,1.0
cx0.7_mut0.1,0.7,0.1,test_7,6,9,651,5.042436914880874,True,right/down,0.19582724345612187,300,54200,34.66304120000859,33.890625,1.0
cx0.7_mut0.1,0.7,0.1,test_7,6,10,652,5.127498491335858,True,right/down,0.2553625974113742,300,54200,33.831021200006944,33.59375,1.0
cx0.7_mut0.1,0.7,0.1,test_7,6,11,653,5.1517277132191115,True,right/down,0.26853738026154694,300,54200,32.26301080000121,31.96875,1.0
cx0.7_mut0.1,0.7,0.1,test_7,6,12,654,5.02890893188242,True,right/down,0.22815397860407505,300,54200,33.31394629999704,32.890625,1.0
cx0.7_mut0.1,0.7,0.1,test_7,6,13,655,5.000447077027532,True,right/down,0.24150597127802367,300,54200,34.82598900000448,34.5625,1.0
cx0.7_mut0.1,0.7,0.1,test_7,6,14,656,5.160988792246502,True,right/down,0.24880572544608426,300,54200,34.08637659999658,33.78125,1.0
cx0.7_mut0.1,0.7,0.1,test_7,6,15,657,5.108781411069147,True,right/down,0.20682718515466178,300,54200,34.44895800000813,34.265625,1.0
cx0.7_mut0.1,0.7,0.1,test_7,6,16,658,5.029114413377698,True,right/down,0.23978324719137026,300,54200,31.915903100001742,31.125,1.0
cx0.7_mut0.1,0.7,0.1,test_7,6,17,659,5.582289177749979,True,right/down,0.2574342823757307,300,54200,32.181878299990785,31.921875,1.0
cx0.7_mut0.1,0.7,0.1,test_7,6,18,660,4.963917717700224,True,right/down,0.23428502072611587,300,54200,30.880063100004918,30.5625,1.0
cx0.7_mut0.1,0.7,0.1,test_7,6,19,661,5.0198738676710555,True,right/down,0.23796589201677956,300,54200,33.65185690000362,33.0,1.0
cx0.7_mut0.1,0.7,0.1,test_8,7,0,742,4.9997806874579815,True,right/down,0.2530640642317823,300,54200,32.969719100001385,32.328125,1.0
cx0.7_mut0.1,0.7,0.1,test_8,7,1,743,5.206075865988331,True,right/down,0.18346937396900395,300,54200,35.323148999988916,34.625,1.0
cx0.7_mut0.1,0.7,0.1,test_8,7,2,744,5.2311682106160795,True,right/down,0.24269913320321648,300,54200,32.54851749999216,31.96875,1.0
cx0.7_mut0.1,0.7,0.1,test_8,7,3,745,5.132274878045806,True,right/down,0.23241546779932376,300,54200,33.85820519999834,33.515625,1.0
cx0.7_mut0.1,0.7,0.1,test_8,7,4,746,5.182306428373069,True,right/down,0.2591873987596408,300,54200,30.58197180001298,30.265625,1.0
cx0.7_mut0.1,0.7,0.1,test_8,7,5,747,5.330156847077861,True,right/down,0.22693685145627687,300,54200,32.16305360000115,31.734375,1.0
cx0.7_mut0.1,0.7,0.1,test_8,7,6,748,5.11786788675683,True,right/down,0.2089688400085499,300,54200,35.989329700008966,35.8125,1.0
cx0.7_mut0.1,0.7,0.1,test_8,7,7,749,5.2146126529217,True,right/down,0.24592123985647646,300,54200,33.26613109999744,33.0625,1.0
cx0.7_mut0.1,0.7,0.1,test_8,7,8,750,5.04523891072559,True,right/down,0.24053804402454107,300,54200,32.22827930000494,31.9375,1.0
cx0.7_mut0.1,0.7,0.1,test_8,7,9,751,5.724729621575561,True,right/down,0.24838737387174717,300,54200,33.839039200000116,33.625,1.0
cx0.7_mut0.1,0.7,0.1,test_8,7,10,752,5.217868684697393,True,right/down,0.24278804149122774,300,54200,32.8071071000013,32.359375,1.0
cx0.7_mut0.1,0.7,0.1,test_8,7,11,753,5.267880833603293,True,right/down,0.2229717020485886,300,54200,32.99598639999749,32.40625,1.0
cx0.7_mut0.1,0.7,0.1,test_8,7,12,754,5.391282922946809,True,right/down,0.24870959807348741,300,54200,30.362753900000826,29.78125,1.0
cx0.7_mut0.1,0.7,0.1,test_8,7,13,755,4.8666761836367405,True,right/down,0.22849560392523993,300,54200,32.55788069999835,31.953125,1.0
cx0.7_mut0.1,0.7,0.1,test_8,7,14,756,4.9489341611984115,True,right/down,0.22674454396561042,300,54200,37.499535700000706,36.59375,1.0
cx0.7_mut0.1,0.7,0.1,test_8,7,15,757,5.400712187142146,True,right/down,0.2481666332236579,300,54200,28.826524100004463,28.515625,1.0
cx0.7_mut0.1,0.7,0.1,test_8,7,16,758,5.105510105151547,True,right/down,0.23196221311579723,300,54200,35.83623480000824,35.625,1.0
cx0.7_mut0.1,0.7,0.1,test_8,7,17,759,5.150358620693897,True,right/down,0.2590239756575099,300,54200,32.66767170000821,32.375,1.0
cx0.7_mut0.1,0.7,0.1,test_8,7,18,760,4.954265654812678,True,right/down,0.2052241150878177,300,54200,34.171996299992315,33.96875,1.0
cx0.7_mut0.1,0.7,0.1,test_8,7,19,761,4.960994451812897,True,right/down,0.2571475392501912,300,54200,32.23593290000281,32.046875,1.0
cx0.7_mut0.1,0.7,0.1,test_9,8,0,842,5.3327687664623795,True,right/down,0.2415902140629722,300,54200,30.47027999999409,30.296875,1.0
cx0.7_mut0.1,0.7,0.1,test_9,8,1,843,5.276959170834532,True,right/down,0.221031620545425,300,54200,34.75522049999563,34.171875,1.0
cx0.7_mut0.1,0.7,0.1,test_9,8,2,844,5.348034123133292,True,right/down,0.21468239633347852,300,54200,31.71235840000736,31.578125,1.0
cx0.7_mut0.1,0.7,0.1,test_9,8,3,845,5.362586396932958,True,right/down,0.20527106721584873,300,54200,31.442985300003784,31.234375,1.0
cx0.7_mut0.1,0.7,0.1,test_9,8,4,846,5.222829985031922,True,right/down,0.2336211518871037,300,54200,31.199895199999446,30.96875,1.0
cx0.7_mut0.1,0.7,0.1,test_9,8,5,847,5.219797073478503,True,right/down,0.21898924870098652,300,54200,32.00868170001195,31.4375,1.0
cx0.7_mut0.1,0.7,0.1,test_9,8,6,848,5.39643639323677,True,right/down,0.2063832278157537,300,54200,30.280713500003912,29.71875,1.0
cx0.7_mut0.1,0.7,0.1,test_9,8,7,849,5.099907570161129,True,right/down,0.23829192282344105,300,54200,30.86474829999497,30.140625,1.0
cx0.7_mut0.1,0.7,0.1,test_9,8,8,850,5.271984266016256,True,right/down,0.24665572714132802,300,54200,34.40395220000937,33.671875,1.0
cx0.7_mut0.1,0.7,0.1,test_9,8,9,851,5.286539729088716,True,right/down,0.2532169778990845,300,54200,29.452085699987947,29.09375,1.0
cx0.7_mut0.1,0.7,0.1,test_9,8,10,852,5.013270500444735,True,right/down,0.22438551794441808,300,54200,34.49363440000161,34.09375,1.0
cx0.7_mut0.1,0.7,0.1,test_9,8,11,853,5.395770973096352,True,right/down,0.23037883046281035,300,54200,31.730547299986938,31.375,1.0
cx0.7_mut0.1,0.7,0.1,test_9,8,12,854,5.252484965761686,True,right/down,0.2385030300901599,300,54200,35.8660089999903,35.59375,1.0
cx0.7_mut0.1,0.7,0.1,test_9,8,13,855,5.41036002219712,True,right/down,0.23249825287213827,300,54200,30.004116199997952,29.8125,1.0
cx0.7_mut0.1,0.7,0.1,test_9,8,14,856,5.587243910117647,True,right/down,0.1982666297806868,300,54200,33.68350769999961,33.375,1.0
cx0.7_mut0.1,0.7,0.1,test_9,8,15,857,5.051662205250601,True,right/down,0.24337807450301233,300,54200,32.90197339998849,32.703125,1.0
cx0.7_mut0.1,0.7,0.1,test_9,8,16,858,5.315594944628931,True,right/down,0.2269008072245399,300,54200,35.912291399989044,35.53125,1.0
cx0.7_mut0.1,0.7,0.1,test_9,8,17,859,5.995776250041146,True,right/down,0.23653723475944177,300,54200,29.886167499993462,29.234375,1.0
cx0.7_mut0.1,0.7,0.1,test_9,8,18,860,5.5299147921809855,True,right/down,0.22476375430579504,300,54200,32.03789060001145,31.65625,1.0
cx0.7_mut0.1,0.7,0.1,test_9,8,19,861,5.214705888280177,True,right/down,0.2264443564606508,300,54200,32.442174499999965,31.890625,1.0
cx0.7_mut0.1,0.7,0.1,test_10,9,0,942,5.304886039641786,True,right/down,0.24842390258293998,300,54200,30.729866499998025,30.140625,1.0
cx0.7_mut0.1,0.7,0.1,test_10,9,1,943,5.355006532546291,True,right/down,0.20174636489773418,300,54200,31.48779219998687,31.09375,1.0
cx0.7_mut0.1,0.7,0.1,test_10,9,2,944,5.591765586771215,True,right/down,0.1878861405589475,300,54200,30.867551900009857,30.53125,1.0
cx0.7_mut0.1,0.7,0.1,test_10,9,3,945,5.34433463275308,True,right/down,0.1921876967012801,300,54200,34.333685999998124,34.078125,1.0
cx0.7_mut0.1,0.7,0.1,test_10,9,4,946,5.5352438544492975,True,right/down,0.22412806382039924,300,54200,34.08211949998804,33.84375,1.0
cx0.7_mut0.1,0.7,0.1,test_10,9,5,947,5.161145025301401,True,right/down,0.23141138796945293,300,54200,33.279884200004744,32.984375,1.0
cx0.7_mut0.1,0.7,0.1,test_10,9,6,948,5.2777764664957605,True,right/down,0.17354934060471985,300,54200,31.07569240000157,30.5,1.0
cx0.7_mut0.1,0.7,0.1,test_10,9,7,949,5.265916008727978,True,right/down,0.1947882755306905,300,54200,33.11070309999923,32.921875,1.0
cx0.7_mut0.1,0.7,0.1,test_10,9,8,950,5.56139985993006,True,right/down,0.1840328736344049,300,54200,33.06678999999713,32.703125,1.0
cx0.7_mut0.1,0.7,0.1,test_10,9,9,951,5.3940827889085305,True,right/down,0.2253497763567716,300,54200,32.26807530000224,31.796875,1.0
cx0.7_mut0.1,0.7,0.1,test_10,9,10,952,5.229655887656748,True,right/down,0.23208945741970058,300,54200,31.85571780000464,31.71875,1.0
cx0.7_mut0.1,0.7,0.1,test_10,9,11,953,5.1814167878544355,True,right/down,0.20946281262598412,300,54200,33.66726180000114,33.359375,1.0
cx0.7_mut0.1,0.7,0.1,test_10,9,12,954,5.237898953514255,True,right/down,0.2293792929904843,300,54200,32.73324159999902,32.125,1.0
cx0.7_mut0.1,0.7,0.1,test_10,9,13,955,5.351160279374882,True,right/down,0.204723287742422,300,54200,32.730924100003904,32.15625,1.0
cx0.7_mut0.1,0.7,0.1,test_10,9,14,956,5.416957702251713,True,right/down,0.17695956368757135,300,54200,32.833860999991884,32.375,1.0
cx0.7_mut0.1,0.7,0.1,test_10,9,15,957,5.245863261054999,True,right/down,0.21381015451304164,300,54200,32.58820339999511,32.03125,1.0
cx0.7_mut0.1,0.7,0.1,test_10,9,16,958,5.2990289870012734,True,right/down,0.2405049658698617,300,54200,30.70354669999506,30.375,1.0
cx0.7_mut0.1,0.7,0.1,test_10,9,17,959,5.586155926395152,True,right/down,0.2288900522489955,300,54200,31.641495599993505,31.46875,1.0
cx0.7_mut0.1,0.7,0.1,test_10,9,18,960,5.250202462535595,True,right/down,0.21281416749506912,300,54200,31.481428800005233,31.359375,1.0
cx0.7_mut0.1,0.7,0.1,test_10,9,19,961,5.303062450225295,True,right/down,0.21416571750913552,300,54200,32.336361099994974,32.234375,1.0
cx0.7_mut0.2,0.7,0.2,test_1,0,0,42,5.4444007343419365,True,right/down,0.25471211130361837,300,54200,19.55926310000359,19.390625,1.0
cx0.7_mut0.2,0.7,0.2,test_1,0,1,43,5.319300769574737,True,right/down,0.2316561609753341,300,54200,19.310328499996103,19.15625,1.0
cx0.7_mut0.2,0.7,0.2,test_1,0,2,44,5.4420750184032585,True,right/down,0.24905631429792546,300,54200,21.090147300012177,20.78125,1.0
cx0.7_mut0.2,0.7,0.2,test_1,0,3,45,5.186862759956043,True,right/down,0.24439532136529843,300,54200,19.014197099997546,18.75,1.0
cx0.7_mut0.2,0.7,0.2,test_1,0,4,46,5.004418090763208,True,right/down,0.2370874520893624,300,54200,21.70976059998793,21.375,1.0
cx0.7_mut0.2,0.7,0.2,test_1,0,5,47,5.149505955146509,True,right/down,0.23987838861411237,300,54200,17.876937299995916,17.703125,1.0
cx0.7_mut0.2,0.7,0.2,test_1,0,6,48,5.289045669045031,True,right/down,0.24290199859082395,300,54200,19.881791699997848,19.640625,1.0
cx0.7_mut0.2,0.7,0.2,test_1,0,7,49,5.048077417232939,True,right/down,0.22322569531377762,300,54200,20.64491289999569,20.4375,1.0
cx0.7_mut0.2,0.7,0.2,test_1,0,8,50,5.150660931906545,True,right/down,0.22717421416372963,300,54200,19.771715299997595,19.546875,1.0
cx0.7_mut0.2,0.7,0.2,test_1,0,9,51,5.334931716764624,True,right/down,0.22021123719485977,300,54200,20.440301599999657,20.046875,1.0
cx0.7_mut0.2,0.7,0.2,test_1,0,10,52,5.04551336162147,True,right/down,0.22294855287001153,300,54200,20.82409940000798,20.578125,1.0
cx0.7_mut0.2,0.7,0.2,test_1,0,11,53,5.2162442772014534,True,right/down,0.20580116504146156,300,54200,20.655274399992777,20.515625,1.0
cx0.7_mut0.2,0.7,0.2,test_1,0,12,54,5.128559526231236,True,right/down,0.1999950571595598,300,54200,17.661980999997468,17.5,1.0
cx0.7_mut0.2,0.7,0.2,test_1,0,13,55,5.089591165568688,True,right/down,0.2313044698508337,300,54200,23.384573100003763,23.296875,1.0
cx0.7_mut0.2,0.7,0.2,test_1,0,14,56,5.190277553209312,True,right/down,0.21648353978775187,300,54200,18.455458099997486,18.234375,1.0
cx0.7_mut0.2,0.7,0.2,test_1,0,15,57,5.065602175293,True,right/down,0.22573411371590738,300,54200,19.306114100007107,18.90625,1.0
cx0.7_mut0.2,0.7,0.2,test_1,0,16,58,5.511399549993431,True,right/down,0.21141521534383437,300,54200,21.188000499998452,20.8125,1.0
cx0.7_mut0.2,0.7,0.2,test_1,0,17,59,5.030902346148774,True,right/down,0.2223635765725166,300,54200,20.08528079999087,19.46875,1.0
cx0.7_mut0.2,0.7,0.2,test_1,0,18,60,5.595983978382003,True,right/down,0.22221980592821428,300,54200,20.171484299993608,19.984375,1.0
cx0.7_mut0.2,0.7,0.2,test_1,0,19,61,5.305542572570792,True,right/down,0.16691018307230207,300,54200,17.90819489999558,17.75,1.0
cx0.7_mut0.2,0.7,0.2,test_2,1,0,142,5.263943389957509,True,right/down,0.24089633821456063,300,54200,20.91465760000574,20.8125,1.0
cx0.7_mut0.2,0.7,0.2,test_2,1,1,143,5.394529994567313,True,right/down,0.2084006541585152,300,54200,20.26799330000358,19.953125,1.0
cx0.7_mut0.2,0.7,0.2,test_2,1,2,144,5.072203783878592,True,right/down,0.20439459902449064,300,54200,21.370005399992806,20.984375,1.0
cx0.7_mut0.2,0.7,0.2,test_2,1,3,145,5.258637122648093,True,right/down,0.23126907098835148,300,54200,17.944405400005053,17.796875,1.0
cx0.7_mut0.2,0.7,0.2,test_2,1,4,146,5.082369172201863,True,right/down,0.23608634684788346,300,54200,19.575197300000582,19.46875,1.0
cx0.7_mut0.2,0.7,0.2,test_2,1,5,147,5.1873444280921825,True,right/down,0.20467324890639582,300,54200,19.96007610000379,19.59375,1.0
cx0.7_mut0.2,0.7,0.2,test_2,1,6,148,5.3080269355727205,True,right/down,0.2359092087300152,300,54200,19.106907600013074,18.921875,1.0
cx0.7_mut0.2,0.7,0.2,test_2,1,7,149,5.229318056253765,True,right/down,0.22804626026713662,300,54200,19.589852899996913,19.359375,1.0
cx0.7_mut0.2,0.7,0.2,test_2,1,8,150,5.341910935471461,True,right/down,0.2521154737379072,300,54200,20.0373139000003,19.65625,1.0
cx0.7_mut0.2,0.7,0.2,test_2,1,9,151,5.240176857125742,True,right/down,0.23133241504282903,300,54200,19.01463029999286,18.578125,1.0
cx0.7_mut0.2,0.7,0.2,test_2,1,10,152,5.101852039807246,True,right/down,0.21398873896183138,300,54200,20.370560499999556,20.125,1.0
cx0.7_mut0.2,0.7,0.2,test_2,1,11,153,5.171656708592057,True,right/down,0.23759404335461365,300,54200,20.527707900007954,20.1875,1.0
cx0.7_mut0.2,0.7,0.2,test_2,1,12,154,5.359891604888293,True,right/down,0.193070192570086,300,54200,19.977155300002778,19.609375,1.0
cx0.7_mut0.2,0.7,0.2,test_2,1,13,155,5.214099261050983,True,right/down,0.2212830013745092,300,54200,21.278987599987886,21.015625,1.0
cx0.7_mut0.2,0.7,0.2,test_2,1,14,156,5.051807663778613,True,right/down,0.2048964613983415,300,54200,19.997199200006435,19.796875,1.0
cx0.7_mut0.2,0.7,0.2,test_2,1,15,157,5.1558203779327805,True,right/down,0.22433930744174907,300,54200,20.526082200012752,20.390625,1.0
cx0.7_mut0.2,0.7,0.2,test_2,1,16,158,5.3413031583635275,True,right/down,0.22066997864394491,300,54200,18.881766000005882,18.75,1.0
cx0.7_mut0.2,0.7,0.2,test_2,1,17,159,5.408541641235152,True,right/down,0.20305529087484486,300,54200,19.47048210000503,19.25,1.0
cx0.7_mut0.2,0.7,0.2,test_2,1,18,160,5.299021371714662,True,right/down,0.2090584863800041,300,54200,19.08429180001258,18.78125,1.0
cx0.7_mut0.2,0.7,0.2,test_2,1,19,161,5.299429002311112,True,right/down,0.24525092851823893,300,54200,16.521557900006883,16.375,1.0
cx0.7_mut0.2,0.7,0.2,test_3,2,0,242,5.397656941661024,True,right/down,0.23417720806142034,300,54200,22.56398770000669,22.421875,1.0
cx0.7_mut0.2,0.7,0.2,test_3,2,1,243,5.018352483832164,True,right/down,0.26709927270852457,300,54200,19.73990539999795,19.5625,1.0
cx0.7_mut0.2,0.7,0.2,test_3,2,2,244,4.937627915482816,True,right/down,0.24106723062200958,300,54200,19.229567200003657,19.140625,1.0
cx0.7_mut0.2,0.7,0.2,test_3,2,3,245,5.025648309073177,True,right/down,0.23234193643433323,300,54200,21.79267460000119,21.390625,1.0
cx0.7_mut0.2,0.7,0.2,test_3,2,4,246,5.0237098542958645,True,right/down,0.25420883925014826,300,54200,19.370905999996467,18.953125,1.0
cx0.7_mut0.2,0.7,0.2,test_3,2,5,247,5.250121507292551,True,right/down,0.2255715922534181,300,54200,18.04262469999958,17.625,1.0
cx0.7_mut0.2,0.7,0.2,test_3,2,6,248,4.993682469455031,True,right/down,0.24331507539930058,300,54200,20.451731699999073,20.25,1.0
cx0.7_mut0.2,0.7,0.2,test_3,2,7,249,5.26189946794306,True,right/down,0.23169895308549762,300,54200,18.98778769999626,18.875,1.0
cx0.7_mut0.2,0.7,0.2,test_3,2,8,250,5.413660190907273,True,right/down,0.25107781224013914,300,54200,21.2278432000021,21.015625,1.0
cx0.7_mut0.2,0.7,0.2,test_3,2,9,251,5.341698818326863,True,right/down,0.23687075851772435,300,54200,19.744434799999,19.5625,1.0
cx0.7_mut0.2,0.7,0.2,test_3,2,10,252,4.956603088212535,True,right/down,0.243794792384281,300,54200,19.994906199994148,19.8125,1.0
cx0.7_mut0.2,0.7,0.2,test_3,2,11,253,5.057830358388338,True,right/down,0.22155798707168403,300,54200,20.076766600002884,19.921875,1.0
cx0.7_mut0.2,0.7,0.2,test_3,2,12,254,5.281489718414261,True,right/down,0.240271002362322,300,54200,22.658047999997507,22.34375,1.0
cx0.7_mut0.2,0.7,0.2,test_3,2,13,255,5.014291193156289,True,right/down,0.2417903791387095,300,54200,21.469628199993167,21.0,1.0
cx0.7_mut0.2,0.7,0.2,test_3,2,14,256,5.267372519218285,True,right/down,0.2195014164960132,300,54200,19.57802850000735,19.453125,1.0
cx0.7_mut0.2,0.7,0.2,test_3,2,15,257,5.042813073616277,True,right/down,0.23821103628965176,300,54200,21.100783900008537,21.0,1.0
cx0.7_mut0.2,0.7,0.2,test_3,2,16,258,4.911033627430324,True,right/down,0.22254241088664134,300,54200,21.768990700002178,21.515625,1.0
cx0.7_mut0.2,0.7,0.2,test_3,2,17,259,4.8814102581403205,True,right/down,0.23668853752431157,300,54200,20.2454124000069,19.828125,1.0
cx0.7_mut0.2,0.7,0.2,test_3,2,18,260,5.103447251501416,True,right/down,0.24311441439527076,300,54200,22.962880499995663,22.59375,1.0
cx0.7_mut0.2,0.7,0.2,test_3,2,19,261,5.061056156547493,True,right/down,0.2400858838842393,300,54200,19.675347800002783,19.390625,1.0
cx0.7_mut0.2,0.7,0.2,test_4,3,0,342,5.146622376274459,True,right/down,0.23091694781026761,300,54200,19.198752199998125,18.84375,1.0
cx0.7_mut0.2,0.7,0.2,test_4,3,1,343,5.178313335145367,True,right/down,0.24678555163945243,300,54200,20.958013099996606,20.640625,1.0
cx0.7_mut0.2,0.7,0.2,test_4,3,2,344,5.402152971249999,True,right/down,0.21202512176065125,300,54200,18.095251399994595,17.734375,1.0
cx0.7_mut0.2,0.7,0.2,test_4,3,3,345,5.0897363463581335,True,right/down,0.2355785425892996,300,54200,20.13797749999503,19.859375,1.0
cx0.7_mut0.2,0.7,0.2,test_4,3,4,346,5.334992176235049,True,right/down,0.22420052256330136,300,54200,18.09131720000005,17.828125,1.0
cx0.7_mut0.2,0.7,0.2,test_4,3,5,347,5.158761170842469,True,right/down,0.25403977734807726,300,54200,19.93093339999905,19.671875,1.0
cx0.7_mut0.2,0.7,0.2,test_4,3,6,348,5.094471939970079,True,right/down,0.2438862335695262,300,54200,19.811726400002954,19.71875,1.0
cx0.7_mut0.2,0.7,0.2,test_4,3,7,349,5.117137785399127,True,right/down,0.2386750655499002,300,54200,19.313231100008124,19.15625,1.0
cx0.7_mut0.2,0.7,0.2,test_4,3,8,350,5.252831455555555,True,right/down,0.21855497842582333,300,54200,19.981371100002434,19.921875,1.0
cx0.7_mut0.2,0.7,0.2,test_4,3,9,351,4.923791607734689,True,right/down,0.24218665405214443,300,54200,20.763552300006268,20.65625,1.0
cx0.7_mut0.2,0.7,0.2,test_4,3,10,352,4.951847117663757,True,right/down,0.23021964872150721,300,54200,19.72391320001043,19.578125,1.0
cx0.7_mut0.2,0.7,0.2,test_4,3,11,353,5.094024853450428,True,right/down,0.23688547761316447,300,54200,18.572901499996078,18.4375,1.0
cx0.7_mut0.2,0.7,0.2,test_4,3,12,354,5.491154662680797,True,right/down,0.251901028586067,300,54200,19.174085599996033,18.875,1.0
cx0.7_mut0.2,0.7,0.2,test_4,3,13,355,4.994655566512794,True,right/down,0.23648882619069078,300,54200,18.848769199990784,18.515625,1.0
cx0.7_mut0.2,0.7,0.2,test_4,3,14,356,5.246282646956978,True,right/down,0.23330124710538472,300,54200,22.44120699999621,21.90625,1.0
cx0.7_mut0.2,0.7,0.2,test_4,3,15,357,5.3765735236086005,True,right/down,0.24288939493764883,300,54200,21.184994900002494,20.765625,1.0
cx0.7_mut0.2,0.7,0.2,test_4,3,16,358,5.032212882385265,True,right/down,0.23403531966213045,300,54200,21.506889399999636,21.1875,1.0
cx0.7_mut0.2,0.7,0.2,test_4,3,17,359,5.377727736569032,True,right/down,0.21098595650329327,300,54200,23.011669300001813,22.46875,1.0
cx0.7_mut0.2,0.7,0.2,test_4,3,18,360,4.966726480520574,True,right/down,0.23151575264323448,300,54200,21.873280100000557,21.359375,1.0
cx0.7_mut0.2,0.7,0.2,test_4,3,19,361,5.944133950887333,True,right/down,0.19120098879203445,300,54200,22.392019600010826,22.109375,1.0
cx0.7_mut0.2,0.7,0.2,test_5,4,0,442,5.363201187981806,True,right/down,0.25832631077762114,300,54200,22.203271500009578,21.9375,1.0
cx0.7_mut0.2,0.7,0.2,test_5,4,1,443,5.442474942449415,True,right/down,0.21751876846920415,300,54200,20.199133700007224,20.078125,1.0
cx0.7_mut0.2,0.7,0.2,test_5,4,2,444,5.2518330142743075,True,right/down,0.2308860043191366,300,54200,23.59544360000291,23.484375,1.0
cx0.7_mut0.2,0.7,0.2,test_5,4,3,445,5.291516281083556,True,right/down,0.21850341298683795,300,54200,20.434841700000106,20.328125,1.0
cx0.7_mut0.2,0.7,0.2,test_5,4,4,446,5.351823992899712,True,right/down,0.19610250139818775,300,54200,24.651625399987097,24.3125,1.0
cx0.7_mut0.2,0.7,0.2,test_5,4,5,447,5.308555718842275,True,right/down,0.2271906329623368,300,54200,19.254041499996674,18.78125,1.0
cx0.7_mut0.2,0.7,0.2,test_5,4,6,448,5.279622559661583,True,right/down,0.22899886508333514,300,54200,24.202104600000894,23.734375,1.0
cx0.7_mut0.2,0.7,0.2,test_5,4,7,449,5.285186449021033,True,right/down,0.2398548961932895,300,54200,23.86531150000519,23.359375,1.0
cx0.7_mut0.2,0.7,0.2,test_5,4,8,450,5.3761603223358065,True,right/down,0.2580950947250609,300,54200,22.194633100007195,21.65625,1.0
cx0.7_mut0.2,0.7,0.2,test_5,4,9,451,5.163109049709268,True,right/down,0.25350268921445496,300,54200,23.08416159999615,22.15625,1.0
cx0.7_mut0.2,0.7,0.2,test_5,4,10,452,5.770247088697339,True,right/down,0.2171625185707312,300,54200,24.01838230001158,23.609375,1.0
cx0.7_mut0.2,0.7,0.2,test_5,4,11,453,5.11982401295817,True,right/down,0.2483576409496923,300,54200,24.440011600003345,24.03125,1.0
cx0.7_mut0.2,0.7,0.2,test_5,4,12,454,5.1215064001659645,True,right/down,0.2116069220413027,300,54200,25.139291800005594,24.828125,1.0
cx0.7_mut0.2,0.7,0.2,test_5,4,13,455,5.2866779597472515,True,right/down,0.2195550440754051,300,54200,21.676491400008672,21.546875,1.0
cx0.7_mut0.2,0.7,0.2,test_5,4,14,456,5.355410387809398,True,right/down,0.24342921533614564,300,54200,22.878667099997983,22.71875,1.0
cx0.7_mut0.2,0.7,0.2,test_5,4,15,457,5.382979627259602,True,right/down,0.2259844278435938,300,54200,21.859695000006468,21.609375,1.0
cx0.7_mut0.2,0.7,0.2,test_5,4,16,458,5.232443748022338,True,right/down,0.21691912471233665,300,54200,21.286822699999902,21.125,1.0
cx0.7_mut0.2,0.7,0.2,test_5,4,17,459,5.162021851418158,True,right/down,0.2394715962142128,300,54200,25.506515899993246,24.453125,1.0
cx0.7_mut0.2,0.7,0.2,test_5,4,18,460,5.291461925068871,True,right/down,0.20341163941115037,300,54200,21.281262199991033,20.734375,1.0
cx0.7_mut0.2,0.7,0.2,test_5,4,19,461,5.248000789767691,True,right/down,0.1993921755543743,300,54200,21.22926200000802,20.65625,1.0
cx0.7_mut0.2,0.7,0.2,test_6,5,0,542,5.470095781025355,True,right/down,0.19768048055159146,300,54200,17.78890620000311,17.421875,1.0
cx0.7_mut0.2,0.7,0.2,test_6,5,1,543,5.497471314304346,True,right/down,0.1940836328644864,300,54200,21.06406839999545,20.703125,1.0
cx0.7_mut0.2,0.7,0.2,test_6,5,2,544,5.211940992681448,True,right/down,0.22001501743931004,300,54200,21.00235110000358,20.796875,1.0
cx0.7_mut0.2,0.7,0.2,test_6,5,3,545,5.309689391629206,True,right/down,0.2229216472932048,300,54200,22.54610920000414,22.46875,1.0
cx0.7_mut0.2,0.7,0.2,test_6,5,4,546,5.253837711421426,True,right/down,0.23252894232260365,300,54200,23.05444510000234,22.921875,1.0
cx0.7_mut0.2,0.7,0.2,test_6,5,5,547,5.3402592547715795,True,right/down,0.24422882937758392,300,54200,24.246091200009687,23.71875,1.0
cx0.7_mut0.2,0.7,0.2,test_6,5,6,548,5.24444119431886,True,right/down,0.20651683561947723,300,54200,23.664136099992902,23.421875,1.0
cx0.7_mut0.2,0.7,0.2,test_6,5,7,549,5.437363203205139,True,right/down,0.21228176353764194,300,54200,22.083426500001224,21.625,1.0
cx0.7_mut0.2,0.7,0.2,test_6,5,8,550,5.565355791146706,True,right/down,0.22484906540585547,300,54200,20.33943079999881,20.21875,1.0
cx0.7_mut0.2,0.7,0.2,test_6,5,9,551,5.238747181376116,True,right/down,0.24065392717854028,300,54200,17.971063700009836,17.828125,1.0
cx0.7_mut0.2,0.7,0.2,test_6,5,10,552,5.475970878158303,True,right/down,0.2367913900742173,300,54200,21.192053599996143,20.96875,1.0
cx0.7_mut0.2,0.7,0.2,test_6,5,11,553,5.269404462309183,True,right/down,0.23238435095593635,300,54200,21.298528100000112,20.734375,1.0
cx0.7_mut0.2,0.7,0.2,test_6,5,12,554,5.342567105691847,True,right/down,0.23775758171173375,300,54200,21.618657500002882,21.25,1.0
cx0.7_mut0.2,0.7,0.2,test_6,5,13,555,5.132981380228746,True,right/down,0.20021293421529554,300,54200,21.17051700000593,20.71875,1.0
cx0.7_mut0.2,0.7,0.2,test_6,5,14,556,5.2952138720189925,True,right/down,0.21244884425795235,300,54200,24.029952500000945,23.65625,1.0
cx0.7_mut0.2,0.7,0.2,test_6,5,15,557,5.272407855713881,True,right/down,0.24943018873744258,300,54200,19.458827800001018,19.328125,1.0
cx0.7_mut0.2,0.7,0.2,test_6,5,16,558,5.260164875574857,True,right/down,0.20889241435896364,300,54200,20.7095602999907,20.53125,1.0
cx0.7_mut0.2,0.7,0.2,test_6,5,17,559,5.2272294225532026,True,right/down,0.23568859604586656,300,54200,21.82679730000382,21.703125,1.0
cx0.7_mut0.2,0.7,0.2,test_6,5,18,560,5.404747505828305,True,right/down,0.21684089315771077,300,54200,19.873965799997677,19.65625,1.0
cx0.7_mut0.2,0.7,0.2,test_6,5,19,561,5.301389842127583,True,right/down,0.23572560389078764,300,54200,19.363313499998185,19.3125,1.0
cx0.7_mut0.2,0.7,0.2,test_7,6,0,642,4.946931597703788,True,right/down,0.25983759926294,300,54200,20.059344299996155,19.75,1.0
cx0.7_mut0.2,0.7,0.2,test_7,6,1,643,5.154064457553442,True,right/down,0.22543761402173879,300,54200,21.596798399987165,21.40625,1.0
cx0.7_mut0.2,0.7,0.2,test_7,6,2,644,5.024209054270878,True,right/down,0.2346942767756089,300,54200,19.696354200001224,19.609375,1.0
cx0.7_mut0.2,0.7,0.2,test_7,6,3,645,4.804177004006636,True,right/down,0.25330869601915906,300,54200,21.62988100000075,21.46875,1.0
cx0.7_mut0.2,0.7,0.2,test_7,6,4,646,4.99987133858268,True,right/down,0.21005813497166326,300,54200,21.0383056000137,20.546875,1.0
cx0.7_mut0.2,0.7,0.2,test_7,6,5,647,5.438642163236738,True,right/down,0.24286953134076025,300,54200,24.763516000006348,24.359375,1.0
cx0.7_mut0.2,0.7,0.2,test_7,6,6,648,5.148161675414076,True,right/down,0.2327365421750984,300,54200,21.13627699999779,20.84375,1.0
cx0.7_mut0.2,0.7,0.2,test_7,6,7,649,4.876258613420241,True,right/down,0.25469443973385014,300,54200,23.182869800002663,22.921875,1.0
cx0.7_mut0.2,0.7,0.2,test_7,6,8,650,5.353799352772567,True,right/down,0.21793465465754983,300,54200,19.349773499998264,19.15625,1.0
cx0.7_mut0.2,0.7,0.2,test_7,6,9,651,5.3101279963086245,True,right/down,0.2550454491424011,300,54200,21.324385399988387,20.703125,1.0
cx0.7_mut0.2,0.7,0.2,test_7,6,10,652,5.023325355605053,True,right/down,0.2575798045449998,300,54200,22.72463089998928,22.640625,1.0
cx0.7_mut0.2,0.7,0.2,test_7,6,11,653,5.261178232309948,True,right/down,0.2519184255225454,300,54200,20.698886500002118,20.515625,1.0
cx0.7_mut0.2,0.7,0.2,test_7,6,12,654,5.096087018938932,True,right/down,0.2100212723693804,300,54200,22.495956099999603,22.3125,1.0
cx0.7_mut0.2,0.7,0.2,test_7,6,13,655,5.355956789762471,True,right/down,0.23000057605149654,300,54200,21.11269860000175,21.0,1.0
cx0.7_mut0.2,0.7,0.2,test_7,6,14,656,5.340543433207714,True,right/down,0.22179078769221816,300,54200,21.71464649999689,21.546875,1.0
cx0.7_mut0.2,0.7,0.2,test_7,6,15,657,4.860727603308046,True,right/down,0.2361644803312153,300,54200,22.541336800000863,22.421875,1.0
cx0.7_mut0.2,0.7,0.2,test_7,6,16,658,5.012705278086899,True,right/down,0.2238270179568664,300,54200,21.427189999987604,20.859375,1.0
cx0.7_mut0.2,0.7,0.2,test_7,6,17,659,4.811990484877039,True,right/down,0.24191563324956872,300,54200,20.80271730000095,20.65625,1.0
cx0.7_mut0.2,0.7,0.2,test_7,6,18,660,4.978374377128857,True,right/down,0.2474937602835467,300,54200,23.25255720000132,22.8125,1.0
cx0.7_mut0.2,0.7,0.2,test_7,6,19,661,4.954371893863563,True,right/down,0.25850412328389105,300,54200,22.256937300000573,21.609375,1.0
cx0.7_mut0.2,0.7,0.2,test_8,7,0,742,5.108850132065857,True,right/down,0.21238578709531186,300,54200,24.386686699988786,23.984375,1.0
cx0.7_mut0.2,0.7,0.2,test_8,7,1,743,4.892962630833163,True,right/down,0.23743646382411848,300,54200,21.430272700003115,20.9375,1.0
cx0.7_mut0.2,0.7,0.2,test_8,7,2,744,5.380869365330513,True,right/down,0.25714699273985914,300,54200,20.31459619999805,20.0,1.0
cx0.7_mut0.2,0.7,0.2,test_8,7,3,745,5.376971766290673,True,right/down,0.23216752844841512,300,54200,23.579734700004337,23.265625,1.0
cx0.7_mut0.2,0.7,0.2,test_8,7,4,746,5.080900753092742,True,right/down,0.2171650216952957,300,54200,23.815125599998282,23.34375,1.0
cx0.7_mut0.2,0.7,0.2,test_8,7,5,747,5.595768322093743,True,right/down,0.25861895930329326,300,54200,21.548775600007502,21.234375,1.0
cx0.7_mut0.2,0.7,0.2,test_8,7,6,748,5.021488812110206,True,right/down,0.237650064001396,300,54200,21.106956199990236,20.984375,1.0
cx0.7_mut0.2,0.7,0.2,test_8,7,7,749,4.928900228839819,True,right/down,0.24559569977506204,300,54200,21.34044040000299,21.09375,1.0
cx0.7_mut0.2,0.7,0.2,test_8,7,8,750,4.857664731380242,True,right/down,0.23024626762270575,300,54200,19.97481100000732,19.84375,1.0
cx0.7_mut0.2,0.7,0.2,test_8,7,9,751,5.1408705229786005,True,right/down,0.19915554996273296,300,54200,21.2741587000055,21.109375,1.0
cx0.7_mut0.2,0.7,0.2,test_8,7,10,752,5.074922446032604,True,right/down,0.21956342357244854,300,54200,22.876691800003755,22.453125,1.0
cx0.7_mut0.2,0.7,0.2,test_8,7,11,753,5.245837774469024,True,right/down,0.23106660790744468,300,54200,19.457072599994717,18.953125,1.0
cx0.7_mut0.2,0.7,0.2,test_8,7,12,754,4.950372805034549,True,right/down,0.23123122721075967,300,54200,22.864098499994725,22.46875,1.0
cx0.7_mut0.2,0.7,0.2,test_8,7,13,755,5.534986983577428,True,right/down,0.20432270885307305,300,54200,22.573183800006518,22.09375,1.0
cx0.7_mut0.2,0.7,0.2,test_8,7,14,756,5.430436579382698,True,right/down,0.24267022644327674,300,54200,22.209897799999453,21.234375,1.0
cx0.7_mut0.2,0.7,0.2,test_8,7,15,757,4.908086282713751,True,right/down,0.23655954167694698,300,54200,20.261733700011973,20.015625,1.0
cx0.7_mut0.2,0.7,0.2,test_8,7,16,758,5.150207562645209,True,right/down,0.25494901448216967,300,54200,19.863218699989375,19.640625,1.0
cx0.7_mut0.2,0.7,0.2,test_8,7,17,759,5.0109708754040465,True,right/down,0.2525270066427548,300,54200,20.43092090000573,20.140625,1.0
cx0.7_mut0.2,0.7,0.2,test_8,7,18,760,5.304203683739875,True,right/down,0.23629480064223085,300,54200,21.982750800001668,21.8125,1.0
cx0.7_mut0.2,0.7,0.2,test_8,7,19,761,4.8766406469731995,True,right/down,0.23396044007800162,300,54200,20.989043400011724,20.875,1.0
cx0.7_mut0.2,0.7,0.2,test_9,8,0,842,5.342395585133506,True,right/down,0.19480248366801767,300,54200,20.578461700002663,20.375,1.0
cx0.7_mut0.2,0.7,0.2,test_9,8,1,843,5.244598588664614,True,right/down,0.2490916742880782,300,54200,21.834174500007066,21.4375,1.0
cx0.7_mut0.2,0.7,0.2,test_9,8,2,844,5.33011023663135,True,right/down,0.20031028512574597,300,54200,17.954375200002687,17.8125,1.0
cx0.7_mut0.2,0.7,0.2,test_9,8,3,845,5.455538991734931,True,right/down,0.21712645283279292,300,54200,19.326462199998787,19.25,1.0
cx0.7_mut0.2,0.7,0.2,test_9,8,4,846,5.288168876778828,True,right/down,0.23493186677644284,300,54200,20.333172499987995,20.171875,1.0
cx0.7_mut0.2,0.7,0.2,test_9,8,5,847,5.505666915066129,True,right/down,0.21239658926290264,300,54200,23.700342999989516,23.203125,1.0
cx0.7_mut0.2,0.7,0.2,test_9,8,6,848,5.414033646016301,True,right/down,0.22202550339052,300,54200,21.594844999999623,21.125,1.0
cx0.7_mut0.2,0.7,0.2,test_9,8,7,849,5.235455083742206,True,right/down,0.23484525764137457,300,54200,23.974921100001666,23.59375,1.0
cx0.7_mut0.2,0.7,0.2,test_9,8,8,850,5.059948006937384,True,right/down,0.24967682869328336,300,54200,22.879740400006995,22.609375,1.0
cx0.7_mut0.2,0.7,0.2,test_9,8,9,851,5.124310618404351,True,right/down,0.22236842761001246,300,54200,21.438948900002288,21.3125,1.0
cx0.7_mut0.2,0.7,0.2,test_9,8,10,852,5.510581212223069,True,right/down,0.19316764820367077,300,54200,20.955157000003965,20.890625,1.0
cx0.7_mut0.2,0.7,0.2,test_9,8,11,853,5.237786050276824,True,right/down,0.22155461868856935,300,54200,22.165548899996793,21.96875,1.0
cx0.7_mut0.2,0.7,0.2,test_9,8,12,854,5.266842256517929,True,right/down,0.2053013112178036,300,54200,22.305010900003253,22.171875,1.0
cx0.7_mut0.2,0.7,0.2,test_9,8,13,855,5.236706847736533,True,right/down,0.23809329243527258,300,54200,20.786165500001516,20.6875,1.0
cx0.7_mut0.2,0.7,0.2,test_9,8,14,856,5.333533934631255,True,right/down,0.20644073081160533,300,54200,23.121864300002926,22.84375,1.0
cx0.7_mut0.2,0.7,0.2,test_9,8,15,857,5.639561851678549,True,right/down,0.23531149487334416,300,54200,20.7235301000037,20.59375,1.0
cx0.7_mut0.2,0.7,0.2,test_9,8,16,858,5.300756444226229,True,right/down,0.24553962531660717,300,54200,20.664709899996524,20.53125,1.0
cx0.7_mut0.2,0.7,0.2,test_9,8,17,859,5.245980350806406,True,right/down,0.2461573371392264,300,54200,19.641348200006178,19.140625,1.0
cx0.7_mut0.2,0.7,0.2,test_9,8,18,860,5.504202753479843,True,right/down,0.21472151593824348,300,54200,22.749232200003462,22.640625,1.0
cx0.7_mut0.2,0.7,0.2,test_9,8,19,861,5.561663552945161,True,right/down,0.24439195639021177,300,54200,20.60107039999275,20.078125,1.0
cx0.7_mut0.2,0.7,0.2,test_10,9,0,942,5.292347577777948,True,right/down,0.19486182453734363,300,54200,24.251503099992988,23.765625,1.0
cx0.7_mut0.2,0.7,0.2,test_10,9,1,943,5.3939992013331155,True,right/down,0.22113858131038597,300,54200,23.045751600002404,22.765625,1.0
cx0.7_mut0.2,0.7,0.2,test_10,9,2,944,5.500408128007942,True,right/down,0.24508636543522377,300,54200,16.761738400004106,16.390625,1.0
cx0.7_mut0.2,0.7,0.2,test_10,9,3,945,5.4739615821126755,True,right/down,0.20470780627914462,300,54200,21.269728999992367,21.140625,1.0
cx0.7_mut0.2,0.7,0.2,test_10,9,4,946,5.370464198840738,True,right/down,0.2198328874482154,300,54200,20.570866399997612,20.515625,1.0
cx0.7_mut0.2,0.7,0.2,test_10,9,5,947,5.296704861374964,True,right/down,0.21832726910812908,300,54200,21.83323940000264,21.671875,1.0
cx0.7_mut0.2,0.7,0.2,test_10,9,6,948,5.451730065662379,True,right/down,0.1853460178307115,300,54200,19.46042750000197,19.375,1.0
cx0.7_mut0.2,0.7,0.2,test_10,9,7,949,5.2838691681252286,True,right/down,0.23429003818405097,300,54200,21.449234800005797,21.171875,1.0
cx0.7_mut0.2,0.7,0.2,test_10,9,8,950,5.153103941734113,True,right/down,0.2288515114056163,300,54200,24.039196199999424,23.671875,1.0
cx0.7_mut0.2,0.7,0.2,test_10,9,9,951,6.006417968139572,True,right/down,0.22221631347944767,300,54200,19.464332500007004,19.109375,1.0
cx0.7_mut0.2,0.7,0.2,test_10,9,10,952,5.254360870709192,True,right/down,0.21980109796847144,300,54200,22.325680299996748,22.171875,1.0
cx0.7_mut0.2,0.7,0.2,test_10,9,11,953,5.294436447385282,True,right/down,0.22223253288393083,300,54200,23.287778599988087,23.0625,1.0
cx0.7_mut0.2,0.7,0.2,test_10,9,12,954,5.383020686090424,True,right/down,0.2294078436450174,300,54200,24.647477000005892,24.265625,1.0
cx0.7_mut0.2,0.7,0.2,test_10,9,13,955,5.429832039219615,True,right/down,0.21969993716823286,300,54200,21.77770090001286,21.515625,1.0
cx0.7_mut0.2,0.7,0.2,test_10,9,14,956,5.593912150225596,True,right/down,0.23753986051450135,300,54200,22.201881400003913,21.984375,1.0
cx0.7_mut0.2,0.7,0.2,test_10,9,15,957,5.474951511354229,True,right/down,0.19707191332960688,300,54200,24.70782589999726,24.265625,1.0
cx0.7_mut0.2,0.7,0.2,test_10,9,16,958,5.23645866652279,True,right/down,0.2492112291255039,300,54200,19.28584690000571,19.078125,1.0
cx0.7_mut0.2,0.7,0.2,test_10,9,17,959,5.464287808872366,True,right/down,0.2058886221699974,300,54200,20.47917549998965,20.421875,1.0
cx0.7_mut0.2,0.7,0.2,test_10,9,18,960,5.268684818820519,True,right/down,0.21321079799652395,300,54200,18.961164500011364,18.828125,1.0
cx0.7_mut0.2,0.7,0.2,test_10,9,19,961,5.231139674889947,True,right/down,0.23286197282139348,300,54200,22.534748100006254,22.375,1.0
cx0.7_mut0.3,0.7,0.3,test_1,0,0,42,5.1304116921740075,True,right/down,0.2324352938743655,300,54200,15.153483500005677,15.015625,1.0
cx0.7_mut0.3,0.7,0.3,test_1,0,1,43,5.3599920548521975,True,right/down,0.24684875619815635,300,54200,17.49007640000491,17.203125,1.0
cx0.7_mut0.3,0.7,0.3,test_1,0,2,44,5.3886733863724805,True,right/down,0.2484441216584186,300,54200,16.811172000001534,16.546875,1.0
cx0.7_mut0.3,0.7,0.3,test_1,0,3,45,5.217094302725153,True,right/down,0.2484299144799797,300,54200,16.348990099999355,15.875,1.0
cx0.7_mut0.3,0.7,0.3,test_1,0,4,46,5.151670048707099,True,right/down,0.23556316269999208,300,54200,15.51783230000001,15.234375,1.0
cx0.7_mut0.3,0.7,0.3,test_1,0,5,47,5.471160371569468,True,right/down,0.21021030668377946,300,54200,13.433914000008372,13.171875,1.0
cx0.7_mut0.3,0.7,0.3,test_1,0,6,48,5.198350496546253,True,right/down,0.23169111166406198,300,54200,16.857413300007465,16.5625,1.0
cx0.7_mut0.3,0.7,0.3,test_1,0,7,49,5.280496666199186,True,right/down,0.23554854969336755,300,54200,15.319650099991122,15.078125,1.0
cx0.7_mut0.3,0.7,0.3,test_1,0,8,50,5.199342153103924,True,right/down,0.23559015644651685,300,54200,14.611826699998346,14.53125,1.0
cx0.7_mut0.3,0.7,0.3,test_1,0,9,51,5.277835920044316,True,right/down,0.2227350679087536,300,54200,17.174701700001606,16.78125,1.0
cx0.7_mut0.3,0.7,0.3,test_1,0,10,52,5.105647436740666,True,right/down,0.22855526200741216,300,54200,16.541317499999423,16.3125,1.0
cx0.7_mut0.3,0.7,0.3,test_1,0,11,53,5.304369005901435,True,right/down,0.23904689524407405,300,54200,16.898185199999716,16.765625,1.0
cx0.7_mut0.3,0.7,0.3,test_1,0,12,54,5.339688525547788,True,right/down,0.18164931549267044,300,54200,15.540384699997958,15.4375,1.0
cx0.7_mut0.3,0.7,0.3,test_1,0,13,55,5.4302255921007285,True,right/down,0.18548999708659514,300,54200,15.928328100009821,15.890625,1.0
cx0.7_mut0.3,0.7,0.3,test_1,0,14,56,5.428249609591303,True,right/down,0.21167719815041783,300,54200,15.592210999995586,15.4375,1.0
cx0.7_mut0.3,0.7,0.3,test_1,0,15,57,5.0796162285782245,True,right/down,0.22429952233208747,300,54200,15.180830600002082,14.859375,1.0
cx0.7_mut0.3,0.7,0.3,test_1,0,16,58,5.294879578612623,True,right/down,0.24257709008185208,300,54200,15.349737500000629,15.0,1.0
cx0.7_mut0.3,0.7,0.3,test_1,0,17,59,5.174926748624717,True,right/down,0.24856548886918658,300,54200,14.53857699999935,14.21875,1.0
cx0.7_mut0.3,0.7,0.3,test_1,0,18,60,5.0928772604112265,True,right/down,0.2482244122739944,300,54200,14.250083500010078,14.171875,1.0
cx0.7_mut0.3,0.7,0.3,test_1,0,19,61,5.237182006611201,True,right/down,0.2150542540613455,300,54200,16.41982260000077,16.375,1.0
cx0.7_mut0.3,0.7,0.3,test_2,1,0,142,5.287748153446938,True,right/down,0.2205872228779478,300,54200,19.144502099996316,18.96875,1.0
cx0.7_mut0.3,0.7,0.3,test_2,1,1,143,5.234866635872287,True,right/down,0.18761717804672537,300,54200,16.79555999999866,16.703125,1.0
cx0.7_mut0.3,0.7,0.3,test_2,1,2,144,5.262597345081888,True,right/down,0.20867294559981608,300,54200,15.406814599991776,15.125,1.0
cx0.7_mut0.3,0.7,0.3,test_2,1,3,145,5.280519586440803,True,right/down,0.20176643901856495,300,54200,16.84139580000192,16.5625,1.0
cx0.7_mut0.3,0.7,0.3,test_2,1,4,146,5.158127378656004,True,right/down,0.23920774846409423,300,54200,18.097197600000072,17.921875,1.0
cx0.7_mut0.3,0.7,0.3,test_2,1,5,147,5.14156150840385,True,right/down,0.20131847532729488,300,54200,18.12994699999399,17.96875,1.0
cx0.7_mut0.3,0.7,0.3,test_2,1,6,148,5.425345322630119,True,right/down,0.21635034227163988,300,54200,16.08965110000281,15.8125,1.0
cx0.7_mut0.3,0.7,0.3,test_2,1,7,149,5.671146067845772,True,right/down,0.20356817047233744,300,54200,16.277933800010942,16.046875,1.0
cx0.7_mut0.3,0.7,0.3,test_2,1,8,150,5.502832554027245,True,right/down,0.2408407539279136,300,54200,17.41744400000607,17.125,1.0
cx0.7_mut0.3,0.7,0.3,test_2,1,9,151,5.279245804275044,True,right/down,0.24232685393289907,300,54200,14.697629000002053,14.375,1.0
cx0.7_mut0.3,0.7,0.3,test_2,1,10,152,5.485335677045331,True,right/down,0.22650688850257555,300,54200,16.526232499993057,16.3125,1.0
cx0.7_mut0.3,0.7,0.3,test_2,1,11,153,5.099266978831824,True,right/down,0.21965657984633608,300,54200,16.62689980000141,16.359375,1.0
cx0.7_mut0.3,0.7,0.3,test_2,1,12,154,5.3792907110950825,True,right/down,0.2363645258834898,300,54200,17.04508920000808,16.703125,1.0
cx0.7_mut0.3,0.7,0.3,test_2,1,13,155,5.622712975525616,True,right/down,0.2272592096523021,300,54200,14.08309790000203,13.9375,1.0
cx0.7_mut0.3,0.7,0.3,test_2,1,14,156,5.065138768356214,True,right/down,0.20761119450616355,300,54200,17.48871859999781,17.375,1.0
cx0.7_mut0.3,0.7,0.3,test_2,1,15,157,5.0936533847887295,True,right/down,0.2245098531983538,300,54200,13.574273600010201,13.53125,1.0
cx0.7_mut0.3,0.7,0.3,test_2,1,16,158,5.158687334972396,True,right/down,0.21744997439059907,300,54200,15.175921799993375,15.09375,1.0
cx0.7_mut0.3,0.7,0.3,test_2,1,17,159,5.287431922129133,True,right/down,0.22158429198898535,300,54200,18.172084400008316,18.0625,1.0
cx0.7_mut0.3,0.7,0.3,test_2,1,18,160,5.366063007399338,True,right/down,0.22980492497700966,300,54200,15.977977000002284,15.8125,1.0
cx0.7_mut0.3,0.7,0.3,test_2,1,19,161,5.262405309750752,True,right/down,0.22662602256197384,300,54200,16.294245400000364,16.09375,1.0
cx0.7_mut0.3,0.7,0.3,test_3,2,0,242,5.179098850737734,True,right/down,0.19723735031077408,300,54200,17.092333200009307,16.828125,1.0
cx0.7_mut0.3,0.7,0.3,test_3,2,1,243,4.999223128158995,True,right/down,0.2519483220832614,300,54200,15.230430499999784,15.0625,1.0
cx0.7_mut0.3,0.7,0.3,test_3,2,2,244,5.326460222731687,True,right/down,0.2486950253109735,300,54200,17.455415100004757,17.34375,1.0
cx0.7_mut0.3,0.7,0.3,test_3,2,3,245,5.169308729105392,True,right/down,0.22907655234920335,300,54200,18.629770800005645,18.296875,1.0
cx0.7_mut0.3,0.7,0.3,test_3,2,4,246,5.34899291730081,True,right/down,0.20905263486936804,300,54200,15.362283700000262,15.15625,1.0
cx0.7_mut0.3,0.7,0.3,test_3,2,5,247,4.924173995292893,True,right/down,0.24475321689384638,300,54200,16.669545700002345,16.3125,1.0
cx0.7_mut0.3,0.7,0.3,test_3,2,6,248,5.186998714551388,True,right/down,0.24108845140921237,300,54200,15.900150899993605,15.734375,1.0
cx0.7_mut0.3,0.7,0.3,test_3,2,7,249,5.148554923701849,True,right/down,0.2377052177053752,300,54200,16.07661960000405,15.96875,1.0
cx0.7_mut0.3,0.7,0.3,test_3,2,8,250,5.7132037049581434,True,right/down,0.2561608892615315,300,54200,18.073469199996907,17.859375,1.0
cx0.7_mut0.3,0.7,0.3,test_3,2,9,251,5.011975206741058,True,right/down,0.2613224086153756,300,54200,16.72517859999789,16.5,1.0
cx0.7_mut0.3,0.7,0.3,test_3,2,10,252,5.249097778826492,True,right/down,0.19782841375665883,300,54200,17.45461489999434,17.25,1.0
cx0.7_mut0.3,0.7,0.3,test_3,2,11,253,5.585923058913397,True,right/down,0.26364692141439683,300,54200,14.817165400003432,14.59375,1.0
cx0.7_mut0.3,0.7,0.3,test_3,2,12,254,5.110124404997701,True,right/down,0.2298722723179341,300,54200,16.898723299993435,16.734375,1.0
cx0.7_mut0.3,0.7,0.3,test_3,2,13,255,4.848128849242313,True,right/down,0.2350198244278384,300,54200,17.310044699988794,17.015625,1.0
cx0.7_mut0.3,0.7,0.3,test_3,2,14,256,5.297602636029912,True,right/down,0.22683444273866918,300,54200,17.04681780000101,16.90625,1.0
cx0.7_mut0.3,0.7,0.3,test_3,2,15,257,5.248369712811783,True,right/down,0.2290007196991673,300,54200,18.96465019999596,18.8125,1.0
cx0.7_mut0.3,0.7,0.3,test_3,2,16,258,5.0416945943133396,True,right/down,0.23095787277723626,300,54200,15.878586699996958,15.671875,1.0
cx0.7_mut0.3,0.7,0.3,test_3,2,17,259,4.991041686829526,True,right/down,0.2306295170075407,300,54200,16.709149200003594,16.375,1.0
cx0.7_mut0.3,0.7,0.3,test_3,2,18,260,5.122277279993094,True,right/down,0.22455710069016288,300,54200,14.267126000006101,13.984375,1.0
cx0.7_mut0.3,0.7,0.3,test_3,2,19,261,5.012204758584021,True,right/down,0.22136016354645077,300,54200,17.074364699990838,16.78125,1.0
cx0.7_mut0.3,0.7,0.3,test_4,3,0,342,5.23307970546065,True,right/down,0.24428697928530094,300,54200,14.664505900000222,14.375,1.0
cx0.7_mut0.3,0.7,0.3,test_4,3,1,343,5.354694433811337,True,right/down,0.23976297488107381,300,54200,16.85424439999042,16.59375,1.0
cx0.7_mut0.3,0.7,0.3,test_4,3,2,344,5.312939629874329,True,right/down,0.22286423427557336,300,54200,17.517452400003094,17.28125,1.0
cx0.7_mut0.3,0.7,0.3,test_4,3,3,345,5.101741026547263,True,right/down,0.2054683514480635,300,54200,17.68172130000312,17.4375,1.0
cx0.7_mut0.3,0.7,0.3,test_4,3,4,346,5.17190180858404,True,right/down,0.20777432533083656,300,54200,16.33583749999525,16.109375,1.0
cx0.7_mut0.3,0.7,0.3,test_4,3,5,347,5.486542923106583,True,right/down,0.23395251853255628,300,54200,13.752578200001153,13.546875,1.0
cx0.7_mut0.3,0.7,0.3,test_4,3,6,348,5.040679940231766,True,right/down,0.23530005427179435,300,54200,15.51136379998934,15.375,1.0
cx0.7_mut0.3,0.7,0.3,test_4,3,7,349,5.184340909759953,True,right/down,0.23734940604254415,300,54200,16.260995100004948,16.203125,1.0
cx0.7_mut0.3,0.7,0.3,test_4,3,8,350,5.027383127237334,True,right/down,0.23792905333137712,300,54200,15.927833800000371,15.859375,1.0
cx0.7_mut0.3,0.7,0.3,test_4,3,9,351,5.060949136075255,True,right/down,0.23844381479737384,300,54200,16.71418640000047,16.640625,1.0
cx0.7_mut0.3,0.7,0.3,test_4,3,10,352,5.170191953737578,True,right/down,0.23253769048506118,300,54200,16.33714269999473,16.25,1.0
cx0.7_mut0.3,0.7,0.3,test_4,3,11,353,5.135930106193404,True,right/down,0.22408755720265308,300,54200,16.019598500002758,15.890625,1.0
cx0.7_mut0.3,0.7,0.3,test_4,3,12,354,5.220539132618397,True,right/down,0.25783175002961856,300,54200,14.0269782999967,13.890625,1.0
cx0.7_mut0.3,0.7,0.3,test_4,3,13,355,5.025277247957899,True,right/down,0.2228224970505044,300,54200,14.110101199999917,13.734375,1.0
cx0.7_mut0.3,0.7,0.3,test_4,3,14,356,5.3028051071782745,True,right/down,0.2512560082991133,300,54200,18.5444051999948,18.171875,1.0
cx0.7_mut0.3,0.7,0.3,test_4,3,15,357,5.093351079849359,True,right/down,0.23355806955227912,300,54200,16.706285799999023,16.40625,1.0
cx0.7_mut0.3,0.7,0.3,test_4,3,16,358,5.190532002137012,True,right/down,0.24324376801467468,300,54200,16.385117800004082,16.171875,1.0
cx0.7_mut0.3,0.7,0.3,test_4,3,17,359,5.1087813886993825,True,right/down,0.2307504805443076,300,54200,18.025773600005778,17.53125,1.0
cx0.7_mut0.3,0.7,0.3,test_4,3,18,360,5.1018700712227005,True,right/down,0.23390288940930654,300,54200,16.75664130000223,16.296875,1.0
cx0.7_mut0.3,0.7,0.3,test_4,3,19,361,5.705257282616921,True,right/down,0.20091701769363057,300,54200,14.68989639999927,14.5,1.0
cx0.7_mut0.3,0.7,0.3,test_5,4,0,442,5.36551130984056,True,right/down,0.24457783631626367,300,54200,19.8542812000087,19.671875,1.0
cx0.7_mut0.3,0.7,0.3,test_5,4,1,443,5.412027113443276,True,right/down,0.25015209400507243,300,54200,17.08948419999797,16.9375,1.0
cx0.7_mut0.3,0.7,0.3,test_5,4,2,444,5.366154670695527,True,right/down,0.2175521761260867,300,54200,18.29967449999822,18.140625,1.0
cx0.7_mut0.3,0.7,0.3,test_5,4,3,445,5.297141344727336,True,right/down,0.24673581118103305,300,54200,16.282579999999143,16.25,1.0
cx0.7_mut0.3,0.7,0.3,test_5,4,4,446,5.3739731006676426,True,right/down,0.20840230792566797,300,54200,15.61674800000037,15.5625,1.0
cx0.7_mut0.3,0.7,0.3,test_5,4,5,447,5.189437777419327,True,right/down,0.23879612023566096,300,54200,20.219353000007686,19.828125,1.0
cx0.7_mut0.3,0.7,0.3,test_5,4,6,448,5.336696772540673,True,right/down,0.20154164393321441,300,54200,15.887080700005754,15.34375,1.0
cx0.7_mut0.3,0.7,0.3,test_5,4,7,449,5.186812114877058,True,right/down,0.22717572839269423,300,54200,19.301813600002788,18.890625,1.0
cx0.7_mut0.3,0.7,0.3,test_5,4,8,450,5.465066200742077,True,right/down,0.24229313464999838,300,54200,16.554171399999177,15.96875,1.0
cx0.7_mut0.3,0.7,0.3,test_5,4,9,451,5.628633755523066,True,right/down,0.21427875964857768,300,54200,19.655692000000272,18.671875,1.0
cx0.7_mut0.3,0.7,0.3,test_5,4,10,452,5.235617361662086,True,right/down,0.22379013712995008,300,54200,17.697838899999624,17.375,1.0
cx0.7_mut0.3,0.7,0.3,test_5,4,11,453,5.205548190965806,True,right/down,0.22263715443243465,300,54200,18.515155699991737,18.296875,1.0
cx0.7_mut0.3,0.7,0.3,test_5,4,12,454,5.474965187345116,True,right/down,0.23093930015569686,300,54200,16.597424500010675,16.3125,1.0
cx0.7_mut0.3,0.7,0.3,test_5,4,13,455,5.277955323169961,True,right/down,0.21764490375071277,300,54200,16.497587100006058,16.421875,1.0
cx0.7_mut0.3,0.7,0.3,test_5,4,14,456,5.445074240364923,True,right/down,0.2034018253360843,300,54200,20.045697699999437,19.859375,1.0
cx0.7_mut0.3,0.7,0.3,test_5,4,15,457,5.319936410628952,True,right/down,0.24350595190759097,300,54200,19.839035600001807,19.609375,1.0
cx0.7_mut0.3,0.7,0.3,test_5,4,16,458,5.4135425663197125,True,right/down,0.219998106998702,300,54200,15.524664700002177,15.40625,1.0
cx0.7_mut0.3,0.7,0.3,test_5,4,17,459,5.308805283803552,True,right/down,0.20440686141174916,300,54200,17.060301199991954,16.765625,1.0
cx0.7_mut0.3,0.7,0.3,test_5,4,18,460,5.368110059401883,True,right/down,0.22860499952408114,300,54200,14.63632969999162,14.34375,1.0
cx0.7_mut0.3,0.7,0.3,test_5,4,19,461,5.255175137532991,True,right/down,0.2125424588785149,300,54200,14.515767599994433,14.234375,1.0
cx0.7_mut0.3,0.7,0.3,test_6,5,0,542,5.259091607404482,True,right/down,0.21055569794032167,300,54200,16.285195200005546,15.984375,1.0
cx0.7_mut0.3,0.7,0.3,test_6,5,1,543,5.408253059849033,True,right/down,0.24917074802896397,300,54200,15.539575399991008,15.234375,1.0
cx0.7_mut0.3,0.7,0.3,test_6,5,2,544,5.2425133745416295,True,right/down,0.22178874378918112,300,54200,19.204752400008147,19.046875,1.0
cx0.7_mut0.3,0.7,0.3,test_6,5,3,545,5.377745192518881,True,right/down,0.21822523458368934,300,54200,17.507031199987978,17.390625,1.0
cx0.7_mut0.3,0.7,0.3,test_6,5,4,546,5.45653359983239,True,right/down,0.2145265873668427,300,54200,16.80709119999665,16.578125,1.0
cx0.7_mut0.3,0.7,0.3,test_6,5,5,547,5.227294682101908,True,right/down,0.21743166316643267,300,54200,16.03858309998759,15.703125,1.0
cx0.7_mut0.3,0.7,0.3,test_6,5,6,548,5.592312185829371,True,right/down,0.18388889634279296,300,54200,16.510951499993098,16.1875,1.0
cx0.7_mut0.3,0.7,0.3,test_6,5,7,549,5.584608065669229,True,right/down,0.2157433386868905,300,54200,17.427239399999962,16.828125,1.0
cx0.7_mut0.3,0.7,0.3,test_6,5,8,550,5.868312458455091,True,right/down,0.2375189889106393,300,54200,16.650018199987244,16.546875,1.0
cx0.7_mut0.3,0.7,0.3,test_6,5,9,551,5.274475172363756,True,right/down,0.21450945859996295,300,54200,16.77966080000624,16.65625,1.0
cx0.7_mut0.3,0.7,0.3,test_6,5,10,552,5.340735754950338,True,right/down,0.21911958121725528,300,54200,18.593106200001785,18.4375,1.0
cx0.7_mut0.3,0.7,0.3,test_6,5,11,553,5.30843173324304,True,right/down,0.23294969607299826,300,54200,16.007268199988175,15.703125,1.0
cx0.7_mut0.3,0.7,0.3,test_6,5,12,554,5.32158735454273,True,right/down,0.23719341650878284,300,54200,16.26855940000678,15.984375,1.0
cx0.7_mut0.3,0.7,0.3,test_6,5,13,555,5.3644622752899895,True,right/down,0.19667220799637264,300,54200,16.798197600001004,16.484375,1.0
cx0.7_mut0.3,0.7,0.3,test_6,5,14,556,5.562107791800303,True,right/down,0.21456908676200337,300,54200,18.048247200000333,17.609375,1.0
cx0.7_mut0.3,0.7,0.3,test_6,5,15,557,5.39675970810074,True,right/down,0.23577133178536228,300,54200,15.949715900002047,15.859375,1.0
cx0.7_mut0.3,0.7,0.3,test_6,5,16,558,5.39874447631148,True,right/down,0.22607527933788368,300,54200,16.22679369999969,16.15625,1.0
cx0.7_mut0.3,0.7,0.3,test_6,5,17,559,5.422147346159456,True,right/down,0.2380775247538127,300,54200,18.62078380001185,18.46875,1.0
cx0.7_mut0.3,0.7,0.3,test_6,5,18,560,5.783456542523228,True,right/down,0.22688859353112767,300,54200,14.547842600004515,14.40625,1.0
cx0.7_mut0.3,0.7,0.3,test_6,5,19,561,5.449047338355728,True,right/down,0.2152596176999366,300,54200,17.80789779999759,17.65625,1.0
cx0.7_mut0.3,0.7,0.3,test_7,6,0,642,5.0424175252052335,True,right/down,0.23730165750257956,300,54200,15.832426799999666,15.703125,1.0
cx0.7_mut0.3,0.7,0.3,test_7,6,1,643,5.220935678393326,True,right/down,0.18917243741622178,300,54200,17.15647310001077,17.015625,1.0
cx0.7_mut0.3,0.7,0.3,test_7,6,2,644,5.0714882062545374,True,right/down,0.220583231126319,300,54200,17.078698500001337,16.984375,1.0
cx0.7_mut0.3,0.7,0.3,test_7,6,3,645,5.171598499193687,True,right/down,0.22406775546900676,300,54200,16.612514699998428,16.5,1.0
cx0.7_mut0.3,0.7,0.3,test_7,6,4,646,4.963672491079153,True,right/down,0.24094798657518401,300,54200,18.00785600001109,17.828125,1.0
cx0.7_mut0.3,0.7,0.3,test_7,6,5,647,5.314394960705018,True,right/down,0.2224555022880803,300,54200,17.03478630000609,16.734375,1.0
cx0.7_mut0.3,0.7,0.3,test_7,6,6,648,5.120172639840392,True,right/down,0.2485526274193093,300,54200,14.642802100002882,14.4375,1.0
cx0.7_mut0.3,0.7,0.3,test_7,6,7,649,5.654439280325903,True,right/down,0.2406745418074993,300,54200,17.722460899996804,17.453125,1.0
cx0.7_mut0.3,0.7,0.3,test_7,6,8,650,5.102346495919948,True,right/down,0.21319174913695368,300,54200,15.956749899996794,15.84375,1.0
cx0.7_mut0.3,0.7,0.3,test_7,6,9,651,5.11122766570636,True,right/down,0.19716198630893414,300,54200,18.111194199998863,17.46875,1.0
cx0.7_mut0.3,0.7,0.3,test_7,6,10,652,4.938506286300367,True,right/down,0.2343577416359039,300,54200,17.05339190000086,16.8125,1.0
cx0.7_mut0.3,0.7,0.3,test_7,6,11,653,5.040307191073406,True,right/down,0.25575873807805505,300,54200,18.537724999987404,18.375,1.0
cx0.7_mut0.3,0.7,0.3,test_7,6,12,654,4.857365984001191,True,right/down,0.2309852640924259,300,54200,17.592982999995,17.46875,1.0
cx0.7_mut0.3,0.7,0.3,test_7,6,13,655,5.053947183739206,True,right/down,0.20283591336828047,300,54200,14.558938500005752,14.40625,1.0
cx0.7_mut0.3,0.7,0.3,test_7,6,14,656,5.5196391698910645,True,right/down,0.20688925725907842,300,54200,16.6584678000072,16.515625,1.0
cx0.7_mut0.3,0.7,0.3,test_7,6,15,657,5.268702876386124,True,right/down,0.23376377913576893,300,54200,18.837583299988182,18.765625,1.0
cx0.7_mut0.3,0.7,0.3,test_7,6,16,658,5.096813593898819,True,right/down,0.20856219106559837,300,54200,20.10780589999922,19.4375,1.0
cx0.7_mut0.3,0.7,0.3,test_7,6,17,659,5.470407007566192,True,right/down,0.2335716420640406,300,54200,16.486284600003273,16.359375,1.0
cx0.7_mut0.3,0.7,0.3,test_7,6,18,660,4.962528939486704,True,right/down,0.2331154452196454,300,54200,18.313031000012415,17.953125,1.0
cx0.7_mut0.3,0.7,0.3,test_7,6,19,661,5.102666084952056,True,right/down,0.24304112131344102,300,54200,18.18010399999912,17.953125,1.0
cx0.7_mut0.3,0.7,0.3,test_8,7,0,742,5.469485552641924,True,right/down,0.2369547213778878,300,54200,16.70592609999585,16.296875,1.0
cx0.7_mut0.3,0.7,0.3,test_8,7,1,743,5.282611468086036,True,right/down,0.17914960204003344,300,54200,19.79479369999899,19.4375,1.0
cx0.7_mut0.3,0.7,0.3,test_8,7,2,744,5.137250765145131,True,right/down,0.25444238704536026,300,54200,16.067721300001722,15.875,1.0
cx0.7_mut0.3,0.7,0.3,test_8,7,3,745,5.151187480453594,True,right/down,0.2369115392832118,300,54200,17.177761300001293,17.046875,1.0
cx0.7_mut0.3,0.7,0.3,test_8,7,4,746,4.989211784742109,True,right/down,0.21490798450796705,300,54200,20.38801890000468,20.03125,1.0
cx0.7_mut0.3,0.7,0.3,test_8,7,5,747,4.937807078612079,True,right/down,0.23463781386703622,300,54200,17.033445399996708,16.78125,1.0
cx0.7_mut0.3,0.7,0.3,test_8,7,6,748,5.3871838843682855,True,right/down,0.25293913966258,300,54200,16.78005800000392,16.6875,1.0
cx0.7_mut0.3,0.7,0.3,test_8,7,7,749,5.1123034317826646,True,right/down,0.23281597217801273,300,54200,17.439766599985887,17.28125,1.0
cx0.7_mut0.3,0.7,0.3,test_8,7,8,750,4.914735740114416,True,right/down,0.22509639361870262,300,54200,16.665808699995978,16.546875,1.0
cx0.7_mut0.3,0.7,0.3,test_8,7,9,751,5.178153051908451,True,right/down,0.20104600586843535,300,54200,19.37912860000506,19.234375,1.0
cx0.7_mut0.3,0.7,0.3,test_8,7,10,752,5.71652546757074,True,right/down,0.22925689911364547,300,54200,15.759910799999489,15.421875,1.0
cx0.7_mut0.3,0.7,0.3,test_8,7,11,753,5.3050824532004475,True,right/down,0.22931597513531082,300,54200,16.549109600004158,16.3125,1.0
cx0.7_mut0.3,0.7,0.3,test_8,7,12,754,5.217756085487455,True,right/down,0.23878912093104662,300,54200,15.477250100011588,15.1875,1.0
cx0.7_mut0.3,0.7,0.3,test_8,7,13,755,5.110170760569767,True,right/down,0.24406827806783504,300,54200,16.325035700006993,15.9375,1.0
cx0.7_mut0.3,0.7,0.3,test_8,7,14,756,4.9234372419947485,True,right/down,0.25301375314906427,300,54200,18.1839592000033,17.765625,1.0
cx0.7_mut0.3,0.7,0.3,test_8,7,15,757,5.391445326413792,True,right/down,0.20811025807535968,300,54200,14.79548739999882,14.59375,1.0
cx0.7_mut0.3,0.7,0.3,test_8,7,16,758,4.944666029356754,True,right/down,0.21946059990590777,300,54200,19.227684999990743,19.03125,1.0
cx0.7_mut0.3,0.7,0.3,test_8,7,17,759,4.966659151004187,True,right/down,0.22739610210014521,300,54200,19.3279967999988,19.046875,1.0
cx0.7_mut0.3,0.7,0.3,test_8,7,18,760,5.410027311402963,True,right/down,0.24571290912890065,300,54200,15.380561799989664,15.3125,1.0
cx0.7_mut0.3,0.7,0.3,test_8,7,19,761,5.124990469005854,True,right/down,0.2342501377461493,300,54200,18.518562199998996,18.34375,1.0
cx0.7_mut0.3,0.7,0.3,test_9,8,0,842,5.455722307500381,True,right/down,0.23109607584020897,300,54200,15.782097800009069,15.703125,1.0
cx0.7_mut0.3,0.7,0.3,test_9,8,1,843,5.4507419624723354,True,right/down,0.22082923421888845,300,54200,19.224633999998332,18.984375,1.0
cx0.7_mut0.3,0.7,0.3,test_9,8,2,844,5.433024506318901,True,right/down,0.19696131152045812,300,54200,18.12944959999004,17.984375,1.0
cx0.7_mut0.3,0.7,0.3,test_9,8,3,845,5.777211836380788,True,right/down,0.20693873899989595,300,54200,21.600653699992108,21.515625,1.0
cx0.7_mut0.3,0.7,0.3,test_9,8,4,846,5.689912176917298,True,right/down,0.1982821968079524,300,54200,18.26386150000326,18.0625,1.0
cx0.7_mut0.3,0.7,0.3,test_9,8,5,847,5.291562104568195,True,right/down,0.2339007680531638,300,54200,17.426871200004825,17.140625,1.0
cx0.7_mut0.3,0.7,0.3,test_9,8,6,848,5.39548196488091,True,right/down,0.2315247275555159,300,54200,17.20980409999902,16.90625,1.0
cx0.7_mut0.3,0.7,0.3,test_9,8,7,849,5.274536994893594,True,right/down,0.19983770233392045,300,54200,18.42581380000047,17.984375,1.0
cx0.7_mut0.3,0.7,0.3,test_9,8,8,850,5.685337671485339,True,right/down,0.2511050341747365,300,54200,17.404923399997642,17.140625,1.0
cx0.7_mut0.3,0.7,0.3,test_9,8,9,851,5.402994854680382,True,right/down,0.22255027321276719,300,54200,18.041735599996173,17.953125,1.0
cx0.7_mut0.3,0.7,0.3,test_9,8,10,852,5.274273677122816,True,right/down,0.19435419359712874,300,54200,16.575898099996266,16.53125,1.0
cx0.7_mut0.3,0.7,0.3,test_9,8,11,853,5.489825577424208,True,right/down,0.22537348583137365,300,54200,18.148465800011763,17.90625,1.0
cx0.7_mut0.3,0.7,0.3,test_9,8,12,854,5.3995086202209865,True,right/down,0.22804564777420117,300,54200,19.580669400005718,19.359375,1.0
cx0.7_mut0.3,0.7,0.3,test_9,8,13,855,5.80596659497527,True,right/down,0.23514295311182387,300,54200,15.136877100012498,15.03125,1.0
cx0.7_mut0.3,0.7,0.3,test_9,8,14,856,5.371756119613311,True,right/down,0.23323724529750647,300,54200,16.94589350000024,16.84375,1.0
cx0.7_mut0.3,0.7,0.3,test_9,8,15,857,5.433313291834677,True,right/down,0.21913210682587445,300,54200,16.45061889999488,16.359375,1.0
cx0.7_mut0.3,0.7,0.3,test_9,8,16,858,5.248519678404381,True,right/down,0.2083414855134608,300,54200,15.222940699997707,15.0625,1.0
cx0.7_mut0.3,0.7,0.3,test_9,8,17,859,5.275935913705783,True,right/down,0.23371501470439182,300,54200,17.30498620000435,16.890625,1.0
cx0.7_mut0.3,0.7,0.3,test_9,8,18,860,5.427186882895605,True,right/down,0.2371599289786315,300,54200,17.03736889999709,16.84375,1.0
cx0.7_mut0.3,0.7,0.3,test_9,8,19,861,5.35797888988204,True,right/down,0.22533196869454333,300,54200,21.456697499990696,21.203125,1.0
cx0.7_mut0.3,0.7,0.3,test_10,9,0,942,5.4246107109194295,True,right/down,0.23247655098927716,300,54200,18.314909499997157,17.875,1.0
cx0.7_mut0.3,0.7,0.3,test_10,9,1,943,5.451287484535031,True,right/down,0.2211065600144755,300,54200,19.601076699997066,19.25,1.0
cx0.7_mut0.3,0.7,0.3,test_10,9,2,944,5.510898808284573,True,right/down,0.21919013321718006,300,54200,17.499624799995217,17.28125,1.0
cx0.7_mut0.3,0.7,0.3,test_10,9,3,945,5.43712702452974,True,right/down,0.2194517815519006,300,54200,17.967307399987476,17.875,1.0
cx0.7_mut0.3,0.7,0.3,test_10,9,4,946,5.267123505965429,True,right/down,0.21829552466898614,300,54200,17.30306130000099,17.203125,1.0
cx0.7_mut0.3,0.7,0.3,test_10,9,5,947,5.392543638679065,True,right/down,0.22319530951437902,300,54200,15.51416119998612,15.453125,1.0
cx0.7_mut0.3,0.7,0.3,test_10,9,6,948,5.730580757667805,True,right/down,0.19750694645088193,300,54200,17.263729199999943,17.140625,1.0
cx0.7_mut0.3,0.7,0.3,test_10,9,7,949,5.550529388375246,True,right/down,0.2024477205618745,300,54200,17.760122499996214,17.65625,1.0
cx0.7_mut0.3,0.7,0.3,test_10,9,8,950,5.485158617371886,True,right/down,0.21881636923427572,300,54200,17.987546300006215,17.640625,1.0
cx0.7_mut0.3,0.7,0.3,test_10,9,9,951,5.407857136671232,True,right/down,0.18229779382678504,300,54200,17.689909299995634,17.46875,1.0
cx0.7_mut0.3,0.7,0.3,test_10,9,10,952,5.434557544108674,True,right/down,0.21084694684113928,300,54200,20.261430799990194,20.140625,1.0
cx0.7_mut0.3,0.7,0.3,test_10,9,11,953,5.628648747413198,True,right/down,0.21680607426580423,300,54200,20.931735399994068,20.71875,1.0
cx0.7_mut0.3,0.7,0.3,test_10,9,12,954,5.3445115680533455,True,right/down,0.19245376599023958,300,54200,17.376677599997493,17.0625,1.0
cx0.7_mut0.3,0.7,0.3,test_10,9,13,955,5.326612431626264,True,right/down,0.18307320177628283,300,54200,18.285587499995017,17.96875,1.0
cx0.7_mut0.3,0.7,0.3,test_10,9,14,956,5.504650369590274,True,right/down,0.21094796375763958,300,54200,16.8720076999889,16.609375,1.0
cx0.7_mut0.3,0.7,0.3,test_10,9,15,957,5.573474765249491,True,right/down,0.19294485476687306,300,54200,18.542702399994596,18.203125,1.0
cx0.7_mut0.3,0.7,0.3,test_10,9,16,958,5.374498008907303,True,right/down,0.2057484713317749,300,54200,19.91709770000307,19.6875,1.0
cx0.7_mut0.3,0.7,0.3,test_10,9,17,959,5.338527281992972,True,right/down,0.19944839294835998,300,54200,20.255679699999746,20.15625,1.0
cx0.7_mut0.3,0.7,0.3,test_10,9,18,960,5.429279476155545,True,right/down,0.2425198141240342,300,54200,15.815914599996177,15.78125,1.0
cx0.7_mut0.3,0.7,0.3,test_10,9,19,961,5.508866866380279,True,right/down,0.21165293106864663,300,54200,17.330237600006512,17.21875,1.0
cx0.9_mut0.001,0.9,0.001,test_1,0,0,42,6.07586949648769,True,right/down,0.1854079465830383,300,54200,38.46892210000078,38.125,1.0
cx0.9_mut0.001,0.9,0.001,test_1,0,1,43,6.067433276847922,True,right/down,0.24099416021732809,300,54200,37.76721579999139,37.015625,1.0
cx0.9_mut0.001,0.9,0.001,test_1,0,2,44,5.996684321979492,True,right/down,0.2367443660000153,300,54200,38.05423580000934,37.53125,1.0
cx0.9_mut0.001,0.9,0.001,test_1,0,3,45,5.74009038274243,True,right/down,0.247340283934859,300,54200,39.863087499994435,39.28125,1.0
cx0.9_mut0.001,0.9,0.001,test_1,0,4,46,5.9646582427006205,True,right/down,0.25391400398876873,300,54200,37.55664260000049,36.890625,1.0
cx0.9_mut0.001,0.9,0.001,test_1,0,5,47,6.135674295088932,True,right/down,0.22647511429950679,300,54200,36.14206120000745,35.59375,1.0
cx0.9_mut0.001,0.9,0.001,test_1,0,6,48,5.864157486972411,True,right/down,0.23732040470845503,300,54200,38.22229849999712,37.8125,1.0
cx0.9_mut0.001,0.9,0.001,test_1,0,7,49,5.969373471324043,True,right/down,0.2394771693940877,300,54200,34.57462349999696,34.328125,1.0
cx0.9_mut0.001,0.9,0.001,test_1,0,8,50,5.372653166948639,True,right/down,0.2717034446305029,300,54200,34.73311449999164,34.25,1.0
cx0.9_mut0.001,0.9,0.001,test_1,0,9,51,5.724598473540664,True,right/down,0.25194833997279165,300,54200,41.814996000000974,41.53125,1.0
cx0.9_mut0.001,0.9,0.001,test_1,0,10,52,5.821962970701013,True,right/down,0.22056415686083988,300,54200,34.784249900010764,34.5625,1.0
cx0.9_mut0.001,0.9,0.001,test_1,0,11,53,6.206517120708906,True,right/down,0.22023266800087998,300,54200,37.22405020000588,36.96875,1.0
cx0.9_mut0.001,0.9,0.001,test_1,0,12,54,6.015885610843415,True,right/down,0.2536991346894294,300,54200,37.98226990000694,37.765625,1.0
cx0.9_mut0.001,0.9,0.001,test_1,0,13,55,5.7884469846063515,True,right/down,0.21882905575054715,300,54200,39.607683100010036,39.15625,1.0
cx0.9_mut0.001,0.9,0.001,test_1,0,14,56,5.7806975860831225,True,right/down,0.23474386367632882,300,54200,36.99578810000094,36.234375,1.0
cx0.9_mut0.001,0.9,0.001,test_1,0,15,57,5.650677405676479,True,right/down,0.2157934659467021,300,54200,34.66937499999767,33.859375,1.0
cx0.9_mut0.001,0.9,0.001,test_1,0,16,58,6.67661319953613,True,right/down,0.25077143177334277,300,54200,38.18838629999664,37.4375,1.0
cx0.9_mut0.001,0.9,0.001,test_1,0,17,59,6.445177725351069,True,right/down,0.24571522006187382,300,54200,34.98187340000004,34.453125,1.0
cx0.9_mut0.001,0.9,0.001,test_1,0,18,60,6.386865876017971,True,right/down,0.2300699288093838,300,54200,36.756429000000935,36.15625,1.0
cx0.9_mut0.001,0.9,0.001,test_1,0,19,61,6.255976417551747,True,right/down,0.2243692856617045,300,54200,37.10158349999983,36.8125,1.0
cx0.9_mut0.001,0.9,0.001,test_2,1,0,142,5.899184177108611,True,right/down,0.25506138417910146,300,54200,38.224208199986606,37.9375,1.0
cx0.9_mut0.001,0.9,0.001,test_2,1,1,143,5.46672593836119,True,right/down,0.2391155985999011,300,54200,33.47402069999953,33.015625,1.0
cx0.9_mut0.001,0.9,0.001,test_2,1,2,144,5.614769062216335,True,right/down,0.2522515634656528,300,54200,37.41678470000625,36.4375,1.0
cx0.9_mut0.001,0.9,0.001,test_2,1,3,145,5.525693506825874,True,right/down,0.21371744897780254,300,54200,37.146310500000254,36.5,1.0
cx0.9_mut0.001,0.9,0.001,test_2,1,4,146,5.845191136503223,True,right/down,0.19090727926291298,300,54200,36.584914100007154,36.078125,1.0
cx0.9_mut0.001,0.9,0.001,test_2,1,5,147,5.5748791276833085,True,right/down,0.2294128773719243,300,54200,34.47985370000242,33.78125,1.0
cx0.9_mut0.001,0.9,0.001,test_2,1,6,148,5.63606623343178,True,right/down,0.19079257227166146,300,54200,40.11655809999502,39.515625,1.0
cx0.9_mut0.001,0.9,0.001,test_2,1,7,149,6.438676018023791,True,right/down,0.1896069876689995,300,54200,36.569648799995775,36.03125,1.0
cx0.9_mut0.001,0.9,0.001,test_2,1,8,150,5.215035615544425,True,right/down,0.20432489688687736,300,54200,35.14449500000046,34.484375,1.0
cx0.9_mut0.001,0.9,0.001,test_2,1,9,151,5.455218494468616,True,right/down,0.1875212402408606,300,54200,33.21576389999245,32.53125,1.0
cx0.9_mut0.001,0.9,0.001,test_2,1,10,152,5.862979020174442,True,right/down,0.21752628785255726,300,54200,33.828650099996594,33.171875,1.0
cx0.9_mut0.001,0.9,0.001,test_2,1,11,153,5.840176849558835,True,right/down,0.20692236146324838,300,54200,32.49332610001147,32.015625,1.0
cx0.9_mut0.001,0.9,0.001,test_2,1,12,154,5.7701094874172405,True,right/down,0.1950426263982493,300,54200,38.073630400002,37.46875,1.0
cx0.9_mut0.001,0.9,0.001,test_2,1,13,155,5.47936231109329,True,right/down,0.2012044108623673,300,54200,35.32196290000866,35.03125,1.0
cx0.9_mut0.001,0.9,0.001,test_2,1,14,156,5.734110613180724,True,right/down,0.18207757794370044,300,54200,39.6673371999932,39.328125,1.0
cx0.9_mut0.001,0.9,0.001,test_2,1,15,157,5.530685851547535,True,right/down,0.2393384920209943,300,54200,37.961456000004546,37.671875,1.0
cx0.9_mut0.001,0.9,0.001,test_2,1,16,158,5.824095370527479,True,right/down,0.20279232498400507,300,54200,32.53406160000304,32.375,1.0
cx0.9_mut0.001,0.9,0.001,test_2,1,17,159,5.811652462701123,True,right/down,0.24034137027496624,300,54200,36.65242020000005,36.1875,1.0
cx0.9_mut0.001,0.9,0.001,test_2,1,18,160,5.495872916898497,True,right/down,0.21253830604255267,300,54200,36.22067910000624,35.625,1.0
cx0.9_mut0.001,0.9,0.001,test_2,1,19,161,5.6178995175554425,True,right/down,0.21256668877139914,300,54200,35.855343299990636,35.28125,1.0
cx0.9_mut0.001,0.9,0.001,test_3,2,0,242,5.635494809893645,True,right/down,0.24748565757706523,300,54200,33.559995100004016,33.328125,1.0
cx0.9_mut0.001,0.9,0.001,test_3,2,1,243,5.479954196455521,True,right/down,0.19991707019547378,300,54200,35.96293379999406,35.71875,1.0
cx0.9_mut0.001,0.9,0.001,test_3,2,2,244,5.367081261155907,True,right/down,0.2367053088044355,300,54200,37.55603419999534,37.0625,1.0
cx0.9_mut0.001,0.9,0.001,test_3,2,3,245,5.5978524283807065,True,right/down,0.19265373306004452,300,54200,34.43174830000498,33.5625,1.0
cx0.9_mut0.001,0.9,0.001,test_3,2,4,246,5.469792449965242,True,right/down,0.23041600171237547,300,54200,36.14533010000014,35.578125,1.0
cx0.9_mut0.001,0.9,0.001,test_3,2,5,247,5.406688066518324,True,right/down,0.24302997699430512,300,54200,39.46422639999946,38.6875,1.0
cx0.9_mut0.001,0.9,0.001,test_3,2,6,248,5.809216788334331,True,right/down,0.2493042187717364,300,54200,38.13573940000788,37.625,1.0
cx0.9_mut0.001,0.9,0.001,test_3,2,7,249,5.486922393992055,True,right/down,0.22341916954958593,300,54200,39.76885760000732,39.578125,1.0
cx0.9_mut0.001,0.9,0.001,test_3,2,8,250,6.118635809337507,True,right/down,0.23925497801737056,300,54200,31.129114099996514,30.9375,1.0
cx0.9_mut0.001,0.9,0.001,test_3,2,9,251,5.391464655089784,True,right/down,0.2396243184113078,300,54200,37.39662070000486,36.984375,1.0
cx0.9_mut0.001,0.9,0.001,test_3,2,10,252,5.682117329062769,True,right/down,0.22050949212002868,300,54200,35.922155599997495,35.59375,1.0
cx0.9_mut0.001,0.9,0.001,test_3,2,11,253,5.721694790501706,True,right/down,0.23762731223277847,300,54200,40.345678300000145,39.890625,1.0
cx0.9_mut0.001,0.9,0.001,test_3,2,12,254,5.561712144502106,True,right/down,0.25091254501768395,300,54200,37.49203350000607,36.984375,1.0
cx0.9_mut0.001,0.9,0.001,test_3,2,13,255,5.533459628174776,True,right/down,0.2273989814646205,300,54200,35.34642749998602,35.03125,1.0
cx0.9_mut0.001,0.9,0.001,test_3,2,14,256,5.608895829454848,True,right/down,0.180138014710697,300,54200,36.681875299997046,36.28125,1.0
cx0.9_mut0.001,0.9,0.001,test_3,2,15,257,5.572423719646988,True,right/down,0.24951624044538182,300,54200,36.17350969999097,35.90625,1.0
cx0.9_mut0.001,0.9,0.001,test_3,2,16,258,5.298848964020727,True,right/down,0.22618513561724318,300,54200,35.912344600001234,35.484375,1.0
cx0.9_mut0.001,0.9,0.001,test_3,2,17,259,5.581036797555923,True,right/down,0.23238548375589588,300,54200,32.513708600003156,31.984375,1.0
cx0.9_mut0.001,0.9,0.001,test_3,2,18,260,5.625884559203133,True,right/down,0.23659392305415544,300,54200,38.05647290000343,37.46875,1.0
cx0.9_mut0.001,0.9,0.001,test_3,2,19,261,5.368030295382204,True,right/down,0.196733586073002,300,54200,38.332738800003426,37.65625,1.0
cx0.9_mut0.001,0.9,0.001,test_4,3,0,342,5.55627472889323,True,right/down,0.21332097586782353,300,54200,40.080652900011046,39.546875,1.0
cx0.9_mut0.001,0.9,0.001,test_4,3,1,343,5.614617691075166,True,right/down,0.1955238753792563,300,54200,35.08614650000527,34.46875,1.0
cx0.9_mut0.001,0.9,0.001,test_4,3,2,344,5.2550216975940796,True,right/down,0.24455611182155812,300,54200,34.03075850001187,33.546875,1.0
cx0.9_mut0.001,0.9,0.001,test_4,3,3,345,5.803530171241001,True,right/down,0.16655746269377777,300,54200,34.44696660000773,33.96875,1.0
cx0.9_mut0.001,0.9,0.001,test_4,3,4,346,5.190237727416214,True,right/down,0.21899871299131862,300,54200,40.016951400000835,39.546875,1.0
cx0.9_mut0.001,0.9,0.001,test_4,3,5,347,5.783869654490074,True,right/down,0.2410331652310239,300,54200,35.66821850000997,35.4375,1.0
cx0.9_mut0.001,0.9,0.001,test_4,3,6,348,5.494069501588431,True,right/down,0.23644243740232276,300,54200,38.16285130000324,37.96875,1.0
cx0.9_mut0.001,0.9,0.001,test_4,3,7,349,5.604894420991091,True,right/down,0.23619380207684992,300,54200,38.5151504999958,38.1875,1.0
cx0.9_mut0.001,0.9,0.001,test_4,3,8,350,6.362738094199102,True,right/down,0.23551224433254458,300,54200,33.28218829999969,33.0625,1.0
cx0.9_mut0.001,0.9,0.001,test_4,3,9,351,5.349836235132169,True,right/down,0.23159850272233523,300,54200,36.73621370000183,36.4375,1.0
cx0.9_mut0.001,0.9,0.001,test_4,3,10,352,5.862011346022832,True,right/down,0.23196929040574285,300,54200,36.10377040000458,35.828125,1.0
cx0.9_mut0.001,0.9,0.001,test_4,3,11,353,5.633345066893837,True,right/down,0.2513583908556792,300,54200,36.78400529999635,36.359375,1.0
cx0.9_mut0.001,0.9,0.001,test_4,3,12,354,5.702759686601267,True,right/down,0.2250475987989033,300,54200,37.2558638999908,36.640625,1.0
cx0.9_mut0.001,0.9,0.001,test_4,3,13,355,5.863392432738892,True,right/down,0.26091089574710047,300,54200,40.45769179999479,39.3125,1.0
cx0.9_mut0.001,0.9,0.001,test_4,3,14,356,5.4460227179468115,True,right/down,0.23120029764580588,300,54200,40.00374240000383,39.0625,1.0
cx0.9_mut0.001,0.9,0.001,test_4,3,15,357,5.931682266021256,True,right/down,0.20341188188333786,300,54200,41.08573520000209,40.15625,1.0
cx0.9_mut0.001,0.9,0.001,test_4,3,16,358,5.736941477402306,True,right/down,0.2684792707531109,300,54200,47.48386789999495,46.640625,1.0
cx0.9_mut0.001,0.9,0.001,test_4,3,17,359,5.3192092566542,True,right/down,0.21112040852806058,300,54200,40.214234800005215,39.34375,1.0
cx0.9_mut0.001,0.9,0.001,test_4,3,18,360,5.87202886855119,True,right/down,0.23548081828259051,300,54200,36.435720699999365,35.921875,1.0
cx0.9_mut0.001,0.9,0.001,test_4,3,19,361,5.502685604613234,True,right/down,0.2500772296759468,300,54200,38.68856099998811,38.234375,1.0
cx0.9_mut0.001,0.9,0.001,test_5,4,0,442,5.767093383162804,True,right/down,0.21815536661316026,300,54200,40.35867060000601,39.8125,1.0
cx0.9_mut0.001,0.9,0.001,test_5,4,1,443,6.083320851764342,True,right/down,0.20228149380032187,300,54200,39.77039089999744,39.515625,1.0
cx0.9_mut0.001,0.9,0.001,test_5,4,2,444,5.743606554647189,True,right/down,0.22534464621244624,300,54200,41.74563699999999,41.546875,1.0
cx0.9_mut0.001,0.9,0.001,test_5,4,3,445,6.008640626891999,True,right/down,0.2340340757078799,300,54200,35.81757169999764,35.609375,1.0
cx0.9_mut0.001,0.9,0.001,test_5,4,4,446,5.7230492666796895,True,right/down,0.23564970524156872,300,54200,38.04652289999649,37.0,1.0
cx0.9_mut0.001,0.9,0.001,test_5,4,5,447,6.107348147948891,True,right/down,0.22813053264296593,300,54200,39.54606700000295,38.546875,1.0
cx0.9_mut0.001,0.9,0.001,test_5,4,6,448,6.033539937150978,True,right/down,0.1878720681271949,300,54200,38.16947799999616,37.265625,1.0
cx0.9_mut0.001,0.9,0.001,test_5,4,7,449,5.3464532649980026,True,right/down,0.22840149324396977,300,54200,43.878308400002425,42.78125,1.0
cx0.9_mut0.001,0.9,0.001,test_5,4,8,450,5.798613740433552,True,right/down,0.21797433336977995,300,54200,38.58246039999358,37.984375,1.0
cx0.9_mut0.001,0.9,0.001,test_5,4,9,451,6.663805234303507,True,right/down,0.19723136038084868,300,54200,41.72254519999842,40.453125,1.0
cx0.9_mut0.001,0.9,0.001,test_5,4,10,452,5.605299727360679,True,right/down,0.25516912645570433,300,54200,39.31830449998961,38.765625,1.0
cx0.9_mut0.001,0.9,0.001,test_5,4,11,453,5.471236881949787,True,right/down,0.22599536598881778,300,54200,36.57576199999312,36.203125,1.0
cx0.9_mut0.001,0.9,0.001,test_5,4,12,454,5.499887516145196,True,right/down,0.21750714343026684,300,54200,42.387040099987644,41.984375,1.0
cx0.9_mut0.001,0.9,0.001,test_5,4,13,455,5.44095467745438,True,right/down,0.1736814274650099,300,54200,40.071977600004175,39.625,1.0
cx0.9_mut0.001,0.9,0.001,test_5,4,14,456,5.760748951792019,True,right/down,0.2561090501159276,300,54200,39.23041039999225,38.921875,1.0
cx0.9_mut0.001,0.9,0.001,test_5,4,15,457,5.548229404620656,True,right/down,0.22868473647342777,300,54200,39.151147700002184,38.734375,1.0
cx0.9_mut0.001,0.9,0.001,test_5,4,16,458,5.726012840802345,True,right/down,0.20048323077616356,300,54200,36.27518859998963,35.953125,1.0
cx0.9_mut0.001,0.9,0.001,test_5,4,17,459,5.691878722195764,True,right/down,0.20812376856500328,300,54200,41.01039350000792,39.40625,1.0
cx0.9_mut0.001,0.9,0.001,test_5,4,18,460,5.880803191686352,True,right/down,0.2357570217197796,300,54200,34.43072979999124,33.578125,1.0
cx0.9_mut0.001,0.9,0.001,test_5,4,19,461,5.624016025448477,True,right/down,0.15165835156783714,300,54200,40.08235830000194,39.21875,1.0
cx0.9_mut0.001,0.9,0.001,test_6,5,0,542,6.067100755917308,True,right/down,0.20833934409382882,300,54200,42.010601400004816,40.9375,1.0
cx0.9_mut0.001,0.9,0.001,test_6,5,1,543,5.571344476024986,True,right/down,0.19239638858782337,300,54200,44.799408099992434,44.03125,1.0
cx0.9_mut0.001,0.9,0.001,test_6,5,2,544,5.8016065356209685,True,right/down,0.20692391312180228,300,54200,39.96621270000469,39.578125,1.0
cx0.9_mut0.001,0.9,0.001,test_6,5,3,545,5.641988735280952,True,right/down,0.22136718390067883,300,54200,43.320026600005804,42.9375,1.0
cx0.9_mut0.001,0.9,0.001,test_6,5,4,546,6.309728276828486,True,right/down,0.1848184527822622,300,54200,41.71491170000809,40.921875,1.0
cx0.9_mut0.001,0.9,0.001,test_6,5,5,547,6.712576856677991,True,right/down,0.21807974397421542,300,54200,38.85124390000419,38.4375,1.0
cx0.9_mut0.001,0.9,0.001,test_6,5,6,548,5.610162899081689,True,right/down,0.2287525069750609,300,54200,41.620853300002636,40.796875,1.0
cx0.9_mut0.001,0.9,0.001,test_6,5,7,549,5.681547864644081,True,right/down,0.24682866961826835,300,54200,42.531449899994186,42.125,1.0
cx0.9_mut0.001,0.9,0.001,test_6,5,8,550,7.084042371245784,True,right/down,0.21551882490410304,300,54200,43.18966360000195,42.796875,1.0
cx0.9_mut0.001,0.9,0.001,test_6,5,9,551,5.959031976014216,True,right/down,0.19152178026222963,300,54200,42.765074599999934,42.140625,1.0
cx0.9_mut0.001,0.9,0.001,test_6,5,10,552,6.025832265137486,True,right/down,0.2203817658827857,300,54200,40.34244310000213,39.875,1.0
cx0.9_mut0.001,0.9,0.001,test_6,5,11,553,6.446367911111205,True,right/down,0.22056186261002592,300,54200,41.322408299995004,40.4375,1.0
cx0.9_mut0.001,0.9,0.001,test_6,5,12,554,5.7567056350893075,True,right/down,0.2266432403411273,300,54200,41.82946150000498,41.265625,1.0
cx0.9_mut0.001,0.9,0.001,test_6,5,13,555,5.496976166003247,True,right/down,0.19423732481508743,300,54200,46.784556900005555,46.03125,1.0
cx0.9_mut0.001,0.9,0.001,test_6,5,14,556,5.8524557817898195,True,right/down,0.2220947695849566,300,54200,40.56925749999937,40.3125,1.0
cx0.9_mut0.001,0.9,0.001,test_6,5,15,557,6.287087003336916,True,right/down,0.23349774467519324,300,54200,36.91848549999122,36.75,1.0
cx0.9_mut0.001,0.9,0.001,test_6,5,16,558,6.101019849253582,True,right/down,0.23275173848627198,300,54200,40.55310049999389,40.4375,1.0
cx0.9_mut0.001,0.9,0.001,test_6,5,17,559,5.814376078048373,True,right/down,0.228208175788285,300,54200,43.05936919999658,42.4375,1.0
cx0.9_mut0.001,0.9,0.001,test_6,5,18,560,5.8071414971535456,True,right/down,0.23718305533719838,300,54200,42.172282900006394,41.796875,1.0
cx0.9_mut0.001,0.9,0.001,test_6,5,19,561,6.066668507572598,True,right/down,0.23119614569080196,300,54200,41.429248200001894,41.140625,1.0
cx0.9_mut0.001,0.9,0.001,test_7,6,0,642,5.802060520209277,True,right/down,0.23704384426495917,300,54200,41.53472270000202,41.015625,1.0
cx0.9_mut0.001,0.9,0.001,test_7,6,1,643,5.499146326818757,True,right/down,0.26581724139648605,300,54200,46.676904599997215,46.234375,1.0
cx0.9_mut0.001,0.9,0.001,test_7,6,2,644,5.6644022919168435,True,right/down,0.25273452100964905,300,54200,41.230870100000175,40.859375,1.0
cx0.9_mut0.001,0.9,0.001,test_7,6,3,645,5.917379802285492,True,right/down,0.22376486295227985,300,54200,37.80157130000589,37.359375,1.0
cx0.9_mut0.001,0.9,0.001,test_7,6,4,646,5.690517883246029,True,right/down,0.22995094886274073,300,54200,37.94455420000304,37.265625,1.0
cx0.9_mut0.001,0.9,0.001,test_7,6,5,647,5.726161959115977,True,right/down,0.2496779655061391,300,54200,39.72913819999667,39.109375,1.0
cx0.9_mut0.001,0.9,0.001,test_7,6,6,648,5.615265285299263,True,right/down,0.23882980693012482,300,54200,42.104822799999965,41.3125,1.0
cx0.9_mut0.001,0.9,0.001,test_7,6,7,649,5.570229049622311,True,right/down,0.25053541267173046,300,54200,37.78755130000354,37.359375,1.0
cx0.9_mut0.001,0.9,0.001,test_7,6,8,650,5.5363376986683885,True,right/down,0.2125404901130074,300,54200,42.7244606000022,42.109375,1.0
cx0.9_mut0.001,0.9,0.001,test_7,6,9,651,5.811676576951327,True,right/down,0.21176631594304962,300,54200,38.04539169999771,37.46875,1.0
cx0.9_mut0.001,0.9,0.001,test_7,6,10,652,5.448178562941929,True,right/down,0.24525758140181814,300,54200,40.01294610000332,39.59375,1.0
cx0.9_mut0.001,0.9,0.001,test_7,6,11,653,5.707635902117081,True,right/down,0.23962675329762154,300,54200,40.072849399992265,39.84375,1.0
cx0.9_mut0.001,0.9,0.001,test_7,6,12,654,5.899673649311127,True,right/down,0.25105130607429327,300,54200,43.26095329999225,42.984375,1.0
cx0.9_mut0.001,0.9,0.001,test_7,6,13,655,5.538039536332845,True,right/down,0.23457088084841982,300,54200,40.03936959999555,39.8125,1.0
cx0.9_mut0.001,0.9,0.001,test_7,6,14,656,6.360422797045617,True,right/down,0.23093155136443833,300,54200,40.28880589999608,39.921875,1.0
cx0.9_mut0.001,0.9,0.001,test_7,6,15,657,6.254760857818868,True,right/down,0.20497212091881625,300,54200,42.59659549999924,41.96875,1.0
cx0.9_mut0.001,0.9,0.001,test_7,6,16,658,5.427497124576943,True,right/down,0.24386062809125314,300,54200,39.5480239999888,39.0625,1.0
cx0.9_mut0.001,0.9,0.001,test_7,6,17,659,5.466903134270402,True,right/down,0.18606179356522448,300,54200,40.65136760000314,40.078125,1.0
cx0.9_mut0.001,0.9,0.001,test_7,6,18,660,5.786545830304227,True,right/down,0.2499502047133361,300,54200,42.894179599999916,42.078125,1.0
cx0.9_mut0.001,0.9,0.001,test_7,6,19,661,5.641504917506967,True,right/down,0.2219584683031035,300,54200,44.692464399995515,43.765625,1.0
cx0.9_mut0.001,0.9,0.001,test_8,7,0,742,5.752145439320448,True,right/down,0.1961099364602831,300,54200,40.886287700006505,40.28125,1.0
cx0.9_mut0.001,0.9,0.001,test_8,7,1,743,5.375088306215226,True,right/down,0.2254377864505894,300,54200,43.99923270000727,43.453125,1.0
cx0.9_mut0.001,0.9,0.001,test_8,7,2,744,5.5655421184164915,True,right/down,0.20002473663773024,300,54200,44.34088519999932,43.171875,1.0
cx0.9_mut0.001,0.9,0.001,test_8,7,3,745,5.180284944860505,True,right/down,0.2222922083887426,300,54200,38.17041900000186,37.640625,1.0
cx0.9_mut0.001,0.9,0.001,test_8,7,4,746,5.3717819022693245,True,right/down,0.26293854951233125,300,54200,41.61243239999749,41.15625,1.0
cx0.9_mut0.001,0.9,0.001,test_8,7,5,747,5.814487747111731,True,right/down,0.24430677071235343,300,54200,40.36369310000737,39.984375,1.0
cx0.9_mut0.001,0.9,0.001,test_8,7,6,748,5.622346664835963,True,right/down,0.23973172052141647,300,54200,38.83063460000267,38.53125,1.0
cx0.9_mut0.001,0.9,0.001,test_8,7,7,749,5.859576996898808,True,right/down,0.21747321390645302,300,54200,42.285960799999884,42.0625,1.0
cx0.9_mut0.001,0.9,0.001,test_8,7,8,750,5.951482242293518,True,right/down,0.22658759720830027,300,54200,43.18804700000328,42.84375,1.0
cx0.9_mut0.001,0.9,0.001,test_8,7,9,751,5.5013894216219175,True,right/down,0.2124058350724836,300,54200,38.57374370000616,38.171875,1.0
cx0.9_mut0.001,0.9,0.001,test_8,7,10,752,5.411633188461371,True,right/down,0.25623671585738467,300,54200,39.781723299995065,39.234375,1.0
cx0.9_mut0.001,0.9,0.001,test_8,7,11,753,5.960289843467268,True,right/down,0.19373967920087257,300,54200,40.74939799999993,40.015625,1.0
cx0.9_mut0.001,0.9,0.001,test_8,7,12,754,6.143470585561436,True,right/down,0.23129878651115207,300,54200,37.67828799999552,36.953125,1.0
cx0.9_mut0.001,0.9,0.001,test_8,7,13,755,5.356174373703371,True,right/down,0.23095737866754174,300,54200,39.169731700007105,38.09375,1.0
cx0.9_mut0.001,0.9,0.001,test_8,7,14,756,6.219285701099351,True,right/down,0.24639621236704076,300,54200,42.14873040000384,41.5625,1.0
cx0.9_mut0.001,0.9,0.001,test_8,7,15,757,5.589061910063358,True,right/down,0.23336767338429312,300,54200,42.405977600006736,42.109375,1.0
cx0.9_mut0.001,0.9,0.001,test_8,7,16,758,5.793908663921808,True,right/down,0.20282183893184091,300,54200,41.88940840000578,41.578125,1.0
cx0.9_mut0.001,0.9,0.001,test_8,7,17,759,5.313482625839541,True,right/down,0.26412325097489303,300,54200,37.70630109999911,37.453125,1.0
cx0.9_mut0.001,0.9,0.001,test_8,7,18,760,5.629459413545251,True,right/down,0.2254516728247988,300,54200,39.06692230000044,38.828125,1.0
cx0.9_mut0.001,0.9,0.001,test_8,7,19,761,5.560641366952955,True,right/down,0.21331649481126255,300,54200,41.765462100011064,41.5625,1.0
cx0.9_mut0.001,0.9,0.001,test_9,8,0,842,5.983390609797004,True,right/down,0.2048143465906763,300,54200,47.21115079999436,46.609375,1.0
cx0.9_mut0.001,0.9,0.001,test_9,8,1,843,5.484592075068727,True,right/down,0.21314331038260662,300,54200,41.057715600007214,40.515625,1.0
cx0.9_mut0.001,0.9,0.001,test_9,8,2,844,5.861070715653089,True,right/down,0.20787054151662046,300,54200,37.94475209999655,37.734375,1.0
cx0.9_mut0.001,0.9,0.001,test_9,8,3,845,5.777998273400403,True,right/down,0.2409815668382851,300,54200,38.86571620000177,38.484375,1.0
cx0.9_mut0.001,0.9,0.001,test_9,8,4,846,6.081351295421985,True,right/down,0.25331583862353296,300,54200,40.179777500001364,39.765625,1.0
cx0.9_mut0.001,0.9,0.001,test_9,8,5,847,6.067955059790892,True,right/down,0.2200611649579226,300,54200,38.83162850000372,38.015625,1.0
cx0.9_mut0.001,0.9,0.001,test_9,8,6,848,5.732199089855997,True,right/down,0.21000084101920058,300,54200,42.50858029999654,41.671875,1.0
cx0.9_mut0.001,0.9,0.001,test_9,8,7,849,5.734796339029304,True,right/down,0.22332987446139724,300,54200,38.777945900001214,38.109375,1.0
cx0.9_mut0.001,0.9,0.001,test_9,8,8,850,5.434391554091253,True,right/down,0.17517738233935135,300,54200,44.45861460000742,43.9375,1.0
cx0.9_mut0.001,0.9,0.001,test_9,8,9,851,5.904366694357649,True,right/down,0.23582990256784594,300,54200,39.665640999999596,39.3125,1.0
cx0.9_mut0.001,0.9,0.001,test_9,8,10,852,5.920728540934382,True,right/down,0.20851466771579458,300,54200,41.616775100003,40.734375,1.0
cx0.9_mut0.001,0.9,0.001,test_9,8,11,853,5.7298935270631155,True,right/down,0.24177790647578007,300,54200,39.08850519999396,38.890625,1.0
cx0.9_mut0.001,0.9,0.001,test_9,8,12,854,5.599450217082287,True,right/down,0.2473447684811471,300,54200,41.400216900001396,41.046875,1.0
cx0.9_mut0.001,0.9,0.001,test_9,8,13,855,5.891779854924379,True,right/down,0.2507046527402357,300,54200,39.44482209999114,39.0625,1.0
cx0.9_mut0.001,0.9,0.001,test_9,8,14,856,5.9614601847146025,True,right/down,0.19458310511377397,300,54200,41.50327049999032,41.046875,1.0
cx0.9_mut0.001,0.9,0.001,test_9,8,15,857,5.62665738414654,True,right/down,0.2298934507786586,300,54200,42.25568570000178,42.0,1.0
cx0.9_mut0.001,0.9,0.001,test_9,8,16,858,6.1663276988070335,True,right/down,0.1940471365949305,300,54200,37.48770529999456,36.9375,1.0
cx0.9_mut0.001,0.9,0.001,test_9,8,17,859,6.373267993338054,True,right/down,0.15540272087230161,300,54200,38.277649600000586,37.734375,1.0
cx0.9_mut0.001,0.9,0.001,test_9,8,18,860,5.442351515033612,True,right/down,0.212728521793112,300,54200,39.669983700005105,39.265625,1.0
cx0.9_mut0.001,0.9,0.001,test_9,8,19,861,5.7162562649055975,True,right/down,0.22251211221895176,300,54200,39.69204200000968,38.875,1.0
cx0.9_mut0.001,0.9,0.001,test_10,9,0,942,6.197845516265088,True,right/down,0.21065171810430502,300,54200,40.62618079999811,39.984375,1.0
cx0.9_mut0.001,0.9,0.001,test_10,9,1,943,5.8219522331789735,True,right/down,0.1973734435062312,300,54200,40.19392800000787,39.328125,1.0
cx0.9_mut0.001,0.9,0.001,test_10,9,2,944,5.718758931156338,True,right/down,0.215684312613925,300,54200,36.083629799992195,35.5625,1.0
cx0.9_mut0.001,0.9,0.001,test_10,9,3,945,6.173143098192491,True,right/down,0.18415963612620795,300,54200,42.30054110000492,42.046875,1.0
cx0.9_mut0.001,0.9,0.001,test_10,9,4,946,6.059085500661365,True,right/down,0.2118206904906722,300,54200,39.350291499999,39.046875,1.0
cx0.9_mut0.001,0.9,0.001,test_10,9,5,947,5.705581141163018,True,right/down,0.2172315219466824,300,54200,40.66171799998847,40.3125,1.0
cx0.9_mut0.001,0.9,0.001,test_10,9,6,948,5.865583061012668,True,right/down,0.23038302417632767,300,54200,39.43749260000186,38.71875,1.0
cx0.9_mut0.001,0.9,0.001,test_10,9,7,949,5.960600873795726,True,right/down,0.22070391731677394,300,54200,37.944439600003534,37.40625,1.0
cx0.9_mut0.001,0.9,0.001,test_10,9,8,950,5.777160591590812,True,right/down,0.22947899111144027,300,54200,40.79131559999951,40.546875,1.0
cx0.9_mut0.001,0.9,0.001,test_10,9,9,951,5.700112641041594,True,right/down,0.22124669985224213,300,54200,39.883849799996824,39.515625,1.0
cx0.9_mut0.001,0.9,0.001,test_10,9,10,952,6.060320839522987,True,right/down,0.22568935127677311,300,54200,39.943871900002705,39.734375,1.0
cx0.9_mut0.001,0.9,0.001,test_10,9,11,953,5.638577923417233,True,right/down,0.22298732907938715,300,54200,40.80842010000197,40.296875,1.0
cx0.9_mut0.001,0.9,0.001,test_10,9,12,954,6.057776876357298,True,right/down,0.2216059893226822,300,54200,41.956797499995446,41.421875,1.0
cx0.9_mut0.001,0.9,0.001,test_10,9,13,955,6.079196227189492,True,right/down,0.2101570648459461,300,54200,39.869638300006045,39.359375,1.0
cx0.9_mut0.001,0.9,0.001,test_10,9,14,956,5.962589337237644,True,right/down,0.21733478920823504,300,54200,42.95332299999427,42.3125,1.0
cx0.9_mut0.001,0.9,0.001,test_10,9,15,957,6.009751189405314,True,right/down,0.20775929089928333,300,54200,39.68006939999759,39.015625,1.0
cx0.9_mut0.001,0.9,0.001,test_10,9,16,958,6.082153935771611,True,right/down,0.19415993644878773,300,54200,37.66117599999416,37.3125,1.0
cx0.9_mut0.001,0.9,0.001,test_10,9,17,959,6.022934996110658,True,right/down,0.15055491145755753,300,54200,37.86779879999813,37.65625,1.0
cx0.9_mut0.001,0.9,0.001,test_10,9,18,960,6.053596172669153,True,right/down,0.24048678592826306,300,54200,45.46206340000208,45.140625,1.0
cx0.9_mut0.001,0.9,0.001,test_10,9,19,961,5.936332505668483,True,right/down,0.2245373928874698,300,54200,37.066053199989256,36.578125,1.0
cx0.9_mut0.01,0.9,0.01,test_1,0,0,42,5.3733977376616675,True,right/down,0.24360030040961636,300,54200,36.478948000003584,35.859375,1.0
cx0.9_mut0.01,0.9,0.01,test_1,0,1,43,5.834675392671579,True,right/down,0.250020813569256,300,54200,35.59372109999822,35.234375,1.0
cx0.9_mut0.01,0.9,0.01,test_1,0,2,44,5.655129867357858,True,right/down,0.2493068618432872,300,54200,36.11325850000139,35.484375,1.0
cx0.9_mut0.01,0.9,0.01,test_1,0,3,45,5.621246625541188,True,right/down,0.19139943683465088,300,54200,39.190287900011754,38.453125,1.0
cx0.9_mut0.01,0.9,0.01,test_1,0,4,46,5.413972660800227,True,right/down,0.24469761319056754,300,54200,40.643181099992944,39.921875,1.0
cx0.9_mut0.01,0.9,0.01,test_1,0,5,47,5.563996560246547,True,right/down,0.2152485776198271,300,54200,35.15190630000143,34.65625,1.0
cx0.9_mut0.01,0.9,0.01,test_1,0,6,48,5.644903797806849,True,right/down,0.21559044642587502,300,54200,38.81509659999574,38.515625,1.0
cx0.9_mut0.01,0.9,0.01,test_1,0,7,49,5.601245072623164,True,right/down,0.20945452539538587,300,54200,38.58827730000485,38.328125,1.0
cx0.9_mut0.01,0.9,0.01,test_1,0,8,50,5.240330158524748,True,right/down,0.24773413118525667,300,54200,35.64864230000239,35.0625,1.0
cx0.9_mut0.01,0.9,0.01,test_1,0,9,51,5.758848810616845,True,right/down,0.22533833577843926,300,54200,37.36745459999656,36.953125,1.0
cx0.9_mut0.01,0.9,0.01,test_1,0,10,52,5.202896976794228,True,right/down,0.21325533000190003,300,54200,39.27143750000687,39.109375,1.0
cx0.9_mut0.01,0.9,0.01,test_1,0,11,53,5.210070160346301,True,right/down,0.2684747252076349,300,54200,36.4412852999958,36.125,1.0
cx0.9_mut0.01,0.9,0.01,test_1,0,12,54,5.545878143566034,True,right/down,0.2363325163210348,300,54200,37.65373370000452,37.359375,1.0
cx0.9_mut0.01,0.9,0.01,test_1,0,13,55,5.423756248828519,True,right/down,0.2452041739038408,300,54200,38.813414200005354,38.40625,1.0
cx0.9_mut0.01,0.9,0.01,test_1,0,14,56,5.538829628300672,True,right/down,0.24072521833218127,300,54200,38.290161400000216,37.609375,1.0
cx0.9_mut0.01,0.9,0.01,test_1,0,15,57,5.67852098338872,True,right/down,0.21296512416866403,300,54200,37.28247559998999,36.375,1.0
cx0.9_mut0.01,0.9,0.01,test_1,0,16,58,5.752624938980719,True,right/down,0.222057966576145,300,54200,38.140187100012554,37.328125,1.0
cx0.9_mut0.01,0.9,0.01,test_1,0,17,59,5.306431795827013,True,right/down,0.21227537357574233,300,54200,39.31450180000684,38.640625,1.0
cx0.9_mut0.01,0.9,0.01,test_1,0,18,60,5.599406963137836,True,right/down,0.21804048961025643,300,54200,36.73268739999912,36.15625,1.0
cx0.9_mut0.01,0.9,0.01,test_1,0,19,61,5.441365146023127,True,right/down,0.2523115163228431,300,54200,38.9496899000078,38.796875,1.0
cx0.9_mut0.01,0.9,0.01,test_2,1,0,142,5.337536705724311,True,right/down,0.2347815371940583,300,54200,37.34006700001191,37.0,1.0
cx0.9_mut0.01,0.9,0.01,test_2,1,1,143,5.348132424846428,True,right/down,0.25556678503819336,300,54200,35.14354900000035,34.734375,1.0
cx0.9_mut0.01,0.9,0.01,test_2,1,2,144,5.724625790398166,True,right/down,0.2147744322459945,300,54200,35.76611919999414,35.03125,1.0
cx0.9_mut0.01,0.9,0.01,test_2,1,3,145,5.3248499299698535,True,right/down,0.2181596535422812,300,54200,36.66933739998785,35.9375,1.0
cx0.9_mut0.01,0.9,0.01,test_2,1,4,146,5.842691992514036,True,right/down,0.1933081926780308,300,54200,34.2189825999958,33.859375,1.0
cx0.9_mut0.01,0.9,0.01,test_2,1,5,147,5.330296724308515,True,right/down,0.23263665812454862,300,54200,35.66872319999675,35.015625,1.0
cx0.9_mut0.01,0.9,0.01,test_2,1,6,148,5.584335199522357,True,right/down,0.2065473431308096,300,54200,37.458193800004665,36.75,1.0
cx0.9_mut0.01,0.9,0.01,test_2,1,7,149,5.389793016927213,True,right/down,0.2352898068344402,300,54200,37.1681385999982,36.6875,1.0
cx0.9_mut0.01,0.9,0.01,test_2,1,8,150,5.082776721239134,True,right/down,0.21281797571865882,300,54200,38.114300100001856,37.421875,1.0
cx0.9_mut0.01,0.9,0.01,test_2,1,9,151,5.457414992946269,True,right/down,0.21415540763693602,300,54200,38.015426899990416,37.1875,1.0
cx0.9_mut0.01,0.9,0.01,test_2,1,10,152,5.593100913914013,True,right/down,0.2151141022339085,300,54200,38.94957900000736,38.0625,1.0
cx0.9_mut0.01,0.9,0.01,test_2,1,11,153,5.276752758829082,True,right/down,0.22185004188799964,300,54200,37.041643899996416,36.328125,1.0
cx0.9_mut0.01,0.9,0.01,test_2,1,12,154,5.652384606528533,True,right/down,0.2109936847607511,300,54200,35.892820799999754,35.359375,1.0
cx0.9_mut0.01,0.9,0.01,test_2,1,13,155,5.506423111957361,True,right/down,0.23673179768017877,300,54200,34.974329699994996,34.75,1.0
cx0.9_mut0.01,0.9,0.01,test_2,1,14,156,5.5677379678676004,True,right/down,0.2082475713787474,300,54200,35.25552909998805,35.0,1.0
cx0.9_mut0.01,0.9,0.01,test_2,1,15,157,5.113876847989815,True,right/down,0.2262052880268438,300,54200,37.88265610000235,37.734375,1.0
cx0.9_mut0.01,0.9,0.01,test_2,1,16,158,5.414183626214669,True,right/down,0.2305039982338843,300,54200,41.80103619999136,41.484375,1.0
cx0.9_mut0.01,0.9,0.01,test_2,1,17,159,5.785541722048352,True,right/down,0.2345632594936992,300,54200,37.278547599999,36.828125,1.0
cx0.9_mut0.01,0.9,0.01,test_2,1,18,160,5.494182880829918,True,right/down,0.22797019145776418,300,54200,39.00788230000762,38.5625,1.0
cx0.9_mut0.01,0.9,0.01,test_2,1,19,161,5.510320558139755,True,right/down,0.23213490139321216,300,54200,38.98588380000729,38.6875,1.0
cx0.9_mut0.01,0.9,0.01,test_3,2,0,242,5.301686932837665,True,right/down,0.24878983389169818,300,54200,38.03090599999996,37.71875,1.0
cx0.9_mut0.01,0.9,0.01,test_3,2,1,243,5.103477159934572,True,right/down,0.22118768400557925,300,54200,36.611965899995994,36.328125,1.0
cx0.9_mut0.01,0.9,0.01,test_3,2,2,244,5.621295107101709,True,right/down,0.2338677720866575,300,54200,38.98670049999782,38.46875,1.0
cx0.9_mut0.01,0.9,0.01,test_3,2,3,245,5.080608455382905,True,right/down,0.25452618584100445,300,54200,38.82949329999974,38.1875,1.0
cx0.9_mut0.01,0.9,0.01,test_3,2,4,246,5.4429307877592485,True,right/down,0.24576029465400895,300,54200,40.34091169999738,39.734375,1.0
cx0.9_mut0.01,0.9,0.01,test_3,2,5,247,5.256153346075012,True,right/down,0.2593977928269197,300,54200,43.55483949999325,42.875,1.0
cx0.9_mut0.01,0.9,0.01,test_3,2,6,248,5.219532292494135,True,right/down,0.2349235198275554,300,54200,39.58818350000365,39.15625,1.0
cx0.9_mut0.01,0.9,0.01,test_3,2,7,249,5.092464371437712,True,right/down,0.2357295719707287,300,54200,37.95450490000076,37.734375,1.0
cx0.9_mut0.01,0.9,0.01,test_3,2,8,250,5.286153338887478,True,right/down,0.22075381020098772,300,54200,37.1421149999951,36.71875,1.0
cx0.9_mut0.01,0.9,0.01,test_3,2,9,251,5.263754627862958,True,right/down,0.248538111939137,300,54200,35.93631450000976,35.5,1.0
cx0.9_mut0.01,0.9,0.01,test_3,2,10,252,5.163791125476422,True,right/down,0.23720643680544418,300,54200,37.557328099996084,37.21875,1.0
cx0.9_mut0.01,0.9,0.01,test_3,2,11,253,5.082436149475349,True,right/down,0.23538227506261727,300,54200,35.153365500009386,34.828125,1.0
cx0.9_mut0.01,0.9,0.01,test_3,2,12,254,5.190431891599803,True,right/down,0.22658117736497532,300,54200,38.62316699999792,38.046875,1.0
cx0.9_mut0.01,0.9,0.01,test_3,2,13,255,5.106040779244102,True,right/down,0.25764825832234123,300,54200,35.078046000009635,34.875,1.0
cx0.9_mut0.01,0.9,0.01,test_3,2,14,256,5.667836549111351,True,right/down,0.2158951856807886,300,54200,38.26005700000678,37.765625,1.0
cx0.9_mut0.01,0.9,0.01,test_3,2,15,257,5.269081358857427,True,right/down,0.24946465307042598,300,54200,38.60039040000993,38.328125,1.0
cx0.9_mut0.01,0.9,0.01,test_3,2,16,258,5.084324049269252,True,right/down,0.23611031369274624,300,54200,38.13605919999827,37.5625,1.0
cx0.9_mut0.01,0.9,0.01,test_3,2,17,259,5.075012237519282,True,right/down,0.24520054528533036,300,54200,39.7196827000007,39.03125,1.0
cx0.9_mut0.01,0.9,0.01,test_3,2,18,260,5.316654196645149,True,right/down,0.24562952964698617,300,54200,40.56156820000615,39.921875,1.0
cx0.9_mut0.01,0.9,0.01,test_3,2,19,261,5.637622007182729,True,right/down,0.21112522191161243,300,54200,35.88594550000562,35.40625,1.0
cx0.9_mut0.01,0.9,0.01,test_4,3,0,342,5.482542461258921,True,right/down,0.23071200578266865,300,54200,37.63474330000463,37.0625,1.0
cx0.9_mut0.01,0.9,0.01,test_4,3,1,343,5.233868684539712,True,right/down,0.24789645529329665,300,54200,34.07585069999914,33.609375,1.0
cx0.9_mut0.01,0.9,0.01,test_4,3,2,344,5.1229917581820255,True,right/down,0.2220444251345872,300,54200,34.37857259999146,33.984375,1.0
cx0.9_mut0.01,0.9,0.01,test_4,3,3,345,5.059090082054207,True,right/down,0.2101780034458105,300,54200,35.85686580000038,35.203125,1.0
cx0.9_mut0.01,0.9,0.01,test_4,3,4,346,5.866537271042739,True,right/down,0.24485018862424873,300,54200,34.90436220000265,34.5,1.0
cx0.9_mut0.01,0.9,0.01,test_4,3,5,347,5.691005494224646,True,right/down,0.2605723926134061,300,54200,36.724413299991284,36.3125,1.0
cx0.9_mut0.01,0.9,0.01,test_4,3,6,348,5.132656192537254,True,right/down,0.2409787925512059,300,54200,36.134402700001374,35.90625,1.0
cx0.9_mut0.01,0.9,0.01,test_4,3,7,349,5.311238622625357,True,right/down,0.23972577138233936,300,54200,37.415788200014504,37.078125,1.0
cx0.9_mut0.01,0.9,0.01,test_4,3,8,350,5.538551194705158,True,right/down,0.23675875944933655,300,54200,36.03117220000422,35.875,1.0
cx0.9_mut0.01,0.9,0.01,test_4,3,9,351,5.298077850396335,True,right/down,0.22456885151175185,300,54200,38.84729469999729,38.46875,1.0
cx0.9_mut0.01,0.9,0.01,test_4,3,10,352,5.320566678057222,True,right/down,0.23473912384337223,300,54200,35.14112629998999,34.859375,1.0
cx0.9_mut0.01,0.9,0.01,test_4,3,11,353,5.170909344052463,True,right/down,0.23338742828000092,300,54200,37.593323400011286,37.265625,1.0
cx0.9_mut0.01,0.9,0.01,test_4,3,12,354,5.461075864139503,True,right/down,0.22100132393593339,300,54200,37.76812159999099,37.0625,1.0
cx0.9_mut0.01,0.9,0.01,test_4,3,13,355,5.632795798169129,True,right/down,0.21646224249395532,300,54200,39.3426327000052,38.484375,1.0
cx0.9_mut0.01,0.9,0.01,test_4,3,14,356,5.102298722179996,True,right/down,0.2175214510999651,300,54200,40.24868730000162,39.28125,1.0
cx0.9_mut0.01,0.9,0.01,test_4,3,15,357,5.1013413018757685,True,right/down,0.24411516643640416,300,54200,41.90749870000582,41.109375,1.0
cx0.9_mut0.01,0.9,0.01,test_4,3,16,358,5.211286075765348,True,right/down,0.20392991811077554,300,54200,42.94193090000772,42.3125,1.0
cx0.9_mut0.01,0.9,0.01,test_4,3,17,359,5.473392755372732,True,right/down,0.25581103729131766,300,54200,41.63836219999939,40.671875,1.0
cx0.9_mut0.01,0.9,0.01,test_4,3,18,360,5.174182670719018,True,right/down,0.24316951716268326,300,54200,37.72809030000644,37.171875,1.0
cx0.9_mut0.01,0.9,0.01,test_4,3,19,361,5.222991808460228,True,right/down,0.19723076755018126,300,54200,41.697776600005454,41.265625,1.0
cx0.9_mut0.01,0.9,0.01,test_5,4,0,442,5.545310881421289,True,right/down,0.19244110693757305,300,54200,43.95674139999028,43.0625,1.0
cx0.9_mut0.01,0.9,0.01,test_5,4,1,443,5.297742617445454,True,right/down,0.2093105986592012,300,54200,38.34254599999986,38.125,1.0
cx0.9_mut0.01,0.9,0.01,test_5,4,2,444,5.242398215407216,True,right/down,0.22291096018287357,300,54200,42.09754820000671,42.0,1.0
cx0.9_mut0.01,0.9,0.01,test_5,4,3,445,5.726081408599516,True,right/down,0.25448776007555063,300,54200,40.43255979999958,40.09375,1.0
cx0.9_mut0.01,0.9,0.01,test_5,4,4,446,5.460535296368697,True,right/down,0.2474724043646139,300,54200,40.53920769999968,39.390625,1.0
cx0.9_mut0.01,0.9,0.01,test_5,4,5,447,5.095300600161713,True,right/down,0.2368629289428192,300,54200,42.905200199995306,41.6875,1.0
cx0.9_mut0.01,0.9,0.01,test_5,4,6,448,5.551068778088855,True,right/down,0.23382045676908916,300,54200,42.171018499997444,41.515625,1.0
cx0.9_mut0.01,0.9,0.01,test_5,4,7,449,5.197204056047582,True,right/down,0.2390740703012441,300,54200,45.11419580000802,43.921875,1.0
cx0.9_mut0.01,0.9,0.01,test_5,4,8,450,5.2131837440810695,True,right/down,0.23444975911035307,300,54200,44.440017599990824,43.234375,1.0
cx0.9_mut0.01,0.9,0.01,test_5,4,9,451,5.559241318863643,True,right/down,0.17799582696987615,300,54200,44.171870999998646,43.34375,1.0
cx0.9_mut0.01,0.9,0.01,test_5,4,10,452,5.982955019547577,True,right/down,0.21684619165182578,300,54200,42.65807369998947,42.1875,1.0
cx0.9_mut0.01,0.9,0.01,test_5,4,11,453,5.2276071368574115,True,right/down,0.25069064922345635,300,54200,42.193885300002876,41.59375,1.0
cx0.9_mut0.01,0.9,0.01,test_5,4,12,454,5.641051693047791,True,right/down,0.20168439313386302,300,54200,42.58166420001362,42.125,1.0
cx0.9_mut0.01,0.9,0.01,test_5,4,13,455,5.419167953834693,True,right/down,0.21593196226077996,300,54200,36.976361800014274,36.453125,1.0
cx0.9_mut0.01,0.9,0.01,test_5,4,14,456,5.376677212696566,True,right/down,0.2544470653804444,300,54200,42.448744799999986,42.0625,1.0
cx0.9_mut0.01,0.9,0.01,test_5,4,15,457,5.293207881851406,True,right/down,0.2364661144366345,300,54200,41.78479540000262,41.46875,1.0
cx0.9_mut0.01,0.9,0.01,test_5,4,16,458,5.429256919493046,True,right/down,0.2284337888192787,300,54200,45.919828899990534,45.375,1.0
cx0.9_mut0.01,0.9,0.01,test_5,4,17,459,5.229483829667333,True,right/down,0.24268999495302396,300,54200,42.1817194000032,40.765625,1.0
cx0.9_mut0.01,0.9,0.01,test_5,4,18,460,5.405009777821114,True,right/down,0.2562309748443219,300,54200,34.33864839999296,33.65625,1.0
cx0.9_mut0.01,0.9,0.01,test_5,4,19,461,5.3365453875281315,True,right/down,0.22958213581296222,300,54200,33.82984859999851,33.03125,1.0
cx0.9_mut0.01,0.9,0.01,test_6,5,0,542,5.667302389328919,True,right/down,0.22377709893823905,300,54200,41.859754000004614,40.421875,1.0
cx0.9_mut0.01,0.9,0.01,test_6,5,1,543,5.398561343660258,True,right/down,0.22104845954854685,300,54200,41.64457649999531,41.0,1.0
cx0.9_mut0.01,0.9,0.01,test_6,5,2,544,5.866162816504616,True,right/down,0.22417703349276646,300,54200,43.27211900000111,42.828125,1.0
cx0.9_mut0.01,0.9,0.01,test_6,5,3,545,5.9987959883811,True,right/down,0.17801169247154075,300,54200,39.034868900009315,38.765625,1.0
cx0.9_mut0.01,0.9,0.01,test_6,5,4,546,5.576086740096704,True,right/down,0.23018716339621173,300,54200,41.81346429999394,41.34375,1.0
cx0.9_mut0.01,0.9,0.01,test_6,5,5,547,5.628241169926314,True,right/down,0.24437662996272788,300,54200,42.06689400000323,41.609375,1.0
cx0.9_mut0.01,0.9,0.01,test_6,5,6,548,5.646829486917714,True,right/down,0.22570005916476862,300,54200,41.9368189000088,41.21875,1.0
cx0.9_mut0.01,0.9,0.01,test_6,5,7,549,5.737156074360382,True,right/down,0.2307103573261215,300,54200,41.41256549999525,40.828125,1.0
cx0.9_mut0.01,0.9,0.01,test_6,5,8,550,6.6013834806082965,True,right/down,0.20045072225885727,300,54200,39.655270499992184,39.40625,1.0
cx0.9_mut0.01,0.9,0.01,test_6,5,9,551,5.448412672453591,True,right/down,0.21128137177589734,300,54200,42.61872690000746,41.828125,1.0
cx0.9_mut0.01,0.9,0.01,test_6,5,10,552,5.576568812844084,True,right/down,0.22118459705942048,300,54200,37.72087609999289,37.3125,1.0
cx0.9_mut0.01,0.9,0.01,test_6,5,11,553,5.534261937543622,True,right/down,0.21525348867035224,300,54200,42.74167699999816,41.5625,1.0
cx0.9_mut0.01,0.9,0.01,test_6,5,12,554,5.566651616397934,True,right/down,0.24406712802753486,300,54200,39.75576889999502,39.109375,1.0
cx0.9_mut0.01,0.9,0.01,test_6,5,13,555,5.786284501200814,True,right/down,0.22695117055789807,300,54200,41.83070420000877,41.125,1.0
cx0.9_mut0.01,0.9,0.01,test_6,5,14,556,5.733620458602067,True,right/down,0.23766582109628087,300,54200,44.43850050000765,44.15625,1.0
cx0.9_mut0.01,0.9,0.01,test_6,5,15,557,5.897351073178763,True,right/down,0.19794333147761153,300,54200,41.43615690000297,41.234375,1.0
cx0.9_mut0.01,0.9,0.01,test_6,5,16,558,5.54473950207282,True,right/down,0.23654681499169894,300,54200,38.091646100001526,37.953125,1.0
cx0.9_mut0.01,0.9,0.01,test_6,5,17,559,5.498315122004535,True,right/down,0.23562368055953947,300,54200,40.28509900000063,39.71875,1.0
cx0.9_mut0.01,0.9,0.01,test_6,5,18,560,5.470175093609628,True,right/down,0.234426729752566,300,54200,38.543726600008085,38.109375,1.0
cx0.9_mut0.01,0.9,0.01,test_6,5,19,561,5.448626067118462,True,right/down,0.21310601793232797,300,54200,35.36507200000051,35.140625,1.0
cx0.9_mut0.01,0.9,0.01,test_7,6,0,642,5.3321798722825084,True,right/down,0.2595130344861129,300,54200,39.5364816999936,39.203125,1.0
cx0.9_mut0.01,0.9,0.01,test_7,6,1,643,5.500924711498315,True,right/down,0.23827939758930894,300,54200,40.80681239999831,40.59375,1.0
cx0.9_mut0.01,0.9,0.01,test_7,6,2,644,5.088342563288375,True,right/down,0.2732263368529974,300,54200,43.657738099995186,43.15625,1.0
cx0.9_mut0.01,0.9,0.01,test_7,6,3,645,5.479601686303317,True,right/down,0.24056726069324716,300,54200,41.07304519999889,40.671875,1.0
cx0.9_mut0.01,0.9,0.01,test_7,6,4,646,5.175884371809358,True,right/down,0.222580518299116,300,54200,40.66995979999774,40.109375,1.0
cx0.9_mut0.01,0.9,0.01,test_7,6,5,647,5.294012214751934,True,right/down,0.2524731451845066,300,54200,43.176116600006935,42.5625,1.0
cx0.9_mut0.01,0.9,0.01,test_7,6,6,648,5.322709207667463,True,right/down,0.24691681325429043,300,54200,41.322394100003294,40.640625,1.0
cx0.9_mut0.01,0.9,0.01,test_7,6,7,649,5.288209689104661,True,right/down,0.2312165886773128,300,54200,40.6829371000058,40.0,1.0
cx0.9_mut0.01,0.9,0.01,test_7,6,8,650,5.331855709269303,True,right/down,0.24904670267588896,300,54200,41.03703590000805,40.625,1.0
cx0.9_mut0.01,0.9,0.01,test_7,6,9,651,4.983747446533894,True,right/down,0.2230079936761063,300,54200,44.269780700007686,43.828125,1.0
cx0.9_mut0.01,0.9,0.01,test_7,6,10,652,5.341349008094941,True,right/down,0.21778466371835586,300,54200,40.16942449999624,39.78125,1.0
cx0.9_mut0.01,0.9,0.01,test_7,6,11,653,5.7239421893306375,True,right/down,0.24204689412158836,300,54200,37.4129857999942,37.109375,1.0
cx0.9_mut0.01,0.9,0.01,test_7,6,12,654,5.399873278677294,True,right/down,0.26195258275688077,300,54200,40.68164659998729,40.34375,1.0
cx0.9_mut0.01,0.9,0.01,test_7,6,13,655,5.360572151000364,True,right/down,0.253961273752881,300,54200,42.67489270000078,42.375,1.0
cx0.9_mut0.01,0.9,0.01,test_7,6,14,656,6.000770760491679,True,right/down,0.23272559430365888,300,54200,42.35953739999968,42.078125,1.0
cx0.9_mut0.01,0.9,0.01,test_7,6,15,657,5.285952558507196,True,right/down,0.2318128961554761,300,54200,44.50138820000575,43.765625,1.0
cx0.9_mut0.01,0.9,0.01,test_7,6,16,658,5.264971502788322,True,right/down,0.2330165174034392,300,54200,38.937180999986595,38.546875,1.0
cx0.9_mut0.01,0.9,0.01,test_7,6,17,659,5.381092412519408,True,right/down,0.23878466768077025,300,54200,40.01459819999582,39.40625,1.0
cx0.9_mut0.01,0.9,0.01,test_7,6,18,660,5.023707858386306,True,right/down,0.23225635595814195,300,54200,41.62257769999269,40.875,1.0
cx0.9_mut0.01,0.9,0.01,test_7,6,19,661,5.02245946275759,True,right/down,0.24188323780758522,300,54200,41.713670099998126,41.046875,1.0
cx0.9_mut0.01,0.9,0.01,test_8,7,0,742,5.1774981738696475,True,right/down,0.22624986453003829,300,54200,44.80566860000545,44.0,1.0
cx0.9_mut0.01,0.9,0.01,test_8,7,1,743,5.295794666788373,True,right/down,0.22418509541955986,300,54200,41.5311120999977,40.921875,1.0
cx0.9_mut0.01,0.9,0.01,test_8,7,2,744,5.580345513150731,True,right/down,0.2519560040982335,300,54200,44.734564400001545,43.515625,1.0
cx0.9_mut0.01,0.9,0.01,test_8,7,3,745,5.698661726696708,True,right/down,0.2252150122189334,300,54200,40.70797020000464,40.140625,1.0
cx0.9_mut0.01,0.9,0.01,test_8,7,4,746,5.460897719109264,True,right/down,0.23536739047646116,300,54200,38.68276429999969,38.515625,1.0
cx0.9_mut0.01,0.9,0.01,test_8,7,5,747,5.760111290697289,True,right/down,0.2529390104973766,300,54200,40.93702620000113,40.578125,1.0
cx0.9_mut0.01,0.9,0.01,test_8,7,6,748,5.412159534919221,True,right/down,0.23175057328009532,300,54200,39.23877470000298,38.96875,1.0
cx0.9_mut0.01,0.9,0.01,test_8,7,7,749,5.316146100582277,True,right/down,0.24572291919272315,300,54200,45.23310219999985,44.9375,1.0
cx0.9_mut0.01,0.9,0.01,test_8,7,8,750,5.2465387009704445,True,right/down,0.23202356069017258,300,54200,43.05807579999964,42.75,1.0
cx0.9_mut0.01,0.9,0.01,test_8,7,9,751,5.5264134688338515,True,right/down,0.24103386915718045,300,54200,39.873801900001126,39.4375,1.0
cx0.9_mut0.01,0.9,0.01,test_8,7,10,752,5.360840509332878,True,right/down,0.24974579687881932,300,54200,44.55724999999802,43.90625,1.0
cx0.9_mut0.01,0.9,0.01,test_8,7,11,753,5.618638657637565,True,right/down,0.20130001507464543,300,54200,38.96492470000521,38.25,1.0
cx0.9_mut0.01,0.9,0.01,test_8,7,12,754,5.574774955182275,True,right/down,0.24036457713613815,300,54200,43.039243600011105,42.4375,1.0
cx0.9_mut0.01,0.9,0.01,test_8,7,13,755,5.116386910658209,True,right/down,0.20892324923495967,300,54200,37.92393619999348,37.015625,1.0
cx0.9_mut0.01,0.9,0.01,test_8,7,14,756,5.057719887333164,True,right/down,0.23519991670750154,300,54200,44.548194199989666,43.796875,1.0
cx0.9_mut0.01,0.9,0.01,test_8,7,15,757,5.413450149811232,True,right/down,0.2313813649762622,300,54200,42.5676003999979,42.078125,1.0
cx0.9_mut0.01,0.9,0.01,test_8,7,16,758,5.638109897130017,True,right/down,0.21991687568923968,300,54200,40.08411560000968,39.8125,1.0
cx0.9_mut0.01,0.9,0.01,test_8,7,17,759,6.068090115595898,True,right/down,0.24055020529831014,300,54200,39.23531619999267,39.046875,1.0
cx0.9_mut0.01,0.9,0.01,test_8,7,18,760,5.373875557086999,True,right/down,0.24500780592883908,300,54200,38.222895300001255,38.03125,1.0
cx0.9_mut0.01,0.9,0.01,test_8,7,19,761,5.4814239808834,True,right/down,0.2583710759667333,300,54200,40.09664869999688,39.8125,1.0
cx0.9_mut0.01,0.9,0.01,test_9,8,0,842,5.516346249955131,True,right/down,0.23591836246316344,300,54200,43.4921514000016,42.859375,1.0
cx0.9_mut0.01,0.9,0.01,test_9,8,1,843,5.430670649968847,True,right/down,0.24940857821082038,300,54200,44.07105430000229,43.578125,1.0
cx0.9_mut0.01,0.9,0.01,test_9,8,2,844,5.37691116406323,True,right/down,0.24041626731855478,300,54200,43.10989210000844,42.734375,1.0
cx0.9_mut0.01,0.9,0.01,test_9,8,3,845,5.504278743551657,True,right/down,0.2436429776945051,300,54200,42.514493499998935,42.265625,1.0
cx0.9_mut0.01,0.9,0.01,test_9,8,4,846,5.836744337252553,True,right/down,0.20350259661664183,300,54200,41.72888349999266,41.140625,1.0
cx0.9_mut0.01,0.9,0.01,test_9,8,5,847,5.513779901497488,True,right/down,0.23280240965447754,300,54200,43.847598099993775,42.90625,1.0
cx0.9_mut0.01,0.9,0.01,test_9,8,6,848,5.331282709815362,True,right/down,0.2371750593773985,300,54200,39.37903840000217,38.578125,1.0
cx0.9_mut0.01,0.9,0.01,test_9,8,7,849,5.777471836950456,True,right/down,0.2040091957958326,300,54200,39.892194500003825,39.125,1.0
cx0.9_mut0.01,0.9,0.01,test_9,8,8,850,5.6448418619139,True,right/down,0.19253810557863785,300,54200,43.324558599997545,42.71875,1.0
cx0.9_mut0.01,0.9,0.01,test_9,8,9,851,5.522108033613218,True,right/down,0.23853333904365867,300,54200,39.2436008000077,39.0,1.0
cx0.9_mut0.01,0.9,0.01,test_9,8,10,852,5.780034793710682,True,right/down,0.22881344018856833,300,54200,42.21993500000099,41.53125,1.0
cx0.9_mut0.01,0.9,0.01,test_9,8,11,853,5.324524618713075,True,right/down,0.24975904143346536,300,54200,42.527569400001084,42.265625,1.0
cx0.9_mut0.01,0.9,0.01,test_9,8,12,854,5.5203943361549195,True,right/down,0.19870814926141062,300,54200,39.794598299995414,39.46875,1.0
cx0.9_mut0.01,0.9,0.01,test_9,8,13,855,5.615229941535665,True,right/down,0.24284810519517672,300,54200,40.11135239999567,39.828125,1.0
cx0.9_mut0.01,0.9,0.01,test_9,8,14,856,5.729546847499538,True,right/down,0.23052947711718771,300,54200,45.652712499999325,45.140625,1.0
cx0.9_mut0.01,0.9,0.01,test_9,8,15,857,5.213459511034768,True,right/down,0.2417306872845081,300,54200,40.65437340000062,40.359375,1.0
cx0.9_mut0.01,0.9,0.01,test_9,8,16,858,5.678621370886013,True,right/down,0.22031290826139954,300,54200,44.137967900009244,43.53125,1.0
cx0.9_mut0.01,0.9,0.01,test_9,8,17,859,5.462959930602247,True,right/down,0.24210152144526056,300,54200,42.20881520000694,41.65625,1.0
cx0.9_mut0.01,0.9,0.01,test_9,8,18,860,6.156112687478848,True,right/down,0.203948700723187,300,54200,39.8345788000006,39.546875,1.0
cx0.9_mut0.01,0.9,0.01,test_9,8,19,861,5.710656030386975,True,right/down,0.21958228402706756,300,54200,39.77750460000243,38.90625,1.0
cx0.9_mut0.01,0.9,0.01,test_10,9,0,942,5.482654081312175,True,right/down,0.15338208235103604,300,54200,41.84148119999736,41.234375,1.0
cx0.9_mut0.01,0.9,0.01,test_10,9,1,943,5.326592507504667,True,right/down,0.2133254519626286,300,54200,42.04976570000872,41.125,1.0
cx0.9_mut0.01,0.9,0.01,test_10,9,2,944,5.480839016897798,True,right/down,0.2439603443611323,300,54200,38.521122299993294,38.0,1.0
cx0.9_mut0.01,0.9,0.01,test_10,9,3,945,5.554238981057214,True,right/down,0.21674821607539227,300,54200,44.10758869998972,43.78125,1.0
cx0.9_mut0.01,0.9,0.01,test_10,9,4,946,5.601884233049223,True,right/down,0.19048421676591867,300,54200,40.86912869999651,40.71875,1.0
cx0.9_mut0.01,0.9,0.01,test_10,9,5,947,5.8749890737533415,True,right/down,0.23275819342556833,300,54200,41.47148420001031,41.0,1.0
cx0.9_mut0.01,0.9,0.01,test_10,9,6,948,5.390358988330016,True,right/down,0.20593013445969408,300,54200,41.095112700000755,40.453125,1.0
cx0.9_mut0.01,0.9,0.01,test_10,9,7,949,5.97648062933105,True,right/down,0.23080741646361821,300,54200,38.06626960000722,37.40625,1.0
cx0.9_mut0.01,0.9,0.01,test_10,9,8,950,5.654590965655191,True,right/down,0.2018280136610409,300,54200,38.38516750000417,38.078125,1.0
cx0.9_mut0.01,0.9,0.01,test_10,9,9,951,5.464448352554032,True,right/down,0.2256795833214993,300,54200,44.38204709999263,43.921875,1.0
cx0.9_mut0.01,0.9,0.01,test_10,9,10,952,5.459422093996697,True,right/down,0.25218519226696656,300,54200,39.77295660000527,39.546875,1.0
cx0.9_mut0.01,0.9,0.01,test_10,9,11,953,5.464840961668775,True,right/down,0.24291436315802162,300,54200,39.96126599999843,39.203125,1.0
cx0.9_mut0.01,0.9,0.01,test_10,9,12,954,5.443264942469833,True,right/down,0.237914248187283,300,54200,37.59470829999191,36.953125,1.0
cx0.9_mut0.01,0.9,0.01,test_10,9,13,955,5.971126711702627,True,right/down,0.18921773570044614,300,54200,38.87910289999854,38.453125,1.0
cx0.9_mut0.01,0.9,0.01,test_10,9,14,956,5.396534848327303,True,right/down,0.17659641505559398,300,54200,44.68156200001249,43.984375,1.0
cx0.9_mut0.01,0.9,0.01,test_10,9,15,957,5.8826626483473206,True,right/down,0.19216978639558968,300,54200,39.95401909999782,39.375,1.0
cx0.9_mut0.01,0.9,0.01,test_10,9,16,958,5.364866045150729,True,right/down,0.25556515548637204,300,54200,41.0216444000107,40.6875,1.0
cx0.9_mut0.01,0.9,0.01,test_10,9,17,959,5.5623039997905535,True,right/down,0.2196654616908164,300,54200,43.97297559998697,43.71875,1.0
cx0.9_mut0.01,0.9,0.01,test_10,9,18,960,5.454848058727926,True,right/down,0.23373613686666134,300,54200,43.638427700003376,43.34375,1.0
cx0.9_mut0.01,0.9,0.01,test_10,9,19,961,5.714090197743096,True,right/down,0.1628907561490809,300,54200,32.84422430000268,32.59375,1.0
cx0.9_mut0.05,0.9,0.05,test_1,0,0,42,5.669069081768626,True,right/down,0.23751577660139084,300,54200,34.08792799999355,33.578125,1.0
cx0.9_mut0.05,0.9,0.05,test_1,0,1,43,5.540907605122108,True,right/down,0.24084342427273175,300,54200,34.104252799996175,33.359375,1.0
cx0.9_mut0.05,0.9,0.05,test_1,0,2,44,5.566249540700652,True,right/down,0.24339989118562064,300,54200,37.37725900000078,36.734375,1.0
cx0.9_mut0.05,0.9,0.05,test_1,0,3,45,5.425136416946682,True,right/down,0.1964284635999865,300,54200,34.87251780000224,34.25,1.0
cx0.9_mut0.05,0.9,0.05,test_1,0,4,46,5.03801528285578,True,right/down,0.2533779817096949,300,54200,32.802835599999526,32.3125,1.0
cx0.9_mut0.05,0.9,0.05,test_1,0,5,47,5.260011937258463,True,right/down,0.24999687291189926,300,54200,35.02901670000574,34.546875,1.0
cx0.9_mut0.05,0.9,0.05,test_1,0,6,48,5.300482541699943,True,right/down,0.21928741416994407,300,54200,33.96492100000614,33.65625,1.0
cx0.9_mut0.05,0.9,0.05,test_1,0,7,49,5.218195992723864,True,right/down,0.20383196367947784,300,54200,38.73815999999351,38.46875,1.0
cx0.9_mut0.05,0.9,0.05,test_1,0,8,50,5.328259354439914,True,right/down,0.23921880598662704,300,54200,33.900089900009334,33.625,1.0
cx0.9_mut0.05,0.9,0.05,test_1,0,9,51,5.782221505358949,True,right/down,0.2211015716007731,300,54200,31.953804399992805,31.671875,1.0
cx0.9_mut0.05,0.9,0.05,test_1,0,10,52,5.03729520194096,True,right/down,0.24274726817052755,300,54200,34.07794470000954,33.890625,1.0
cx0.9_mut0.05,0.9,0.05,test_1,0,11,53,5.485371821630808,True,right/down,0.23804164036601042,300,54200,35.35878050001338,35.078125,1.0
cx0.9_mut0.05,0.9,0.05,test_1,0,12,54,5.3163953370817865,True,right/down,0.23717894742111403,300,54200,32.99320070000249,32.796875,1.0
cx0.9_mut0.05,0.9,0.05,test_1,0,13,55,5.3674868093611465,True,right/down,0.2427879018939607,300,54200,36.96951959999569,36.578125,1.0
cx0.9_mut0.05,0.9,0.05,test_1,0,14,56,5.463053113317918,True,right/down,0.22454235131862832,300,54200,34.89291540000704,34.40625,1.0
cx0.9_mut0.05,0.9,0.05,test_1,0,15,57,5.171441102089543,True,right/down,0.22836585835811832,300,54200,34.801409399995464,33.953125,1.0
cx0.9_mut0.05,0.9,0.05,test_1,0,16,58,6.168249988024835,True,right/down,0.22898088683336423,300,54200,35.00921649999509,34.5625,1.0
cx0.9_mut0.05,0.9,0.05,test_1,0,17,59,5.089240858419169,True,right/down,0.22008790981706855,300,54200,35.770592200002284,35.203125,1.0
cx0.9_mut0.05,0.9,0.05,test_1,0,18,60,5.373274004503369,True,right/down,0.23376234234286528,300,54200,34.74399720001384,34.234375,1.0
cx0.9_mut0.05,0.9,0.05,test_1,0,19,61,5.38564904974853,True,right/down,0.20235513719269924,300,54200,39.07759730001271,38.734375,1.0
cx0.9_mut0.05,0.9,0.05,test_2,1,0,142,5.152433661283906,True,right/down,0.22930280140383608,300,54200,35.1420669999934,34.875,1.0
cx0.9_mut0.05,0.9,0.05,test_2,1,1,143,5.564676230091892,True,right/down,0.20235639406303504,300,54200,34.09310120000737,33.671875,1.0
cx0.9_mut0.05,0.9,0.05,test_2,1,2,144,5.674449090728935,True,right/down,0.25051354203668225,300,54200,37.600144199997885,37.03125,1.0
cx0.9_mut0.05,0.9,0.05,test_2,1,3,145,5.274865394012195,True,right/down,0.22511103047330275,300,54200,35.59436210000422,35.0,1.0
cx0.9_mut0.05,0.9,0.05,test_2,1,4,146,5.4072504883113135,True,right/down,0.21741327085406628,300,54200,31.982173099997453,31.765625,1.0
cx0.9_mut0.05,0.9,0.05,test_2,1,5,147,5.258086325322747,True,right/down,0.23801192179364752,300,54200,34.69342150000739,34.171875,1.0
cx0.9_mut0.05,0.9,0.05,test_2,1,6,148,5.362539033654036,True,right/down,0.23164871430350506,300,54200,33.317599399990286,32.8125,1.0
cx0.9_mut0.05,0.9,0.05,test_2,1,7,149,5.1339073794730545,True,right/down,0.20865136042052723,300,54200,35.195360400000936,34.5625,1.0
cx0.9_mut0.05,0.9,0.05,test_2,1,8,150,5.231280701163882,True,right/down,0.2228656160154483,300,54200,32.366839300011634,31.578125,1.0
cx0.9_mut0.05,0.9,0.05,test_2,1,9,151,5.5158699369113116,True,right/down,0.24135092023960125,300,54200,33.87395149999065,33.1875,1.0
cx0.9_mut0.05,0.9,0.05,test_2,1,10,152,5.065627876022802,True,right/down,0.23690031983412005,300,54200,34.49852289998671,33.9375,1.0
cx0.9_mut0.05,0.9,0.05,test_2,1,11,153,5.348671376882942,True,right/down,0.2507533664549552,300,54200,33.30851240000629,32.671875,1.0
cx0.9_mut0.05,0.9,0.05,test_2,1,12,154,5.275002658723224,True,right/down,0.21296967738789632,300,54200,33.37234060000628,32.9375,1.0
cx0.9_mut0.05,0.9,0.05,test_2,1,13,155,5.446475429068785,True,right/down,0.2327710648122054,300,54200,33.584740899997996,33.296875,1.0
cx0.9_mut0.05,0.9,0.05,test_2,1,14,156,5.421963511503968,True,right/down,0.2403372954760135,300,54200,31.92002340000181,31.6875,1.0
cx0.9_mut0.05,0.9,0.05,test_2,1,15,157,5.073265417447103,True,right/down,0.2082641771038124,300,54200,33.728641900001094,33.53125,1.0
cx0.9_mut0.05,0.9,0.05,test_2,1,16,158,5.33613261378472,True,right/down,0.2588152179102993,300,54200,31.716300700005377,31.4375,1.0
cx0.9_mut0.05,0.9,0.05,test_2,1,17,159,5.433284530869027,True,right/down,0.19752531681155902,300,54200,34.91071640000155,34.5625,1.0
cx0.9_mut0.05,0.9,0.05,test_2,1,18,160,5.5510932582153565,True,right/down,0.21722207865519616,300,54200,36.26695309999923,35.625,1.0
cx0.9_mut0.05,0.9,0.05,test_2,1,19,161,5.127427051373356,True,right/down,0.23152966093252358,300,54200,37.1036327000038,36.59375,1.0
cx0.9_mut0.05,0.9,0.05,test_3,2,0,242,5.057346813406984,True,right/down,0.23916792238411827,300,54200,34.17804559999786,33.859375,1.0
cx0.9_mut0.05,0.9,0.05,test_3,2,1,243,5.060829019652944,True,right/down,0.23189068477295804,300,54200,33.4516786000022,33.171875,1.0
cx0.9_mut0.05,0.9,0.05,test_3,2,2,244,4.989058035279381,True,right/down,0.24738279321461742,300,54200,35.126869700005045,34.671875,1.0
cx0.9_mut0.05,0.9,0.05,test_3,2,3,245,5.061665639517824,True,right/down,0.25463409065253867,300,54200,34.35431619999872,33.78125,1.0
cx0.9_mut0.05,0.9,0.05,test_3,2,4,246,5.08179712453823,True,right/down,0.24039804860525393,300,54200,35.77637180000602,35.15625,1.0
cx0.9_mut0.05,0.9,0.05,test_3,2,5,247,4.878158107189488,True,right/down,0.25534130910093095,300,54200,33.653664999990724,33.09375,1.0
cx0.9_mut0.05,0.9,0.05,test_3,2,6,248,5.1030266156860495,True,right/down,0.25227045217827454,300,54200,34.78752919999533,34.359375,1.0
cx0.9_mut0.05,0.9,0.05,test_3,2,7,249,4.917514553644894,True,right/down,0.23008437082503147,300,54200,33.00177420000546,32.71875,1.0
cx0.9_mut0.05,0.9,0.05,test_3,2,8,250,5.0715883853269705,True,right/down,0.2175411916218203,300,54200,36.544521800009534,36.15625,1.0
cx0.9_mut0.05,0.9,0.05,test_3,2,9,251,4.92324389164442,True,right/down,0.2693228356789672,300,54200,35.1099763999955,34.796875,1.0
cx0.9_mut0.05,0.9,0.05,test_3,2,10,252,5.032506988010124,True,right/down,0.24248139872498292,300,54200,35.607908499994664,35.265625,1.0
cx0.9_mut0.05,0.9,0.05,test_3,2,11,253,5.05107019929078,True,right/down,0.24194604405569364,300,54200,35.214148099999875,34.796875,1.0
cx0.9_mut0.05,0.9,0.05,test_3,2,12,254,5.551936174419433,True,right/down,0.24281459329223523,300,54200,36.95377860000008,36.390625,1.0
cx0.9_mut0.05,0.9,0.05,test_3,2,13,255,5.039151288712264,True,right/down,0.22619662406844432,300,54200,34.318548700000974,34.171875,1.0
cx0.9_mut0.05,0.9,0.05,test_3,2,14,256,5.379785105739288,True,right/down,0.25522907200782835,300,54200,34.85705060001055,34.484375,1.0
cx0.9_mut0.05,0.9,0.05,test_3,2,15,257,5.601551766557443,True,right/down,0.25687220723667226,300,54200,34.66901549999602,34.40625,1.0
cx0.9_mut0.05,0.9,0.05,test_3,2,16,258,5.257582046148803,True,right/down,0.2248776153817298,300,54200,33.43964509999205,33.015625,1.0
cx0.9_mut0.05,0.9,0.05,test_3,2,17,259,5.467735530722274,True,right/down,0.23570621725054053,300,54200,34.54608919999737,33.953125,1.0
cx0.9_mut0.05,0.9,0.05,test_3,2,18,260,5.230634153491689,True,right/down,0.2395153600588982,300,54200,33.03316160000395,32.484375,1.0
cx0.9_mut0.05,0.9,0.05,test_3,2,19,261,5.369956071861592,True,right/down,0.25038852580153875,300,54200,33.45167520000541,32.953125,1.0
cx0.9_mut0.05,0.9,0.05,test_4,3,0,342,5.261345862997688,True,right/down,0.2387748079736776,300,54200,35.668028300002334,35.0625,1.0
cx0.9_mut0.05,0.9,0.05,test_4,3,1,343,5.149985594499893,True,right/down,0.22317565118509924,300,54200,34.29109109999263,33.875,1.0
cx0.9_mut0.05,0.9,0.05,test_4,3,2,344,5.473022152774045,True,right/down,0.2398701382090013,300,54200,34.75629219999246,34.203125,1.0
cx0.9_mut0.05,0.9,0.05,test_4,3,3,345,5.215365307849991,True,right/down,0.24209959125783134,300,54200,32.73253210000985,32.265625,1.0
cx0.9_mut0.05,0.9,0.05,test_4,3,4,346,5.113449316643187,True,right/down,0.23814942451906798,300,54200,33.95456420000119,33.171875,1.0
cx0.9_mut0.05,0.9,0.05,test_4,3,5,347,5.2996863436327715,True,right/down,0.18186902970278018,300,54200,34.34483899999759,33.984375,1.0
cx0.9_mut0.05,0.9,0.05,test_4,3,6,348,5.402563583011155,True,right/down,0.2330395431089697,300,54200,33.793800700004795,33.609375,1.0
cx0.9_mut0.05,0.9,0.05,test_4,3,7,349,5.65157970023617,True,right/down,0.24019997496428755,300,54200,33.71740490000229,33.5625,1.0
cx0.9_mut0.05,0.9,0.05,test_4,3,8,350,5.446965097821184,True,right/down,0.2326572379564017,300,54200,33.694161300009,33.4375,1.0
cx0.9_mut0.05,0.9,0.05,test_4,3,9,351,5.088163909453626,True,right/down,0.22549360423219042,300,54200,35.874067800003104,35.5625,1.0
cx0.9_mut0.05,0.9,0.05,test_4,3,10,352,5.64092015431749,True,right/down,0.259133203263807,300,54200,33.88805490000232,33.546875,1.0
cx0.9_mut0.05,0.9,0.05,test_4,3,11,353,5.218327059204849,True,right/down,0.22560690312828885,300,54200,35.28357099999266,34.84375,1.0
cx0.9_mut0.05,0.9,0.05,test_4,3,12,354,5.561746881168132,True,right/down,0.24796772191678335,300,54200,34.11850840000261,33.453125,1.0
cx0.9_mut0.05,0.9,0.05,test_4,3,13,355,5.0600414198134995,True,right/down,0.22833924488244128,300,54200,35.86798080000153,34.796875,1.0
cx0.9_mut0.05,0.9,0.05,test_4,3,14,356,5.010338493041112,True,right/down,0.22401386648775423,300,54200,39.04796379999607,38.125,1.0
cx0.9_mut0.05,0.9,0.05,test_4,3,15,357,5.077477875480069,True,right/down,0.23466113689313112,300,54200,38.59404050000012,37.65625,1.0
cx0.9_mut0.05,0.9,0.05,test_4,3,16,358,4.976886680581868,True,right/down,0.22160009049113688,300,54200,42.47971500000858,41.640625,1.0
cx0.9_mut0.05,0.9,0.05,test_4,3,17,359,5.378884370751722,True,right/down,0.25500081037922523,300,54200,36.338419599996996,35.375,1.0
cx0.9_mut0.05,0.9,0.05,test_4,3,18,360,5.495532297940326,True,right/down,0.24545113731144316,300,54200,38.17107519999263,37.6875,1.0
cx0.9_mut0.05,0.9,0.05,test_4,3,19,361,4.9928052660470605,True,right/down,0.22914715237543293,300,54200,38.12780770000245,37.6875,1.0
cx0.9_mut0.05,0.9,0.05,test_5,4,0,442,5.281914023559794,True,right/down,0.21491885674634303,300,54200,39.61182979999285,39.0,1.0
cx0.9_mut0.05,0.9,0.05,test_5,4,1,443,5.137949467639395,True,right/down,0.24711457803969056,300,54200,36.22851339999761,36.09375,1.0
cx0.9_mut0.05,0.9,0.05,test_5,4,2,444,5.176017444820591,True,right/down,0.23031198864760924,300,54200,35.01723250000214,34.8125,1.0
cx0.9_mut0.05,0.9,0.05,test_5,4,3,445,5.348814854315119,True,right/down,0.23604043227279872,300,54200,37.610103200000594,37.4375,1.0
cx0.9_mut0.05,0.9,0.05,test_5,4,4,446,5.292394748434824,True,right/down,0.25224033620716846,300,54200,37.100189399992814,36.15625,1.0
cx0.9_mut0.05,0.9,0.05,test_5,4,5,447,5.3950160086028,True,right/down,0.23739147914183262,300,54200,38.50594329999876,37.609375,1.0
cx0.9_mut0.05,0.9,0.05,test_5,4,6,448,5.350971780567923,True,right/down,0.24056431427458017,300,54200,37.73155680000491,36.875,1.0
cx0.9_mut0.05,0.9,0.05,test_5,4,7,449,5.099231544542377,True,right/down,0.20981196615419934,300,54200,36.89506569999503,35.96875,1.0
cx0.9_mut0.05,0.9,0.05,test_5,4,8,450,5.200661334271594,True,right/down,0.21277369150266062,300,54200,38.591469699997106,37.9375,1.0
cx0.9_mut0.05,0.9,0.05,test_5,4,9,451,5.252584163255598,True,right/down,0.24355091715829416,300,54200,37.559640099992976,36.390625,1.0
cx0.9_mut0.05,0.9,0.05,test_5,4,10,452,5.119674849234851,True,right/down,0.23225636142053568,300,54200,37.795507800008636,37.3125,1.0
cx0.9_mut0.05,0.9,0.05,test_5,4,11,453,5.248213983864824,True,right/down,0.23209206846738198,300,54200,38.145410700002685,37.8125,1.0
cx0.9_mut0.05,0.9,0.05,test_5,4,12,454,5.118999589964078,True,right/down,0.25263791346472525,300,54200,38.77614200000244,38.3125,1.0
cx0.9_mut0.05,0.9,0.05,test_5,4,13,455,5.23608456612047,True,right/down,0.20652669122282122,300,54200,37.24250980000943,36.765625,1.0
cx0.9_mut0.05,0.9,0.05,test_5,4,14,456,5.3810019758704195,True,right/down,0.22491711240691717,300,54200,38.3215222999861,37.9375,1.0
cx0.9_mut0.05,0.9,0.05,test_5,4,15,457,5.086314072971986,True,right/down,0.23508585603309431,300,54200,40.39663719999953,40.015625,1.0
cx0.9_mut0.05,0.9,0.05,test_5,4,16,458,5.287392754321867,True,right/down,0.20591394223227602,300,54200,37.63074870000128,37.296875,1.0
cx0.9_mut0.05,0.9,0.05,test_5,4,17,459,5.492135246505121,True,right/down,0.23233077550459127,300,54200,38.588787899992894,37.265625,1.0
cx0.9_mut0.05,0.9,0.05,test_5,4,18,460,5.1273882551612875,True,right/down,0.23377120422374734,300,54200,32.583801700006006,32.0,1.0
cx0.9_mut0.05,0.9,0.05,test_5,4,19,461,5.331444674260668,True,right/down,0.18897711126802524,300,54200,32.82701989999623,32.03125,1.0
cx0.9_mut0.05,0.9,0.05,test_6,5,0,542,5.327824071624548,True,right/down,0.19938187180408543,300,54200,36.05681729999196,34.921875,1.0
cx0.9_mut0.05,0.9,0.05,test_6,5,1,543,5.440326958420306,True,right/down,0.17464776801854434,300,54200,35.628908700004104,34.8125,1.0
cx0.9_mut0.05,0.9,0.05,test_6,5,2,544,5.382079978438631,True,right/down,0.20246989178271443,300,54200,36.72831170000427,36.25,1.0
cx0.9_mut0.05,0.9,0.05,test_6,5,3,545,5.4212485688609435,True,right/down,0.2042078310551827,300,54200,36.377696299998206,36.0625,1.0
cx0.9_mut0.05,0.9,0.05,test_6,5,4,546,5.665405778180535,True,right/down,0.24766612128361276,300,54200,38.31870649999473,37.671875,1.0
cx0.9_mut0.05,0.9,0.05,test_6,5,5,547,5.578150113053608,True,right/down,0.20085489266086543,300,54200,38.47506840000278,38.03125,1.0
cx0.9_mut0.05,0.9,0.05,test_6,5,6,548,5.9110729294749,True,right/down,0.22952453607351603,300,54200,37.868018099994515,37.375,1.0
cx0.9_mut0.05,0.9,0.05,test_6,5,7,549,5.493744307956993,True,right/down,0.24514668803800135,300,54200,36.95376810000744,36.5625,1.0
cx0.9_mut0.05,0.9,0.05,test_6,5,8,550,5.539678907514286,True,right/down,0.21822651230732612,300,54200,37.26938669999072,36.921875,1.0
cx0.9_mut0.05,0.9,0.05,test_6,5,9,551,5.26269129814978,True,right/down,0.21362384137434465,300,54200,36.50073580000026,35.828125,1.0
cx0.9_mut0.05,0.9,0.05,test_6,5,10,552,5.565825638342282,True,right/down,0.21659984798001403,300,54200,35.931554100010544,35.46875,1.0
cx0.9_mut0.05,0.9,0.05,test_6,5,11,553,5.66209831614908,True,right/down,0.23169622374522233,300,54200,38.56367360000149,37.6875,1.0
cx0.9_mut0.05,0.9,0.05,test_6,5,12,554,5.3879723944729925,True,right/down,0.23163053399149164,300,54200,39.00208350000321,38.4375,1.0
cx0.9_mut0.05,0.9,0.05,test_6,5,13,555,5.566244150895863,True,right/down,0.23290878559033956,300,54200,37.191461499998695,36.578125,1.0
cx0.9_mut0.05,0.9,0.05,test_6,5,14,556,5.47109700304912,True,right/down,0.22787970543014874,300,54200,34.97923559999617,34.734375,1.0
cx0.9_mut0.05,0.9,0.05,test_6,5,15,557,5.34300469926189,True,right/down,0.21608873118584823,300,54200,38.730986599999596,38.4375,1.0
cx0.9_mut0.05,0.9,0.05,test_6,5,16,558,5.200903492968616,True,right/down,0.2060395757811009,300,54200,39.24085639999248,39.09375,1.0
cx0.9_mut0.05,0.9,0.05,test_6,5,17,559,5.266262743496648,True,right/down,0.23169701769769516,300,54200,37.191184299997985,36.8125,1.0
cx0.9_mut0.05,0.9,0.05,test_6,5,18,560,5.539984510255589,True,right/down,0.21948443697669506,300,54200,37.921985900000436,37.65625,1.0
cx0.9_mut0.05,0.9,0.05,test_6,5,19,561,5.192757743486173,True,right/down,0.22288984076907364,300,54200,34.14926320000086,33.96875,1.0
cx0.9_mut0.05,0.9,0.05,test_7,6,0,642,5.297915367738147,True,right/down,0.24383785447057046,300,54200,38.08961349999299,37.671875,1.0
cx0.9_mut0.05,0.9,0.05,test_7,6,1,643,5.207569841150297,True,right/down,0.23026597298025345,300,54200,34.53643880000163,34.265625,1.0
cx0.9_mut0.05,0.9,0.05,test_7,6,2,644,5.005680539430556,True,right/down,0.22347841978161467,300,54200,36.46040240000002,35.984375,1.0
cx0.9_mut0.05,0.9,0.05,test_7,6,3,645,5.050952503132963,True,right/down,0.2398507301650506,300,54200,35.971974700005376,35.65625,1.0
cx0.9_mut0.05,0.9,0.05,test_7,6,4,646,4.930662511088622,True,right/down,0.2656789532294966,300,54200,39.77198689999932,39.109375,1.0
cx0.9_mut0.05,0.9,0.05,test_7,6,5,647,4.973444648542644,True,right/down,0.25009134427103097,300,54200,37.57822789999773,37.0,1.0
cx0.9_mut0.05,0.9,0.05,test_7,6,6,648,4.951345716707098,True,right/down,0.246394283427682,300,54200,36.92686769999273,36.515625,1.0
cx0.9_mut0.05,0.9,0.05,test_7,6,7,649,5.605866598796512,True,right/down,0.254627468732677,300,54200,39.17660479999904,38.59375,1.0
cx0.9_mut0.05,0.9,0.05,test_7,6,8,650,5.242071213329851,True,right/down,0.2139329826454952,300,54200,40.961364399991,40.609375,1.0
cx0.9_mut0.05,0.9,0.05,test_7,6,9,651,5.3235273990445275,True,right/down,0.2537031868039502,300,54200,37.58443729999999,37.125,1.0
cx0.9_mut0.05,0.9,0.05,test_7,6,10,652,4.949594285396225,True,right/down,0.24347469159372145,300,54200,39.574411199995666,39.09375,1.0
cx0.9_mut0.05,0.9,0.05,test_7,6,11,653,5.032385742297882,True,right/down,0.23784792973760352,300,54200,36.51369080001314,36.1875,1.0
cx0.9_mut0.05,0.9,0.05,test_7,6,12,654,5.275958287163309,True,right/down,0.2359481363645985,300,54200,33.68333829999028,33.25,1.0
cx0.9_mut0.05,0.9,0.05,test_7,6,13,655,5.664116365526507,True,right/down,0.25309931140534336,300,54200,34.72177789999114,34.578125,1.0
cx0.9_mut0.05,0.9,0.05,test_7,6,14,656,5.6773466564241915,True,right/down,0.23481912887280168,300,54200,35.64662299999327,35.390625,1.0
cx0.9_mut0.05,0.9,0.05,test_7,6,15,657,5.17321570700374,True,right/down,0.23981715890743796,300,54200,38.09415409999201,37.96875,1.0
cx0.9_mut0.05,0.9,0.05,test_7,6,16,658,5.012198941045041,True,right/down,0.19216575706513928,300,54200,37.44319339998765,36.875,1.0
cx0.9_mut0.05,0.9,0.05,test_7,6,17,659,6.0165350168336635,True,right/down,0.24805809814911475,300,54200,39.84543180000037,39.28125,1.0
cx0.9_mut0.05,0.9,0.05,test_7,6,18,660,4.8580785494990755,True,right/down,0.24465378838796464,300,54200,34.39659690001281,33.859375,1.0
cx0.9_mut0.05,0.9,0.05,test_7,6,19,661,5.571671726876787,True,right/down,0.21273257166789816,300,54200,41.29208150001068,40.25,1.0
cx0.9_mut0.05,0.9,0.05,test_8,7,0,742,5.390224163374343,True,right/down,0.22755995173749205,300,54200,39.44088139999076,38.59375,1.0
cx0.9_mut0.05,0.9,0.05,test_8,7,1,743,4.963629829114268,True,right/down,0.2500907873771773,300,54200,38.27386169999954,37.78125,1.0
cx0.9_mut0.05,0.9,0.05,test_8,7,2,744,5.199030429855565,True,right/down,0.23375150439692607,300,54200,40.42702969998936,39.578125,1.0
cx0.9_mut0.05,0.9,0.05,test_8,7,3,745,5.449363886045601,True,right/down,0.23694239301338008,300,54200,38.5866837999929,38.015625,1.0
cx0.9_mut0.05,0.9,0.05,test_8,7,4,746,5.319002766144418,True,right/down,0.26314458385823425,300,54200,39.107561500000884,38.875,1.0
cx0.9_mut0.05,0.9,0.05,test_8,7,5,747,5.20224230312065,True,right/down,0.2231358317913008,300,54200,37.823206999994,37.375,1.0
cx0.9_mut0.05,0.9,0.05,test_8,7,6,748,5.123325079308657,True,right/down,0.26754419108538713,300,54200,35.50871920000645,35.359375,1.0
cx0.9_mut0.05,0.9,0.05,test_8,7,7,749,5.1337864093368095,True,right/down,0.26502221829261563,300,54200,39.03922269999748,38.75,1.0
cx0.9_mut0.05,0.9,0.05,test_8,7,8,750,5.1720684512576085,True,right/down,0.22618958259789956,300,54200,36.30736840001191,36.0,1.0
cx0.9_mut0.05,0.9,0.05,test_8,7,9,751,5.269093387104733,True,right/down,0.23302410756275266,300,54200,39.65779760001169,39.15625,1.0
cx0.9_mut0.05,0.9,0.05,test_8,7,10,752,5.023057040560896,True,right/down,0.26515699766528983,300,54200,39.00906839998788,38.375,1.0
cx0.9_mut0.05,0.9,0.05,test_8,7,11,753,5.118904279961093,True,right/down,0.24593627955652594,300,54200,43.24075979999907,42.421875,1.0
cx0.9_mut0.05,0.9,0.05,test_8,7,12,754,4.95253797812559,True,right/down,0.1970190821689434,300,54200,37.93615930000669,37.203125,1.0
cx0.9_mut0.05,0.9,0.05,test_8,7,13,755,5.016341950573689,True,right/down,0.23484566663754053,300,54200,38.035574899986386,37.3125,1.0
cx0.9_mut0.05,0.9,0.05,test_8,7,14,756,4.978093635081065,True,right/down,0.2548759695897594,300,54200,38.72493009999744,37.9375,1.0
cx0.9_mut0.05,0.9,0.05,test_8,7,15,757,4.9313029323208895,True,right/down,0.23401982551761352,300,54200,38.230420899999444,37.984375,1.0
cx0.9_mut0.05,0.9,0.05,test_8,7,16,758,5.45972618145295,True,right/down,0.24301043664575472,300,54200,36.86356159999559,36.625,1.0
cx0.9_mut0.05,0.9,0.05,test_8,7,17,759,4.93597655756013,True,right/down,0.24770827243670215,300,54200,34.02489719999721,33.734375,1.0
cx0.9_mut0.05,0.9,0.05,test_8,7,18,760,5.103841889937843,True,right/down,0.2593518103769566,300,54200,35.78010269999504,35.5,1.0
cx0.9_mut0.05,0.9,0.05,test_8,7,19,761,5.141793354673716,True,right/down,0.2547584235649368,300,54200,36.47175569999672,36.125,1.0
cx0.9_mut0.05,0.9,0.05,test_9,8,0,842,5.3747710225316965,True,right/down,0.22115999180755833,300,54200,38.19606219998968,37.75,1.0
cx0.9_mut0.05,0.9,0.05,test_9,8,1,843,5.13524979676472,True,right/down,0.22047945252784648,300,54200,38.25811699999031,37.796875,1.0
cx0.9_mut0.05,0.9,0.05,test_9,8,2,844,5.261402868739399,True,right/down,0.19682209321144242,300,54200,39.05236549999972,38.625,1.0
cx0.9_mut0.05,0.9,0.05,test_9,8,3,845,5.197704824044039,True,right/down,0.22175855983462345,300,54200,38.19103339999856,37.75,1.0
cx0.9_mut0.05,0.9,0.05,test_9,8,4,846,5.362699698901382,True,right/down,0.21715347053369422,300,54200,35.77486650001083,35.25,1.0
cx0.9_mut0.05,0.9,0.05,test_9,8,5,847,5.495252213853933,True,right/down,0.23505609108735367,300,54200,35.41152080000029,34.625,1.0
cx0.9_mut0.05,0.9,0.05,test_9,8,6,848,5.20292737402521,True,right/down,0.2439537022614407,300,54200,37.7903365999955,37.203125,1.0
cx0.9_mut0.05,0.9,0.05,test_9,8,7,849,5.318843500005663,True,right/down,0.21641310779610112,300,54200,34.9727586999943,34.5,1.0
cx0.9_mut0.05,0.9,0.05,test_9,8,8,850,5.480034979212777,True,right/down,0.24731623051619922,300,54200,41.87197400000878,41.390625,1.0
cx0.9_mut0.05,0.9,0.05,test_9,8,9,851,5.410292853060001,True,right/down,0.18817265085975798,300,54200,40.253223899999284,40.0,1.0
cx0.9_mut0.05,0.9,0.05,test_9,8,10,852,5.37987835403755,True,right/down,0.2434204206419519,300,54200,42.586537499999395,41.796875,1.0
cx0.9_mut0.05,0.9,0.05,test_9,8,11,853,5.096255956324287,True,right/down,0.2518958369369589,300,54200,36.41906210000161,36.046875,1.0
cx0.9_mut0.05,0.9,0.05,test_9,8,12,854,5.29422467445917,True,right/down,0.2561722443861346,300,54200,35.32643789998838,35.03125,1.0
cx0.9_mut0.05,0.9,0.05,test_9,8,13,855,5.346199346180358,True,right/down,0.21292295551648752,300,54200,38.46417769999243,38.203125,1.0
cx0.9_mut0.05,0.9,0.05,test_9,8,14,856,5.303883340053661,True,right/down,0.23717256919745328,300,54200,38.75076619999891,38.328125,1.0
cx0.9_mut0.05,0.9,0.05,test_9,8,15,857,5.194903827015397,True,right/down,0.21865650177834914,300,54200,34.551768200006336,34.203125,1.0
cx0.9_mut0.05,0.9,0.05,test_9,8,16,858,5.3544900946538565,True,right/down,0.22563929763885548,300,54200,34.39809480000986,34.078125,1.0
cx0.9_mut0.05,0.9,0.05,test_9,8,17,859,5.591098826349434,True,right/down,0.22870652840613265,300,54200,39.009902100006,38.4375,1.0
cx0.9_mut0.05,0.9,0.05,test_9,8,18,860,5.375156111608882,True,right/down,0.23688257434112991,300,54200,37.87323589999869,37.390625,1.0
cx0.9_mut0.05,0.9,0.05,test_9,8,19,861,5.935242549885922,True,right/down,0.24086839864510423,300,54200,37.080195599992294,36.3125,1.0
cx0.9_mut0.05,0.9,0.05,test_10,9,0,942,5.448998080288675,True,right/down,0.2222233612551644,300,54200,36.97832979999657,36.203125,1.0
cx0.9_mut0.05,0.9,0.05,test_10,9,1,943,5.237067769508599,True,right/down,0.21056063621475582,300,54200,36.42014879999624,35.75,1.0
cx0.9_mut0.05,0.9,0.05,test_10,9,2,944,5.422723648976991,True,right/down,0.24064023292248116,300,54200,39.41619810000702,39.03125,1.0
cx0.9_mut0.05,0.9,0.05,test_10,9,3,945,5.207185646689572,True,right/down,0.1915663370045174,300,54200,39.80283649999183,39.453125,1.0
cx0.9_mut0.05,0.9,0.05,test_10,9,4,946,5.545323485186553,True,right/down,0.1833790506906039,300,54200,37.79894670000067,37.640625,1.0
cx0.9_mut0.05,0.9,0.05,test_10,9,5,947,5.5868782683974665,True,right/down,0.22022316169514952,300,54200,38.146589299998595,37.796875,1.0
cx0.9_mut0.05,0.9,0.05,test_10,9,6,948,5.704957633122197,True,right/down,0.22666698203855307,300,54200,42.10063980000268,41.390625,1.0
cx0.9_mut0.05,0.9,0.05,test_10,9,7,949,5.536869226644547,True,right/down,0.21748562822742817,300,54200,36.07926850000513,35.703125,1.0
cx0.9_mut0.05,0.9,0.05,test_10,9,8,950,5.354380631344825,True,right/down,0.21715147559552622,300,54200,40.10273710000911,39.84375,1.0
cx0.9_mut0.05,0.9,0.05,test_10,9,9,951,5.705418956635257,True,right/down,0.21984918801408587,300,54200,35.64650139999867,35.421875,1.0
cx0.9_mut0.05,0.9,0.05,test_10,9,10,952,5.4218844252169145,True,right/down,0.231842391783897,300,54200,38.3866995999997,38.171875,1.0
cx0.9_mut0.05,0.9,0.05,test_10,9,11,953,5.4796303588020185,True,right/down,0.24102105641050178,300,54200,36.71215189999202,36.078125,1.0
cx0.9_mut0.05,0.9,0.05,test_10,9,12,954,5.369328128014585,True,right/down,0.23826384790053215,300,54200,38.629762899989146,37.984375,1.0
cx0.9_mut0.05,0.9,0.05,test_10,9,13,955,5.552672562700723,True,right/down,0.2244382149584327,300,54200,39.23454999999376,38.671875,1.0
cx0.9_mut0.05,0.9,0.05,test_10,9,14,956,5.535214870851997,True,right/down,0.2212450330452796,300,54200,40.21397799999977,39.71875,1.0
cx0.9_mut0.05,0.9,0.05,test_10,9,15,957,5.278463110512023,True,right/down,0.2318541926582827,300,54200,35.695739100003266,34.9375,1.0
cx0.9_mut0.05,0.9,0.05,test_10,9,16,958,5.165451636942791,True,right/down,0.24161191956474612,300,54200,37.55521070001123,37.171875,1.0
cx0.9_mut0.05,0.9,0.05,test_10,9,17,959,5.5734268808868865,True,right/down,0.21227638026359608,300,54200,39.492659299998195,39.265625,1.0
cx0.9_mut0.05,0.9,0.05,test_10,9,18,960,5.205757727912135,True,right/down,0.21388850660039657,300,54200,38.205477299998165,37.984375,1.0
cx0.9_mut0.05,0.9,0.05,test_10,9,19,961,5.631487818825469,True,right/down,0.2341087335950358,300,54200,30.468915400007972,30.25,1.0
cx0.9_mut0.1,0.9,0.1,test_1,0,0,42,5.349998658125694,True,right/down,0.2288140398051956,300,54200,31.48961840000993,31.0625,1.0
cx0.9_mut0.1,0.9,0.1,test_1,0,1,43,5.0865403850963755,True,right/down,0.23165407118327241,300,54200,29.457974600009038,29.078125,1.0
cx0.9_mut0.1,0.9,0.1,test_1,0,2,44,5.358840952886784,True,right/down,0.24844355352149228,300,54200,31.090722399996594,30.40625,1.0
cx0.9_mut0.1,0.9,0.1,test_1,0,3,45,4.9561237126829845,True,right/down,0.2419087089165961,300,54200,29.443568800008507,28.984375,1.0
cx0.9_mut0.1,0.9,0.1,test_1,0,4,46,5.085680247394852,True,right/down,0.19124696835601554,300,54200,29.217346699995687,28.625,1.0
cx0.9_mut0.1,0.9,0.1,test_1,0,5,47,5.588039868729924,True,right/down,0.20838301218305894,300,54200,27.34748139999283,27.046875,1.0
cx0.9_mut0.1,0.9,0.1,test_1,0,6,48,5.1041087362579445,True,right/down,0.23111393520007198,300,54200,29.63650670000061,29.203125,1.0
cx0.9_mut0.1,0.9,0.1,test_1,0,7,49,5.216781155048459,True,right/down,0.22106488243791006,300,54200,30.499604800003,30.203125,1.0
cx0.9_mut0.1,0.9,0.1,test_1,0,8,50,5.112204972448005,True,right/down,0.23412537475540274,300,54200,28.76570129999891,28.4375,1.0
cx0.9_mut0.1,0.9,0.1,test_1,0,9,51,5.334226496309599,True,right/down,0.2526140554087948,300,54200,29.246871800001827,29.015625,1.0
cx0.9_mut0.1,0.9,0.1,test_1,0,10,52,4.904310862312336,True,right/down,0.20905471350264804,300,54200,27.44579860000522,27.3125,1.0
cx0.9_mut0.1,0.9,0.1,test_1,0,11,53,5.262094570623471,True,right/down,0.21705777843908813,300,54200,28.610236099993926,28.4375,1.0
cx0.9_mut0.1,0.9,0.1,test_1,0,12,54,5.347946507383994,True,right/down,0.2532249013005347,300,54200,29.4781679000007,29.21875,1.0
cx0.9_mut0.1,0.9,0.1,test_1,0,13,55,5.015468730830162,True,right/down,0.23377624871002825,300,54200,30.317460499994922,30.125,1.0
cx0.9_mut0.1,0.9,0.1,test_1,0,14,56,5.007828105852765,True,right/down,0.2398056353242355,300,54200,28.5955127000052,28.1875,1.0
cx0.9_mut0.1,0.9,0.1,test_1,0,15,57,5.154569641702445,True,right/down,0.2468122995908192,300,54200,29.07085060000827,28.5,1.0
cx0.9_mut0.1,0.9,0.1,test_1,0,16,58,5.852279814053867,True,right/down,0.23070561737381762,300,54200,29.9937418000045,29.34375,1.0
cx0.9_mut0.1,0.9,0.1,test_1,0,17,59,5.383312840523502,True,right/down,0.23559008217237495,300,54200,30.409874000004493,29.71875,1.0
cx0.9_mut0.1,0.9,0.1,test_1,0,18,60,5.201693341698761,True,right/down,0.22067772897112892,300,54200,30.96009700000286,30.546875,1.0
cx0.9_mut0.1,0.9,0.1,test_1,0,19,61,5.548785222644586,True,right/down,0.21357736599530394,300,54200,27.410607999991043,27.203125,1.0
cx0.9_mut0.1,0.9,0.1,test_2,1,0,142,5.284916775124577,True,right/down,0.2348441246745756,300,54200,29.43219790000876,29.296875,1.0
cx0.9_mut0.1,0.9,0.1,test_2,1,1,143,5.258907734041463,True,right/down,0.21227449845054408,300,54200,29.30277359999309,28.96875,1.0
cx0.9_mut0.1,0.9,0.1,test_2,1,2,144,5.220622992702524,True,right/down,0.2319999385848434,300,54200,31.19539029999578,30.640625,1.0
cx0.9_mut0.1,0.9,0.1,test_2,1,3,145,5.251281405457432,True,right/down,0.24273687895655757,300,54200,27.595533699990483,26.921875,1.0
cx0.9_mut0.1,0.9,0.1,test_2,1,4,146,5.126592760841174,True,right/down,0.24127619574455977,300,54200,29.269600500003435,29.0625,1.0
cx0.9_mut0.1,0.9,0.1,test_2,1,5,147,5.383283616055314,True,right/down,0.24160630119337498,300,54200,28.723601499994402,28.515625,1.0
cx0.9_mut0.1,0.9,0.1,test_2,1,6,148,5.575311052996232,True,right/down,0.22341868515776284,300,54200,30.378434600002947,29.875,1.0
cx0.9_mut0.1,0.9,0.1,test_2,1,7,149,5.672571756650259,True,right/down,0.24396959547334834,300,54200,28.279428299996653,27.953125,1.0
cx0.9_mut0.1,0.9,0.1,test_2,1,8,150,5.670566116962997,True,right/down,0.2026442232591595,300,54200,29.064357700000983,28.375,1.0
cx0.9_mut0.1,0.9,0.1,test_2,1,9,151,5.3280401685492915,True,right/down,0.22677921668873308,300,54200,27.87780190000194,27.453125,1.0
cx0.9_mut0.1,0.9,0.1,test_2,1,10,152,5.388257413627953,True,right/down,0.2391225305839057,300,54200,27.464884899993194,26.875,1.0
cx0.9_mut0.1,0.9,0.1,test_2,1,11,153,5.220686645105154,True,right/down,0.2158568227894048,300,54200,29.229752900006133,28.859375,1.0
cx0.9_mut0.1,0.9,0.1,test_2,1,12,154,5.20382967564903,True,right/down,0.24597035954358287,300,54200,30.59466469999461,30.15625,1.0
cx0.9_mut0.1,0.9,0.1,test_2,1,13,155,5.097597090908593,True,right/down,0.22540317576310828,300,54200,28.76730020000832,28.4375,1.0
cx0.9_mut0.1,0.9,0.1,test_2,1,14,156,5.025828722081121,True,right/down,0.22160280433386828,300,54200,30.42714519999572,30.140625,1.0
cx0.9_mut0.1,0.9,0.1,test_2,1,15,157,5.350325196268125,True,right/down,0.2278481669185883,300,54200,27.777070800002548,27.640625,1.0
cx0.9_mut0.1,0.9,0.1,test_2,1,16,158,5.133712923691483,True,right/down,0.2092211980143495,300,54200,28.410909199999878,28.25,1.0
cx0.9_mut0.1,0.9,0.1,test_2,1,17,159,5.467655522636845,True,right/down,0.22322059056876647,300,54200,29.896982000005664,29.453125,1.0
cx0.9_mut0.1,0.9,0.1,test_2,1,18,160,5.103019403598387,True,right/down,0.2189491561613542,300,54200,30.075685399991926,29.359375,1.0
cx0.9_mut0.1,0.9,0.1,test_2,1,19,161,5.382597050675958,True,right/down,0.20836267565921276,300,54200,27.748899500002153,27.46875,1.0
cx0.9_mut0.1,0.9,0.1,test_3,2,0,242,4.992887638387122,True,right/down,0.24977608767015738,300,54200,30.54513990000123,30.265625,1.0
cx0.9_mut0.1,0.9,0.1,test_3,2,1,243,4.8874105632208895,True,right/down,0.25968482622158506,300,54200,28.52677810000023,28.328125,1.0
cx0.9_mut0.1,0.9,0.1,test_3,2,2,244,4.977721782178654,True,right/down,0.23477103864108692,300,54200,27.974597000007634,27.734375,1.0
cx0.9_mut0.1,0.9,0.1,test_3,2,3,245,5.280451345557207,True,right/down,0.2286326776241801,300,54200,27.266071699996246,26.578125,1.0
cx0.9_mut0.1,0.9,0.1,test_3,2,4,246,4.961445283439266,True,right/down,0.25196953271603306,300,54200,28.956764699993073,28.4375,1.0
cx0.9_mut0.1,0.9,0.1,test_3,2,5,247,4.988163914416605,True,right/down,0.25906817743619764,300,54200,30.39171740000893,30.015625,1.0
cx0.9_mut0.1,0.9,0.1,test_3,2,6,248,5.043046557504534,True,right/down,0.23429466966972293,300,54200,30.90965299999516,30.234375,1.0
cx0.9_mut0.1,0.9,0.1,test_3,2,7,249,5.152959410096335,True,right/down,0.24736021222016424,300,54200,29.546638200001325,29.46875,1.0
cx0.9_mut0.1,0.9,0.1,test_3,2,8,250,5.101364399495997,True,right/down,0.2276582924427012,300,54200,29.684469699990586,29.234375,1.0
cx0.9_mut0.1,0.9,0.1,test_3,2,9,251,5.072316573096829,True,right/down,0.2295759241296131,300,54200,28.08216619999439,27.84375,1.0
cx0.9_mut0.1,0.9,0.1,test_3,2,10,252,4.869995804431808,True,right/down,0.24334111750285903,300,54200,29.133808500002488,28.890625,1.0
cx0.9_mut0.1,0.9,0.1,test_3,2,11,253,5.263854911495113,True,right/down,0.24770948381907126,300,54200,31.32645940000657,30.921875,1.0
cx0.9_mut0.1,0.9,0.1,test_3,2,12,254,5.103913277452915,True,right/down,0.20792358920009985,300,54200,30.304402399997343,29.890625,1.0
cx0.9_mut0.1,0.9,0.1,test_3,2,13,255,5.137768244440084,True,right/down,0.24727586982773275,300,54200,29.625525700001162,29.328125,1.0
cx0.9_mut0.1,0.9,0.1,test_3,2,14,256,5.22295228317339,True,right/down,0.26198927400762306,300,54200,30.67461010000261,30.359375,1.0
cx0.9_mut0.1,0.9,0.1,test_3,2,15,257,5.030315974593631,True,right/down,0.23493508165304167,300,54200,29.859826100000646,29.65625,1.0
cx0.9_mut0.1,0.9,0.1,test_3,2,16,258,5.1419778558608495,True,right/down,0.23168864284404989,300,54200,27.23443419999967,26.9375,1.0
cx0.9_mut0.1,0.9,0.1,test_3,2,17,259,5.052029764376137,True,right/down,0.25144740398333615,300,54200,29.1536780000024,28.625,1.0
cx0.9_mut0.1,0.9,0.1,test_3,2,18,260,5.037113802220053,True,right/down,0.2508672190104713,300,54200,32.694689500000095,32.296875,1.0
cx0.9_mut0.1,0.9,0.1,test_3,2,19,261,4.919373825374113,True,right/down,0.2503570711998079,300,54200,29.92112059998908,29.34375,1.0
cx0.9_mut0.1,0.9,0.1,test_4,3,0,342,4.898413149596058,True,right/down,0.22727361849293756,300,54200,29.542360599996755,29.234375,1.0
cx0.9_mut0.1,0.9,0.1,test_4,3,1,343,5.131977257466858,True,right/down,0.2459033322079,300,54200,28.913079899997683,28.59375,1.0
cx0.9_mut0.1,0.9,0.1,test_4,3,2,344,5.296441458798652,True,right/down,0.19303253401790324,300,54200,28.47385930000746,28.078125,1.0
cx0.9_mut0.1,0.9,0.1,test_4,3,3,345,5.164683374918891,True,right/down,0.2527454069362477,300,54200,29.080511100008152,28.703125,1.0
cx0.9_mut0.1,0.9,0.1,test_4,3,4,346,5.246957976046277,True,right/down,0.23063501852952434,300,54200,29.39220759998716,28.984375,1.0
cx0.9_mut0.1,0.9,0.1,test_4,3,5,347,5.013071303646623,True,right/down,0.24491907695799006,300,54200,28.067418900012854,27.8125,1.0
cx0.9_mut0.1,0.9,0.1,test_4,3,6,348,5.173260442911871,True,right/down,0.23915562306329682,300,54200,26.824626100002206,26.734375,1.0
cx0.9_mut0.1,0.9,0.1,test_4,3,7,349,5.321539540035632,True,right/down,0.2581349080812655,300,54200,30.261475300008897,29.84375,1.0
cx0.9_mut0.1,0.9,0.1,test_4,3,8,350,5.449645511658026,True,right/down,0.24806750091572316,300,54200,28.269463599994197,28.109375,1.0
cx0.9_mut0.1,0.9,0.1,test_4,3,9,351,4.966106214745989,True,right/down,0.24645230278970376,300,54200,31.487999200006016,31.140625,1.0
cx0.9_mut0.1,0.9,0.1,test_4,3,10,352,5.182263960471774,True,right/down,0.23741224719940512,300,54200,28.394145600002958,28.1875,1.0
cx0.9_mut0.1,0.9,0.1,test_4,3,11,353,5.59019658170755,True,right/down,0.23488555402313924,300,54200,30.40347859999747,30.078125,1.0
cx0.9_mut0.1,0.9,0.1,test_4,3,12,354,5.282159886884406,True,right/down,0.22297501683323734,300,54200,28.942474700001185,28.3125,1.0
cx0.9_mut0.1,0.9,0.1,test_4,3,13,355,5.121281965086249,True,right/down,0.22924092615285727,300,54200,27.62870169999951,27.0,1.0
cx0.9_mut0.1,0.9,0.1,test_4,3,14,356,5.3133121110591635,True,right/down,0.21734324763590296,300,54200,33.31314639998891,32.75,1.0
cx0.9_mut0.1,0.9,0.1,test_4,3,15,357,4.930001592721199,True,right/down,0.22299946968104867,300,54200,35.17220729999826,34.4375,1.0
cx0.9_mut0.1,0.9,0.1,test_4,3,16,358,5.0789120793664715,True,right/down,0.22964608065354267,300,54200,31.986950299993623,31.609375,1.0
cx0.9_mut0.1,0.9,0.1,test_4,3,17,359,5.186340842924545,True,right/down,0.2382948813230648,300,54200,31.110931799994432,30.625,1.0
cx0.9_mut0.1,0.9,0.1,test_4,3,18,360,5.006323689412426,True,right/down,0.24643817274757313,300,54200,30.904552900014096,30.34375,1.0
cx0.9_mut0.1,0.9,0.1,test_4,3,19,361,4.918473333537535,True,right/down,0.22082875969265217,300,54200,30.427008300001035,29.90625,1.0
cx0.9_mut0.1,0.9,0.1,test_5,4,0,442,5.211293605024486,True,right/down,0.2286349933692074,300,54200,31.970699199999217,31.28125,1.0
cx0.9_mut0.1,0.9,0.1,test_5,4,1,443,5.371547977541495,True,right/down,0.23854493501119473,300,54200,33.37783230000059,33.296875,1.0
cx0.9_mut0.1,0.9,0.1,test_5,4,2,444,5.208053922945022,True,right/down,0.24724933497679671,300,54200,35.9548863999953,35.796875,1.0
cx0.9_mut0.1,0.9,0.1,test_5,4,3,445,5.231961904036266,True,right/down,0.22303036259119605,300,54200,31.692683699991903,31.53125,1.0
cx0.9_mut0.1,0.9,0.1,test_5,4,4,446,5.409385335966586,True,right/down,0.2607446361531552,300,54200,30.65577050000138,29.484375,1.0
cx0.9_mut0.1,0.9,0.1,test_5,4,5,447,5.158288526027004,True,right/down,0.2522908058329913,300,54200,32.16654849999759,31.375,1.0
cx0.9_mut0.1,0.9,0.1,test_5,4,6,448,5.143983685435894,True,right/down,0.252470307471873,300,54200,31.453331600001547,30.734375,1.0
cx0.9_mut0.1,0.9,0.1,test_5,4,7,449,5.024235596759823,True,right/down,0.22189888949217737,300,54200,33.75920220000262,33.0625,1.0
cx0.9_mut0.1,0.9,0.1,test_5,4,8,450,5.411758256723573,True,right/down,0.24501580926904903,300,54200,33.84421450000082,33.03125,1.0
cx0.9_mut0.1,0.9,0.1,test_5,4,9,451,5.287882158586811,True,right/down,0.2572078496342767,300,54200,32.85799409999163,31.53125,1.0
cx0.9_mut0.1,0.9,0.1,test_5,4,10,452,5.26489428633213,True,right/down,0.22194903825728052,300,54200,34.41297500001383,34.0,1.0
cx0.9_mut0.1,0.9,0.1,test_5,4,11,453,5.076420306613533,True,right/down,0.2345713792483278,300,54200,31.95352950000961,31.671875,1.0
cx0.9_mut0.1,0.9,0.1,test_5,4,12,454,5.269508436967788,True,right/down,0.22417208963741572,300,54200,33.10522500000661,32.84375,1.0
cx0.9_mut0.1,0.9,0.1,test_5,4,13,455,5.223118606307544,True,right/down,0.2257579930822307,300,54200,33.891595599998254,33.421875,1.0
cx0.9_mut0.1,0.9,0.1,test_5,4,14,456,5.41117269941082,True,right/down,0.23992584994807387,300,54200,30.998767800003407,30.765625,1.0
cx0.9_mut0.1,0.9,0.1,test_5,4,15,457,5.470031176756075,True,right/down,0.24665701708522347,300,54200,32.94235740001022,32.546875,1.0
cx0.9_mut0.1,0.9,0.1,test_5,4,16,458,5.433456855477177,True,right/down,0.22443145370184328,300,54200,32.779481000005035,32.53125,1.0
cx0.9_mut0.1,0.9,0.1,test_5,4,17,459,5.331429842478964,True,right/down,0.19801350423637026,300,54200,33.31458939998993,32.0,1.0
cx0.9_mut0.1,0.9,0.1,test_5,4,18,460,5.0241237802619665,True,right/down,0.22741868229856044,300,54200,30.820349300003727,30.25,1.0
cx0.9_mut0.1,0.9,0.1,test_5,4,19,461,5.123534935369758,True,right/down,0.22152567577419627,300,54200,29.188717299999553,28.671875,1.0
cx0.9_mut0.1,0.9,0.1,test_6,5,0,542,5.5111109156749825,True,right/down,0.19371336104488202,300,54200,31.53270799999882,30.390625,1.0
cx0.9_mut0.1,0.9,0.1,test_6,5,1,543,5.485852602908574,True,right/down,0.21958721952370863,300,54200,30.99066440000024,30.296875,1.0
cx0.9_mut0.1,0.9,0.1,test_6,5,2,544,5.67059778690488,True,right/down,0.19736081951222453,300,54200,31.536448799990467,31.171875,1.0
cx0.9_mut0.1,0.9,0.1,test_6,5,3,545,5.487057776190573,True,right/down,0.19764386838498965,300,54200,28.050838400013163,27.9375,1.0
cx0.9_mut0.1,0.9,0.1,test_6,5,4,546,5.264784335541245,True,right/down,0.22686824443222828,300,54200,30.893577800001367,30.671875,1.0
cx0.9_mut0.1,0.9,0.1,test_6,5,5,547,5.229545779138082,True,right/down,0.21925189000742704,300,54200,31.485790399994585,31.234375,1.0
cx0.9_mut0.1,0.9,0.1,test_6,5,6,548,5.649272856843092,True,right/down,0.23815210879112364,300,54200,28.670575199997984,28.421875,1.0
cx0.9_mut0.1,0.9,0.1,test_6,5,7,549,5.468843785932652,True,right/down,0.23942554361536802,300,54200,31.377991799992742,31.125,1.0
cx0.9_mut0.1,0.9,0.1,test_6,5,8,550,5.596522311133112,True,right/down,0.24112720847138955,300,54200,30.794564900003024,30.59375,1.0
cx0.9_mut0.1,0.9,0.1,test_6,5,9,551,5.142634478543142,True,right/down,0.2363141968934227,300,54200,32.826597099992796,32.234375,1.0
cx0.9_mut0.1,0.9,0.1,test_6,5,10,552,5.666931334706206,True,right/down,0.24347687027149179,300,54200,33.83224499999778,33.515625,1.0
cx0.9_mut0.1,0.9,0.1,test_6,5,11,553,5.255191809128508,True,right/down,0.227658213362582,300,54200,32.13281599999755,31.375,1.0
cx0.9_mut0.1,0.9,0.1,test_6,5,12,554,5.240890981556571,True,right/down,0.2493885409610375,300,54200,31.66070550000586,31.125,1.0
cx0.9_mut0.1,0.9,0.1,test_6,5,13,555,5.623351226343661,True,right/down,0.23997666214163843,300,54200,30.568204099996365,30.078125,1.0
cx0.9_mut0.1,0.9,0.1,test_6,5,14,556,5.476806076256544,True,right/down,0.23868862673877722,300,54200,30.636734500003513,30.296875,1.0
cx0.9_mut0.1,0.9,0.1,test_6,5,15,557,5.495529607367123,True,right/down,0.22657281990062622,300,54200,29.443255399994086,29.296875,1.0
cx0.9_mut0.1,0.9,0.1,test_6,5,16,558,5.583367811087121,True,right/down,0.2136974431219975,300,54200,31.88519039998937,31.6875,1.0
cx0.9_mut0.1,0.9,0.1,test_6,5,17,559,5.385120819988504,True,right/down,0.24295479413948837,300,54200,29.241027700001723,29.0,1.0
cx0.9_mut0.1,0.9,0.1,test_6,5,18,560,5.45638251760977,True,right/down,0.22343987651028288,300,54200,32.17914950000704,31.828125,1.0
cx0.9_mut0.1,0.9,0.1,test_6,5,19,561,5.431118356867852,True,right/down,0.23142292243128368,300,54200,30.561266700009583,30.40625,1.0
cx0.9_mut0.1,0.9,0.1,test_7,6,0,642,4.782353894910325,True,right/down,0.22335607742519184,300,54200,32.35100419999799,32.03125,1.0
cx0.9_mut0.1,0.9,0.1,test_7,6,1,643,5.1800005563337805,True,right/down,0.2580101306388969,300,54200,32.169449299995904,31.859375,1.0
cx0.9_mut0.1,0.9,0.1,test_7,6,2,644,4.957533821323318,True,right/down,0.2486859246736698,300,54200,32.01746849999472,31.671875,1.0
cx0.9_mut0.1,0.9,0.1,test_7,6,3,645,4.952746214773454,True,right/down,0.2586815886094184,300,54200,30.63921679998748,30.328125,1.0
cx0.9_mut0.1,0.9,0.1,test_7,6,4,646,4.922784244169211,True,right/down,0.2272558018475356,300,54200,32.57511349998822,32.21875,1.0
cx0.9_mut0.1,0.9,0.1,test_7,6,5,647,5.012969855837998,True,right/down,0.24106324845663654,300,54200,30.294790100000682,29.765625,1.0
cx0.9_mut0.1,0.9,0.1,test_7,6,6,648,5.042003501803924,True,right/down,0.22274828194492974,300,54200,33.2783361000038,32.9375,1.0
cx0.9_mut0.1,0.9,0.1,test_7,6,7,649,5.451702490759326,True,right/down,0.24577243495429782,300,54200,32.0288908000075,31.5625,1.0
cx0.9_mut0.1,0.9,0.1,test_7,6,8,650,4.819688952969274,True,right/down,0.27479942352498266,300,54200,32.59408370000892,32.296875,1.0
cx0.9_mut0.1,0.9,0.1,test_7,6,9,651,5.227139475922846,True,right/down,0.20553863566515132,300,54200,27.941368399988278,27.375,1.0
cx0.9_mut0.1,0.9,0.1,test_7,6,10,652,5.2784194645362845,True,right/down,0.23351142366035388,300,54200,32.905380800002604,32.625,1.0
cx0.9_mut0.1,0.9,0.1,test_7,6,11,653,5.046852849143752,True,right/down,0.24055867517218107,300,54200,27.80409019999206,27.625,1.0
cx0.9_mut0.1,0.9,0.1,test_7,6,12,654,5.234954352743372,True,right/down,0.23735285976884746,300,54200,32.64789780000865,32.3125,1.0
cx0.9_mut0.1,0.9,0.1,test_7,6,13,655,5.2315558884877795,True,right/down,0.22319739885857312,300,54200,34.51659240000299,34.328125,1.0
cx0.9_mut0.1,0.9,0.1,test_7,6,14,656,4.830405049715954,True,right/down,0.23406927001251937,300,54200,33.8676606999943,33.5625,1.0
cx0.9_mut0.1,0.9,0.1,test_7,6,15,657,5.148750440498756,True,right/down,0.23809650053444534,300,54200,31.147435199993197,31.046875,1.0
cx0.9_mut0.1,0.9,0.1,test_7,6,16,658,4.896209393922201,True,right/down,0.24943317922282648,300,54200,30.985704200007604,30.5,1.0
cx0.9_mut0.1,0.9,0.1,test_7,6,17,659,5.142075996690492,True,right/down,0.24534665523897467,300,54200,30.99447710000095,30.609375,1.0
cx0.9_mut0.1,0.9,0.1,test_7,6,18,660,5.210664494075304,True,right/down,0.24841739775852673,300,54200,31.947005899986834,31.46875,1.0
cx0.9_mut0.1,0.9,0.1,test_7,6,19,661,4.952973858315285,True,right/down,0.24187214098185789,300,54200,33.31226259999676,32.734375,1.0
cx0.9_mut0.1,0.9,0.1,test_8,7,0,742,5.398871164634668,True,right/down,0.2624437445415886,300,54200,31.51339320000261,30.875,1.0
cx0.9_mut0.1,0.9,0.1,test_8,7,1,743,5.024709493411347,True,right/down,0.23583491099823417,300,54200,36.3806903000077,35.859375,1.0
cx0.9_mut0.1,0.9,0.1,test_8,7,2,744,5.032882685052341,True,right/down,0.24571745852727414,300,54200,31.45144699999946,30.640625,1.0
cx0.9_mut0.1,0.9,0.1,test_8,7,3,745,4.804343561461082,True,right/down,0.2336200956691425,300,54200,31.71254519998911,31.421875,1.0
cx0.9_mut0.1,0.9,0.1,test_8,7,4,746,5.0022852020701265,True,right/down,0.2599308586927315,300,54200,30.126848300002166,30.03125,1.0
cx0.9_mut0.1,0.9,0.1,test_8,7,5,747,5.518003635728299,True,right/down,0.2309514486623789,300,54200,32.375395199997,31.984375,1.0
cx0.9_mut0.1,0.9,0.1,test_8,7,6,748,4.708023356958648,True,right/down,0.2519964685916375,300,54200,29.86229319999984,29.734375,1.0
cx0.9_mut0.1,0.9,0.1,test_8,7,7,749,5.473641756118447,True,right/down,0.2665315464854573,300,54200,32.75416120000591,32.40625,1.0
cx0.9_mut0.1,0.9,0.1,test_8,7,8,750,5.081363216203066,True,right/down,0.2476048890908765,300,54200,30.50326879999193,30.234375,1.0
cx0.9_mut0.1,0.9,0.1,test_8,7,9,751,5.256785777197621,True,right/down,0.25836610139016386,300,54200,32.16491259999748,32.015625,1.0
cx0.9_mut0.1,0.9,0.1,test_8,7,10,752,4.839905247486864,True,right/down,0.24505752917404716,300,54200,32.65595889999531,32.34375,1.0
cx0.9_mut0.1,0.9,0.1,test_8,7,11,753,5.237604137785476,True,right/down,0.2343252913214656,300,54200,32.04434369999217,31.421875,1.0
cx0.9_mut0.1,0.9,0.1,test_8,7,12,754,5.618995741175658,True,right/down,0.23811126736397292,300,54200,30.48096600000281,29.90625,1.0
cx0.9_mut0.1,0.9,0.1,test_8,7,13,755,4.803368254887508,True,right/down,0.237262077622416,300,54200,33.55470200000855,32.765625,1.0
cx0.9_mut0.1,0.9,0.1,test_8,7,14,756,5.067411998833116,True,right/down,0.22885793413907535,300,54200,32.552812499998254,31.75,1.0
cx0.9_mut0.1,0.9,0.1,test_8,7,15,757,5.026087184677304,True,right/down,0.21286462491705016,300,54200,31.001661600006628,30.765625,1.0
cx0.9_mut0.1,0.9,0.1,test_8,7,16,758,5.0453117815785955,True,right/down,0.2377198806985864,300,54200,32.545869499997934,32.359375,1.0
cx0.9_mut0.1,0.9,0.1,test_8,7,17,759,5.258271171331357,True,right/down,0.25066184487792537,300,54200,31.837884399996256,31.46875,1.0
cx0.9_mut0.1,0.9,0.1,test_8,7,18,760,4.98986843422302,True,right/down,0.25111958130727746,300,54200,32.87226200000441,32.640625,1.0
cx0.9_mut0.1,0.9,0.1,test_8,7,19,761,4.9840581196680604,True,right/down,0.2602760775727774,300,54200,34.04664760000014,33.84375,1.0
cx0.9_mut0.1,0.9,0.1,test_9,8,0,842,5.21407589056953,True,right/down,0.24337536345040436,300,54200,33.88465809999616,33.546875,1.0
cx0.9_mut0.1,0.9,0.1,test_9,8,1,843,5.276492364226622,True,right/down,0.24223184037889098,300,54200,31.442080400011037,31.203125,1.0
cx0.9_mut0.1,0.9,0.1,test_9,8,2,844,5.319530852652454,True,right/down,0.22816011232120606,300,54200,30.838410799988196,30.59375,1.0
cx0.9_mut0.1,0.9,0.1,test_9,8,3,845,5.2872656742379025,True,right/down,0.19673858548616902,300,54200,34.482074500003364,34.046875,1.0
cx0.9_mut0.1,0.9,0.1,test_9,8,4,846,5.363968597741362,True,right/down,0.2361446069693268,300,54200,29.381691200003843,29.1875,1.0
cx0.9_mut0.1,0.9,0.1,test_9,8,5,847,5.406871060504133,True,right/down,0.23098500008533002,300,54200,30.50268600000709,29.9375,1.0
cx0.9_mut0.1,0.9,0.1,test_9,8,6,848,5.329334154202599,True,right/down,0.23838229079276865,300,54200,30.992613499998697,30.625,1.0
cx0.9_mut0.1,0.9,0.1,test_9,8,7,849,5.22962532043036,True,right/down,0.23479284687134752,300,54200,33.31298630000674,32.859375,1.0
cx0.9_mut0.1,0.9,0.1,test_9,8,8,850,5.146363043218581,True,right/down,0.23781448090560006,300,54200,32.19860770000378,31.734375,1.0
cx0.9_mut0.1,0.9,0.1,test_9,8,9,851,5.269701821743798,True,right/down,0.223835583536915,300,54200,32.68072619999293,32.453125,1.0
cx0.9_mut0.1,0.9,0.1,test_9,8,10,852,5.204377956822871,True,right/down,0.19831699746245268,300,54200,31.790760499992757,31.34375,1.0
cx0.9_mut0.1,0.9,0.1,test_9,8,11,853,5.414459267390699,True,right/down,0.22979875319161752,300,54200,31.134054499998456,30.828125,1.0
cx0.9_mut0.1,0.9,0.1,test_9,8,12,854,5.184844376022758,True,right/down,0.23482762053443962,300,54200,30.30857740000647,29.96875,1.0
cx0.9_mut0.1,0.9,0.1,test_9,8,13,855,5.3412118026417845,True,right/down,0.22751337460119578,300,54200,30.67110199999297,30.53125,1.0
cx0.9_mut0.1,0.9,0.1,test_9,8,14,856,5.267509304940658,True,right/down,0.19971831449215316,300,54200,32.727055999988806,32.484375,1.0
cx0.9_mut0.1,0.9,0.1,test_9,8,15,857,5.347769405566965,True,right/down,0.21958678634816833,300,54200,31.737625099995057,31.484375,1.0
cx0.9_mut0.1,0.9,0.1,test_9,8,16,858,5.390454230509889,True,right/down,0.24454967864431,300,54200,31.20471940000425,31.046875,1.0
cx0.9_mut0.1,0.9,0.1,test_9,8,17,859,5.321425573091872,True,right/down,0.24512180065254469,300,54200,32.67124409999815,32.390625,1.0
cx0.9_mut0.1,0.9,0.1,test_9,8,18,860,5.518133662473641,True,right/down,0.22827393718534908,300,54200,29.870220900003915,29.671875,1.0
cx0.9_mut0.1,0.9,0.1,test_9,8,19,861,5.394917284917795,True,right/down,0.21084570313910828,300,54200,34.0066123999859,33.28125,1.0
cx0.9_mut0.1,0.9,0.1,test_10,9,0,942,5.352220076555085,True,right/down,0.2228980814269767,300,54200,29.82563380000647,29.359375,1.0
cx0.9_mut0.1,0.9,0.1,test_10,9,1,943,5.250123220231526,True,right/down,0.22141465360271556,300,54200,31.194950599994627,30.71875,1.0
cx0.9_mut0.1,0.9,0.1,test_10,9,2,944,5.38772536867402,True,right/down,0.1933556568592809,300,54200,34.299079799995525,33.671875,1.0
cx0.9_mut0.1,0.9,0.1,test_10,9,3,945,5.320509050218239,True,right/down,0.20922109676756148,300,54200,34.13146840000991,33.8125,1.0
cx0.9_mut0.1,0.9,0.1,test_10,9,4,946,5.207645156693915,True,right/down,0.23461424755553506,300,54200,32.23591109999688,32.140625,1.0
cx0.9_mut0.1,0.9,0.1,test_10,9,5,947,5.318542404950101,True,right/down,0.23712809947437555,300,54200,32.44559709999885,32.078125,1.0
cx0.9_mut0.1,0.9,0.1,test_10,9,6,948,5.412682251895951,True,right/down,0.22358904006626737,300,54200,32.74739690001297,31.984375,1.0
cx0.9_mut0.1,0.9,0.1,test_10,9,7,949,5.48880647720691,True,right/down,0.16985216932819278,300,54200,33.02444110000215,32.75,1.0
cx0.9_mut0.1,0.9,0.1,test_10,9,8,950,5.3538749803347,True,right/down,0.2391791515265997,300,54200,31.962845700007165,31.671875,1.0
cx0.9_mut0.1,0.9,0.1,test_10,9,9,951,5.66391942987941,True,right/down,0.24598021242565363,300,54200,30.827606499995454,30.578125,1.0
cx0.9_mut0.1,0.9,0.1,test_10,9,10,952,5.306786423949484,True,right/down,0.2033491405022408,300,54200,33.834800800002995,33.71875,1.0
cx0.9_mut0.1,0.9,0.1,test_10,9,11,953,5.481616486839593,True,right/down,0.2111570498811842,300,54200,32.430933800002094,31.890625,1.0
cx0.9_mut0.1,0.9,0.1,test_10,9,12,954,5.279865585758793,True,right/down,0.2276314749657406,300,54200,32.22095509999781,31.78125,1.0
cx0.9_mut0.1,0.9,0.1,test_10,9,13,955,5.666296505901931,True,right/down,0.2069733812519434,300,54200,32.955530599996564,32.484375,1.0
cx0.9_mut0.1,0.9,0.1,test_10,9,14,956,5.583918223036559,True,right/down,0.20768707540682044,300,54200,29.485549499993795,29.046875,1.0
cx0.9_mut0.1,0.9,0.1,test_10,9,15,957,5.2599924466205294,True,right/down,0.23542745075777768,300,54200,31.804049099999247,31.09375,1.0
cx0.9_mut0.1,0.9,0.1,test_10,9,16,958,5.453530743961156,True,right/down,0.22276389386509157,300,54200,30.28039689999423,29.796875,1.0
cx0.9_mut0.1,0.9,0.1,test_10,9,17,959,5.565483283445387,True,right/down,0.22402350223642137,300,54200,32.22497760000988,32.046875,1.0
cx0.9_mut0.1,0.9,0.1,test_10,9,18,960,5.209669223869007,True,right/down,0.21695544997023766,300,54200,32.29039570000896,32.03125,1.0
cx0.9_mut0.1,0.9,0.1,test_10,9,19,961,5.669073014438963,True,right/down,0.2079269641142589,300,54200,29.83164200000465,29.65625,1.0
cx0.9_mut0.2,0.9,0.2,test_1,0,0,42,5.376554796057378,True,right/down,0.26123103879298715,300,54200,19.24449480000476,18.765625,1.0
cx0.9_mut0.2,0.9,0.2,test_1,0,1,43,4.982841092642938,True,right/down,0.22964649792470634,300,54200,19.43483980000019,19.140625,1.0
cx0.9_mut0.2,0.9,0.2,test_1,0,2,44,5.323506766003181,True,right/down,0.21990837972637856,300,54200,17.859264300001087,17.46875,1.0
cx0.9_mut0.2,0.9,0.2,test_1,0,3,45,5.393399246833397,True,right/down,0.256752493967499,300,54200,18.224005800002487,17.9375,1.0
cx0.9_mut0.2,0.9,0.2,test_1,0,4,46,5.391106971667899,True,right/down,0.24889414188030617,300,54200,19.926390199994785,19.390625,1.0
cx0.9_mut0.2,0.9,0.2,test_1,0,5,47,5.486213560259659,True,right/down,0.23144448139666995,300,54200,16.43828260000737,16.09375,1.0
cx0.9_mut0.2,0.9,0.2,test_1,0,6,48,5.706972038837605,True,right/down,0.23617682873368806,300,54200,17.787415600003442,17.609375,1.0
cx0.9_mut0.2,0.9,0.2,test_1,0,7,49,5.131957548123133,True,right/down,0.2199351192040283,300,54200,19.70634040000732,19.484375,1.0
cx0.9_mut0.2,0.9,0.2,test_1,0,8,50,5.09931348165664,True,right/down,0.2637697643411831,300,54200,17.730210399997304,17.671875,1.0
cx0.9_mut0.2,0.9,0.2,test_1,0,9,51,5.444082897505284,True,right/down,0.2470012306369087,300,54200,17.801596999997855,17.5,1.0
cx0.9_mut0.2,0.9,0.2,test_1,0,10,52,5.137178529438583,True,right/down,0.2441982721428661,300,54200,18.895759500010172,18.75,1.0
cx0.9_mut0.2,0.9,0.2,test_1,0,11,53,5.057531811514446,True,right/down,0.22688572089603173,300,54200,17.168542100000195,17.046875,1.0
cx0.9_mut0.2,0.9,0.2,test_1,0,12,54,5.163125225570662,True,right/down,0.22548184123095652,300,54200,17.779946499998914,17.6875,1.0
cx0.9_mut0.2,0.9,0.2,test_1,0,13,55,5.14224969990428,True,right/down,0.23520231738586844,300,54200,19.998975800001062,19.828125,1.0
cx0.9_mut0.2,0.9,0.2,test_1,0,14,56,5.356074521560177,True,right/down,0.2603638675503637,300,54200,19.7889223999955,19.515625,1.0
cx0.9_mut0.2,0.9,0.2,test_1,0,15,57,5.272562410601051,True,right/down,0.21326910320370115,300,54200,20.03049099999771,19.546875,1.0
cx0.9_mut0.2,0.9,0.2,test_1,0,16,58,4.965941819264515,True,right/down,0.2382360841402755,300,54200,21.020516400007182,20.703125,1.0
cx0.9_mut0.2,0.9,0.2,test_1,0,17,59,5.136545638083637,True,right/down,0.24911077486895547,300,54200,18.474871300000814,18.09375,1.0
cx0.9_mut0.2,0.9,0.2,test_1,0,18,60,5.305778199395203,True,right/down,0.22774612497867427,300,54200,20.663521900001797,20.34375,1.0
cx0.9_mut0.2,0.9,0.2,test_1,0,19,61,5.17908824322514,True,right/down,0.2497619803806007,300,54200,17.498607899993658,17.375,1.0
cx0.9_mut0.2,0.9,0.2,test_2,1,0,142,5.133583584198908,True,right/down,0.21479500142357974,300,54200,19.97084099998756,19.8125,1.0
cx0.9_mut0.2,0.9,0.2,test_2,1,1,143,5.285955564341905,True,right/down,0.21734864021450517,300,54200,19.2956400999974,19.109375,1.0
cx0.9_mut0.2,0.9,0.2,test_2,1,2,144,5.240295231124614,True,right/down,0.23115847409324264,300,54200,21.665085999993607,21.359375,1.0
cx0.9_mut0.2,0.9,0.2,test_2,1,3,145,5.253758179296648,True,right/down,0.23034308147626933,300,54200,20.47853279999981,20.078125,1.0
cx0.9_mut0.2,0.9,0.2,test_2,1,4,146,5.120759681965465,True,right/down,0.22167425890351003,300,54200,18.840354799991474,18.703125,1.0
cx0.9_mut0.2,0.9,0.2,test_2,1,5,147,5.206762251888884,True,right/down,0.22852474167460932,300,54200,20.602975800007698,20.28125,1.0
cx0.9_mut0.2,0.9,0.2,test_2,1,6,148,5.317327380167102,True,right/down,0.2148588245080815,300,54200,18.030822800006717,17.734375,1.0
cx0.9_mut0.2,0.9,0.2,test_2,1,7,149,5.46746010711426,True,right/down,0.23114548632468537,300,54200,19.184633199998643,18.859375,1.0
cx0.9_mut0.2,0.9,0.2,test_2,1,8,150,5.100736975963043,True,right/down,0.21222435659919783,300,54200,19.288135000009788,18.84375,1.0
cx0.9_mut0.2,0.9,0.2,test_2,1,9,151,5.257054182395309,True,right/down,0.23551894991271832,300,54200,19.783487500011688,19.328125,1.0
cx0.9_mut0.2,0.9,0.2,test_2,1,10,152,5.268507412220339,True,right/down,0.23031338665881967,300,54200,18.831817999991472,18.546875,1.0
cx0.9_mut0.2,0.9,0.2,test_2,1,11,153,5.050400853234154,True,right/down,0.22058688975723048,300,54200,20.973174800004927,20.625,1.0
cx0.9_mut0.2,0.9,0.2,test_2,1,12,154,5.204337093257612,True,right/down,0.2381299098834861,300,54200,19.099119000005885,18.84375,1.0
cx0.9_mut0.2,0.9,0.2,test_2,1,13,155,5.254641240355319,True,right/down,0.22478385506721202,300,54200,18.93948500000988,18.75,1.0
cx0.9_mut0.2,0.9,0.2,test_2,1,14,156,5.079145064559306,True,right/down,0.22010696843742966,300,54200,17.490405000004102,17.3125,1.0
cx0.9_mut0.2,0.9,0.2,test_2,1,15,157,5.1730635864012084,True,right/down,0.21068385351035857,300,54200,19.198833699992974,19.078125,1.0
cx0.9_mut0.2,0.9,0.2,test_2,1,16,158,5.155121978523203,True,right/down,0.2070934178660124,300,54200,18.046244700002717,17.96875,1.0
cx0.9_mut0.2,0.9,0.2,test_2,1,17,159,5.376740345700313,True,right/down,0.17686727253937232,300,54200,19.814480799992452,19.640625,1.0
cx0.9_mut0.2,0.9,0.2,test_2,1,18,160,5.096742463623988,True,right/down,0.20869523501873571,300,54200,19.7496850000025,19.46875,1.0
cx0.9_mut0.2,0.9,0.2,test_2,1,19,161,5.179426295095968,True,right/down,0.21583255005710175,300,54200,17.941468699995312,17.796875,1.0
cx0.9_mut0.2,0.9,0.2,test_3,2,0,242,5.19797139169474,True,right/down,0.2591479230334213,300,54200,18.4311818999995,18.25,1.0
cx0.9_mut0.2,0.9,0.2,test_3,2,1,243,5.208735215227381,True,right/down,0.2501393624128642,300,54200,18.96132459999353,18.78125,1.0
cx0.9_mut0.2,0.9,0.2,test_3,2,2,244,5.055341310045737,True,right/down,0.24540234991654,300,54200,19.69789409999794,19.53125,1.0
cx0.9_mut0.2,0.9,0.2,test_3,2,3,245,5.222992110031578,True,right/down,0.2591638147973853,300,54200,19.95007340000302,19.53125,1.0
cx0.9_mut0.2,0.9,0.2,test_3,2,4,246,5.150202821086264,True,right/down,0.26752810613036593,300,54200,19.204802200009,18.9375,1.0
cx0.9_mut0.2,0.9,0.2,test_3,2,5,247,5.113034860585227,True,right/down,0.2088104470389868,300,54200,20.325486500005354,20.015625,1.0
cx0.9_mut0.2,0.9,0.2,test_3,2,6,248,5.054613401074757,True,right/down,0.24750662459723216,300,54200,19.14983249999932,18.90625,1.0
cx0.9_mut0.2,0.9,0.2,test_3,2,7,249,4.929144079305976,True,right/down,0.23694921320300452,300,54200,18.89054279999982,18.75,1.0
cx0.9_mut0.2,0.9,0.2,test_3,2,8,250,5.125499962752743,True,right/down,0.2630242687748315,300,54200,18.012691399999312,17.78125,1.0
cx0.9_mut0.2,0.9,0.2,test_3,2,9,251,5.059910915728171,True,right/down,0.23100602952001,300,54200,18.549347499996657,18.34375,1.0
cx0.9_mut0.2,0.9,0.2,test_3,2,10,252,5.031389095558932,True,right/down,0.2557646088539488,300,54200,17.937972600004287,17.671875,1.0
cx0.9_mut0.2,0.9,0.2,test_3,2,11,253,5.157435291728181,True,right/down,0.2262364921849751,300,54200,18.921597500011558,18.59375,1.0
cx0.9_mut0.2,0.9,0.2,test_3,2,12,254,5.042427024876308,True,right/down,0.26225173530543466,300,54200,19.885507099999813,19.546875,1.0
cx0.9_mut0.2,0.9,0.2,test_3,2,13,255,4.955106410596725,True,right/down,0.22045566325209914,300,54200,21.20103039999958,21.03125,1.0
cx0.9_mut0.2,0.9,0.2,test_3,2,14,256,4.967607723806859,True,right/down,0.2276745773479213,300,54200,18.177528000000166,18.015625,1.0
cx0.9_mut0.2,0.9,0.2,test_3,2,15,257,4.933577151769807,True,right/down,0.22066936323665032,300,54200,20.36651140000322,20.21875,1.0
cx0.9_mut0.2,0.9,0.2,test_3,2,16,258,4.969352018501953,True,right/down,0.2471891455778568,300,54200,19.792777399998158,19.59375,1.0
cx0.9_mut0.2,0.9,0.2,test_3,2,17,259,4.986013727450404,True,right/down,0.23248257201153522,300,54200,17.251791399990907,16.953125,1.0
cx0.9_mut0.2,0.9,0.2,test_3,2,18,260,4.962731273053,True,right/down,0.25851255470020296,300,54200,18.81169430000591,18.546875,1.0
cx0.9_mut0.2,0.9,0.2,test_3,2,19,261,4.971273860430775,True,right/down,0.24627174578356717,300,54200,17.89667910001299,17.703125,1.0
cx0.9_mut0.2,0.9,0.2,test_4,3,0,342,5.485383898310777,True,right/down,0.24853177382207686,300,54200,19.698418600004516,19.328125,1.0
cx0.9_mut0.2,0.9,0.2,test_4,3,1,343,5.024094480086067,True,right/down,0.24723743759264458,300,54200,18.939566999993986,18.609375,1.0
cx0.9_mut0.2,0.9,0.2,test_4,3,2,344,5.326501003098242,True,right/down,0.20089983621410987,300,54200,15.396817399989231,15.1875,1.0
cx0.9_mut0.2,0.9,0.2,test_4,3,3,345,4.92875677902846,True,right/down,0.2288678885294206,300,54200,18.290652900002897,18.0,1.0
cx0.9_mut0.2,0.9,0.2,test_4,3,4,346,5.061863503518279,True,right/down,0.23798325877044457,300,54200,18.631106500004535,18.234375,1.0
cx0.9_mut0.2,0.9,0.2,test_4,3,5,347,5.017399767682765,True,right/down,0.24419039310848134,300,54200,18.598003499995684,18.4375,1.0
cx0.9_mut0.2,0.9,0.2,test_4,3,6,348,5.330819539470601,True,right/down,0.21945833209768595,300,54200,18.166656399989733,18.0625,1.0
cx0.9_mut0.2,0.9,0.2,test_4,3,7,349,5.009690533433876,True,right/down,0.24062428009043718,300,54200,17.03748810000252,16.921875,1.0
cx0.9_mut0.2,0.9,0.2,test_4,3,8,350,5.327819452012182,True,right/down,0.23651034929418432,300,54200,20.82413799999631,20.78125,1.0
cx0.9_mut0.2,0.9,0.2,test_4,3,9,351,5.131998487677732,True,right/down,0.23145078884125678,300,54200,18.194862700009253,18.078125,1.0
cx0.9_mut0.2,0.9,0.2,test_4,3,10,352,5.023676061390782,True,right/down,0.22816777580805853,300,54200,19.3535045000026,19.21875,1.0
cx0.9_mut0.2,0.9,0.2,test_4,3,11,353,5.083291678321795,True,right/down,0.23590968899999962,300,54200,18.85890510000172,18.703125,1.0
cx0.9_mut0.2,0.9,0.2,test_4,3,12,354,5.12688389413906,True,right/down,0.23517742675009606,300,54200,20.21876699999848,19.859375,1.0
cx0.9_mut0.2,0.9,0.2,test_4,3,13,355,5.158639305735038,True,right/down,0.22261573810868446,300,54200,19.319113599995035,19.015625,1.0
cx0.9_mut0.2,0.9,0.2,test_4,3,14,356,5.277528399263463,True,right/down,0.20869768560784066,300,54200,21.285674200000358,20.890625,1.0
cx0.9_mut0.2,0.9,0.2,test_4,3,15,357,5.148488272249672,True,right/down,0.23347124671857208,300,54200,23.19512119999854,22.765625,1.0
cx0.9_mut0.2,0.9,0.2,test_4,3,16,358,5.159698470032706,True,right/down,0.2306800656595504,300,54200,23.174045499996282,22.921875,1.0
cx0.9_mut0.2,0.9,0.2,test_4,3,17,359,5.111868362375437,True,right/down,0.24393541515403655,300,54200,17.75719869999739,17.171875,1.0
cx0.9_mut0.2,0.9,0.2,test_4,3,18,360,4.97312928929105,True,right/down,0.248452446495414,300,54200,20.336830800006283,19.90625,1.0
cx0.9_mut0.2,0.9,0.2,test_4,3,19,361,5.093308493426367,True,right/down,0.2385534302695112,300,54200,18.958569599999464,18.75,1.0
cx0.9_mut0.2,0.9,0.2,test_5,4,0,442,5.203848376318799,True,right/down,0.24551706385714225,300,54200,22.82525560000795,22.46875,1.0
cx0.9_mut0.2,0.9,0.2,test_5,4,1,443,5.309164445836853,True,right/down,0.2628297523060818,300,54200,19.35875300000771,19.296875,1.0
cx0.9_mut0.2,0.9,0.2,test_5,4,2,444,5.185410915028882,True,right/down,0.24811883381321392,300,54200,20.946323399999528,20.765625,1.0
cx0.9_mut0.2,0.9,0.2,test_5,4,3,445,5.374410376105054,True,right/down,0.20801918891464677,300,54200,22.41028140000708,22.21875,1.0
cx0.9_mut0.2,0.9,0.2,test_5,4,4,446,5.1042496086776765,True,right/down,0.2515097584065809,300,54200,21.20070120001037,20.875,1.0
cx0.9_mut0.2,0.9,0.2,test_5,4,5,447,5.404187317037271,True,right/down,0.2437498943483464,300,54200,20.96002510000835,20.625,1.0
cx0.9_mut0.2,0.9,0.2,test_5,4,6,448,5.227770252894327,True,right/down,0.24072249070298124,300,54200,22.727917099997285,22.203125,1.0
cx0.9_mut0.2,0.9,0.2,test_5,4,7,449,5.223882097185715,True,right/down,0.23870828347944048,300,54200,23.52656769999885,22.921875,1.0
cx0.9_mut0.2,0.9,0.2,test_5,4,8,450,5.257028275488416,True,right/down,0.24663905353604956,300,54200,20.501841699995566,20.203125,1.0
cx0.9_mut0.2,0.9,0.2,test_5,4,9,451,5.65096536064577,True,right/down,0.24215189653170108,300,54200,21.122835800008033,20.125,1.0
cx0.9_mut0.2,0.9,0.2,test_5,4,10,452,5.124330846695171,True,right/down,0.18879685217823403,300,54200,24.282668200001353,24.03125,1.0
cx0.9_mut0.2,0.9,0.2,test_5,4,11,453,5.203528503113792,True,right/down,0.20961855046027061,300,54200,23.5714050999959,23.21875,1.0
cx0.9_mut0.2,0.9,0.2,test_5,4,12,454,5.555290027663597,True,right/down,0.24711864229992347,300,54200,21.036350099995616,20.84375,1.0
cx0.9_mut0.2,0.9,0.2,test_5,4,13,455,5.522550476992729,True,right/down,0.218536654026068,300,54200,19.58085879999271,19.390625,1.0
cx0.9_mut0.2,0.9,0.2,test_5,4,14,456,5.360774265706649,True,right/down,0.24071794971734561,300,54200,19.85219489999872,19.765625,1.0
cx0.9_mut0.2,0.9,0.2,test_5,4,15,457,5.289316934637807,True,right/down,0.19900591357669825,300,54200,20.784413000001223,20.59375,1.0
cx0.9_mut0.2,0.9,0.2,test_5,4,16,458,5.435720590457228,True,right/down,0.2584862062631242,300,54200,22.12267110000539,21.984375,1.0
cx0.9_mut0.2,0.9,0.2,test_5,4,17,459,5.207476861916489,True,right/down,0.20722032088647555,300,54200,21.32287340000039,20.6875,1.0
cx0.9_mut0.2,0.9,0.2,test_5,4,18,460,5.305927764883025,True,right/down,0.23571154400686373,300,54200,18.96283570000378,18.625,1.0
cx0.9_mut0.2,0.9,0.2,test_5,4,19,461,5.3478286025925375,True,right/down,0.23028219986870307,300,54200,18.398113899995224,18.078125,1.0
cx0.9_mut0.2,0.9,0.2,test_6,5,0,542,5.18395907151518,True,right/down,0.19371971618164305,300,54200,19.07070910000766,18.515625,1.0
cx0.9_mut0.2,0.9,0.2,test_6,5,1,543,5.394751027251816,True,right/down,0.21290357048505734,300,54200,23.212136999994982,22.734375,1.0
cx0.9_mut0.2,0.9,0.2,test_6,5,2,544,5.513378465792856,True,right/down,0.24276206254139385,300,54200,22.785647500000778,22.578125,1.0
cx0.9_mut0.2,0.9,0.2,test_6,5,3,545,5.5882685036441675,True,right/down,0.22000025122217062,300,54200,17.582882699993206,17.46875,1.0
cx0.9_mut0.2,0.9,0.2,test_6,5,4,546,5.408363153033658,True,right/down,0.21925355087411186,300,54200,23.242881699989084,23.125,1.0
cx0.9_mut0.2,0.9,0.2,test_6,5,5,547,5.353550542551117,True,right/down,0.20493065701607457,300,54200,23.249253300004057,22.921875,1.0
cx0.9_mut0.2,0.9,0.2,test_6,5,6,548,5.544866481898565,True,right/down,0.24288022309711302,300,54200,18.560482100001536,18.390625,1.0
cx0.9_mut0.2,0.9,0.2,test_6,5,7,549,5.340477229729377,True,right/down,0.24886061516686903,300,54200,19.13480410000193,18.734375,1.0
cx0.9_mut0.2,0.9,0.2,test_6,5,8,550,5.302524927467506,True,right/down,0.21947669797239663,300,54200,22.563038499996765,22.421875,1.0
cx0.9_mut0.2,0.9,0.2,test_6,5,9,551,5.456358505299338,True,right/down,0.21792116917757276,300,54200,22.05883680000261,21.609375,1.0
cx0.9_mut0.2,0.9,0.2,test_6,5,10,552,5.320451277056291,True,right/down,0.24592070599955793,300,54200,18.695841599997948,18.546875,1.0
cx0.9_mut0.2,0.9,0.2,test_6,5,11,553,5.221366190108363,True,right/down,0.2286626458764691,300,54200,21.015421500007506,20.625,1.0
cx0.9_mut0.2,0.9,0.2,test_6,5,12,554,5.233194150307743,True,right/down,0.23058644386070395,300,54200,20.809697699995013,20.53125,1.0
cx0.9_mut0.2,0.9,0.2,test_6,5,13,555,5.192509696598111,True,right/down,0.22502183081349086,300,54200,20.233298800012562,19.6875,1.0
cx0.9_mut0.2,0.9,0.2,test_6,5,14,556,5.178040543904633,True,right/down,0.23043499582927288,300,54200,19.759080200004973,19.40625,1.0
cx0.9_mut0.2,0.9,0.2,test_6,5,15,557,5.488086135607495,True,right/down,0.20482045510369157,300,54200,19.086702000000514,18.984375,1.0
cx0.9_mut0.2,0.9,0.2,test_6,5,16,558,5.306497853215263,True,right/down,0.22398153326328876,300,54200,19.87542460000259,19.75,1.0
cx0.9_mut0.2,0.9,0.2,test_6,5,17,559,5.295628436265853,True,right/down,0.24014219038117157,300,54200,22.213527100000647,22.140625,1.0
cx0.9_mut0.2,0.9,0.2,test_6,5,18,560,5.292288416804141,True,right/down,0.22402162491210165,300,54200,19.902541100003873,19.765625,1.0
cx0.9_mut0.2,0.9,0.2,test_6,5,19,561,5.339847031997733,True,right/down,0.23438795954600905,300,54200,19.109119799992186,19.0,1.0
cx0.9_mut0.2,0.9,0.2,test_7,6,0,642,5.030699966973212,True,right/down,0.21809554463580835,300,54200,19.833308100001886,19.671875,1.0
cx0.9_mut0.2,0.9,0.2,test_7,6,1,643,5.25700904061802,True,right/down,0.22042194796603212,300,54200,20.87324260000605,20.71875,1.0
cx0.9_mut0.2,0.9,0.2,test_7,6,2,644,4.910337043508132,True,right/down,0.2583803699187267,300,54200,19.76218560000416,19.46875,1.0
cx0.9_mut0.2,0.9,0.2,test_7,6,3,645,5.152674832143083,True,right/down,0.1751125047763549,300,54200,20.027855300009833,19.796875,1.0
cx0.9_mut0.2,0.9,0.2,test_7,6,4,646,4.885967358278791,True,right/down,0.25234534973987366,300,54200,19.548093799996423,19.15625,1.0
cx0.9_mut0.2,0.9,0.2,test_7,6,5,647,5.083708981207354,True,right/down,0.22489284494954934,300,54200,20.21448429999873,19.75,1.0
cx0.9_mut0.2,0.9,0.2,test_7,6,6,648,5.039043445649259,True,right/down,0.23872555637139556,300,54200,23.028202500005136,22.71875,1.0
cx0.9_mut0.2,0.9,0.2,test_7,6,7,649,5.057171707030461,True,right/down,0.24416446236667155,300,54200,20.35677410000062,20.09375,1.0
cx0.9_mut0.2,0.9,0.2,test_7,6,8,650,4.971572957124887,True,right/down,0.24514339631904658,300,54200,19.30018530000234,19.109375,1.0
cx0.9_mut0.2,0.9,0.2,test_7,6,9,651,5.0077693563907095,True,right/down,0.24556649947605838,300,54200,22.786653300005128,22.359375,1.0
cx0.9_mut0.2,0.9,0.2,test_7,6,10,652,4.797390123968446,True,right/down,0.2505475449555525,300,54200,20.01779240000178,19.859375,1.0
cx0.9_mut0.2,0.9,0.2,test_7,6,11,653,4.976031020153426,True,right/down,0.24390639356810206,300,54200,19.87211290000414,19.734375,1.0
cx0.9_mut0.2,0.9,0.2,test_7,6,12,654,5.009613745054358,True,right/down,0.22404708049813155,300,54200,21.3053263000038,21.1875,1.0
cx0.9_mut0.2,0.9,0.2,test_7,6,13,655,4.942713753754248,True,right/down,0.23140837367981598,300,54200,18.140045099993586,18.0625,1.0
cx0.9_mut0.2,0.9,0.2,test_7,6,14,656,4.943259917035081,True,right/down,0.23227051295900022,300,54200,22.882572500006063,22.640625,1.0
cx0.9_mut0.2,0.9,0.2,test_7,6,15,657,4.781607169177136,True,right/down,0.2130629915888481,300,54200,22.60499379999237,22.578125,1.0
cx0.9_mut0.2,0.9,0.2,test_7,6,16,658,5.042346704959562,True,right/down,0.19593579335552558,300,54200,21.0571995999926,20.609375,1.0
cx0.9_mut0.2,0.9,0.2,test_7,6,17,659,5.61106188482627,True,right/down,0.21704230877568093,300,54200,20.148225700002513,19.96875,1.0
cx0.9_mut0.2,0.9,0.2,test_7,6,18,660,4.933408524690885,True,right/down,0.23928099675010175,300,54200,24.688850000005914,24.390625,1.0
cx0.9_mut0.2,0.9,0.2,test_7,6,19,661,4.97923436230543,True,right/down,0.23153778360305938,300,54200,19.449602199994843,18.9375,1.0
cx0.9_mut0.2,0.9,0.2,test_8,7,0,742,5.167517548848181,True,right/down,0.25204101735294027,300,54200,22.687170500008506,22.109375,1.0
cx0.9_mut0.2,0.9,0.2,test_8,7,1,743,5.0527238873761675,True,right/down,0.2534792496426178,300,54200,19.43378870000015,19.328125,1.0
cx0.9_mut0.2,0.9,0.2,test_8,7,2,744,5.148761343328134,True,right/down,0.23955933818882397,300,54200,20.2501401000045,19.921875,1.0
cx0.9_mut0.2,0.9,0.2,test_8,7,3,745,5.4660386448605465,True,right/down,0.22172900141874252,300,54200,20.7225785000046,20.546875,1.0
cx0.9_mut0.2,0.9,0.2,test_8,7,4,746,5.063742183858709,True,right/down,0.24033956949620752,300,54200,21.096707099990454,20.953125,1.0
cx0.9_mut0.2,0.9,0.2,test_8,7,5,747,5.147359147492594,True,right/down,0.2718480252121312,300,54200,20.330341099994257,19.953125,1.0
cx0.9_mut0.2,0.9,0.2,test_8,7,6,748,5.2751897277704005,True,right/down,0.22927066724473452,300,54200,20.882248099995195,20.78125,1.0
cx0.9_mut0.2,0.9,0.2,test_8,7,7,749,4.991049407066595,True,right/down,0.22030849517420326,300,54200,23.5551611000119,23.34375,1.0
cx0.9_mut0.2,0.9,0.2,test_8,7,8,750,4.780575661908277,True,right/down,0.2318256871765095,300,54200,20.007502899999963,19.6875,1.0
cx0.9_mut0.2,0.9,0.2,test_8,7,9,751,4.9673037727715865,True,right/down,0.23172470899461783,300,54200,20.376685700000962,20.203125,1.0
cx0.9_mut0.2,0.9,0.2,test_8,7,10,752,5.100381141897302,True,right/down,0.24994656783331548,300,54200,21.073931400009315,20.921875,1.0
cx0.9_mut0.2,0.9,0.2,test_8,7,11,753,5.616186524044387,True,right/down,0.19859970832177742,300,54200,21.81587789999321,21.4375,1.0
cx0.9_mut0.2,0.9,0.2,test_8,7,12,754,5.155896248465109,True,right/down,0.2567509922151296,300,54200,20.722167399988393,20.421875,1.0
cx0.9_mut0.2,0.9,0.2,test_8,7,13,755,5.0053427348956685,True,right/down,0.23675040996728758,300,54200,20.338334900006885,20.125,1.0
cx0.9_mut0.2,0.9,0.2,test_8,7,14,756,5.49110546048157,True,right/down,0.2429402447090137,300,54200,19.09364550000464,18.5,1.0
cx0.9_mut0.2,0.9,0.2,test_8,7,15,757,5.243464329196816,True,right/down,0.23814569731102636,300,54200,17.81603400000313,17.734375,1.0
cx0.9_mut0.2,0.9,0.2,test_8,7,16,758,4.9846341120563125,True,right/down,0.24204801810690282,300,54200,18.62228929999401,18.5625,1.0
cx0.9_mut0.2,0.9,0.2,test_8,7,17,759,4.876777448831302,True,right/down,0.2612493809498624,300,54200,18.79162620000716,18.65625,1.0
cx0.9_mut0.2,0.9,0.2,test_8,7,18,760,4.985921441541844,True,right/down,0.2390837519044382,300,54200,21.14893039999879,21.0,1.0
cx0.9_mut0.2,0.9,0.2,test_8,7,19,761,4.873223830616271,True,right/down,0.21838963903885292,300,54200,20.14222979999613,19.984375,1.0
cx0.9_mut0.2,0.9,0.2,test_9,8,0,842,5.412176491457204,True,right/down,0.21256110116928395,300,54200,22.261200300010387,22.109375,1.0
cx0.9_mut0.2,0.9,0.2,test_9,8,1,843,5.5566217203513615,True,right/down,0.24628217180000114,300,54200,18.360446599996067,18.0,1.0
cx0.9_mut0.2,0.9,0.2,test_9,8,2,844,5.4992052618450735,True,right/down,0.23580816495170578,300,54200,19.722368200003984,19.546875,1.0
cx0.9_mut0.2,0.9,0.2,test_9,8,3,845,5.545125615786212,True,right/down,0.2173964491343347,300,54200,24.53011730000435,24.25,1.0
cx0.9_mut0.2,0.9,0.2,test_9,8,4,846,5.510492716894389,True,right/down,0.22272366991895232,300,54200,21.898639599996386,21.59375,1.0
cx0.9_mut0.2,0.9,0.2,test_9,8,5,847,5.229909584930342,True,right/down,0.23716363093416082,300,54200,18.77587619998667,18.4375,1.0
cx0.9_mut0.2,0.9,0.2,test_9,8,6,848,5.205449758458723,True,right/down,0.2301855982240459,300,54200,20.744581400009338,20.21875,1.0
cx0.9_mut0.2,0.9,0.2,test_9,8,7,849,5.1161233620207955,True,right/down,0.24921520895003593,300,54200,20.275038099993253,19.984375,1.0
cx0.9_mut0.2,0.9,0.2,test_9,8,8,850,5.280732928729636,True,right/down,0.22017655983651344,300,54200,22.114348999995855,21.765625,1.0
cx0.9_mut0.2,0.9,0.2,test_9,8,9,851,5.550524925035318,True,right/down,0.2493978771554819,300,54200,20.558030699990923,20.375,1.0
cx0.9_mut0.2,0.9,0.2,test_9,8,10,852,5.1971810698683445,True,right/down,0.23734122314889594,300,54200,21.70395819999976,21.515625,1.0
cx0.9_mut0.2,0.9,0.2,test_9,8,11,853,5.246847627305266,True,right/down,0.21570281257894952,300,54200,22.38279479999619,22.21875,1.0
cx0.9_mut0.2,0.9,0.2,test_9,8,12,854,5.221859423591045,True,right/down,0.240356904685903,300,54200,23.099420700003975,22.859375,1.0
cx0.9_mut0.2,0.9,0.2,test_9,8,13,855,5.131894795713252,True,right/down,0.2120510581345414,300,54200,21.42140280001331,21.3125,1.0
cx0.9_mut0.2,0.9,0.2,test_9,8,14,856,5.320194030223073,True,right/down,0.24728277755320457,300,54200,21.494201699999394,21.359375,1.0
cx0.9_mut0.2,0.9,0.2,test_9,8,15,857,5.329345519440771,True,right/down,0.2382346828029839,300,54200,20.660822999998345,20.53125,1.0
cx0.9_mut0.2,0.9,0.2,test_9,8,16,858,5.2243341714902645,True,right/down,0.24484823051784071,300,54200,20.25159449999046,20.03125,1.0
cx0.9_mut0.2,0.9,0.2,test_9,8,17,859,5.346912677834579,True,right/down,0.20981734163506238,300,54200,21.958623699989403,21.765625,1.0
cx0.9_mut0.2,0.9,0.2,test_9,8,18,860,5.422328794329964,True,right/down,0.2245300083021444,300,54200,21.2587063999963,21.078125,1.0
cx0.9_mut0.2,0.9,0.2,test_9,8,19,861,5.201966543403382,True,right/down,0.21614748035025555,300,54200,19.036491699996986,18.59375,1.0
cx0.9_mut0.2,0.9,0.2,test_10,9,0,942,5.38979768880181,True,right/down,0.22577820176945937,300,54200,23.49779339999077,23.140625,1.0
cx0.9_mut0.2,0.9,0.2,test_10,9,1,943,5.52348171195213,True,right/down,0.23552812786352478,300,54200,20.161919700010912,19.96875,1.0
cx0.9_mut0.2,0.9,0.2,test_10,9,2,944,5.226563258380111,True,right/down,0.21871244864968187,300,54200,18.853999400002067,18.609375,1.0
cx0.9_mut0.2,0.9,0.2,test_10,9,3,945,5.256560228605487,True,right/down,0.1998096567451345,300,54200,17.493583799994667,17.375,1.0
cx0.9_mut0.2,0.9,0.2,test_10,9,4,946,5.805051053706172,True,right/down,0.19941175687452067,300,54200,22.108262699999614,21.875,1.0
cx0.9_mut0.2,0.9,0.2,test_10,9,5,947,5.473261257070154,True,right/down,0.20717848968339878,300,54200,21.930816199994297,21.65625,1.0
cx0.9_mut0.2,0.9,0.2,test_10,9,6,948,5.437263235554671,True,right/down,0.1918723926164023,300,54200,18.203839100009645,17.890625,1.0
cx0.9_mut0.2,0.9,0.2,test_10,9,7,949,5.560831370888525,True,right/down,0.20278196550224692,300,54200,20.815396400008467,20.671875,1.0
cx0.9_mut0.2,0.9,0.2,test_10,9,8,950,5.219484328956343,True,right/down,0.23286481062919456,300,54200,21.23556989998906,21.09375,1.0
cx0.9_mut0.2,0.9,0.2,test_10,9,9,951,5.4900579958001545,True,right/down,0.2455210102370366,300,54200,20.67077959999733,20.28125,1.0
cx0.9_mut0.2,0.9,0.2,test_10,9,10,952,5.61545110357096,True,right/down,0.22729319461259367,300,54200,18.678795200001332,18.53125,1.0
cx0.9_mut0.2,0.9,0.2,test_10,9,11,953,5.365127281384684,True,right/down,0.1984199732313226,300,54200,26.0357595999958,25.5625,1.0
cx0.9_mut0.2,0.9,0.2,test_10,9,12,954,5.235878474729212,True,right/down,0.2270277638350856,300,54200,22.376734099991154,22.09375,1.0
cx0.9_mut0.2,0.9,0.2,test_10,9,13,955,5.258701844552894,True,right/down,0.23066104481195726,300,54200,19.468779199989513,19.25,1.0
cx0.9_mut0.2,0.9,0.2,test_10,9,14,956,5.518161495946211,True,right/down,0.20167494911429715,300,54200,19.196378900000127,18.8125,1.0
cx0.9_mut0.2,0.9,0.2,test_10,9,15,957,5.279369742617953,True,right/down,0.22220937375075653,300,54200,20.176351500005694,19.609375,1.0
cx0.9_mut0.2,0.9,0.2,test_10,9,16,958,5.2822833112215175,True,right/down,0.2350401194968375,300,54200,21.785045399999944,21.546875,1.0
cx0.9_mut0.2,0.9,0.2,test_10,9,17,959,5.4527612046493505,True,right/down,0.21675006811786451,300,54200,18.894864500005497,18.75,1.0
cx0.9_mut0.2,0.9,0.2,test_10,9,18,960,5.502924933482707,True,right/down,0.1969708502534031,300,54200,18.836636699998053,18.765625,1.0
cx0.9_mut0.2,0.9,0.2,test_10,9,19,961,5.422443575507778,True,right/down,0.18798306717018728,300,54200,19.8670482999878,19.71875,1.0
cx0.9_mut0.3,0.9,0.3,test_1,0,0,42,5.355416373270192,True,right/down,0.2500482726012456,300,54200,15.85429099999601,15.546875,1.0
cx0.9_mut0.3,0.9,0.3,test_1,0,1,43,5.057753522799732,True,right/down,0.2103265309167067,300,54200,16.5737444999977,16.34375,1.0
cx0.9_mut0.3,0.9,0.3,test_1,0,2,44,5.341292638405369,True,right/down,0.20931185425905885,300,54200,16.633157399992342,16.359375,1.0
cx0.9_mut0.3,0.9,0.3,test_1,0,3,45,5.506686591415521,True,right/down,0.21152613674107365,300,54200,13.384275199990952,13.171875,1.0
cx0.9_mut0.3,0.9,0.3,test_1,0,4,46,5.106674373155267,True,right/down,0.23742132502599858,300,54200,16.071363399998518,15.796875,1.0
cx0.9_mut0.3,0.9,0.3,test_1,0,5,47,5.481185048152492,True,right/down,0.24679089559847678,300,54200,13.951002200003131,13.65625,1.0
cx0.9_mut0.3,0.9,0.3,test_1,0,6,48,5.557031206407178,True,right/down,0.21420446315453753,300,54200,14.39019879999978,14.234375,1.0
cx0.9_mut0.3,0.9,0.3,test_1,0,7,49,5.422218192001042,True,right/down,0.20210721469248535,300,54200,17.424467299992102,17.1875,1.0
cx0.9_mut0.3,0.9,0.3,test_1,0,8,50,5.275076250361328,True,right/down,0.24223449683849893,300,54200,15.502329299997655,15.375,1.0
cx0.9_mut0.3,0.9,0.3,test_1,0,9,51,5.50679724807849,True,right/down,0.23051019695972552,300,54200,15.098384400000214,15.03125,1.0
cx0.9_mut0.3,0.9,0.3,test_1,0,10,52,5.16957630621396,True,right/down,0.2345449147448851,300,54200,16.18875490000937,16.109375,1.0
cx0.9_mut0.3,0.9,0.3,test_1,0,11,53,5.38805311085958,True,right/down,0.23002270264268962,300,54200,15.108879499995965,14.984375,1.0
cx0.9_mut0.3,0.9,0.3,test_1,0,12,54,5.239756349712792,True,right/down,0.23571416272286533,300,54200,14.78459149999253,14.71875,1.0
cx0.9_mut0.3,0.9,0.3,test_1,0,13,55,5.427017265372843,True,right/down,0.2382650399590165,300,54200,14.606550099997548,14.5625,1.0
cx0.9_mut0.3,0.9,0.3,test_1,0,14,56,5.168494325518555,True,right/down,0.24426902756199378,300,54200,14.675468200002797,14.515625,1.0
cx0.9_mut0.3,0.9,0.3,test_1,0,15,57,5.102499914650864,True,right/down,0.19451819497023146,300,54200,14.92734529999143,14.640625,1.0
cx0.9_mut0.3,0.9,0.3,test_1,0,16,58,5.987951663987006,True,right/down,0.21492507029949795,300,54200,14.760476600000402,14.421875,1.0
cx0.9_mut0.3,0.9,0.3,test_1,0,17,59,5.170744592586885,True,right/down,0.2465800574077147,300,54200,15.567579800001113,15.296875,1.0
cx0.9_mut0.3,0.9,0.3,test_1,0,18,60,5.326251264064707,True,right/down,0.21013781588175628,300,54200,14.83881630000542,14.53125,1.0
cx0.9_mut0.3,0.9,0.3,test_1,0,19,61,5.252161923671226,True,right/down,0.22035791324557094,300,54200,16.878790899994783,16.78125,1.0
cx0.9_mut0.3,0.9,0.3,test_2,1,0,142,5.275312919762121,True,right/down,0.20953003681750265,300,54200,17.175322299997788,17.09375,1.0
cx0.9_mut0.3,0.9,0.3,test_2,1,1,143,5.195952374128247,True,right/down,0.20099589678936294,300,54200,13.938477100004093,13.71875,1.0
cx0.9_mut0.3,0.9,0.3,test_2,1,2,144,5.369290207859022,True,right/down,0.2508683082998992,300,54200,15.152882900001714,14.921875,1.0
cx0.9_mut0.3,0.9,0.3,test_2,1,3,145,5.401594698627432,True,right/down,0.23792785434725364,300,54200,15.580866200005403,15.453125,1.0
cx0.9_mut0.3,0.9,0.3,test_2,1,4,146,5.112670916724536,True,right/down,0.2386110730381773,300,54200,16.19949889999407,16.125,1.0
cx0.9_mut0.3,0.9,0.3,test_2,1,5,147,5.229023636092139,True,right/down,0.21999412828609394,300,54200,14.273435399998561,14.0625,1.0
cx0.9_mut0.3,0.9,0.3,test_2,1,6,148,5.347415929445254,True,right/down,0.19311991586462968,300,54200,15.729864799999632,15.515625,1.0
cx0.9_mut0.3,0.9,0.3,test_2,1,7,149,5.197901240471144,True,right/down,0.19807527114892542,300,54200,15.730680000007851,15.5625,1.0
cx0.9_mut0.3,0.9,0.3,test_2,1,8,150,5.183095091075275,True,right/down,0.2205368861158445,300,54200,16.498505199997453,16.171875,1.0
cx0.9_mut0.3,0.9,0.3,test_2,1,9,151,5.341789201272906,True,right/down,0.22682130781437757,300,54200,15.003747999988263,14.703125,1.0
cx0.9_mut0.3,0.9,0.3,test_2,1,10,152,5.43918243145798,True,right/down,0.21650810262128128,300,54200,15.394118699987303,15.21875,1.0
cx0.9_mut0.3,0.9,0.3,test_2,1,11,153,5.176090252753099,True,right/down,0.2130202371761334,300,54200,17.52983869999298,17.296875,1.0
cx0.9_mut0.3,0.9,0.3,test_2,1,12,154,5.200501566293682,True,right/down,0.1971328208625113,300,54200,15.859699599997839,15.609375,1.0
cx0.9_mut0.3,0.9,0.3,test_2,1,13,155,5.137358127102313,True,right/down,0.23127801115303026,300,54200,14.72048370000266,14.484375,1.0
cx0.9_mut0.3,0.9,0.3,test_2,1,14,156,5.231907567347152,True,right/down,0.19785273658099198,300,54200,14.820680399992852,14.734375,1.0
cx0.9_mut0.3,0.9,0.3,test_2,1,15,157,5.092049749160456,True,right/down,0.2137938726895822,300,54200,14.95460820000153,14.84375,1.0
cx0.9_mut0.3,0.9,0.3,test_2,1,16,158,5.313013664803682,True,right/down,0.21744712180318249,300,54200,15.537084099996719,15.453125,1.0
cx0.9_mut0.3,0.9,0.3,test_2,1,17,159,5.874477471085905,True,right/down,0.19617669140536093,300,54200,17.507089500009897,17.296875,1.0
cx0.9_mut0.3,0.9,0.3,test_2,1,18,160,5.2317149510473655,True,right/down,0.20732058813226517,300,54200,15.880014599999413,15.5625,1.0
cx0.9_mut0.3,0.9,0.3,test_2,1,19,161,5.307872272051688,True,right/down,0.19720431271236727,300,54200,15.198477899990394,14.96875,1.0
cx0.9_mut0.3,0.9,0.3,test_3,2,0,242,4.989948724956774,True,right/down,0.22229948937799424,300,54200,17.113819500009413,16.96875,1.0
cx0.9_mut0.3,0.9,0.3,test_3,2,1,243,5.300562578848728,True,right/down,0.21262993611298164,300,54200,15.127518499997677,15.0,1.0
cx0.9_mut0.3,0.9,0.3,test_3,2,2,244,5.061395934450076,True,right/down,0.2393676757003888,300,54200,15.923475100003998,15.8125,1.0
cx0.9_mut0.3,0.9,0.3,test_3,2,3,245,4.964684936993674,True,right/down,0.23511234554033514,300,54200,15.92249389999779,15.5625,1.0
cx0.9_mut0.3,0.9,0.3,test_3,2,4,246,5.2044140779213155,True,right/down,0.24992488112869155,300,54200,16.349117600009777,16.03125,1.0
cx0.9_mut0.3,0.9,0.3,test_3,2,5,247,5.015027679944405,True,right/down,0.2416318987520171,300,54200,16.74622780000209,16.421875,1.0
cx0.9_mut0.3,0.9,0.3,test_3,2,6,248,5.147867428128304,True,right/down,0.21636945791409626,300,54200,15.116724400009844,14.875,1.0
cx0.9_mut0.3,0.9,0.3,test_3,2,7,249,5.001646148270672,True,right/down,0.21639820076094374,300,54200,16.45796230000269,16.421875,1.0
cx0.9_mut0.3,0.9,0.3,test_3,2,8,250,5.1116571440544165,True,right/down,0.2494092224352168,300,54200,17.569908799996483,17.421875,1.0
cx0.9_mut0.3,0.9,0.3,test_3,2,9,251,5.044816516171382,True,right/down,0.2263384222665397,300,54200,17.418672599989804,17.3125,1.0
cx0.9_mut0.3,0.9,0.3,test_3,2,10,252,5.004829725597164,True,right/down,0.2197436128104241,300,54200,16.805034799996065,16.578125,1.0
cx0.9_mut0.3,0.9,0.3,test_3,2,11,253,4.997464581387825,True,right/down,0.2434789217105492,300,54200,17.25878720000037,17.0625,1.0
cx0.9_mut0.3,0.9,0.3,test_3,2,12,254,5.1871609595857295,True,right/down,0.24946690364795784,300,54200,13.682723800011445,13.40625,1.0
cx0.9_mut0.3,0.9,0.3,test_3,2,13,255,5.236833385135711,True,right/down,0.2615895228168781,300,54200,18.12367980000272,17.90625,1.0
cx0.9_mut0.3,0.9,0.3,test_3,2,14,256,5.0616831809957645,True,right/down,0.2529434763476506,300,54200,13.487341100000776,13.40625,1.0
cx0.9_mut0.3,0.9,0.3,test_3,2,15,257,5.1018834310253816,True,right/down,0.24948049271358794,300,54200,16.312361600008444,16.203125,1.0
cx0.9_mut0.3,0.9,0.3,test_3,2,16,258,5.600879546546127,True,right/down,0.23872826298628447,300,54200,15.330796000009286,15.1875,1.0
cx0.9_mut0.3,0.9,0.3,test_3,2,17,259,4.994336363001384,True,right/down,0.22247191183198417,300,54200,14.733983799989801,14.46875,1.0
cx0.9_mut0.3,0.9,0.3,test_3,2,18,260,4.966477469635988,True,right/down,0.22612876349862632,300,54200,15.107069499994395,14.78125,1.0
cx0.9_mut0.3,0.9,0.3,test_3,2,19,261,4.951580769447174,True,right/down,0.22563721689122598,300,54200,15.588930100013386,15.375,1.0
cx0.9_mut0.3,0.9,0.3,test_4,3,0,342,5.222520819616471,True,right/down,0.21900693238713523,300,54200,15.399082799995085,15.0625,1.0
cx0.9_mut0.3,0.9,0.3,test_4,3,1,343,5.2589469165108955,True,right/down,0.25731038148384017,300,54200,16.33484630000021,16.09375,1.0
cx0.9_mut0.3,0.9,0.3,test_4,3,2,344,5.217738431731377,True,right/down,0.20730156838916053,300,54200,15.342854100003024,15.078125,1.0
cx0.9_mut0.3,0.9,0.3,test_4,3,3,345,5.311794933389931,True,right/down,0.23092520770471514,300,54200,15.42554559999553,15.234375,1.0
cx0.9_mut0.3,0.9,0.3,test_4,3,4,346,5.083667285183097,True,right/down,0.20830095845976473,300,54200,15.996358400007011,15.78125,1.0
cx0.9_mut0.3,0.9,0.3,test_4,3,5,347,5.417512359228432,True,right/down,0.24974194721958962,300,54200,15.592815199997858,15.40625,1.0
cx0.9_mut0.3,0.9,0.3,test_4,3,6,348,5.0987301176536075,True,right/down,0.22293353632481258,300,54200,14.732722399989143,14.625,1.0
cx0.9_mut0.3,0.9,0.3,test_4,3,7,349,5.357874089337819,True,right/down,0.22200636251189515,300,54200,14.642403200006811,14.578125,1.0
cx0.9_mut0.3,0.9,0.3,test_4,3,8,350,5.2975000932873595,True,right/down,0.20928945084215778,300,54200,16.39687640000193,16.28125,1.0
cx0.9_mut0.3,0.9,0.3,test_4,3,9,351,5.244395356394774,True,right/down,0.25037106681389093,300,54200,14.786122800011071,14.609375,1.0
cx0.9_mut0.3,0.9,0.3,test_4,3,10,352,4.960521417026642,True,right/down,0.23141380259939104,300,54200,13.89339499999187,13.765625,1.0
cx0.9_mut0.3,0.9,0.3,test_4,3,11,353,5.000365147920553,True,right/down,0.2310499000947648,300,54200,14.1957631999976,14.140625,1.0
cx0.9_mut0.3,0.9,0.3,test_4,3,12,354,5.1639622287874145,True,right/down,0.22008538604454236,300,54200,14.931381099988357,14.734375,1.0
cx0.9_mut0.3,0.9,0.3,test_4,3,13,355,5.560933466565121,True,right/down,0.24492823884811,300,54200,16.64435629999207,16.359375,1.0
cx0.9_mut0.3,0.9,0.3,test_4,3,14,356,5.19779519302131,True,right/down,0.22325849737745443,300,54200,17.30718830000842,16.796875,1.0
cx0.9_mut0.3,0.9,0.3,test_4,3,15,357,5.431527893175337,True,right/down,0.23935477219658022,300,54200,17.88674390000233,17.546875,1.0
cx0.9_mut0.3,0.9,0.3,test_4,3,16,358,5.253901876302706,True,right/down,0.2491010458980628,300,54200,14.693448099991656,14.59375,1.0
cx0.9_mut0.3,0.9,0.3,test_4,3,17,359,5.064245232823998,True,right/down,0.24334018995391338,300,54200,16.915945799992187,16.578125,1.0
cx0.9_mut0.3,0.9,0.3,test_4,3,18,360,5.111420315715443,True,right/down,0.2412414993153505,300,54200,15.935439000008046,15.59375,1.0
cx0.9_mut0.3,0.9,0.3,test_4,3,19,361,5.398799614722642,True,right/down,0.22667649314165483,300,54200,15.97913440001139,15.6875,1.0
cx0.9_mut0.3,0.9,0.3,test_5,4,0,442,5.149152169556331,True,right/down,0.2006025852212658,300,54200,16.88834560000396,16.609375,1.0
cx0.9_mut0.3,0.9,0.3,test_5,4,1,443,5.276975495478419,True,right/down,0.19788740313778916,300,54200,17.60198639999726,17.53125,1.0
cx0.9_mut0.3,0.9,0.3,test_5,4,2,444,5.316500493702974,True,right/down,0.19080909264310184,300,54200,18.901134599989746,18.78125,1.0
cx0.9_mut0.3,0.9,0.3,test_5,4,3,445,5.22005152226226,True,right/down,0.22469171342575744,300,54200,18.09088060000795,17.921875,1.0
cx0.9_mut0.3,0.9,0.3,test_5,4,4,446,5.38038468739942,True,right/down,0.22908109908313218,300,54200,18.846542499988573,18.65625,1.0
cx0.9_mut0.3,0.9,0.3,test_5,4,5,447,5.217567982029726,True,right/down,0.2395776380769131,300,54200,17.327564300008817,16.96875,1.0
cx0.9_mut0.3,0.9,0.3,test_5,4,6,448,5.231182149501426,True,right/down,0.2099596444770429,300,54200,15.449549599987222,15.03125,1.0
cx0.9_mut0.3,0.9,0.3,test_5,4,7,449,5.317803264442869,True,right/down,0.21640167327469445,300,54200,15.54873179999413,15.140625,1.0
cx0.9_mut0.3,0.9,0.3,test_5,4,8,450,5.300237352885704,True,right/down,0.20501799732443168,300,54200,13.474148799999966,13.09375,1.0
cx0.9_mut0.3,0.9,0.3,test_5,4,9,451,5.408340529100974,True,right/down,0.24742064116890417,300,54200,17.027909600001294,16.0,1.0
cx0.9_mut0.3,0.9,0.3,test_5,4,10,452,5.697335209232234,True,right/down,0.21315371031837235,300,54200,16.88942269999825,16.703125,1.0
cx0.9_mut0.3,0.9,0.3,test_5,4,11,453,5.1770277298341725,True,right/down,0.2421598614026872,300,54200,17.89512349999859,17.625,1.0
cx0.9_mut0.3,0.9,0.3,test_5,4,12,454,5.354978410122879,True,right/down,0.21716090316661002,300,54200,15.193030499998713,15.015625,1.0
cx0.9_mut0.3,0.9,0.3,test_5,4,13,455,5.2555190236351805,True,right/down,0.21478299901303544,300,54200,17.85950769999181,17.75,1.0
cx0.9_mut0.3,0.9,0.3,test_5,4,14,456,5.691881493243602,True,right/down,0.20488128107356096,300,54200,20.79673059999186,20.75,1.0
cx0.9_mut0.3,0.9,0.3,test_5,4,15,457,5.327976422277555,True,right/down,0.22823849914318078,300,54200,17.791035100002773,17.5,1.0
cx0.9_mut0.3,0.9,0.3,test_5,4,16,458,5.303284715096105,True,right/down,0.18840522349764197,300,54200,15.911694400012493,15.75,1.0
cx0.9_mut0.3,0.9,0.3,test_5,4,17,459,5.1029903043156555,True,right/down,0.2331813456440702,300,54200,17.868742799997563,17.015625,1.0
cx0.9_mut0.3,0.9,0.3,test_5,4,18,460,5.542594065876579,True,right/down,0.20464199019487156,300,54200,14.580091299998458,14.28125,1.0
cx0.9_mut0.3,0.9,0.3,test_5,4,19,461,5.263725391319845,True,right/down,0.21817987764408756,300,54200,13.947370499998215,13.578125,1.0
cx0.9_mut0.3,0.9,0.3,test_6,5,0,542,5.3622981275946575,True,right/down,0.20802810341512243,300,54200,16.22710729998653,15.953125,1.0
cx0.9_mut0.3,0.9,0.3,test_6,5,1,543,5.588310867395226,True,right/down,0.24011425520035407,300,54200,17.191735700005665,16.90625,1.0
cx0.9_mut0.3,0.9,0.3,test_6,5,2,544,5.363743306124469,True,right/down,0.18280632580719716,300,54200,17.56165780000447,17.40625,1.0
cx0.9_mut0.3,0.9,0.3,test_6,5,3,545,5.5034698680934415,True,right/down,0.21855361813042923,300,54200,15.522742600005586,15.4375,1.0
cx0.9_mut0.3,0.9,0.3,test_6,5,4,546,5.610058408099251,True,right/down,0.23391588749496428,300,54200,16.08074900000065,16.0,1.0
cx0.9_mut0.3,0.9,0.3,test_6,5,5,547,5.403016562325946,True,right/down,0.24062338506387596,300,54200,17.65763469999365,17.484375,1.0
cx0.9_mut0.3,0.9,0.3,test_6,5,6,548,5.3874287824698746,True,right/down,0.21857420369401473,300,54200,16.961623200011672,16.796875,1.0
cx0.9_mut0.3,0.9,0.3,test_6,5,7,549,5.412401015041043,True,right/down,0.223170021409872,300,54200,17.615342100005364,17.234375,1.0
cx0.9_mut0.3,0.9,0.3,test_6,5,8,550,5.441926409285928,True,right/down,0.20481635047710914,300,54200,16.785005800004,16.671875,1.0
cx0.9_mut0.3,0.9,0.3,test_6,5,9,551,5.507252778038714,True,right/down,0.2315052121956773,300,54200,16.634428899997147,16.328125,1.0
cx0.9_mut0.3,0.9,0.3,test_6,5,10,552,5.467470769829852,True,right/down,0.23717139302234505,300,54200,15.4631315000006,15.3125,1.0
cx0.9_mut0.3,0.9,0.3,test_6,5,11,553,5.217344522381539,True,right/down,0.21586371487527478,300,54200,16.98583580000559,16.484375,1.0
cx0.9_mut0.3,0.9,0.3,test_6,5,12,554,5.454180488205375,True,right/down,0.2416527000178362,300,54200,17.190597299995716,16.9375,1.0
cx0.9_mut0.3,0.9,0.3,test_6,5,13,555,5.27630788022331,True,right/down,0.19775209739760352,300,54200,16.370208399996045,15.921875,1.0
cx0.9_mut0.3,0.9,0.3,test_6,5,14,556,5.377704938436559,True,right/down,0.2255160337240476,300,54200,17.40670370000589,17.125,1.0
cx0.9_mut0.3,0.9,0.3,test_6,5,15,557,5.608553931607354,True,right/down,0.20670012442948554,300,54200,20.00961959999404,19.859375,1.0
cx0.9_mut0.3,0.9,0.3,test_6,5,16,558,5.352871752373621,True,right/down,0.23114342790994394,300,54200,15.627966199986986,15.53125,1.0
cx0.9_mut0.3,0.9,0.3,test_6,5,17,559,5.3887054903017235,True,right/down,0.2216067480863128,300,54200,17.181092300001183,17.109375,1.0
cx0.9_mut0.3,0.9,0.3,test_6,5,18,560,5.330526955414402,True,right/down,0.2369599027314761,300,54200,17.764659799999208,17.515625,1.0
cx0.9_mut0.3,0.9,0.3,test_6,5,19,561,5.289474264064677,True,right/down,0.21748071036190672,300,54200,18.1775120000093,18.140625,1.0
cx0.9_mut0.3,0.9,0.3,test_7,6,0,642,4.941119241481465,True,right/down,0.23553652465234168,300,54200,16.916015399998287,16.6875,1.0
cx0.9_mut0.3,0.9,0.3,test_7,6,1,643,5.126914693779833,True,right/down,0.22661841783207262,300,54200,15.975067999999737,15.78125,1.0
cx0.9_mut0.3,0.9,0.3,test_7,6,2,644,4.918487327646022,True,right/down,0.22826517997834084,300,54200,17.56623490000493,17.25,1.0
cx0.9_mut0.3,0.9,0.3,test_7,6,3,645,5.273839839589467,True,right/down,0.2295242112871954,300,54200,18.46553319999657,18.3125,1.0
cx0.9_mut0.3,0.9,0.3,test_7,6,4,646,5.055638802245166,True,right/down,0.2520677485890727,300,54200,16.09159000001091,15.84375,1.0
cx0.9_mut0.3,0.9,0.3,test_7,6,5,647,5.067738032298651,True,right/down,0.2504458653899264,300,54200,15.96310030001041,15.671875,1.0
cx0.9_mut0.3,0.9,0.3,test_7,6,6,648,4.972487468888672,True,right/down,0.2382038304410275,300,54200,16.302511000001687,16.140625,1.0
cx0.9_mut0.3,0.9,0.3,test_7,6,7,649,5.409858897284248,True,right/down,0.21417516195561603,300,54200,17.215801699989242,16.90625,1.0
cx0.9_mut0.3,0.9,0.3,test_7,6,8,650,5.057886001495228,True,right/down,0.20757565621911359,300,54200,16.309202099990216,16.15625,1.0
cx0.9_mut0.3,0.9,0.3,test_7,6,9,651,5.070580506283598,True,right/down,0.22307226349909456,300,54200,18.08923969999887,17.515625,1.0
cx0.9_mut0.3,0.9,0.3,test_7,6,10,652,5.124309969993726,True,right/down,0.2015941539128157,300,54200,15.897195300000021,15.765625,1.0
cx0.9_mut0.3,0.9,0.3,test_7,6,11,653,5.215303915713709,True,right/down,0.23583540113251367,300,54200,14.721352799999295,14.65625,1.0
cx0.9_mut0.3,0.9,0.3,test_7,6,12,654,5.43627648053345,True,right/down,0.2242640194387224,300,54200,17.32500730000902,17.15625,1.0
cx0.9_mut0.3,0.9,0.3,test_7,6,13,655,5.547525669274919,True,right/down,0.2448087608487355,300,54200,16.206896799994865,16.140625,1.0
cx0.9_mut0.3,0.9,0.3,test_7,6,14,656,5.552104967761512,True,right/down,0.2194145333968055,300,54200,17.166628100007074,16.90625,1.0
cx0.9_mut0.3,0.9,0.3,test_7,6,15,657,5.020302654824637,True,right/down,0.24445974086981634,300,54200,16.67712509998819,16.640625,1.0
cx0.9_mut0.3,0.9,0.3,test_7,6,16,658,4.865047055322906,True,right/down,0.2392108702908067,300,54200,16.9597797000024,16.375,1.0
cx0.9_mut0.3,0.9,0.3,test_7,6,17,659,5.582623941691785,True,right/down,0.22045140249945708,300,54200,15.637393700002576,15.546875,1.0
cx0.9_mut0.3,0.9,0.3,test_7,6,18,660,5.084473774793496,True,right/down,0.24711521233405204,300,54200,18.00029589999758,17.71875,1.0
cx0.9_mut0.3,0.9,0.3,test_7,6,19,661,5.162885739672303,True,right/down,0.20795804962436093,300,54200,18.904592399994726,18.5,1.0
cx0.9_mut0.3,0.9,0.3,test_8,7,0,742,5.185546887172574,True,right/down,0.2418537394176024,300,54200,16.736921499992604,16.28125,1.0
cx0.9_mut0.3,0.9,0.3,test_8,7,1,743,5.11501400595236,True,right/down,0.2274804739154261,300,54200,17.715884299992467,17.546875,1.0
cx0.9_mut0.3,0.9,0.3,test_8,7,2,744,5.0142960468648115,True,right/down,0.21903383682028169,300,54200,16.897162299996126,16.78125,1.0
cx0.9_mut0.3,0.9,0.3,test_8,7,3,745,5.538797353464302,True,right/down,0.22196129920433058,300,54200,15.564374100009445,15.28125,1.0
cx0.9_mut0.3,0.9,0.3,test_8,7,4,746,4.895363906594673,True,right/down,0.24082363663008566,300,54200,15.466899799997918,15.375,1.0
cx0.9_mut0.3,0.9,0.3,test_8,7,5,747,5.177288962330934,True,right/down,0.26016475817958457,300,54200,18.059282600006554,17.78125,1.0
cx0.9_mut0.3,0.9,0.3,test_8,7,6,748,5.305251381491541,True,right/down,0.19562625052225338,300,54200,16.763789399992675,16.75,1.0
cx0.9_mut0.3,0.9,0.3,test_8,7,7,749,4.946042128421706,True,right/down,0.25792966762810804,300,54200,14.449507900004392,14.28125,1.0
cx0.9_mut0.3,0.9,0.3,test_8,7,8,750,5.4397698927545255,True,right/down,0.22906398898396196,300,54200,16.331588599990937,16.171875,1.0
cx0.9_mut0.3,0.9,0.3,test_8,7,9,751,5.3132940010398,True,right/down,0.23626326438846132,300,54200,15.968041100000846,15.953125,1.0
cx0.9_mut0.3,0.9,0.3,test_8,7,10,752,5.08549677329475,True,right/down,0.23436599184480902,300,54200,16.505025999998907,16.5,1.0
cx0.9_mut0.3,0.9,0.3,test_8,7,11,753,5.435472797258546,True,right/down,0.23139148102155038,300,54200,15.439382999989903,15.125,1.0
cx0.9_mut0.3,0.9,0.3,test_8,7,12,754,4.963612870361915,True,right/down,0.22194305855900956,300,54200,15.963885799996206,15.703125,1.0
cx0.9_mut0.3,0.9,0.3,test_8,7,13,755,5.186766954613729,True,right/down,0.24084589711971938,300,54200,15.478530799999135,15.21875,1.0
cx0.9_mut0.3,0.9,0.3,test_8,7,14,756,4.837581490247349,True,right/down,0.24537580711046234,300,54200,17.776457500003744,17.140625,1.0
cx0.9_mut0.3,0.9,0.3,test_8,7,15,757,5.162470046810739,True,right/down,0.18637127371182288,300,54200,18.07058899999538,17.9375,1.0
cx0.9_mut0.3,0.9,0.3,test_8,7,16,758,5.042947712495041,True,right/down,0.21399832695424248,300,54200,17.227300200000172,17.171875,1.0
cx0.9_mut0.3,0.9,0.3,test_8,7,17,759,5.096137068039232,True,right/down,0.22070427290772907,300,54200,18.08346690000326,17.875,1.0
cx0.9_mut0.3,0.9,0.3,test_8,7,18,760,4.902632876919519,True,right/down,0.22740069663797896,300,54200,14.74495300000126,14.65625,1.0
cx0.9_mut0.3,0.9,0.3,test_8,7,19,761,5.068710813835135,True,right/down,0.2509562162204915,300,54200,18.75334660000226,18.65625,1.0
cx0.9_mut0.3,0.9,0.3,test_9,8,0,842,5.293364559584589,True,right/down,0.23450984251750184,300,54200,17.312643199999002,17.203125,1.0
cx0.9_mut0.3,0.9,0.3,test_9,8,1,843,5.329547386436332,True,right/down,0.24887842781861752,300,54200,17.823198300000513,17.484375,1.0
cx0.9_mut0.3,0.9,0.3,test_9,8,2,844,5.444223967526709,True,right/down,0.19757783039327673,300,54200,17.47583989999839,17.296875,1.0
cx0.9_mut0.3,0.9,0.3,test_9,8,3,845,5.351567712728335,True,right/down,0.23298508997517384,300,54200,15.64314070000546,15.515625,1.0
cx0.9_mut0.3,0.9,0.3,test_9,8,4,846,5.4470435916631175,True,right/down,0.2490638793585294,300,54200,14.066732999999658,13.9375,1.0
cx0.9_mut0.3,0.9,0.3,test_9,8,5,847,5.288473699498066,True,right/down,0.2306525108327018,300,54200,15.213348400007817,15.015625,1.0
cx0.9_mut0.3,0.9,0.3,test_9,8,6,848,5.446683491001703,True,right/down,0.21056473918472116,300,54200,13.964250899996841,13.53125,1.0
cx0.9_mut0.3,0.9,0.3,test_9,8,7,849,5.364894652773678,True,right/down,0.22405326113869214,300,54200,16.492832699994324,16.3125,1.0
cx0.9_mut0.3,0.9,0.3,test_9,8,8,850,5.182374337376084,True,right/down,0.1974944365866435,300,54200,20.348617199997534,20.03125,1.0
cx0.9_mut0.3,0.9,0.3,test_9,8,9,851,5.140389341204784,True,right/down,0.25265445731019204,300,54200,17.408493900002213,17.25,1.0
cx0.9_mut0.3,0.9,0.3,test_9,8,10,852,5.567005589302486,True,right/down,0.19470813101161866,300,54200,16.337777499997173,16.203125,1.0
cx0.9_mut0.3,0.9,0.3,test_9,8,11,853,5.273174367578627,True,right/down,0.2238061619292391,300,54200,18.403555900003994,18.21875,1.0
cx0.9_mut0.3,0.9,0.3,test_9,8,12,854,5.579377576196461,True,right/down,0.23496639146108875,300,54200,15.64352979999967,15.5625,1.0
cx0.9_mut0.3,0.9,0.3,test_9,8,13,855,5.202201700704444,True,right/down,0.24547977004775162,300,54200,17.58127219999733,17.53125,1.0
cx0.9_mut0.3,0.9,0.3,test_9,8,14,856,5.431287736013356,True,right/down,0.20645966371844618,300,54200,16.320053200004622,16.1875,1.0
cx0.9_mut0.3,0.9,0.3,test_9,8,15,857,5.212804378443172,True,right/down,0.21581785628832556,300,54200,16.52815169999667,16.390625,1.0
cx0.9_mut0.3,0.9,0.3,test_9,8,16,858,5.618909652333631,True,right/down,0.23655668625529744,300,54200,16.351647900009993,16.234375,1.0
cx0.9_mut0.3,0.9,0.3,test_9,8,17,859,5.4864472190625735,True,right/down,0.1938642022844162,300,54200,16.29248020000523,16.09375,1.0
cx0.9_mut0.3,0.9,0.3,test_9,8,18,860,5.2623521031041065,True,right/down,0.22663520133818302,300,54200,18.028130799997598,17.75,1.0
cx0.9_mut0.3,0.9,0.3,test_9,8,19,861,5.2433190942466865,True,right/down,0.2245295464376956,300,54200,19.433295299997553,19.0625,1.0
cx0.9_mut0.3,0.9,0.3,test_10,9,0,942,5.509816071435801,True,right/down,0.23850148472623697,300,54200,16.904535300011048,16.640625,1.0
cx0.9_mut0.3,0.9,0.3,test_10,9,1,943,5.482602740582988,True,right/down,0.2300493256981761,300,54200,15.548564400000032,15.234375,1.0
cx0.9_mut0.3,0.9,0.3,test_10,9,2,944,5.319578641731855,True,right/down,0.21037941892210993,300,54200,18.159267199996975,17.96875,1.0
cx0.9_mut0.3,0.9,0.3,test_10,9,3,945,5.4531764930489715,True,right/down,0.2027754744846614,300,54200,18.14616709999973,17.953125,1.0
cx0.9_mut0.3,0.9,0.3,test_10,9,4,946,5.309345162265444,True,right/down,0.2202743608540209,300,54200,16.379277800006093,16.265625,1.0
cx0.9_mut0.3,0.9,0.3,test_10,9,5,947,5.621774388486024,True,right/down,0.2310721806224622,300,54200,17.20681620000687,17.140625,1.0
cx0.9_mut0.3,0.9,0.3,test_10,9,6,948,5.5620835027330084,True,right/down,0.2061189651772465,300,54200,17.214486299999407,16.8125,1.0
cx0.9_mut0.3,0.9,0.3,test_10,9,7,949,5.391007151199258,True,right/down,0.2069949162144242,300,54200,15.926662300000316,15.8125,1.0
cx0.9_mut0.3,0.9,0.3,test_10,9,8,950,5.8309688549975975,True,right/down,0.18859928701194048,300,54200,18.40047500000219,18.15625,1.0
cx0.9_mut0.3,0.9,0.3,test_10,9,9,951,5.3587672000609015,True,right/down,0.23620137172910624,300,54200,16.31494009999733,16.140625,1.0
cx0.9_mut0.3,0.9,0.3,test_10,9,10,952,5.428425500421705,True,right/down,0.2043637827681119,300,54200,18.945504999996047,18.796875,1.0
cx0.9_mut0.3,0.9,0.3,test_10,9,11,953,5.478503335020314,True,right/down,0.2370937044808493,300,54200,15.508467200008454,15.25,1.0
cx0.9_mut0.3,0.9,0.3,test_10,9,12,954,5.311660219533214,True,right/down,0.23296548838493622,300,54200,16.176574999990407,15.96875,1.0
cx0.9_mut0.3,0.9,0.3,test_10,9,13,955,5.436627654681117,True,right/down,0.2211062828253326,300,54200,16.43980449999799,16.25,1.0
cx0.9_mut0.3,0.9,0.3,test_10,9,14,956,5.451599940995363,True,right/down,0.21972769093629102,300,54200,18.209454600000754,17.953125,1.0
cx0.9_mut0.3,0.9,0.3,test_10,9,15,957,5.622736387200451,True,right/down,0.2085359887544427,300,54200,17.5866076000093,17.1875,1.0
cx0.9_mut0.3,0.9,0.3,test_10,9,16,958,5.472376489003859,True,right/down,0.2140956813529983,300,54200,17.952012900001137,17.6875,1.0
cx0.9_mut0.3,0.9,0.3,test_10,9,17,959,5.896810428048347,True,right/down,0.15410682815550197,300,54200,16.252882200002205,16.21875,1.0
cx0.9_mut0.3,0.9,0.3,test_10,9,18,960,5.576262200219383,True,right/down,0.20276580689722618,300,54200,14.977349200009485,14.90625,1.0
cx0.9_mut0.3,0.9,0.3,test_10,9,19,961,5.660480771247493,True,right/down,0.21374606977997135,300,54200,18.46925540000666,18.390625,1.0
