combo,crossover_rate,mutation_rate,instance,instance_index,n_runs,n_feasible,feasible_rate,cycle_time_mean,cycle_time_median,cycle_time_sd,cycle_time_min,cycle_time_max,min_sigma_mean,min_sigma_median,min_sigma_sd,min_sigma_min,min_sigma_max,evaluations_mean,evaluations_median,evaluations_sd,evaluations_min,evaluations_max,execution_time_mean,execution_time_median,execution_time_sd,execution_time_min,execution_time_max,cpu_time_mean,cpu_time_median,cpu_time_sd,cpu_time_min,cpu_time_max
cx0.9_mut0.3,0.9,0.3,test_1,0,20,20,1.0,5.3421319080342515,5.333771951235038,0.21263468923036413,5.057753522799732,5.987951663987006,0.22619081431120142,0.23026644980120758,0.01679024554306424,0.19451819497023146,0.2500482726012456,54200.0,54200.0,0.0,54200.0,54200.0,15.361023329997987,15.10363194999809,1.033893431732717,13.384275199990952,17.424467299992102,15.16328125,15.0078125,1.0360667389813047,13.171875,17.1875
cx0.9_mut0.3,0.9,0.3,test_2,1,20,20,1.0,5.28291071342807,5.231811259197259,0.1690232890270435,5.092049749160456,5.874477471085905,0.21421075868293862,0.21340705493285778,0.016488689290844502,0.19311991586462968,0.2508683082998992,54200.0,54200.0,0.0,54200.0,54200.0,15.634268809998321,15.55897515000106,0.9799875964115445,13.938477100004093,17.52983869999298,15.43984375,15.453125,0.9843459556074398,13.71875,17.296875
cx0.9_mut0.3,0.9,0.3,test_3,2,20,20,1.0,5.097257529104899,5.053106225310729,0.15466769228488267,4.951580769447174,5.600879546546127,0.23495753076221865,0.2369203042633098,0.014533251642663877,0.21262993611298164,0.2615895228168781,54200.0,54200.0,0.0,54200.0,54200.0,16.008831410002312,16.11791835000622,1.2502290545544277,13.487341100000776,18.12367980000272,15.81015625,15.921875,1.262522340132594,13.40625,17.90625
cx0.9_mut0.3,0.9,0.3,test_4,3,20,20,1.0,5.232707639419746,5.233458088005623,0.15457736076786252,4.960521417026642,5.560933466565121,0.2313818618803393,0.23098755389973996,0.015044428829221862,0.20730156838916053,0.25731038148384017,54200.0,54200.0,0.0,54200.0,54200.0,15.65162111499958,15.509180399996694,1.054388486511848,13.89339499999187,17.88674390000233,15.42734375,15.3203125,0.9699069253662205,13.765625,17.546875
cx0.9_mut0.3,0.9,0.3,test_5,4,20,20,1.0,5.326775420565696,5.301761033990904,0.15844670799538627,5.1029903043156555,5.697335209232234,0.21631175894655758,0.21559233614386494,0.016707956984761557,0.18840522349764197,0.24742064116890417,54200.0,54200.0,0.0,54200.0,54200.0,16.894477144998383,17.177736950005055,1.8120630686389214,13.474148799999966,20.79673059999186,16.58515625,16.8359375,1.8821442497237273,13.09375,20.75
cx0.9_mut0.3,0.9,0.3,test_6,5,20,20,1.0,5.417152355865348,5.395861026313835,0.10766879835939104,5.217344522381539,5.610058408099251,0.22169771077224237,0.22238838474809242,0.015850498558104647,0.18280632580719716,0.2416527000178362,54200.0,54200.0,0.0,54200.0,54200.0,17.020767685000465,17.083464050003386,1.0479452682596722,15.4631315000006,20.00961959999404,16.8078125,16.8515625,1.0530625274301768,15.3125,19.859375
cx0.9_mut0.3,0.9,0.3,test_7,6,20,20,1.0,5.174270249028739,5.104391872393611,0.2208899623296977,4.865047055322906,5.582623941691785,0.22952985020959438,0.22889469563276812,0.014838730182648115,0.2015941539128157,0.2520677485890727,54200.0,54200.0,0.0,54200.0,54200.0,16.81952816999983,16.796570249993238,1.0446119221995451,14.721352799999295,18.904592399994726,16.58359375,16.5078125,0.9709662017423608,14.65625,18.5
cx0.9_mut0.3,0.9,0.3,test_8,7,20,20,1.0,5.135624698498158,5.105575536995795,0.19351582685077626,4.837581490247349,5.538797353464302,0.23017769688889556,0.23022773500275617,0.018484282023171858,0.18637127371182288,0.26016475817958457,54200.0,54200.0,0.0,54200.0,54200.0,16.59981951999871,16.620973749995755,1.218247315449145,14.449507900004392,18.75334660000226,16.409375,16.390625,1.2113112220419395,14.28125,18.65625
cx0.9_mut0.3,0.9,0.3,test_9,8,20,20,1.0,5.358272107838947,5.340557549582334,0.1393256289084564,5.140389341204784,5.618909652333631,0.22406290429440562,0.2255823738879393,0.01887929556732041,0.1938642022844162,0.25265445731019204,54200.0,54200.0,0.0,54200.0,54200.0,16.83344963500058,16.510492199995497,1.5912205698950654,13.964250899996841,20.348617199997534,16.640625,16.3515625,1.569130667800352,13.53125,20.03125
cx0.9_mut0.3,0.9,0.3,test_10,9,20,20,1.0,5.5087301566456555,5.475439912012087,0.15932249269849308,5.309345162265444,5.896810428048347,0.21397370548880232,0.2139208755664848,0.019721206663576372,0.15410682815550197,0.23850148472623697,54200.0,54200.0,0.0,54200.0,54200.0,17.035955265002123,17.05567575000896,1.1545567573986797,14.977349200009485,18.945504999996047,16.83671875,16.7265625,1.1448189726142584,14.90625,18.796875
cx0.9_mut0.2,0.9,0.2,test_1,0,20,20,1.0,5.25260122490724,5.225825326913095,0.18559334160349386,4.965941819264515,5.706972038837605,0.2392508031691325,0.2372064564369818,0.015041673331126213,0.21326910320370115,0.2637697643411831,54200.0,54200.0,0.0,54200.0,54200.0,18.77364978500118,18.685315400005493,1.266608721121389,16.43828260000737,21.020516400007182,18.49765625,18.421875,1.2204702244927383,16.09375,20.703125
cx0.9_mut0.2,0.9,0.2,test_2,1,20,20,1.0,5.211090973571377,5.205549672573248,0.10471323598314458,5.050400853234154,5.46746010711426,0.2195342576963079,0.22034692909733006,0.013583986963699987,0.17686727253937232,0.2381299098834861,54200.0,54200.0,0.0,54200.0,54200.0,19.36126118500033,19.24348435000138,1.0633343326856812,17.490405000004102,21.665085999993607,19.10703125,18.96875,1.015229869999472,17.3125,21.359375
cx0.9_mut0.2,0.9,0.2,test_3,2,20,20,1.0,5.0547179822652755,5.048520212975532,0.09644947246089898,4.929144079305976,5.222992110031578,0.24330932988394166,0.24673044568071198,0.01683513864876214,0.2088104470389868,0.26752810613036593,54200.0,54200.0,0.0,54200.0,54200.0,19.0708133050015,18.941461050002545,0.9965634565238052,17.251791399990907,21.20103039999958,18.83515625,18.765625,0.9971494502381262,16.953125,21.03125
cx0.9_mut0.2,0.9,0.2,test_4,3,20,20,1.0,5.140041983527217,5.119376128257248,0.14317037641771724,4.92875677902846,5.485383898310777,0.23307076289662532,0.23554355787504783,0.012622914713081327,0.20089983621410987,0.24853177382207686,54200.0,54200.0,0.0,54200.0,54200.0,19.31177206499924,18.949068299996725,1.8661008908335608,15.396817399989231,23.19512119999854,19.0421875,18.7265625,1.8370270772991515,15.1875,22.921875
cx0.9_mut0.2,0.9,0.2,test_5,4,20,20,1.0,5.314683094993889,5.297622349760416,0.14452671091913424,5.1042496086776765,5.65096536064577,0.2331730524589945,0.24072022021016343,0.02073880534388958,0.18879685217823403,0.2628297523060818,54200.0,54200.0,0.0,54200.0,54200.0,21.27474431000155,21.079592950001825,1.6097310385886467,18.398113899995224,24.282668200001353,20.94609375,20.7265625,1.571074131217636,18.078125,24.03125
cx0.9_mut0.2,0.9,0.2,test_6,5,20,20,1.0,5.347720382002461,5.330149154527012,0.12156177899822299,5.178040543904633,5.5882685036441675,0.225534444966008,0.22452172786279626,0.014695991044115715,0.19371971618164305,0.24886061516686903,54200.0,54200.0,0.0,54200.0,54200.0,20.60806636000052,20.067919950008218,1.8085174328492133,17.582882699993206,23.249253300004057,20.346875,19.7578125,1.7953733714086209,17.46875,23.125
cx0.9_mut0.2,0.9,0.2,test_7,6,20,20,1.0,5.020631094742438,4.99350185934807,0.176437586893609,4.781607169177136,5.61106188482627,0.2300944128126668,0.2319041482810298,0.020114100862029066,0.1751125047763549,0.2583803699187267,54200.0,54200.0,0.0,54200.0,54200.0,20.794885270001394,20.18135500000062,1.6176104561715208,18.140045099993586,24.688850000005914,20.540625,19.9140625,1.6106511611236454,18.0625,24.390625
cx0.9_mut0.2,0.9,0.2,test_8,7,20,20,1.0,5.119659729865389,5.082061662878006,0.21531401743856662,4.780575661908277,5.616186524044387,0.23880150851295676,0.23932154504663108,0.016739950942144616,0.19859970832177742,0.2718480252121312,54200.0,54200.0,0.0,54200.0,54200.0,20.445369530000608,20.357510300003923,1.3456931303088049,17.81603400000313,23.5551611000119,20.20859375,20.1640625,1.3087084469569656,17.734375,23.34375
cx0.9_mut0.2,0.9,0.2,test_9,8,20,20,1.0,5.327461350935451,5.300463479476354,0.1450519724140685,5.1161233620207955,5.5566217203513615,0.2303611475892149,0.23299688158787585,0.013782825336763652,0.20981734163506238,0.2493978771554819,54200.0,54200.0,0.0,54200.0,54200.0,21.12543324499857,21.340054600004805,1.5021552045919373,18.360446599996067,24.53011730000435,20.87734375,21.1953125,1.5409723823021917,18.0,24.25
cx0.9_mut0.2,0.9,0.2,test_10,9,20,20,1.0,5.415772754868941,5.429853405531224,0.1537607571506585,5.219484328956343,5.805051053706172,0.2151744632482453,0.2177312583837732,0.01705352967303254,0.18798306717018728,0.2455210102370366,54200.0,54200.0,0.0,54200.0,54200.0,20.514417679998587,20.169135600008303,2.041244676165124,17.493583799994667,26.0357595999958,20.26015625,19.84375,1.985952899128669,17.375,25.5625
cx0.9_mut0.1,0.9,0.1,test_1,0,20,20,1.0,5.243541741130325,5.20923724837361,0.2348521127328021,4.904310862312336,5.852279814053867,0.22948254865738954,0.23138400319167218,0.016200021200725518,0.19124696835601554,0.2532249013005347,54200.0,54200.0,0.0,54200.0,54200.0,29.424387205001402,29.450771700008772,1.191315663380184,27.34748139999283,31.48961840000993,29.0328125,29.046875,1.1149945697737724,27.046875,31.0625
cx0.9_mut0.1,0.9,0.1,test_2,1,20,20,1.0,5.307280201181195,5.27191225458302,0.18390922227058412,5.025828722081121,5.672571756650259,0.22685535692598005,0.22609119622592067,0.01311434673700931,0.2026442232591595,0.24597035954358287,54200.0,54200.0,0.0,54200.0,54200.0,29.07562073999943,29.147055300003558,1.1050349510293103,27.464884899993194,31.19539029999578,28.68515625,28.6875,1.0901406022569495,26.875,30.640625
cx0.9_mut0.1,0.9,0.1,test_3,2,20,20,1.0,5.0618531605405765,5.047538160940335,0.11594207109265794,4.869995804431808,5.280451345557207,0.24251630959097675,0.2473180410239485,0.013484213091067654,0.20792358920009985,0.26198927400762306,54200.0,54200.0,0.0,54200.0,54200.0,29.590627519999543,29.654997699995874,1.3687202807191472,27.23443419999967,32.694689500000095,29.21953125,29.3359375,1.3631788035515746,26.578125,32.296875
cx0.9_mut0.1,0.9,0.1,test_4,3,20,20,1.0,5.16356811364981,5.168971908915381,0.18239890570321227,4.898413149596058,5.59019658170755,0.23431918389674578,0.2361489006112722,0.014917096492873557,0.19303253401790324,0.2581349080812655,54200.0,54200.0,0.0,54200.0,54200.0,29.929829960000642,29.467284099991957,2.01736937548178,26.824626100002206,35.17220729999826,29.52421875,29.109375,1.9234453829630247,26.734375,34.4375
cx0.9_mut0.1,0.9,0.1,test_5,4,20,20,1.0,5.254304094751136,5.248428095184199,0.13664339793695002,5.0241237802619665,5.470031176756075,0.234575530353572,0.23160318630876758,0.015605257814276293,0.19801350423637026,0.2607446361531552,54200.0,54200.0,0.0,54200.0,54200.0,32.55703751500114,32.81873754999833,1.537941804889515,29.188717299999553,35.9548863999953,31.99140625,31.8359375,1.632742459464794,28.671875,35.796875
cx0.9_mut0.1,0.9,0.1,test_6,5,20,20,1.0,5.45604565848611,5.481329339582559,0.15848116975686777,5.142634478543142,5.67059778690488,0.22733606151279848,0.22954056789693283,0.016332432378303396,0.19371336104488202,0.2493885409610375,54200.0,54200.0,0.0,54200.0,54200.0,31.0150175799994,31.184328099996492,1.3841863850339542,28.050838400013163,33.83224499999778,30.634375,30.6328125,1.304943787859724,27.9375,33.515625
cx0.9_mut0.1,0.9,0.1,test_7,6,20,20,1.0,5.066089239846632,5.044428175473838,0.17909970505268583,4.782353894910325,5.451702490759326,0.2398883524474908,0.2408109618144088,0.015357375274009431,0.20553863566515132,0.27479942352498266,54200.0,54200.0,0.0,54200.0,54200.0,31.800911414997973,32.0991700500017,1.7178359583121434,27.80409019999206,34.51659240000299,31.44296875,31.765625,1.742828313231017,27.375,34.328125
cx0.9_mut0.1,0.9,0.1,test_8,7,20,20,1.0,5.10858959602413,5.039097233315468,0.25046913186161857,4.708023356958648,5.618995741175658,0.2444626815822039,0.24538749385066067,0.013574764138541784,0.21286462491705016,0.2665315464854573,54200.0,54200.0,0.0,54200.0,54200.0,32.12190315999978,32.104628149994824,1.4921212407636708,29.86229319999984,36.3806903000077,31.7234375,31.609375,1.4570070527657752,29.734375,35.859375
cx0.9_mut0.1,0.9,0.1,test_9,8,20,20,1.0,5.311416582195314,5.320478212872163,0.091045130101233,5.146363043218581,5.518133662473641,0.22755068385246488,0.23039187663847377,0.015249253916918497,0.19673858548616902,0.24512180065254469,54200.0,54200.0,0.0,54200.0,54200.0,31.791925349998927,31.589852750003047,1.4236691437869797,29.381691200003843,34.482074500003364,31.4609375,31.2734375,1.3603954881011817,29.1875,34.046875
cx0.9_mut0.1,0.9,0.1,test_10,9,20,20,1.0,5.411614017723063,5.37080017450436,0.15303635329187767,5.207645156693915,5.669073014438963,0.21805638959924378,0.22208927373390358,0.017756021242562994,0.16985216932819278,0.24598021242565363,54200.0,54200.0,0.0,54200.0,54200.0,32.00270810500151,32.23044435000338,1.397584436162448,29.485549499993795,34.299079799995525,31.615625,31.9375,1.4067287196860216,29.046875,33.8125
cx0.9_mut0.05,0.9,0.05,test_1,0,20,20,1.0,5.3993003272496525,5.370380406932258,0.2671629153908921,5.03729520194096,6.168249988024835,0.2301926204716251,0.23547064488198965,0.015798726629962546,0.1964284635999865,0.2533779817096949,54200.0,54200.0,0.0,54200.0,54200.0,35.02629793500237,34.83696359999885,1.8335044224099328,31.953804399992805,39.07759730001271,34.58203125,34.2421875,1.8326976592773625,31.671875,38.734375
cx0.9_mut0.05,0.9,0.05,test_2,1,20,20,1.0,5.332715098242228,5.342401995333831,0.17242992384975026,5.065627876022802,5.674449090728935,0.22771568734911168,0.23041623116817983,0.0168143311065513,0.19752531681155902,0.2588152179102993,54200.0,54200.0,0.0,54200.0,54200.0,34.21347023500057,33.98352634999901,1.6470716341529714,31.716300700005377,37.600144199997885,33.746875,33.6015625,1.5938032111860114,31.4375,37.03125
cx0.9_mut0.05,0.9,0.05,test_3,2,20,20,1.0,5.156306875542045,5.066627012422398,0.21316690969909186,4.878158107189488,5.601551766557443,0.24270306784565374,0.24221372139033828,0.01281011882124144,0.2175411916218203,0.2693228356789672,54200.0,54200.0,0.0,54200.0,54200.0,34.60378848000037,34.607552349996695,1.0990626035951612,33.00177420000546,36.95377860000008,34.184375,34.265625,1.0878199204263157,32.484375,36.390625
cx0.9_mut0.05,0.9,0.05,test_4,3,20,20,1.0,5.275754368363292,5.239836461101269,0.21889412815283957,4.976886680581868,5.65157970023617,0.23331251351193752,0.23385034000105043,0.015989878407355634,0.18186902970278018,0.259133203263807,54200.0,54200.0,0.0,54200.0,54200.0,35.73719592500056,35.01993159999256,2.4289764174944275,32.73253210000985,42.47971500000858,35.17734375,34.5,2.293688349549737,32.265625,41.640625
cx0.9_mut0.05,0.9,0.05,test_5,4,20,20,1.0,5.24821026691428,5.250399073560211,0.11400223385102672,5.086314072971986,5.492135246505121,0.22846137981946463,0.2322935684625635,0.016960788876824603,0.18897711126802524,0.25263791346472525,54200.0,54200.0,0.0,54200.0,54200.0,37.357981594999,37.68115275000309,1.9615783373819733,32.583801700006006,40.39663719999953,36.7515625,37.28125,1.9779241396317901,32.0,40.015625
cx0.9_mut0.05,0.9,0.05,test_6,5,20,20,1.0,5.46091868020264,5.455711980734713,0.1771500158212988,5.192757743486173,5.9110729294749,0.21863323267729112,0.2188554746420106,0.01742363540155796,0.17464776801854434,0.24766612128361276,54200.0,54200.0,0.0,54200.0,54200.0,37.15398511499952,37.19132289999834,1.3859211560843254,34.14926320000086,39.24085639999248,36.665625,36.6953125,1.4111336981819749,33.96875,39.09375
cx0.9_mut0.05,0.9,0.05,test_7,6,20,20,1.0,5.241006880851382,5.190392774077019,0.3163144324971147,4.8580785494990755,6.0165350168336635,0.2382238884329722,0.241662710879386,0.017095000176884617,0.19216575706513928,0.2656789532294966,54200.0,54200.0,0.0,54200.0,54200.0,37.41346086499834,37.51071064999269,2.2190158143657936,33.68333829999028,41.29208150001068,36.96328125,36.9375,2.116998741342809,33.25,40.609375
cx0.9_mut0.05,0.9,0.05,test_8,7,20,20,1.0,5.144167125245525,5.128555744322734,0.16638118675361716,4.9313029323208895,5.45972618145295,0.2431543957936594,0.24447335810114035,0.01778542406847701,0.1970190821689434,0.26754419108538713,54200.0,54200.0,0.0,54200.0,54200.0,38.12447817999782,38.252141299999494,1.9954919058296858,34.02489719999721,43.24075979999907,37.63515625,37.859375,1.8483945389188245,33.734375,42.421875
cx0.9_mut0.05,0.9,0.05,test_9,8,20,20,1.0,5.355525610585367,5.350344720417107,0.18316585939851018,5.096255956324287,5.935242549885922,0.22803113389622873,0.22717291302249407,0.01759438775761856,0.18817265085975798,0.2561722443861346,54200.0,54200.0,0.0,54200.0,54200.0,37.71162182999906,38.032134649998625,2.279466192577307,34.39809480000986,42.586537499999395,37.2359375,37.5703125,2.255013716735327,34.078125,41.796875
cx0.9_mut0.05,0.9,0.05,test_10,9,20,20,1.0,5.44815604337301,5.464314219545347,0.16605774934386364,5.165451636942791,5.705418956635257,0.22201481652194827,0.221734197150222,0.015369141881114054,0.1833790506906039,0.24161191956474612,54200.0,54200.0,0.0,54200.0,54200.0,37.85436700999999,38.17603329999838,2.4281644543623715,30.468915400007972,42.10063980000268,37.4234375,37.890625,2.413389208399073,30.25,41.390625
cx0.9_mut0.01,0.9,0.01,test_1,0,20,20,1.0,5.520376383452192,5.554937351906291,0.18692886573820355,5.202896976794228,5.834675392671579,0.2307016738136202,0.23083542604973703,0.019592647041051937,0.19139943683465088,0.2684747252076349,54200.0,54200.0,0.0,54200.0,54200.0,37.7240173800019,37.89696040000854,1.509213871242472,35.15190630000143,40.643181099992944,37.21875,37.34375,1.5311073376077577,34.65625,39.921875
cx0.9_mut0.01,0.9,0.01,test_2,1,20,20,1.0,5.466847924635768,5.4757989368880935,0.2018966336560494,5.082776721239134,5.842691992514036,0.22311763143454702,0.2240276649574217,0.014124652682498995,0.1933081926780308,0.25556678503819336,54200.0,54200.0,0.0,54200.0,54200.0,37.131637314998805,37.2233430999986,1.7906410828153752,34.2189825999958,41.80103619999136,36.62109375,36.71875,1.7880171762295172,33.859375,41.484375
cx0.9_mut0.01,0.9,0.01,test_3,2,20,20,1.0,5.263064338207714,5.237842819284573,0.19184412636385928,5.075012237519282,5.667836549111351,0.23818590870437722,0.23665837524909522,0.013783347284061335,0.21112522191161243,0.2593977928269197,54200.0,54200.0,0.0,54200.0,54200.0,38.22757722000169,38.19805810000253,2.027039445512192,35.078046000009635,43.55483949999325,37.7703125,37.75,1.9252390861010784,34.828125,42.875
cx0.9_mut0.01,0.9,0.01,test_4,3,20,20,1.0,5.330370031517887,5.2659732674680235,0.22472680925230634,5.059090082054207,5.866537271042739,0.23128268109966205,0.2340632760616866,0.016914397621945566,0.19723076755018126,0.2605723926134061,54200.0,54200.0,0.0,54200.0,54200.0,37.90055078500154,37.61403335000796,2.6615816757484634,34.07585069999914,42.94193090000772,37.37421875,37.0703125,2.5261964000130996,33.609375,42.3125
cx0.9_mut0.01,0.9,0.01,test_5,4,20,20,1.0,5.411451486441505,5.39084349525884,0.21210596146463315,5.095300600161713,5.982955019547577,0.22909145714148926,0.23413510793972112,0.021444760826217477,0.17799582696987615,0.2562309748443219,54200.0,54200.0,0.0,54200.0,54200.0,41.45422383499972,42.18780235000304,3.278362931857414,33.82984859999851,45.919828899990534,40.7546875,41.640625,3.221368138700216,33.03125,45.375
cx0.9_mut0.01,0.9,0.01,test_6,5,20,20,1.0,5.681276317340531,5.602404991385199,0.2705853077207607,5.398561343660258,6.6013834806082965,0.2226244684230454,0.22493854632876753,0.016519643985139304,0.17801169247154075,0.24437662996272788,54200.0,54200.0,0.0,54200.0,54200.0,40.77621429000137,41.54036669999914,2.1914524241404423,35.36507200000051,44.43850050000765,40.23359375,40.9140625,2.0755200766579436,35.140625,44.15625
cx0.9_mut0.01,0.9,0.01,test_7,6,20,20,1.0,5.330107932753143,5.3272824584683836,0.2367526283079062,4.983747446533894,6.000770760491679,0.2411526237523832,0.2396759641870087,0.01418725361508847,0.21778466371835586,0.2732263368529974,54200.0,54200.0,0.0,54200.0,54200.0,41.316010189998636,41.05504055000347,1.7724046907101068,37.4129857999942,44.50138820000575,40.8359375,40.6328125,1.7236063270245936,37.109375,43.828125
cx0.9_mut0.01,0.9,0.01,test_8,7,20,20,1.0,5.458893875813472,5.437173934460247,0.2385070637478658,5.057719887333164,6.068090115595898,0.23486020912261116,0.23528365359198133,0.014597844609195271,0.20130001507464543,0.2583710759667333,54200.0,54200.0,0.0,54200.0,54200.0,41.40214926500048,40.82249820000288,2.4645505820882554,37.92393619999348,45.23310219999985,40.89765625,40.359375,2.3589827085424564,37.015625,44.9375
cx0.9_mut0.01,0.9,0.01,test_9,8,20,20,1.0,5.582298777829229,5.521251184884068,0.2165678954163985,5.213459511034768,6.156112687478848,0.22781406033454607,0.23436038605882048,0.018101206311218202,0.19253810557863785,0.24975904143346536,54200.0,54200.0,0.0,54200.0,54200.0,41.876143635001064,42.21437510000396,1.9195762770152967,39.2436008000077,45.652712499999325,41.35703125,41.59375,1.900743469012001,38.578125,45.140625
cx0.9_mut0.01,0.9,0.01,test_10,9,20,20,1.0,5.576051866868479,5.481746549104987,0.2037065414134552,5.326592507504667,5.97648062933105,0.21388794519021803,0.21820683888310433,0.029230636085677133,0.15338208235103604,0.25556515548637204,54200.0,54200.0,0.0,54200.0,54200.0,40.65550273000044,40.945386550003604,2.8838309248056317,32.84422430000268,44.68156200001249,40.17890625,40.5703125,2.8753819960397733,32.59375,43.984375
cx0.9_mut0.001,0.9,0.001,test_1,0,20,20,1.0,5.997000675585452,5.983028896651767,0.30321057548099595,5.372653166948639,6.67661319953613,0.2353056722480193,0.23703238535423515,0.018703282902545897,0.1854079465830383,0.2717034446305029,54200.0,54200.0,0.0,54200.0,54200.0,37.27444429500101,37.39034640000318,1.9331615638632287,34.57462349999696,41.814996000000974,36.78828125,36.9296875,1.9573308334491448,33.859375,41.53125
cx0.9_mut0.001,0.9,0.001,test_2,1,20,20,1.0,5.681919185541088,5.626982875493612,0.2526373458388942,5.215035615544425,6.438676018023791,0.21315311477698667,0.2097303337529005,0.02240218802702385,0.18207757794370044,0.25506138417910146,54200.0,54200.0,0.0,54200.0,54200.0,36.049071230000116,36.395163950001006,2.2311677005887587,32.49332610001147,40.11655809999502,35.5234375,35.828125,2.2343289929013896,32.015625,39.515625
cx0.9_mut0.001,0.9,0.001,test_3,2,20,20,1.0,5.5658603458314095,5.567067932074547,0.18407459432782816,5.298848964020727,6.118635809337507,0.22799055737925938,0.23448970340502567,0.02047295869007605,0.180138014710697,0.25091254501768395,54200.0,54200.0,0.0,54200.0,54200.0,36.51637722500018,36.42769249999401,2.360179541930764,31.129114099996514,40.345678300000145,36.0671875,36.09375,2.3195854068569988,30.9375,39.890625
cx0.9_mut0.001,0.9,0.001,test_4,3,20,20,1.0,5.644258432303319,5.623981378984501,0.27579349311697904,5.190237727416214,6.362738094199102,0.22943966865475446,0.23372505434416668,0.023476283704555803,0.16655746269377777,0.2684792707531109,54200.0,54200.0,0.0,54200.0,54200.0,38.02696458000137,37.70935759999702,3.226607128235783,33.28218829999969,47.48386789999495,37.48359375,37.3046875,3.069572069886716,33.0625,46.640625
cx0.9_mut0.001,0.9,0.001,test_5,4,20,20,1.0,5.77622694737183,5.734809697724767,0.2998350513461394,5.3464532649980026,6.663805234303507,0.2164122148949037,0.22175000641280324,0.02561484472488936,0.15165835156783714,0.2561090501159276,54200.0,54200.0,0.0,54200.0,54200.0,39.30854822999754,39.43218574999628,2.3359292853149274,34.43072979999124,43.878308400002425,38.6453125,38.84375,2.2617116838699727,33.578125,42.78125
cx0.9_mut0.001,0.9,0.001,test_6,5,20,20,1.0,6.004688072091627,5.905743878902017,0.4033983419153761,5.496976166003247,7.084042371245784,0.21806513157160037,0.22096452325535237,0.01687460001168535,0.1848184527822622,0.24682866961826835,54200.0,54200.0,0.0,54200.0,54200.0,41.78750297000079,41.772186600006535,2.087594397503238,36.91848549999122,46.784556900005555,41.259375,41.0390625,1.9811016049357357,36.75,46.03125
cx0.9_mut0.001,0.9,0.001,test_7,6,20,20,1.0,5.718216985317984,5.677460087581436,0.24811809492431394,5.427497124576943,6.360422797045617,0.2340451349114246,0.23793682559754198,0.019313616295374696,0.18606179356522448,0.26581724139648605,54200.0,54200.0,0.0,54200.0,54200.0,40.98187714499873,40.47008674999961,2.3770850460698965,37.78755130000354,46.676904599997215,40.46015625,40.0,2.3350247402593736,37.265625,46.234375
cx0.9_mut0.001,0.9,0.001,test_8,7,20,20,1.0,5.648576672822982,5.60570428744966,0.2836756681039684,5.180284944860505,6.219285701099351,0.22725090292008826,0.22601963501654954,0.020934252286724447,0.19373967920087257,0.26412325097489303,54200.0,54200.0,0.0,54200.0,54200.0,40.73066395500282,40.81784285000322,2.0484760756878626,37.67828799999552,44.34088519999932,40.234375,40.1484375,2.037742659912266,36.953125,43.453125
cx0.9_mut0.001,0.9,0.001,test_9,8,20,20,1.0,5.824514244370795,5.819534494526746,0.24620131307897625,5.434391554091253,6.373267993338054,0.2171016906041062,0.2166022376702646,0.025260519352154943,0.15540272087230161,0.25331583862353296,54200.0,54200.0,0.0,54200.0,54200.0,40.49690893000006,39.68101285000739,2.3553968763590487,37.48770529999456,47.21115079999436,39.9875,39.2890625,2.32688338933557,36.9375,46.609375
cx0.9_mut0.001,0.9,0.001,test_10,9,20,20,1.0,5.944152679570399,5.98617026332148,0.1664639704067886,5.638577923417233,6.197845516265088,0.21270033982995967,0.21728315557745873,0.019654115109111383,0.15055491145755753,0.24048678592826306,54200.0,54200.0,0.0,54200.0,54200.0,40.0271299199987,39.913860849999764,2.1627543037427164,36.083629799992195,45.46206340000208,39.56484375,39.4375,2.1790029697613122,35.5625,45.140625
cx0.7_mut0.3,0.7,0.3,test_1,0,20,20,1.0,5.2581344542507,5.2575089633277585,0.11888369158573045,5.0796162285782245,5.471160371569468,0.22863179384535134,0.23399192178386652,0.01960387070359138,0.18164931549267044,0.24856548886918658,54200.0,54200.0,0.0,54200.0,54200.0,15.74792689000169,15.566297849996772,1.0691534460841021,13.433914000008372,17.49007640000491,15.5234375,15.4375,1.0511255030636395,13.171875,17.203125
cx0.7_mut0.3,0.7,0.3,test_2,1,20,20,1.0,5.303198821328718,5.279882695357924,0.1709026903838953,5.065138768356214,5.671146067845772,0.2199814797723511,0.2210857574334666,0.014742818841514163,0.18761717804672537,0.24232685393289907,54200.0,54200.0,0.0,54200.0,54200.0,16.493130760001076,16.576566149997234,1.4228174774117874,13.574273600010201,19.144502099996316,16.29453125,16.3359375,1.4188151630496733,13.53125,18.96875
cx0.7_mut0.3,0.7,0.3,test_3,2,20,20,1.0,5.1757227576910765,5.15893182640362,0.21161740750205046,4.848128849242313,5.7132037049581434,0.23333736585924886,0.2307936948923885,0.018490284661326666,0.19723735031077408,0.26364692141439683,54200.0,54200.0,0.0,54200.0,54200.0,16.68182200999945,16.811950949995662,1.2099663062307964,14.267126000006101,18.96465019999596,16.459375,16.6171875,1.209121888037587,13.984375,18.8125
cx0.7_mut0.3,0.7,0.3,test_4,3,20,20,1.0,5.201439400644972,5.171046881160809,0.16800073404333296,5.025277247957899,5.705257282616921,0.23170197202388215,0.2339277039709314,0.014489753088740917,0.20091701769363057,0.25783175002961856,54200.0,54200.0,0.0,54200.0,54200.0,16.141132979999384,16.33649009999499,1.3440702563031968,13.752578200001153,18.5444051999948,15.91328125,16.1875,1.3117701898748912,13.546875,18.171875
cx0.7_mut0.3,0.7,0.3,test_5,4,20,20,1.0,5.346309196083576,5.351104041190617,0.11018250431742016,5.186812114877058,5.628633755523066,0.2249488655969893,0.22321364578119235,0.015391861217997953,0.20154164393321441,0.25015209400507243,54200.0,54200.0,0.0,54200.0,54200.0,17.48453406500048,17.07489269999496,1.8666249380335365,14.515767599994433,20.219353000007686,17.19453125,16.8515625,1.826760729979994,14.234375,19.859375
cx0.7_mut0.3,0.7,0.3,test_6,5,20,20,1.0,5.43193098599214,5.39775209220611,0.17160599369904012,5.227294682101908,5.868312458455091,0.2212967846540626,0.21867240790047232,0.015093949932792795,0.18388889634279296,0.24917074802896397,54200.0,54200.0,0.0,54200.0,54200.0,16.880925539998863,16.714839499996742,1.1522110345351368,14.547842600004515,19.204752400008147,16.64609375,16.515625,1.1608668826365505,14.40625,19.046875
cx0.7_mut0.3,0.7,0.3,test_7,6,20,20,1.0,5.1541788879959345,5.102506290436002,0.203776889395646,4.857365984001191,5.654439280325903,0.2258495284141163,0.23205035465603563,0.017942987780144803,0.18917243741622178,0.25575873807805505,54200.0,54200.0,0.0,54200.0,54200.0,17.22411387500106,17.117585800006054,1.3604995217087135,14.558938500005752,20.10780589999922,17.00078125,17.0,1.2857698178388932,14.40625,19.4375
cx0.7_mut0.3,0.7,0.3,test_8,7,20,20,1.0,5.1835345266930695,5.144219122799363,0.2160468156803599,4.914735740114416,5.71652546757074,0.22991377964012955,0.23353305496208102,0.01862761186659663,0.17914960204003344,0.25444238704536026,54200.0,54200.0,0.0,54200.0,54200.0,17.34889935999963,16.906751700000314,1.621319128766002,14.79548739999882,20.38801890000468,17.10859375,16.734375,1.6026460551487598,14.59375,20.03125
cx0.7_mut0.3,0.7,0.3,test_9,8,20,20,1.0,5.447039581308859,5.415090868787994,0.16689673540452324,5.248519678404381,5.80596659497527,0.2216430046523222,0.2253527272629585,0.015816338436289146,0.19435419359712874,0.2511050341747365,54200.0,54200.0,0.0,54200.0,54200.0,17.76851304000011,17.415897300001234,1.7353382954679328,15.136877100012498,21.600653699992108,17.5703125,17.140625,1.7153187939759493,15.03125,21.515625
cx0.7_mut0.3,0.7,0.3,test_10,9,20,20,1.0,5.456067206623838,5.435842284319207,0.11029471004318654,5.267123505965429,5.730580757667805,0.21006135534504047,0.2113004474131431,0.015669074554856728,0.18229779382678504,0.2425198141240342,54200.0,54200.0,0.0,54200.0,54200.0,18.12452595999639,17.863714949991845,1.4453788478688911,15.51416119998612,20.931735399994068,17.91953125,17.6484375,1.4184800327860907,15.453125,20.71875
cx0.7_mut0.2,0.7,0.2,test_1,0,20,20,1.0,5.227444778467749,5.188570156582678,0.17217078670625072,5.004418090763208,5.595983978382003,0.22477372866256173,0.2244799045148425,0.01958014106659532,0.16691018307230207,0.25471211130361837,54200.0,54200.0,0.0,54200.0,54200.0,19.946990799998456,19.98353624999436,1.4067771980386985,17.661980999997468,23.384573100003763,19.69375,19.59375,1.3976105225338598,17.5,23.296875
cx0.7_mut0.2,0.7,0.2,test_2,1,20,20,1.0,5.239094175272183,5.249406989886918,0.10825750234075189,5.051807663778613,5.408541641235152,0.22231650227181246,0.22281115440812915,0.016495839736392577,0.193070192570086,0.2521154737379072,54200.0,54200.0,0.0,54200.0,54200.0,19.720841515003123,19.968615700003284,1.1325391832953178,16.521557900006883,21.370005399992806,19.4703125,19.6015625,1.1053299121249538,16.375,21.015625
cx0.7_mut0.2,0.7,0.2,test_3,2,20,20,1.0,5.112070260144768,5.0503217160023075,0.1663612437965234,4.8814102581403205,5.413660190907273,0.23824932695028198,0.2391484600869455,0.01146128537989533,0.2195014164960132,0.26709927270852457,54200.0,54200.0,0.0,54200.0,54200.0,20.534112790000655,20.16108950000489,1.3468554479422221,18.04262469999958,22.962880499995663,20.2828125,19.875,1.3313274084858038,17.625,22.59375
cx0.7_mut0.2,0.7,0.2,test_4,3,20,20,1.0,5.208707529300024,5.152691773558464,0.2376192034987704,4.923791607734689,5.944133950887333,0.23231365180317995,0.23480693112571505,0.015079814837689125,0.19120098879203445,0.25403977734807726,54200.0,54200.0,0.0,54200.0,54200.0,20.250592775000406,19.95615225000074,1.4644033182825582,18.09131720000005,23.011669300001813,19.96171875,19.7890625,1.3961210047813821,17.734375,22.46875
cx0.7_mut0.2,0.7,0.2,test_5,4,20,20,1.0,5.304202865458677,5.289069942408061,0.14071866301160355,5.11982401295817,5.770247088697339,0.22771347404192052,0.2265875304029653,0.018685194981115615,0.19610250139818775,0.25832631077762114,54200.0,54200.0,0.0,54200.0,54200.0,22.650048510001945,22.54096930000378,1.7567262652145146,19.254041499996674,25.506515899993246,22.25703125,22.046875,1.683684427509842,18.78125,24.828125
cx0.7_mut0.2,0.7,0.2,test_6,5,20,20,1.0,5.3275639508042545,5.298301857073287,0.1125547241487567,5.132981380228746,5.565355791146706,0.22309664694981007,0.22388535634953013,0.01640630510036903,0.1940836328644864,0.24943018873744258,54200.0,54200.0,0.0,54200.0,54200.0,21.215110085000923,21.181285300001036,1.7951487170080513,17.78890620000311,24.246091200009687,20.94921875,20.765625,1.7544210704838124,17.421875,23.71875
cx0.7_mut0.2,0.7,0.2,test_7,6,20,20,1.0,5.08757518601791,5.023767204937966,0.1975164245963082,4.804177004006636,5.438642163236738,0.2382916409693249,0.239040056790392,0.016382060488579864,0.2100212723693804,0.25983759926294,54200.0,54200.0,0.0,54200.0,54200.0,21.64025311999867,21.511994199987384,1.29764180197682,19.349773499998264,24.763516000006348,21.35703125,21.203125,1.273042903829944,19.15625,24.359375
cx0.7_mut0.2,0.7,0.2,test_8,7,20,20,1.0,5.1435956452493965,5.0948754425792995,0.2275814871645121,4.857664731380242,5.595768322093743,0.23353566659886482,0.23512762036011625,0.016628861805442027,0.19915554996273296,0.25861895930329326,54200.0,54200.0,0.0,54200.0,54200.0,21.61400849000129,21.385356550003053,1.3985399013245465,19.457072599994717,24.386686699988786,21.27421875,21.1015625,1.3452932062006673,18.953125,23.984375
cx0.7_mut0.2,0.7,0.2,test_9,8,20,20,1.0,5.341892090181569,5.31543334042879,0.14970138447982168,5.059948006937384,5.639561851678549,0.2244127450151862,0.22219696550026624,0.018528401420482368,0.19316764820367077,0.24967682869328336,54200.0,54200.0,0.0,54200.0,54200.0,21.366454095000517,21.197052950003126,1.5182449352525282,17.954375200002687,23.974921100001666,21.121875,21.0078125,1.4811521453353733,17.8125,23.59375
cx0.7_mut0.2,0.7,0.2,test_10,9,20,20,1.0,5.392704568359932,5.376742442465581,0.18294466006808852,5.153103941734113,6.006417968139572,0.22007922113207243,0.2204857343793007,0.01650898040969305,0.1853460178307115,0.2492112291255039,54200.0,54200.0,0.0,54200.0,54200.0,21.6177649000012,21.80547015000775,2.127767348903322,16.761738400004106,24.70782589999726,21.37734375,21.59375,2.078463658347368,16.390625,24.265625
cx0.7_mut0.1,0.7,0.1,test_1,0,20,20,1.0,5.2471648129222235,5.246628466490254,0.2213720761920528,4.9756245264488115,5.742651136254189,0.22160751017672356,0.22991272222901413,0.019803775930085758,0.18006691650741666,0.24978012338095706,54200.0,54200.0,0.0,54200.0,54200.0,29.973553154998807,29.891048549994593,1.155771979943182,27.188645000001998,32.33373769999889,29.5578125,29.5546875,1.1046345158699848,27.0,32.015625
cx0.7_mut0.1,0.7,0.1,test_2,1,20,20,1.0,5.28029632919621,5.25052518725057,0.13700171468375447,5.0524326649069975,5.604294202199599,0.2276327207732582,0.22817323085161834,0.018137762055041123,0.1833059964532882,0.26159890282245446,54200.0,54200.0,0.0,54200.0,54200.0,29.841603280001436,29.91859325000405,1.0056321754958832,27.616267300007166,31.72450920000847,29.47265625,29.546875,1.0272784743871277,27.40625,31.59375
cx0.7_mut0.1,0.7,0.1,test_3,2,20,20,1.0,5.116546883034685,5.110000590321746,0.15927118553049271,4.897252957901278,5.5311445207883265,0.2385272875694937,0.23740929344143996,0.018490614046647924,0.1944122933219776,0.26735933180304045,54200.0,54200.0,0.0,54200.0,54200.0,29.916997135000564,29.680695000002743,1.3521491934957963,27.883921999993618,33.478438800011645,29.5546875,29.4609375,1.340029848879553,27.171875,33.015625
cx0.7_mut0.1,0.7,0.1,test_4,3,20,20,1.0,5.135868695274494,5.121103070842303,0.14789406592318988,4.9489097399835895,5.444665196929796,0.23510744983286166,0.2377072945876486,0.015027919271983355,0.20342852704801134,0.2611641108791739,54200.0,54200.0,0.0,54200.0,54200.0,30.921197275000303,30.618455600000743,1.8407696678425334,28.2490919999982,34.432480799994664,30.484375,30.3515625,1.7484794263234313,27.859375,33.640625
cx0.7_mut0.1,0.7,0.1,test_5,4,20,20,1.0,5.2605940628834045,5.211410912083823,0.19257372706033216,5.046268063749762,5.835677037905069,0.2339235064527511,0.2302606623469911,0.013415831822926941,0.21277500530584342,0.25895443479436603,54200.0,54200.0,0.0,54200.0,54200.0,32.71246791499725,33.01963374999468,1.9517222518722146,27.99417629999516,35.436213599998155,32.153125,32.5234375,1.8694311489658246,27.53125,34.25
cx0.7_mut0.1,0.7,0.1,test_6,5,20,20,1.0,5.44094050714519,5.398378501033397,0.1863852614078714,5.188756437502636,5.842632568478422,0.227374039432689,0.22800943126862572,0.013463760777043941,0.19093067052734639,0.2461845210685014,54200.0,54200.0,0.0,54200.0,54200.0,32.50151164499839,32.388023649997194,1.6502703226426891,29.099604599992745,36.47756980000122,32.103125,32.1171875,1.5935758418775647,28.78125,35.75
cx0.7_mut0.1,0.7,0.1,test_7,6,20,20,1.0,5.102323287106653,5.116716527673012,0.15831998726505503,4.783253766838583,5.582289177749979,0.23434501351122733,0.23310252425533223,0.018807019693660113,0.19582724345612187,0.26853738026154694,54200.0,54200.0,0.0,54200.0,54200.0,32.52442993500081,32.40225574999931,1.4139152397848873,30.008402299994486,34.82598900000448,32.103125,32.03125,1.4606826315117187,29.375,34.5625
cx0.7_mut0.1,0.7,0.1,test_8,7,20,20,1.0,5.172434789761731,5.166332524533483,0.19719524912578573,4.8666761836367405,5.724729621575561,0.23564108765098432,0.24161858861387878,0.01965074858417313,0.18346937396900395,0.2591873987596408,54200.0,54200.0,0.0,54200.0,54200.0,33.13645095500105,32.888413100001344,2.023327604386315,28.826524100004463,37.499535700000706,32.725,32.3671875,1.9972766203073413,28.515625,36.59375
cx0.7_mut0.1,0.7,0.1,test_9,8,20,20,1.0,5.329231396318792,5.301067336858823,0.21125160436262855,5.013270500444735,5.995776250041146,0.22808950214145374,0.22863981884367512,0.014425493210358502,0.1982666297806868,0.2532169778990845,54200.0,54200.0,0.0,54200.0,54200.0,32.277461639998364,31.869614499999443,1.9838803172655222,29.452085699987947,35.912291399989044,31.87890625,31.5078125,1.9798914264801672,29.09375,35.59375
cx0.7_mut0.1,0.7,0.1,test_10,9,20,20,1.0,5.3446479746694875,5.30397424493354,0.13182929969180374,5.161145025301401,5.591765586771215,0.2113151647379803,0.21331216100405537,0.021465653764853494,0.17354934060471985,0.24842390258293998,54200.0,54200.0,0.0,54200.0,54200.0,32.343710149998515,32.46228224999504,1.0910588628213473,30.70354669999506,34.333685999998124,31.98984375,32.078125,1.1298128388282946,30.140625,34.078125
cx0.7_mut0.05,0.7,0.05,test_1,0,20,20,1.0,5.400011204854993,5.306509166208903,0.29450613192931335,5.100480217811167,5.944871663809117,0.2274643648843445,0.23084493720927,0.022399813251611934,0.17083290287820593,0.2594952228846598,54200.0,54200.0,0.0,54200.0,54200.0,36.01149385000099,35.559288649994414,1.7954560307643552,33.17896249999467,40.13485459999356,35.553125,35.21875,1.7219721591176544,32.78125,39.5625
cx0.7_mut0.05,0.7,0.05,test_2,1,20,20,1.0,5.322643857942946,5.290277291503504,0.18027257222737048,5.093232154633536,5.776322617361212,0.2292395408643002,0.22913119502419926,0.01437237353669618,0.20844175113421623,0.25257493714232865,54200.0,54200.0,0.0,54200.0,54200.0,34.698451280001606,35.02614965000248,1.7208960744307298,30.606946900006733,36.98588380000729,34.22890625,34.5703125,1.663103952365382,30.484375,36.71875
cx0.7_mut0.05,0.7,0.05,test_3,2,20,20,1.0,5.113592024293743,5.093768089532521,0.14060490658788782,4.927903037805527,5.51503613120504,0.2437890510978727,0.24721883347859794,0.013085852331996835,0.21218169086161692,0.2602232955021703,54200.0,54200.0,0.0,54200.0,54200.0,35.89836428999915,35.58891474999109,1.742430557076925,32.54279300000053,40.44258190000255,35.4421875,35.15625,1.6780704808354492,32.1875,39.71875
cx0.7_mut0.05,0.7,0.05,test_4,3,20,20,1.0,5.379811044816775,5.359025309324139,0.24125207133230295,5.032581436615393,5.954434303074923,0.2343784550937084,0.23805662925764037,0.02392122289053323,0.17704365924579182,0.2620469753177774,54200.0,54200.0,0.0,54200.0,54200.0,35.63325546000051,34.80917865000811,1.920647304516895,32.45460139999341,39.376771800001734,35.14140625,34.421875,1.7853173423658613,32.21875,38.578125
cx0.7_mut0.05,0.7,0.05,test_5,4,20,20,1.0,5.33326483934754,5.259682157612015,0.22399564526391239,5.1030333280108655,5.896875748691419,0.23239801330859983,0.23809778132691756,0.0202514642309644,0.1712388014077931,0.2562295958518598,54200.0,54200.0,0.0,54200.0,54200.0,38.45356995999973,38.61865754999599,3.5330822956613246,30.924776400002884,46.269989099993836,37.80390625,37.609375,3.4005205730237194,30.359375,44.65625
cx0.7_mut0.05,0.7,0.05,test_6,5,20,20,1.0,5.565158035496205,5.61569323284013,0.1961818451283424,5.158191221868618,5.830483748273854,0.22479532449274992,0.2278747211465463,0.02085259187364251,0.1584646673279077,0.2550340720500391,54200.0,54200.0,0.0,54200.0,54200.0,38.42803048499845,38.921953649994975,1.991799588093386,33.91681989999779,41.15400570000929,37.95234375,38.1875,1.9619339180531963,33.578125,40.75
cx0.7_mut0.05,0.7,0.05,test_7,6,20,20,1.0,5.23622577972397,5.155726624107017,0.2492292946434691,4.912145656165981,5.901371716414823,0.2346058335954147,0.23596309142180424,0.020367337549164574,0.1964093469617956,0.27869676007820166,54200.0,54200.0,0.0,54200.0,54200.0,37.79222149999987,37.95967684999778,1.6659987676619763,34.91602889999922,40.888761299996986,37.31328125,37.3125,1.7463724959272722,34.109375,40.65625
cx0.7_mut0.05,0.7,0.05,test_8,7,20,20,1.0,5.1825910028195,5.205054451248566,0.2809136774476666,4.830844014047129,5.959365124573497,0.23416406813595886,0.23480732425510295,0.016567843087421704,0.19458736802708407,0.26384270711162816,54200.0,54200.0,0.0,54200.0,54200.0,38.815049649999125,38.66871154999535,2.432848141389514,35.50965609999548,46.437173400001484,38.303125,38.296875,2.328074774272782,35.171875,45.515625
cx0.7_mut0.05,0.7,0.05,test_9,8,20,20,1.0,5.396500531318564,5.368344134274702,0.16276389045887116,5.077971088139414,5.87309953208455,0.22622756223741045,0.23245872632821352,0.020875199783808474,0.16634008618427176,0.24690916462325133,54200.0,54200.0,0.0,54200.0,54200.0,38.01829399499984,37.80794695000077,1.7134473052745849,34.9644541000016,41.47283849999076,37.5625,37.3828125,1.6937020531182105,34.71875,41.171875
cx0.7_mut0.05,0.7,0.05,test_10,9,20,20,1.0,5.39626340582995,5.324441408286866,0.19727638936229483,5.189654850897346,5.922191564970591,0.21863242711823583,0.21833707525752938,0.0165518188560097,0.17762930851069247,0.24454087917167744,54200.0,54200.0,0.0,54200.0,54200.0,38.66778453499937,39.163912700001674,2.6040308865191153,33.06661779999558,43.59844169999997,38.20390625,38.765625,2.601153012265034,32.84375,43.203125
cx0.7_mut0.01,0.7,0.01,test_1,0,20,20,1.0,5.512354443151274,5.509319675847221,0.263831624505492,5.109862731570001,6.107010923265656,0.2253592454433731,0.2286969628159821,0.021090719005774777,0.1824252369814111,0.2655735422426821,54200.0,54200.0,0.0,54200.0,54200.0,38.75617942999961,39.112065500004974,1.724943207233193,35.41586019999522,41.91738290000649,38.23515625,38.625,1.7737280222271625,34.921875,41.5625
cx0.7_mut0.01,0.7,0.01,test_2,1,20,20,1.0,5.4898395867348935,5.467131618382618,0.2071301794934356,5.14623493257245,5.8808140947774,0.222644277256633,0.2217180306731295,0.017382120978642064,0.17812997700112926,0.24678312864528057,54200.0,54200.0,0.0,54200.0,54200.0,37.38521070999923,36.97301264999987,1.6382195820215846,35.65046319999965,42.04506269999547,36.85,36.4921875,1.6999752078300558,35.03125,41.828125
cx0.7_mut0.01,0.7,0.01,test_3,2,20,20,1.0,5.301440621488692,5.2855400097180105,0.18291244369857768,5.010201180170952,5.62943233137786,0.24351226902678738,0.24795708927487742,0.013916483729921603,0.20986191193917167,0.2615942690734417,54200.0,54200.0,0.0,54200.0,54200.0,37.77375679499892,36.90963030000421,2.1866587259220904,34.532273399992846,42.23502729999018,37.3078125,36.6484375,2.2082666765221446,34.09375,41.59375
cx0.7_mut0.01,0.7,0.01,test_4,3,20,20,1.0,5.478461622373434,5.4389643151301605,0.2588903653005644,5.158841672776782,6.017564081624196,0.2278135195995929,0.23486193011481551,0.019703642298441938,0.18298268565546424,0.25165420553771906,54200.0,54200.0,0.0,54200.0,54200.0,39.0791879450022,38.594309100008104,2.702056882545403,34.383489600004395,46.689320799996494,38.54375,38.15625,2.591309489123415,34.21875,45.84375
cx0.7_mut0.01,0.7,0.01,test_5,4,20,20,1.0,5.597987399886195,5.522466245615595,0.3220801543701832,5.211797769995025,6.329907237814153,0.2223579498707974,0.22624612007575085,0.01867372208852221,0.17231118263704476,0.24858899676521007,54200.0,54200.0,0.0,54200.0,54200.0,41.21588989499942,42.117453549995844,2.441092979523274,35.28953909999109,43.82832220000273,40.58046875,41.59375,2.3477885983252382,34.71875,43.359375
cx0.7_mut0.01,0.7,0.01,test_6,5,20,20,1.0,5.7737767675151925,5.828044896774701,0.23378032516587993,5.321539534215933,6.127757538631212,0.22326507785355876,0.22960814601713841,0.02546849346917642,0.1548743152110262,0.25209401980566193,54200.0,54200.0,0.0,54200.0,54200.0,42.39590897499875,42.646233150000626,1.851030560951734,39.227990599989425,46.027623699992546,41.853125,42.0859375,1.8656524120793156,38.796875,45.734375
cx0.7_mut0.01,0.7,0.01,test_7,6,20,20,1.0,5.486422226995137,5.421389259494124,0.3897827625142622,5.0206439559200495,6.689467486387345,0.22494196644032932,0.2324748319075762,0.029914045378259233,0.14182267766269388,0.2606832161135252,54200.0,54200.0,0.0,54200.0,54200.0,40.857713965000585,40.781002100004116,1.9890871932781413,37.52080589999969,45.856909299996914,40.30703125,39.9609375,1.9497653670727957,37.1875,45.46875
cx0.7_mut0.01,0.7,0.01,test_8,7,20,20,1.0,5.537121774086058,5.481718584595597,0.46154368391338474,4.918704038618136,7.1015893665499235,0.22863545278398673,0.22918551214486826,0.015316784721262841,0.19078957570108454,0.2532264770939141,54200.0,54200.0,0.0,54200.0,54200.0,41.95564340499986,42.0609626499936,2.504407273128222,35.893458200007444,46.70956199998909,41.4578125,41.5,2.3844120763482817,35.6875,46.53125
cx0.7_mut0.01,0.7,0.01,test_9,8,20,20,1.0,5.5803527915371856,5.600966700432105,0.1696696048320434,5.270740406109147,5.830691474420146,0.22250342078054106,0.22477521231566577,0.0223555419102057,0.1633333752587053,0.2569066864992152,54200.0,54200.0,0.0,54200.0,54200.0,42.02077294999981,42.253278349999164,1.8572695808598818,39.41074059999664,44.76280039999983,41.5328125,41.7890625,1.8601032408476261,38.890625,44.015625
cx0.7_mut0.01,0.7,0.01,test_10,9,20,20,1.0,5.73791334343794,5.650576082919842,0.2826424038674791,5.4554210230628595,6.426822171845348,0.21436214016354166,0.21890788074390088,0.02040306550894717,0.17329383947031793,0.24510059791070876,54200.0,54200.0,0.0,54200.0,54200.0,41.35978044499861,41.822810750003555,2.591983596087759,35.12611699999252,45.49828250000428,40.83515625,40.9296875,2.5255401558363264,34.875,44.90625
cx0.7_mut0.001,0.7,0.001,test_1,0,20,20,1.0,5.857702355723258,5.82273427965781,0.3387979265933576,5.337800203088549,6.746790405509263,0.21941103134781592,0.22004667436525607,0.02568421478186166,0.14480098260648447,0.25500467122025383,54200.0,54200.0,0.0,54200.0,54200.0,37.65954807999951,38.39331120000861,2.1985917464869336,33.173260799987474,42.2015195999993,37.153125,37.875,2.1817629185055347,32.703125,41.53125
cx0.7_mut0.001,0.7,0.001,test_2,1,20,20,1.0,5.725789789558533,5.675975580870487,0.2182647443157847,5.354842181967517,6.107237503849086,0.21117617545561918,0.21294789619143495,0.025573628134398278,0.16370110260881648,0.25675072347264205,54200.0,54200.0,0.0,54200.0,54200.0,35.810730739999414,35.80488475000311,2.2038230280777014,32.32623549998971,39.33009019999008,35.31015625,35.2734375,2.1194737243512742,31.65625,38.78125
cx0.7_mut0.001,0.7,0.001,test_3,2,20,20,1.0,5.673742555797927,5.67605780718133,0.22749810580903287,5.286366177588308,6.250738588787674,0.22300460132691824,0.22639851025300967,0.02769320184787111,0.18406554045019408,0.2568785680118659,54200.0,54200.0,0.0,54200.0,54200.0,36.90227261500113,37.06175079999957,1.250672936870933,34.29057530000864,38.711868200000026,36.47421875,36.6015625,1.27782833989616,34.078125,38.375
cx0.7_mut0.001,0.7,0.001,test_4,3,20,20,1.0,5.951946614914845,5.7966443128805265,0.4232502884409823,5.490049977185327,7.008956203136589,0.22995467206520942,0.23086951440329856,0.01701242705815763,0.19896530008685875,0.2592041049057764,54200.0,54200.0,0.0,54200.0,54200.0,38.07141743999891,37.15594319999218,3.044109649969299,33.598720900001354,44.51205380000465,37.5265625,36.40625,2.8381827191363045,33.1875,43.734375
cx0.7_mut0.001,0.7,0.001,test_5,4,20,20,1.0,5.89491726938274,5.811313572808563,0.3353340270213747,5.457305669097782,6.649944577811488,0.22219409779112026,0.22081289967205348,0.027750408095280333,0.16817354347269955,0.2642052109153668,54200.0,54200.0,0.0,54200.0,54200.0,40.68979046999957,40.30628594999871,2.168013024100426,35.55867310000758,43.81211280000571,40.03828125,39.8515625,1.9766671623007481,35.140625,43.1875
cx0.7_mut0.001,0.7,0.001,test_6,5,20,20,1.0,6.064557917194978,6.065244566423224,0.23326980011214812,5.569149058822564,6.525315804920242,0.2239625384617681,0.2243966431882808,0.01653793204555864,0.1931604322991748,0.247524929243775,54200.0,54200.0,0.0,54200.0,54200.0,39.97413269999888,39.66922319999867,2.3175845956804766,35.83710550000251,45.42760950000957,39.48359375,39.2890625,2.2042152432578352,35.5625,45.125
cx0.7_mut0.001,0.7,0.001,test_7,6,20,20,1.0,5.811810063575476,5.770167041969037,0.3192272825542495,5.407842495650783,6.455659744932117,0.22534317919791982,0.22785865004391015,0.014829377493873324,0.19283360172999486,0.24978563848979257,54200.0,54200.0,0.0,54200.0,54200.0,40.95838753500284,41.51202104999538,2.6868738757368074,36.07021670001268,46.77791309999884,40.465625,40.96875,2.6262998035058254,35.5625,46.328125
cx0.7_mut0.001,0.7,0.001,test_8,7,20,20,1.0,5.8154556951859595,5.7208437199461555,0.291656408607249,5.4261572802017035,6.520682768349644,0.21853331091526954,0.22375722673230655,0.02571966657377225,0.15877200084416246,0.25216080312156014,54200.0,54200.0,0.0,54200.0,54200.0,40.720453259998614,40.835986049991334,2.253947594212909,35.8878163999907,45.5233595000027,40.209375,40.296875,2.2061668297280024,35.0625,44.484375
cx0.7_mut0.001,0.7,0.001,test_9,8,20,20,1.0,5.96484283597025,5.910635469837434,0.2802646075252612,5.536956795320406,6.732719038962532,0.21536130497715827,0.21415039525669372,0.019117985329342172,0.18351257958775102,0.24669910237063264,54200.0,54200.0,0.0,54200.0,54200.0,40.712171465001305,41.599551600003906,2.3773833022370594,33.972683200001484,43.20918870001333,40.22109375,41.0546875,2.3719264380994054,33.515625,42.625
cx0.7_mut0.001,0.7,0.001,test_10,9,20,20,1.0,6.034979213785787,6.043507272158042,0.285862748399371,5.542350837455691,6.555091755026626,0.2050366858205203,0.21251010239321183,0.026430123509259645,0.14377429192813304,0.23664645237635548,54200.0,54200.0,0.0,54200.0,54200.0,40.243009215001806,40.13166170000477,3.321568940694745,33.80315220000921,47.02432260000205,39.71875,39.453125,3.290623359948609,33.140625,46.828125
cx0.5_mut0.3,0.5,0.3,test_1,0,20,20,1.0,5.244065803505107,5.125152488762955,0.2532399236580134,4.971702697150537,5.862247509243147,0.2304360067924717,0.22765568103625533,0.00989124920902099,0.21315215166809443,0.25069170428016396,54200.0,54200.0,0.0,54200.0,54200.0,16.20748649000234,16.48654494999937,0.9709041705201347,13.532053700007964,17.40816450001148,15.9890625,16.3046875,0.9826321245866823,13.171875,17.109375
cx0.5_mut0.3,0.5,0.3,test_2,1,20,20,1.0,5.342676285251794,5.334447316843654,0.12357416293199458,5.1487535899861285,5.582908880585954,0.22012917277908586,0.22284722611884927,0.017405622730517004,0.18747027379906112,0.2442418756755938,54200.0,54200.0,0.0,54200.0,54200.0,17.348063189999813,17.41567809999833,0.835851006174704,15.628717300001881,18.84450239999569,17.10546875,17.171875,0.8338366678254185,15.4375,18.640625
cx0.5_mut0.3,0.5,0.3,test_3,2,20,20,1.0,5.136758423772067,5.092112805493351,0.15593551923638693,4.942118497677846,5.597495095087961,0.23569692091838493,0.23485090680944493,0.01688257476595486,0.1886578874004876,0.26016911320794744,54200.0,54200.0,0.0,54200.0,54200.0,16.877490024999133,17.0713387999931,1.0326986043657542,14.464949399989564,18.43293640000047,16.67890625,16.90625,1.0457571481717458,14.28125,18.296875
cx0.5_mut0.3,0.5,0.3,test_4,3,20,20,1.0,5.194335740768389,5.177223984740566,0.14926572159464593,5.003581538982056,5.529981400833066,0.23201164567711122,0.2324935134189428,0.016001523339404716,0.20210104205348983,0.2685110939801709,54200.0,54200.0,0.0,54200.0,54200.0,16.925132984999074,16.72600109999621,1.0700026591479637,15.250176300003659,19.33868079999229,16.67890625,16.515625,1.0259717768854368,14.96875,18.9375
cx0.5_mut0.3,0.5,0.3,test_5,4,20,20,1.0,5.2790620014725915,5.268622970275819,0.1024816566790393,5.0774469431836975,5.479115142436406,0.2251657023985291,0.22292023955005907,0.013519592594162244,0.20772219247871776,0.2498096119026038,54200.0,54200.0,0.0,54200.0,54200.0,18.65196874999747,18.692933449994598,1.3921083075834244,15.769101000012597,22.183724099988467,18.3578125,18.5234375,1.4240187714172465,15.515625,22.109375
cx0.5_mut0.3,0.5,0.3,test_6,5,20,20,1.0,5.438429065628226,5.419920750464486,0.13971026191132654,5.279378850103868,5.914656335819043,0.2209322174419523,0.22050120486521985,0.014269962730869546,0.1858787028270716,0.24924619947514481,54200.0,54200.0,0.0,54200.0,54200.0,17.91328668500064,18.227996150002582,1.5791590030264402,15.281131200012169,20.869094000008772,17.6640625,17.8828125,1.5513707264082879,15.171875,20.71875
cx0.5_mut0.3,0.5,0.3,test_7,6,20,20,1.0,5.108008408964072,5.084635294878882,0.23941175111325,4.859053593454014,5.970355243963177,0.24009493058496637,0.24398639477726503,0.017468401535957436,0.2055511752974539,0.2639300187797275,54200.0,54200.0,0.0,54200.0,54200.0,18.372938234998582,18.33288215000357,1.319080899295533,16.73349369999778,21.803949699999066,18.165625,18.109375,1.304717292048761,16.4375,21.5625
cx0.5_mut0.3,0.5,0.3,test_8,7,20,20,1.0,5.1109252781656735,5.100924893198377,0.18311020288746138,4.839535340130649,5.423021388256139,0.2297548127456282,0.23215809437835197,0.02261970479455213,0.1696884914281085,0.2667600393785959,54200.0,54200.0,0.0,54200.0,54200.0,17.69741056999992,17.250257999992755,1.5804112447052998,13.761006700005964,21.100187000003643,17.47578125,17.0859375,1.4908013160509166,13.671875,20.4375
cx0.5_mut0.3,0.5,0.3,test_9,8,20,20,1.0,5.3829534248148825,5.362511379181766,0.12035512127761379,5.171626959051004,5.637496822590891,0.22121879318500298,0.22034940667823533,0.01689819105766282,0.1934377047838066,0.24783415409041848,54200.0,54200.0,0.0,54200.0,54200.0,17.700761885001704,17.604646399995545,1.5456334029225403,13.674881099999766,20.16619870001159,17.5015625,17.421875,1.5269214127853368,13.65625,20.0
cx0.5_mut0.3,0.5,0.3,test_10,9,20,20,1.0,5.512826495216791,5.510367669703744,0.18871698922141933,5.25835146904462,5.94144690492102,0.2103993697782463,0.21390393288135762,0.02256051463579245,0.14226251361683068,0.2441158137456029,54200.0,54200.0,0.0,54200.0,54200.0,17.683414160000392,17.6117121999996,2.226347697943826,14.087300800005323,22.389639599990915,17.44765625,17.4609375,2.140779713723284,13.90625,21.953125
cx0.5_mut0.2,0.5,0.2,test_1,0,20,20,1.0,5.226240004878756,5.138571613129899,0.24683941529909498,4.875832745809119,5.790368307473643,0.22176920742577208,0.22438771458884973,0.018585483300847836,0.181703670088675,0.25540429295891787,54200.0,54200.0,0.0,54200.0,54200.0,20.80930298999956,20.796849949998432,1.160537907755328,18.382963900003233,22.855622799994308,20.53828125,20.546875,1.1059757851302205,18.1875,22.46875
cx0.5_mut0.2,0.5,0.2,test_2,1,20,20,1.0,5.229796303460414,5.217455185301471,0.09771918156829239,5.073057884752955,5.450031893795595,0.21799346667392827,0.2199985290398799,0.017348709337876814,0.18238824196747386,0.24585256722765805,54200.0,54200.0,0.0,54200.0,54200.0,21.86074851000085,22.026830550006707,1.1029825267328197,19.683527200002572,23.73427790000278,21.56953125,21.7421875,1.0908852874251829,19.453125,23.5
cx0.5_mut0.2,0.5,0.2,test_3,2,20,20,1.0,5.14685037514236,5.134108207643148,0.19617998366945089,4.833644519811189,5.624938100841337,0.2337232642652925,0.23823610483507496,0.016227594191723045,0.20725846124961347,0.2604187157098013,54200.0,54200.0,0.0,54200.0,54200.0,21.30292049500058,21.508405100001255,1.3075536478941938,18.890479900001083,23.55260750000889,21.03984375,21.3046875,1.314099462056045,18.5,23.390625
cx0.5_mut0.2,0.5,0.2,test_4,3,20,20,1.0,5.1529162766924035,5.152331122391519,0.1668736687280692,4.8163103500348985,5.408524481145514,0.22710813795178156,0.2270578646972239,0.019616978532382725,0.19546523252985154,0.2662762263830617,54200.0,54200.0,0.0,54200.0,54200.0,21.988520674999744,21.663588300005358,1.7601409641772574,19.061677400008193,25.951702300008037,21.6796875,21.40625,1.7064188332220787,18.84375,25.546875
cx0.5_mut0.2,0.5,0.2,test_5,4,20,20,1.0,5.342527867197584,5.280635655440673,0.20079578602549564,5.122580364106113,5.917979483897583,0.22178204085207592,0.21853747974049237,0.018542950391964987,0.2003259843544532,0.25990863389818175,54200.0,54200.0,0.0,54200.0,54200.0,23.35151346999992,23.167573899998388,1.2114974323657353,21.496792499994626,26.026687200006563,23.009375,22.8515625,1.2078459581224052,21.359375,25.46875
cx0.5_mut0.2,0.5,0.2,test_6,5,20,20,1.0,5.365700328761403,5.365911171305566,0.11130846565759224,5.1503140287257505,5.582971609655344,0.22170987479144988,0.22400513046235176,0.020557711575723333,0.17175576197685624,0.25010329811903764,54200.0,54200.0,0.0,54200.0,54200.0,22.71729608000023,22.75370025000302,1.3725319683280446,20.328464899997925,25.39541929999541,22.42578125,22.390625,1.3810039652720187,20.03125,24.921875
cx0.5_mut0.2,0.5,0.2,test_7,6,20,20,1.0,5.1610810916665795,5.0948068213993,0.18109028226660995,4.955416934481779,5.569676436364731,0.233632466807954,0.23278257665448826,0.015347278572873067,0.2075592293121676,0.26537839561502213,54200.0,54200.0,0.0,54200.0,54200.0,22.560182130000612,22.413646999993944,1.3412194315652042,20.299880300008226,25.5673334000021,22.29296875,22.0703125,1.3182915278594438,20.140625,25.203125
cx0.5_mut0.2,0.5,0.2,test_8,7,20,20,1.0,5.0886378310193665,5.042216319437546,0.2214021744633277,4.79445193925511,5.57666300879565,0.2326231772011494,0.2352942509342748,0.020272587234736666,0.17928007539106755,0.2598853716162703,54200.0,54200.0,0.0,54200.0,54200.0,23.132019775000664,23.206518300001335,1.012378572253368,21.16554659999383,24.717942300005234,22.83125,22.9921875,0.9842457621929276,20.71875,24.53125
cx0.5_mut0.2,0.5,0.2,test_9,8,20,20,1.0,5.387993653043916,5.342569871585715,0.21486944416892095,5.1383145045082,6.196611081749264,0.2209301994449314,0.22381910964991886,0.02061449102513918,0.1775408322510289,0.2547965289258295,54200.0,54200.0,0.0,54200.0,54200.0,22.896259989999816,22.40666385000077,1.8190164520330478,19.10802459999104,26.61868250000407,22.63671875,22.265625,1.7951534587839229,18.96875,26.421875
cx0.5_mut0.2,0.5,0.2,test_10,9,20,20,1.0,5.351735305214776,5.321161952763018,0.13572890446701655,5.203390955888502,5.729556429850826,0.21532915877407696,0.21761919252049128,0.024124902983822468,0.1525805873163584,0.2507561473110584,54200.0,54200.0,0.0,54200.0,54200.0,22.567922640000326,22.888847500005795,1.6197011917055357,19.233914199998253,25.132688300000154,22.28046875,22.4609375,1.5441144875886794,19.125,24.75
cx0.5_mut0.1,0.5,0.1,test_1,0,20,20,1.0,5.195253877250664,5.144770046664443,0.18438089727478751,4.932654477556133,5.63249983952892,0.22127112582575972,0.2170707104815733,0.019155649102646412,0.1891904481065674,0.2575992486575118,54200.0,54200.0,0.0,54200.0,54200.0,30.207856725000603,29.969152299992857,1.6079302029748594,27.7741565000033,33.1271160000033,29.79609375,29.578125,1.6304507125669874,27.34375,32.734375
cx0.5_mut0.1,0.5,0.1,test_2,1,20,20,1.0,5.219598788601374,5.206265328818047,0.09631829656161035,5.098970622208177,5.49247995912403,0.22176649540331725,0.21972144820135497,0.014402895675972032,0.19998314172006845,0.24467758687938929,54200.0,54200.0,0.0,54200.0,54200.0,30.104674639999576,29.99481580000429,0.820831710967596,28.755157899999176,31.80264160000661,29.68046875,29.75,0.8323652460037806,28.1875,31.46875
cx0.5_mut0.1,0.5,0.1,test_3,2,20,20,1.0,5.090237997651185,5.0195802622853485,0.2043255347291408,4.870897456696664,5.608343713725742,0.23509412604688604,0.2314282850195602,0.014254225880015889,0.20888911627390597,0.2711507968821817,54200.0,54200.0,0.0,54200.0,54200.0,30.552259074999892,30.413544950002688,1.2086502454735768,28.443146999998135,32.871636700001545,30.15234375,30.0703125,1.2696530179456977,27.671875,32.5625
cx0.5_mut0.1,0.5,0.1,test_4,3,20,20,1.0,5.225077318353137,5.164657457169076,0.21349503999080202,4.99764281084268,5.772159905120006,0.22954724110849636,0.22810173297168074,0.018849903844124584,0.19291881096905703,0.2676536721986689,54200.0,54200.0,0.0,54200.0,54200.0,31.25043372,30.99734719999833,2.2994740250509738,27.315227900005993,37.546653099998366,30.8125,30.625,2.179107490978094,26.890625,36.703125
cx0.5_mut0.1,0.5,0.1,test_5,4,20,20,1.0,5.262561112725859,5.245551610477743,0.13644986008881627,5.058798083248975,5.499239161640294,0.22996235441272367,0.23009708600143303,0.013561390767212807,0.20581210603524447,0.2528112572027352,54200.0,54200.0,0.0,54200.0,54200.0,33.710557104997136,34.042227099998854,1.905295441017047,29.95803129998967,36.9491779999953,33.14921875,33.4765625,1.841061229414248,29.09375,35.859375
cx0.5_mut0.1,0.5,0.1,test_6,5,20,20,1.0,5.5103683033563815,5.468651372652984,0.20829313587937937,5.155632927022676,6.077648297440047,0.23287362213371784,0.2308596165068351,0.012203575912855029,0.20798738048440393,0.26271118805289584,54200.0,54200.0,0.0,54200.0,54200.0,33.08263634000032,33.04975755000487,1.4985753012436065,30.010799299998325,35.71411939999962,32.64375,32.765625,1.4981794050130521,29.421875,35.453125
cx0.5_mut0.1,0.5,0.1,test_7,6,20,20,1.0,5.187385424929542,5.197066908367873,0.18131728669141356,4.889509972345296,5.572741005471409,0.23783750229990427,0.2355391945941075,0.013216890040852984,0.2130558229593891,0.2593827027311306,54200.0,54200.0,0.0,54200.0,54200.0,33.256758175000144,33.346873150003375,1.605160930102122,30.513465799987898,36.00610790000064,32.8546875,33.046875,1.5028079871417723,30.40625,35.375
cx0.5_mut0.1,0.5,0.1,test_8,7,20,20,1.0,5.163328702144995,5.110507184256621,0.20842655185102546,4.860414595612116,5.570084948090532,0.23404360065490123,0.23747768869415886,0.018895380779359122,0.19652954441426826,0.264721094335703,54200.0,54200.0,0.0,54200.0,54200.0,33.73269446000195,33.25054874999478,1.8410282575358112,31.35098129999824,37.60042440000689,33.28515625,32.71875,1.7629694092502861,31.109375,37.1875
cx0.5_mut0.1,0.5,0.1,test_9,8,20,20,1.0,5.478222971687879,5.417395378439867,0.2346270902048161,5.1404403823003975,6.14837338375058,0.2276660205371089,0.22666627743566206,0.017875216206088586,0.1883328329671061,0.2580188631691195,54200.0,54200.0,0.0,54200.0,54200.0,32.261227145000156,32.09978819999378,1.6041731088606066,29.357876499998383,35.38351670000702,31.8625,31.6484375,1.577596478720415,28.96875,35.09375
cx0.5_mut0.1,0.5,0.1,test_10,9,20,20,1.0,5.370150606751971,5.338143691927033,0.13529972307184226,5.13490783074146,5.645060798327468,0.21709084071883294,0.22201122200964266,0.021233833371095426,0.17477233305276113,0.24813221615625314,54200.0,54200.0,0.0,54200.0,54200.0,32.972587399998154,33.287764799992146,1.9685289598729871,29.25980489999347,36.09385509999993,32.56796875,32.984375,1.9929929357375231,28.640625,35.765625
cx0.5_mut0.05,0.5,0.05,test_1,0,20,20,1.0,5.349264311225154,5.292465423583551,0.2607139992233224,4.998116838502408,6.024426577482245,0.22703658539052235,0.23316085052992333,0.019941584015016143,0.15596820052104043,0.2526848849968612,54200.0,54200.0,0.0,54200.0,54200.0,36.20023236000052,35.70736554999894,1.9597297650215653,33.22082310001133,40.637020699999994,35.7015625,35.359375,2.04965660735139,32.53125,40.421875
cx0.5_mut0.05,0.5,0.05,test_2,1,20,20,1.0,5.317429037559815,5.279492629648281,0.18283008503069295,5.0701198265549685,5.790928578402373,0.21589536876187393,0.21570995544402316,0.016737348866783228,0.18537881442604612,0.24500937028764633,54200.0,54200.0,0.0,54200.0,54200.0,35.22974060500201,35.36167335000209,1.5365637655938322,32.113868000000366,37.339852200006135,34.7609375,34.8515625,1.5135940000128831,31.484375,36.84375
cx0.5_mut0.05,0.5,0.05,test_3,2,20,20,1.0,5.123699222666023,5.106908112108641,0.15480101063337276,4.906048571341554,5.4950164744653875,0.24231616595228722,0.240673668379368,0.012313056717670379,0.22144904412654898,0.2681480909741706,54200.0,54200.0,0.0,54200.0,54200.0,35.74497032500076,35.969330350002565,1.2345258482854582,33.10521200000949,38.37356599999475,35.359375,35.40625,1.2149591008656693,32.90625,38.125
cx0.5_mut0.05,0.5,0.05,test_4,3,20,20,1.0,5.192863446723104,5.152187409285101,0.18096069537521994,4.971264158337949,5.626249877659155,0.23573537433241185,0.23524657176787095,0.014980325700496342,0.19882646971538062,0.26282410792208555,54200.0,54200.0,0.0,54200.0,54200.0,36.28841431000037,35.35659244999988,2.779914440846469,31.428814999992028,42.46956510000746,35.765625,34.8046875,2.6734639588881097,31.1875,42.046875
cx0.5_mut0.05,0.5,0.05,test_5,4,20,20,1.0,5.245243527053809,5.237510311379296,0.13753645196306358,5.03886675668773,5.644882687322444,0.2274366575206054,0.22728153852258925,0.015454627228540142,0.2004801505653474,0.25992943792355955,54200.0,54200.0,0.0,54200.0,54200.0,38.31335909999907,38.01242785000068,2.2407577017703075,32.24620570000843,43.203729400003795,37.75234375,37.5859375,2.231421579307021,31.609375,42.59375
cx0.5_mut0.05,0.5,0.05,test_6,5,20,20,1.0,5.514947205311438,5.507985910584393,0.15668250973434655,5.266261293487833,5.86512152884455,0.22427034118214784,0.2285955721516965,0.01621203375567936,0.19336048810499712,0.249303899276689,54200.0,54200.0,0.0,54200.0,54200.0,38.93107457499718,38.92699639999773,2.1258619861959938,35.37829269999929,43.28571199999715,38.40234375,38.46875,2.12342648664895,34.3125,42.578125
cx0.5_mut0.05,0.5,0.05,test_7,6,20,20,1.0,5.325971252896696,5.2570259557715175,0.2503217615120806,4.952167508272373,6.001540721232028,0.23573190179302075,0.23363160040515676,0.015011216741242428,0.20527653747922078,0.2611323726165795,54200.0,54200.0,0.0,54200.0,54200.0,38.3939008100002,38.635137099998246,2.0841919465830308,33.17859260000114,41.93293289998837,37.9328125,38.2109375,2.0253272711092114,33.03125,41.328125
cx0.5_mut0.05,0.5,0.05,test_8,7,20,20,1.0,5.296652423996827,5.208851976231514,0.386721188642388,4.82310589735591,6.521483937497259,0.22750679573863852,0.23474492748455936,0.02602859981399758,0.1504741789373726,0.26381141517799594,54200.0,54200.0,0.0,54200.0,54200.0,39.407796525001324,38.6706414000073,2.236003874316373,35.671139300000505,45.232836600000155,38.890625,38.234375,2.1073363686710493,35.34375,44.515625
cx0.5_mut0.05,0.5,0.05,test_9,8,20,20,1.0,5.520201194625577,5.4573031392263385,0.337300257120111,5.168933793080616,6.300283030558921,0.22991239703370514,0.2301423762922607,0.015077828703249281,0.18722598503459634,0.2503504738874316,54200.0,54200.0,0.0,54200.0,54200.0,38.02696080499955,37.94834239999909,1.8604957368052955,34.57965030000196,41.86577769998985,37.5625,37.5,1.871906713772294,34.078125,41.640625
cx0.5_mut0.05,0.5,0.05,test_10,9,20,20,1.0,5.576085210226347,5.4959117328671265,0.23770269944037173,5.274436463513986,6.058717006951786,0.2070343939832544,0.21037930824956708,0.02523814051335985,0.16135590061643978,0.24649500635898602,54200.0,54200.0,0.0,54200.0,54200.0,38.95494523499947,38.52039969999896,2.2838054155184957,34.61105370000587,44.241713399998844,38.51328125,38.1953125,2.338795613311911,34.0625,43.859375
cx0.5_mut0.01,0.5,0.01,test_1,0,20,20,1.0,5.52324976068321,5.508476390086479,0.21557067547272962,5.1633525863007925,5.9270389506193295,0.2190214134589814,0.22519688963764614,0.021159972189201685,0.1872747784142974,0.26490242122757945,54200.0,54200.0,0.0,54200.0,54200.0,38.98412597500137,38.600011850001465,1.8382946266117055,35.6932000000088,41.88263779999397,38.4578125,37.984375,1.8256393357876028,35.515625,41.46875
cx0.5_mut0.01,0.5,0.01,test_2,1,20,20,1.0,5.527865384224484,5.4591280467915855,0.30229795369012447,5.110599848125172,6.27574415000629,0.22150246416377833,0.23052709888351727,0.023651593258316048,0.17179435441251428,0.24845579427513365,54200.0,54200.0,0.0,54200.0,54200.0,37.599490469999,37.470465900005365,1.7853468983871106,33.983202099989285,40.93046560000221,37.11171875,37.0390625,1.7646697389662902,33.296875,40.75
cx0.5_mut0.01,0.5,0.01,test_3,2,20,20,1.0,5.281699146911124,5.214228806728227,0.24653096285351173,4.993100584244196,5.8781019277432325,0.24381281714636774,0.24542417383018564,0.015941670666400842,0.2101896045190414,0.27085980180230074,54200.0,54200.0,0.0,54200.0,54200.0,37.801277879999546,37.919801000003645,1.6122716545229299,34.67114090001269,41.06604439999501,37.33515625,37.546875,1.564213493027116,34.3125,40.4375
cx0.5_mut0.01,0.5,0.01,test_4,3,20,20,1.0,5.519541547992392,5.475144523196001,0.2658226294326507,5.175406017755364,6.397698041360047,0.23806757190509015,0.23763919550414653,0.01744602376980572,0.1977120721494856,0.26616025958973505,54200.0,54200.0,0.0,54200.0,54200.0,39.42852394499933,39.48703589999786,2.954843668434335,35.12057650000497,48.48870270000771,38.8703125,38.78125,2.7524804714817064,34.4375,47.171875
cx0.5_mut0.01,0.5,0.01,test_5,4,20,20,1.0,5.455543467239208,5.451145705702295,0.14794585183320227,5.202202685562006,5.756030286937623,0.2238515338349901,0.22341373131690037,0.01880103448603186,0.17298832528777544,0.25386642595025055,54200.0,54200.0,0.0,54200.0,54200.0,42.252564149998946,42.011519749998115,3.341152780085325,34.51901160000125,48.077720799992676,41.5671875,41.46875,3.3144044767290914,33.65625,47.53125
cx0.5_mut0.01,0.5,0.01,test_6,5,20,20,1.0,5.7488752177897195,5.723317953630624,0.22821260869254711,5.431999470052957,6.192835477675393,0.233359317340529,0.23888481473810558,0.017064852216129155,0.1931506064714427,0.2616612729362545,54200.0,54200.0,0.0,54200.0,54200.0,42.114346399997885,42.905218899999454,2.7269224368730174,36.242082700002356,45.2275224999903,41.59375,42.3203125,2.7063958572581748,35.984375,44.734375
cx0.5_mut0.01,0.5,0.01,test_7,6,20,20,1.0,5.515021305981181,5.419552699914073,0.36956215770239415,5.020745608109319,6.535016015172086,0.2328238644655935,0.23616373531955986,0.016896390165748277,0.19999471837899918,0.262013885544896,54200.0,54200.0,0.0,54200.0,54200.0,43.44620963499911,42.90524774999358,2.509787837278173,39.58051300000807,49.17100990000472,42.9375,42.421875,2.418150255442109,39.25,48.453125
cx0.5_mut0.01,0.5,0.01,test_8,7,20,20,1.0,5.505910405593642,5.508180418638979,0.2843287767593923,5.047870835249402,6.0507763614341235,0.2333608969052791,0.23781647615180118,0.019502017169004977,0.1901131322096175,0.25793349517891123,54200.0,54200.0,0.0,54200.0,54200.0,42.07835462499861,42.05742609999288,1.8496344830549767,39.06569119999767,45.4253400000016,41.5171875,41.5546875,1.6930335382613162,38.625,44.421875
cx0.5_mut0.01,0.5,0.01,test_9,8,20,20,1.0,5.642652804212131,5.627100573507663,0.22232477951072538,5.256071352793638,6.005813394671159,0.23090690223189933,0.23148792331561452,0.013944301214066101,0.21155373661151547,0.25315696953236844,54200.0,54200.0,0.0,54200.0,54200.0,42.312922099998104,42.105851899999834,2.538237180063484,37.93764730000112,49.03813600000285,41.803125,41.6484375,2.4684397706478056,37.53125,48.1875
cx0.5_mut0.01,0.5,0.01,test_10,9,20,20,1.0,5.8293044456150165,5.772824329727221,0.4004028615834005,5.153671729308798,7.174999460063329,0.21725887459267917,0.22883873432984725,0.02606564041167727,0.16794267913849031,0.2502899331966218,54200.0,54200.0,0.0,54200.0,54200.0,42.19995648999829,41.85277420000057,2.125091572477355,38.47581839999475,46.105432099997415,41.70234375,41.328125,2.106589138663853,37.890625,45.34375
cx0.5_mut0.001,0.5,0.001,test_1,0,20,20,1.0,6.062334286171255,6.01811238396521,0.3705892535315576,5.493738825251718,6.674360843092625,0.22981230885878068,0.23047669882321964,0.0183209244208154,0.20095303154231833,0.2654294298586908,54200.0,54200.0,0.0,54200.0,54200.0,37.92124000999975,38.51697119999881,2.0738149859901944,34.61556409999321,41.184441900011734,37.4046875,37.84375,2.045150438625932,34.171875,40.5
cx0.5_mut0.001,0.5,0.001,test_2,1,20,20,1.0,5.933574425021959,5.8841529153119625,0.32839506242788347,5.369328899431666,6.793784369595313,0.2219665644400753,0.2235324726441838,0.019040430287287836,0.18402589808290712,0.25602832240059836,54200.0,54200.0,0.0,54200.0,54200.0,35.44706937999945,35.3527372499957,1.4802477226694577,33.46183289999317,40.13317479999387,34.9421875,34.71875,1.5941699975490464,32.8125,39.875
cx0.5_mut0.001,0.5,0.001,test_3,2,20,20,1.0,5.703026567338767,5.593768276081136,0.35772018164524066,5.159864089627037,6.431761254663916,0.22998458501384128,0.2354101372179055,0.024291122651924003,0.16944027677489037,0.2677175964172178,54200.0,54200.0,0.0,54200.0,54200.0,36.88716974000054,37.10399795000558,1.566056910517572,34.611951800005045,39.51885680000123,36.43828125,36.6171875,1.56542879292399,33.921875,38.875
cx0.5_mut0.001,0.5,0.001,test_4,3,20,20,1.0,5.877429583781188,5.78152858296011,0.3931434172913659,5.386522660703536,7.04195459019061,0.23061677077853943,0.23227861033621838,0.016819918058385418,0.1984741144859484,0.25962604040157294,54200.0,54200.0,0.0,54200.0,54200.0,37.653994760000934,37.11417305000214,2.7202734951767544,32.72065730000031,44.88982989999931,37.14375,36.7578125,2.5875977288943015,32.265625,43.828125
cx0.5_mut0.001,0.5,0.001,test_5,4,20,20,1.0,5.906407415870701,5.848546162996509,0.31694501277599846,5.538086880225734,6.770153449592192,0.2217341178918017,0.21052438633283135,0.023854245230173515,0.1954685021330038,0.2610886458019606,54200.0,54200.0,0.0,54200.0,54200.0,40.26843732999987,40.02295769999182,2.769575526858415,33.93533720000414,45.61504770000465,39.59140625,39.4921875,2.7807892276137776,33.375,44.34375
cx0.5_mut0.001,0.5,0.001,test_6,5,20,20,1.0,6.259324719005231,6.215299971352567,0.30775544402551686,5.682650045901109,7.034590596367484,0.22204790946982395,0.22860596426348806,0.025602088447089805,0.17562361834786017,0.26682115771443116,54200.0,54200.0,0.0,54200.0,54200.0,40.74798127000031,40.80572034999932,2.065127433499955,36.484840700009954,44.943868299989845,40.22421875,40.2109375,2.109318804076003,35.40625,44.734375
cx0.5_mut0.001,0.5,0.001,test_7,6,20,20,1.0,5.793823349490124,5.824270119930984,0.3279164988473016,5.123742449985654,6.603406367754688,0.23179691332927402,0.2322342836100996,0.019658621550721397,0.17689434235569704,0.2702958668173251,54200.0,54200.0,0.0,54200.0,54200.0,41.35554950000078,40.80047860000195,2.852764433554398,35.899951400002465,45.97584660000575,40.8625,40.171875,2.866717904861347,35.703125,45.703125
cx0.5_mut0.001,0.5,0.001,test_8,7,20,20,1.0,6.052929035776193,6.0498647655450615,0.41235520199438325,5.299329567374081,6.974850549623782,0.21989691859779859,0.2210591789968955,0.02651341057446361,0.1692176859501401,0.25380165621837564,54200.0,54200.0,0.0,54200.0,54200.0,40.28755967999823,40.18038620000152,1.6758240441852024,36.53930330000003,42.87156420000247,39.76171875,39.703125,1.7084009224902277,36.125,42.625
cx0.5_mut0.001,0.5,0.001,test_9,8,20,20,1.0,6.060879058630095,6.015360968143671,0.32403270136376766,5.580689891696725,6.71618205739331,0.21588972729087388,0.21857683427468122,0.024555295699367027,0.1698039879496613,0.24897082621373676,54200.0,54200.0,0.0,54200.0,54200.0,41.11004849499877,41.19402215000446,2.55714002027978,36.82036369999696,47.979125199999544,40.62890625,40.6640625,2.4645506579330223,36.578125,47.171875
cx0.5_mut0.001,0.5,0.001,test_10,9,20,20,1.0,6.140348345429409,6.177541162747825,0.2517207744826126,5.66484815355914,6.579291598639675,0.21391751536349518,0.2201490141654114,0.022012770823373717,0.15329660845822402,0.2449854784729708,54200.0,54200.0,0.0,54200.0,54200.0,40.40213652000239,40.345440650002274,2.298126094450867,36.64200520000304,45.74194759999227,39.93125,39.828125,2.2773680471191904,36.328125,45.53125
cx0.3_mut0.3,0.3,0.3,test_1,0,20,20,1.0,5.376690117710373,5.3630272806629335,0.20930088344453834,5.040017353976069,5.850311779747154,0.21915328233588888,0.2204516674792893,0.025827520853609707,0.14581001240446193,0.254875377303621,54200.0,54200.0,0.0,54200.0,54200.0,17.125863534997915,17.160887649995857,1.040748812159136,15.275502000004053,19.340386700001545,16.89609375,16.9375,1.0403465799306282,15.21875,19.015625
cx0.3_mut0.3,0.3,0.3,test_2,1,20,20,1.0,5.318981324809255,5.281600886979172,0.1720084638809905,5.047362358099578,5.83272896295146,0.22249652942181522,0.2221713948047565,0.015068511508650951,0.1957222459505847,0.24790499965237367,54200.0,54200.0,0.0,54200.0,54200.0,17.647137630001815,17.61203314999875,1.577173417616921,15.25057000000379,20.85281440000108,17.4140625,17.40625,1.5623478544346578,14.984375,20.71875
cx0.3_mut0.3,0.3,0.3,test_3,2,20,20,1.0,5.1207830008909365,5.083842240706989,0.12712175685541807,4.968340591314273,5.322114421131994,0.23097913879805695,0.23717590099268793,0.02409835523188797,0.15156843531406017,0.26288614392610843,54200.0,54200.0,0.0,54200.0,54200.0,17.158255599998665,17.313887249998515,1.1099803549042457,14.102321200000006,19.16470280000067,16.94296875,17.09375,1.0752341941004429,13.890625,18.890625
cx0.3_mut0.3,0.3,0.3,test_4,3,20,20,1.0,5.238992681045808,5.171429140108842,0.20315803747977726,4.966418540774753,5.706485096406196,0.23063645517850348,0.2277507714842644,0.015309923378232459,0.20917172505694678,0.25902312263169347,54200.0,54200.0,0.0,54200.0,54200.0,17.843915484998433,17.23762309999438,1.6446575099363778,15.908405800000764,21.217822199992952,17.5875,16.9921875,1.5595317200542165,15.640625,20.71875
cx0.3_mut0.3,0.3,0.3,test_5,4,20,20,1.0,5.311595384489657,5.297115545453313,0.13745676590400713,5.109203202658611,5.6171095877053006,0.23081276528333766,0.2327376213116375,0.017873905323878694,0.19189794933599716,0.25879186360458384,54200.0,54200.0,0.0,54200.0,54200.0,19.4174336149983,18.893128349998733,1.9195892651320776,17.019344999993336,25.377187099991716,19.1046875,18.5234375,1.8496719959491963,16.671875,24.78125
cx0.3_mut0.3,0.3,0.3,test_6,5,20,20,1.0,5.413755163016761,5.374744116352611,0.1638236303010076,5.196610267849949,5.745592969615965,0.22423182880388642,0.22493049470805385,0.019813772461926386,0.18877873844253337,0.25509456553687543,54200.0,54200.0,0.0,54200.0,54200.0,18.287815694996972,18.183472699995036,1.6741753506937371,14.650692399998661,21.359639299989794,18.0359375,18.015625,1.639407442944024,14.359375,21.140625
cx0.3_mut0.3,0.3,0.3,test_7,6,20,20,1.0,5.1952478914640405,5.162278355477508,0.1922926337725451,4.937236946325312,5.596950182640738,0.22727802866443247,0.2311430960211851,0.022274051955096446,0.1820382535166251,0.2664793217683912,54200.0,54200.0,0.0,54200.0,54200.0,19.05395122500122,18.683438300002308,1.880615967628751,15.911927599998307,22.51679900000454,18.8390625,18.3515625,1.8545769584736342,15.75,22.203125
cx0.3_mut0.3,0.3,0.3,test_8,7,20,20,1.0,5.243386533916835,5.167445422666255,0.2976964091665002,4.893243298597629,5.898412212761971,0.2320043631918483,0.23240385100012145,0.01563041853014028,0.19895144363862463,0.25470436496898424,54200.0,54200.0,0.0,54200.0,54200.0,18.778763504998643,18.608722650002164,1.6830380308333792,15.250779999987572,22.47568400000455,18.56953125,18.3203125,1.639504434049537,15.171875,22.140625
cx0.3_mut0.3,0.3,0.3,test_9,8,20,20,1.0,5.4579548476853255,5.4068825881311975,0.1625493375618142,5.238399870045016,5.85214258221617,0.2310737451220636,0.23098533552220948,0.01687148552375849,0.19030039245113275,0.25506346349428144,54200.0,54200.0,0.0,54200.0,54200.0,18.35328658999788,18.21797279999737,1.4793502398672358,14.315558500005864,20.970143300000927,18.13984375,17.96875,1.4727904513576249,14.203125,20.546875
cx0.3_mut0.3,0.3,0.3,test_10,9,20,20,1.0,5.458596689370633,5.427847970509601,0.1724613098907917,5.206163643370568,5.962227105038457,0.2227104724363774,0.2293404814319165,0.017015067610571765,0.18194362630102792,0.24308098138612838,54200.0,54200.0,0.0,54200.0,54200.0,18.601131800001166,18.983629750000546,1.2924664009640912,15.59993690000556,20.43957469999441,18.34765625,18.6640625,1.2385669057655164,15.421875,20.28125
cx0.3_mut0.2,0.3,0.2,test_1,0,20,20,1.0,5.162312353699809,5.1367828191797615,0.19442995378947148,4.938532532996165,5.7684062232160445,0.2286989335731716,0.22847566441888084,0.015485956024925956,0.20067400216786882,0.24965148616957586,54200.0,54200.0,0.0,54200.0,54200.0,21.847184374997596,22.048728399997344,1.4653548470696665,18.886976900001173,24.313126199995168,21.540625,21.765625,1.4399417905586906,18.625,23.9375
cx0.3_mut0.2,0.3,0.2,test_2,1,20,20,1.0,5.305569860106555,5.272946503065407,0.19114138525180072,5.066310091854936,5.784258718368027,0.21594414168744755,0.21435598936654954,0.019143265846656512,0.1584229546324705,0.23956658498292885,54200.0,54200.0,0.0,54200.0,54200.0,22.56936905500188,22.64913174999674,1.1470390155936359,20.980709900002694,25.676960400000098,22.26484375,22.2890625,1.0897775016414504,20.703125,25.171875
cx0.3_mut0.2,0.3,0.2,test_3,2,20,20,1.0,5.1231083826750865,5.113284165356805,0.16309731713252043,4.855872405286867,5.554472545964564,0.24268869428894396,0.24534744752311516,0.014942091118785365,0.21027452033209956,0.26596616722373917,54200.0,54200.0,0.0,54200.0,54200.0,22.027870234999863,21.977844050001295,0.8065002363642129,20.73079349999898,23.602918000004138,21.7546875,21.7109375,0.8348719690885165,20.25,23.21875
cx0.3_mut0.2,0.3,0.2,test_4,3,20,20,1.0,5.174457427670306,5.181088924711304,0.16790373582167437,4.946289631000692,5.651206755095322,0.23456222052522083,0.23084369344671757,0.012435278517827641,0.21333164901350748,0.25897046241583394,54200.0,54200.0,0.0,54200.0,54200.0,22.430540984999244,22.206518599996343,1.452040094906331,20.434303600006388,25.19709299999522,22.10078125,21.78125,1.4032632298427186,20.078125,24.796875
cx0.3_mut0.2,0.3,0.2,test_5,4,20,20,1.0,5.254710419537763,5.229799479947753,0.13452759855850702,5.095050247979479,5.681244261957814,0.23054291173717667,0.23376133913521058,0.019800807467547463,0.1895170249107693,0.26199203307437924,54200.0,54200.0,0.0,54200.0,54200.0,23.9575579849974,24.03059394999582,1.5521549271044117,20.445011199990404,27.283930699995835,23.54296875,23.5234375,1.4854080113964392,20.25,26.875
cx0.3_mut0.2,0.3,0.2,test_6,5,20,20,1.0,5.450873233138465,5.4447170717587765,0.16089154441362077,5.211871838055825,5.734156737330785,0.22483358250944532,0.22999792166418012,0.01748909516519849,0.19248513544484683,0.2505235237751677,54200.0,54200.0,0.0,54200.0,54200.0,23.314638605002983,23.101761450001504,1.7276982556815346,19.378432099998463,26.408568700004253,23.02578125,22.859375,1.6520340691353437,19.3125,26.078125
cx0.3_mut0.2,0.3,0.2,test_7,6,20,20,1.0,5.153603229403704,5.1596707255165,0.18059210556717398,4.846791420373539,5.559285886184318,0.23383941835641503,0.22929126960864177,0.020118340784682803,0.20013882590907262,0.26554668632929324,54200.0,54200.0,0.0,54200.0,54200.0,23.17114619000131,23.09933915000147,1.6086689006946593,19.535417699997197,26.037191099996562,22.91015625,22.7421875,1.5544105975306077,19.421875,25.5
cx0.3_mut0.2,0.3,0.2,test_8,7,20,20,1.0,5.171579218544252,5.0844004110653795,0.29959082316555585,4.822897394260002,5.9618944031802155,0.23584890013896778,0.23551599241640953,0.015716435452737446,0.19667099346405353,0.26354897214026274,54200.0,54200.0,0.0,54200.0,54200.0,23.902830505000747,23.929521999998542,1.1523590382718967,21.345235700006015,25.80891530000372,23.58984375,23.640625,1.1209823522272482,21.1875,25.625
cx0.3_mut0.2,0.3,0.2,test_9,8,20,20,1.0,5.343050748694684,5.347382902222492,0.11462984257871085,5.140220721460248,5.661000740299468,0.2294344566065924,0.23045630244237006,0.012289041989452685,0.1980590260351967,0.2466285375580931,54200.0,54200.0,0.0,54200.0,54200.0,24.137809740000375,23.814969850005582,1.2667561036210007,22.537742699991213,26.805039900005795,23.8453125,23.59375,1.251088136580881,22.046875,26.40625
cx0.3_mut0.2,0.3,0.2,test_10,9,20,20,1.0,5.463978167532526,5.432720617667574,0.2195574406773594,5.095553200506103,6.039733869892116,0.21457047648980593,0.2129857996867169,0.02246025356392366,0.17412240767250828,0.24426181968719096,54200.0,54200.0,0.0,54200.0,54200.0,24.031656749998366,24.330291799989936,1.5952271881051423,20.823910599996452,26.156871400002274,23.75078125,23.984375,1.5518177196409944,20.546875,26.0
cx0.3_mut0.1,0.3,0.1,test_1,0,20,20,1.0,5.313014873444116,5.21838844767101,0.2648492342156462,4.953434885519226,5.986833797757744,0.22461075925874074,0.224277790566577,0.021088440236076613,0.18502552112718743,0.2591220808764454,54200.0,54200.0,0.0,54200.0,54200.0,31.243511340000985,31.002306199996383,1.0737735940436655,29.38521910000418,33.332671299998765,30.825,30.625,1.140141615309487,28.828125,33.015625
cx0.3_mut0.1,0.3,0.1,test_2,1,20,20,1.0,5.323764281844943,5.295199570596389,0.1646601360661501,5.116922447468342,5.883683771297352,0.22169458964224892,0.22125352962049388,0.020460645570828582,0.16736142170945445,0.25045694148146874,54200.0,54200.0,0.0,54200.0,54200.0,30.230744200001936,30.01767299999483,1.383687812506525,28.12704870000016,34.83889509999426,29.8171875,29.5625,1.3076360768099815,27.71875,34.015625
cx0.3_mut0.1,0.3,0.1,test_3,2,20,20,1.0,5.154932391141276,5.094171904740626,0.23869875900299148,4.826203727829701,5.931599347184002,0.24397106440068578,0.24279741755692835,0.010990824548448854,0.22492407428892766,0.2642437431924598,54200.0,54200.0,0.0,54200.0,54200.0,30.89203453500304,30.943892150004103,0.8498124423944837,29.240891399997054,32.397771500007366,30.51484375,30.6328125,0.8111146305383445,28.859375,31.6875
cx0.3_mut0.1,0.3,0.1,test_4,3,20,20,1.0,5.194242355828024,5.1428456579734725,0.20551600350711627,4.907303712358518,5.772990986006923,0.23210097376902433,0.2338695931032801,0.016010811945938765,0.20298358194760208,0.2570385323508979,54200.0,54200.0,0.0,54200.0,54200.0,31.31710379500073,30.412187100002484,2.5538214672847626,27.591752099993755,36.6938983,30.83984375,30.0625,2.3984187488552116,27.328125,35.703125
cx0.3_mut0.1,0.3,0.1,test_5,4,20,20,1.0,5.3635854301624954,5.247986313253977,0.2632582693213473,5.116860233650318,6.1440764438718585,0.22641493175139843,0.2310261289436979,0.015920214289183804,0.187708177304141,0.24864800357014558,54200.0,54200.0,0.0,54200.0,54200.0,33.403826085000034,33.326837200002046,1.726551914641691,28.689888099994278,36.53037559999211,32.82578125,32.7265625,1.8143796614037153,27.921875,35.59375
cx0.3_mut0.1,0.3,0.1,test_6,5,20,20,1.0,5.543199881335843,5.542051749178983,0.24235306474592486,5.1949108467264935,6.103309758463231,0.23004328890883144,0.22584901279453717,0.022692802542293746,0.1744556569639987,0.2679323922896573,54200.0,54200.0,0.0,54200.0,54200.0,32.68663062499836,32.94006929999159,1.7633947551207834,29.313053800011403,35.596299400000134,32.2875,32.4375,1.6946379858130547,28.671875,34.828125
cx0.3_mut0.1,0.3,0.1,test_7,6,20,20,1.0,5.145283054923855,5.054526259547744,0.2945315658142352,4.737143743014093,5.772783643953627,0.2350984257164316,0.23913642769507026,0.0192290047123762,0.20272148153801214,0.2702878589890318,54200.0,54200.0,0.0,54200.0,54200.0,33.13133429500012,33.32102234999911,1.9362631467528886,29.470215699999244,35.84566679999989,32.74140625,33.109375,1.850473322218339,29.34375,35.21875
cx0.3_mut0.1,0.3,0.1,test_8,7,20,20,1.0,5.222594584613339,5.197988122417316,0.34625273046184174,4.785143442236516,6.192476945366214,0.2375384465488694,0.23618202351922382,0.013378261507190696,0.20744530902395547,0.2592339122487637,54200.0,54200.0,0.0,54200.0,54200.0,34.61465664999923,34.86628419999761,2.1644251047374694,31.031260700008716,38.17863579999539,34.1328125,34.09375,2.055032209177408,30.8125,37.8125
cx0.3_mut0.1,0.3,0.1,test_9,8,20,20,1.0,5.331797391609962,5.281201966123911,0.200546508863124,5.145138879754212,5.866118671796916,0.22846889147392294,0.2296991553085011,0.016925389623648257,0.199588609415583,0.2562330403502657,54200.0,54200.0,0.0,54200.0,54200.0,33.576828299998304,33.79698364999058,1.249895836174257,30.509105599994655,36.09026490000542,33.19765625,33.3828125,1.2264252563176778,30.390625,35.765625
cx0.3_mut0.1,0.3,0.1,test_10,9,20,20,1.0,5.367226801101221,5.3578383735369925,0.12432666841309126,5.137140211897405,5.683289796804544,0.21613801448112907,0.21956608852984244,0.022428513812909084,0.16202240447793098,0.2474053038827373,54200.0,54200.0,0.0,54200.0,54200.0,33.668566064999325,33.824769200000446,1.639804023647884,29.459008499994525,36.7420245000103,33.26875,33.34375,1.6563555080594705,28.890625,36.171875
cx0.3_mut0.05,0.3,0.05,test_1,0,20,20,1.0,5.437486640141683,5.419544913006977,0.3349672703553888,4.958365272509434,6.195710374689535,0.23492754294905582,0.23796709886193407,0.023080364807114173,0.14881355624188292,0.2613603206560071,54200.0,54200.0,0.0,54200.0,54200.0,35.837956819997636,35.77848984999582,1.2029586663375893,33.43428590000258,38.532761099995696,35.34140625,35.21875,1.2162938623798234,32.71875,37.640625
cx0.3_mut0.05,0.3,0.05,test_2,1,20,20,1.0,5.343550648949946,5.294912077003233,0.2150642901216365,5.098223743797313,5.767256298601901,0.22475873505494376,0.22236728551797055,0.01610727149513344,0.19203464263692463,0.2606251314722588,54200.0,54200.0,0.0,54200.0,54200.0,35.76594377500078,35.426940550001746,1.593084288177725,33.970399600002565,38.824605200003134,35.29765625,35.0625,1.5496716396010741,33.390625,38.15625
cx0.3_mut0.05,0.3,0.05,test_3,2,20,20,1.0,5.195263917707727,5.148085437365818,0.2205866638769136,4.898032733390345,5.780157389925205,0.24241324712285178,0.24313848641332164,0.014034411116988391,0.21461870356775892,0.26412885173812983,54200.0,54200.0,0.0,54200.0,54200.0,35.36359970499907,35.207344349997584,1.2925250152100367,32.972991500006174,37.7250495999906,34.909375,34.8671875,1.270560754129534,32.5,37.28125
cx0.3_mut0.05,0.3,0.05,test_4,3,20,20,1.0,5.363184664013984,5.318953652736395,0.2325566317506206,5.0112624189789035,6.023950970356136,0.23551785543294837,0.23583059524616384,0.01674832459684703,0.1998826408680178,0.2677651728425914,54200.0,54200.0,0.0,54200.0,54200.0,36.78110827499986,36.33395365000615,2.6978428758108732,32.29902779999247,42.20591590000549,36.26640625,35.984375,2.509185812287301,32.015625,40.984375
cx0.3_mut0.05,0.3,0.05,test_5,4,20,20,1.0,5.461823215929824,5.337786254996385,0.32621420727914546,5.139700466069385,6.139178734163706,0.22536222261160127,0.22258976708421213,0.018316009302457747,0.1854892461536089,0.25935576859577675,54200.0,54200.0,0.0,54200.0,54200.0,39.19624010499829,39.774549250003474,2.0066945763241355,34.655011899987585,42.80831330000365,38.5078125,39.1328125,1.9976117782521814,33.890625,41.875
cx0.3_mut0.05,0.3,0.05,test_6,5,20,20,1.0,5.665626082101509,5.652737195173165,0.22336746728184034,5.309318113386238,6.172661948711697,0.22757075338477448,0.22638629453747294,0.015875530610640835,0.19190310985224723,0.2506372152977118,54200.0,54200.0,0.0,54200.0,54200.0,38.858679505000325,39.14097059999767,1.714487641560212,33.773423799997545,41.85275969999202,38.35078125,38.578125,1.7620187248257362,32.890625,41.046875
cx0.3_mut0.05,0.3,0.05,test_7,6,20,20,1.0,5.37196180387893,5.308244795389985,0.3691701020371257,4.866783072502937,6.228639539131983,0.23861886352853814,0.24147336495018915,0.023091847659582426,0.1843711372216546,0.27904387283262144,54200.0,54200.0,0.0,54200.0,54200.0,38.55588052000021,38.832831700005045,1.7379050964474818,34.72007919999305,41.06276469999284,38.096875,38.40625,1.6581543173455173,34.46875,40.6875
cx0.3_mut0.05,0.3,0.05,test_8,7,20,20,1.0,5.458008827510877,5.395958265579709,0.3999381605484116,4.780191571797853,6.246535198801587,0.2379725511222671,0.24571955106616186,0.023370853737322592,0.18632141028456578,0.26679114885969435,54200.0,54200.0,0.0,54200.0,54200.0,39.51479119999931,38.91247085000214,1.6394851864190059,36.892661400008365,42.89382330000808,38.98359375,38.4921875,1.4929545596663747,36.703125,41.75
cx0.3_mut0.05,0.3,0.05,test_9,8,20,20,1.0,5.456492218162338,5.406421401965688,0.29721217628592844,5.072041937239797,6.234762269773776,0.230890519071609,0.23018375844557204,0.013120640431720924,0.2087696314590758,0.2518249887590298,54200.0,54200.0,0.0,54200.0,54200.0,39.345930490001045,39.22668965000048,1.7446786619900676,36.649455599996145,42.35904519999167,38.90703125,38.875,1.8168510261191468,36.0,42.125
cx0.3_mut0.05,0.3,0.05,test_10,9,20,20,1.0,5.50709178076003,5.48172915495325,0.1818847565341454,5.266675925380296,5.918996063969312,0.21548494953369982,0.21585826144007636,0.017231173498692496,0.1810990277274374,0.24545966998280827,54200.0,54200.0,0.0,54200.0,54200.0,39.09974231000088,38.90660249999928,1.447462231507824,36.462558100000024,41.56857799999125,38.6171875,38.3203125,1.4217484761520898,36.234375,41.3125
cx0.3_mut0.01,0.3,0.01,test_1,0,20,20,1.0,5.638508581988246,5.5368289882299075,0.44068061893174093,5.013687867079017,6.642946262823576,0.22656942651185413,0.23082239826073642,0.020545856032306156,0.18758731300797332,0.2558579474114892,54200.0,54200.0,0.0,54200.0,54200.0,39.081843885000126,38.84381800000847,2.1991479283686965,35.315723200008506,42.7938642000081,38.55234375,38.2578125,2.122575502297222,34.578125,42.21875
cx0.3_mut0.01,0.3,0.01,test_2,1,20,20,1.0,5.524080008035121,5.578023382176845,0.17927541720848977,5.180935598829504,5.934063388777637,0.22384534121421001,0.22485748926421345,0.017034439515813207,0.18173851023866613,0.25661138653757953,54200.0,54200.0,0.0,54200.0,54200.0,37.56499821499965,37.943853700002364,2.2339161223888824,32.55397720000474,41.76884479999717,37.06640625,37.4765625,2.2123986825876254,32.25,41.421875
cx0.3_mut0.01,0.3,0.01,test_3,2,20,20,1.0,5.239400571501665,5.259057323726211,0.22818467360752126,4.868603353398316,5.913097274729756,0.2408936261687245,0.2391904550120249,0.014467895933274157,0.2066581672941688,0.26752602349997273,54200.0,54200.0,0.0,54200.0,54200.0,38.1305262400012,38.328944499997306,1.553730526827645,35.01367540001229,40.481815899998765,37.6453125,37.9140625,1.568861228757561,34.296875,40.140625
cx0.3_mut0.01,0.3,0.01,test_4,3,20,20,1.0,5.527582767985065,5.505496360075599,0.27257620654186304,5.1329945676097655,6.354326502993204,0.23223207957242745,0.2357981550463899,0.021192646076723658,0.18901539668501274,0.26478308359551017,54200.0,54200.0,0.0,54200.0,54200.0,39.220536639998315,38.30768099999841,3.2185613875111256,35.56760179999401,47.82984679999936,38.67734375,37.90625,3.0680052349213702,35.109375,46.703125
cx0.3_mut0.01,0.3,0.01,test_5,4,20,20,1.0,5.529788191458049,5.485033270097443,0.24607659311595403,5.230098899338113,6.36581946226373,0.2284723872771001,0.23014627832941792,0.01523807569654497,0.20340322388768156,0.2573960780504067,54200.0,54200.0,0.0,54200.0,54200.0,41.592330034998305,41.61085720000119,2.3764183917734334,36.34086050000042,45.51939940000011,40.884375,41.109375,2.4128753628083173,35.34375,44.109375
cx0.3_mut0.01,0.3,0.01,test_6,5,20,20,1.0,5.950088007067232,5.809454725849402,0.41210198885724925,5.354942612421658,6.900136891430197,0.2240780073156438,0.2245706421904437,0.01838592274665754,0.17360846189126453,0.2564367386076113,54200.0,54200.0,0.0,54200.0,54200.0,41.61116012500061,41.87662965000345,1.6230271102503324,37.7095127000066,44.863446899995324,41.06953125,41.390625,1.5788330143794207,37.4375,43.90625
cx0.3_mut0.01,0.3,0.01,test_7,6,20,20,1.0,5.498147084666534,5.416544692366867,0.3268175974679806,4.974423257566244,6.247994970297871,0.2365366347014871,0.23976968687045386,0.02502715236944927,0.14977842413505468,0.26610046149013644,54200.0,54200.0,0.0,54200.0,54200.0,42.04030041000151,42.02620850000676,2.5853000853358825,35.87276919999567,46.08834339999885,41.46640625,41.6015625,2.5842320759737847,35.1875,45.140625
cx0.3_mut0.01,0.3,0.01,test_8,7,20,20,1.0,5.68435029824621,5.618625600387105,0.5151544722845834,5.025018915729058,6.90756382241249,0.23962839903949468,0.2394629198640934,0.017904016742690137,0.1996485623075936,0.2667756642908579,54200.0,54200.0,0.0,54200.0,54200.0,42.21046097000217,42.18332670000382,2.3003984296548294,37.813183199992636,47.43374670000048,41.66796875,41.6328125,2.255013574280462,37.234375,46.53125
cx0.3_mut0.01,0.3,0.01,test_9,8,20,20,1.0,5.651334907394078,5.612395437768114,0.25701389456340057,5.232598604199877,6.175642273857125,0.21931604889184092,0.21962649290488734,0.017553361578943764,0.18844603172523397,0.2521402710216858,54200.0,54200.0,0.0,54200.0,54200.0,41.36878708499935,41.4257523999986,2.043567490024279,36.44035679999797,43.90724640000553,40.8578125,40.875,2.0453389173940293,36.1875,43.578125
cx0.3_mut0.01,0.3,0.01,test_10,9,20,20,1.0,5.826495801091472,5.749394422331242,0.30242394476589013,5.318178663563885,6.5821028842548,0.21070966576734582,0.208838222417023,0.02278679491562284,0.14285776896649438,0.24486980500417554,54200.0,54200.0,0.0,54200.0,54200.0,42.92616782500045,42.62659410000197,1.6047451502297398,40.25108000000182,46.508130100002745,42.4296875,42.0859375,1.6119438491652995,39.578125,45.96875
cx0.3_mut0.001,0.3,0.001,test_1,0,20,20,1.0,6.136730847473364,5.997251022803502,0.5319133612536975,5.390332877274485,7.050319892843947,0.23195580657136597,0.23128768621133255,0.019536615867912967,0.1901900430157274,0.2627419428561989,54200.0,54200.0,0.0,54200.0,54200.0,38.32559768500214,38.15806069999962,2.27497199067468,34.726067700001295,42.90127950000169,37.81484375,37.6875,2.245948901221858,34.421875,42.5
cx0.3_mut0.001,0.3,0.001,test_2,1,20,20,1.0,5.951399684947824,5.779001772720923,0.36569283204457254,5.471133928816026,6.683473034640743,0.21950585197489447,0.2191173516167262,0.017241850379158184,0.17911754312294859,0.24972720883918198,54200.0,54200.0,0.0,54200.0,54200.0,35.9318922150007,35.91174239999964,1.5038399178703667,33.18636019999394,38.6370908000099,35.4359375,35.2890625,1.4431640771076402,32.953125,38.390625
cx0.3_mut0.001,0.3,0.001,test_3,2,20,20,1.0,5.810189399452371,5.686232359711225,0.39437511787661106,5.355513453492787,7.17607948413394,0.23071987480336192,0.22795699231301186,0.021809355555616233,0.1933289633790001,0.2640698649110074,54200.0,54200.0,0.0,54200.0,54200.0,36.240645244999904,36.416481499996735,1.6983992448215084,33.38831629999913,39.22231670000474,35.80859375,35.9375,1.7553583013851548,32.6875,38.890625
cx0.3_mut0.001,0.3,0.001,test_4,3,20,20,1.0,6.010889938501076,5.929708665730516,0.36997583084324337,5.405538374009054,6.686637999898097,0.22362179222968742,0.23035491233121713,0.023731088931998916,0.161384878959727,0.25664126295554507,54200.0,54200.0,0.0,54200.0,54200.0,37.2749991100005,37.042211649997625,2.7055469538684314,32.75189900000987,43.72607610000705,36.75390625,36.5078125,2.5518063283923715,32.25,42.921875
cx0.3_mut0.001,0.3,0.001,test_5,4,20,20,1.0,5.992132192783828,5.94044147627614,0.30406294705777914,5.546318108343284,6.60778577689478,0.21863940852115232,0.22150500046170613,0.027836428774310158,0.15002129964826802,0.26981303699181397,54200.0,54200.0,0.0,54200.0,54200.0,39.746089224998286,40.41965524999978,2.3665585215656124,35.81617449999612,45.149107199991704,39.09296875,39.375,2.3469466960717926,35.640625,44.828125
cx0.3_mut0.001,0.3,0.001,test_6,5,20,20,1.0,6.312284719643047,6.345124468134937,0.38758789323251736,5.598281121911379,7.135950654404923,0.21680760196367466,0.21850040844473995,0.02520734409052295,0.17120435353174057,0.26054920650420155,54200.0,54200.0,0.0,54200.0,54200.0,40.006048535000446,39.57542430000467,2.5060049864893568,34.60823439998785,44.39554549999593,39.48984375,39.390625,2.383361940536317,34.359375,43.59375
cx0.3_mut0.001,0.3,0.001,test_7,6,20,20,1.0,5.897199664305314,5.972948435030396,0.37021312150286945,5.262889697317707,6.62606116429905,0.22639117988738305,0.22891942184101594,0.024098115774918653,0.17161710342211706,0.2558023271112864,54200.0,54200.0,0.0,54200.0,54200.0,39.841039699999236,39.85781334999774,1.9324063115021104,36.60694689999218,43.105480300000636,39.3671875,39.1875,1.8875845495615344,36.171875,42.71875
cx0.3_mut0.001,0.3,0.001,test_8,7,20,20,1.0,6.243420451365351,6.145829851684164,0.40559437825626815,5.6095706882631315,7.074446703057132,0.23086251112278106,0.23021450098165902,0.02524500772444589,0.1836226343680947,0.2647685571622381,54200.0,54200.0,0.0,54200.0,54200.0,40.56989302000293,41.68541929999628,2.5867566421521304,35.8251406000054,43.99241710000206,40.046875,41.0859375,2.5883544069899336,35.546875,43.578125
cx0.3_mut0.001,0.3,0.001,test_9,8,20,20,1.0,6.234398761667437,6.19951064990547,0.4606283663694069,5.5723394048780195,7.150236199303669,0.20576978046529018,0.2085728997515443,0.0255517436882566,0.15584258680403734,0.24075484819766507,54200.0,54200.0,0.0,54200.0,54200.0,40.185002865001294,39.97803964999912,2.418458077202762,35.228046899996116,44.24322889999894,39.73203125,39.3984375,2.348467155413838,34.90625,43.9375
cx0.3_mut0.001,0.3,0.001,test_10,9,20,20,1.0,6.149467957670132,6.18767029184614,0.36509529994521756,5.553055288302112,6.8500533158641845,0.20445926640367063,0.20651570510699174,0.02009206623268273,0.17441576038373455,0.2426355559355447,54200.0,54200.0,0.0,54200.0,54200.0,39.9179636950008,39.371210500001325,2.359616158970261,36.9402173999988,46.17394449999847,39.44609375,38.84375,2.35966893755463,36.71875,45.90625
cx0.1_mut0.3,0.1,0.3,test_1,0,20,20,1.0,5.300959227663016,5.258262473017828,0.24867308680367647,4.947742964628416,5.890811659217107,0.2163542133049055,0.218997061208776,0.019924575399067355,0.16781275708847102,0.24038857555662074,54200.0,54200.0,0.0,54200.0,54200.0,17.7228211300011,17.54235404999781,1.0245519685249,16.650511900006677,20.52807010000106,17.496875,17.3125,1.0391765741694872,16.28125,20.375
cx0.1_mut0.3,0.1,0.3,test_2,1,20,20,1.0,5.298445625412845,5.327137132194977,0.12908503951422085,5.109431489438286,5.487433525700601,0.2204205767180066,0.2256141896076146,0.017610647404909724,0.17653880791545007,0.240714963295929,54200.0,54200.0,0.0,54200.0,54200.0,18.375170664999313,18.11310374999448,1.3450629033260635,16.24243730001035,21.168052399996668,18.1046875,17.828125,1.2991182247996442,16.125,20.640625
cx0.1_mut0.3,0.1,0.3,test_3,2,20,20,1.0,5.13468384227952,5.138056518818457,0.11766151185290208,4.946889277488152,5.337346524715057,0.23405836533826427,0.22969512296999173,0.01898224144208815,0.20287842180065177,0.26104397432340465,54200.0,54200.0,0.0,54200.0,54200.0,18.844616604998738,19.13537030000589,0.9688216290036805,17.066405099991243,20.191368799991324,18.63515625,18.984375,0.942479579629231,16.90625,19.859375
cx0.1_mut0.3,0.1,0.3,test_4,3,20,20,1.0,5.2433634466155645,5.213335548134589,0.18838066194212771,5.050255532920055,5.844497615749642,0.23189369612848468,0.23420895527707886,0.01941242527867062,0.18495969986946895,0.2713765875319273,54200.0,54200.0,0.0,54200.0,54200.0,18.168879240001843,17.717566649997025,1.5803675906805146,16.020815299998503,21.65751970000565,17.95546875,17.546875,1.5062769144106647,15.953125,21.265625
cx0.1_mut0.3,0.1,0.3,test_5,4,20,20,1.0,5.326134388411176,5.324078251998051,0.09937968857083376,5.082323239765342,5.491035772362805,0.21760123563755554,0.2210182827424535,0.018946103557427863,0.18520614099059643,0.24043186414285936,54200.0,54200.0,0.0,54200.0,54200.0,20.24806802999956,19.91208045001258,1.58560581683576,17.76077079999959,23.38697650001268,19.91015625,19.640625,1.5214329761055037,17.453125,23.203125
cx0.1_mut0.3,0.1,0.3,test_6,5,20,20,1.0,5.449988967807172,5.423878193293539,0.15235760697543307,5.242951976457999,5.819810247911507,0.22228858405998347,0.22358059774415243,0.016027557515750395,0.18508483307136842,0.24644500124231639,54200.0,54200.0,0.0,54200.0,54200.0,19.096537239999453,18.96372304999386,1.248761833148394,16.76766490000591,21.679281799995806,18.84921875,18.609375,1.1964503742945929,16.625,21.515625
cx0.1_mut0.3,0.1,0.3,test_7,6,20,20,1.0,5.223743732078377,5.184021988787043,0.192798694766595,4.954731327272963,5.702046501033353,0.23188535206039926,0.23412488036974216,0.02002916155214545,0.181625253448595,0.26108143557756364,54200.0,54200.0,0.0,54200.0,54200.0,19.93552597000089,19.587173300002178,1.6377865741546156,16.91042989998823,23.585796500003198,19.6828125,19.2578125,1.647008258865066,16.71875,23.25
cx0.1_mut0.3,0.1,0.3,test_8,7,20,20,1.0,5.224992233086214,5.222206204521239,0.2019378978811586,4.857591675685529,5.590408887151506,0.23333040429844565,0.23961110670658514,0.017225189155165185,0.1953426730026134,0.25479809787790264,54200.0,54200.0,0.0,54200.0,54200.0,19.41516851999622,19.378804050000326,1.386384515369247,16.329627899991465,21.06937279998965,19.203125,19.2578125,1.3758221226444554,16.09375,20.96875
cx0.1_mut0.3,0.1,0.3,test_9,8,20,20,1.0,5.375204530917887,5.32530043826257,0.1306352390000348,5.2273231947521985,5.648740776163863,0.22436865260621378,0.22562193212468074,0.013157081571386167,0.20307866505777167,0.2515579526841731,54200.0,54200.0,0.0,54200.0,54200.0,19.574893534999138,19.648208549995616,1.3612253198367876,17.138630999994348,22.550260599993635,19.33671875,19.2890625,1.3541089678581564,17.03125,22.421875
cx0.1_mut0.3,0.1,0.3,test_10,9,20,20,1.0,5.475493244980768,5.471596332094327,0.19632266308862462,5.177065808656868,5.938892147338,0.21647407471618285,0.21610829432685225,0.017149171950915434,0.17263437160786355,0.24907981671782897,54200.0,54200.0,0.0,54200.0,54200.0,19.72835041500075,19.8841958500052,1.9841422272644103,15.015704000004916,23.773958699996,19.50859375,19.65625,1.967042355437188,14.921875,23.625
cx0.1_mut0.2,0.1,0.2,test_1,0,20,20,1.0,5.286704835824062,5.2180585237087875,0.2690681618582502,4.961090693532381,6.1617676011291715,0.2291600572282408,0.23123861719061506,0.014160205004331572,0.19371499320887586,0.2537779891695349,54200.0,54200.0,0.0,54200.0,54200.0,23.3150804900004,23.235544800001662,1.1296990215002887,21.07266149998759,25.32995369999844,23.01640625,23.0,1.1405683903580186,20.765625,25.171875
cx0.1_mut0.2,0.1,0.2,test_2,1,20,20,1.0,5.25700647566484,5.237802153700525,0.139974044305054,5.056402763468316,5.564265995621579,0.21595309638612217,0.2191520120733909,0.016866031009177246,0.1902975412332933,0.24108134176730775,54200.0,54200.0,0.0,54200.0,54200.0,22.946248690001813,22.91628750000382,0.7975629120673119,21.66373860000749,24.132476900005713,22.64140625,22.640625,0.7244389240844382,21.5,23.765625
cx0.1_mut0.2,0.1,0.2,test_3,2,20,20,1.0,5.19736196503587,5.099406206522975,0.2880544815340239,4.96525094365222,6.120109609880255,0.23687010565460415,0.24167926290630212,0.0229610269545977,0.19281324303821282,0.26767299952193946,54200.0,54200.0,0.0,54200.0,54200.0,23.19694013999906,23.201541199996427,1.081601082400484,21.077498099999502,24.92991360000451,22.93046875,22.9375,1.0794230243902905,20.8125,24.703125
cx0.1_mut0.2,0.1,0.2,test_4,3,20,20,1.0,5.26912351242437,5.230710638516046,0.24757511842633578,4.961022114529548,6.049669755016293,0.23457158426229605,0.2333718945716263,0.01446340182450292,0.2088444124026948,0.2585546708998296,54200.0,54200.0,0.0,54200.0,54200.0,23.101169225000195,22.88544874999934,1.412877855309959,21.226359000007506,26.43732579999778,22.7921875,22.515625,1.3398342196032076,21.078125,25.875
cx0.1_mut0.2,0.1,0.2,test_5,4,20,20,1.0,5.290617768828795,5.259237354191127,0.15705427598190122,5.075040349752117,5.721177466709275,0.2284717574870081,0.2292225703246188,0.016896364588041123,0.20404031949840612,0.2579180557288838,54200.0,54200.0,0.0,54200.0,54200.0,25.289925415001925,25.029526599995734,1.9416548415190866,21.16054520000762,28.930966400002944,24.86796875,24.75,1.8506538548804532,20.71875,28.375
cx0.1_mut0.2,0.1,0.2,test_6,5,20,20,1.0,5.525473434751406,5.514914210714018,0.19331633491287017,5.2072719606864,5.974108757376456,0.22871235449933827,0.23136680041954738,0.015144547418925779,0.1957977416586746,0.25221086262775677,54200.0,54200.0,0.0,54200.0,54200.0,24.091389704999166,24.446667250005703,1.9731945415468062,19.056026300007943,27.462573800003156,23.7609375,24.2265625,1.9304978787952332,18.609375,27.109375
cx0.1_mut0.2,0.1,0.2,test_7,6,20,20,1.0,5.208455705200545,5.15783549445223,0.2693285100999587,4.865914722578591,5.809896249491366,0.2334662654070733,0.23776680447808896,0.0175369068097444,0.20244841557023116,0.26484312189428016,54200.0,54200.0,0.0,54200.0,54200.0,24.662839099997655,24.822010550000414,1.9701207467364876,20.216916700010188,28.041856499999994,24.39296875,24.6328125,1.9292672805824462,20.078125,27.84375
cx0.1_mut0.2,0.1,0.2,test_8,7,20,20,1.0,5.185483483298232,5.171355250167773,0.2667169179843874,4.852575177148437,5.895097196610235,0.2389218438032402,0.24142599527626096,0.01735446027289992,0.20144453298345774,0.2680711503573231,54200.0,54200.0,0.0,54200.0,54200.0,24.78433427500058,25.287677950000216,1.4586895758205056,21.147513799995068,27.23387900000671,24.48203125,24.921875,1.4898770518833486,20.6875,27.0
cx0.1_mut0.2,0.1,0.2,test_9,8,20,20,1.0,5.361413278002962,5.3638838480630575,0.12797110337269496,5.149302470147244,5.638642180059193,0.22819836613544756,0.23993193254050493,0.023417188560113072,0.19026546891854848,0.25393430062488626,54200.0,54200.0,0.0,54200.0,54200.0,24.721439780000217,24.813818449998507,1.602355801319179,21.649389400001382,28.079605400009314,24.45,24.4765625,1.5524313750830037,21.4375,27.28125
cx0.1_mut0.2,0.1,0.2,test_10,9,20,20,1.0,5.488206218064148,5.485308949512072,0.17311403780179194,5.194782409051375,5.971052713260138,0.21576968732445034,0.21490141123128642,0.022044621967016887,0.17080647792303932,0.25498194574767225,54200.0,54200.0,0.0,54200.0,54200.0,24.524072494999565,24.20194300000003,1.5626959414401052,22.197714000009,27.10785980000219,24.2140625,23.8671875,1.527444754955409,22.09375,26.671875
cx0.1_mut0.1,0.1,0.1,test_1,0,20,20,1.0,5.330734511281435,5.352252542480054,0.2571970315987277,4.9703485304093515,5.840012688906394,0.23326495411736933,0.23711658854834436,0.013874802326025802,0.19014928683629398,0.2524561891648806,54200.0,54200.0,0.0,54200.0,54200.0,31.387366279999696,31.191364199992677,1.2789907269095824,29.58986160000495,34.41120960000262,30.98359375,30.7890625,1.2857198487227577,29.21875,34.109375
cx0.1_mut0.1,0.1,0.1,test_2,1,20,20,1.0,5.3132293723789745,5.317391048407053,0.16779426559995883,5.040973569154834,5.694062135712921,0.22318154727761091,0.22982851978494412,0.018222405775898003,0.18427981035986402,0.25252850578321406,54200.0,54200.0,0.0,54200.0,54200.0,31.3834256000031,31.448281350007164,1.3652278727804974,29.273534200008726,34.255542400002014,30.95546875,30.828125,1.385030651068658,28.890625,34.046875
cx0.1_mut0.1,0.1,0.1,test_3,2,20,20,1.0,5.165009198853129,5.103182927742068,0.29197680507325346,4.866663404031597,6.205666844999783,0.23898278099491593,0.2417715560619686,0.015164033706869532,0.2006178416716387,0.2690951239976828,54200.0,54200.0,0.0,54200.0,54200.0,31.26846288000088,31.311155549999967,1.5182320432441743,28.020581299992045,34.18623930000467,30.846875,30.921875,1.4884474951182136,27.734375,33.578125
cx0.1_mut0.1,0.1,0.1,test_4,3,20,20,1.0,5.195686946526616,5.187441286172208,0.20132184825531238,4.916354333385135,5.590523617255106,0.23972029132135847,0.23605441430201668,0.014483891006791342,0.20900651497026393,0.2709239965695539,54200.0,54200.0,0.0,54200.0,54200.0,31.510237759999292,31.07577649999439,1.682727820505291,29.118629399992642,36.22148069999821,31.09921875,30.6484375,1.6284224697313614,28.765625,35.75
cx0.1_mut0.1,0.1,0.1,test_5,4,20,20,1.0,5.282274105429784,5.264819257361933,0.13264001893733424,5.043321575709452,5.613616542325267,0.23447023957636098,0.23652603912811415,0.014065867688060297,0.20910700263898013,0.25428397660052654,54200.0,54200.0,0.0,54200.0,54200.0,34.19306598500261,34.034507250005845,1.9894407313147906,30.143114400008926,37.012484700011555,33.65625,33.4765625,1.9130460176873618,30.0,36.484375
cx0.1_mut0.1,0.1,0.1,test_6,5,20,20,1.0,5.50196085920022,5.515520360510724,0.18608400630102517,5.242967651713782,6.053083502799123,0.2294388185731834,0.2289044235308634,0.0133262574462503,0.2031650717441024,0.25039641944998203,54200.0,54200.0,0.0,54200.0,54200.0,33.468962665001165,33.70463575000031,1.702473915435867,29.561520500006736,36.191525000002,33.02109375,33.1328125,1.6013611073633538,29.328125,35.171875
cx0.1_mut0.1,0.1,0.1,test_7,6,20,20,1.0,5.247810044084997,5.121752790786903,0.28629982199891096,4.960424578207926,5.9468864907457615,0.24008921094770225,0.23874646811196704,0.021552872983329075,0.19107689338663775,0.2716481982532149,54200.0,54200.0,0.0,54200.0,54200.0,34.38130840500016,34.1585483999952,1.825121384098258,31.507107099998393,37.93631949998962,34.00390625,33.7578125,1.7824894334571841,31.109375,37.328125
cx0.1_mut0.1,0.1,0.1,test_8,7,20,20,1.0,5.282531991314699,5.189948899963598,0.38292652072538785,4.758952679518135,6.095043473426602,0.23512666140707483,0.23737658928663635,0.01912031985711537,0.19652805405053628,0.26366149762980695,54200.0,54200.0,0.0,54200.0,54200.0,34.13782189999911,34.4061989000038,1.4841447888441603,31.526727399992524,36.9316431999905,33.721875,34.125,1.4970210963206054,31.234375,36.796875
cx0.1_mut0.1,0.1,0.1,test_9,8,20,20,1.0,5.381838451561022,5.3480430750930195,0.19249761469908278,5.030746019833064,5.719946092588662,0.2261804124015716,0.226112604934683,0.012825727938648933,0.20213289141344054,0.25677223337570243,54200.0,54200.0,0.0,54200.0,54200.0,34.13902612500097,34.27200984999945,1.4400049163741102,31.55675030000566,36.784753499989165,33.709375,33.8359375,1.4962037350495807,31.15625,36.578125
cx0.1_mut0.1,0.1,0.1,test_10,9,20,20,1.0,5.409020762894362,5.379483031383278,0.14195047076562364,5.202767028839135,5.714500551962603,0.21976563431542565,0.22168869239303987,0.01758763547381097,0.18221292484742288,0.24879852837322705,54200.0,54200.0,0.0,54200.0,54200.0,33.968457760000454,33.82655014999909,1.6246509261302884,30.85634100000607,38.169519899995066,33.540625,33.390625,1.6197441572262026,30.546875,37.796875
cx0.1_mut0.05,0.1,0.05,test_1,0,20,20,1.0,5.418343129528704,5.449267122441556,0.2055346249176176,5.0665723631873,5.787682742102578,0.22818334418085104,0.2280235317012126,0.017003792235130242,0.20400510753439627,0.2563111299581303,54200.0,54200.0,0.0,54200.0,54200.0,36.102112175001096,36.18392300000414,1.0112144500666975,33.9971086000005,37.64830119999533,35.596875,35.6171875,0.9820762109991904,33.59375,37.3125
cx0.1_mut0.05,0.1,0.05,test_2,1,20,20,1.0,5.3744510559376995,5.351056524474053,0.2441640086685712,5.0894273430020265,6.1898132577989005,0.21843837260733837,0.22781632799740964,0.023302182631086184,0.158351967346368,0.2550870663256468,54200.0,54200.0,0.0,54200.0,54200.0,35.034718684999824,34.91463769999973,1.14464051891744,32.761850399998366,37.26319220000005,34.57265625,34.375,1.1345455210206825,32.1875,37.0625
cx0.1_mut0.05,0.1,0.05,test_3,2,20,20,1.0,5.193778499038493,5.143187570118514,0.23771908782146184,4.925396730407384,6.015326224802283,0.24217860647563194,0.24251913441258482,0.011823888483719897,0.21316882062673478,0.26175554756900893,54200.0,54200.0,0.0,54200.0,54200.0,35.99931385500022,36.05929180000385,1.0184887230293114,33.73642159999872,37.77812299999641,35.57421875,35.7734375,0.9474916433763899,33.40625,37.09375
cx0.1_mut0.05,0.1,0.05,test_4,3,20,20,1.0,5.302080433639183,5.181055661881266,0.29158141755954087,4.991502702080162,6.193770350494435,0.23629682961182655,0.24066361647462448,0.018115863920142167,0.19928541224999094,0.2577205750784582,54200.0,54200.0,0.0,54200.0,54200.0,36.43024363500081,35.92957259999821,2.4807794498233204,33.211354599989136,42.87384590000147,35.9140625,35.515625,2.3088770740183704,32.984375,42.015625
cx0.1_mut0.05,0.1,0.05,test_5,4,20,20,1.0,5.441056784006863,5.398687322371369,0.20754783657921394,5.102128199322436,5.857586648446279,0.22207566546117108,0.22151687496587436,0.021859424958244784,0.17441908201118694,0.2639201808232177,54200.0,54200.0,0.0,54200.0,54200.0,38.53617523000139,38.98535209999682,2.2968893923169595,34.4457579000009,42.37482959999761,37.9265625,38.0859375,2.262711375158073,33.96875,41.84375
cx0.1_mut0.05,0.1,0.05,test_6,5,20,20,1.0,5.623066761723398,5.5885267628195106,0.24135484177663846,5.306761786487449,6.088381157639158,0.23059660047778618,0.23243593954057512,0.0110467464659785,0.21536329072103097,0.2463883931384745,54200.0,54200.0,0.0,54200.0,54200.0,38.626369295001496,38.394055099997786,2.560000149486233,32.53738340000564,43.04293100000359,38.0578125,37.8671875,2.55118802546635,31.859375,42.203125
cx0.1_mut0.05,0.1,0.05,test_7,6,20,20,1.0,5.381012149553297,5.2478579890544825,0.35084771373618096,4.989564450688308,6.375824918656871,0.23253588322752877,0.23434597646929112,0.0189875811366893,0.18984386138159295,0.2594480165813381,54200.0,54200.0,0.0,54200.0,54200.0,38.653084979998674,38.450216399993224,2.5975888326407595,35.10886360000586,44.878816900003585,38.209375,38.1484375,2.537062851248311,34.765625,44.125
cx0.1_mut0.05,0.1,0.05,test_8,7,20,20,1.0,5.462470743164269,5.449771066218619,0.3125029485653762,5.048763989081472,6.240072035788235,0.23895435719379154,0.24439289396803365,0.017141424329588296,0.20279123692768997,0.2723876836835714,54200.0,54200.0,0.0,54200.0,54200.0,39.19899595999887,39.206082500000775,2.125150864452219,34.598721000002115,43.12675679998938,38.6765625,38.4453125,2.0754372706273756,34.328125,42.890625
cx0.1_mut0.05,0.1,0.05,test_9,8,20,20,1.0,5.482817125750435,5.488804596680897,0.19620874663023669,5.199174163011336,5.850979544383078,0.22099971094318321,0.22458746328154677,0.01904037661342454,0.18308939904394209,0.249916975369262,54200.0,54200.0,0.0,54200.0,54200.0,38.81794748000247,38.77764230000321,2.2037173148196816,35.12765670000226,42.190128600006574,38.3515625,38.3984375,2.1803896423801605,34.671875,41.859375
cx0.1_mut0.05,0.1,0.05,test_10,9,20,20,1.0,5.582741360630421,5.605761430638336,0.20910343691380723,5.273521384781135,6.020031390875778,0.21577786535330876,0.22093051168663924,0.02486979340510598,0.1684251362144683,0.24881019745770105,54200.0,54200.0,0.0,54200.0,54200.0,39.32428548999887,39.039070200000424,1.5018076522275765,37.25494400000025,42.69901209999807,38.83515625,38.6015625,1.6182367718583113,36.515625,42.5
cx0.1_mut0.01,0.1,0.01,test_1,0,20,20,1.0,5.764475012650349,5.722275644233466,0.41953569275112407,5.114086059739623,6.928053008403475,0.22613609680611185,0.22490803231796344,0.018268245198716913,0.17931095017733784,0.25165693167718306,54200.0,54200.0,0.0,54200.0,54200.0,38.2628507100002,37.64943590000621,1.8932779436694944,35.760922300003585,43.028797599996324,37.7890625,37.109375,1.8489035079590879,35.46875,42.453125
cx0.1_mut0.01,0.1,0.01,test_2,1,20,20,1.0,5.603489990444185,5.577291263586038,0.29115283629305605,5.204185490726091,6.19554628727838,0.21922738420068272,0.22251856831883368,0.023501095793605008,0.1563371510995953,0.24821623172035082,54200.0,54200.0,0.0,54200.0,54200.0,37.964428264998425,38.10376049999468,1.7720553908908725,34.63328159999219,40.41163449999294,37.471875,37.78125,1.8541369441240818,34.109375,40.203125
cx0.1_mut0.01,0.1,0.01,test_3,2,20,20,1.0,5.469959898930412,5.350208062118094,0.4083809303313169,4.948337028859947,6.618688149864197,0.23658614886322815,0.23382912579707643,0.017182832782610413,0.2072372140198647,0.26232951753269884,54200.0,54200.0,0.0,54200.0,54200.0,38.5931584400023,38.337817549996544,1.7621466915438404,35.266853500012076,42.973741699999664,38.13515625,37.84375,1.7378223725336888,34.9375,42.53125
cx0.1_mut0.01,0.1,0.01,test_4,3,20,20,1.0,5.58788407719632,5.505677817892666,0.35672636847048905,5.074819016648547,6.368720783390934,0.22877585314656387,0.23109290773756785,0.023286968047088668,0.1833750975396509,0.25896328831630094,54200.0,54200.0,0.0,54200.0,54200.0,38.79312694000036,37.829567400003725,2.7007015983462432,36.06034219999856,44.37203349999618,38.21875,37.3984375,2.581414866660489,35.5,43.5625
cx0.1_mut0.01,0.1,0.01,test_5,4,20,20,1.0,5.603175675958349,5.458190488405546,0.3643439816862919,5.172261727770416,6.525280054482311,0.22086124091219156,0.22356413158766225,0.02224795282560951,0.16961475303512766,0.2607691325788163,54200.0,54200.0,0.0,54200.0,54200.0,40.89369285500216,40.41999470000155,2.2556382065592557,34.63429810000525,45.58770610000647,40.23984375,39.8828125,2.2943941074972476,34.015625,45.40625
cx0.1_mut0.01,0.1,0.01,test_6,5,20,20,1.0,5.976563484254011,5.872011452079793,0.31761809893174714,5.579749750239842,6.616415155312959,0.22982415542370965,0.2329699060127327,0.020297185509733886,0.19210486255966966,0.26084835258687045,54200.0,54200.0,0.0,54200.0,54200.0,42.64740682499833,42.50347270000202,1.7760509454907398,38.611699999994016,46.03261300000304,42.115625,42.171875,1.7885814036548633,37.671875,45.359375
cx0.1_mut0.01,0.1,0.01,test_7,6,20,20,1.0,5.574281151756393,5.446796057890156,0.36282694083196537,5.178275848693163,6.287944579463549,0.22881261269463157,0.23530470583264923,0.02294291633417012,0.15994171336684634,0.2660016115168296,54200.0,54200.0,0.0,54200.0,54200.0,41.004857645001174,40.68712475000939,1.7568704738857566,39.052571099993656,46.22809600000619,40.55546875,40.1875,1.6900601543886842,38.5625,45.34375
cx0.1_mut0.01,0.1,0.01,test_8,7,20,20,1.0,5.783292581068099,5.781257913161991,0.329147853585611,5.138639742018622,6.72825633589375,0.2355565608376084,0.24063006819356847,0.020836902502476547,0.20034734926932599,0.2646108620884146,54200.0,54200.0,0.0,54200.0,54200.0,41.35158697500155,41.04308850000234,1.8329171794614445,38.12194670000463,44.67135699999926,40.8,40.8515625,1.7354422688240174,37.890625,44.265625
cx0.1_mut0.01,0.1,0.01,test_9,8,20,20,1.0,5.753408151313174,5.693173666651772,0.33356611926533314,5.273501844114705,6.463045424332915,0.21968014788077594,0.227129675301344,0.02622752588557346,0.1555587492151803,0.25770349827750577,54200.0,54200.0,0.0,54200.0,54200.0,41.9488595099996,41.27539334999892,2.462827188850527,37.67501350000384,46.95411370000511,41.475,40.8125,2.4549885018891424,37.0,46.515625
cx0.1_mut0.01,0.1,0.01,test_10,9,20,20,1.0,5.782476897229008,5.782989299428391,0.373054341354329,5.289861613510828,6.896174117764453,0.2146962059310406,0.2207352027030011,0.022116998249293928,0.17616534747133225,0.25239398356526627,54200.0,54200.0,0.0,54200.0,54200.0,42.70088814500123,42.42042660000152,2.3171867153273147,37.46023690000584,46.91573160000553,42.18359375,41.921875,2.2673279387204452,36.953125,46.3125
cx0.1_mut0.001,0.1,0.001,test_1,0,20,20,1.0,6.290928042447055,6.1590955119907,0.3676651069596324,5.772489427013339,7.1487977842364945,0.21218974763876308,0.2175861115264453,0.029948831570866582,0.14126380088774038,0.2501777035853602,54200.0,54200.0,0.0,54200.0,54200.0,37.42589227999997,36.62528409999504,2.83678572928074,33.73364790000778,45.17209649999859,36.90078125,36.15625,2.8750772077376117,32.921875,44.796875
cx0.1_mut0.001,0.1,0.001,test_2,1,20,20,1.0,6.039505011355814,6.068285928785382,0.28029155628633073,5.603513670289811,6.725138019961593,0.2190110264152109,0.22006237794625566,0.020353577265809886,0.16574411091768662,0.24666334637506712,54200.0,54200.0,0.0,54200.0,54200.0,36.02690378999978,35.80906129999494,1.460829910118484,33.92805370000133,39.57954190000601,35.53359375,35.2578125,1.4625277195275694,33.21875,39.296875
cx0.1_mut0.001,0.1,0.001,test_3,2,20,20,1.0,6.028452234871216,5.94094822102379,0.47261745489907103,5.387802283946673,6.969477103781958,0.23326380155980947,0.23168129418929018,0.013034175021803813,0.21178827235420689,0.268333173570402,54200.0,54200.0,0.0,54200.0,54200.0,36.70211938000066,36.76627069999813,1.5902085454256565,33.678206800002954,39.34781320000184,36.27109375,36.4140625,1.567994246491756,33.296875,39.109375
cx0.1_mut0.001,0.1,0.001,test_4,3,20,20,1.0,6.173430622556565,6.197413164371186,0.31198254456796065,5.5476301134644626,6.583744299016848,0.23012640240484603,0.23098257860358568,0.01940352497514141,0.1822741247298815,0.2588195809798167,54200.0,54200.0,0.0,54200.0,54200.0,37.4601186749991,37.42292195000482,2.807255250634097,32.70888859999832,45.08144480000192,36.9515625,36.796875,2.7148428329703105,32.40625,44.296875
cx0.1_mut0.001,0.1,0.001,test_5,4,20,20,1.0,6.127252733250907,6.079828102876555,0.3639937296693605,5.568861909669791,6.877018187664786,0.22090109791160056,0.2222921196872059,0.01909823580673575,0.19297173073882296,0.2596010122135804,54200.0,54200.0,0.0,54200.0,54200.0,40.322853945001405,40.07028580000042,2.640161895532153,33.533493399998406,44.29644210000697,39.67109375,39.6796875,2.585013599066782,33.171875,43.5
cx0.1_mut0.001,0.1,0.001,test_6,5,20,20,1.0,6.464310181981832,6.381243334306102,0.3748052989733446,5.846098520076745,7.54656117275544,0.22134570857070685,0.22310304052058122,0.020112403755887635,0.17098690404669395,0.2545015565402504,54200.0,54200.0,0.0,54200.0,54200.0,40.004712519999885,39.858430349995615,2.0375186967453476,36.92964159999974,44.535924300012994,39.45234375,39.3125,1.916149841974701,36.15625,43.625
cx0.1_mut0.001,0.1,0.001,test_7,6,20,20,1.0,6.091184471847215,6.014066903046231,0.40837976019702626,5.635478253818487,7.047308859781764,0.22844015014510508,0.22701638623701115,0.021095754927357987,0.1981338668167189,0.2600596826055109,54200.0,54200.0,0.0,54200.0,54200.0,39.752772484998424,39.54275409999536,1.2196123233408602,37.759170000004815,41.78445030000876,39.27578125,39.1640625,1.2022251312635983,37.203125,41.453125
cx0.1_mut0.001,0.1,0.001,test_8,7,20,20,1.0,6.294496801943058,6.2342772020289505,0.44172744425896066,5.674073077678382,7.218289727957752,0.23440045966731643,0.2353029566054543,0.012528832445921408,0.20757685869852083,0.25556454227521325,54200.0,54200.0,0.0,54200.0,54200.0,40.66657000500054,40.32402770000044,1.7655668390717663,37.60639080000692,43.902946199988946,40.11328125,39.796875,1.8211276269597325,36.421875,43.28125
cx0.1_mut0.001,0.1,0.001,test_9,8,20,20,1.0,6.4314315094816,6.397400550058219,0.41260613800508633,5.838137650655821,7.508617541844331,0.2103131320113631,0.21565822074961674,0.022831518004303303,0.16450855225491154,0.24145645584694483,54200.0,54200.0,0.0,54200.0,54200.0,39.179294094998475,39.23846789999516,1.7423209958615657,36.22169340000255,42.027156600001035,38.7390625,38.75,1.735460779145973,35.59375,41.734375
cx0.1_mut0.001,0.1,0.001,test_10,9,20,20,1.0,6.415689639023244,6.366779345658422,0.43622826114130253,5.747939747459668,7.456154360279305,0.21515410674785285,0.2231008652139845,0.02390122675368642,0.1651350778666304,0.24523811799132478,54200.0,54200.0,0.0,54200.0,54200.0,40.52330904000119,40.470095699995,2.0703743932550003,36.92078160001256,44.97925620000751,40.0125,40.171875,2.024480115200469,36.53125,44.265625
