combo,crossover_rate,mutation_rate,instance,instance_index,run,run_seed,best_fitness,total_distance,evaluations,generations,execution_time,cpu_time,feasible
cx0.1_mut0.0001,0.1,0.0001,test_1,0,0,42,91.93986454703999,89.5868743472152,60000,300,9.995666899999833,9.796875,True
cx0.1_mut0.0001,0.1,0.0001,test_1,0,1,43,85.34103037445423,82.47892046347286,60000,300,8.810204699999758,8.703125,True
cx0.1_mut0.0001,0.1,0.0001,test_1,0,2,44,77.03759330252998,74.58963491753856,60000,300,11.316664399999809,11.21875,True
cx0.1_mut0.0001,0.1,0.0001,test_1,0,3,45,75.41418746194222,73.61912661282624,60000,300,11.312306799999988,11.125,True
cx0.1_mut0.0001,0.1,0.0001,test_1,0,4,46,82.31461686224002,79.60877473643946,60000,300,9.908839400000033,9.78125,True
cx0.1_mut0.0001,0.1,0.0001,test_1,0,5,47,69.70295500409254,67.7932992060108,60000,300,8.73639409999987,8.671875,True
cx0.1_mut0.0001,0.1,0.0001,test_1,0,6,48,78.39325151390773,76.5560107273668,60000,300,11.240343000000394,11.03125,True
cx0.1_mut0.0001,0.1,0.0001,test_1,0,7,49,91.87940693829694,89.85755121423348,60000,300,10.770957700000054,10.609375,True
cx0.1_mut0.0001,0.1,0.0001,test_1,0,8,50,79.46159583837768,77.70227703251122,60000,300,8.734225299999707,8.609375,True
cx0.1_mut0.0001,0.1,0.0001,test_1,0,9,51,99.63665524600837,97.48374905679184,60000,300,9.426893899999868,9.40625,True
cx0.1_mut0.0001,0.1,0.0001,test_1,0,10,52,68.98440758297761,66.77249279628506,60000,300,10.157036099999914,9.90625,True
cx0.1_mut0.0001,0.1,0.0001,test_1,0,11,53,85.95583049795336,83.95237567786057,60000,300,9.003105700000106,8.84375,True
cx0.1_mut0.0001,0.1,0.0001,test_1,0,12,54,76.87975981059334,74.62106378408097,60000,300,8.549174000000221,8.40625,True
cx0.1_mut0.0001,0.1,0.0001,test_1,0,13,55,80.45083762621606,78.1086693072715,60000,300,8.15416069999992,8.109375,True
cx0.1_mut0.0001,0.1,0.0001,test_1,0,14,56,76.76729548544586,74.47326572326644,60000,300,8.479915900000378,8.3125,True
cx0.1_mut0.0001,0.1,0.0001,test_1,0,15,57,60.659123733636854,58.024815752267365,60000,300,8.357666799999606,8.28125,True
cx0.1_mut0.0001,0.1,0.0001,test_1,0,16,58,89.99820781397823,88.05880122641146,60000,300,8.299445399999968,8.234375,True
cx0.1_mut0.0001,0.1,0.0001,test_1,0,17,59,82.73372195030869,80.83302118759833,60000,300,10.401734500000202,10.21875,True
cx0.1_mut0.0001,0.1,0.0001,test_1,0,18,60,98.41540384666449,96.21813382325618,60000,300,7.4253794000005655,7.375,True
cx0.1_mut0.0001,0.1,0.0001,test_1,0,19,61,101.76588986554621,99.82372454776197,60000,300,8.047624499999984,8.015625,True
cx0.1_mut0.0001,0.1,0.0001,test_2,1,0,142,98.09989318947099,95.56272975920614,60000,300,8.310494700000163,8.265625,True
cx0.1_mut0.0001,0.1,0.0001,test_2,1,1,143,68.13221808482375,65.82199826504208,60000,300,7.8598918999996386,7.8125,True
cx0.1_mut0.0001,0.1,0.0001,test_2,1,2,144,69.60471537232706,67.72353307738332,60000,300,11.337850400000207,11.21875,True
cx0.1_mut0.0001,0.1,0.0001,test_2,1,3,145,74.30521337857446,72.21229150480397,60000,300,8.62320920000002,8.5625,True
cx0.1_mut0.0001,0.1,0.0001,test_2,1,4,146,68.83103734533735,67.47902858797545,60000,300,8.145648100000471,8.078125,True
cx0.1_mut0.0001,0.1,0.0001,test_2,1,5,147,78.45774715531037,76.63412258743438,60000,300,8.562201200000345,8.484375,True
cx0.1_mut0.0001,0.1,0.0001,test_2,1,6,148,87.87881538849098,85.45622902263051,60000,300,7.725621599999613,7.71875,True
cx0.1_mut0.0001,0.1,0.0001,test_2,1,7,149,73.44927458217676,71.50854916576515,60000,300,7.620208100000127,7.53125,True
cx0.1_mut0.0001,0.1,0.0001,test_2,1,8,150,66.06444303521853,63.9264968064445,60000,300,7.471625400000448,7.375,True
cx0.1_mut0.0001,0.1,0.0001,test_2,1,9,151,79.61697802561272,77.73938377915007,60000,300,9.999326300000575,9.765625,True
cx0.1_mut0.0001,0.1,0.0001,test_2,1,10,152,55.706870288508014,53.944727007388494,60000,300,10.964134900000317,10.734375,True
cx0.1_mut0.0001,0.1,0.0001,test_2,1,11,153,70.91613691376585,68.92383964027995,60000,300,8.427438799999436,8.3125,True
cx0.1_mut0.0001,0.1,0.0001,test_2,1,12,154,61.723029192896526,59.82123926814316,60000,300,8.305698600000142,8.21875,True
cx0.1_mut0.0001,0.1,0.0001,test_2,1,13,155,61.04876616125441,58.40678509986232,60000,300,8.544986599999902,8.515625,True
cx0.1_mut0.0001,0.1,0.0001,test_2,1,14,156,88.3875388735403,86.07547771362837,60000,300,8.373994499999753,8.3125,True
cx0.1_mut0.0001,0.1,0.0001,test_2,1,15,157,68.43461118694222,66.19936220193047,60000,300,8.762628100000256,8.703125,True
cx0.1_mut0.0001,0.1,0.0001,test_2,1,16,158,64.78327990077631,62.63688119368627,60000,300,8.073027300000831,7.9375,True
cx0.1_mut0.0001,0.1,0.0001,test_2,1,17,159,74.54724660590576,72.9063685317825,60000,300,8.46120990000054,8.40625,True
cx0.1_mut0.0001,0.1,0.0001,test_2,1,18,160,81.15947052026803,78.62754418086676,60000,300,10.24209559999963,10.15625,True
cx0.1_mut0.0001,0.1,0.0001,test_2,1,19,161,77.09464682586025,75.15979470657489,60000,300,8.572347599999375,8.453125,True
cx0.1_mut0.0001,0.1,0.0001,test_3,2,0,242,81.29815665989327,79.34874371589378,60000,300,8.265976800000317,8.25,True
cx0.1_mut0.0001,0.1,0.0001,test_3,2,1,243,74.4912942697534,72.07746568225197,60000,300,10.209452699999929,10.140625,True
cx0.1_mut0.0001,0.1,0.0001,test_3,2,2,244,91.60019556199468,89.07432472256309,60000,300,10.193455900000117,10.109375,True
cx0.1_mut0.0001,0.1,0.0001,test_3,2,3,245,85.95272467913716,83.52473722416097,60000,300,8.619129800000337,8.484375,True
cx0.1_mut0.0001,0.1,0.0001,test_3,2,4,246,83.39424457775196,80.62599667348687,60000,300,8.499366900000496,8.421875,True
cx0.1_mut0.0001,0.1,0.0001,test_3,2,5,247,69.03263793670347,66.96445457767034,60000,300,10.515454500000487,10.3125,True
cx0.1_mut0.0001,0.1,0.0001,test_3,2,6,248,69.32493690735929,67.19757227550096,60000,300,10.5921658999996,10.40625,True
cx0.1_mut0.0001,0.1,0.0001,test_3,2,7,249,77.11475154083415,75.31503892227725,60000,300,8.060035000000425,7.984375,True
cx0.1_mut0.0001,0.1,0.0001,test_3,2,8,250,81.19894354950397,78.25027352905182,60000,300,8.610693499999797,8.5,True
cx0.1_mut0.0001,0.1,0.0001,test_3,2,9,251,67.9587503138953,66.3350616487112,60000,300,8.594563100000414,8.484375,True
cx0.1_mut0.0001,0.1,0.0001,test_3,2,10,252,73.17921421347445,70.85660461289767,60000,300,9.898346399999355,9.671875,True
cx0.1_mut0.0001,0.1,0.0001,test_3,2,11,253,61.16420967472265,58.842936302107596,60000,300,8.180389199999809,8.109375,True
cx0.1_mut0.0001,0.1,0.0001,test_3,2,12,254,78.96715900445056,76.95544273130096,60000,300,8.19552829999975,8.046875,True
cx0.1_mut0.0001,0.1,0.0001,test_3,2,13,255,62.77445663464159,60.55509091644668,60000,300,10.538550399999622,10.28125,True
cx0.1_mut0.0001,0.1,0.0001,test_3,2,14,256,81.91653345796686,79.53516571014096,60000,300,8.564352600000348,8.421875,True
cx0.1_mut0.0001,0.1,0.0001,test_3,2,15,257,72.67005666343432,70.69968179143859,60000,300,8.864981900000203,8.8125,True
cx0.1_mut0.0001,0.1,0.0001,test_3,2,16,258,78.74143769720871,76.47980093732052,60000,300,8.1727290000008,8.0625,True
cx0.1_mut0.0001,0.1,0.0001,test_3,2,17,259,86.5541000066074,84.09009211128675,60000,300,8.302497500000754,8.15625,True
cx0.1_mut0.0001,0.1,0.0001,test_3,2,18,260,69.04211463637324,66.37165499216536,60000,300,8.079001600000083,7.984375,True
cx0.1_mut0.0001,0.1,0.0001,test_3,2,19,261,68.7598932118845,66.48938208273488,60000,300,10.441189799999847,10.375,True
cx0.1_mut0.0001,0.1,0.0001,test_4,3,0,342,74.82273712212648,71.81808630051448,60000,300,9.172850299999482,8.9375,True
cx0.1_mut0.0001,0.1,0.0001,test_4,3,1,343,80.12687162250211,77.77029900873282,60000,300,8.02769619999981,7.921875,True
cx0.1_mut0.0001,0.1,0.0001,test_4,3,2,344,62.658402951100165,60.55645991048862,60000,300,8.268385699999271,8.1875,True
cx0.1_mut0.0001,0.1,0.0001,test_4,3,3,345,71.5913206596553,69.8786436470214,60000,300,8.502633700000843,8.484375,True
cx0.1_mut0.0001,0.1,0.0001,test_4,3,4,346,57.06713232251941,54.77433448847263,60000,300,7.955566599999656,7.796875,True
cx0.1_mut0.0001,0.1,0.0001,test_4,3,5,347,78.62485254922206,75.90722777813771,60000,300,8.375001800000064,8.265625,True
cx0.1_mut0.0001,0.1,0.0001,test_4,3,6,348,62.57607396493472,60.371568777492996,60000,300,8.356592200000705,8.296875,True
cx0.1_mut0.0001,0.1,0.0001,test_4,3,7,349,63.017881860542225,60.79130699346993,60000,300,10.107581399999617,9.984375,True
cx0.1_mut0.0001,0.1,0.0001,test_4,3,8,350,72.29941390989106,69.74871564381445,60000,300,8.866350799999964,8.6875,True
cx0.1_mut0.0001,0.1,0.0001,test_4,3,9,351,80.43819758094904,78.06303310795697,60000,300,7.902761599999394,7.796875,True
cx0.1_mut0.0001,0.1,0.0001,test_4,3,10,352,79.83854288956664,77.7856708278508,60000,300,8.342838700000357,8.265625,True
cx0.1_mut0.0001,0.1,0.0001,test_4,3,11,353,72.63672551307441,70.54986514783445,60000,300,8.246858699999393,8.125,True
cx0.1_mut0.0001,0.1,0.0001,test_4,3,12,354,52.226677220812654,50.19158030776615,60000,300,8.10747370000081,8.03125,True
cx0.1_mut0.0001,0.1,0.0001,test_4,3,13,355,64.94815353259312,63.15295035798158,60000,300,8.294639100000495,8.21875,True
cx0.1_mut0.0001,0.1,0.0001,test_4,3,14,356,61.72581673623551,59.528835991102895,60000,300,8.152293600000121,8.125,True
cx0.1_mut0.0001,0.1,0.0001,test_4,3,15,357,87.23860500378987,84.57586096002167,60000,300,8.228897800000595,8.1875,True
cx0.1_mut0.0001,0.1,0.0001,test_4,3,16,358,70.82599071341738,69.20112697682801,60000,300,8.799269899999672,8.65625,True
cx0.1_mut0.0001,0.1,0.0001,test_4,3,17,359,59.17178959941019,57.587860106724435,60000,300,8.255774300000667,8.21875,True
cx0.1_mut0.0001,0.1,0.0001,test_4,3,18,360,89.85328043026053,87.22994469335508,60000,300,7.777472499999931,7.765625,True
cx0.1_mut0.0001,0.1,0.0001,test_4,3,19,361,66.45042246515663,64.14028733276125,60000,300,8.524845699999787,8.359375,True
cx0.1_mut0.0001,0.1,0.0001,test_5,4,0,442,78.51531305311411,76.6582309592663,60000,300,8.63788139999997,8.546875,True
cx0.1_mut0.0001,0.1,0.0001,test_5,4,1,443,78.27446937643428,75.61133881106831,60000,300,8.493514799999502,8.375,True
cx0.1_mut0.0001,0.1,0.0001,test_5,4,2,444,97.04816937941096,94.53832306474409,60000,300,7.763001500000428,7.65625,True
cx0.1_mut0.0001,0.1,0.0001,test_5,4,3,445,73.11502679361838,70.87129070238028,60000,300,10.691191500000059,10.578125,True
cx0.1_mut0.0001,0.1,0.0001,test_5,4,4,446,79.63656703974132,77.06227877106755,60000,300,9.193720700000085,9.078125,True
cx0.1_mut0.0001,0.1,0.0001,test_5,4,5,447,69.0246834363943,67.13779508454297,60000,300,7.940797500000372,7.828125,True
cx0.1_mut0.0001,0.1,0.0001,test_5,4,6,448,82.80713025998337,80.07938363364859,60000,300,8.080011500000182,8.046875,True
cx0.1_mut0.0001,0.1,0.0001,test_5,4,7,449,93.43779905090643,91.45824749720956,60000,300,9.099293000000216,9.0625,True
cx0.1_mut0.0001,0.1,0.0001,test_5,4,8,450,84.32861764924374,82.0357428145751,60000,300,8.10688570000002,7.96875,True
cx0.1_mut0.0001,0.1,0.0001,test_5,4,9,451,85.085634658024,83.29279255057313,60000,300,7.980631200000062,7.9375,True
cx0.1_mut0.0001,0.1,0.0001,test_5,4,10,452,91.98443246720207,89.5217071298263,60000,300,8.742039700000532,8.671875,True
cx0.1_mut0.0001,0.1,0.0001,test_5,4,11,453,85.29138299780193,83.52989251139947,60000,300,8.817916300000434,8.703125,True
cx0.1_mut0.0001,0.1,0.0001,test_5,4,12,454,90.45526020619987,88.40872430199786,60000,300,8.47089109999979,8.34375,True
cx0.1_mut0.0001,0.1,0.0001,test_5,4,13,455,68.8556269389212,66.73606469335665,60000,300,7.804658900000504,7.765625,True
cx0.1_mut0.0001,0.1,0.0001,test_5,4,14,456,106.01724711664643,103.08037631770833,60000,300,8.478075899999567,8.453125,True
cx0.1_mut0.0001,0.1,0.0001,test_5,4,15,457,99.47666577180075,97.53673670549233,60000,300,8.072444299999916,7.96875,True
cx0.1_mut0.0001,0.1,0.0001,test_5,4,16,458,69.3780430961159,67.06307845084568,60000,300,8.338876800000435,8.25,True
cx0.1_mut0.0001,0.1,0.0001,test_5,4,17,459,65.26924266970607,63.28234176975273,60000,300,8.530891500000507,8.46875,True
cx0.1_mut0.0001,0.1,0.0001,test_5,4,18,460,84.52907372702056,82.20642064395177,60000,300,8.224349199999779,8.15625,True
cx0.1_mut0.0001,0.1,0.0001,test_5,4,19,461,105.92760208352806,103.68540314815667,60000,300,9.105193299999883,8.8125,True
cx0.1_mut0.0001,0.1,0.0001,test_6,5,0,542,87.55801715684974,85.00747674582206,60000,300,8.897775299999921,8.75,True
cx0.1_mut0.0001,0.1,0.0001,test_6,5,1,543,64.60819026538455,62.526957117701926,60000,300,9.065926399999626,8.96875,True
cx0.1_mut0.0001,0.1,0.0001,test_6,5,2,544,79.91700406704432,77.81809649544056,60000,300,8.784976599999936,8.5,True
cx0.1_mut0.0001,0.1,0.0001,test_6,5,3,545,56.84632512042815,55.20956377812108,60000,300,7.607793799999854,7.515625,True
cx0.1_mut0.0001,0.1,0.0001,test_6,5,4,546,92.03333007957387,90.22080648901394,60000,300,8.333017800000562,8.203125,True
cx0.1_mut0.0001,0.1,0.0001,test_6,5,5,547,71.12798034062675,69.17231702678244,60000,300,7.648593799999617,7.421875,True
cx0.1_mut0.0001,0.1,0.0001,test_6,5,6,548,84.73741783700102,82.36992917762817,60000,300,8.110463799999707,7.921875,True
cx0.1_mut0.0001,0.1,0.0001,test_6,5,7,549,80.98330675406724,78.78106452982648,60000,300,8.233550699999796,8.09375,True
cx0.1_mut0.0001,0.1,0.0001,test_6,5,8,550,71.02225039371419,68.90158207619001,60000,300,8.167209000000184,7.84375,True
cx0.1_mut0.0001,0.1,0.0001,test_6,5,9,551,75.01247235157453,73.02480694956012,60000,300,8.412581399999908,8.171875,True
cx0.1_mut0.0001,0.1,0.0001,test_6,5,10,552,61.82508915325687,60.05413195225987,60000,300,8.201626500000202,7.984375,True
cx0.1_mut0.0001,0.1,0.0001,test_6,5,11,553,64.47632563701484,62.67128986218246,60000,300,8.252966200000628,8.09375,True
cx0.1_mut0.0001,0.1,0.0001,test_6,5,12,554,68.08430205683433,65.41231702372414,60000,300,8.80355370000052,8.671875,True
cx0.1_mut0.0001,0.1,0.0001,test_6,5,13,555,71.35183563926175,68.87426403908053,60000,300,11.722690200000216,11.46875,True
cx0.1_mut0.0001,0.1,0.0001,test_6,5,14,556,101.94231069109475,99.26078502904616,60000,300,9.162735599999905,8.921875,True
cx0.1_mut0.0001,0.1,0.0001,test_6,5,15,557,91.7094768059455,89.5683093125484,60000,300,8.451586400000451,8.40625,True
cx0.1_mut0.0001,0.1,0.0001,test_6,5,16,558,74.51453584605785,72.70308676851161,60000,300,8.090661199999886,7.96875,True
cx0.1_mut0.0001,0.1,0.0001,test_6,5,17,559,75.93996563151526,73.54448105758229,60000,300,11.618489700000282,11.3125,True
cx0.1_mut0.0001,0.1,0.0001,test_6,5,18,560,70.57884199807573,68.46683280009165,60000,300,10.404371200000242,10.234375,True
cx0.1_mut0.0001,0.1,0.0001,test_6,5,19,561,81.22904897354655,79.1083485048946,60000,300,9.524789399999463,9.234375,True
cx0.1_mut0.0001,0.1,0.0001,test_7,6,0,642,84.83176324166801,82.44955065544364,60000,300,11.364907600000151,11.078125,True
cx0.1_mut0.0001,0.1,0.0001,test_7,6,1,643,79.36915599633022,76.98148749587568,60000,300,11.581993200000397,11.375,True
cx0.1_mut0.0001,0.1,0.0001,test_7,6,2,644,77.9267135765338,75.30968780984443,60000,300,8.203972799999974,8.109375,True
cx0.1_mut0.0001,0.1,0.0001,test_7,6,3,645,59.0656768409984,56.52828850850988,60000,300,8.415033100000073,8.125,True
cx0.1_mut0.0001,0.1,0.0001,test_7,6,4,646,92.80636024453058,90.38618507706812,60000,300,8.316850400000476,8.140625,True
cx0.1_mut0.0001,0.1,0.0001,test_7,6,5,647,86.74863079841211,84.40218189025497,60000,300,8.44236329999967,8.171875,True
cx0.1_mut0.0001,0.1,0.0001,test_7,6,6,648,71.90358156147136,69.52610638211272,60000,300,8.210418500000742,7.90625,True
cx0.1_mut0.0001,0.1,0.0001,test_7,6,7,649,95.74020159866541,93.0085899731418,60000,300,8.290186299999732,8.109375,True
cx0.1_mut0.0001,0.1,0.0001,test_7,6,8,650,82.46686963632823,80.61370285455973,60000,300,8.061120000000301,7.875,True
cx0.1_mut0.0001,0.1,0.0001,test_7,6,9,651,102.31922957122164,99.8909202495642,60000,300,9.621651100000236,9.421875,True
cx0.1_mut0.0001,0.1,0.0001,test_7,6,10,652,73.00142967102884,70.55114160645343,60000,300,10.14372689999982,10.09375,True
cx0.1_mut0.0001,0.1,0.0001,test_7,6,11,653,75.52979956601311,72.96866518271383,60000,300,9.396260299999994,9.359375,True
cx0.1_mut0.0001,0.1,0.0001,test_7,6,12,654,71.7799933089006,69.39572457646045,60000,300,9.380424499999208,9.125,True
cx0.1_mut0.0001,0.1,0.0001,test_7,6,13,655,76.76725661770215,74.37602162531203,60000,300,9.342113700000482,9.125,True
cx0.1_mut0.0001,0.1,0.0001,test_7,6,14,656,83.44849660780073,81.26147304894583,60000,300,8.641268399999717,8.5,True
cx0.1_mut0.0001,0.1,0.0001,test_7,6,15,657,75.76013934088878,73.71854167037402,60000,300,8.633346199999323,8.515625,True
cx0.1_mut0.0001,0.1,0.0001,test_7,6,16,658,93.49324033964365,91.081053176748,60000,300,9.079356299999745,8.875,True
cx0.1_mut0.0001,0.1,0.0001,test_7,6,17,659,78.6597309020053,76.62295167274968,60000,300,10.51116760000059,10.390625,True
cx0.1_mut0.0001,0.1,0.0001,test_7,6,18,660,79.60802446997772,77.62489717413084,60000,300,8.364754600000197,8.25,True
cx0.1_mut0.0001,0.1,0.0001,test_7,6,19,661,65.9948597749147,63.85351653353893,60000,300,7.896773100000246,7.671875,True
cx0.1_mut0.0001,0.1,0.0001,test_8,7,0,742,89.80423793393912,87.87232072810264,60000,300,8.260234699999273,8.15625,True
cx0.1_mut0.0001,0.1,0.0001,test_8,7,1,743,76.07602405927534,73.3530947421224,60000,300,7.858842800000275,7.78125,True
cx0.1_mut0.0001,0.1,0.0001,test_8,7,2,744,70.8846523970072,68.96434767511212,60000,300,7.8513937999996415,7.71875,True
cx0.1_mut0.0001,0.1,0.0001,test_8,7,3,745,62.87160379724437,60.76436025289476,60000,300,8.47692350000034,8.3125,True
cx0.1_mut0.0001,0.1,0.0001,test_8,7,4,746,76.46001990202554,74.14834382857603,60000,300,9.257941100000608,9.046875,True
cx0.1_mut0.0001,0.1,0.0001,test_8,7,5,747,59.58068293277212,57.35295311153644,60000,300,9.943157599999722,9.8125,True
cx0.1_mut0.0001,0.1,0.0001,test_8,7,6,748,79.31183372566834,77.13848420695017,60000,300,8.120423899999878,7.953125,True
cx0.1_mut0.0001,0.1,0.0001,test_8,7,7,749,64.8402868708011,62.27129582168227,60000,300,7.68725749999976,7.5625,True
cx0.1_mut0.0001,0.1,0.0001,test_8,7,8,750,85.66522353415164,83.79532501036797,60000,300,7.903005499999381,7.78125,True
cx0.1_mut0.0001,0.1,0.0001,test_8,7,9,751,64.81199744774756,62.675294368276596,60000,300,8.23208700000032,8.125,True
cx0.1_mut0.0001,0.1,0.0001,test_8,7,10,752,64.13803714220182,62.120666155229245,60000,300,9.659099200000128,9.4375,True
cx0.1_mut0.0001,0.1,0.0001,test_8,7,11,753,66.980251902527,64.46486123935365,60000,300,9.084188099999665,8.984375,True
cx0.1_mut0.0001,0.1,0.0001,test_8,7,12,754,76.1805843825067,74.6175899448251,60000,300,8.417198399999506,8.28125,True
cx0.1_mut0.0001,0.1,0.0001,test_8,7,13,755,69.1562175738918,67.14933601710779,60000,300,8.235613699999703,8.171875,True
cx0.1_mut0.0001,0.1,0.0001,test_8,7,14,756,79.31706065644846,77.29782405375623,60000,300,8.385018599999967,8.296875,True
cx0.1_mut0.0001,0.1,0.0001,test_8,7,15,757,79.57541803361542,77.5342328057128,60000,300,8.389482999999927,8.28125,True
cx0.1_mut0.0001,0.1,0.0001,test_8,7,16,758,78.91730580628061,76.83867991228432,60000,300,8.161328199999843,8.078125,True
cx0.1_mut0.0001,0.1,0.0001,test_8,7,17,759,74.37782020663957,71.7593314930809,60000,300,8.280517600000167,8.171875,True
cx0.1_mut0.0001,0.1,0.0001,test_8,7,18,760,92.2950818349264,89.67852662616818,60000,300,8.416036099999474,8.359375,True
cx0.1_mut0.0001,0.1,0.0001,test_8,7,19,761,61.6476300432266,59.32085510223797,60000,300,8.923145400000067,8.828125,True
cx0.1_mut0.0001,0.1,0.0001,test_9,8,0,842,58.14665839912226,56.25163808322117,60000,300,8.966133900000386,8.8125,True
cx0.1_mut0.0001,0.1,0.0001,test_9,8,1,843,72.19379684484551,69.8876403628507,60000,300,8.244170100000701,8.203125,True
cx0.1_mut0.0001,0.1,0.0001,test_9,8,2,844,107.28045773752132,105.05671745216337,60000,300,7.612369500000568,7.5625,True
cx0.1_mut0.0001,0.1,0.0001,test_9,8,3,845,73.40264268127771,70.41336478399414,60000,300,9.448168899999473,9.375,True
cx0.1_mut0.0001,0.1,0.0001,test_9,8,4,846,68.65497978364625,66.32356819932129,60000,300,10.773124399999688,10.625,True
cx0.1_mut0.0001,0.1,0.0001,test_9,8,5,847,91.63585649956676,90.02854623272202,60000,300,8.584879099999853,8.453125,True
cx0.1_mut0.0001,0.1,0.0001,test_9,8,6,848,73.11903791489154,70.67728643412588,60000,300,8.768700799999351,8.6875,True
cx0.1_mut0.0001,0.1,0.0001,test_9,8,7,849,68.05228296448196,66.15232929685351,60000,300,9.982338100000561,9.859375,True
cx0.1_mut0.0001,0.1,0.0001,test_9,8,8,850,67.72936930780895,65.6921070493078,60000,300,9.71586699999989,9.671875,True
cx0.1_mut0.0001,0.1,0.0001,test_9,8,9,851,75.8003069149852,73.29834455687204,60000,300,7.974677799999881,7.921875,True
cx0.1_mut0.0001,0.1,0.0001,test_9,8,10,852,85.82111915805756,83.45501331209613,60000,300,8.781190400000014,8.640625,True
cx0.1_mut0.0001,0.1,0.0001,test_9,8,11,853,73.26373183352091,70.70902683859057,60000,300,8.676673399999345,8.59375,True
cx0.1_mut0.0001,0.1,0.0001,test_9,8,12,854,73.62236925148946,71.16860095229535,60000,300,8.385399800000414,8.265625,True
cx0.1_mut0.0001,0.1,0.0001,test_9,8,13,855,78.11974580332387,75.89451650138685,60000,300,7.960630999999921,7.890625,True
cx0.1_mut0.0001,0.1,0.0001,test_9,8,14,856,68.12625211013393,66.27100709291878,60000,300,9.480636300000697,9.390625,True
cx0.1_mut0.0001,0.1,0.0001,test_9,8,15,857,74.10829102567986,72.17101207570366,60000,300,8.41540520000035,8.3125,True
cx0.1_mut0.0001,0.1,0.0001,test_9,8,16,858,90.29929104608824,87.94114397972892,60000,300,8.223187900000084,8.15625,True
cx0.1_mut0.0001,0.1,0.0001,test_9,8,17,859,57.984842344887916,55.78706048263896,60000,300,7.908770699999877,7.796875,True
cx0.1_mut0.0001,0.1,0.0001,test_9,8,18,860,83.61656072470369,81.56334760100334,60000,300,8.214203599999564,8.15625,True
cx0.1_mut0.0001,0.1,0.0001,test_9,8,19,861,91.92734881764554,89.47374931776191,60000,300,7.943115900000521,7.890625,True
cx0.1_mut0.0001,0.1,0.0001,test_10,9,0,942,96.08011921999866,93.88234535175194,60000,300,8.327658399999564,8.3125,True
cx0.1_mut0.0001,0.1,0.0001,test_10,9,1,943,85.32595460636631,83.14945950871362,60000,300,8.504483400000026,8.40625,True
cx0.1_mut0.0001,0.1,0.0001,test_10,9,2,944,80.58936208358487,78.60444773807014,60000,300,8.932352899999387,8.75,True
cx0.1_mut0.0001,0.1,0.0001,test_10,9,3,945,79.45972390428724,77.24717662662135,60000,300,7.825598499999614,7.765625,True
cx0.1_mut0.0001,0.1,0.0001,test_10,9,4,946,77.8200576017929,75.67790194116778,60000,300,8.398199899999781,8.359375,True
cx0.1_mut0.0001,0.1,0.0001,test_10,9,5,947,56.22210033980471,54.24205246320299,60000,300,8.162764800000332,8.046875,True
cx0.1_mut0.0001,0.1,0.0001,test_10,9,6,948,65.21204333811296,63.10206390040943,60000,300,11.296841000000313,11.09375,True
cx0.1_mut0.0001,0.1,0.0001,test_10,9,7,949,71.07460463557214,69.31343246027178,60000,300,8.357116599999244,8.234375,True
cx0.1_mut0.0001,0.1,0.0001,test_10,9,8,950,75.92929147528929,74.01758233516064,60000,300,9.196536299999934,9.046875,True
cx0.1_mut0.0001,0.1,0.0001,test_10,9,9,951,90.34892101419787,88.67103933049297,60000,300,8.179099200000564,8.109375,True
cx0.1_mut0.0001,0.1,0.0001,test_10,9,10,952,103.8043413283633,101.7961387342934,60000,300,9.12586200000078,9.015625,True
cx0.1_mut0.0001,0.1,0.0001,test_10,9,11,953,98.05364381466913,96.17398110707295,60000,300,8.19249630000013,8.078125,True
cx0.1_mut0.0001,0.1,0.0001,test_10,9,12,954,71.12646005657743,68.63477013278671,60000,300,9.589074599999549,9.53125,True
cx0.1_mut0.0001,0.1,0.0001,test_10,9,13,955,82.04273012132236,79.90046940337724,60000,300,8.375189200000023,8.34375,True
cx0.1_mut0.0001,0.1,0.0001,test_10,9,14,956,60.492068239346196,58.66819823424667,60000,300,8.679039899999225,8.578125,True
cx0.1_mut0.0001,0.1,0.0001,test_10,9,15,957,66.70759761703704,64.7486541239313,60000,300,9.959728200000427,9.84375,True
cx0.1_mut0.0001,0.1,0.0001,test_10,9,16,958,51.168400038926606,48.951138461991434,60000,300,8.037389399999483,7.921875,True
cx0.1_mut0.0001,0.1,0.0001,test_10,9,17,959,80.22177189925492,78.07757800438617,60000,300,7.961679799999729,7.828125,True
cx0.1_mut0.0001,0.1,0.0001,test_10,9,18,960,70.81878533164807,68.66097716345946,60000,300,9.252894799999922,9.109375,True
cx0.1_mut0.0001,0.1,0.0001,test_10,9,19,961,75.08434082124043,73.11926900090243,60000,300,8.4279233999996,8.3125,True
cx0.1_mut0.001,0.1,0.001,test_1,0,0,42,52.37728404588136,50.62680740084017,60000,300,10.234326000000237,10.015625,True
cx0.1_mut0.001,0.1,0.001,test_1,0,1,43,53.39248476770064,51.39135058556614,60000,300,9.312643599999774,9.15625,True
cx0.1_mut0.001,0.1,0.001,test_1,0,2,44,54.45918747403087,52.969680066844866,60000,300,8.424983800000064,8.359375,True
cx0.1_mut0.001,0.1,0.001,test_1,0,3,45,56.037016729126606,53.80928238243639,60000,300,11.270965499999875,11.15625,True
cx0.1_mut0.001,0.1,0.001,test_1,0,4,46,54.78286313019174,52.63091287614862,60000,300,9.210079299999961,9.171875,True
cx0.1_mut0.001,0.1,0.001,test_1,0,5,47,58.25331266519416,56.34597516546882,60000,300,9.045975700000326,9.0,True
cx0.1_mut0.001,0.1,0.001,test_1,0,6,48,64.04216180625306,61.79852758785309,60000,300,8.803948599999785,8.6875,True
cx0.1_mut0.001,0.1,0.001,test_1,0,7,49,55.539283557949496,53.54339135745232,60000,300,10.90380019999975,10.609375,True
cx0.1_mut0.001,0.1,0.001,test_1,0,8,50,62.657402752884934,60.87658904421632,60000,300,10.802497200000289,10.6875,True
cx0.1_mut0.001,0.1,0.001,test_1,0,9,51,51.76145519306191,49.72564334863939,60000,300,8.815919099999974,8.671875,True
cx0.1_mut0.001,0.1,0.001,test_1,0,10,52,54.534855053378095,52.916920927964796,60000,300,10.478222300000198,10.296875,True
cx0.1_mut0.001,0.1,0.001,test_1,0,11,53,53.4468084104501,51.2128739292636,60000,300,9.677754899999854,9.515625,True
cx0.1_mut0.001,0.1,0.001,test_1,0,12,54,49.180641995149365,47.388048514230405,60000,300,11.413276999999653,11.28125,True
cx0.1_mut0.001,0.1,0.001,test_1,0,13,55,55.74466171252242,53.924917426865235,60000,300,7.815674199999194,7.78125,True
cx0.1_mut0.001,0.1,0.001,test_1,0,14,56,49.26512097028171,47.57565603798916,60000,300,9.8200010999999,9.609375,True
cx0.1_mut0.001,0.1,0.001,test_1,0,15,57,59.477264175888884,57.16065616108473,60000,300,8.969257100000505,8.9375,True
cx0.1_mut0.001,0.1,0.001,test_1,0,16,58,58.35027090070862,56.40263962253526,60000,300,8.50673310000002,8.46875,True
cx0.1_mut0.001,0.1,0.001,test_1,0,17,59,49.922009348004586,48.4079763896334,60000,300,9.831070599999293,9.703125,True
cx0.1_mut0.001,0.1,0.001,test_1,0,18,60,58.11144056701249,56.45458648617445,60000,300,7.72907320000013,7.703125,True
cx0.1_mut0.001,0.1,0.001,test_1,0,19,61,55.88507409454034,53.93217783305846,60000,300,10.773103000000447,10.6875,True
cx0.1_mut0.001,0.1,0.001,test_2,1,0,142,52.2567142213179,50.084349531859296,60000,300,9.701708900000085,9.640625,True
cx0.1_mut0.001,0.1,0.001,test_2,1,1,143,58.54050407379176,56.73017153830406,60000,300,9.24086570000054,9.21875,True
cx0.1_mut0.001,0.1,0.001,test_2,1,2,144,49.23905118768562,47.34432935695895,60000,300,9.358189100000345,9.171875,True
cx0.1_mut0.001,0.1,0.001,test_2,1,3,145,51.972290635825644,50.242448531859544,60000,300,8.654495200000383,8.53125,True
cx0.1_mut0.001,0.1,0.001,test_2,1,4,146,50.52482907922862,48.856079789460146,60000,300,13.181068799999593,13.09375,True
cx0.1_mut0.001,0.1,0.001,test_2,1,5,147,55.774082981759456,53.89379972782851,60000,300,9.177307200000541,9.109375,True
cx0.1_mut0.001,0.1,0.001,test_2,1,6,148,47.94414963564507,45.851012956313,60000,300,8.504975799999556,8.484375,True
cx0.1_mut0.001,0.1,0.001,test_2,1,7,149,47.93588116141441,45.99621427513617,60000,300,8.17940279999948,8.125,True
cx0.1_mut0.001,0.1,0.001,test_2,1,8,150,47.1264707571508,45.3364536166108,60000,300,8.310774199999287,8.265625,True
cx0.1_mut0.001,0.1,0.001,test_2,1,9,151,51.66457942388559,49.696093308498526,60000,300,8.308880099999442,8.234375,True
cx0.1_mut0.001,0.1,0.001,test_2,1,10,152,45.52436490168616,43.55643248162779,60000,300,8.694997000000512,8.609375,True
cx0.1_mut0.001,0.1,0.001,test_2,1,11,153,53.53728395049113,51.63529207247552,60000,300,8.268266699999913,8.1875,True
cx0.1_mut0.001,0.1,0.001,test_2,1,12,154,63.87155815283821,62.20955899447165,60000,300,8.234799199999543,8.171875,True
cx0.1_mut0.001,0.1,0.001,test_2,1,13,155,50.27051068184909,48.377958850348264,60000,300,8.231378399999812,8.1875,True
cx0.1_mut0.001,0.1,0.001,test_2,1,14,156,53.28809912968115,51.691063886101325,60000,300,8.808967500000108,8.703125,True
cx0.1_mut0.001,0.1,0.001,test_2,1,15,157,44.24722257756633,41.96956827114894,60000,300,8.296568699999625,8.234375,True
cx0.1_mut0.001,0.1,0.001,test_2,1,16,158,50.99157901529654,48.64457458224261,60000,300,10.0925756000006,10.0,True
cx0.1_mut0.001,0.1,0.001,test_2,1,17,159,46.21753090068154,44.41681450725905,60000,300,10.968792600000597,10.859375,True
cx0.1_mut0.001,0.1,0.001,test_2,1,18,160,46.025154703676634,44.46573746191971,60000,300,10.534069999999701,10.375,True
cx0.1_mut0.001,0.1,0.001,test_2,1,19,161,52.43577199222559,50.65983263234468,60000,300,9.447352799999862,9.390625,True
cx0.1_mut0.001,0.1,0.001,test_3,2,0,242,47.425935372476125,45.16423144153027,60000,300,8.67438140000013,8.609375,True
cx0.1_mut0.001,0.1,0.001,test_3,2,1,243,51.31902004457866,49.32517908431865,60000,300,9.327366000000438,9.21875,True
cx0.1_mut0.001,0.1,0.001,test_3,2,2,244,65.04009299914173,62.565702083286155,60000,300,8.825310100000024,8.625,True
cx0.1_mut0.001,0.1,0.001,test_3,2,3,245,53.46821861665846,51.63604815422686,60000,300,8.225391699999818,8.140625,True
cx0.1_mut0.001,0.1,0.001,test_3,2,4,246,50.01779546070098,48.180610314146946,60000,300,10.106917400000384,9.953125,True
cx0.1_mut0.001,0.1,0.001,test_3,2,5,247,42.25254145594021,40.3074130206158,60000,300,9.324681199999759,9.21875,True
cx0.1_mut0.001,0.1,0.001,test_3,2,6,248,57.02026002312043,55.296553524509974,60000,300,13.148778899999343,12.890625,True
cx0.1_mut0.001,0.1,0.001,test_3,2,7,249,50.32962283993082,48.664870953784614,60000,300,9.934350800000175,9.828125,True
cx0.1_mut0.001,0.1,0.001,test_3,2,8,250,53.66762061450098,51.16876604168812,60000,300,8.216648700000405,8.140625,True
cx0.1_mut0.001,0.1,0.001,test_3,2,9,251,48.45302278263589,46.67846640205589,60000,300,10.254434100000253,10.15625,True
cx0.1_mut0.001,0.1,0.001,test_3,2,10,252,52.32089094523828,50.3698895943578,60000,300,9.29079449999972,9.1875,True
cx0.1_mut0.001,0.1,0.001,test_3,2,11,253,53.04783734904425,51.18582701884202,60000,300,8.297636700000112,8.28125,True
cx0.1_mut0.001,0.1,0.001,test_3,2,12,254,46.065574312039686,44.07431635986244,60000,300,9.048697700000048,8.921875,True
cx0.1_mut0.001,0.1,0.001,test_3,2,13,255,51.24986916912706,49.21186534946237,60000,300,10.791872499999954,10.453125,True
cx0.1_mut0.001,0.1,0.001,test_3,2,14,256,47.4978125539499,45.32492617071851,60000,300,8.445822099999532,8.34375,True
cx0.1_mut0.001,0.1,0.001,test_3,2,15,257,48.69851076299291,46.99909557854598,60000,300,8.436260499999662,8.3125,True
cx0.1_mut0.001,0.1,0.001,test_3,2,16,258,51.13340793077572,49.215734643108,60000,300,8.205514199999925,8.171875,True
cx0.1_mut0.001,0.1,0.001,test_3,2,17,259,58.967261920721896,56.89683406457324,60000,300,9.297737400000187,9.046875,True
cx0.1_mut0.001,0.1,0.001,test_3,2,18,260,51.57892309597925,49.368991686652386,60000,300,9.078325700000278,8.953125,True
cx0.1_mut0.001,0.1,0.001,test_3,2,19,261,43.25270975693652,41.6058065953981,60000,300,8.41550929999994,8.3125,True
cx0.1_mut0.001,0.1,0.001,test_4,3,0,342,47.75190338879347,45.33340196639186,60000,300,9.515943200000038,9.359375,True
cx0.1_mut0.001,0.1,0.001,test_4,3,1,343,52.80852379501925,50.75852939916997,60000,300,9.286486500000137,9.015625,True
cx0.1_mut0.001,0.1,0.001,test_4,3,2,344,52.20967016964226,50.41230599741738,60000,300,10.205672800000684,10.078125,True
cx0.1_mut0.001,0.1,0.001,test_4,3,3,345,52.96399750786903,51.038701037270116,60000,300,9.52226090000022,9.421875,True
cx0.1_mut0.001,0.1,0.001,test_4,3,4,346,43.26417928320921,41.500228791914004,60000,300,8.424417900000662,8.359375,True
cx0.1_mut0.001,0.1,0.001,test_4,3,5,347,49.56068090995367,47.94392527257004,60000,300,8.897434600000452,8.75,True
cx0.1_mut0.001,0.1,0.001,test_4,3,6,348,33.7817792722988,32.297326595001486,60000,300,9.67546450000009,9.59375,True
cx0.1_mut0.001,0.1,0.001,test_4,3,7,349,42.74489436389826,40.5764865153243,60000,300,9.590362500000083,9.421875,True
cx0.1_mut0.001,0.1,0.001,test_4,3,8,350,46.37311434990466,44.48756590047232,60000,300,8.890575200000058,8.78125,True
cx0.1_mut0.001,0.1,0.001,test_4,3,9,351,46.04203229385473,44.025393589910955,60000,300,9.427034899999853,9.328125,True
cx0.1_mut0.001,0.1,0.001,test_4,3,10,352,39.92187329893298,38.56112929131766,60000,300,8.405701200000294,8.328125,True
cx0.1_mut0.001,0.1,0.001,test_4,3,11,353,53.65165154637563,51.886261162731174,60000,300,8.598233799999434,8.46875,True
cx0.1_mut0.001,0.1,0.001,test_4,3,12,354,40.51122239347217,38.686469699650004,60000,300,8.060391799999707,7.96875,True
cx0.1_mut0.001,0.1,0.001,test_4,3,13,355,41.589539885408314,39.74839805192143,60000,300,8.168544199999815,8.109375,True
cx0.1_mut0.001,0.1,0.001,test_4,3,14,356,48.43309475398049,46.704480359388555,60000,300,8.051916599999458,7.953125,True
cx0.1_mut0.001,0.1,0.001,test_4,3,15,357,53.803617032855314,51.5902951846726,60000,300,7.914162999999462,7.765625,True
cx0.1_mut0.001,0.1,0.001,test_4,3,16,358,51.74357269942347,49.83873627840944,60000,300,10.550723899999866,10.375,True
cx0.1_mut0.001,0.1,0.001,test_4,3,17,359,53.41659634293817,51.14842275417066,60000,300,8.74512709999999,8.671875,True
cx0.1_mut0.001,0.1,0.001,test_4,3,18,360,45.548384909640816,43.601919328712455,60000,300,9.326072200000453,9.203125,True
cx0.1_mut0.001,0.1,0.001,test_4,3,19,361,39.349167699458455,37.35782857190727,60000,300,9.53720229999999,9.421875,True
cx0.1_mut0.001,0.1,0.001,test_5,4,0,442,48.18264480739658,46.29638669994888,60000,300,8.279376000000411,8.171875,True
cx0.1_mut0.001,0.1,0.001,test_5,4,1,443,56.590410027845465,54.45770674907652,60000,300,8.495466900000793,8.40625,True
cx0.1_mut0.001,0.1,0.001,test_5,4,2,444,54.61806793805613,52.738347376206164,60000,300,8.569817100000364,8.4375,True
cx0.1_mut0.001,0.1,0.001,test_5,4,3,445,59.101120283900066,57.06271302374924,60000,300,11.167940000000272,11.0625,True
cx0.1_mut0.001,0.1,0.001,test_5,4,4,446,60.1436183449637,57.44838109439693,60000,300,11.396200000000135,11.234375,True
cx0.1_mut0.001,0.1,0.001,test_5,4,5,447,53.35076378895634,51.31712579952528,60000,300,9.928434199999174,9.78125,True
cx0.1_mut0.001,0.1,0.001,test_5,4,6,448,61.50834638390331,58.808770774185156,60000,300,11.076600800000051,10.953125,True
cx0.1_mut0.001,0.1,0.001,test_5,4,7,449,58.393857942365784,56.766183396896494,60000,300,10.1468059000008,10.046875,True
cx0.1_mut0.001,0.1,0.001,test_5,4,8,450,69.37787963578302,67.44140374937187,60000,300,9.694009599999845,9.640625,True
cx0.1_mut0.001,0.1,0.001,test_5,4,9,451,46.69870424710822,44.87214646884678,60000,300,9.479730600000039,9.40625,True
cx0.1_mut0.001,0.1,0.001,test_5,4,10,452,68.3095571473473,66.26262096216296,60000,300,8.804670600000463,8.703125,True
cx0.1_mut0.001,0.1,0.001,test_5,4,11,453,56.946301776232254,55.187121030820634,60000,300,9.444252600000254,9.265625,True
cx0.1_mut0.001,0.1,0.001,test_5,4,12,454,62.9877894671157,61.35501695283087,60000,300,8.411204500000167,8.28125,True
cx0.1_mut0.001,0.1,0.001,test_5,4,13,455,51.18158323148215,49.28905513097584,60000,300,8.283938399999897,8.234375,True
cx0.1_mut0.001,0.1,0.001,test_5,4,14,456,59.99963030593949,57.86157637715638,60000,300,8.500312799999847,8.421875,True
cx0.1_mut0.001,0.1,0.001,test_5,4,15,457,53.03891571649256,51.08995426043965,60000,300,12.544685099999697,12.46875,True
cx0.1_mut0.001,0.1,0.001,test_5,4,16,458,50.069364234060714,48.117329421977566,60000,300,8.874496600000384,8.765625,True
cx0.1_mut0.001,0.1,0.001,test_5,4,17,459,46.5734040997202,44.87423676274159,60000,300,10.137989199999538,10.0625,True
cx0.1_mut0.001,0.1,0.001,test_5,4,18,460,51.6362969251936,49.572857474073224,60000,300,8.165730900000199,8.015625,True
cx0.1_mut0.001,0.1,0.001,test_5,4,19,461,60.963970199092245,58.81779148299558,60000,300,9.00343840000005,8.71875,True
cx0.1_mut0.001,0.1,0.001,test_6,5,0,542,52.19766667201318,50.439002231751616,60000,300,9.85423019999962,9.671875,True
cx0.1_mut0.001,0.1,0.001,test_6,5,1,543,54.64402406066233,52.51917860665641,60000,300,8.32365050000044,8.109375,True
cx0.1_mut0.001,0.1,0.001,test_6,5,2,544,56.37785553047418,54.581642342307184,60000,300,9.012859999999819,8.828125,True
cx0.1_mut0.001,0.1,0.001,test_6,5,3,545,51.82070384571522,50.11543635884744,60000,300,8.97563480000008,8.703125,True
cx0.1_mut0.001,0.1,0.001,test_6,5,4,546,62.58790573717015,61.31120980541426,60000,300,8.37563500000033,8.21875,True
cx0.1_mut0.001,0.1,0.001,test_6,5,5,547,51.413810619653404,49.443785770595724,60000,300,11.330633900000066,11.078125,True
cx0.1_mut0.001,0.1,0.001,test_6,5,6,548,54.366660506174945,52.721641525984374,60000,300,8.358813799999552,8.0625,True
cx0.1_mut0.001,0.1,0.001,test_6,5,7,549,51.53121694469782,49.80693870413157,60000,300,8.818321800000376,8.609375,True
cx0.1_mut0.001,0.1,0.001,test_6,5,8,550,58.49688214433796,57.23037439119725,60000,300,8.562797700000374,8.328125,True
cx0.1_mut0.001,0.1,0.001,test_6,5,9,551,57.20267740967819,55.65650328836941,60000,300,8.24991349999982,8.140625,True
cx0.1_mut0.001,0.1,0.001,test_6,5,10,552,51.85292466831617,50.34543731565057,60000,300,11.436793099999704,11.296875,True
cx0.1_mut0.001,0.1,0.001,test_6,5,11,553,43.3521651319619,41.708688463510924,60000,300,8.665229700000054,8.484375,True
cx0.1_mut0.001,0.1,0.001,test_6,5,12,554,47.43690134577951,45.34963646006541,60000,300,9.278905699999996,9.078125,True
cx0.1_mut0.001,0.1,0.001,test_6,5,13,555,46.438232438642466,44.63852924486816,60000,300,9.464157700000214,9.28125,True
cx0.1_mut0.001,0.1,0.001,test_6,5,14,556,53.80168227378752,51.79232797485448,60000,300,8.800738099999762,8.640625,True
cx0.1_mut0.001,0.1,0.001,test_6,5,15,557,52.121462395545386,49.972322067318395,60000,300,9.390632100000403,9.21875,True
cx0.1_mut0.001,0.1,0.001,test_6,5,16,558,51.841283259001415,49.75591568042394,60000,300,10.80347410000013,10.625,True
cx0.1_mut0.001,0.1,0.001,test_6,5,17,559,60.54082710647668,58.59163072424593,60000,300,10.217937200000051,9.90625,True
cx0.1_mut0.001,0.1,0.001,test_6,5,18,560,60.032966982923696,58.361153823083455,60000,300,10.277153400000316,10.03125,True
cx0.1_mut0.001,0.1,0.001,test_6,5,19,561,49.770390828206985,47.66295888820778,60000,300,8.905774899999415,8.78125,True
cx0.1_mut0.001,0.1,0.001,test_7,6,0,642,54.53699657810883,52.74273420585363,60000,300,7.924520800000209,7.8125,True
cx0.1_mut0.001,0.1,0.001,test_7,6,1,643,48.109416337019375,46.21244621342144,60000,300,9.183523900000182,8.890625,True
cx0.1_mut0.001,0.1,0.001,test_7,6,2,644,61.862550703190344,59.2108329199339,60000,300,10.359174299999722,10.25,True
cx0.1_mut0.001,0.1,0.001,test_7,6,3,645,52.27981392645555,49.81079017559699,60000,300,8.706554800000049,8.5625,True
cx0.1_mut0.001,0.1,0.001,test_7,6,4,646,54.83754278607111,53.112027984351045,60000,300,8.12256090000028,7.953125,True
cx0.1_mut0.001,0.1,0.001,test_7,6,5,647,52.51317923633782,50.581045385097184,60000,300,8.528788800000257,8.296875,True
cx0.1_mut0.001,0.1,0.001,test_7,6,6,648,50.6307964366889,48.99752128994717,60000,300,9.241178000000218,9.0,True
cx0.1_mut0.001,0.1,0.001,test_7,6,7,649,59.19173506282807,57.41950597419474,60000,300,8.154591800000162,8.0,True
cx0.1_mut0.001,0.1,0.001,test_7,6,8,650,45.37474525968804,43.439826863360445,60000,300,9.512500699999691,9.265625,True
cx0.1_mut0.001,0.1,0.001,test_7,6,9,651,53.30703359471822,51.37476228992256,60000,300,10.367716099999598,10.09375,True
cx0.1_mut0.001,0.1,0.001,test_7,6,10,652,61.804038083179506,60.03324742340638,60000,300,8.554282299999613,8.53125,True
cx0.1_mut0.001,0.1,0.001,test_7,6,11,653,49.76035151624177,47.82389968831165,60000,300,9.672601500000383,9.59375,True
cx0.1_mut0.001,0.1,0.001,test_7,6,12,654,53.984949504830574,52.2354874002855,60000,300,9.667184599999928,9.421875,True
cx0.1_mut0.001,0.1,0.001,test_7,6,13,655,49.3506838053146,47.316257340937,60000,300,8.130391199999394,8.015625,True
cx0.1_mut0.001,0.1,0.001,test_7,6,14,656,55.95394494905469,54.21425532834686,60000,300,10.014178299999912,9.828125,True
cx0.1_mut0.001,0.1,0.001,test_7,6,15,657,55.00857797319531,52.785520518906644,60000,300,7.854192200000398,7.65625,True
cx0.1_mut0.001,0.1,0.001,test_7,6,16,658,55.867201894588156,54.16722903771999,60000,300,9.117955799999436,8.921875,True
cx0.1_mut0.001,0.1,0.001,test_7,6,17,659,54.21626428908701,52.35233206568148,60000,300,9.861178900000596,9.796875,True
cx0.1_mut0.001,0.1,0.001,test_7,6,18,660,52.22155950799548,50.722362158302275,60000,300,8.923576199999843,8.84375,True
cx0.1_mut0.001,0.1,0.001,test_7,6,19,661,48.473997054845015,46.649394613012774,60000,300,11.723016799999641,11.5625,True
cx0.1_mut0.001,0.1,0.001,test_8,7,0,742,49.57044059142904,47.791615220223996,60000,300,8.983148399999664,8.9375,True
cx0.1_mut0.001,0.1,0.001,test_8,7,1,743,53.10553387614699,50.83890834766169,60000,300,8.569972700000108,8.5,True
cx0.1_mut0.001,0.1,0.001,test_8,7,2,744,49.50957896427677,47.31233666402901,60000,300,8.144342000000506,8.046875,True
cx0.1_mut0.001,0.1,0.001,test_8,7,3,745,48.99024241260672,46.946431419602135,60000,300,9.714745699999185,9.484375,True
cx0.1_mut0.001,0.1,0.001,test_8,7,4,746,47.677275455448104,46.11967971489852,60000,300,9.356931999999688,9.234375,True
cx0.1_mut0.001,0.1,0.001,test_8,7,5,747,49.12092807589938,47.17342378949214,60000,300,8.417247000000316,8.234375,True
cx0.1_mut0.001,0.1,0.001,test_8,7,6,748,51.916583457224924,50.1673560645033,60000,300,9.551646700000674,9.453125,True
cx0.1_mut0.001,0.1,0.001,test_8,7,7,749,48.43067899745572,46.87508739850684,60000,300,9.566888299999846,9.5,True
cx0.1_mut0.001,0.1,0.001,test_8,7,8,750,54.12284047461937,51.970102912208226,60000,300,8.28276039999946,8.171875,True
cx0.1_mut0.001,0.1,0.001,test_8,7,9,751,51.12569926178469,49.354661376160095,60000,300,8.333259699999871,8.203125,True
cx0.1_mut0.001,0.1,0.001,test_8,7,10,752,51.378533119427615,49.55772752163915,60000,300,10.130396500000643,10.0,True
cx0.1_mut0.001,0.1,0.001,test_8,7,11,753,42.80628782174784,41.07761599853043,60000,300,9.187173899999834,9.0625,True
cx0.1_mut0.001,0.1,0.001,test_8,7,12,754,43.130174874762446,41.444346984309824,60000,300,9.884433999999601,9.796875,True
cx0.1_mut0.001,0.1,0.001,test_8,7,13,755,47.297900486026805,44.884600200834605,60000,300,9.792926699999953,9.65625,True
cx0.1_mut0.001,0.1,0.001,test_8,7,14,756,56.41725769935746,54.658489257053425,60000,300,10.167657299999519,10.078125,True
cx0.1_mut0.001,0.1,0.001,test_8,7,15,757,53.32900765478623,51.72981812226891,60000,300,11.258773700000347,11.1875,True
cx0.1_mut0.001,0.1,0.001,test_8,7,16,758,42.55547120600573,40.70992614655135,60000,300,8.907196199999817,8.796875,True
cx0.1_mut0.001,0.1,0.001,test_8,7,17,759,48.0792319211644,45.863001762672354,60000,300,9.173682899999221,9.03125,True
cx0.1_mut0.001,0.1,0.001,test_8,7,18,760,52.84894948672506,50.64334713506812,60000,300,8.738004299999375,8.703125,True
cx0.1_mut0.001,0.1,0.001,test_8,7,19,761,44.96551582039683,42.81967624405229,60000,300,10.971320600000581,10.8125,True
cx0.1_mut0.001,0.1,0.001,test_9,8,0,842,68.18601075965837,66.1942855000662,60000,300,9.560147799999868,9.4375,True
cx0.1_mut0.001,0.1,0.001,test_9,8,1,843,59.349507101012215,57.42323836246785,60000,300,8.134141999999883,8.09375,True
cx0.1_mut0.001,0.1,0.001,test_9,8,2,844,63.629067411370265,62.14453985536001,60000,300,8.5139580999994,8.46875,True
cx0.1_mut0.001,0.1,0.001,test_9,8,3,845,56.33986862908459,54.02655467313148,60000,300,8.899536500000067,8.8125,True
cx0.1_mut0.001,0.1,0.001,test_9,8,4,846,55.845187057245006,53.61153324658393,60000,300,7.393437300000187,7.375,True
cx0.1_mut0.001,0.1,0.001,test_9,8,5,847,49.2407927925524,47.38768644601806,60000,300,7.545550099999673,7.46875,True
cx0.1_mut0.001,0.1,0.001,test_9,8,6,848,48.27454115326415,46.66272494791133,60000,300,8.291532399999596,8.21875,True
cx0.1_mut0.001,0.1,0.001,test_9,8,7,849,46.49740020840834,45.04581944159066,60000,300,12.927491699999337,12.8125,True
cx0.1_mut0.001,0.1,0.001,test_9,8,8,850,47.9550277765168,45.999194155103034,60000,300,8.444820499999878,8.328125,True
cx0.1_mut0.001,0.1,0.001,test_9,8,9,851,47.56306946969931,45.9430036229699,60000,300,8.451301000000058,8.421875,True
cx0.1_mut0.001,0.1,0.001,test_9,8,10,852,53.3572724978181,51.19134972241998,60000,300,9.003457199999502,8.90625,True
cx0.1_mut0.001,0.1,0.001,test_9,8,11,853,49.0982518153411,47.30418767097046,60000,300,9.296003299999938,9.234375,True
cx0.1_mut0.001,0.1,0.001,test_9,8,12,854,50.4343895754999,48.6226118810679,60000,300,9.045837900000151,8.921875,True
cx0.1_mut0.001,0.1,0.001,test_9,8,13,855,51.43684231264361,49.69622350830804,60000,300,8.336429099999805,8.3125,True
cx0.1_mut0.001,0.1,0.001,test_9,8,14,856,55.88193124131716,54.11921584245632,60000,300,11.999949699999888,11.84375,True
cx0.1_mut0.001,0.1,0.001,test_9,8,15,857,59.60663211485187,58.25968598895788,60000,300,8.3087529000004,8.25,True
cx0.1_mut0.001,0.1,0.001,test_9,8,16,858,58.72520666844228,57.0695727490326,60000,300,8.12661290000051,8.046875,True
cx0.1_mut0.001,0.1,0.001,test_9,8,17,859,45.061888434074284,43.65031194012374,60000,300,7.847030699999777,7.765625,True
cx0.1_mut0.001,0.1,0.001,test_9,8,18,860,42.85377492663165,41.10619953571629,60000,300,8.06874500000049,7.953125,True
cx0.1_mut0.001,0.1,0.001,test_9,8,19,861,48.151987927769014,46.15103133980434,60000,300,8.120051100000637,8.015625,True
cx0.1_mut0.001,0.1,0.001,test_10,9,0,942,41.4130848551277,39.68407709034251,60000,300,9.675329200000306,9.609375,True
cx0.1_mut0.001,0.1,0.001,test_10,9,1,943,58.001248987211355,56.22421130941397,60000,300,8.381795999999667,8.296875,True
cx0.1_mut0.001,0.1,0.001,test_10,9,2,944,48.00951718813088,46.05489626033179,60000,300,9.37806079999973,9.125,True
cx0.1_mut0.001,0.1,0.001,test_10,9,3,945,62.973056172527116,60.91805446199231,60000,300,7.843849099999716,7.796875,True
cx0.1_mut0.001,0.1,0.001,test_10,9,4,946,49.54191905555693,47.42721866945634,60000,300,8.64329970000017,8.546875,True
cx0.1_mut0.001,0.1,0.001,test_10,9,5,947,45.62114044474489,43.7723677870686,60000,300,8.487225199999557,8.359375,True
cx0.1_mut0.001,0.1,0.001,test_10,9,6,948,58.13382540343086,56.12920075700029,60000,300,7.956842599999618,7.921875,True
cx0.1_mut0.001,0.1,0.001,test_10,9,7,949,46.65573222965831,44.69236124777171,60000,300,9.121738599999844,8.96875,True
cx0.1_mut0.001,0.1,0.001,test_10,9,8,950,52.473875035153036,50.9344444893956,60000,300,8.873483400000623,8.734375,True
cx0.1_mut0.001,0.1,0.001,test_10,9,9,951,50.4048257872191,48.65085406882733,60000,300,8.887617299999874,8.78125,True
cx0.1_mut0.001,0.1,0.001,test_10,9,10,952,53.80894620690304,51.924743630239284,60000,300,9.869252599999527,9.734375,True
cx0.1_mut0.001,0.1,0.001,test_10,9,11,953,58.99335309997584,56.99019052064375,60000,300,7.847976999999446,7.796875,True
cx0.1_mut0.001,0.1,0.001,test_10,9,12,954,55.847973647709935,53.831228760851474,60000,300,7.764392099999895,7.640625,True
cx0.1_mut0.001,0.1,0.001,test_10,9,13,955,50.21894669893127,47.95718967980194,60000,300,9.094973500000378,9.046875,True
cx0.1_mut0.001,0.1,0.001,test_10,9,14,956,44.74853154733735,42.97461507263117,60000,300,7.929725599999983,7.84375,True
cx0.1_mut0.001,0.1,0.001,test_10,9,15,957,55.35260544922792,53.452633187918515,60000,300,8.802790499999901,8.6875,True
cx0.1_mut0.001,0.1,0.001,test_10,9,16,958,53.94950986116452,52.04973621120558,60000,300,10.481910399999833,10.234375,True
cx0.1_mut0.001,0.1,0.001,test_10,9,17,959,47.64526621588263,45.731049046949764,60000,300,8.232248100000106,8.140625,True
cx0.1_mut0.001,0.1,0.001,test_10,9,18,960,49.6034552676247,47.49625773075488,60000,300,10.321365100000548,10.15625,True
cx0.1_mut0.001,0.1,0.001,test_10,9,19,961,55.871861791799745,53.97556237367466,60000,300,8.200406400000247,8.125,True
cx0.1_mut0.01,0.1,0.01,test_1,0,0,42,43.987856768211756,42.6794385906676,60000,300,9.173130899999705,8.984375,True
cx0.1_mut0.01,0.1,0.01,test_1,0,1,43,52.570464648665464,50.29541093496174,60000,300,7.529322800000045,7.390625,True
cx0.1_mut0.01,0.1,0.01,test_1,0,2,44,49.75114350541306,47.98099893270232,60000,300,9.87534880000021,9.8125,True
cx0.1_mut0.01,0.1,0.01,test_1,0,3,45,44.33065475990602,42.70071349177512,60000,300,8.84506939999983,8.671875,True
cx0.1_mut0.01,0.1,0.01,test_1,0,4,46,49.708845389188035,47.92406476253414,60000,300,10.123249400000077,10.015625,True
cx0.1_mut0.01,0.1,0.01,test_1,0,5,47,50.612517885831686,48.591657288294414,60000,300,9.362738400000126,9.296875,True
cx0.1_mut0.01,0.1,0.01,test_1,0,6,48,48.840027852965896,47.03907532657858,60000,300,11.579808899999989,11.359375,True
cx0.1_mut0.01,0.1,0.01,test_1,0,7,49,46.892064906769306,45.003563391838966,60000,300,12.809402500000033,12.515625,True
cx0.1_mut0.01,0.1,0.01,test_1,0,8,50,42.72365574314462,40.9324241970995,60000,300,8.967940500000168,8.875,True
cx0.1_mut0.01,0.1,0.01,test_1,0,9,51,47.09183204460894,45.5266632271303,60000,300,10.982527499999833,10.90625,True
cx0.1_mut0.01,0.1,0.01,test_1,0,10,52,47.50266640970174,45.59629716444047,60000,300,9.58242270000028,9.4375,True
cx0.1_mut0.01,0.1,0.01,test_1,0,11,53,39.33768112270118,37.51597089854761,60000,300,9.18294109999988,8.9375,True
cx0.1_mut0.01,0.1,0.01,test_1,0,12,54,40.84486398948497,39.04815809878292,60000,300,8.948982500000056,8.78125,True
cx0.1_mut0.01,0.1,0.01,test_1,0,13,55,55.31492125702665,53.78680568844544,60000,300,9.266257100000075,9.203125,True
cx0.1_mut0.01,0.1,0.01,test_1,0,14,56,48.91113895674588,47.207977765120006,60000,300,10.433426499999769,10.28125,True
cx0.1_mut0.01,0.1,0.01,test_1,0,15,57,42.20855263915742,40.56483669847787,60000,300,9.051763299999948,9.0,True
cx0.1_mut0.01,0.1,0.01,test_1,0,16,58,43.2993575340653,41.77755167939507,60000,300,9.556807499999195,9.515625,True
cx0.1_mut0.01,0.1,0.01,test_1,0,17,59,44.10371276624959,42.654072912659146,60000,300,8.43665880000026,8.3125,True
cx0.1_mut0.01,0.1,0.01,test_1,0,18,60,51.473858087646086,49.89929448757677,60000,300,8.887178099999801,8.875,True
cx0.1_mut0.01,0.1,0.01,test_1,0,19,61,56.14724979610137,54.351261233600624,60000,300,10.820644399999765,10.765625,True
cx0.1_mut0.01,0.1,0.01,test_2,1,0,142,38.269208770930646,36.62966726705691,60000,300,7.709059200000411,7.6875,True
cx0.1_mut0.01,0.1,0.01,test_2,1,1,143,40.33101046761411,38.75317996608661,60000,300,8.19179989999975,8.203125,True
cx0.1_mut0.01,0.1,0.01,test_2,1,2,144,39.19527970953854,37.21919257876377,60000,300,8.174826899999971,8.15625,True
cx0.1_mut0.01,0.1,0.01,test_2,1,3,145,43.11540197162494,41.54809024196855,60000,300,9.97030739999991,9.828125,True
cx0.1_mut0.01,0.1,0.01,test_2,1,4,146,39.44732927419649,38.162316824621335,60000,300,8.633528899999874,8.5625,True
cx0.1_mut0.01,0.1,0.01,test_2,1,5,147,42.37972597022797,40.63594189397808,60000,300,10.88079900000048,10.859375,True
cx0.1_mut0.01,0.1,0.01,test_2,1,6,148,35.144780873253126,33.6234268999424,60000,300,12.19336149999981,12.125,True
cx0.1_mut0.01,0.1,0.01,test_2,1,7,149,37.37682904202288,35.539630415315465,60000,300,10.894283700000415,10.828125,True
cx0.1_mut0.01,0.1,0.01,test_2,1,8,150,39.6099365691317,37.816075020817166,60000,300,8.274597200000244,8.203125,True
cx0.1_mut0.01,0.1,0.01,test_2,1,9,151,34.836815157040014,33.37188784402057,60000,300,11.855374400000073,11.703125,True
cx0.1_mut0.01,0.1,0.01,test_2,1,10,152,46.16979368276761,44.772451705642915,60000,300,10.551921899999797,10.28125,True
cx0.1_mut0.01,0.1,0.01,test_2,1,11,153,41.60848832236914,40.13336940684794,60000,300,9.147922699999981,8.984375,True
cx0.1_mut0.01,0.1,0.01,test_2,1,12,154,47.292853201794756,45.658460850258535,60000,300,8.893746199999441,8.734375,True
cx0.1_mut0.01,0.1,0.01,test_2,1,13,155,39.5584366413847,37.79663156427766,60000,300,9.117260899999565,9.078125,True
cx0.1_mut0.01,0.1,0.01,test_2,1,14,156,38.28228795941263,36.76439263517987,60000,300,10.834003699999812,10.65625,True
cx0.1_mut0.01,0.1,0.01,test_2,1,15,157,37.37875366159592,35.87229897794498,60000,300,8.994499200000064,8.875,True
cx0.1_mut0.01,0.1,0.01,test_2,1,16,158,37.606346596713585,35.99233596375004,60000,300,9.636965599999712,9.515625,True
cx0.1_mut0.01,0.1,0.01,test_2,1,17,159,46.88869769663167,45.36618688715708,60000,300,10.453303100000085,10.234375,True
cx0.1_mut0.01,0.1,0.01,test_2,1,18,160,42.58773243299489,41.23594312582325,60000,300,11.084302999999636,10.90625,True
cx0.1_mut0.01,0.1,0.01,test_2,1,19,161,44.437734377850006,42.877203038773004,60000,300,10.196265900000071,10.0625,True
cx0.1_mut0.01,0.1,0.01,test_3,2,0,242,40.89815408704154,39.31083613793031,60000,300,8.77033240000037,8.6875,True
cx0.1_mut0.01,0.1,0.01,test_3,2,1,243,36.21027683057204,34.3908862639048,60000,300,11.784044699999868,11.65625,True
cx0.1_mut0.01,0.1,0.01,test_3,2,2,244,41.34234529942928,39.60916606535837,60000,300,9.742851199999677,9.59375,True
cx0.1_mut0.01,0.1,0.01,test_3,2,3,245,36.74485974975761,35.10594668062646,60000,300,12.52221279999958,12.390625,True
cx0.1_mut0.01,0.1,0.01,test_3,2,4,246,38.014934721269846,36.12426230279898,60000,300,11.815471500000058,11.734375,True
cx0.1_mut0.01,0.1,0.01,test_3,2,5,247,30.740400979867996,29.44468839255925,60000,300,9.167758999999933,8.984375,True
cx0.1_mut0.01,0.1,0.01,test_3,2,6,248,46.92878309569231,45.29723729244427,60000,300,9.130473499999425,8.96875,True
cx0.1_mut0.01,0.1,0.01,test_3,2,7,249,48.0428409041332,46.2170123082553,60000,300,8.24335499999961,8.109375,True
cx0.1_mut0.01,0.1,0.01,test_3,2,8,250,46.01929371463446,43.8618693984579,60000,300,8.837712300000021,8.75,True
cx0.1_mut0.01,0.1,0.01,test_3,2,9,251,35.00488287731245,33.70908206889157,60000,300,8.306664300000193,8.234375,True
cx0.1_mut0.01,0.1,0.01,test_3,2,10,252,40.996674411825516,39.37508414937415,60000,300,10.137924100000419,10.0,True
cx0.1_mut0.01,0.1,0.01,test_3,2,11,253,39.94403438407824,38.06250381845814,60000,300,10.800007300000289,10.75,True
cx0.1_mut0.01,0.1,0.01,test_3,2,12,254,42.951301939596135,41.23131491602938,60000,300,8.922386500000357,8.859375,True
cx0.1_mut0.01,0.1,0.01,test_3,2,13,255,33.70212552569971,32.06715541488889,60000,300,10.61718480000036,10.296875,True
cx0.1_mut0.01,0.1,0.01,test_3,2,14,256,41.82263735452029,39.90390928442686,60000,300,10.963494900000114,10.875,True
cx0.1_mut0.01,0.1,0.01,test_3,2,15,257,35.27816628335459,33.87418503233969,60000,300,11.246589999999742,11.125,True
cx0.1_mut0.01,0.1,0.01,test_3,2,16,258,38.92722945431999,36.99507024470643,60000,300,9.617406599999413,9.546875,True
cx0.1_mut0.01,0.1,0.01,test_3,2,17,259,38.50316436023347,36.59293967356028,60000,300,10.32841180000014,10.171875,True
cx0.1_mut0.01,0.1,0.01,test_3,2,18,260,41.17322207195522,39.25506118960024,60000,300,10.747528200000488,10.6875,True
cx0.1_mut0.01,0.1,0.01,test_3,2,19,261,41.28680753845733,39.67081615647412,60000,300,9.730899799999861,9.546875,True
cx0.1_mut0.01,0.1,0.01,test_4,3,0,342,47.081946769276044,44.83626484240524,60000,300,10.159266599999683,9.921875,True
cx0.1_mut0.01,0.1,0.01,test_4,3,1,343,34.917465164050604,33.547116302834034,60000,300,10.861759899999925,10.5625,True
cx0.1_mut0.01,0.1,0.01,test_4,3,2,344,40.26472115672037,38.481429648170995,60000,300,11.993209400000524,11.890625,True
cx0.1_mut0.01,0.1,0.01,test_4,3,3,345,31.640188026999354,30.164250385990677,60000,300,8.70509409999977,8.5625,True
cx0.1_mut0.01,0.1,0.01,test_4,3,4,346,38.524176809283105,37.17028875569453,60000,300,11.724164899999778,11.609375,True
cx0.1_mut0.01,0.1,0.01,test_4,3,5,347,30.251781603683916,28.861769392307934,60000,300,8.46228119999978,8.40625,True
cx0.1_mut0.01,0.1,0.01,test_4,3,6,348,29.769789142703956,28.30170300644249,60000,300,11.770787299999938,11.6875,True
cx0.1_mut0.01,0.1,0.01,test_4,3,7,349,33.53728401988753,32.130269779543724,60000,300,8.689656700000342,8.609375,True
cx0.1_mut0.01,0.1,0.01,test_4,3,8,350,35.0720409216662,33.25733728454148,60000,300,9.155792399999882,9.015625,True
cx0.1_mut0.01,0.1,0.01,test_4,3,9,351,37.78970186260669,36.35469918683805,60000,300,8.916121700000076,8.8125,True
cx0.1_mut0.01,0.1,0.01,test_4,3,10,352,32.09425006429777,30.829710394140648,60000,300,9.564154800000324,9.390625,True
cx0.1_mut0.01,0.1,0.01,test_4,3,11,353,39.48344383018466,37.95591530172077,60000,300,8.3974290999995,8.265625,True
cx0.1_mut0.01,0.1,0.01,test_4,3,12,354,31.396602564134614,29.8520639702722,60000,300,9.300607899999704,9.203125,True
cx0.1_mut0.01,0.1,0.01,test_4,3,13,355,32.58393045157087,31.230608967097048,60000,300,8.806214700000055,8.703125,True
cx0.1_mut0.01,0.1,0.01,test_4,3,14,356,34.066100442589196,32.60348668050746,60000,300,8.853037799999584,8.765625,True
cx0.1_mut0.01,0.1,0.01,test_4,3,15,357,34.91065334319559,33.21954795702676,60000,300,10.99837690000004,10.9375,True
cx0.1_mut0.01,0.1,0.01,test_4,3,16,358,37.97699354935798,36.3117154590098,60000,300,10.933663100000558,10.71875,True
cx0.1_mut0.01,0.1,0.01,test_4,3,17,359,38.06584105019451,36.34507515417716,60000,300,8.044290300000284,7.9375,True
cx0.1_mut0.01,0.1,0.01,test_4,3,18,360,37.587251128323494,36.055985593568714,60000,300,10.28019249999943,10.15625,True
cx0.1_mut0.01,0.1,0.01,test_4,3,19,361,44.05430729057568,42.53545630250797,60000,300,10.220337699999618,10.09375,True
cx0.1_mut0.01,0.1,0.01,test_5,4,0,442,38.26308225815728,36.82223500662189,60000,300,9.234012300000359,9.125,True
cx0.1_mut0.01,0.1,0.01,test_5,4,1,443,47.88549421160373,46.041107064852625,60000,300,8.403533499999867,8.3125,True
cx0.1_mut0.01,0.1,0.01,test_5,4,2,444,43.36866582157452,41.62353271093399,60000,300,9.60240689999955,9.5,True
cx0.1_mut0.01,0.1,0.01,test_5,4,3,445,41.95512201940417,40.30544081312526,60000,300,8.98371009999937,8.875,True
cx0.1_mut0.01,0.1,0.01,test_5,4,4,446,44.425751874791025,42.253474988217825,60000,300,9.774762900000496,9.71875,True
cx0.1_mut0.01,0.1,0.01,test_5,4,5,447,47.493180469711845,45.96546057529812,60000,300,7.815277300000162,7.6875,True
cx0.1_mut0.01,0.1,0.01,test_5,4,6,448,48.811481035571035,46.955195022452415,60000,300,8.236818799999128,8.171875,True
cx0.1_mut0.01,0.1,0.01,test_5,4,7,449,42.95038147200958,40.677859158570335,60000,300,9.287594000000354,9.203125,True
cx0.1_mut0.01,0.1,0.01,test_5,4,8,450,52.062174542557315,50.198895852169734,60000,300,10.372206900000492,10.296875,True
cx0.1_mut0.01,0.1,0.01,test_5,4,9,451,44.50776235019128,42.54924340116795,60000,300,10.885286700000506,10.828125,True
cx0.1_mut0.01,0.1,0.01,test_5,4,10,452,50.51683917984666,48.59140978084037,60000,300,10.356167500000083,10.234375,True
cx0.1_mut0.01,0.1,0.01,test_5,4,11,453,45.501194087729296,43.65584085452734,60000,300,12.282706899999539,12.15625,True
cx0.1_mut0.01,0.1,0.01,test_5,4,12,454,36.71843903485164,35.24332821199806,60000,300,8.10463830000026,8.03125,True
cx0.1_mut0.01,0.1,0.01,test_5,4,13,455,38.54154123189329,37.039882158482115,60000,300,8.119954799999505,8.0625,True
cx0.1_mut0.01,0.1,0.01,test_5,4,14,456,39.62605292168476,38.02350270097324,60000,300,8.078714199999922,8.015625,True
cx0.1_mut0.01,0.1,0.01,test_5,4,15,457,47.870746026137745,46.28007620831855,60000,300,11.93339130000004,11.8125,True
cx0.1_mut0.01,0.1,0.01,test_5,4,16,458,39.68687312929168,38.110295888018506,60000,300,9.163530100000571,9.140625,True
cx0.1_mut0.01,0.1,0.01,test_5,4,17,459,38.27819808277389,37.026457348977026,60000,300,8.15344229999937,8.140625,True
cx0.1_mut0.01,0.1,0.01,test_5,4,18,460,45.91767338980145,44.18244305129624,60000,300,9.235413100000187,9.125,True
cx0.1_mut0.01,0.1,0.01,test_5,4,19,461,41.824456141872076,40.290080684480714,60000,300,9.479172299999846,9.3125,True
cx0.1_mut0.01,0.1,0.01,test_6,5,0,542,49.2053419252141,47.634573403018145,60000,300,8.709109999999782,8.546875,True
cx0.1_mut0.01,0.1,0.01,test_6,5,1,543,36.288123441559726,35.02527797070073,60000,300,8.11561780000011,8.046875,True
cx0.1_mut0.01,0.1,0.01,test_6,5,2,544,47.94672976859439,46.514177164123666,60000,300,9.990263400000003,9.796875,True
cx0.1_mut0.01,0.1,0.01,test_6,5,3,545,37.96641605615318,36.46503624533663,60000,300,11.364875299999767,11.09375,True
cx0.1_mut0.01,0.1,0.01,test_6,5,4,546,46.60760974872552,45.05921282059127,60000,300,9.747347900000022,9.640625,True
cx0.1_mut0.01,0.1,0.01,test_6,5,5,547,40.755392945736666,39.07163670627145,60000,300,11.026298699999643,10.703125,True
cx0.1_mut0.01,0.1,0.01,test_6,5,6,548,44.76388923946989,42.956263376092274,60000,300,12.738157499999943,12.53125,True
cx0.1_mut0.01,0.1,0.01,test_6,5,7,549,46.18176714528956,44.584441918306105,60000,300,9.615017799999805,9.421875,True
cx0.1_mut0.01,0.1,0.01,test_6,5,8,550,42.296556540254215,40.72596175665499,60000,300,10.725689200000488,10.46875,True
cx0.1_mut0.01,0.1,0.01,test_6,5,9,551,41.76057719000526,39.787434044659335,60000,300,10.097999500000697,9.859375,True
cx0.1_mut0.01,0.1,0.01,test_6,5,10,552,41.493007677671166,39.7129468274533,60000,300,11.19201669999984,11.109375,True
cx0.1_mut0.01,0.1,0.01,test_6,5,11,553,42.17703423716997,40.503095423393944,60000,300,10.614295399999719,10.40625,True
cx0.1_mut0.01,0.1,0.01,test_6,5,12,554,36.229948254229264,34.614965328956835,60000,300,8.382438399999955,8.203125,True
cx0.1_mut0.01,0.1,0.01,test_6,5,13,555,50.08499346561977,48.25019807638839,60000,300,9.846513400000731,9.609375,True
cx0.1_mut0.01,0.1,0.01,test_6,5,14,556,44.88318340227972,43.13120758318953,60000,300,13.652558800000406,13.390625,True
cx0.1_mut0.01,0.1,0.01,test_6,5,15,557,43.77431758819156,42.47891247162354,60000,300,9.897541500000443,9.734375,True
cx0.1_mut0.01,0.1,0.01,test_6,5,16,558,40.24552721290434,38.58839539296082,60000,300,9.446073799999795,9.21875,True
cx0.1_mut0.01,0.1,0.01,test_6,5,17,559,51.14427489493136,49.760296820158025,60000,300,11.134340800000246,10.859375,True
cx0.1_mut0.01,0.1,0.01,test_6,5,18,560,51.135468548134874,49.34881457197696,60000,300,10.135523799999646,10.03125,True
cx0.1_mut0.01,0.1,0.01,test_6,5,19,561,38.68457450466248,37.12223598597609,60000,300,10.460860700000012,10.203125,True
cx0.1_mut0.01,0.1,0.01,test_7,6,0,642,44.08080529208298,42.5071958068443,60000,300,11.628849500000797,11.34375,True
cx0.1_mut0.01,0.1,0.01,test_7,6,1,643,32.50022223366307,30.852689991229063,60000,300,10.594995299999937,10.453125,True
cx0.1_mut0.01,0.1,0.01,test_7,6,2,644,43.98716493877998,42.13788277303475,60000,300,10.206797499999993,10.0625,True
cx0.1_mut0.01,0.1,0.01,test_7,6,3,645,45.89521574178894,44.137079010019974,60000,300,9.418665799999872,9.234375,True
cx0.1_mut0.01,0.1,0.01,test_7,6,4,646,36.94840769207173,35.643750491342715,60000,300,10.120729100000062,9.84375,True
cx0.1_mut0.01,0.1,0.01,test_7,6,5,647,38.950602466278916,37.33542657586422,60000,300,9.92715329999919,9.78125,True
cx0.1_mut0.01,0.1,0.01,test_7,6,6,648,35.69594557169926,34.04831259269865,60000,300,8.304036499999711,8.03125,True
cx0.1_mut0.01,0.1,0.01,test_7,6,7,649,36.47102482092435,35.025738189474076,60000,300,8.955415800000083,8.828125,True
cx0.1_mut0.01,0.1,0.01,test_7,6,8,650,39.33193373554198,37.437201130996016,60000,300,9.617127600000458,9.453125,True
cx0.1_mut0.01,0.1,0.01,test_7,6,9,651,39.468080474769,37.88249782168603,60000,300,12.92181729999993,12.65625,True
cx0.1_mut0.01,0.1,0.01,test_7,6,10,652,38.4560307729883,36.73213758034609,60000,300,8.935852999999952,8.890625,True
cx0.1_mut0.01,0.1,0.01,test_7,6,11,653,35.874242312286974,34.05827173431663,60000,300,10.270250300000043,10.046875,True
cx0.1_mut0.01,0.1,0.01,test_7,6,12,654,38.68112342034043,36.88790320853578,60000,300,12.439065799999298,12.234375,True
cx0.1_mut0.01,0.1,0.01,test_7,6,13,655,39.52897354491832,37.743169284560466,60000,300,9.57464709999931,9.40625,True
cx0.1_mut0.01,0.1,0.01,test_7,6,14,656,37.29753405239999,35.47319592663632,60000,300,8.179339500000424,7.890625,True
cx0.1_mut0.01,0.1,0.01,test_7,6,15,657,43.176570800112465,41.61898454525302,60000,300,8.344211700000415,8.265625,True
cx0.1_mut0.01,0.1,0.01,test_7,6,16,658,34.411117010774134,33.03696795414,60000,300,9.083165799999733,8.859375,True
cx0.1_mut0.01,0.1,0.01,test_7,6,17,659,43.085734272731194,41.18772309140045,60000,300,9.480742000000646,9.421875,True
cx0.1_mut0.01,0.1,0.01,test_7,6,18,660,43.56836539667667,41.89391560550234,60000,300,9.38049409999985,9.328125,True
cx0.1_mut0.01,0.1,0.01,test_7,6,19,661,47.3604857219979,45.13905703379638,60000,300,12.36396859999968,12.234375,True
cx0.1_mut0.01,0.1,0.01,test_8,7,0,742,40.02798076291248,38.49063640689096,60000,300,8.70586430000003,8.609375,True
cx0.1_mut0.01,0.1,0.01,test_8,7,1,743,35.424540908453054,34.010533783365666,60000,300,9.770106400000259,9.71875,True
cx0.1_mut0.01,0.1,0.01,test_8,7,2,744,40.538940029516624,38.86991877084196,60000,300,9.694104999999581,9.546875,True
cx0.1_mut0.01,0.1,0.01,test_8,7,3,745,40.60160501232323,39.09010614114162,60000,300,10.274367199999688,10.03125,True
cx0.1_mut0.01,0.1,0.01,test_8,7,4,746,35.175813692089925,33.192031825282456,60000,300,9.478045699999711,9.28125,True
cx0.1_mut0.01,0.1,0.01,test_8,7,5,747,38.98163729756987,37.443200155290825,60000,300,9.614284900000712,9.5,True
cx0.1_mut0.01,0.1,0.01,test_8,7,6,748,31.152807349905387,29.52126786337034,60000,300,9.859479600000668,9.734375,True
cx0.1_mut0.01,0.1,0.01,test_8,7,7,749,42.33620156241417,40.31523228620743,60000,300,10.270020599999953,10.25,True
cx0.1_mut0.01,0.1,0.01,test_8,7,8,750,34.92643135882239,33.112867386516406,60000,300,8.700030500000139,8.65625,True
cx0.1_mut0.01,0.1,0.01,test_8,7,9,751,39.05893419595604,37.44233468328084,60000,300,10.26718979999987,10.171875,True
cx0.1_mut0.01,0.1,0.01,test_8,7,10,752,39.22902860701885,37.59026417193702,60000,300,11.620837700000266,11.4375,True
cx0.1_mut0.01,0.1,0.01,test_8,7,11,753,43.1667564963337,41.66571726287745,60000,300,13.140233199999784,12.875,True
cx0.1_mut0.01,0.1,0.01,test_8,7,12,754,35.585089097480285,33.77667313136876,60000,300,10.832508599999528,10.734375,True
cx0.1_mut0.01,0.1,0.01,test_8,7,13,755,39.942375884117006,37.80010662000266,60000,300,13.074334799999633,12.96875,True
cx0.1_mut0.01,0.1,0.01,test_8,7,14,756,45.34456895608712,43.464923196996985,60000,300,10.822329399999944,10.734375,True
cx0.1_mut0.01,0.1,0.01,test_8,7,15,757,41.04089385921176,39.31983407182763,60000,300,11.028137199999946,10.875,True
cx0.1_mut0.01,0.1,0.01,test_8,7,16,758,43.64383419904795,41.90403806467181,60000,300,9.982141599999522,9.875,True
cx0.1_mut0.01,0.1,0.01,test_8,7,17,759,33.50443253869054,31.77293485659391,60000,300,11.347706699999435,11.234375,True
cx0.1_mut0.01,0.1,0.01,test_8,7,18,760,42.77274883764545,40.96399587373484,60000,300,12.947057800000039,12.75,True
cx0.1_mut0.01,0.1,0.01,test_8,7,19,761,38.62058335933436,36.95649314909616,60000,300,12.610601399999723,12.46875,True
cx0.1_mut0.01,0.1,0.01,test_9,8,0,842,41.50580414946842,39.917658406125916,60000,300,9.97611280000001,9.796875,True
cx0.1_mut0.01,0.1,0.01,test_9,8,1,843,47.604848971808345,46.0029230029987,60000,300,11.141902600000321,11.046875,True
cx0.1_mut0.01,0.1,0.01,test_9,8,2,844,48.06489746424391,46.45224995550283,60000,300,8.315581199999542,8.265625,True
cx0.1_mut0.01,0.1,0.01,test_9,8,3,845,39.1858085000838,37.605888588016995,60000,300,9.27182989999983,9.203125,True
cx0.1_mut0.01,0.1,0.01,test_9,8,4,846,38.78379946773072,37.221119933870696,60000,300,8.275931899999705,8.125,True
cx0.1_mut0.01,0.1,0.01,test_9,8,5,847,39.88721857293493,38.06222065511377,60000,300,8.197836599999391,8.109375,True
cx0.1_mut0.01,0.1,0.01,test_9,8,6,848,40.64149439259233,39.24913307461127,60000,300,7.34063419999984,7.3125,True
cx0.1_mut0.01,0.1,0.01,test_9,8,7,849,50.015256144360535,48.662448751518376,60000,300,9.749450299999808,9.65625,True
cx0.1_mut0.01,0.1,0.01,test_9,8,8,850,45.209306853476626,43.60866379893891,60000,300,8.181354700000156,8.125,True
cx0.1_mut0.01,0.1,0.01,test_9,8,9,851,42.763765364240705,41.26586446073893,60000,300,8.762323099999776,8.71875,True
cx0.1_mut0.01,0.1,0.01,test_9,8,10,852,44.15737591858198,42.55561639561174,60000,300,8.3429157999999,8.28125,True
cx0.1_mut0.01,0.1,0.01,test_9,8,11,853,36.88314052993667,35.31134866257505,60000,300,10.218215300000338,10.125,True
cx0.1_mut0.01,0.1,0.01,test_9,8,12,854,41.044395828961804,39.347860268177286,60000,300,10.445562700000664,10.375,True
cx0.1_mut0.01,0.1,0.01,test_9,8,13,855,40.96010885521893,39.2638915161494,60000,300,8.943616500000644,8.875,True
cx0.1_mut0.01,0.1,0.01,test_9,8,14,856,55.477220274946966,53.929722640240044,60000,300,8.332612200000767,8.28125,True
cx0.1_mut0.01,0.1,0.01,test_9,8,15,857,45.986057721746846,44.19490185082674,60000,300,8.405616000000009,8.25,True
cx0.1_mut0.01,0.1,0.01,test_9,8,16,858,42.4352225754445,40.99310462699782,60000,300,9.969272199999978,9.828125,True
cx0.1_mut0.01,0.1,0.01,test_9,8,17,859,37.417959274586266,35.758208369197945,60000,300,8.249675399999433,8.171875,True
cx0.1_mut0.01,0.1,0.01,test_9,8,18,860,41.73311215544079,40.14865135976569,60000,300,8.929986399999507,8.859375,True
cx0.1_mut0.01,0.1,0.01,test_9,8,19,861,40.20624498053374,38.541450963318646,60000,300,9.293151700000635,9.171875,True
cx0.1_mut0.01,0.1,0.01,test_10,9,0,942,49.26698807918007,47.79279082432481,60000,300,10.635873200000788,10.59375,True
cx0.1_mut0.01,0.1,0.01,test_10,9,1,943,52.506677508311334,50.90064481604286,60000,300,9.10815570000068,9.078125,True
cx0.1_mut0.01,0.1,0.01,test_10,9,2,944,39.95009116857216,38.306231534520705,60000,300,9.156349599999885,8.921875,True
cx0.1_mut0.01,0.1,0.01,test_10,9,3,945,35.335124168308695,34.12590133239503,60000,300,7.915164100000766,7.875,True
cx0.1_mut0.01,0.1,0.01,test_10,9,4,946,38.60977207614925,36.924270334360834,60000,300,10.599673599999733,10.546875,True
cx0.1_mut0.01,0.1,0.01,test_10,9,5,947,47.94432150127401,46.038607552627404,60000,300,9.791662300000098,9.71875,True
cx0.1_mut0.01,0.1,0.01,test_10,9,6,948,35.45612008926001,33.974431930081785,60000,300,10.203669900000023,10.03125,True
cx0.1_mut0.01,0.1,0.01,test_10,9,7,949,37.191949944534166,35.559065769641194,60000,300,8.712545000000318,8.484375,True
cx0.1_mut0.01,0.1,0.01,test_10,9,8,950,42.813024699549835,41.30942202996958,60000,300,8.466284999999516,8.359375,True
cx0.1_mut0.01,0.1,0.01,test_10,9,9,951,44.67712218520692,42.751049833481396,60000,300,10.86760249999952,10.734375,True
cx0.1_mut0.01,0.1,0.01,test_10,9,10,952,39.7878015100587,37.98657394635835,60000,300,11.854488400000264,11.75,True
cx0.1_mut0.01,0.1,0.01,test_10,9,11,953,43.200090363088414,41.64256711539367,60000,300,10.025029699999322,9.953125,True
cx0.1_mut0.01,0.1,0.01,test_10,9,12,954,40.88000073546401,39.209536228872025,60000,300,8.541431800000282,8.5,True
cx0.1_mut0.01,0.1,0.01,test_10,9,13,955,39.96845266376717,38.30164141357349,60000,300,10.964338400000088,10.84375,True
cx0.1_mut0.01,0.1,0.01,test_10,9,14,956,37.02898570288521,35.165692980364895,60000,300,10.057248600000094,9.953125,True
cx0.1_mut0.01,0.1,0.01,test_10,9,15,957,43.6261777716995,41.80780326449926,60000,300,9.39676640000016,9.34375,True
cx0.1_mut0.01,0.1,0.01,test_10,9,16,958,37.69175155384792,36.2683942765038,60000,300,8.14368469999954,8.0,True
cx0.1_mut0.01,0.1,0.01,test_10,9,17,959,44.286781357111764,42.25930029261044,60000,300,8.57926740000039,8.484375,True
cx0.1_mut0.01,0.1,0.01,test_10,9,18,960,41.873216311217796,40.166442110591746,60000,300,12.660191100000702,12.46875,True
cx0.1_mut0.01,0.1,0.01,test_10,9,19,961,49.91880042944218,48.12362080974317,60000,300,9.77895769999941,9.65625,True
cx0.1_mut0.1,0.1,0.1,test_1,0,0,42,37.827644421357306,36.11230538918614,60000,300,7.425984399999834,7.296875,True
cx0.1_mut0.1,0.1,0.1,test_1,0,1,43,40.95421290161875,39.32117653851475,60000,300,7.221683000000212,7.109375,True
cx0.1_mut0.1,0.1,0.1,test_1,0,2,44,35.93370043475134,34.60059964719726,60000,300,8.139806900000167,8.046875,True
cx0.1_mut0.1,0.1,0.1,test_1,0,3,45,37.498912501518284,35.62874718844219,60000,300,9.38908820000006,9.25,True
cx0.1_mut0.1,0.1,0.1,test_1,0,4,46,42.714021876210644,41.235840623736344,60000,300,8.373579300000074,8.21875,True
cx0.1_mut0.1,0.1,0.1,test_1,0,5,47,35.13278899555428,33.637366135821175,60000,300,8.163947199999711,8.078125,True
cx0.1_mut0.1,0.1,0.1,test_1,0,6,48,44.305490282056496,42.750008049029965,60000,300,11.358553200000188,11.21875,True
cx0.1_mut0.1,0.1,0.1,test_1,0,7,49,44.0537893363609,42.69401565835696,60000,300,10.296916899999815,9.984375,True
cx0.1_mut0.1,0.1,0.1,test_1,0,8,50,45.326663659837095,43.794367943774965,60000,300,7.784955399999944,7.65625,True
cx0.1_mut0.1,0.1,0.1,test_1,0,9,51,44.56289419144482,42.61129026683612,60000,300,8.806870500000059,8.765625,True
cx0.1_mut0.1,0.1,0.1,test_1,0,10,52,44.17488095988011,42.513433645417514,60000,300,10.041263300000082,9.859375,True
cx0.1_mut0.1,0.1,0.1,test_1,0,11,53,44.05716765317173,42.579044754505965,60000,300,9.016941499999575,8.859375,True
cx0.1_mut0.1,0.1,0.1,test_1,0,12,54,37.256218142879675,35.62790987524043,60000,300,8.483462500000314,8.328125,True
cx0.1_mut0.1,0.1,0.1,test_1,0,13,55,40.06513878017218,38.82238346525844,60000,300,7.867108200000075,7.734375,True
cx0.1_mut0.1,0.1,0.1,test_1,0,14,56,43.649194053674584,42.16690635140559,60000,300,9.643639799999619,9.453125,True
cx0.1_mut0.1,0.1,0.1,test_1,0,15,57,41.53084761239291,39.58546650746355,60000,300,9.684861699999601,9.640625,True
cx0.1_mut0.1,0.1,0.1,test_1,0,16,58,42.89625579344562,41.326109730953064,60000,300,7.606757099999413,7.546875,True
cx0.1_mut0.1,0.1,0.1,test_1,0,17,59,44.13453916705337,42.714963576553465,60000,300,7.583653100000447,7.5,True
cx0.1_mut0.1,0.1,0.1,test_1,0,18,60,48.7190684650058,47.18863796917192,60000,300,7.219579000000522,7.15625,True
cx0.1_mut0.1,0.1,0.1,test_1,0,19,61,42.0976992710715,40.584026478579354,60000,300,7.61396700000023,7.5625,True
cx0.1_mut0.1,0.1,0.1,test_2,1,0,142,42.681358956539825,41.26133613944528,60000,300,7.5464893999997,7.515625,True
cx0.1_mut0.1,0.1,0.1,test_2,1,1,143,35.31680122044806,33.837130474595675,60000,300,7.399435899999844,7.34375,True
cx0.1_mut0.1,0.1,0.1,test_2,1,2,144,29.91874284136333,28.593440990886673,60000,300,8.02381779999996,8.015625,True
cx0.1_mut0.1,0.1,0.1,test_2,1,3,145,36.0362844217836,34.396253006433135,60000,300,9.9802423000001,9.953125,True
cx0.1_mut0.1,0.1,0.1,test_2,1,4,146,34.461553819257716,33.11205318321888,60000,300,7.895193899999867,7.859375,True
cx0.1_mut0.1,0.1,0.1,test_2,1,5,147,35.936767250859326,34.2895312721151,60000,300,8.723287200000414,8.71875,True
cx0.1_mut0.1,0.1,0.1,test_2,1,6,148,37.34477451614325,35.38447558812182,60000,300,9.1980379000006,9.15625,True
cx0.1_mut0.1,0.1,0.1,test_2,1,7,149,35.33464902184943,33.822404080941254,60000,300,7.979879100000289,7.875,True
cx0.1_mut0.1,0.1,0.1,test_2,1,8,150,30.29151826104874,28.75049455508529,60000,300,7.036685799999759,6.984375,True
cx0.1_mut0.1,0.1,0.1,test_2,1,9,151,33.850477560932354,32.27076571296035,60000,300,7.264021199999661,7.25,True
cx0.1_mut0.1,0.1,0.1,test_2,1,10,152,33.8844869020885,32.255839947460984,60000,300,8.630041899999924,8.5,True
cx0.1_mut0.1,0.1,0.1,test_2,1,11,153,34.15687886050975,32.863860652691095,60000,300,8.311473199999455,8.203125,True
cx0.1_mut0.1,0.1,0.1,test_2,1,12,154,35.00005450598115,33.30398945571921,60000,300,8.539720400000078,8.453125,True
cx0.1_mut0.1,0.1,0.1,test_2,1,13,155,39.484137732947815,37.702349464974574,60000,300,8.259737999999743,8.21875,True
cx0.1_mut0.1,0.1,0.1,test_2,1,14,156,32.768864637688324,30.839841846022317,60000,300,7.673573799999758,7.609375,True
cx0.1_mut0.1,0.1,0.1,test_2,1,15,157,32.00655287181935,30.693509114938333,60000,300,8.423096699999405,8.390625,True
cx0.1_mut0.1,0.1,0.1,test_2,1,16,158,38.21273412239739,36.63763495192866,60000,300,8.234949400000005,8.1875,True
cx0.1_mut0.1,0.1,0.1,test_2,1,17,159,33.77118106961319,32.42409340247362,60000,300,9.209862099999555,9.078125,True
cx0.1_mut0.1,0.1,0.1,test_2,1,18,160,35.290657743130225,33.7412483913296,60000,300,8.705977100000382,8.515625,True
cx0.1_mut0.1,0.1,0.1,test_2,1,19,161,37.93659210706522,36.5812507996267,60000,300,7.6941182999999,7.625,True
cx0.1_mut0.1,0.1,0.1,test_3,2,0,242,39.687885930502055,37.988938897540464,60000,300,7.709318899999744,7.5625,True
cx0.1_mut0.1,0.1,0.1,test_3,2,1,243,33.59295497112219,32.07788946078458,60000,300,8.879017100000056,8.828125,True
cx0.1_mut0.1,0.1,0.1,test_3,2,2,244,40.35720560310891,38.62708449108047,60000,300,7.343029399999978,7.265625,True
cx0.1_mut0.1,0.1,0.1,test_3,2,3,245,38.031217994350634,36.3513420477988,60000,300,8.933207999999468,8.890625,True
cx0.1_mut0.1,0.1,0.1,test_3,2,4,246,32.494505153531044,30.748732739944433,60000,300,10.3203225999996,10.1875,True
cx0.1_mut0.1,0.1,0.1,test_3,2,5,247,32.03915510439388,30.659726039403267,60000,300,8.849897500000225,8.75,True
cx0.1_mut0.1,0.1,0.1,test_3,2,6,248,34.92393238502439,33.67200968789967,60000,300,9.269003399999747,9.09375,True
cx0.1_mut0.1,0.1,0.1,test_3,2,7,249,33.60834920145948,31.9905733817567,60000,300,7.752835400000549,7.703125,True
cx0.1_mut0.1,0.1,0.1,test_3,2,8,250,42.75571878454341,40.91683067954959,60000,300,9.771543300000303,9.6875,True
cx0.1_mut0.1,0.1,0.1,test_3,2,9,251,37.53787696885029,35.84348164245357,60000,300,9.695452800000567,9.640625,True
cx0.1_mut0.1,0.1,0.1,test_3,2,10,252,35.36207085097899,33.713859980238006,60000,300,8.620935300000383,8.375,True
cx0.1_mut0.1,0.1,0.1,test_3,2,11,253,39.701118604739584,38.18240263037235,60000,300,7.827908199999911,7.75,True
cx0.1_mut0.1,0.1,0.1,test_3,2,12,254,36.379699075498365,34.59245225905144,60000,300,8.724287400000321,8.625,True
cx0.1_mut0.1,0.1,0.1,test_3,2,13,255,42.88703547325224,40.83981087312247,60000,300,9.909846600000492,9.765625,True
cx0.1_mut0.1,0.1,0.1,test_3,2,14,256,31.550561586260713,29.947061173846556,60000,300,9.44135439999991,9.375,True
cx0.1_mut0.1,0.1,0.1,test_3,2,15,257,37.01231543224187,34.87769283074711,60000,300,10.433595000000423,10.34375,True
cx0.1_mut0.1,0.1,0.1,test_3,2,16,258,41.683486753640366,40.20213734835028,60000,300,9.188442800000303,9.078125,True
cx0.1_mut0.1,0.1,0.1,test_3,2,17,259,36.20183565270862,34.28384975658178,60000,300,10.930017200000293,10.765625,True
cx0.1_mut0.1,0.1,0.1,test_3,2,18,260,31.507029392344126,29.85611932465561,60000,300,10.117839700000332,10.03125,True
cx0.1_mut0.1,0.1,0.1,test_3,2,19,261,40.55810748346472,38.880845259227485,60000,300,8.635728999999628,8.5625,True
cx0.1_mut0.1,0.1,0.1,test_4,3,0,342,30.832938617896772,29.401370879469198,60000,300,9.085952800000086,9.0,True
cx0.1_mut0.1,0.1,0.1,test_4,3,1,343,33.0048150215328,31.67520402025412,60000,300,9.038583799999287,8.859375,True
cx0.1_mut0.1,0.1,0.1,test_4,3,2,344,35.495054625590164,34.14861672515303,60000,300,9.258870399999978,9.09375,True
cx0.1_mut0.1,0.1,0.1,test_4,3,3,345,31.132322648307948,29.52486472968963,60000,300,7.132449099999576,7.0625,True
cx0.1_mut0.1,0.1,0.1,test_4,3,4,346,26.567810593698095,25.10713654479014,60000,300,8.635506999999961,8.5625,True
cx0.1_mut0.1,0.1,0.1,test_4,3,5,347,26.874101951677094,25.540995405797123,60000,300,8.394272600000477,8.28125,True
cx0.1_mut0.1,0.1,0.1,test_4,3,6,348,35.0150031302657,33.37962091311516,60000,300,9.264426599999751,9.15625,True
cx0.1_mut0.1,0.1,0.1,test_4,3,7,349,43.232897021944595,41.8325977366168,60000,300,8.060708500000146,8.03125,True
cx0.1_mut0.1,0.1,0.1,test_4,3,8,350,25.58220495533327,24.282799290441012,60000,300,9.013841299999513,8.953125,True
cx0.1_mut0.1,0.1,0.1,test_4,3,9,351,30.903846095965594,29.334317686369392,60000,300,7.3612343999993755,7.28125,True
cx0.1_mut0.1,0.1,0.1,test_4,3,10,352,28.80290952120948,27.53154572062538,60000,300,9.864421100000072,9.734375,True
cx0.1_mut0.1,0.1,0.1,test_4,3,11,353,40.116039251646306,38.513356262423954,60000,300,9.307151299999532,9.265625,True
cx0.1_mut0.1,0.1,0.1,test_4,3,12,354,28.174457275252287,26.604354179024398,60000,300,7.716509399999268,7.65625,True
cx0.1_mut0.1,0.1,0.1,test_4,3,13,355,32.02904313567184,30.54710647316346,60000,300,7.5891835000002175,7.5,True
cx0.1_mut0.1,0.1,0.1,test_4,3,14,356,36.117428006482925,34.651454645177736,60000,300,9.417643400000088,9.296875,True
cx0.1_mut0.1,0.1,0.1,test_4,3,15,357,31.767091551023096,30.48554962599966,60000,300,7.781664899999669,7.671875,True
cx0.1_mut0.1,0.1,0.1,test_4,3,16,358,34.177999793645355,32.82502777426547,60000,300,8.818723900000805,8.75,True
cx0.1_mut0.1,0.1,0.1,test_4,3,17,359,30.294719120976897,28.92483406977557,60000,300,8.592392200000177,8.5,True
cx0.1_mut0.1,0.1,0.1,test_4,3,18,360,32.80660769409686,31.476030409441112,60000,300,8.009447700000237,8.0,True
cx0.1_mut0.1,0.1,0.1,test_4,3,19,361,29.487635603843998,28.167524741278417,60000,300,8.297364600000037,8.21875,True
cx0.1_mut0.1,0.1,0.1,test_5,4,0,442,36.9885687952246,35.476603748366045,60000,300,7.85797249999996,7.8125,True
cx0.1_mut0.1,0.1,0.1,test_5,4,1,443,42.63191195088645,40.93877413846614,60000,300,8.268359900000178,8.125,True
cx0.1_mut0.1,0.1,0.1,test_5,4,2,444,36.426696081413034,34.986232480592115,60000,300,8.642054899999494,8.578125,True
cx0.1_mut0.1,0.1,0.1,test_5,4,3,445,43.11926001535425,41.41945832979938,60000,300,10.062519500000235,9.984375,True
cx0.1_mut0.1,0.1,0.1,test_5,4,4,446,44.997707954850966,43.350051254249365,60000,300,10.450376700000561,10.28125,True
cx0.1_mut0.1,0.1,0.1,test_5,4,5,447,44.02800510085177,42.491965147514854,60000,300,9.919116600000052,9.84375,True
cx0.1_mut0.1,0.1,0.1,test_5,4,6,448,38.19662424819092,36.767098918862224,60000,300,9.240881900000204,9.15625,True
cx0.1_mut0.1,0.1,0.1,test_5,4,7,449,47.05879010017256,45.43234999775081,60000,300,8.779052400000182,8.71875,True
cx0.1_mut0.1,0.1,0.1,test_5,4,8,450,40.03976964042795,38.3255879524872,60000,300,10.043961999999738,9.9375,True
cx0.1_mut0.1,0.1,0.1,test_5,4,9,451,38.52552651489394,37.05382012545175,60000,300,7.825843500000701,7.765625,True
cx0.1_mut0.1,0.1,0.1,test_5,4,10,452,43.220651576777726,41.87187628658576,60000,300,10.19165780000003,10.0625,True
cx0.1_mut0.1,0.1,0.1,test_5,4,11,453,44.7843441287703,42.85184326676648,60000,300,9.657024500000261,9.578125,True
cx0.1_mut0.1,0.1,0.1,test_5,4,12,454,40.87740619090614,39.060698706315485,60000,300,8.76177860000007,8.703125,True
cx0.1_mut0.1,0.1,0.1,test_5,4,13,455,39.64369630842896,38.036240155582455,60000,300,7.11071450000054,7.046875,True
cx0.1_mut0.1,0.1,0.1,test_5,4,14,456,35.989483261414684,34.2822470219385,60000,300,8.691260600000533,8.65625,True
cx0.1_mut0.1,0.1,0.1,test_5,4,15,457,43.7870924893026,42.19828905755198,60000,300,9.69105910000053,9.5625,True
cx0.1_mut0.1,0.1,0.1,test_5,4,16,458,38.646157433417926,36.98761787487275,60000,300,9.548699599999964,9.40625,True
cx0.1_mut0.1,0.1,0.1,test_5,4,17,459,40.908627885693576,39.46691700634836,60000,300,8.116113300000507,8.015625,True
cx0.1_mut0.1,0.1,0.1,test_5,4,18,460,39.263078427232315,37.8301753583456,60000,300,9.782622099999571,9.703125,True
cx0.1_mut0.1,0.1,0.1,test_5,4,19,461,46.82176825508409,45.08887974120654,60000,300,10.282058799999504,9.984375,True
cx0.1_mut0.1,0.1,0.1,test_6,5,0,542,39.94055921001675,38.38002155440383,60000,300,9.396532799999477,9.25,True
cx0.1_mut0.1,0.1,0.1,test_6,5,1,543,39.59932499650132,37.92885118236916,60000,300,7.504823999999644,7.4375,True
cx0.1_mut0.1,0.1,0.1,test_6,5,2,544,34.483222939563966,33.062040274700315,60000,300,8.241031499999735,8.125,True
cx0.1_mut0.1,0.1,0.1,test_6,5,3,545,37.8029496672481,36.09806172568605,60000,300,9.342832799999996,9.21875,True
cx0.1_mut0.1,0.1,0.1,test_6,5,4,546,41.02809249699368,39.383313724595396,60000,300,10.39028320000034,10.265625,True
cx0.1_mut0.1,0.1,0.1,test_6,5,5,547,39.77811126964976,38.27663336001137,60000,300,8.298548699999628,8.125,True
cx0.1_mut0.1,0.1,0.1,test_6,5,6,548,42.50898678495724,41.07365714264887,60000,300,9.611126000000695,9.546875,True
cx0.1_mut0.1,0.1,0.1,test_6,5,7,549,36.41784872638857,34.668892117396204,60000,300,10.37963850000051,10.1875,True
cx0.1_mut0.1,0.1,0.1,test_6,5,8,550,39.66270323509631,38.04827020663097,60000,300,10.77168520000032,10.59375,True
cx0.1_mut0.1,0.1,0.1,test_6,5,9,551,35.55673368431055,34.01621383926631,60000,300,9.81549890000042,9.671875,True
cx0.1_mut0.1,0.1,0.1,test_6,5,10,552,35.91571258495315,34.58186293336804,60000,300,7.596576799999639,7.59375,True
cx0.1_mut0.1,0.1,0.1,test_6,5,11,553,35.38427616084161,33.82213205137204,60000,300,9.79532029999973,9.65625,True
cx0.1_mut0.1,0.1,0.1,test_6,5,12,554,38.131986966730786,36.29662445107847,60000,300,11.358179700000619,11.171875,True
cx0.1_mut0.1,0.1,0.1,test_6,5,13,555,39.57016720535563,38.123484386478324,60000,300,10.698752299999796,10.453125,True
cx0.1_mut0.1,0.1,0.1,test_6,5,14,556,32.59469884151225,30.852884925500895,60000,300,10.97805580000022,10.796875,True
cx0.1_mut0.1,0.1,0.1,test_6,5,15,557,46.96119749719291,45.55037419639983,60000,300,7.628353099999913,7.515625,True
cx0.1_mut0.1,0.1,0.1,test_6,5,16,558,42.9795297700491,41.09010954254838,60000,300,8.57521960000031,8.359375,True
cx0.1_mut0.1,0.1,0.1,test_6,5,17,559,36.88789340628572,35.29267968920886,60000,300,10.138540599999942,9.9375,True
cx0.1_mut0.1,0.1,0.1,test_6,5,18,560,32.84153458054091,31.1707064848748,60000,300,8.254847600000176,8.0625,True
cx0.1_mut0.1,0.1,0.1,test_6,5,19,561,33.83479072605901,32.3255690653931,60000,300,8.612033500000507,8.515625,True
cx0.1_mut0.1,0.1,0.1,test_7,6,0,642,39.30964704500024,37.7377122471148,60000,300,7.548260700000355,7.46875,True
cx0.1_mut0.1,0.1,0.1,test_7,6,1,643,36.898735604374444,35.176931108752356,60000,300,8.37973669999974,8.140625,True
cx0.1_mut0.1,0.1,0.1,test_7,6,2,644,37.55446579123134,35.62157554717943,60000,300,10.533729800000401,10.46875,True
cx0.1_mut0.1,0.1,0.1,test_7,6,3,645,28.66235907479039,27.036916374727298,60000,300,7.680370399999447,7.546875,True
cx0.1_mut0.1,0.1,0.1,test_7,6,4,646,30.801973382830266,29.23480786049958,60000,300,8.913619400000243,8.75,True
cx0.1_mut0.1,0.1,0.1,test_7,6,5,647,41.37623633620941,39.79271330988317,60000,300,9.016996800000015,8.890625,True
cx0.1_mut0.1,0.1,0.1,test_7,6,6,648,34.58405125760821,32.983496453924225,60000,300,9.953701099999307,9.796875,True
cx0.1_mut0.1,0.1,0.1,test_7,6,7,649,35.29975221723455,33.869807372210296,60000,300,7.887457099999665,7.78125,True
cx0.1_mut0.1,0.1,0.1,test_7,6,8,650,39.196999260220466,37.68168051786116,60000,300,7.198890699999538,7.109375,True
cx0.1_mut0.1,0.1,0.1,test_7,6,9,651,34.54173718381737,32.933414608603506,60000,300,9.402016200000617,9.03125,True
cx0.1_mut0.1,0.1,0.1,test_7,6,10,652,36.533915323614764,34.62849891309154,60000,300,8.28924520000055,8.234375,True
cx0.1_mut0.1,0.1,0.1,test_7,6,11,653,38.21569148718487,36.40338569643075,60000,300,9.959487799999806,9.828125,True
cx0.1_mut0.1,0.1,0.1,test_7,6,12,654,37.47891372879826,35.98507726495521,60000,300,10.029175399999986,9.90625,True
cx0.1_mut0.1,0.1,0.1,test_7,6,13,655,31.267011766756774,29.617977898561865,60000,300,8.488557499999843,8.265625,True
cx0.1_mut0.1,0.1,0.1,test_7,6,14,656,33.42734699075836,31.716848879225683,60000,300,9.092627699999866,8.921875,True
cx0.1_mut0.1,0.1,0.1,test_7,6,15,657,39.687329009815,37.97941853775524,60000,300,8.601765400000659,8.421875,True
cx0.1_mut0.1,0.1,0.1,test_7,6,16,658,30.782621332373722,29.045843652789344,60000,300,8.872884800000065,8.640625,True
cx0.1_mut0.1,0.1,0.1,test_7,6,17,659,36.93901255657886,35.31972891337138,60000,300,7.303451400000085,7.265625,True
cx0.1_mut0.1,0.1,0.1,test_7,6,18,660,31.771573875381897,30.109290610709664,60000,300,8.918195500000365,8.734375,True
cx0.1_mut0.1,0.1,0.1,test_7,6,19,661,32.37104532191148,30.887337664557048,60000,300,10.047354099999211,9.90625,True
cx0.1_mut0.1,0.1,0.1,test_8,7,0,742,34.60206997875534,32.80675136525499,60000,300,8.343070500000067,8.25,True
cx0.1_mut0.1,0.1,0.1,test_8,7,1,743,32.974672314001864,30.974270087522793,60000,300,10.493318199999521,10.359375,True
cx0.1_mut0.1,0.1,0.1,test_8,7,2,744,39.64869805982962,37.898571370410295,60000,300,8.689096300000529,8.546875,True
cx0.1_mut0.1,0.1,0.1,test_8,7,3,745,37.88360657706456,36.35494953731738,60000,300,8.794308500000625,8.671875,True
cx0.1_mut0.1,0.1,0.1,test_8,7,4,746,36.270835423535175,34.68832245005598,60000,300,10.652734999999666,10.484375,True
cx0.1_mut0.1,0.1,0.1,test_8,7,5,747,33.620867148150154,32.26060035882958,60000,300,8.245888999999806,8.1875,True
cx0.1_mut0.1,0.1,0.1,test_8,7,6,748,35.63395100942237,33.908286819858844,60000,300,8.640941999999995,8.546875,True
cx0.1_mut0.1,0.1,0.1,test_8,7,7,749,39.808498592581394,38.047519294691945,60000,300,9.098540199999661,8.96875,True
cx0.1_mut0.1,0.1,0.1,test_8,7,8,750,32.383787340206595,30.857397445026734,60000,300,9.72696629999973,9.65625,True
cx0.1_mut0.1,0.1,0.1,test_8,7,9,751,36.169929042324135,34.831158156157194,60000,300,7.388561400000071,7.34375,True
cx0.1_mut0.1,0.1,0.1,test_8,7,10,752,38.378595557264184,36.701054587721806,60000,300,8.21169379999992,8.09375,True
cx0.1_mut0.1,0.1,0.1,test_8,7,11,753,38.840685351814294,37.39030545430976,60000,300,7.5860846999994465,7.453125,True
cx0.1_mut0.1,0.1,0.1,test_8,7,12,754,34.65499528760989,33.080393181020526,60000,300,9.063507999999274,8.921875,True
cx0.1_mut0.1,0.1,0.1,test_8,7,13,755,36.69021234442012,34.848573164151276,60000,300,9.572475599999962,9.46875,True
cx0.1_mut0.1,0.1,0.1,test_8,7,14,756,44.02884952411451,42.12939548114217,60000,300,8.954561999999896,8.875,True
cx0.1_mut0.1,0.1,0.1,test_8,7,15,757,41.6218641714931,40.1455806063887,60000,300,11.519408099999964,11.4375,True
cx0.1_mut0.1,0.1,0.1,test_8,7,16,758,34.79586179996091,33.39509772380995,60000,300,7.721067600000424,7.5625,True
cx0.1_mut0.1,0.1,0.1,test_8,7,17,759,38.53932437683923,36.64610909850548,60000,300,9.73282560000007,9.5625,True
cx0.1_mut0.1,0.1,0.1,test_8,7,18,760,38.23670621159674,36.58225868775956,60000,300,9.34997100000055,9.3125,True
cx0.1_mut0.1,0.1,0.1,test_8,7,19,761,34.498037976301994,33.106131926897305,60000,300,10.169975199999499,10.03125,True
cx0.1_mut0.1,0.1,0.1,test_9,8,0,842,39.56373626875094,38.269055480187504,60000,300,7.296057199999268,7.234375,True
cx0.1_mut0.1,0.1,0.1,test_9,8,1,843,39.319094067769214,38.008454071037306,60000,300,7.612228799999684,7.5625,True
cx0.1_mut0.1,0.1,0.1,test_9,8,2,844,38.043306697636716,36.63983284367663,60000,300,8.58257229999981,8.53125,True
cx0.1_mut0.1,0.1,0.1,test_9,8,3,845,36.60939344260144,35.06967420031436,60000,300,7.72263810000004,7.640625,True
cx0.1_mut0.1,0.1,0.1,test_9,8,4,846,41.7141392294983,40.278508949277054,60000,300,8.62561579999965,8.5625,True
cx0.1_mut0.1,0.1,0.1,test_9,8,5,847,39.50880511820189,37.96310543182759,60000,300,8.741457999999511,8.578125,True
cx0.1_mut0.1,0.1,0.1,test_9,8,6,848,38.969076105793675,37.43126775568652,60000,300,7.754036199999973,7.6875,True
cx0.1_mut0.1,0.1,0.1,test_9,8,7,849,39.593311451295385,38.30052811639668,60000,300,8.003174100000251,7.890625,True
cx0.1_mut0.1,0.1,0.1,test_9,8,8,850,42.078904944466835,40.33409170373213,60000,300,7.999900599999819,7.9375,True
cx0.1_mut0.1,0.1,0.1,test_9,8,9,851,36.11906205102988,34.57702602553754,60000,300,9.698474099999657,9.546875,True
cx0.1_mut0.1,0.1,0.1,test_9,8,10,852,38.57038421316812,37.08522517599215,60000,300,8.354276000000027,8.296875,True
cx0.1_mut0.1,0.1,0.1,test_9,8,11,853,40.244948886787824,38.439438925321,60000,300,7.893961299999319,7.84375,True
cx0.1_mut0.1,0.1,0.1,test_9,8,12,854,33.96146248371338,32.30320926737718,60000,300,8.881371999999828,8.8125,True
cx0.1_mut0.1,0.1,0.1,test_9,8,13,855,37.655247977844496,36.076650116377245,60000,300,9.913664500000777,9.859375,True
cx0.1_mut0.1,0.1,0.1,test_9,8,14,856,34.494619169354294,32.74877641583705,60000,300,10.871740300000056,10.765625,True
cx0.1_mut0.1,0.1,0.1,test_9,8,15,857,34.72760835205993,33.15405583548391,60000,300,8.77878899999996,8.671875,True
cx0.1_mut0.1,0.1,0.1,test_9,8,16,858,39.6194511586972,38.1837291772503,60000,300,8.00174590000006,7.859375,True
cx0.1_mut0.1,0.1,0.1,test_9,8,17,859,37.51462102645677,35.879302584740714,60000,300,8.234681999999339,8.125,True
cx0.1_mut0.1,0.1,0.1,test_9,8,18,860,46.65876859504128,45.15438352664245,60000,300,11.082185199999913,10.953125,True
cx0.1_mut0.1,0.1,0.1,test_9,8,19,861,37.45915696307343,36.24792717070096,60000,300,8.259821499999816,8.140625,True
cx0.1_mut0.1,0.1,0.1,test_10,9,0,942,29.62695341434648,28.259517213660942,60000,300,8.53446509999958,8.46875,True
cx0.1_mut0.1,0.1,0.1,test_10,9,1,943,38.73129955897909,37.06970398417792,60000,300,7.4631484000001365,7.34375,True
cx0.1_mut0.1,0.1,0.1,test_10,9,2,944,39.72551509575138,38.15469612077774,60000,300,9.8309763999996,9.640625,True
cx0.1_mut0.1,0.1,0.1,test_10,9,3,945,37.17888622107045,35.63558863215405,60000,300,7.761552899999515,7.65625,True
cx0.1_mut0.1,0.1,0.1,test_10,9,4,946,38.08924253270456,36.268714017955695,60000,300,7.882720999999947,7.828125,True
cx0.1_mut0.1,0.1,0.1,test_10,9,5,947,41.397835638789545,39.57987461063451,60000,300,8.85661170000003,8.734375,True
cx0.1_mut0.1,0.1,0.1,test_10,9,6,948,40.132803789018844,38.565831598624705,60000,300,8.736317900000358,8.59375,True
cx0.1_mut0.1,0.1,0.1,test_10,9,7,949,36.7343201609093,35.281730540958385,60000,300,9.419417000000067,9.328125,True
cx0.1_mut0.1,0.1,0.1,test_10,9,8,950,35.46304008414807,33.85304343741835,60000,300,8.256867799999782,8.1875,True
cx0.1_mut0.1,0.1,0.1,test_10,9,9,951,39.053696685702064,37.2223644635501,60000,300,7.875139200000376,7.765625,True
cx0.1_mut0.1,0.1,0.1,test_10,9,10,952,37.040811423280026,35.50549665088619,60000,300,8.292043500000545,8.171875,True
cx0.1_mut0.1,0.1,0.1,test_10,9,11,953,40.11014459634189,38.85520719145721,60000,300,8.279788499999995,8.21875,True
cx0.1_mut0.1,0.1,0.1,test_10,9,12,954,42.831500440603065,41.30110243361114,60000,300,7.61128860000008,7.484375,True
cx0.1_mut0.1,0.1,0.1,test_10,9,13,955,41.41756801797505,39.48942188866705,60000,300,8.163369900000362,8.09375,True
cx0.1_mut0.1,0.1,0.1,test_10,9,14,956,41.09984975533895,39.67798014299818,60000,300,9.847847800000636,9.71875,True
cx0.1_mut0.1,0.1,0.1,test_10,9,15,957,33.330205498595056,31.804385887461127,60000,300,8.410575599999902,8.34375,True
cx0.1_mut0.1,0.1,0.1,test_10,9,16,958,35.849010215627835,34.543498418259745,60000,300,7.851858500000162,7.796875,True
cx0.1_mut0.1,0.1,0.1,test_10,9,17,959,36.57586382528262,35.11484401469077,60000,300,7.220559399999729,7.1875,True
cx0.1_mut0.1,0.1,0.1,test_10,9,18,960,34.713666776779924,32.75149670905674,60000,300,8.763657899999998,8.671875,True
cx0.1_mut0.1,0.1,0.1,test_10,9,19,961,31.08287547831878,29.430219694343844,60000,300,8.339543299999605,8.203125,True
cx0.3_mut0.0001,0.3,0.0001,test_1,0,0,42,75.27417509679694,73.3388034612657,60000,300,8.560632000000169,8.34375,True
cx0.3_mut0.0001,0.3,0.0001,test_1,0,1,43,66.76618981200691,64.48663569011879,60000,300,9.556872699999985,9.390625,True
cx0.3_mut0.0001,0.3,0.0001,test_1,0,2,44,69.10356961907766,67.22809950274582,60000,300,9.717824800000017,9.59375,True
cx0.3_mut0.0001,0.3,0.0001,test_1,0,3,45,59.41775960261579,57.72871355545571,60000,300,9.570861100000002,9.328125,True
cx0.3_mut0.0001,0.3,0.0001,test_1,0,4,46,70.03065837548385,67.86985796866684,60000,300,8.972351399999752,8.921875,True
cx0.3_mut0.0001,0.3,0.0001,test_1,0,5,47,68.26558182318801,66.6039468536062,60000,300,8.748108599999796,8.625,True
cx0.3_mut0.0001,0.3,0.0001,test_1,0,6,48,73.69073852782324,71.65482472157476,60000,300,11.311489200000324,11.0,True
cx0.3_mut0.0001,0.3,0.0001,test_1,0,7,49,81.68125689979614,80.15133418806731,60000,300,10.190706599999885,9.984375,True
cx0.3_mut0.0001,0.3,0.0001,test_1,0,8,50,75.06622758756279,72.97603041981456,60000,300,8.231732499999907,8.09375,True
cx0.3_mut0.0001,0.3,0.0001,test_1,0,9,51,95.73343024955084,93.15469432177602,60000,300,8.864647599999898,8.765625,True
cx0.3_mut0.0001,0.3,0.0001,test_1,0,10,52,60.90943932566378,58.66936182597065,60000,300,9.789206599999943,9.5625,True
cx0.3_mut0.0001,0.3,0.0001,test_1,0,11,53,69.78270408841342,67.36855329160268,60000,300,9.59920910000028,9.46875,True
cx0.3_mut0.0001,0.3,0.0001,test_1,0,12,54,63.617849766851876,61.49876366696671,60000,300,9.091804899999715,8.984375,True
cx0.3_mut0.0001,0.3,0.0001,test_1,0,13,55,80.7779454495378,78.64626944720813,60000,300,8.138222599999608,8.015625,True
cx0.3_mut0.0001,0.3,0.0001,test_1,0,14,56,73.35766076801532,71.21650103012725,60000,300,8.801973999999973,8.71875,True
cx0.3_mut0.0001,0.3,0.0001,test_1,0,15,57,62.56574854238571,60.3016046644402,60000,300,7.893756699999358,7.859375,True
cx0.3_mut0.0001,0.3,0.0001,test_1,0,16,58,74.93329671792615,73.26142617866752,60000,300,7.847709299999224,7.8125,True
cx0.3_mut0.0001,0.3,0.0001,test_1,0,17,59,79.35301487455125,77.55986054655212,60000,300,11.058340499999758,10.953125,True
cx0.3_mut0.0001,0.3,0.0001,test_1,0,18,60,98.41540384666449,96.21813382325618,60000,300,8.766537499999686,8.734375,True
cx0.3_mut0.0001,0.3,0.0001,test_1,0,19,61,89.06894556961656,87.0281671584748,60000,300,8.188176000000567,8.15625,True
cx0.3_mut0.0001,0.3,0.0001,test_2,1,0,142,71.41517971121175,69.12724602600709,60000,300,8.31383089999963,8.234375,True
cx0.3_mut0.0001,0.3,0.0001,test_2,1,1,143,72.02389472230995,70.09715357851586,60000,300,7.904191500000707,7.84375,True
cx0.3_mut0.0001,0.3,0.0001,test_2,1,2,144,71.09422188838232,69.32442226438512,60000,300,10.521056799999315,10.4375,True
cx0.3_mut0.0001,0.3,0.0001,test_2,1,3,145,71.52255274296265,68.99789664898007,60000,300,8.515174099999967,8.453125,True
cx0.3_mut0.0001,0.3,0.0001,test_2,1,4,146,72.66419160114539,70.23075946880562,60000,300,7.98848420000013,7.921875,True
cx0.3_mut0.0001,0.3,0.0001,test_2,1,5,147,77.11422262902717,74.94199753146196,60000,300,7.925386800000524,7.890625,True
cx0.3_mut0.0001,0.3,0.0001,test_2,1,6,148,62.15618447901093,59.62120443982621,60000,300,8.09586279999985,8.03125,True
cx0.3_mut0.0001,0.3,0.0001,test_2,1,7,149,63.72713524168044,61.45795263488669,60000,300,8.045143099999223,8.0,True
cx0.3_mut0.0001,0.3,0.0001,test_2,1,8,150,59.863099106665004,58.138381219624534,60000,300,8.009980699999687,7.921875,True
cx0.3_mut0.0001,0.3,0.0001,test_2,1,9,151,60.358252116063206,58.14642857527003,60000,300,8.449173100000735,8.28125,True
cx0.3_mut0.0001,0.3,0.0001,test_2,1,10,152,56.97189929012084,55.07515394219077,60000,300,9.32388599999922,9.234375,True
cx0.3_mut0.0001,0.3,0.0001,test_2,1,11,153,67.65415920152962,65.98309267502414,60000,300,7.9493209000002025,7.890625,True
cx0.3_mut0.0001,0.3,0.0001,test_2,1,12,154,61.460772235964264,59.596564953452585,60000,300,8.009431600000426,7.984375,True
cx0.3_mut0.0001,0.3,0.0001,test_2,1,13,155,53.60469425371683,51.461615430121014,60000,300,11.090913300000466,10.984375,True
cx0.3_mut0.0001,0.3,0.0001,test_2,1,14,156,50.19288738368762,47.884541732925335,60000,300,8.274012900000344,8.1875,True
cx0.3_mut0.0001,0.3,0.0001,test_2,1,15,157,56.91509822018659,54.61563870988264,60000,300,8.615889000000607,8.53125,True
cx0.3_mut0.0001,0.3,0.0001,test_2,1,16,158,58.71906500832595,56.98511006908557,60000,300,8.793576600000051,8.6875,True
cx0.3_mut0.0001,0.3,0.0001,test_2,1,17,159,85.28901400170237,83.24208374959728,60000,300,9.665850899999896,9.484375,True
cx0.3_mut0.0001,0.3,0.0001,test_2,1,18,160,72.20204989473396,70.01133276293633,60000,300,8.323457899999994,8.171875,True
cx0.3_mut0.0001,0.3,0.0001,test_2,1,19,161,70.49300959800036,67.77394991434683,60000,300,10.652044800000112,10.546875,True
cx0.3_mut0.0001,0.3,0.0001,test_3,2,0,242,66.68158620228682,64.7061569820376,60000,300,8.730808799999977,8.71875,True
cx0.3_mut0.0001,0.3,0.0001,test_3,2,1,243,81.76875707722964,79.49361346198667,60000,300,8.2283510999996,8.171875,True
cx0.3_mut0.0001,0.3,0.0001,test_3,2,2,244,76.65002290288346,74.56238989447638,60000,300,8.189446099999259,8.046875,True
cx0.3_mut0.0001,0.3,0.0001,test_3,2,3,245,72.2300538208788,70.01575637037529,60000,300,10.24419510000007,10.15625,True
cx0.3_mut0.0001,0.3,0.0001,test_3,2,4,246,83.39424457775193,80.62599667348684,60000,300,8.192891799999416,8.046875,True
cx0.3_mut0.0001,0.3,0.0001,test_3,2,5,247,61.94753718881619,60.34073654321892,60000,300,9.186238600000252,8.9375,True
cx0.3_mut0.0001,0.3,0.0001,test_3,2,6,248,62.81550740335426,60.80266433996031,60000,300,7.992324999999255,7.90625,True
cx0.3_mut0.0001,0.3,0.0001,test_3,2,7,249,59.84310520197499,58.19299629332919,60000,300,8.25910440000007,8.1875,True
cx0.3_mut0.0001,0.3,0.0001,test_3,2,8,250,83.62237349542156,80.45718833931464,60000,300,8.469686700000238,8.40625,True
cx0.3_mut0.0001,0.3,0.0001,test_3,2,9,251,64.262891179999,62.33511747905588,60000,300,7.931297399999494,7.875,True
cx0.3_mut0.0001,0.3,0.0001,test_3,2,10,252,54.20185955752513,52.61190157049196,60000,300,8.475051700000222,8.328125,True
cx0.3_mut0.0001,0.3,0.0001,test_3,2,11,253,57.51313456782462,55.45660866748677,60000,300,7.761964999999691,7.71875,True
cx0.3_mut0.0001,0.3,0.0001,test_3,2,12,254,70.74246960230077,68.72692659725419,60000,300,8.227421000000504,8.09375,True
cx0.3_mut0.0001,0.3,0.0001,test_3,2,13,255,69.49976421405142,67.35049164016147,60000,300,10.642166100000395,10.453125,True
cx0.3_mut0.0001,0.3,0.0001,test_3,2,14,256,77.81824784709683,76.03567951222708,60000,300,10.709171499999684,10.625,True
cx0.3_mut0.0001,0.3,0.0001,test_3,2,15,257,72.67005666343432,70.69968179143859,60000,300,8.402809000000161,8.359375,True
cx0.3_mut0.0001,0.3,0.0001,test_3,2,16,258,66.49025893096015,64.73201685744885,60000,300,8.50196270000015,8.453125,True
cx0.3_mut0.0001,0.3,0.0001,test_3,2,17,259,77.28773244061797,75.37903775149807,60000,300,8.184128999999302,8.0625,True
cx0.3_mut0.0001,0.3,0.0001,test_3,2,18,260,58.24381169566648,56.28242707701898,60000,300,8.38272010000037,8.3125,True
cx0.3_mut0.0001,0.3,0.0001,test_3,2,19,261,70.68836662112598,68.69337866122692,60000,300,7.621283200000107,7.53125,True
cx0.3_mut0.0001,0.3,0.0001,test_4,3,0,342,62.18722402621141,60.042227191660125,60000,300,10.331966400000056,10.046875,True
cx0.3_mut0.0001,0.3,0.0001,test_4,3,1,343,67.15249155365873,64.62569943637101,60000,300,8.236883900000066,8.171875,True
cx0.3_mut0.0001,0.3,0.0001,test_4,3,2,344,62.69340102893967,60.57150095386075,60000,300,8.311769599999934,8.203125,True
cx0.3_mut0.0001,0.3,0.0001,test_4,3,3,345,59.056965465115766,57.61075922901499,60000,300,8.552019100000507,8.453125,True
cx0.3_mut0.0001,0.3,0.0001,test_4,3,4,346,57.441442627776496,55.648804796986774,60000,300,8.85834419999992,8.796875,True
cx0.3_mut0.0001,0.3,0.0001,test_4,3,5,347,78.08985310451338,76.1483339933093,60000,300,8.815262200000689,8.6875,True
cx0.3_mut0.0001,0.3,0.0001,test_4,3,6,348,62.08677283472969,59.92440825955845,60000,300,8.308499400000073,8.140625,True
cx0.3_mut0.0001,0.3,0.0001,test_4,3,7,349,70.38567569763603,68.54239991241344,60000,300,8.58626120000008,8.453125,True
cx0.3_mut0.0001,0.3,0.0001,test_4,3,8,350,61.034913173154955,59.054476804599894,60000,300,9.028451700000005,8.890625,True
cx0.3_mut0.0001,0.3,0.0001,test_4,3,9,351,62.09698517434713,60.2812221545748,60000,300,8.48533150000003,8.4375,True
cx0.3_mut0.0001,0.3,0.0001,test_4,3,10,352,64.53837231553484,62.839658572145424,60000,300,8.539682799999355,8.484375,True
cx0.3_mut0.0001,0.3,0.0001,test_4,3,11,353,61.09746511056974,58.91262926345391,60000,300,8.98198289999982,8.84375,True
cx0.3_mut0.0001,0.3,0.0001,test_4,3,12,354,56.879925839350335,54.78386324866565,60000,300,10.310275499999989,10.109375,True
cx0.3_mut0.0001,0.3,0.0001,test_4,3,13,355,60.12863415611477,58.089716010330214,60000,300,7.738295900000594,7.6875,True
cx0.3_mut0.0001,0.3,0.0001,test_4,3,14,356,66.60169307976358,64.41446475052592,60000,300,10.620875699999488,10.515625,True
cx0.3_mut0.0001,0.3,0.0001,test_4,3,15,357,59.56673032115968,57.485263820613724,60000,300,8.227660900000046,8.125,True
cx0.3_mut0.0001,0.3,0.0001,test_4,3,16,358,59.00331727483467,57.30477518648768,60000,300,9.068650299999717,8.921875,True
cx0.3_mut0.0001,0.3,0.0001,test_4,3,17,359,48.667227121646924,46.55015664417962,60000,300,7.905323699999826,7.8125,True
cx0.3_mut0.0001,0.3,0.0001,test_4,3,18,360,66.34556506180321,64.52469109540138,60000,300,8.032065299999886,7.984375,True
cx0.3_mut0.0001,0.3,0.0001,test_4,3,19,361,46.18156381835619,43.782498134474224,60000,300,8.594616899999892,8.515625,True
cx0.3_mut0.0001,0.3,0.0001,test_5,4,0,442,74.53988644188496,72.38826794545247,60000,300,8.081826099999489,7.984375,True
cx0.3_mut0.0001,0.3,0.0001,test_5,4,1,443,78.24063882662874,75.66910109812173,60000,300,8.273270200000297,8.1875,True
cx0.3_mut0.0001,0.3,0.0001,test_5,4,2,444,83.34316236928242,81.27056648946422,60000,300,11.991149100000257,11.8125,True
cx0.3_mut0.0001,0.3,0.0001,test_5,4,3,445,63.09849563704482,61.05719034964212,60000,300,9.02438869999969,8.921875,True
cx0.3_mut0.0001,0.3,0.0001,test_5,4,4,446,73.7910123102362,71.49809035352129,60000,300,8.359923699999854,8.28125,True
cx0.3_mut0.0001,0.3,0.0001,test_5,4,5,447,74.8400190763484,72.86117824684216,60000,300,8.054075199999716,7.953125,True
cx0.3_mut0.0001,0.3,0.0001,test_5,4,6,448,69.60868414262347,67.0610949909563,60000,300,8.00091539999994,7.890625,True
cx0.3_mut0.0001,0.3,0.0001,test_5,4,7,449,78.89203437278677,76.73581966308173,60000,300,8.340392500000235,8.296875,True
cx0.3_mut0.0001,0.3,0.0001,test_5,4,8,450,86.71289872777888,84.74288771378801,60000,300,8.824761599999874,8.75,True
cx0.3_mut0.0001,0.3,0.0001,test_5,4,9,451,73.0594373284556,71.38746886409747,60000,300,8.46683750000011,8.359375,True
cx0.3_mut0.0001,0.3,0.0001,test_5,4,10,452,66.8479314447221,65.00304072172433,60000,300,7.867223999999624,7.78125,True
cx0.3_mut0.0001,0.3,0.0001,test_5,4,11,453,76.63677212973614,74.60955819478963,60000,300,8.945281700000123,8.890625,True
cx0.3_mut0.0001,0.3,0.0001,test_5,4,12,454,82.28310549894175,80.1682790750507,60000,300,8.092241099999228,7.984375,True
cx0.3_mut0.0001,0.3,0.0001,test_5,4,13,455,67.74446282369827,65.70870896124893,60000,300,8.332258899999943,8.28125,True
cx0.3_mut0.0001,0.3,0.0001,test_5,4,14,456,74.73334595274845,73.15919333411638,60000,300,7.963415199999872,7.875,True
cx0.3_mut0.0001,0.3,0.0001,test_5,4,15,457,79.39575181358556,77.02661337709661,60000,300,8.199685900000077,8.125,True
cx0.3_mut0.0001,0.3,0.0001,test_5,4,16,458,79.64899777136795,77.80555575491857,60000,300,8.487730800000463,8.390625,True
cx0.3_mut0.0001,0.3,0.0001,test_5,4,17,459,78.19256011455263,75.33333989311237,60000,300,7.889028300000064,7.828125,True
cx0.3_mut0.0001,0.3,0.0001,test_5,4,18,460,76.68704241731528,74.65844067230414,60000,300,8.105438199999298,8.0,True
cx0.3_mut0.0001,0.3,0.0001,test_5,4,19,461,75.88362302863236,73.56791123658674,60000,300,9.768610199999785,9.53125,True
cx0.3_mut0.0001,0.3,0.0001,test_6,5,0,542,84.07991898167516,81.64015677670196,60000,300,11.289346700000351,11.109375,True
cx0.3_mut0.0001,0.3,0.0001,test_6,5,1,543,60.4308973980484,58.54632708354571,60000,300,7.699293800000305,7.546875,True
cx0.3_mut0.0001,0.3,0.0001,test_6,5,2,544,73.0436133626074,71.38704200964172,60000,300,9.741382900000644,9.578125,True
cx0.3_mut0.0001,0.3,0.0001,test_6,5,3,545,67.92045542149333,65.76930994524375,60000,300,8.372047900000325,8.28125,True
cx0.3_mut0.0001,0.3,0.0001,test_6,5,4,546,69.2932043052198,67.6615943996333,60000,300,8.11638849999963,8.015625,True
cx0.3_mut0.0001,0.3,0.0001,test_6,5,5,547,65.50988648036073,63.09429964639041,60000,300,8.167182899999716,8.0625,True
cx0.3_mut0.0001,0.3,0.0001,test_6,5,6,548,53.613236442575946,51.78544936771621,60000,300,9.67727930000001,9.4375,True
cx0.3_mut0.0001,0.3,0.0001,test_6,5,7,549,68.98427645401105,67.26466896332188,60000,300,8.364354399999684,8.15625,True
cx0.3_mut0.0001,0.3,0.0001,test_6,5,8,550,66.26363061956422,63.82577804937923,60000,300,9.928657599999497,9.671875,True
cx0.3_mut0.0001,0.3,0.0001,test_6,5,9,551,73.28935338033145,71.60351745851565,60000,300,11.144377000000532,10.90625,True
cx0.3_mut0.0001,0.3,0.0001,test_6,5,10,552,54.55907494657064,53.00748122631315,60000,300,8.618929899999785,8.484375,True
cx0.3_mut0.0001,0.3,0.0001,test_6,5,11,553,58.65068407433858,56.775696372184136,60000,300,8.717372800000703,8.53125,True
cx0.3_mut0.0001,0.3,0.0001,test_6,5,12,554,77.66183160856869,75.03302599891994,60000,300,7.980412900000374,7.8125,True
cx0.3_mut0.0001,0.3,0.0001,test_6,5,13,555,78.82074882271775,76.65493859488389,60000,300,8.063047200000256,7.921875,True
cx0.3_mut0.0001,0.3,0.0001,test_6,5,14,556,89.88062486206832,87.68837521482637,60000,300,10.293898400000216,10.078125,True
cx0.3_mut0.0001,0.3,0.0001,test_6,5,15,557,57.79280733136617,55.82268542752576,60000,300,9.484487499999886,9.28125,True
cx0.3_mut0.0001,0.3,0.0001,test_6,5,16,558,62.570860616043916,60.4388930662864,60000,300,8.441045499999746,8.328125,True
cx0.3_mut0.0001,0.3,0.0001,test_6,5,17,559,75.93996563151526,73.54448105758229,60000,300,11.14684219999981,10.921875,True
cx0.3_mut0.0001,0.3,0.0001,test_6,5,18,560,78.00736422454605,76.11495336735564,60000,300,8.069344300000012,7.921875,True
cx0.3_mut0.0001,0.3,0.0001,test_6,5,19,561,63.25096134464585,61.60378150977927,60000,300,12.328742700000475,12.125,True
cx0.3_mut0.0001,0.3,0.0001,test_7,6,0,642,66.15514373688127,64.0731930805921,60000,300,11.031242699999893,10.75,True
cx0.3_mut0.0001,0.3,0.0001,test_7,6,1,643,103.22151432448173,100.87369466410617,60000,300,8.558613700000024,8.40625,True
cx0.3_mut0.0001,0.3,0.0001,test_7,6,2,644,67.12120891589416,64.84313203354088,60000,300,11.073535400000765,10.828125,True
cx0.3_mut0.0001,0.3,0.0001,test_7,6,3,645,59.0626997567425,56.807393021354954,60000,300,10.550156199999947,10.328125,True
cx0.3_mut0.0001,0.3,0.0001,test_7,6,4,646,92.64220925915676,90.22188627034802,60000,300,8.461920100000498,8.28125,True
cx0.3_mut0.0001,0.3,0.0001,test_7,6,5,647,69.58185096418384,67.16295495122024,60000,300,8.516955600000074,8.40625,True
cx0.3_mut0.0001,0.3,0.0001,test_7,6,6,648,68.35762145553618,66.11275466866459,60000,300,11.624537699999564,11.484375,True
cx0.3_mut0.0001,0.3,0.0001,test_7,6,7,649,85.47145107827882,82.4283341364619,60000,300,11.863118199999917,11.625,True
cx0.3_mut0.0001,0.3,0.0001,test_7,6,8,650,76.79356745667705,74.80962970465217,60000,300,8.91109569999935,8.65625,True
cx0.3_mut0.0001,0.3,0.0001,test_7,6,9,651,66.57220675426937,64.48428808125426,60000,300,8.354483799999798,8.1875,True
cx0.3_mut0.0001,0.3,0.0001,test_7,6,10,652,69.63667585016427,67.14576445951126,60000,300,7.921172899999874,7.875,True
cx0.3_mut0.0001,0.3,0.0001,test_7,6,11,653,76.04517354270556,73.99942793862378,60000,300,8.462798500000645,8.375,True
cx0.3_mut0.0001,0.3,0.0001,test_7,6,12,654,69.20090321664736,66.5630806367916,60000,300,8.794259199999942,8.59375,True
cx0.3_mut0.0001,0.3,0.0001,test_7,6,13,655,69.60893033511648,67.52400148429616,60000,300,7.934250999999676,7.796875,True
cx0.3_mut0.0001,0.3,0.0001,test_7,6,14,656,73.44748803493037,71.27660051264111,60000,300,8.160490100000061,8.078125,True
cx0.3_mut0.0001,0.3,0.0001,test_7,6,15,657,64.21512981699033,62.4789823129332,60000,300,8.905477300000712,8.703125,True
cx0.3_mut0.0001,0.3,0.0001,test_7,6,16,658,75.13875895374808,73.40242581039242,60000,300,8.470532300000741,8.3125,True
cx0.3_mut0.0001,0.3,0.0001,test_7,6,17,659,74.34943195565378,72.30956457144337,60000,300,8.140485500000068,8.046875,True
cx0.3_mut0.0001,0.3,0.0001,test_7,6,18,660,66.8407875956397,64.55142811018054,60000,300,8.208379499999864,8.140625,True
cx0.3_mut0.0001,0.3,0.0001,test_7,6,19,661,75.14965023030983,72.98578768560654,60000,300,8.129306199999519,8.046875,True
cx0.3_mut0.0001,0.3,0.0001,test_8,7,0,742,70.20801051771915,67.5685554839334,60000,300,8.264432599999964,8.171875,True
cx0.3_mut0.0001,0.3,0.0001,test_8,7,1,743,61.05802833658823,58.673970350686474,60000,300,8.72370090000004,8.671875,True
cx0.3_mut0.0001,0.3,0.0001,test_8,7,2,744,75.65415577556458,73.43296124842932,60000,300,8.607454900000448,8.5,True
cx0.3_mut0.0001,0.3,0.0001,test_8,7,3,745,76.42466964503568,74.2311210767161,60000,300,8.60952129999987,8.421875,True
cx0.3_mut0.0001,0.3,0.0001,test_8,7,4,746,64.62121500892444,62.164196203882256,60000,300,8.582256900000175,8.40625,True
cx0.3_mut0.0001,0.3,0.0001,test_8,7,5,747,53.57547659861869,51.87568518954947,60000,300,8.070218600000771,7.953125,True
cx0.3_mut0.0001,0.3,0.0001,test_8,7,6,748,66.7730007895384,64.60553343281941,60000,300,8.339039199999206,8.21875,True
cx0.3_mut0.0001,0.3,0.0001,test_8,7,7,749,67.8441834332932,65.91987542201119,60000,300,8.465813200000412,8.390625,True
cx0.3_mut0.0001,0.3,0.0001,test_8,7,8,750,80.62314240834498,78.38479324318624,60000,300,8.105075299999953,8.0,True
cx0.3_mut0.0001,0.3,0.0001,test_8,7,9,751,52.75036514680138,50.92654479812113,60000,300,8.278763100000106,8.203125,True
cx0.3_mut0.0001,0.3,0.0001,test_8,7,10,752,68.2313374618658,65.94828285917211,60000,300,8.31310080000003,8.171875,True
cx0.3_mut0.0001,0.3,0.0001,test_8,7,11,753,57.036610578745496,54.73375354758034,60000,300,9.328686699999707,9.1875,True
cx0.3_mut0.0001,0.3,0.0001,test_8,7,12,754,66.76294536448914,65.21007097417223,60000,300,7.973298500000055,7.921875,True
cx0.3_mut0.0001,0.3,0.0001,test_8,7,13,755,73.74314064579652,71.91682179203795,60000,300,8.311779099999512,8.234375,True
cx0.3_mut0.0001,0.3,0.0001,test_8,7,14,756,62.126497786246986,59.864637212993536,60000,300,9.462032499999623,9.3125,True
cx0.3_mut0.0001,0.3,0.0001,test_8,7,15,757,78.1622172394914,76.46590136802021,60000,300,7.817168000000493,7.78125,True
cx0.3_mut0.0001,0.3,0.0001,test_8,7,16,758,68.44224785003998,66.31161855643832,60000,300,10.611774500000138,10.515625,True
cx0.3_mut0.0001,0.3,0.0001,test_8,7,17,759,51.66820231536065,49.76149725156735,60000,300,7.848374700000022,7.75,True
cx0.3_mut0.0001,0.3,0.0001,test_8,7,18,760,75.33093772693209,73.25090365911338,60000,300,8.029396700000689,8.0,True
cx0.3_mut0.0001,0.3,0.0001,test_8,7,19,761,59.56653229295943,57.37199464817381,60000,300,9.56257750000077,9.28125,True
cx0.3_mut0.0001,0.3,0.0001,test_9,8,0,842,58.81278336708679,57.04893845102875,60000,300,8.106496000000334,7.96875,True
cx0.3_mut0.0001,0.3,0.0001,test_9,8,1,843,73.54514714902803,71.89120812578413,60000,300,11.115372899999784,11.0625,True
cx0.3_mut0.0001,0.3,0.0001,test_9,8,2,844,63.639626816230674,61.93693653441336,60000,300,8.344794199999342,8.296875,True
cx0.3_mut0.0001,0.3,0.0001,test_9,8,3,845,59.13692970683429,57.12415397813505,60000,300,8.280061100000239,8.15625,True
cx0.3_mut0.0001,0.3,0.0001,test_9,8,4,846,87.47753140768147,84.86322536135876,60000,300,8.376151299999947,8.265625,True
cx0.3_mut0.0001,0.3,0.0001,test_9,8,5,847,61.42794882127025,59.64034946292606,60000,300,8.642087600000195,8.578125,True
cx0.3_mut0.0001,0.3,0.0001,test_9,8,6,848,57.63270015108256,55.70374441016666,60000,300,9.29030800000055,9.140625,True
cx0.3_mut0.0001,0.3,0.0001,test_9,8,7,849,63.341091142757946,61.50361995321751,60000,300,9.812937199999396,9.765625,True
cx0.3_mut0.0001,0.3,0.0001,test_9,8,8,850,69.05838784715277,67.15562911080316,60000,300,8.343450500000472,8.328125,True
cx0.3_mut0.0001,0.3,0.0001,test_9,8,9,851,71.45888459556214,69.45051783023624,60000,300,8.029123199999958,7.9375,True
cx0.3_mut0.0001,0.3,0.0001,test_9,8,10,852,69.45685483016584,67.5712231828287,60000,300,7.898083300000508,7.71875,True
cx0.3_mut0.0001,0.3,0.0001,test_9,8,11,853,70.77427214660548,68.8954693793315,60000,300,9.90029610000056,9.765625,True
cx0.3_mut0.0001,0.3,0.0001,test_9,8,12,854,57.76652362924034,55.64289206920987,60000,300,7.945008799999414,7.859375,True
cx0.3_mut0.0001,0.3,0.0001,test_9,8,13,855,73.66741365433607,71.5055974726126,60000,300,7.705058300000019,7.671875,True
cx0.3_mut0.0001,0.3,0.0001,test_9,8,14,856,70.4136417950575,68.51774095793814,60000,300,10.749949299999571,10.484375,True
cx0.3_mut0.0001,0.3,0.0001,test_9,8,15,857,79.00508183097662,77.04615601444908,60000,300,7.87985529999969,7.734375,True
cx0.3_mut0.0001,0.3,0.0001,test_9,8,16,858,90.29929104608824,87.94114397972892,60000,300,8.45203500000025,8.34375,True
cx0.3_mut0.0001,0.3,0.0001,test_9,8,17,859,60.10206523622784,58.10616718331369,60000,300,8.421984900000098,8.390625,True
cx0.3_mut0.0001,0.3,0.0001,test_9,8,18,860,56.949832819559624,55.222313961016454,60000,300,8.57034509999994,8.5,True
cx0.3_mut0.0001,0.3,0.0001,test_9,8,19,861,58.05878360707037,56.473795578699686,60000,300,8.26539959999991,8.15625,True
cx0.3_mut0.0001,0.3,0.0001,test_10,9,0,942,66.4736148916766,63.72456764594098,60000,300,8.558287599999858,8.546875,True
cx0.3_mut0.0001,0.3,0.0001,test_10,9,1,943,81.30979645360182,78.80570521994888,60000,300,8.075890699999945,8.015625,True
cx0.3_mut0.0001,0.3,0.0001,test_10,9,2,944,72.5662568491516,70.5125133839852,60000,300,9.481302700000015,9.234375,True
cx0.3_mut0.0001,0.3,0.0001,test_10,9,3,945,80.3291681659551,78.53552423769895,60000,300,8.582004399999278,8.515625,True
cx0.3_mut0.0001,0.3,0.0001,test_10,9,4,946,66.63828046836473,64.34921539774912,60000,300,7.858781900000395,7.765625,True
cx0.3_mut0.0001,0.3,0.0001,test_10,9,5,947,66.95824858291056,64.38591922689973,60000,300,8.01037069999984,7.953125,True
cx0.3_mut0.0001,0.3,0.0001,test_10,9,6,948,75.0776751585121,73.35465245428253,60000,300,8.399186900000132,8.359375,True
cx0.3_mut0.0001,0.3,0.0001,test_10,9,7,949,59.52933163808424,57.102922851176295,60000,300,8.435687500000313,8.359375,True
cx0.3_mut0.0001,0.3,0.0001,test_10,9,8,950,73.19496249169082,71.28733595454345,60000,300,8.44068199999947,8.375,True
cx0.3_mut0.0001,0.3,0.0001,test_10,9,9,951,64.91626172264812,63.10098315643816,60000,300,7.932335200000125,7.859375,True
cx0.3_mut0.0001,0.3,0.0001,test_10,9,10,952,69.21063690110056,67.12181121050347,60000,300,9.13326649999999,9.078125,True
cx0.3_mut0.0001,0.3,0.0001,test_10,9,11,953,79.75485677631484,78.16583919927945,60000,300,8.528499300000476,8.453125,True
cx0.3_mut0.0001,0.3,0.0001,test_10,9,12,954,71.88352693072444,69.72746099862246,60000,300,9.887528500000371,9.796875,True
cx0.3_mut0.0001,0.3,0.0001,test_10,9,13,955,66.2805316335466,64.42967543479114,60000,300,10.835893899999974,10.71875,True
cx0.3_mut0.0001,0.3,0.0001,test_10,9,14,956,78.25338796386642,75.87960448868314,60000,300,7.963053400000717,7.90625,True
cx0.3_mut0.0001,0.3,0.0001,test_10,9,15,957,69.41032318327738,67.45721528511694,60000,300,10.878881599999659,10.75,True
cx0.3_mut0.0001,0.3,0.0001,test_10,9,16,958,59.56885626746334,57.29680703727346,60000,300,8.313253399999667,8.296875,True
cx0.3_mut0.0001,0.3,0.0001,test_10,9,17,959,66.740175554159,65.0214488942984,60000,300,8.012055000000146,7.984375,True
cx0.3_mut0.0001,0.3,0.0001,test_10,9,18,960,58.10777397315875,56.498333372549155,60000,300,8.880937200000517,8.78125,True
cx0.3_mut0.0001,0.3,0.0001,test_10,9,19,961,54.45249815785463,52.21828454948776,60000,300,8.129591100000653,8.03125,True
cx0.3_mut0.001,0.3,0.001,test_1,0,0,42,54.42861630882119,52.67853395886999,60000,300,8.11821770000006,7.96875,True
cx0.3_mut0.001,0.3,0.001,test_1,0,1,43,51.902701909526726,50.17942850734632,60000,300,8.25092659999973,8.15625,True
cx0.3_mut0.001,0.3,0.001,test_1,0,2,44,49.47491996573812,47.60005598369152,60000,300,10.72076590000006,10.59375,True
cx0.3_mut0.001,0.3,0.001,test_1,0,3,45,51.20585343531092,49.08376979061733,60000,300,10.31405760000007,10.03125,True
cx0.3_mut0.001,0.3,0.001,test_1,0,4,46,55.450161891986575,53.68647125345747,60000,300,9.581952900000033,9.546875,True
cx0.3_mut0.001,0.3,0.001,test_1,0,5,47,47.54852862032509,46.17749616509886,60000,300,11.274679099999958,11.125,True
cx0.3_mut0.001,0.3,0.001,test_1,0,6,48,63.619295428519166,61.4009313663901,60000,300,10.863143600000058,10.6875,True
cx0.3_mut0.001,0.3,0.001,test_1,0,7,49,52.27885548608341,50.53657845255264,60000,300,10.130692100000033,9.859375,True
cx0.3_mut0.001,0.3,0.001,test_1,0,8,50,49.79248965604263,47.96563706805454,60000,300,8.78429929999993,8.703125,True
cx0.3_mut0.001,0.3,0.001,test_1,0,9,51,56.66039237115348,54.95273352462803,60000,300,9.42426260000002,9.34375,True
cx0.3_mut0.001,0.3,0.001,test_1,0,10,52,42.83614574686352,41.17871027251694,60000,300,9.53664260000005,9.390625,True
cx0.3_mut0.001,0.3,0.001,test_1,0,11,53,58.047326206686826,56.6268154130588,60000,300,8.692713900000399,8.609375,True
cx0.3_mut0.001,0.3,0.001,test_1,0,12,54,54.419998631087736,52.720260548321306,60000,300,9.6347781999998,9.515625,True
cx0.3_mut0.001,0.3,0.001,test_1,0,13,55,69.16971365745916,66.99870130766875,60000,300,8.971030300000166,8.828125,True
cx0.3_mut0.001,0.3,0.001,test_1,0,14,56,54.10774087016913,52.17746843131421,60000,300,9.249084000000039,9.171875,True
cx0.3_mut0.001,0.3,0.001,test_1,0,15,57,49.716821394051074,47.50972618687862,60000,300,9.052012099999956,9.015625,True
cx0.3_mut0.001,0.3,0.001,test_1,0,16,58,51.83204760838183,49.94745575655803,60000,300,8.5264588,8.515625,True
cx0.3_mut0.001,0.3,0.001,test_1,0,17,59,48.67307293122436,46.94664290244493,60000,300,8.41108929999973,8.34375,True
cx0.3_mut0.001,0.3,0.001,test_1,0,18,60,54.85586546076462,53.0436588838169,60000,300,8.519260099999883,8.4375,True
cx0.3_mut0.001,0.3,0.001,test_1,0,19,61,50.72554950036567,49.338652304622144,60000,300,7.823057300000073,7.78125,True
cx0.3_mut0.001,0.3,0.001,test_2,1,0,142,46.92865279246546,44.991002143670634,60000,300,8.587084900000264,8.53125,True
cx0.3_mut0.001,0.3,0.001,test_2,1,1,143,57.75787397023272,56.0739246424675,60000,300,10.656813900000088,10.578125,True
cx0.3_mut0.001,0.3,0.001,test_2,1,2,144,53.767476193684175,51.758269709756725,60000,300,9.573838700000124,9.5,True
cx0.3_mut0.001,0.3,0.001,test_2,1,3,145,55.4249638070387,53.3982100213998,60000,300,9.344613700000082,9.296875,True
cx0.3_mut0.001,0.3,0.001,test_2,1,4,146,56.749353048266094,54.1633302786286,60000,300,8.817127700000128,8.78125,True
cx0.3_mut0.001,0.3,0.001,test_2,1,5,147,59.096042914162936,57.161692389498725,60000,300,7.780324400000609,7.75,True
cx0.3_mut0.001,0.3,0.001,test_2,1,6,148,47.04616165961283,45.107757367183005,60000,300,7.8900853000004645,7.875,True
cx0.3_mut0.001,0.3,0.001,test_2,1,7,149,49.69664805371172,47.90779152991029,60000,300,8.907169399999475,8.8125,True
cx0.3_mut0.001,0.3,0.001,test_2,1,8,150,43.82267850044902,42.21635074078605,60000,300,9.793004099999962,9.734375,True
cx0.3_mut0.001,0.3,0.001,test_2,1,9,151,49.30079555093269,47.4686945293286,60000,300,10.222283699999934,10.078125,True
cx0.3_mut0.001,0.3,0.001,test_2,1,10,152,44.226196736523825,42.48928588544697,60000,300,9.500580799999625,9.3125,True
cx0.3_mut0.001,0.3,0.001,test_2,1,11,153,53.96552170515207,51.806340402100986,60000,300,8.289962099999684,8.21875,True
cx0.3_mut0.001,0.3,0.001,test_2,1,12,154,44.24930513757725,42.52496891799869,60000,300,8.348350400000527,8.203125,True
cx0.3_mut0.001,0.3,0.001,test_2,1,13,155,52.12615742076026,50.702643420277326,60000,300,10.718520100000205,10.59375,True
cx0.3_mut0.001,0.3,0.001,test_2,1,14,156,48.042377284779555,46.17496080771075,60000,300,8.12040849999994,8.046875,True
cx0.3_mut0.001,0.3,0.001,test_2,1,15,157,41.33948534832238,39.614261458902845,60000,300,8.696919600000001,8.59375,True
cx0.3_mut0.001,0.3,0.001,test_2,1,16,158,48.172411751602944,46.37409290319383,60000,300,8.050230899999406,7.90625,True
cx0.3_mut0.001,0.3,0.001,test_2,1,17,159,54.8262214180578,53.14705252323442,60000,300,7.891729899999518,7.828125,True
cx0.3_mut0.001,0.3,0.001,test_2,1,18,160,49.01777824871344,47.22653856800292,60000,300,9.70212840000022,9.609375,True
cx0.3_mut0.001,0.3,0.001,test_2,1,19,161,53.31270046778562,51.67978186364216,60000,300,9.420670399999835,9.296875,True
cx0.3_mut0.001,0.3,0.001,test_3,2,0,242,43.02439380183667,41.11084312770224,60000,300,8.379074100000253,8.328125,True
cx0.3_mut0.001,0.3,0.001,test_3,2,1,243,48.45700985916281,46.16575013431399,60000,300,8.016193700000258,7.953125,True
cx0.3_mut0.001,0.3,0.001,test_3,2,2,244,52.389123391012376,50.19887928372191,60000,300,8.490507000000434,8.421875,True
cx0.3_mut0.001,0.3,0.001,test_3,2,3,245,45.75705269822714,43.792526305522074,60000,300,7.365915399999722,7.21875,True
cx0.3_mut0.001,0.3,0.001,test_3,2,4,246,43.434342594038036,42.0583320421319,60000,300,8.565583999999944,8.46875,True
cx0.3_mut0.001,0.3,0.001,test_3,2,5,247,45.393711370399984,43.782257528141564,60000,300,9.23799390000022,9.078125,True
cx0.3_mut0.001,0.3,0.001,test_3,2,6,248,58.355966207778685,56.38919246127602,60000,300,8.147234699999899,8.03125,True
cx0.3_mut0.001,0.3,0.001,test_3,2,7,249,38.661912962820956,37.03026278137176,60000,300,7.964131499999894,7.875,True
cx0.3_mut0.001,0.3,0.001,test_3,2,8,250,49.56685550457507,47.43633891972365,60000,300,10.164679099999375,10.078125,True
cx0.3_mut0.001,0.3,0.001,test_3,2,9,251,56.336798055649524,54.59345183308626,60000,300,12.991066600000522,12.84375,True
cx0.3_mut0.001,0.3,0.001,test_3,2,10,252,46.9744568745601,45.27474016784556,60000,300,8.658454999999776,8.546875,True
cx0.3_mut0.001,0.3,0.001,test_3,2,11,253,52.911714086118906,51.2032084695955,60000,300,9.78998109999975,9.671875,True
cx0.3_mut0.001,0.3,0.001,test_3,2,12,254,46.586791388784896,44.960444540935335,60000,300,9.049315999999635,8.953125,True
cx0.3_mut0.001,0.3,0.001,test_3,2,13,255,50.863609833076715,49.08763090213335,60000,300,10.735695299999861,10.484375,True
cx0.3_mut0.001,0.3,0.001,test_3,2,14,256,56.696746505170964,54.43714502249224,60000,300,8.569677200000115,8.546875,True
cx0.3_mut0.001,0.3,0.001,test_3,2,15,257,53.528173770108154,51.22033343211653,60000,300,9.181791999999405,9.078125,True
cx0.3_mut0.001,0.3,0.001,test_3,2,16,258,58.784228786570374,56.87035798649814,60000,300,11.104440799999793,10.921875,True
cx0.3_mut0.001,0.3,0.001,test_3,2,17,259,53.873755390155345,51.86175699247521,60000,300,12.45013580000068,12.25,True
cx0.3_mut0.001,0.3,0.001,test_3,2,18,260,48.98575332718462,47.15575860286603,60000,300,8.765378599999167,8.71875,True
cx0.3_mut0.001,0.3,0.001,test_3,2,19,261,47.35745548319041,45.298548553797595,60000,300,8.094791900000018,8.015625,True
cx0.3_mut0.001,0.3,0.001,test_4,3,0,342,45.930982281219904,44.228088139759286,60000,300,10.968323699999928,10.703125,True
cx0.3_mut0.001,0.3,0.001,test_4,3,1,343,39.163104306445,37.190164896194865,60000,300,8.018272799999977,7.921875,True
cx0.3_mut0.001,0.3,0.001,test_4,3,2,344,43.00343748210557,40.86900015351332,60000,300,8.399546100000407,8.34375,True
cx0.3_mut0.001,0.3,0.001,test_4,3,3,345,48.53330358629292,46.93732466116157,60000,300,8.504988000000594,8.46875,True
cx0.3_mut0.001,0.3,0.001,test_4,3,4,346,38.519511444849755,36.75087521547547,60000,300,8.617042599999877,8.5625,True
cx0.3_mut0.001,0.3,0.001,test_4,3,5,347,48.22297587034633,45.936893746858544,60000,300,8.273023300000204,8.125,True
cx0.3_mut0.001,0.3,0.001,test_4,3,6,348,48.87122966361559,47.229180224168985,60000,300,9.4096413999996,9.296875,True
cx0.3_mut0.001,0.3,0.001,test_4,3,7,349,41.631611467716,40.040694775152645,60000,300,7.708168199999818,7.625,True
cx0.3_mut0.001,0.3,0.001,test_4,3,8,350,42.958443584417964,41.32663160369293,60000,300,8.670308300000215,8.5625,True
cx0.3_mut0.001,0.3,0.001,test_4,3,9,351,44.54584195818168,42.618530076710535,60000,300,9.525973400000112,9.40625,True
cx0.3_mut0.001,0.3,0.001,test_4,3,10,352,44.331462580857355,42.5525425181208,60000,300,8.93854999999985,8.78125,True
cx0.3_mut0.001,0.3,0.001,test_4,3,11,353,43.58430290782951,41.748100955807885,60000,300,8.607011500000226,8.5625,True
cx0.3_mut0.001,0.3,0.001,test_4,3,12,354,43.724098147925176,41.71591917356287,60000,300,9.055720700000165,8.96875,True
cx0.3_mut0.001,0.3,0.001,test_4,3,13,355,46.86154395618419,44.8019108979677,60000,300,12.677873000000545,12.515625,True
cx0.3_mut0.001,0.3,0.001,test_4,3,14,356,44.777594265126226,42.57088980957358,60000,300,8.245770699999412,8.078125,True
cx0.3_mut0.001,0.3,0.001,test_4,3,15,357,39.60231195407004,37.8476415814505,60000,300,8.299175199999809,8.171875,True
cx0.3_mut0.001,0.3,0.001,test_4,3,16,358,46.02757469078132,44.07197641680437,60000,300,9.053168700000242,8.78125,True
cx0.3_mut0.001,0.3,0.001,test_4,3,17,359,36.99590489147207,35.094412383266466,60000,300,9.403970500000469,9.328125,True
cx0.3_mut0.001,0.3,0.001,test_4,3,18,360,48.45279498294304,46.5891302337141,60000,300,10.156389799999488,10.078125,True
cx0.3_mut0.001,0.3,0.001,test_4,3,19,361,44.13387250918283,42.49339425284423,60000,300,8.2028820000005,8.0625,True
cx0.3_mut0.001,0.3,0.001,test_5,4,0,442,48.52558689330372,46.51732378644206,60000,300,8.443138699999508,8.34375,True
cx0.3_mut0.001,0.3,0.001,test_5,4,1,443,54.37222533184309,52.718352902505046,60000,300,8.456769299999905,8.328125,True
cx0.3_mut0.001,0.3,0.001,test_5,4,2,444,56.08007041768822,54.43848827294392,60000,300,13.764742000000297,13.640625,True
cx0.3_mut0.001,0.3,0.001,test_5,4,3,445,66.28640408825478,64.73046164450228,60000,300,10.826347500000338,10.671875,True
cx0.3_mut0.001,0.3,0.001,test_5,4,4,446,42.526556156997835,40.83006823414048,60000,300,8.054972199999611,7.984375,True
cx0.3_mut0.001,0.3,0.001,test_5,4,5,447,51.43970967550938,49.85066682879183,60000,300,8.462881200000083,8.390625,True
cx0.3_mut0.001,0.3,0.001,test_5,4,6,448,47.179327858234956,45.064488407822864,60000,300,8.165042999999969,8.09375,True
cx0.3_mut0.001,0.3,0.001,test_5,4,7,449,56.19786478028764,54.40773986827369,60000,300,8.543912699999964,8.453125,True
cx0.3_mut0.001,0.3,0.001,test_5,4,8,450,52.24377186082343,50.442662522907305,60000,300,9.725213300000178,9.671875,True
cx0.3_mut0.001,0.3,0.001,test_5,4,9,451,64.86106013926639,63.00803370477732,60000,300,8.344654300000002,8.28125,True
cx0.3_mut0.001,0.3,0.001,test_5,4,10,452,56.692791248845126,54.9515326423312,60000,300,10.452624800000194,10.34375,True
cx0.3_mut0.001,0.3,0.001,test_5,4,11,453,53.71473155320457,51.95861508798725,60000,300,9.640341499999522,9.5625,True
cx0.3_mut0.001,0.3,0.001,test_5,4,12,454,69.19246990522491,67.50070156865951,60000,300,8.041593400000238,7.984375,True
cx0.3_mut0.001,0.3,0.001,test_5,4,13,455,49.30505895954378,47.22197038374502,60000,300,8.393158900000344,8.34375,True
cx0.3_mut0.001,0.3,0.001,test_5,4,14,456,53.20137778352352,51.27508127741945,60000,300,7.883061600000474,7.84375,True
cx0.3_mut0.001,0.3,0.001,test_5,4,15,457,60.07500811096507,58.03460814715469,60000,300,10.618624599999748,10.46875,True
cx0.3_mut0.001,0.3,0.001,test_5,4,16,458,43.821665300613134,41.93724333780061,60000,300,9.7366949999996,9.65625,True
cx0.3_mut0.001,0.3,0.001,test_5,4,17,459,50.67649888453579,48.90562461864304,60000,300,8.06565589999991,7.96875,True
cx0.3_mut0.001,0.3,0.001,test_5,4,18,460,54.97651906400041,53.27555437820802,60000,300,8.105566600000202,7.921875,True
cx0.3_mut0.001,0.3,0.001,test_5,4,19,461,53.955814157266126,51.746556904991365,60000,300,9.553546300000562,9.359375,True
cx0.3_mut0.001,0.3,0.001,test_6,5,0,542,48.95397730723861,46.87043823343265,60000,300,8.729339800000162,8.484375,True
cx0.3_mut0.001,0.3,0.001,test_6,5,1,543,51.00007093914433,48.74700974246764,60000,300,9.527771200000643,9.375,True
cx0.3_mut0.001,0.3,0.001,test_6,5,2,544,53.668086447309655,52.100378951813475,60000,300,8.73969390000002,8.65625,True
cx0.3_mut0.001,0.3,0.001,test_6,5,3,545,52.51923011546011,50.87438933560519,60000,300,10.158366499999829,9.9375,True
cx0.3_mut0.001,0.3,0.001,test_6,5,4,546,54.68395298116136,52.6912576959756,60000,300,9.40546870000071,9.265625,True
cx0.3_mut0.001,0.3,0.001,test_6,5,5,547,51.34849125693716,49.44721858685296,60000,300,9.473480999999992,9.265625,True
cx0.3_mut0.001,0.3,0.001,test_6,5,6,548,51.462793592652055,49.57297731626937,60000,300,11.612015099999553,11.390625,True
cx0.3_mut0.001,0.3,0.001,test_6,5,7,549,51.42178555185443,49.705821014930116,60000,300,8.442208299999947,8.265625,True
cx0.3_mut0.001,0.3,0.001,test_6,5,8,550,54.866382521451925,52.434983528196945,60000,300,8.503225700000257,8.234375,True
cx0.3_mut0.001,0.3,0.001,test_6,5,9,551,52.34962739404947,50.817805293397775,60000,300,9.755802699999549,9.640625,True
cx0.3_mut0.001,0.3,0.001,test_6,5,10,552,48.931912388875816,47.034680341225894,60000,300,8.252725299999838,8.046875,True
cx0.3_mut0.001,0.3,0.001,test_6,5,11,553,42.12324979439129,40.88025092591579,60000,300,9.588908699999592,9.4375,True
cx0.3_mut0.001,0.3,0.001,test_6,5,12,554,45.464318385221375,43.402544703030536,60000,300,10.35442250000051,10.109375,True
cx0.3_mut0.001,0.3,0.001,test_6,5,13,555,46.71535434211493,44.903288484466955,60000,300,7.848722499999894,7.734375,True
cx0.3_mut0.001,0.3,0.001,test_6,5,14,556,50.3268517560071,48.45443411402814,60000,300,9.779591600000458,9.5,True
cx0.3_mut0.001,0.3,0.001,test_6,5,15,557,47.838039786764945,46.03960569943754,60000,300,8.5076710000003,8.3125,True
cx0.3_mut0.001,0.3,0.001,test_6,5,16,558,48.85424258161287,46.50318530114859,60000,300,12.885206900000412,12.546875,True
cx0.3_mut0.001,0.3,0.001,test_6,5,17,559,59.75709249165853,58.078070580255,60000,300,8.322712300000603,8.078125,True
cx0.3_mut0.001,0.3,0.001,test_6,5,18,560,47.49462358954751,45.41794573504505,60000,300,12.064832700000807,11.78125,True
cx0.3_mut0.001,0.3,0.001,test_6,5,19,561,49.737966431609564,47.566072028199606,60000,300,13.619583100000455,13.3125,True
cx0.3_mut0.001,0.3,0.001,test_7,6,0,642,55.95794065169999,53.8803037255208,60000,300,9.177128599999378,9.03125,True
cx0.3_mut0.001,0.3,0.001,test_7,6,1,643,54.263748197726656,52.55247910393631,60000,300,11.721013000000312,11.53125,True
cx0.3_mut0.001,0.3,0.001,test_7,6,2,644,47.600467138755015,45.85233715480421,60000,300,8.314509300000282,8.1875,True
cx0.3_mut0.001,0.3,0.001,test_7,6,3,645,47.084450404852305,44.659187279924346,60000,300,9.187062299999525,8.96875,True
cx0.3_mut0.001,0.3,0.001,test_7,6,4,646,54.991724052066594,53.31277848373418,60000,300,10.17301529999986,9.953125,True
cx0.3_mut0.001,0.3,0.001,test_7,6,5,647,51.06889685741414,49.18573411618473,60000,300,10.754229099999975,10.53125,True
cx0.3_mut0.001,0.3,0.001,test_7,6,6,648,53.81162698815448,51.678215851137864,60000,300,8.259718899999825,8.0625,True
cx0.3_mut0.001,0.3,0.001,test_7,6,7,649,68.40153329888113,66.08093372478213,60000,300,10.113085400000273,9.921875,True
cx0.3_mut0.001,0.3,0.001,test_7,6,8,650,52.288141728179,50.44511697368791,60000,300,7.966645000000426,7.796875,True
cx0.3_mut0.001,0.3,0.001,test_7,6,9,651,47.71877849068424,45.916904715969885,60000,300,8.858129899999767,8.671875,True
cx0.3_mut0.001,0.3,0.001,test_7,6,10,652,46.640863083236816,44.67843546432127,60000,300,9.662195799999608,9.546875,True
cx0.3_mut0.001,0.3,0.001,test_7,6,11,653,37.80701265238438,35.6669987384079,60000,300,8.526270599999407,8.375,True
cx0.3_mut0.001,0.3,0.001,test_7,6,12,654,55.40759968956004,53.61839111525516,60000,300,8.75089459999981,8.515625,True
cx0.3_mut0.001,0.3,0.001,test_7,6,13,655,41.08397235250523,39.30245035857547,60000,300,8.627531600000111,8.46875,True
cx0.3_mut0.001,0.3,0.001,test_7,6,14,656,51.044928172748605,49.26525232034515,60000,300,8.482134599999881,8.328125,True
cx0.3_mut0.001,0.3,0.001,test_7,6,15,657,51.6971942756701,49.45356879609599,60000,300,9.662432399999489,9.453125,True
cx0.3_mut0.001,0.3,0.001,test_7,6,16,658,58.27282970223949,56.7639176242523,60000,300,9.375074999999924,9.21875,True
cx0.3_mut0.001,0.3,0.001,test_7,6,17,659,59.52605506220337,57.702417402787496,60000,300,13.673911699999735,13.5,True
cx0.3_mut0.001,0.3,0.001,test_7,6,18,660,55.77590816228564,53.71510054123174,60000,300,8.390835100000004,8.28125,True
cx0.3_mut0.001,0.3,0.001,test_7,6,19,661,55.055822597717246,53.08861892471724,60000,300,9.554474499999742,9.421875,True
cx0.3_mut0.001,0.3,0.001,test_8,7,0,742,50.26956345020139,48.28799438877739,60000,300,8.591900899999928,8.46875,True
cx0.3_mut0.001,0.3,0.001,test_8,7,1,743,46.181820514221705,43.982901718047174,60000,300,9.59505259999969,9.546875,True
cx0.3_mut0.001,0.3,0.001,test_8,7,2,744,44.50974073298536,42.484312402732954,60000,300,9.772348100000272,9.640625,True
cx0.3_mut0.001,0.3,0.001,test_8,7,3,745,46.51171045724571,44.59578558809689,60000,300,11.386866100000589,11.171875,True
cx0.3_mut0.001,0.3,0.001,test_8,7,4,746,43.101264420762114,41.329707903844366,60000,300,8.995745100000022,8.84375,True
cx0.3_mut0.001,0.3,0.001,test_8,7,5,747,50.06104995703779,47.918794197481034,60000,300,7.981122000000141,7.890625,True
cx0.3_mut0.001,0.3,0.001,test_8,7,6,748,52.07060182338304,50.04132283762944,60000,300,9.324687999999696,9.109375,True
cx0.3_mut0.001,0.3,0.001,test_8,7,7,749,46.748317809050675,44.98559787500349,60000,300,8.818382200000087,8.796875,True
cx0.3_mut0.001,0.3,0.001,test_8,7,8,750,39.73299799955697,38.27368559519166,60000,300,8.985768000000462,8.828125,True
cx0.3_mut0.001,0.3,0.001,test_8,7,9,751,51.81378224599691,49.86420165317021,60000,300,8.891258499999822,8.75,True
cx0.3_mut0.001,0.3,0.001,test_8,7,10,752,50.45374348012344,48.662586480326915,60000,300,9.548243700000057,9.4375,True
cx0.3_mut0.001,0.3,0.001,test_8,7,11,753,43.088819297097004,41.11283130831983,60000,300,10.637528799999927,10.390625,True
cx0.3_mut0.001,0.3,0.001,test_8,7,12,754,45.752736280580685,44.04546376325229,60000,300,8.627767399999357,8.5,True
cx0.3_mut0.001,0.3,0.001,test_8,7,13,755,48.1488562100559,46.084257842611215,60000,300,8.836555500000031,8.71875,True
cx0.3_mut0.001,0.3,0.001,test_8,7,14,756,51.68688056371623,49.58925838392929,60000,300,10.575937999999951,10.4375,True
cx0.3_mut0.001,0.3,0.001,test_8,7,15,757,46.35688693948778,44.643080063962806,60000,300,8.50049560000025,8.375,True
cx0.3_mut0.001,0.3,0.001,test_8,7,16,758,54.014311928800105,51.900489841312336,60000,300,10.634089099999983,10.484375,True
cx0.3_mut0.001,0.3,0.001,test_8,7,17,759,47.99319570735445,46.517345609309615,60000,300,9.044793099999879,8.953125,True
cx0.3_mut0.001,0.3,0.001,test_8,7,18,760,47.086291088195836,45.04057805197563,60000,300,10.948523299999579,10.875,True
cx0.3_mut0.001,0.3,0.001,test_8,7,19,761,51.31873697571233,49.418529698933305,60000,300,10.710009100000207,10.59375,True
cx0.3_mut0.001,0.3,0.001,test_9,8,0,842,58.08022343811489,56.28981868298547,60000,300,9.211013699999967,9.09375,True
cx0.3_mut0.001,0.3,0.001,test_9,8,1,843,53.127635775045846,51.89222543870524,60000,300,8.460887400000502,8.34375,True
cx0.3_mut0.001,0.3,0.001,test_9,8,2,844,60.23777013643683,58.56262415907423,60000,300,8.523486699999921,8.46875,True
cx0.3_mut0.001,0.3,0.001,test_9,8,3,845,44.45483036340484,42.606390212114796,60000,300,8.896403900000223,8.8125,True
cx0.3_mut0.001,0.3,0.001,test_9,8,4,846,46.34592047326004,44.513688277583505,60000,300,9.606446499999947,9.46875,True
cx0.3_mut0.001,0.3,0.001,test_9,8,5,847,51.06449900074245,49.4135469258337,60000,300,8.208460600000762,8.109375,True
cx0.3_mut0.001,0.3,0.001,test_9,8,6,848,58.366123543114675,56.02564217724769,60000,300,10.372303899999679,10.171875,True
cx0.3_mut0.001,0.3,0.001,test_9,8,7,849,47.78442327489706,45.81494704000956,60000,300,10.020258000000467,9.953125,True
cx0.3_mut0.001,0.3,0.001,test_9,8,8,850,50.67690155514167,49.10172126972297,60000,300,8.122558499999286,8.09375,True
cx0.3_mut0.001,0.3,0.001,test_9,8,9,851,49.25741288741236,47.55419514000266,60000,300,8.770674599999438,8.6875,True
cx0.3_mut0.001,0.3,0.001,test_9,8,10,852,53.85413516188695,52.209168458301384,60000,300,8.299512099999447,8.1875,True
cx0.3_mut0.001,0.3,0.001,test_9,8,11,853,51.70212092211633,50.03152550396669,60000,300,9.073906099999476,9.03125,True
cx0.3_mut0.001,0.3,0.001,test_9,8,12,854,52.36627133536527,51.128821961620176,60000,300,8.307815500000288,8.21875,True
cx0.3_mut0.001,0.3,0.001,test_9,8,13,855,54.236747206932655,52.10459289540343,60000,300,8.564603400000124,8.5,True
cx0.3_mut0.001,0.3,0.001,test_9,8,14,856,60.01708517650716,57.74604994114543,60000,300,10.34820690000015,10.15625,True
cx0.3_mut0.001,0.3,0.001,test_9,8,15,857,50.523955614063034,48.99891992900882,60000,300,8.918120600000293,8.859375,True
cx0.3_mut0.001,0.3,0.001,test_9,8,16,858,52.38109503401792,50.73834572749297,60000,300,9.86621600000035,9.75,True
cx0.3_mut0.001,0.3,0.001,test_9,8,17,859,52.24189713460777,50.56261972356092,60000,300,10.276749000000564,10.203125,True
cx0.3_mut0.001,0.3,0.001,test_9,8,18,860,41.05839114790066,38.97872926903915,60000,300,9.330752199999552,9.28125,True
cx0.3_mut0.001,0.3,0.001,test_9,8,19,861,54.52330520457058,52.82712920574966,60000,300,10.83170439999958,10.75,True
cx0.3_mut0.001,0.3,0.001,test_10,9,0,942,43.29690052315476,41.571101310368164,60000,300,8.185916100000213,8.15625,True
cx0.3_mut0.001,0.3,0.001,test_10,9,1,943,59.683333882007275,57.88571951136903,60000,300,9.641464199999973,9.5625,True
cx0.3_mut0.001,0.3,0.001,test_10,9,2,944,48.2902438064087,46.27263386034515,60000,300,9.721696800000245,9.5625,True
cx0.3_mut0.001,0.3,0.001,test_10,9,3,945,41.81750887794655,40.30284547445047,60000,300,9.13829369999985,9.0625,True
cx0.3_mut0.001,0.3,0.001,test_10,9,4,946,50.785281020109416,48.770859929252445,60000,300,8.316679900000054,8.28125,True
cx0.3_mut0.001,0.3,0.001,test_10,9,5,947,45.28923177012728,43.747685129982855,60000,300,7.866609600000629,7.78125,True
cx0.3_mut0.001,0.3,0.001,test_10,9,6,948,58.91337156751087,57.0333122158709,60000,300,8.624818599999344,8.53125,True
cx0.3_mut0.001,0.3,0.001,test_10,9,7,949,43.587540135984575,41.6891454600437,60000,300,8.443793700000242,8.34375,True
cx0.3_mut0.001,0.3,0.001,test_10,9,8,950,47.76675996983519,46.048631913224355,60000,300,8.229360700000143,8.078125,True
cx0.3_mut0.001,0.3,0.001,test_10,9,9,951,44.313604158210126,42.681446639120324,60000,300,8.533181999999215,8.46875,True
cx0.3_mut0.001,0.3,0.001,test_10,9,10,952,61.14515032936259,59.25775145220024,60000,300,10.628474599999208,10.5625,True
cx0.3_mut0.001,0.3,0.001,test_10,9,11,953,43.8016318141542,42.46076249786187,60000,300,8.528323699999419,8.46875,True
cx0.3_mut0.001,0.3,0.001,test_10,9,12,954,51.72760310449871,49.69138320511755,60000,300,9.311572200000228,9.234375,True
cx0.3_mut0.001,0.3,0.001,test_10,9,13,955,44.24126077776519,42.39811538403271,60000,300,12.715910999999323,12.484375,True
cx0.3_mut0.001,0.3,0.001,test_10,9,14,956,52.82980296096046,51.04860257626113,60000,300,11.784825599999749,11.6875,True
cx0.3_mut0.001,0.3,0.001,test_10,9,15,957,51.5089197099011,49.70109812806237,60000,300,9.873150800000076,9.796875,True
cx0.3_mut0.001,0.3,0.001,test_10,9,16,958,52.20996662588545,50.525759770072305,60000,300,10.03817330000038,9.9375,True
cx0.3_mut0.001,0.3,0.001,test_10,9,17,959,53.49257286911159,51.66908531894941,60000,300,8.27633270000024,8.21875,True
cx0.3_mut0.001,0.3,0.001,test_10,9,18,960,41.529195946162126,39.6623877058862,60000,300,8.879798299999493,8.671875,True
cx0.3_mut0.001,0.3,0.001,test_10,9,19,961,47.83117261416975,45.53789710104812,60000,300,8.089347900000575,8.015625,True
cx0.3_mut0.01,0.3,0.01,test_1,0,0,42,40.67423727422522,39.12761605259752,60000,300,11.748078200000236,11.5,True
cx0.3_mut0.01,0.3,0.01,test_1,0,1,43,43.46443419755368,41.81387554809282,60000,300,9.715670900000077,9.5625,True
cx0.3_mut0.01,0.3,0.01,test_1,0,2,44,45.281542672287635,43.481156574659906,60000,300,10.33837050000011,10.265625,True
cx0.3_mut0.01,0.3,0.01,test_1,0,3,45,42.20178165646957,40.68434078467509,60000,300,10.75879550000036,10.515625,True
cx0.3_mut0.01,0.3,0.01,test_1,0,4,46,39.167605070713044,37.59646742084205,60000,300,8.657317000000148,8.609375,True
cx0.3_mut0.01,0.3,0.01,test_1,0,5,47,42.58105327285377,40.81607314353022,60000,300,10.643108499999926,10.578125,True
cx0.3_mut0.01,0.3,0.01,test_1,0,6,48,51.73122622337161,50.19536935932328,60000,300,9.851790499999879,9.75,True
cx0.3_mut0.01,0.3,0.01,test_1,0,7,49,41.92563191518078,40.29566500838072,60000,300,10.041735199999948,9.625,True
cx0.3_mut0.01,0.3,0.01,test_1,0,8,50,44.41123817011161,42.66875610970053,60000,300,9.308953300000212,9.265625,True
cx0.3_mut0.01,0.3,0.01,test_1,0,9,51,49.63298593746254,48.16060007226402,60000,300,9.48196340000004,9.359375,True
cx0.3_mut0.01,0.3,0.01,test_1,0,10,52,45.70841106630387,44.211746416172815,60000,300,9.054991299999983,8.921875,True
cx0.3_mut0.01,0.3,0.01,test_1,0,11,53,49.1394809627144,47.25294450781204,60000,300,10.881606799999645,10.703125,True
cx0.3_mut0.01,0.3,0.01,test_1,0,12,54,35.80615767465362,34.39941982756009,60000,300,8.662916600000244,8.5,True
cx0.3_mut0.01,0.3,0.01,test_1,0,13,55,47.27699061328506,45.14341599476723,60000,300,8.354234899999938,8.296875,True
cx0.3_mut0.01,0.3,0.01,test_1,0,14,56,51.60722624581237,49.72539934328936,60000,300,10.264215400000467,10.203125,True
cx0.3_mut0.01,0.3,0.01,test_1,0,15,57,40.94844452641405,39.27742150384296,60000,300,8.91279779999968,8.890625,True
cx0.3_mut0.01,0.3,0.01,test_1,0,16,58,49.56752667392645,48.28764675688913,60000,300,6.903254500000003,6.84375,True
cx0.3_mut0.01,0.3,0.01,test_1,0,17,59,41.904141623268465,40.30446147325824,60000,300,10.268656299999748,10.1875,True
cx0.3_mut0.01,0.3,0.01,test_1,0,18,60,47.77649933412938,45.88601516543864,60000,300,7.770779299999958,7.75,True
cx0.3_mut0.01,0.3,0.01,test_1,0,19,61,50.41160247281645,48.65164766387159,60000,300,9.898053399999299,9.890625,True
cx0.3_mut0.01,0.3,0.01,test_2,1,0,142,37.19010549901349,35.50916335387034,60000,300,7.60509060000004,7.546875,True
cx0.3_mut0.01,0.3,0.01,test_2,1,1,143,36.249070876128386,34.68231670368404,60000,300,8.805205100000421,8.78125,True
cx0.3_mut0.01,0.3,0.01,test_2,1,2,144,39.0405457133501,37.053578388346914,60000,300,10.421897300000637,10.328125,True
cx0.3_mut0.01,0.3,0.01,test_2,1,3,145,38.582936343257195,36.69092174068272,60000,300,8.719325799999751,8.578125,True
cx0.3_mut0.01,0.3,0.01,test_2,1,4,146,35.182845064710904,33.89693309298856,60000,300,7.321253299999626,7.265625,True
cx0.3_mut0.01,0.3,0.01,test_2,1,5,147,38.63862813770933,36.759532787557696,60000,300,9.48483060000035,9.421875,True
cx0.3_mut0.01,0.3,0.01,test_2,1,6,148,47.57249775840251,45.72226603874781,60000,300,9.3018131000008,9.234375,True
cx0.3_mut0.01,0.3,0.01,test_2,1,7,149,37.31312255756077,35.64621012833532,60000,300,9.53167940000003,9.453125,True
cx0.3_mut0.01,0.3,0.01,test_2,1,8,150,37.33978484168706,35.637599773314264,60000,300,8.996860599999309,8.890625,True
cx0.3_mut0.01,0.3,0.01,test_2,1,9,151,39.75116106855714,37.93389754894686,60000,300,9.103918199999498,8.9375,True
cx0.3_mut0.01,0.3,0.01,test_2,1,10,152,40.556751442086615,38.581825596410745,60000,300,13.757916399999885,13.546875,True
cx0.3_mut0.01,0.3,0.01,test_2,1,11,153,42.80320720658532,41.33456173484693,60000,300,8.685972199999924,8.59375,True
cx0.3_mut0.01,0.3,0.01,test_2,1,12,154,54.01082470247581,52.53224829632748,60000,300,8.99088920000031,8.890625,True
cx0.3_mut0.01,0.3,0.01,test_2,1,13,155,42.72425726414656,41.29384132775012,60000,300,12.697846800000661,12.578125,True
cx0.3_mut0.01,0.3,0.01,test_2,1,14,156,40.23568936604871,38.29288542753623,60000,300,9.71706500000073,9.640625,True
cx0.3_mut0.01,0.3,0.01,test_2,1,15,157,40.56023341491781,39.37170325638662,60000,300,10.19970420000027,10.03125,True
cx0.3_mut0.01,0.3,0.01,test_2,1,16,158,38.95637942874969,37.3831571708378,60000,300,8.080869499999608,7.96875,True
cx0.3_mut0.01,0.3,0.01,test_2,1,17,159,42.24584858610897,40.66766303102464,60000,300,8.40404690000014,8.34375,True
cx0.3_mut0.01,0.3,0.01,test_2,1,18,160,39.07395890749146,37.58260022277924,60000,300,11.2650550999997,11.1875,True
cx0.3_mut0.01,0.3,0.01,test_2,1,19,161,41.4115954367029,39.85482490479463,60000,300,9.656746499999826,9.546875,True
cx0.3_mut0.01,0.3,0.01,test_3,2,0,242,40.660456271388085,38.968931791294025,60000,300,9.942321900000024,9.796875,True
cx0.3_mut0.01,0.3,0.01,test_3,2,1,243,36.56662901134466,34.48367763115929,60000,300,11.694719500000247,11.578125,True
cx0.3_mut0.01,0.3,0.01,test_3,2,2,244,45.84632532686648,44.25795433987002,60000,300,8.697521100000813,8.5625,True
cx0.3_mut0.01,0.3,0.01,test_3,2,3,245,38.902016390483496,36.844705979377956,60000,300,11.319288599999709,11.1875,True
cx0.3_mut0.01,0.3,0.01,test_3,2,4,246,41.39195086949252,39.256467532367616,60000,300,12.381367699999828,12.234375,True
cx0.3_mut0.01,0.3,0.01,test_3,2,5,247,29.63957080969652,27.9954278220679,60000,300,11.481881499999872,11.25,True
cx0.3_mut0.01,0.3,0.01,test_3,2,6,248,41.921368056251445,39.82579785541903,60000,300,8.714268900000206,8.515625,True
cx0.3_mut0.01,0.3,0.01,test_3,2,7,249,40.85765507945352,39.1491494596468,60000,300,9.091966500000126,9.03125,True
cx0.3_mut0.01,0.3,0.01,test_3,2,8,250,39.118692580821445,37.185122147926116,60000,300,7.967541500000152,7.859375,True
cx0.3_mut0.01,0.3,0.01,test_3,2,9,251,42.685881319621515,40.91725964357986,60000,300,10.928725000000668,10.84375,True
cx0.3_mut0.01,0.3,0.01,test_3,2,10,252,39.582522842379156,37.95638256780672,60000,300,10.89705000000049,10.65625,True
cx0.3_mut0.01,0.3,0.01,test_3,2,11,253,40.00015716059891,38.084620966639086,60000,300,11.954865099999552,11.8125,True
cx0.3_mut0.01,0.3,0.01,test_3,2,12,254,47.234780514488,45.55736288213788,60000,300,8.757396300000437,8.625,True
cx0.3_mut0.01,0.3,0.01,test_3,2,13,255,37.216445473293845,35.597264977086205,60000,300,11.620183600000018,11.328125,True
cx0.3_mut0.01,0.3,0.01,test_3,2,14,256,42.424987702911075,40.46745783310854,60000,300,10.849094599999262,10.78125,True
cx0.3_mut0.01,0.3,0.01,test_3,2,15,257,35.554029416169726,34.00465093747187,60000,300,9.439625199999682,9.390625,True
cx0.3_mut0.01,0.3,0.01,test_3,2,16,258,41.03335220538232,39.451653011747595,60000,300,9.191017699999975,9.09375,True
cx0.3_mut0.01,0.3,0.01,test_3,2,17,259,39.78700458435336,37.78443554440088,60000,300,12.459944700000051,12.28125,True
cx0.3_mut0.01,0.3,0.01,test_3,2,18,260,35.09648048913242,33.38490544674865,60000,300,8.15886860000046,8.046875,True
cx0.3_mut0.01,0.3,0.01,test_3,2,19,261,41.14882347019061,39.37167367366362,60000,300,10.350978499999655,10.296875,True
cx0.3_mut0.01,0.3,0.01,test_4,3,0,342,38.72371685037985,37.29372586541611,60000,300,12.12401040000077,11.90625,True
cx0.3_mut0.01,0.3,0.01,test_4,3,1,343,35.65546363693931,34.32922365400067,60000,300,8.00522649999948,7.953125,True
cx0.3_mut0.01,0.3,0.01,test_4,3,2,344,43.377096370945694,41.74552876364518,60000,300,10.16918750000059,9.984375,True
cx0.3_mut0.01,0.3,0.01,test_4,3,3,345,36.7828381845085,35.12635049170349,60000,300,7.818898500000614,7.765625,True
cx0.3_mut0.01,0.3,0.01,test_4,3,4,346,29.922946322651665,28.52903686776646,60000,300,10.404016699999374,10.28125,True
cx0.3_mut0.01,0.3,0.01,test_4,3,5,347,32.64444231793977,30.841449899946593,60000,300,9.779596399999718,9.6875,True
cx0.3_mut0.01,0.3,0.01,test_4,3,6,348,32.14374071065167,30.749063666766965,60000,300,9.493414400000802,9.328125,True
cx0.3_mut0.01,0.3,0.01,test_4,3,7,349,32.106558371270836,30.813349845371125,60000,300,9.584145800000442,9.5,True
cx0.3_mut0.01,0.3,0.01,test_4,3,8,350,37.44464347188878,36.11133591998013,60000,300,11.284090599999217,11.125,True
cx0.3_mut0.01,0.3,0.01,test_4,3,9,351,33.316432645377674,31.80398725404896,60000,300,9.215056800000639,9.078125,True
cx0.3_mut0.01,0.3,0.01,test_4,3,10,352,31.960898341970996,30.59332308083208,60000,300,10.166354400000273,10.078125,True
cx0.3_mut0.01,0.3,0.01,test_4,3,11,353,35.2191426660204,33.801782253471856,60000,300,8.757796300000336,8.71875,True
cx0.3_mut0.01,0.3,0.01,test_4,3,12,354,35.790160423444235,34.04493785187836,60000,300,10.403153199999906,10.28125,True
cx0.3_mut0.01,0.3,0.01,test_4,3,13,355,32.6312557654104,31.413759185610992,60000,300,11.930492100000265,11.8125,True
cx0.3_mut0.01,0.3,0.01,test_4,3,14,356,44.45602401914476,42.89313024341971,60000,300,10.50600200000008,10.34375,True
cx0.3_mut0.01,0.3,0.01,test_4,3,15,357,28.77742947365319,27.284014029476563,60000,300,8.37702580000041,8.34375,True
cx0.3_mut0.01,0.3,0.01,test_4,3,16,358,34.81593346842615,33.34369395343842,60000,300,9.1115877000002,9.0,True
cx0.3_mut0.01,0.3,0.01,test_4,3,17,359,32.97468663874777,31.712115511244996,60000,300,7.966540599999462,7.828125,True
cx0.3_mut0.01,0.3,0.01,test_4,3,18,360,37.521780974935,35.87873587603352,60000,300,10.463281800000004,10.421875,True
cx0.3_mut0.01,0.3,0.01,test_4,3,19,361,30.973266900354698,29.31609856753342,60000,300,10.096783300000425,9.90625,True
cx0.3_mut0.01,0.3,0.01,test_5,4,0,442,41.50967691991549,39.922357141424115,60000,300,8.300063300000147,8.21875,True
cx0.3_mut0.01,0.3,0.01,test_5,4,1,443,47.382592922966964,45.74003732392254,60000,300,10.443678399999953,10.296875,True
cx0.3_mut0.01,0.3,0.01,test_5,4,2,444,40.55702019643247,38.95509241816644,60000,300,9.66592750000018,9.515625,True
cx0.3_mut0.01,0.3,0.01,test_5,4,3,445,47.250388479422185,45.47642323942289,60000,300,9.977614200000062,9.875,True
cx0.3_mut0.01,0.3,0.01,test_5,4,4,446,43.29293491542369,41.157230141978445,60000,300,10.830064599999787,10.6875,True
cx0.3_mut0.01,0.3,0.01,test_5,4,5,447,42.70663509169788,41.007929530765,60000,300,8.97081849999995,8.90625,True
cx0.3_mut0.01,0.3,0.01,test_5,4,6,448,46.015898708208184,44.25444371780647,60000,300,10.313051099999939,10.21875,True
cx0.3_mut0.01,0.3,0.01,test_5,4,7,449,41.271816005876985,39.35918062968493,60000,300,11.668136100000083,11.59375,True
cx0.3_mut0.01,0.3,0.01,test_5,4,8,450,46.70637679812919,45.30563772111754,60000,300,8.624971600000208,8.546875,True
cx0.3_mut0.01,0.3,0.01,test_5,4,9,451,50.54752258209343,49.193580380368616,60000,300,9.855489800000214,9.734375,True
cx0.3_mut0.01,0.3,0.01,test_5,4,10,452,43.71193972585104,42.200245026056834,60000,300,8.202098099999603,8.171875,True
cx0.3_mut0.01,0.3,0.01,test_5,4,11,453,46.50879969730317,44.729601350574384,60000,300,11.084474000000228,11.015625,True
cx0.3_mut0.01,0.3,0.01,test_5,4,12,454,39.608673579655154,37.89980027632329,60000,300,8.928432900000189,8.859375,True
cx0.3_mut0.01,0.3,0.01,test_5,4,13,455,41.1380299326355,39.33463927156617,60000,300,10.866142200000468,10.71875,True
cx0.3_mut0.01,0.3,0.01,test_5,4,14,456,49.13338184048794,47.43921098092384,60000,300,10.817170400000578,10.734375,True
cx0.3_mut0.01,0.3,0.01,test_5,4,15,457,52.23778582230976,50.43094956896417,60000,300,10.381987200000367,10.296875,True
cx0.3_mut0.01,0.3,0.01,test_5,4,16,458,40.844351629671095,39.07595944552546,60000,300,9.972185800000261,9.796875,True
cx0.3_mut0.01,0.3,0.01,test_5,4,17,459,51.273747940345906,49.25098722229159,60000,300,8.153016199999911,8.0625,True
cx0.3_mut0.01,0.3,0.01,test_5,4,18,460,44.532255973232566,42.7062463460529,60000,300,9.958295599999474,9.84375,True
cx0.3_mut0.01,0.3,0.01,test_5,4,19,461,41.424947641698346,39.62934100765258,60000,300,10.128166800000145,9.765625,True
cx0.3_mut0.01,0.3,0.01,test_6,5,0,542,41.39319057882298,39.776756619064585,60000,300,11.611336199999641,11.296875,True
cx0.3_mut0.01,0.3,0.01,test_6,5,1,543,39.818864921173336,38.18791521054499,60000,300,11.735974799999894,11.46875,True
cx0.3_mut0.01,0.3,0.01,test_6,5,2,544,48.34806490884747,46.736094830394094,60000,300,11.919066099999327,11.5625,True
cx0.3_mut0.01,0.3,0.01,test_6,5,3,545,42.38407001385782,40.96004132544769,60000,300,10.146395599999778,9.890625,True
cx0.3_mut0.01,0.3,0.01,test_6,5,4,546,46.71775788101865,44.85446111101875,60000,300,12.271602800000437,12.0625,True
cx0.3_mut0.01,0.3,0.01,test_6,5,5,547,38.744517441630286,37.3992563783077,60000,300,8.844641100000445,8.640625,True
cx0.3_mut0.01,0.3,0.01,test_6,5,6,548,47.78085125168661,46.35726686608533,60000,300,11.021636200000103,10.78125,True
cx0.3_mut0.01,0.3,0.01,test_6,5,7,549,48.99804900400004,47.42635062243724,60000,300,10.333337499999288,10.0,True
cx0.3_mut0.01,0.3,0.01,test_6,5,8,550,41.47863658731712,39.890275032708466,60000,300,9.610878600000433,9.421875,True
cx0.3_mut0.01,0.3,0.01,test_6,5,9,551,47.23626777919601,45.76338864862381,60000,300,10.43763889999991,10.125,True
cx0.3_mut0.01,0.3,0.01,test_6,5,10,552,37.11044932737621,35.788668608471006,60000,300,8.143498200000067,7.984375,True
cx0.3_mut0.01,0.3,0.01,test_6,5,11,553,44.6019578736587,42.924180767018804,60000,300,10.121339700000135,9.9375,True
cx0.3_mut0.01,0.3,0.01,test_6,5,12,554,39.90317977596909,38.002191471034976,60000,300,10.17970239999977,9.96875,True
cx0.3_mut0.01,0.3,0.01,test_6,5,13,555,33.825057440246304,32.3251687442014,60000,300,12.66034099999979,12.28125,True
cx0.3_mut0.01,0.3,0.01,test_6,5,14,556,41.97527474309154,40.45496719011493,60000,300,9.217177999999876,9.0,True
cx0.3_mut0.01,0.3,0.01,test_6,5,15,557,37.53070423459079,35.59996364349796,60000,300,13.120431700000154,12.90625,True
cx0.3_mut0.01,0.3,0.01,test_6,5,16,558,41.28147684587578,39.275582044635456,60000,300,11.478380699999434,11.203125,True
cx0.3_mut0.01,0.3,0.01,test_6,5,17,559,48.92227398752127,47.4076710816901,60000,300,9.749379300000328,9.5625,True
cx0.3_mut0.01,0.3,0.01,test_6,5,18,560,48.202751978190406,46.410698088494485,60000,300,9.173581099999865,8.984375,True
cx0.3_mut0.01,0.3,0.01,test_6,5,19,561,39.33256837910293,38.04584789271267,60000,300,10.350089200000184,10.140625,True
cx0.3_mut0.01,0.3,0.01,test_7,6,0,642,38.81751722768513,37.106481283775395,60000,300,9.143458000000464,8.890625,True
cx0.3_mut0.01,0.3,0.01,test_7,6,1,643,35.346848964731294,33.72451860716459,60000,300,9.061047399999552,8.9375,True
cx0.3_mut0.01,0.3,0.01,test_7,6,2,644,34.864466363489896,33.08681072381101,60000,300,8.223495199999888,8.15625,True
cx0.3_mut0.01,0.3,0.01,test_7,6,3,645,32.90798746959161,30.854573327907758,60000,300,7.466731499999696,7.375,True
cx0.3_mut0.01,0.3,0.01,test_7,6,4,646,38.65517587485766,36.99435975859934,60000,300,9.296290100000078,9.140625,True
cx0.3_mut0.01,0.3,0.01,test_7,6,5,647,42.68184874033183,40.96197143674029,60000,300,9.484233899999708,9.296875,True
cx0.3_mut0.01,0.3,0.01,test_7,6,6,648,44.559540951688426,42.981587382116956,60000,300,9.5581830000001,9.4375,True
cx0.3_mut0.01,0.3,0.01,test_7,6,7,649,33.157811469973744,31.38959299504641,60000,300,10.626458299999285,10.3125,True
cx0.3_mut0.01,0.3,0.01,test_7,6,8,650,43.472622020622914,41.699162388769246,60000,300,10.633151800000633,10.3125,True
cx0.3_mut0.01,0.3,0.01,test_7,6,9,651,41.88225850700407,40.07829492833963,60000,300,14.594156199999816,14.296875,True
cx0.3_mut0.01,0.3,0.01,test_7,6,10,652,41.944576000029876,39.71900962977282,60000,300,11.318416899999647,11.171875,True
cx0.3_mut0.01,0.3,0.01,test_7,6,11,653,39.21179452985387,37.57104636279399,60000,300,9.475994399999763,9.28125,True
cx0.3_mut0.01,0.3,0.01,test_7,6,12,654,37.178307282911206,35.54316020612315,60000,300,13.793912100000853,13.484375,True
cx0.3_mut0.01,0.3,0.01,test_7,6,13,655,37.04923705180282,35.16193000708185,60000,300,8.12003149999964,8.0,True
cx0.3_mut0.01,0.3,0.01,test_7,6,14,656,36.95600705033036,35.23420483251795,60000,300,10.723802599999544,10.46875,True
cx0.3_mut0.01,0.3,0.01,test_7,6,15,657,36.12162706039366,34.874759730154835,60000,300,8.234089200000199,8.0625,True
cx0.3_mut0.01,0.3,0.01,test_7,6,16,658,40.26442823971349,38.257270406537195,60000,300,12.221019199999319,12.015625,True
cx0.3_mut0.01,0.3,0.01,test_7,6,17,659,37.00927282611183,35.23005832923236,60000,300,8.83912970000074,8.640625,True
cx0.3_mut0.01,0.3,0.01,test_7,6,18,660,47.58332976472351,46.0949676996711,60000,300,8.062146299999768,7.96875,True
cx0.3_mut0.01,0.3,0.01,test_7,6,19,661,45.20903141493175,43.51513146340586,60000,300,11.671499299999596,11.46875,True
cx0.3_mut0.01,0.3,0.01,test_8,7,0,742,37.027164922959294,35.52893303871051,60000,300,8.61868770000001,8.5,True
cx0.3_mut0.01,0.3,0.01,test_8,7,1,743,45.91221192849791,43.77048678258413,60000,300,12.508272500000203,12.359375,True
cx0.3_mut0.01,0.3,0.01,test_8,7,2,744,42.481001515734306,40.106338267479856,60000,300,10.22760560000006,10.03125,True
cx0.3_mut0.01,0.3,0.01,test_8,7,3,745,39.357422314767945,37.70120696701875,60000,300,8.43045390000043,8.203125,True
cx0.3_mut0.01,0.3,0.01,test_8,7,4,746,37.66631158542801,35.91014447896383,60000,300,11.88128659999984,11.75,True
cx0.3_mut0.01,0.3,0.01,test_8,7,5,747,43.01871133231462,40.92264289545901,60000,300,10.047201100000166,10.015625,True
cx0.3_mut0.01,0.3,0.01,test_8,7,6,748,47.74263249732736,46.01313093630158,60000,300,11.168153200000233,11.078125,True
cx0.3_mut0.01,0.3,0.01,test_8,7,7,749,42.28531969098202,40.54925375302994,60000,300,11.560604999999669,11.46875,True
cx0.3_mut0.01,0.3,0.01,test_8,7,8,750,37.77400392092968,35.958441564132265,60000,300,8.387192199999845,8.28125,True
cx0.3_mut0.01,0.3,0.01,test_8,7,9,751,37.804792581520466,35.853941056039524,60000,300,11.000484999999571,10.875,True
cx0.3_mut0.01,0.3,0.01,test_8,7,10,752,38.86764850594943,37.44222346383941,60000,300,10.35718149999957,10.203125,True
cx0.3_mut0.01,0.3,0.01,test_8,7,11,753,41.16680701114375,39.57032386945295,60000,300,10.889641599999777,10.78125,True
cx0.3_mut0.01,0.3,0.01,test_8,7,12,754,37.71617102535331,36.125247359888014,60000,300,9.028817899999922,8.90625,True
cx0.3_mut0.01,0.3,0.01,test_8,7,13,755,37.15544001943376,35.293863727002204,60000,300,12.223595000000387,12.09375,True
cx0.3_mut0.01,0.3,0.01,test_8,7,14,756,42.67653958497913,40.68285411368038,60000,300,8.251285999999709,8.09375,True
cx0.3_mut0.01,0.3,0.01,test_8,7,15,757,41.9671393617166,40.468618613215746,60000,300,13.412775199999487,13.203125,True
cx0.3_mut0.01,0.3,0.01,test_8,7,16,758,47.084178053295,45.08713441294015,60000,300,9.801950699999907,9.671875,True
cx0.3_mut0.01,0.3,0.01,test_8,7,17,759,44.75004403126458,42.92056810394554,60000,300,8.703378799999882,8.609375,True
cx0.3_mut0.01,0.3,0.01,test_8,7,18,760,37.97976113538359,36.11667641885767,60000,300,11.509191400000418,11.359375,True
cx0.3_mut0.01,0.3,0.01,test_8,7,19,761,37.332857794432336,35.793933388289204,60000,300,8.252626899999996,8.1875,True
cx0.3_mut0.01,0.3,0.01,test_9,8,0,842,39.556480243345234,38.10109754917676,60000,300,8.601608299999498,8.53125,True
cx0.3_mut0.01,0.3,0.01,test_9,8,1,843,49.96049235378717,48.420528402009694,60000,300,9.792631299999812,9.65625,True
cx0.3_mut0.01,0.3,0.01,test_9,8,2,844,45.8286259021942,44.4850334061302,60000,300,8.530773800000134,8.484375,True
cx0.3_mut0.01,0.3,0.01,test_9,8,3,845,41.193235067517,39.73714760111381,60000,300,8.044807399999627,8.0,True
cx0.3_mut0.01,0.3,0.01,test_9,8,4,846,40.21279227631127,38.64337709903749,60000,300,8.263528299999962,8.21875,True
cx0.3_mut0.01,0.3,0.01,test_9,8,5,847,44.10971363479771,42.33315287079555,60000,300,11.86889069999961,11.75,True
cx0.3_mut0.01,0.3,0.01,test_9,8,6,848,36.91233831633626,35.42037948090811,60000,300,11.803981499999281,11.6875,True
cx0.3_mut0.01,0.3,0.01,test_9,8,7,849,51.03515848744865,49.5053667185988,60000,300,10.0359040000003,9.921875,True
cx0.3_mut0.01,0.3,0.01,test_9,8,8,850,45.61643930208386,43.84521826715819,60000,300,8.20774369999981,8.15625,True
cx0.3_mut0.01,0.3,0.01,test_9,8,9,851,43.53101119535503,41.80954130918835,60000,300,9.489438200000222,9.453125,True
cx0.3_mut0.01,0.3,0.01,test_9,8,10,852,45.113930612829414,43.582758771931466,60000,300,8.395562400000017,8.265625,True
cx0.3_mut0.01,0.3,0.01,test_9,8,11,853,39.97836143026501,38.57620052557469,60000,300,9.969891099999586,9.875,True
cx0.3_mut0.01,0.3,0.01,test_9,8,12,854,38.11893311089689,36.480957872439284,60000,300,11.318507699999827,11.140625,True
cx0.3_mut0.01,0.3,0.01,test_9,8,13,855,37.01231972740361,35.479347518153745,60000,300,8.79421050000019,8.6875,True
cx0.3_mut0.01,0.3,0.01,test_9,8,14,856,50.23429044812788,48.730518709532795,60000,300,10.520540999999866,10.34375,True
cx0.3_mut0.01,0.3,0.01,test_9,8,15,857,40.77192725272296,39.375894172160905,60000,300,8.485475099999348,8.328125,True
cx0.3_mut0.01,0.3,0.01,test_9,8,16,858,40.27703265067587,38.93202184172316,60000,300,8.429002599999876,8.25,True
cx0.3_mut0.01,0.3,0.01,test_9,8,17,859,45.040129224077404,43.558264710207936,60000,300,7.91249340000013,7.84375,True
cx0.3_mut0.01,0.3,0.01,test_9,8,18,860,56.788397054974254,55.168628226849044,60000,300,9.453371900000093,9.328125,True
cx0.3_mut0.01,0.3,0.01,test_9,8,19,861,38.5148165617579,37.11852085905551,60000,300,11.480393299999378,11.421875,True
cx0.3_mut0.01,0.3,0.01,test_10,9,0,942,43.228659850063835,41.731013748125825,60000,300,8.709352800000488,8.671875,True
cx0.3_mut0.01,0.3,0.01,test_10,9,1,943,51.84763308716075,50.27031255767838,60000,300,8.93934310000077,8.828125,True
cx0.3_mut0.01,0.3,0.01,test_10,9,2,944,43.6855232559541,41.80033199812441,60000,300,11.131875400000354,10.9375,True
cx0.3_mut0.01,0.3,0.01,test_10,9,3,945,43.53276790099262,41.68743108908427,60000,300,11.23915339999985,11.15625,True
cx0.3_mut0.01,0.3,0.01,test_10,9,4,946,39.957444456999724,38.30243492033458,60000,300,10.498766599999726,10.359375,True
cx0.3_mut0.01,0.3,0.01,test_10,9,5,947,37.68060798609379,35.9967439486854,60000,300,9.582152899999528,9.515625,True
cx0.3_mut0.01,0.3,0.01,test_10,9,6,948,45.119392841487084,43.49176502963788,60000,300,8.307656799999677,8.109375,True
cx0.3_mut0.01,0.3,0.01,test_10,9,7,949,35.05228014981468,33.60244545685614,60000,300,10.0851375000002,10.015625,True
cx0.3_mut0.01,0.3,0.01,test_10,9,8,950,39.90763816421013,38.478575411403725,60000,300,8.41850020000038,8.3125,True
cx0.3_mut0.01,0.3,0.01,test_10,9,9,951,44.209586314061255,42.7469629582514,60000,300,7.946966600000451,7.828125,True
cx0.3_mut0.01,0.3,0.01,test_10,9,10,952,36.57126277652483,34.76740636305215,60000,300,10.198041300000114,10.109375,True
cx0.3_mut0.01,0.3,0.01,test_10,9,11,953,39.550658719270594,37.98340131828439,60000,300,7.788985999999568,7.78125,True
cx0.3_mut0.01,0.3,0.01,test_10,9,12,954,43.19168285250742,41.38392808137847,60000,300,8.602937399999973,8.578125,True
cx0.3_mut0.01,0.3,0.01,test_10,9,13,955,37.51385321824302,35.7269409577832,60000,300,8.057262899999841,8.0,True
cx0.3_mut0.01,0.3,0.01,test_10,9,14,956,47.30780934675446,45.839985578855604,60000,300,10.655643600000076,10.5,True
cx0.3_mut0.01,0.3,0.01,test_10,9,15,957,43.63728369412258,41.79453265969289,60000,300,8.4979486000002,8.40625,True
cx0.3_mut0.01,0.3,0.01,test_10,9,16,958,40.0579683186651,38.48135377502612,60000,300,8.38895439999942,8.328125,True
cx0.3_mut0.01,0.3,0.01,test_10,9,17,959,39.129335502616804,37.42659471417103,60000,300,8.475781600000118,8.453125,True
cx0.3_mut0.01,0.3,0.01,test_10,9,18,960,42.3335757047201,40.762963903897486,60000,300,9.425870799999757,9.3125,True
cx0.3_mut0.01,0.3,0.01,test_10,9,19,961,47.030748695608295,45.42747166514846,60000,300,7.81167379999988,7.71875,True
cx0.3_mut0.1,0.3,0.1,test_1,0,0,42,37.85480657223933,36.10730266519451,60000,300,8.837156900000082,8.6875,True
cx0.3_mut0.1,0.3,0.1,test_1,0,1,43,43.069155917266215,41.602439250797616,60000,300,8.715796100000262,8.640625,True
cx0.3_mut0.1,0.3,0.1,test_1,0,2,44,34.174318933810945,32.66939842230815,60000,300,7.936404099999891,7.921875,True
cx0.3_mut0.1,0.3,0.1,test_1,0,3,45,40.957656622257076,39.64561211622478,60000,300,9.780018700000255,9.5625,True
cx0.3_mut0.1,0.3,0.1,test_1,0,4,46,38.33640770470433,36.64119751114601,60000,300,8.606976399999894,8.515625,True
cx0.3_mut0.1,0.3,0.1,test_1,0,5,47,41.57970546078115,39.72011434100941,60000,300,8.980886599999849,8.90625,True
cx0.3_mut0.1,0.3,0.1,test_1,0,6,48,41.789939885114805,40.12643661479339,60000,300,8.407144700000117,8.328125,True
cx0.3_mut0.1,0.3,0.1,test_1,0,7,49,44.37501420156458,42.9602331549162,60000,300,9.533665500000097,9.296875,True
cx0.3_mut0.1,0.3,0.1,test_1,0,8,50,38.40551933412947,36.70455300546552,60000,300,9.89291890000004,9.765625,True
cx0.3_mut0.1,0.3,0.1,test_1,0,9,51,41.915974059379394,40.26538540937624,60000,300,8.948838100000103,8.78125,True
cx0.3_mut0.1,0.3,0.1,test_1,0,10,52,38.88944306771862,37.62800292678974,60000,300,8.493835800000397,8.28125,True
cx0.3_mut0.1,0.3,0.1,test_1,0,11,53,40.27703094869944,38.788422143245725,60000,300,8.474549600000046,8.375,True
cx0.3_mut0.1,0.3,0.1,test_1,0,12,54,38.1419040520254,36.40873050591621,60000,300,8.421745300000111,8.265625,True
cx0.3_mut0.1,0.3,0.1,test_1,0,13,55,41.79445548301944,40.45207227711137,60000,300,9.04405990000032,8.890625,True
cx0.3_mut0.1,0.3,0.1,test_1,0,14,56,46.87039767440153,45.25419496257188,60000,300,9.05125709999993,8.90625,True
cx0.3_mut0.1,0.3,0.1,test_1,0,15,57,41.4467931911323,39.8511940769295,60000,300,8.580523599999651,8.546875,True
cx0.3_mut0.1,0.3,0.1,test_1,0,16,58,36.09263291790066,34.504512679847195,60000,300,7.592322699999386,7.578125,True
cx0.3_mut0.1,0.3,0.1,test_1,0,17,59,41.00755790870646,39.01160166514924,60000,300,7.757609999999659,7.703125,True
cx0.3_mut0.1,0.3,0.1,test_1,0,18,60,40.47749163956989,38.961240162208846,60000,300,8.082498699999633,8.046875,True
cx0.3_mut0.1,0.3,0.1,test_1,0,19,61,45.93749603123952,44.54314637437294,60000,300,9.896159500000067,9.78125,True
cx0.3_mut0.1,0.3,0.1,test_2,1,0,142,41.25886081731699,39.61788471840917,60000,300,9.863529799999924,9.8125,True
cx0.3_mut0.1,0.3,0.1,test_2,1,1,143,35.19160539321769,33.88777234862609,60000,300,7.411511400000563,7.40625,True
cx0.3_mut0.1,0.3,0.1,test_2,1,2,144,33.59498107030616,32.048083382696994,60000,300,8.592189699999835,8.5,True
cx0.3_mut0.1,0.3,0.1,test_2,1,3,145,34.640121807275506,33.44825434093013,60000,300,9.199946299999283,9.046875,True
cx0.3_mut0.1,0.3,0.1,test_2,1,4,146,30.510660176032513,29.057077348199222,60000,300,8.547511299999314,8.53125,True
cx0.3_mut0.1,0.3,0.1,test_2,1,5,147,47.82977267963064,45.96398511320364,60000,300,9.699045500000466,9.703125,True
cx0.3_mut0.1,0.3,0.1,test_2,1,6,148,35.49327996818269,33.7448037565066,60000,300,6.946980699999585,6.921875,True
cx0.3_mut0.1,0.3,0.1,test_2,1,7,149,34.597324885936835,33.08825165915939,60000,300,8.51878409999972,8.4375,True
cx0.3_mut0.1,0.3,0.1,test_2,1,8,150,37.479851322781165,35.54155528332759,60000,300,7.265529299999798,7.1875,True
cx0.3_mut0.1,0.3,0.1,test_2,1,9,151,38.456284961878026,36.89005426302661,60000,300,8.8675544000007,8.765625,True
cx0.3_mut0.1,0.3,0.1,test_2,1,10,152,32.95485813602791,31.445992671103884,60000,300,10.369584600000053,10.03125,True
cx0.3_mut0.1,0.3,0.1,test_2,1,11,153,36.730852266278376,35.048451367184455,60000,300,8.75068040000042,8.609375,True
cx0.3_mut0.1,0.3,0.1,test_2,1,12,154,32.38990787810454,31.137623594604346,60000,300,7.498926300000676,7.390625,True
cx0.3_mut0.1,0.3,0.1,test_2,1,13,155,33.89871493497407,32.48085919363702,60000,300,9.688839600000392,9.640625,True
cx0.3_mut0.1,0.3,0.1,test_2,1,14,156,37.33805074705295,36.014210613440056,60000,300,8.312703599999622,8.203125,True
cx0.3_mut0.1,0.3,0.1,test_2,1,15,157,35.33729457566355,33.87813703703098,60000,300,8.29680879999978,8.203125,True
cx0.3_mut0.1,0.3,0.1,test_2,1,16,158,32.19576478455579,30.785489312766874,60000,300,8.17244329999994,8.078125,True
cx0.3_mut0.1,0.3,0.1,test_2,1,17,159,37.804385175009386,36.320612571202396,60000,300,9.672955200000615,9.484375,True
cx0.3_mut0.1,0.3,0.1,test_2,1,18,160,31.35348141986009,29.921674595243992,60000,300,8.669032000000698,8.53125,True
cx0.3_mut0.1,0.3,0.1,test_2,1,19,161,36.02167404861014,34.64362033892643,60000,300,9.369592200000625,9.25,True
cx0.3_mut0.1,0.3,0.1,test_3,2,0,242,38.38708045036697,36.74808433130632,60000,300,8.423931799999991,8.359375,True
cx0.3_mut0.1,0.3,0.1,test_3,2,1,243,38.017858536140764,35.84905807308588,60000,300,9.459818299999824,9.375,True
cx0.3_mut0.1,0.3,0.1,test_3,2,2,244,39.18441432648835,37.645136369102325,60000,300,8.744349100000363,8.65625,True
cx0.3_mut0.1,0.3,0.1,test_3,2,3,245,37.691575637993886,36.288385993964404,60000,300,9.043548399999963,8.9375,True
cx0.3_mut0.1,0.3,0.1,test_3,2,4,246,36.59479444503788,34.700900637822414,60000,300,9.291099799999756,9.140625,True
cx0.3_mut0.1,0.3,0.1,test_3,2,5,247,33.59517913787204,32.14457188377739,60000,300,8.618200199999592,8.59375,True
cx0.3_mut0.1,0.3,0.1,test_3,2,6,248,45.95263275327762,44.33097959679605,60000,300,9.230932800000119,9.046875,True
cx0.3_mut0.1,0.3,0.1,test_3,2,7,249,38.32842918153126,36.64594399963844,60000,300,8.47868329999983,8.4375,True
cx0.3_mut0.1,0.3,0.1,test_3,2,8,250,44.04861591256175,41.99669819039107,60000,300,9.876453899999433,9.734375,True
cx0.3_mut0.1,0.3,0.1,test_3,2,9,251,37.2941590375549,35.738424963750944,60000,300,8.613642700000128,8.546875,True
cx0.3_mut0.1,0.3,0.1,test_3,2,10,252,37.83904099890675,35.91242746271381,60000,300,9.318519899999956,9.203125,True
cx0.3_mut0.1,0.3,0.1,test_3,2,11,253,39.40370618045023,37.98711371821015,60000,300,7.629266000000825,7.5,True
cx0.3_mut0.1,0.3,0.1,test_3,2,12,254,42.19109512399069,40.22873031652857,60000,300,9.186263499999768,9.0625,True
cx0.3_mut0.1,0.3,0.1,test_3,2,13,255,36.47768503391112,34.742980843323394,60000,300,9.785820199999762,9.453125,True
cx0.3_mut0.1,0.3,0.1,test_3,2,14,256,39.69396788150277,38.168932081670135,60000,300,7.599796700000297,7.53125,True
cx0.3_mut0.1,0.3,0.1,test_3,2,15,257,40.61006671525472,38.96176872173427,60000,300,9.167398399999911,9.0625,True
cx0.3_mut0.1,0.3,0.1,test_3,2,16,258,39.947925019062836,38.29401117227076,60000,300,8.652918599999794,8.578125,True
cx0.3_mut0.1,0.3,0.1,test_3,2,17,259,32.907972135449995,31.329962931160654,60000,300,8.66604880000068,8.515625,True
cx0.3_mut0.1,0.3,0.1,test_3,2,18,260,36.2672594847478,34.68921349591604,60000,300,8.251701199999843,8.140625,True
cx0.3_mut0.1,0.3,0.1,test_3,2,19,261,38.318648418388996,36.65606539824523,60000,300,10.181722500000433,10.125,True
cx0.3_mut0.1,0.3,0.1,test_4,3,0,342,34.90470800456147,33.361336389204375,60000,300,9.147660100000394,9.015625,True
cx0.3_mut0.1,0.3,0.1,test_4,3,1,343,34.97483683763718,33.50222640708519,60000,300,6.992710800000168,6.953125,True
cx0.3_mut0.1,0.3,0.1,test_4,3,2,344,33.28147516988909,31.899057668851917,60000,300,8.315392999999858,8.265625,True
cx0.3_mut0.1,0.3,0.1,test_4,3,3,345,37.77242592291832,35.929112237504846,60000,300,9.741256899999826,9.578125,True
cx0.3_mut0.1,0.3,0.1,test_4,3,4,346,31.474780350100435,29.941466126876662,60000,300,7.826893800000107,7.796875,True
cx0.3_mut0.1,0.3,0.1,test_4,3,5,347,27.75612982422144,26.246493431320737,60000,300,9.255755300000601,9.171875,True
cx0.3_mut0.1,0.3,0.1,test_4,3,6,348,28.508148732168024,27.30687643833977,60000,300,7.622477300000355,7.515625,True
cx0.3_mut0.1,0.3,0.1,test_4,3,7,349,30.44246933346659,28.917778656661206,60000,300,9.69435379999959,9.578125,True
cx0.3_mut0.1,0.3,0.1,test_4,3,8,350,29.478109624264192,27.80184395897498,60000,300,8.786257699999624,8.5625,True
cx0.3_mut0.1,0.3,0.1,test_4,3,9,351,36.385997547908346,34.94453019099249,60000,300,7.762823600000047,7.671875,True
cx0.3_mut0.1,0.3,0.1,test_4,3,10,352,31.43785048887895,29.946629240813426,60000,300,7.998486000000412,7.953125,True
cx0.3_mut0.1,0.3,0.1,test_4,3,11,353,35.5313049995743,34.21187580102986,60000,300,7.769299100000353,7.75,True
cx0.3_mut0.1,0.3,0.1,test_4,3,12,354,29.540691960493245,27.96256739485126,60000,300,10.19050950000019,10.0625,True
cx0.3_mut0.1,0.3,0.1,test_4,3,13,355,31.439517204908963,29.974785141383215,60000,300,7.717642800000249,7.703125,True
cx0.3_mut0.1,0.3,0.1,test_4,3,14,356,33.71010968009818,32.31893477480147,60000,300,7.432771199999479,7.328125,True
cx0.3_mut0.1,0.3,0.1,test_4,3,15,357,34.6688634088299,32.98236168771949,60000,300,8.47436160000052,8.296875,True
cx0.3_mut0.1,0.3,0.1,test_4,3,16,358,33.357968069659556,31.652943516170456,60000,300,8.764116000000286,8.578125,True
cx0.3_mut0.1,0.3,0.1,test_4,3,17,359,27.61995781525386,26.394442275622612,60000,300,8.103539300000193,7.953125,True
cx0.3_mut0.1,0.3,0.1,test_4,3,18,360,32.000661828905685,30.47485789112526,60000,300,8.90686370000003,8.828125,True
cx0.3_mut0.1,0.3,0.1,test_4,3,19,361,27.443777581102683,26.054407263307784,60000,300,9.661875699999655,9.625,True
cx0.3_mut0.1,0.3,0.1,test_5,4,0,442,38.40498517764897,36.64388794281468,60000,300,8.856005099999493,8.75,True
cx0.3_mut0.1,0.3,0.1,test_5,4,1,443,44.316400859013925,43.00609863570776,60000,300,8.91350489999968,8.875,True
cx0.3_mut0.1,0.3,0.1,test_5,4,2,444,38.69201989464164,37.04576901674468,60000,300,8.51082150000002,8.328125,True
cx0.3_mut0.1,0.3,0.1,test_5,4,3,445,41.51809731826329,39.99247206192723,60000,300,8.323082599999907,8.1875,True
cx0.3_mut0.1,0.3,0.1,test_5,4,4,446,37.21874153811149,35.67671416589484,60000,300,8.32051489999958,8.1875,True
cx0.3_mut0.1,0.3,0.1,test_5,4,5,447,42.83512789843687,41.32317233231564,60000,300,9.024976099999549,8.9375,True
cx0.3_mut0.1,0.3,0.1,test_5,4,6,448,44.3146952836459,42.94871117712507,60000,300,8.064697900000283,7.984375,True
cx0.3_mut0.1,0.3,0.1,test_5,4,7,449,42.42860581340304,40.49862427212731,60000,300,9.970103199999357,9.859375,True
cx0.3_mut0.1,0.3,0.1,test_5,4,8,450,38.868176433795895,37.426093461057725,60000,300,9.452825999999732,9.34375,True
cx0.3_mut0.1,0.3,0.1,test_5,4,9,451,41.468573210385806,39.662076648537436,60000,300,8.498872899999697,8.359375,True
cx0.3_mut0.1,0.3,0.1,test_5,4,10,452,38.471708279381,36.515152347911936,60000,300,9.739546699999664,9.640625,True
cx0.3_mut0.1,0.3,0.1,test_5,4,11,453,43.11227909889774,41.57743493885659,60000,300,7.862994299999627,7.8125,True
cx0.3_mut0.1,0.3,0.1,test_5,4,12,454,42.908342621332004,41.34676556083387,60000,300,8.397232700000131,8.265625,True
cx0.3_mut0.1,0.3,0.1,test_5,4,13,455,37.31114757734136,35.87443220602297,60000,300,9.558467299999393,9.5,True
cx0.3_mut0.1,0.3,0.1,test_5,4,14,456,36.03769302522349,34.512818432848185,60000,300,8.679003100000045,8.625,True
cx0.3_mut0.1,0.3,0.1,test_5,4,15,457,41.725463117269705,39.78396181949198,60000,300,8.93329039999935,8.828125,True
cx0.3_mut0.1,0.3,0.1,test_5,4,16,458,35.23068010617655,33.73721474145125,60000,300,8.30119889999969,8.21875,True
cx0.3_mut0.1,0.3,0.1,test_5,4,17,459,36.842884498875875,35.43653376018812,60000,300,9.239247299999988,9.1875,True
cx0.3_mut0.1,0.3,0.1,test_5,4,18,460,45.347564647583575,43.92165688279218,60000,300,10.32180470000003,10.234375,True
cx0.3_mut0.1,0.3,0.1,test_5,4,19,461,42.41771643296269,40.86656957473148,60000,300,9.053279499999917,8.828125,True
cx0.3_mut0.1,0.3,0.1,test_6,5,0,542,36.449371240881135,34.78816514689007,60000,300,9.339541100000133,9.234375,True
cx0.3_mut0.1,0.3,0.1,test_6,5,1,543,37.16674745344744,35.72082910483609,60000,300,7.030087900000581,6.90625,True
cx0.3_mut0.1,0.3,0.1,test_6,5,2,544,40.3084224390873,38.9321449806972,60000,300,9.18881760000022,8.953125,True
cx0.3_mut0.1,0.3,0.1,test_6,5,3,545,43.123558144166005,41.53658127683672,60000,300,9.738797499999237,9.546875,True
cx0.3_mut0.1,0.3,0.1,test_6,5,4,546,43.98803161361644,42.48982029814631,60000,300,8.674439200000052,8.421875,True
cx0.3_mut0.1,0.3,0.1,test_6,5,5,547,37.936971689841045,36.261493243516966,60000,300,10.191723400000228,9.96875,True
cx0.3_mut0.1,0.3,0.1,test_6,5,6,548,33.36773713479476,31.837003932489207,60000,300,10.391103300000395,10.109375,True
cx0.3_mut0.1,0.3,0.1,test_6,5,7,549,39.59381983458224,38.01242128672979,60000,300,9.325918000000456,9.203125,True
cx0.3_mut0.1,0.3,0.1,test_6,5,8,550,35.694991572479196,34.08494300712532,60000,300,9.0237333999994,8.828125,True
cx0.3_mut0.1,0.3,0.1,test_6,5,9,551,38.436281784224406,36.951985682949775,60000,300,8.184232200000224,7.96875,True
cx0.3_mut0.1,0.3,0.1,test_6,5,10,552,40.991071447267146,39.070071693132604,60000,300,9.894138300000122,9.765625,True
cx0.3_mut0.1,0.3,0.1,test_6,5,11,553,43.28113503141158,41.93258726232072,60000,300,10.923986799999511,10.671875,True
cx0.3_mut0.1,0.3,0.1,test_6,5,12,554,30.709713277423603,29.463766094493703,60000,300,8.053912599999421,7.921875,True
cx0.3_mut0.1,0.3,0.1,test_6,5,13,555,42.722703587075664,41.23005349162458,60000,300,9.671633500000098,9.453125,True
cx0.3_mut0.1,0.3,0.1,test_6,5,14,556,38.179933310963314,36.342493735403025,60000,300,10.605191500000728,10.390625,True
cx0.3_mut0.1,0.3,0.1,test_6,5,15,557,28.68217306265746,27.272152165029524,60000,300,9.185826399999314,9.0625,True
cx0.3_mut0.1,0.3,0.1,test_6,5,16,558,32.97959860833748,31.340543575506416,60000,300,8.122817100000248,7.890625,True
cx0.3_mut0.1,0.3,0.1,test_6,5,17,559,44.75061587506664,43.24805599240659,60000,300,9.843703100000312,9.625,True
cx0.3_mut0.1,0.3,0.1,test_6,5,18,560,33.078746886352874,31.646018772145403,60000,300,8.317804299999807,8.171875,True
cx0.3_mut0.1,0.3,0.1,test_6,5,19,561,36.127190953674024,34.55121839071784,60000,300,9.199557699999787,9.015625,True
cx0.3_mut0.1,0.3,0.1,test_7,6,0,642,35.35249876296355,34.00831514295782,60000,300,8.236657800000103,8.125,True
cx0.3_mut0.1,0.3,0.1,test_7,6,1,643,36.30775290000609,34.71552855187521,60000,300,8.037581300000056,7.859375,True
cx0.3_mut0.1,0.3,0.1,test_7,6,2,644,39.61267860105529,37.38946823280392,60000,300,9.433375800000249,9.203125,True
cx0.3_mut0.1,0.3,0.1,test_7,6,3,645,30.173921859171088,28.817631509115966,60000,300,9.435076000000663,9.109375,True
cx0.3_mut0.1,0.3,0.1,test_7,6,4,646,32.15438776429551,30.554554930670946,60000,300,8.105374599999777,7.875,True
cx0.3_mut0.1,0.3,0.1,test_7,6,5,647,40.39098948390479,38.69051590376927,60000,300,8.433256000000256,8.25,True
cx0.3_mut0.1,0.3,0.1,test_7,6,6,648,31.70386904207409,30.221643566835557,60000,300,9.052443200000198,8.875,True
cx0.3_mut0.1,0.3,0.1,test_7,6,7,649,36.442763550316265,34.84375450564493,60000,300,7.8181902999995145,7.640625,True
cx0.3_mut0.1,0.3,0.1,test_7,6,8,650,38.455898261169864,36.51183984082207,60000,300,10.506661700000222,10.25,True
cx0.3_mut0.1,0.3,0.1,test_7,6,9,651,37.1937382686761,35.71175605514579,60000,300,8.434960900000078,8.265625,True
cx0.3_mut0.1,0.3,0.1,test_7,6,10,652,31.271589020894684,29.68501157827174,60000,300,7.32083270000021,7.296875,True
cx0.3_mut0.1,0.3,0.1,test_7,6,11,653,41.90215530656741,40.428823595465694,60000,300,7.3015973000001395,7.203125,True
cx0.3_mut0.1,0.3,0.1,test_7,6,12,654,34.67678282372629,33.099302943863975,60000,300,8.975301200000104,8.796875,True
cx0.3_mut0.1,0.3,0.1,test_7,6,13,655,30.672371404892605,29.21735931721181,60000,300,7.645962999999938,7.5625,True
cx0.3_mut0.1,0.3,0.1,test_7,6,14,656,34.04365733547763,32.37547568545967,60000,300,7.7370270000001256,7.65625,True
cx0.3_mut0.1,0.3,0.1,test_7,6,15,657,39.28667501874333,37.706843366132546,60000,300,8.380709000000024,8.234375,True
cx0.3_mut0.1,0.3,0.1,test_7,6,16,658,30.07155434908605,28.40978667291142,60000,300,8.169132600000012,8.015625,True
cx0.3_mut0.1,0.3,0.1,test_7,6,17,659,30.793024757476385,29.429511970618318,60000,300,8.342734099999689,8.21875,True
cx0.3_mut0.1,0.3,0.1,test_7,6,18,660,34.11119029550583,32.7866004866365,60000,300,8.988665099999707,8.890625,True
cx0.3_mut0.1,0.3,0.1,test_7,6,19,661,39.93417718269885,38.10581752401927,60000,300,10.840950800000428,10.65625,True
cx0.3_mut0.1,0.3,0.1,test_8,7,0,742,37.42494421814585,35.920776889007115,60000,300,7.448393699999542,7.40625,True
cx0.3_mut0.1,0.3,0.1,test_8,7,1,743,32.73215886371299,31.15927592330113,60000,300,8.071965000000091,7.984375,True
cx0.3_mut0.1,0.3,0.1,test_8,7,2,744,34.27782651497263,32.670976894618185,60000,300,8.608889300000556,8.5,True
cx0.3_mut0.1,0.3,0.1,test_8,7,3,745,30.880273553057265,29.238293046752464,60000,300,9.114841599999636,9.0,True
cx0.3_mut0.1,0.3,0.1,test_8,7,4,746,33.991044845221815,32.46657635833751,60000,300,8.301376500000515,8.1875,True
cx0.3_mut0.1,0.3,0.1,test_8,7,5,747,44.27834759620653,42.555155283469865,60000,300,8.240817099999731,8.125,True
cx0.3_mut0.1,0.3,0.1,test_8,7,6,748,41.69087606763472,39.64139528031204,60000,300,11.684937900000477,11.578125,True
cx0.3_mut0.1,0.3,0.1,test_8,7,7,749,34.48866880262482,33.055584057134624,60000,300,7.83385460000045,7.71875,True
cx0.3_mut0.1,0.3,0.1,test_8,7,8,750,33.95259259320554,32.439611041506296,60000,300,8.555089800000133,8.453125,True
cx0.3_mut0.1,0.3,0.1,test_8,7,9,751,28.361225899379406,26.693539019026776,60000,300,9.11069150000003,8.984375,True
cx0.3_mut0.1,0.3,0.1,test_8,7,10,752,37.69726604252711,35.901461813991524,60000,300,10.065575100000387,9.859375,True
cx0.3_mut0.1,0.3,0.1,test_8,7,11,753,35.37014421277822,33.71418494125403,60000,300,10.618749500000376,10.484375,True
cx0.3_mut0.1,0.3,0.1,test_8,7,12,754,34.76706650506869,33.334967846399124,60000,300,7.951589700000113,7.859375,True
cx0.3_mut0.1,0.3,0.1,test_8,7,13,755,33.7812379032377,32.41629134451475,60000,300,7.728894800000489,7.671875,True
cx0.3_mut0.1,0.3,0.1,test_8,7,14,756,41.27567893872965,39.18485261051085,60000,300,8.15720280000005,8.046875,True
cx0.3_mut0.1,0.3,0.1,test_8,7,15,757,45.90968228619389,44.08163438697845,60000,300,9.615848800000094,9.5,True
cx0.3_mut0.1,0.3,0.1,test_8,7,16,758,37.2988008541138,35.7493220492748,60000,300,9.727798300000359,9.5625,True
cx0.3_mut0.1,0.3,0.1,test_8,7,17,759,36.26786323496673,34.71017491010769,60000,300,8.880349099999876,8.796875,True
cx0.3_mut0.1,0.3,0.1,test_8,7,18,760,36.47025725658661,34.66342911375935,60000,300,8.655440800000179,8.53125,True
cx0.3_mut0.1,0.3,0.1,test_8,7,19,761,34.38613240115527,32.806018058521225,60000,300,9.441341799999464,9.328125,True
cx0.3_mut0.1,0.3,0.1,test_9,8,0,842,36.69062907382008,35.03951662693694,60000,300,10.598793099999966,10.453125,True
cx0.3_mut0.1,0.3,0.1,test_9,8,1,843,39.112881563135986,37.732845576193824,60000,300,7.33393629999955,7.265625,True
cx0.3_mut0.1,0.3,0.1,test_9,8,2,844,37.48691954204781,36.05790768814197,60000,300,8.172142500000518,8.125,True
cx0.3_mut0.1,0.3,0.1,test_9,8,3,845,35.75593389102877,34.49407690832261,60000,300,8.046697800000402,7.953125,True
cx0.3_mut0.1,0.3,0.1,test_9,8,4,846,42.69275990176216,41.20432819438998,60000,300,7.643754899999294,7.5625,True
cx0.3_mut0.1,0.3,0.1,test_9,8,5,847,39.674178706950094,38.151676367714,60000,300,7.86193269999967,7.78125,True
cx0.3_mut0.1,0.3,0.1,test_9,8,6,848,40.66314264613162,39.292598591119045,60000,300,7.504161900000327,7.40625,True
cx0.3_mut0.1,0.3,0.1,test_9,8,7,849,40.44733421941707,39.348229305891714,60000,300,8.400073499999962,8.375,True
cx0.3_mut0.1,0.3,0.1,test_9,8,8,850,34.59535543793554,33.36649340502708,60000,300,7.600319599999239,7.578125,True
cx0.3_mut0.1,0.3,0.1,test_9,8,9,851,38.051127018984175,36.46349345934398,60000,300,8.435709700000189,8.328125,True
cx0.3_mut0.1,0.3,0.1,test_9,8,10,852,36.263784247696975,34.71001070804969,60000,300,7.649334499999895,7.578125,True
cx0.3_mut0.1,0.3,0.1,test_9,8,11,853,35.35120413826483,33.947136181621346,60000,300,8.243459600000278,8.234375,True
cx0.3_mut0.1,0.3,0.1,test_9,8,12,854,48.111160056051595,46.353450401069374,60000,300,7.541685600000164,7.421875,True
cx0.3_mut0.1,0.3,0.1,test_9,8,13,855,36.56539764576103,34.87847166760422,60000,300,9.179080399999293,9.015625,True
cx0.3_mut0.1,0.3,0.1,test_9,8,14,856,39.91480082350471,38.251464141130015,60000,300,9.670038100000056,9.515625,True
cx0.3_mut0.1,0.3,0.1,test_9,8,15,857,37.82546100301179,36.103398406599005,60000,300,9.443982699999651,9.34375,True
cx0.3_mut0.1,0.3,0.1,test_9,8,16,858,37.73110663956007,36.32659203598111,60000,300,8.223503199999868,8.125,True
cx0.3_mut0.1,0.3,0.1,test_9,8,17,859,36.220319796036975,34.950151821784125,60000,300,8.23790949999966,8.140625,True
cx0.3_mut0.1,0.3,0.1,test_9,8,18,860,33.964852384024226,32.689358374228085,60000,300,8.102855099999942,8.03125,True
cx0.3_mut0.1,0.3,0.1,test_9,8,19,861,43.131442054532606,41.70091734101751,60000,300,7.535797100000309,7.515625,True
cx0.3_mut0.1,0.3,0.1,test_10,9,0,942,35.56642875740021,33.99098695360112,60000,300,7.486212900000282,7.421875,True
cx0.3_mut0.1,0.3,0.1,test_10,9,1,943,38.03515644992315,36.582077134723825,60000,300,8.571554699999979,8.53125,True
cx0.3_mut0.1,0.3,0.1,test_10,9,2,944,37.664311650648564,36.05407589393224,60000,300,8.445966599999338,8.34375,True
cx0.3_mut0.1,0.3,0.1,test_10,9,3,945,36.49365644853471,35.14218187557515,60000,300,8.194383100000778,8.109375,True
cx0.3_mut0.1,0.3,0.1,test_10,9,4,946,36.63645625772366,34.95323517943518,60000,300,8.401538999999502,8.34375,True
cx0.3_mut0.1,0.3,0.1,test_10,9,5,947,39.816495476610434,38.254993976303176,60000,300,9.705134599999838,9.625,True
cx0.3_mut0.1,0.3,0.1,test_10,9,6,948,35.44000029742198,33.814829205002304,60000,300,7.402124100000037,7.359375,True
cx0.3_mut0.1,0.3,0.1,test_10,9,7,949,32.151812756196676,31.00520012091059,60000,300,7.658073999999942,7.515625,True
cx0.3_mut0.1,0.3,0.1,test_10,9,8,950,35.72533019184196,34.006434307957356,60000,300,8.947419899999659,8.828125,True
cx0.3_mut0.1,0.3,0.1,test_10,9,9,951,38.54348141826155,37.00341808912793,60000,300,8.101882999999361,7.984375,True
cx0.3_mut0.1,0.3,0.1,test_10,9,10,952,37.541685619501614,36.07682076143474,60000,300,8.324025799999617,8.25,True
cx0.3_mut0.1,0.3,0.1,test_10,9,11,953,31.431299976810607,29.970929478082105,60000,300,9.89033339999969,9.71875,True
cx0.3_mut0.1,0.3,0.1,test_10,9,12,954,42.23072047374908,40.686405922650984,60000,300,7.81243429999995,7.75,True
cx0.3_mut0.1,0.3,0.1,test_10,9,13,955,34.5585358336147,33.09420162568724,60000,300,9.999394299999949,9.84375,True
cx0.3_mut0.1,0.3,0.1,test_10,9,14,956,38.240980870883334,36.86730936921848,60000,300,8.202714199999718,8.140625,True
cx0.3_mut0.1,0.3,0.1,test_10,9,15,957,39.51922442555697,38.303652528792206,60000,300,9.97224340000048,9.921875,True
cx0.3_mut0.1,0.3,0.1,test_10,9,16,958,28.932535375784187,27.744900737547514,60000,300,8.185722799999894,8.140625,True
cx0.3_mut0.1,0.3,0.1,test_10,9,17,959,42.051453604937336,40.49385715733064,60000,300,8.999027299999398,8.828125,True
cx0.3_mut0.1,0.3,0.1,test_10,9,18,960,36.39189049789903,34.84082093434802,60000,300,8.889364000000569,8.78125,True
cx0.3_mut0.1,0.3,0.1,test_10,9,19,961,33.420386363100874,31.989617180846924,60000,300,8.266415699999925,8.15625,True
cx0.5_mut0.0001,0.5,0.0001,test_1,0,0,42,66.73819642056007,65.13764730782346,60000,300,10.16069490000018,9.859375,True
cx0.5_mut0.0001,0.5,0.0001,test_1,0,1,43,65.71388493151674,63.77682171625756,60000,300,10.528585000000021,10.40625,True
cx0.5_mut0.0001,0.5,0.0001,test_1,0,2,44,68.42935837871408,66.75219731979537,60000,300,9.37781219999988,9.265625,True
cx0.5_mut0.0001,0.5,0.0001,test_1,0,3,45,55.661083447813404,54.00379047810863,60000,300,8.95415980000007,8.765625,True
cx0.5_mut0.0001,0.5,0.0001,test_1,0,4,46,70.50109120931742,68.46265511884428,60000,300,9.389767200000279,9.3125,True
cx0.5_mut0.0001,0.5,0.0001,test_1,0,5,47,64.76436643524384,62.721770639742594,60000,300,8.944692100000339,8.84375,True
cx0.5_mut0.0001,0.5,0.0001,test_1,0,6,48,67.71236516823512,65.7021570450674,60000,300,9.851455799999712,9.78125,True
cx0.5_mut0.0001,0.5,0.0001,test_1,0,7,49,67.55374777126882,65.77439046509063,60000,300,10.015899300000001,9.796875,True
cx0.5_mut0.0001,0.5,0.0001,test_1,0,8,50,70.23245812850351,68.58540464016319,60000,300,8.220153100000061,8.09375,True
cx0.5_mut0.0001,0.5,0.0001,test_1,0,9,51,52.18826100425326,50.71711925459566,60000,300,9.69735780000019,9.53125,True
cx0.5_mut0.0001,0.5,0.0001,test_1,0,10,52,64.22242932772734,62.22655855479587,60000,300,9.867264799999703,9.65625,True
cx0.5_mut0.0001,0.5,0.0001,test_1,0,11,53,82.80382372767042,80.11524967329775,60000,300,8.603687199999513,8.546875,True
cx0.5_mut0.0001,0.5,0.0001,test_1,0,12,54,63.14969169097741,61.17115006867931,60000,300,9.209073299999545,9.125,True
cx0.5_mut0.0001,0.5,0.0001,test_1,0,13,55,70.72308948556562,68.78938832941074,60000,300,8.10456400000021,7.984375,True
cx0.5_mut0.0001,0.5,0.0001,test_1,0,14,56,67.5545028733472,65.66442940007116,60000,300,9.470170999999937,9.40625,True
cx0.5_mut0.0001,0.5,0.0001,test_1,0,15,57,52.862548313794576,50.91202487239209,60000,300,8.319966500000191,8.234375,True
cx0.5_mut0.0001,0.5,0.0001,test_1,0,16,58,56.999387199676285,55.5382607484345,60000,300,7.761759800000618,7.65625,True
cx0.5_mut0.0001,0.5,0.0001,test_1,0,17,59,67.48318114245527,65.22686779129464,60000,300,7.979892199999995,7.890625,True
cx0.5_mut0.0001,0.5,0.0001,test_1,0,18,60,67.88581308151709,65.8003846882186,60000,300,8.21407900000031,8.15625,True
cx0.5_mut0.0001,0.5,0.0001,test_1,0,19,61,67.76268320993695,65.67297079947636,60000,300,7.967562999999245,7.953125,True
cx0.5_mut0.0001,0.5,0.0001,test_2,1,0,142,72.4595609997924,70.46455715017187,60000,300,7.888709599999856,7.84375,True
cx0.5_mut0.0001,0.5,0.0001,test_2,1,1,143,53.7160311092071,51.77886576001758,60000,300,8.40621480000027,8.296875,True
cx0.5_mut0.0001,0.5,0.0001,test_2,1,2,144,71.21246968142529,69.34816226579665,60000,300,10.347216999999546,10.28125,True
cx0.5_mut0.0001,0.5,0.0001,test_2,1,3,145,64.81565630327594,63.09928847747699,60000,300,7.646912000000157,7.640625,True
cx0.5_mut0.0001,0.5,0.0001,test_2,1,4,146,71.3046070047282,69.27349687824379,60000,300,8.216797099999894,8.109375,True
cx0.5_mut0.0001,0.5,0.0001,test_2,1,5,147,51.97593310302312,50.29238082801096,60000,300,8.49894039999981,8.46875,True
cx0.5_mut0.0001,0.5,0.0001,test_2,1,6,148,64.52905424576616,62.375314493192256,60000,300,7.666931900000236,7.578125,True
cx0.5_mut0.0001,0.5,0.0001,test_2,1,7,149,50.89281563001272,48.87177437160669,60000,300,7.816838599999755,7.765625,True
cx0.5_mut0.0001,0.5,0.0001,test_2,1,8,150,54.95271213346911,52.823232448840216,60000,300,7.764601099999709,7.703125,True
cx0.5_mut0.0001,0.5,0.0001,test_2,1,9,151,62.003588042726854,60.0025577069435,60000,300,8.329249599999457,8.1875,True
cx0.5_mut0.0001,0.5,0.0001,test_2,1,10,152,59.413921791117126,57.45424286180562,60000,300,10.322558899999422,10.1875,True
cx0.5_mut0.0001,0.5,0.0001,test_2,1,11,153,59.567305226654035,57.73693511578967,60000,300,10.520420400000148,10.34375,True
cx0.5_mut0.0001,0.5,0.0001,test_2,1,12,154,65.57340871550271,63.68633644932873,60000,300,7.966810300000361,7.875,True
cx0.5_mut0.0001,0.5,0.0001,test_2,1,13,155,56.64819049593872,54.64415108433245,60000,300,7.682951900000262,7.59375,True
cx0.5_mut0.0001,0.5,0.0001,test_2,1,14,156,62.709720136594854,61.06619784605425,60000,300,8.339353899999878,8.21875,True
cx0.5_mut0.0001,0.5,0.0001,test_2,1,15,157,61.043873927994966,59.26208695471404,60000,300,8.822653799999898,8.75,True
cx0.5_mut0.0001,0.5,0.0001,test_2,1,16,158,56.651717142528376,54.69670101241192,60000,300,8.546695099999852,8.4375,True
cx0.5_mut0.0001,0.5,0.0001,test_2,1,17,159,58.89154867626752,56.905755266782,60000,300,8.170972200000506,8.078125,True
cx0.5_mut0.0001,0.5,0.0001,test_2,1,18,160,65.52646996051023,63.38297448966837,60000,300,10.527772300000834,10.453125,True
cx0.5_mut0.0001,0.5,0.0001,test_2,1,19,161,71.76211402644041,69.77040204405712,60000,300,8.897943900000428,8.796875,True
cx0.5_mut0.0001,0.5,0.0001,test_3,2,0,242,68.64783459941154,66.07837699062873,60000,300,8.58560849999958,8.53125,True
cx0.5_mut0.0001,0.5,0.0001,test_3,2,1,243,61.44765809714533,59.66622347941477,60000,300,8.44825630000014,8.34375,True
cx0.5_mut0.0001,0.5,0.0001,test_3,2,2,244,77.30427356614064,75.23375257344789,60000,300,8.397548100000677,8.28125,True
cx0.5_mut0.0001,0.5,0.0001,test_3,2,3,245,82.16200289820983,80.11503254601676,60000,300,8.559062899999844,8.453125,True
cx0.5_mut0.0001,0.5,0.0001,test_3,2,4,246,64.67233191213401,62.316110135469245,60000,300,8.67504579999968,8.5,True
cx0.5_mut0.0001,0.5,0.0001,test_3,2,5,247,77.27513422855316,74.9560865688599,60000,300,11.021524900000259,10.8125,True
cx0.5_mut0.0001,0.5,0.0001,test_3,2,6,248,63.63502005889328,61.5674148523827,60000,300,8.191812600000048,8.109375,True
cx0.5_mut0.0001,0.5,0.0001,test_3,2,7,249,64.21985301058821,62.46867418808728,60000,300,8.253835999999865,8.171875,True
cx0.5_mut0.0001,0.5,0.0001,test_3,2,8,250,67.86484992856798,65.05174605635521,60000,300,7.868820199999391,7.8125,True
cx0.5_mut0.0001,0.5,0.0001,test_3,2,9,251,54.37638525926451,52.00357063423756,60000,300,10.55122829999982,10.40625,True
cx0.5_mut0.0001,0.5,0.0001,test_3,2,10,252,64.28367113055901,61.56676744356114,60000,300,8.558085700000447,8.421875,True
cx0.5_mut0.0001,0.5,0.0001,test_3,2,11,253,71.50345161794179,69.38658767113546,60000,300,8.306763399999909,8.21875,True
cx0.5_mut0.0001,0.5,0.0001,test_3,2,12,254,57.648221534414596,55.99310276156528,60000,300,8.288596899999902,8.1875,True
cx0.5_mut0.0001,0.5,0.0001,test_3,2,13,255,55.05869062454754,53.18808838630333,60000,300,10.50179449999996,10.234375,True
cx0.5_mut0.0001,0.5,0.0001,test_3,2,14,256,52.863988643423646,51.12857725172726,60000,300,7.920023399999991,7.84375,True
cx0.5_mut0.0001,0.5,0.0001,test_3,2,15,257,65.02034738058903,62.92088904379371,60000,300,7.838778899999852,7.828125,True
cx0.5_mut0.0001,0.5,0.0001,test_3,2,16,258,53.06319322848584,50.83025006724762,60000,300,8.237279099999796,8.15625,True
cx0.5_mut0.0001,0.5,0.0001,test_3,2,17,259,72.3662208474368,70.24749176881353,60000,300,8.507151099999646,8.359375,True
cx0.5_mut0.0001,0.5,0.0001,test_3,2,18,260,63.482328711624085,61.230246126068636,60000,300,8.24777610000001,8.125,True
cx0.5_mut0.0001,0.5,0.0001,test_3,2,19,261,47.98104060743759,46.07468413267863,60000,300,8.033378500000254,8.03125,True
cx0.5_mut0.0001,0.5,0.0001,test_4,3,0,342,58.70256566953073,56.89311165865391,60000,300,11.011989900000117,10.875,True
cx0.5_mut0.0001,0.5,0.0001,test_4,3,1,343,57.346986014718745,55.41782551623346,60000,300,8.070776500000648,8.015625,True
cx0.5_mut0.0001,0.5,0.0001,test_4,3,2,344,56.743829030026454,55.34773011422464,60000,300,8.530669100000523,8.453125,True
cx0.5_mut0.0001,0.5,0.0001,test_4,3,3,345,53.360770320626784,51.34684777290569,60000,300,8.285527500000171,8.15625,True
cx0.5_mut0.0001,0.5,0.0001,test_4,3,4,346,50.70664333427669,48.673934600603594,60000,300,8.486114299999826,8.40625,True
cx0.5_mut0.0001,0.5,0.0001,test_4,3,5,347,78.62485254922206,75.90722777813771,60000,300,7.6871527999992395,7.625,True
cx0.5_mut0.0001,0.5,0.0001,test_4,3,6,348,68.38643046380767,65.97039056325794,60000,300,8.700711800000136,8.59375,True
cx0.5_mut0.0001,0.5,0.0001,test_4,3,7,349,55.258920779761254,53.58376684411992,60000,300,8.066827000000558,7.984375,True
cx0.5_mut0.0001,0.5,0.0001,test_4,3,8,350,72.8745100001335,70.60921065514141,60000,300,8.61783689999993,8.4375,True
cx0.5_mut0.0001,0.5,0.0001,test_4,3,9,351,60.339904712449986,58.3709846922714,60000,300,7.842528600000151,7.71875,True
cx0.5_mut0.0001,0.5,0.0001,test_4,3,10,352,55.514845297628064,53.88969748161387,60000,300,8.086387000000286,8.046875,True
cx0.5_mut0.0001,0.5,0.0001,test_4,3,11,353,61.79355989129711,59.764374801879526,60000,300,8.422305000000051,8.34375,True
cx0.5_mut0.0001,0.5,0.0001,test_4,3,12,354,64.95755298233428,62.78055534193832,60000,300,8.19530339999983,8.09375,True
cx0.5_mut0.0001,0.5,0.0001,test_4,3,13,355,60.652052631518444,58.50247658556427,60000,300,12.159610300000168,12.015625,True
cx0.5_mut0.0001,0.5,0.0001,test_4,3,14,356,70.61994238402997,68.17881804746641,60000,300,8.410152800000105,8.265625,True
cx0.5_mut0.0001,0.5,0.0001,test_4,3,15,357,52.85091988696076,50.45036890984611,60000,300,8.972161400000005,8.890625,True
cx0.5_mut0.0001,0.5,0.0001,test_4,3,16,358,56.03199517961863,54.40355016018761,60000,300,12.618237799999406,12.546875,True
cx0.5_mut0.0001,0.5,0.0001,test_4,3,17,359,46.65835015142885,44.45805258199503,60000,300,8.08839369999987,8.046875,True
cx0.5_mut0.0001,0.5,0.0001,test_4,3,18,360,55.1293792999376,52.94510502258108,60000,300,8.549044599999434,8.46875,True
cx0.5_mut0.0001,0.5,0.0001,test_4,3,19,361,53.99059920253722,52.0673688488126,60000,300,9.818418400000155,9.6875,True
cx0.5_mut0.0001,0.5,0.0001,test_5,4,0,442,62.21768686016274,60.583606562006224,60000,300,8.288579600000048,8.109375,True
cx0.5_mut0.0001,0.5,0.0001,test_5,4,1,443,66.93072601186475,65.13087968060209,60000,300,7.752612799999952,7.703125,True
cx0.5_mut0.0001,0.5,0.0001,test_5,4,2,444,65.95975997545587,63.587611671229425,60000,300,8.134011699999974,8.09375,True
cx0.5_mut0.0001,0.5,0.0001,test_5,4,3,445,65.70456908525378,63.87901406059198,60000,300,11.368421400000443,11.25,True
cx0.5_mut0.0001,0.5,0.0001,test_5,4,4,446,70.88460273749874,68.38100328456449,60000,300,7.997423900000285,7.96875,True
cx0.5_mut0.0001,0.5,0.0001,test_5,4,5,447,66.12562509681942,64.02786548883523,60000,300,8.196097000000009,8.171875,True
cx0.5_mut0.0001,0.5,0.0001,test_5,4,6,448,60.20706398629534,58.32043627326365,60000,300,8.009217999999237,7.96875,True
cx0.5_mut0.0001,0.5,0.0001,test_5,4,7,449,71.00676335341045,69.00845024462274,60000,300,8.22540939999999,8.1875,True
cx0.5_mut0.0001,0.5,0.0001,test_5,4,8,450,68.40137969360228,66.47909351379444,60000,300,8.120655899999292,8.078125,True
cx0.5_mut0.0001,0.5,0.0001,test_5,4,9,451,65.3919519843431,63.37448256390078,60000,300,10.723354600000675,10.609375,True
cx0.5_mut0.0001,0.5,0.0001,test_5,4,10,452,64.34089587804826,62.6406687706504,60000,300,9.344732800000202,9.296875,True
cx0.5_mut0.0001,0.5,0.0001,test_5,4,11,453,84.0607020063009,81.60538087920541,60000,300,9.300853799999459,9.203125,True
cx0.5_mut0.0001,0.5,0.0001,test_5,4,12,454,73.71679208226689,71.59266460552173,60000,300,7.80233649999991,7.6875,True
cx0.5_mut0.0001,0.5,0.0001,test_5,4,13,455,67.74446282369827,65.70870896124893,60000,300,8.621359400000074,8.515625,True
cx0.5_mut0.0001,0.5,0.0001,test_5,4,14,456,63.708518108739845,61.97225701271031,60000,300,9.030021699999452,8.921875,True
cx0.5_mut0.0001,0.5,0.0001,test_5,4,15,457,75.60365977990168,74.40116287891807,60000,300,7.987403299999642,7.96875,True
cx0.5_mut0.0001,0.5,0.0001,test_5,4,16,458,68.59467214534544,67.00630592628393,60000,300,8.27090920000046,8.203125,True
cx0.5_mut0.0001,0.5,0.0001,test_5,4,17,459,61.00338978411376,59.003722095395986,60000,300,7.741815899999892,7.625,True
cx0.5_mut0.0001,0.5,0.0001,test_5,4,18,460,75.82175612352077,73.71519698988945,60000,300,8.60847079999985,8.46875,True
cx0.5_mut0.0001,0.5,0.0001,test_5,4,19,461,77.34500622121821,74.98293078164201,60000,300,9.21328530000028,8.953125,True
cx0.5_mut0.0001,0.5,0.0001,test_6,5,0,542,68.25610402163443,66.35806752080236,60000,300,8.171220399999584,8.03125,True
cx0.5_mut0.0001,0.5,0.0001,test_6,5,1,543,69.76507191750515,67.65690148666063,60000,300,8.622258800000054,8.5,True
cx0.5_mut0.0001,0.5,0.0001,test_6,5,2,544,62.960811080712595,60.76054946781832,60000,300,9.77896409999994,9.6875,True
cx0.5_mut0.0001,0.5,0.0001,test_6,5,3,545,73.2687764412297,71.28330868501351,60000,300,7.749694799999816,7.65625,True
cx0.5_mut0.0001,0.5,0.0001,test_6,5,4,546,68.01749371315682,66.00936069816356,60000,300,8.417148699999416,8.296875,True
cx0.5_mut0.0001,0.5,0.0001,test_6,5,5,547,57.57225908016733,55.52570090864608,60000,300,8.41869779999979,8.203125,True
cx0.5_mut0.0001,0.5,0.0001,test_6,5,6,548,62.692059067876876,60.61698956472424,60000,300,9.175443000000087,8.921875,True
cx0.5_mut0.0001,0.5,0.0001,test_6,5,7,549,56.57279491951005,55.0506370674232,60000,300,8.740333099999589,8.375,True
cx0.5_mut0.0001,0.5,0.0001,test_6,5,8,550,73.73136314619934,71.65537996784404,60000,300,8.201525599999513,8.046875,True
cx0.5_mut0.0001,0.5,0.0001,test_6,5,9,551,61.47889319192148,59.51883893806622,60000,300,8.34649249999984,8.15625,True
cx0.5_mut0.0001,0.5,0.0001,test_6,5,10,552,61.51470321500724,59.84943383823171,60000,300,8.293511000000763,8.140625,True
cx0.5_mut0.0001,0.5,0.0001,test_6,5,11,553,66.50579510377077,64.29901412827941,60000,300,8.079432699999415,7.96875,True
cx0.5_mut0.0001,0.5,0.0001,test_6,5,12,554,68.60954221886959,66.11096786219612,60000,300,8.33627979999983,8.125,True
cx0.5_mut0.0001,0.5,0.0001,test_6,5,13,555,70.55533164453902,69.02005395481204,60000,300,9.145935499999723,8.84375,True
cx0.5_mut0.0001,0.5,0.0001,test_6,5,14,556,63.51720359108678,61.669367617897564,60000,300,8.589911699999902,8.421875,True
cx0.5_mut0.0001,0.5,0.0001,test_6,5,15,557,58.957655121715035,56.83663387891643,60000,300,8.16590990000077,8.015625,True
cx0.5_mut0.0001,0.5,0.0001,test_6,5,16,558,68.28527578946857,65.94708843809613,60000,300,8.002890300000217,7.890625,True
cx0.5_mut0.0001,0.5,0.0001,test_6,5,17,559,75.93996563151526,73.54448105758229,60000,300,11.27493670000058,11.09375,True
cx0.5_mut0.0001,0.5,0.0001,test_6,5,18,560,75.85425840757273,73.77396511272904,60000,300,7.968346899999233,7.71875,True
cx0.5_mut0.0001,0.5,0.0001,test_6,5,19,561,68.99158505222837,66.86648047134399,60000,300,11.071777000000111,10.90625,True
cx0.5_mut0.0001,0.5,0.0001,test_7,6,0,642,60.595733298118226,58.699391391655105,60000,300,11.734188800000084,11.46875,True
cx0.5_mut0.0001,0.5,0.0001,test_7,6,1,643,76.05873358542675,73.90601889475245,60000,300,8.884496599999693,8.703125,True
cx0.5_mut0.0001,0.5,0.0001,test_7,6,2,644,64.7618564297276,62.5331043740315,60000,300,8.232748100000208,7.984375,True
cx0.5_mut0.0001,0.5,0.0001,test_7,6,3,645,54.609868246801916,52.41416866091912,60000,300,8.176844800000254,8.078125,True
cx0.5_mut0.0001,0.5,0.0001,test_7,6,4,646,70.72848870655581,68.49630921324979,60000,300,8.19803199999933,8.03125,True
cx0.5_mut0.0001,0.5,0.0001,test_7,6,5,647,71.99594910051403,69.71679386726294,60000,300,8.820635799999764,8.65625,True
cx0.5_mut0.0001,0.5,0.0001,test_7,6,6,648,60.09855534155739,57.65745904976046,60000,300,8.002789799999846,7.84375,True
cx0.5_mut0.0001,0.5,0.0001,test_7,6,7,649,78.04816519195992,75.31107309408037,60000,300,8.191743400000632,8.09375,True
cx0.5_mut0.0001,0.5,0.0001,test_7,6,8,650,73.97075753155451,71.80815473716966,60000,300,9.026830099999643,8.71875,True
cx0.5_mut0.0001,0.5,0.0001,test_7,6,9,651,57.155669990446064,54.8247468884625,60000,300,8.161581899999874,7.96875,True
cx0.5_mut0.0001,0.5,0.0001,test_7,6,10,652,68.11652244150461,65.4875225558029,60000,300,7.923193699999501,7.875,True
cx0.5_mut0.0001,0.5,0.0001,test_7,6,11,653,71.76354955279876,69.94851883012319,60000,300,8.161607799999729,7.921875,True
cx0.5_mut0.0001,0.5,0.0001,test_7,6,12,654,68.64212503497558,66.6105718036456,60000,300,8.745544399999744,8.53125,True
cx0.5_mut0.0001,0.5,0.0001,test_7,6,13,655,64.33697572812012,62.45068071367506,60000,300,8.132177700000284,8.015625,True
cx0.5_mut0.0001,0.5,0.0001,test_7,6,14,656,56.27856379847571,54.58570367068126,60000,300,9.645984300000237,9.40625,True
cx0.5_mut0.0001,0.5,0.0001,test_7,6,15,657,62.7003242687165,60.63192364116891,60000,300,10.851504899999782,10.578125,True
cx0.5_mut0.0001,0.5,0.0001,test_7,6,16,658,92.57264448877876,90.18872079750746,60000,300,8.80118980000043,8.609375,True
cx0.5_mut0.0001,0.5,0.0001,test_7,6,17,659,73.61278365349987,71.37450141566319,60000,300,11.526570300000458,11.421875,True
cx0.5_mut0.0001,0.5,0.0001,test_7,6,18,660,65.94675333258837,63.80941062362811,60000,300,8.724604199999703,8.6875,True
cx0.5_mut0.0001,0.5,0.0001,test_7,6,19,661,61.7570161722147,59.62097266440281,60000,300,8.53377460000047,8.484375,True
cx0.5_mut0.0001,0.5,0.0001,test_8,7,0,742,68.68496653630875,66.74181674707482,60000,300,8.19227630000023,8.140625,True
cx0.5_mut0.0001,0.5,0.0001,test_8,7,1,743,67.07613031004114,65.07554905186281,60000,300,10.12507529999948,10.0,True
cx0.5_mut0.0001,0.5,0.0001,test_8,7,2,744,55.58312824529953,53.807526871544184,60000,300,8.50677210000049,8.375,True
cx0.5_mut0.0001,0.5,0.0001,test_8,7,3,745,57.19008531305638,55.03947450819016,60000,300,9.461817600000359,9.21875,True
cx0.5_mut0.0001,0.5,0.0001,test_8,7,4,746,53.76663874029239,52.0346072636448,60000,300,8.559132000000318,8.515625,True
cx0.5_mut0.0001,0.5,0.0001,test_8,7,5,747,54.08542195384066,51.96494336246212,60000,300,8.544692499999655,8.453125,True
cx0.5_mut0.0001,0.5,0.0001,test_8,7,6,748,60.266776116935866,58.431759454104245,60000,300,7.70646300000044,7.671875,True
cx0.5_mut0.0001,0.5,0.0001,test_8,7,7,749,59.47522557023749,57.325465083242875,60000,300,9.90618109999923,9.78125,True
cx0.5_mut0.0001,0.5,0.0001,test_8,7,8,750,61.444812819051506,59.55140449070974,60000,300,8.272691300000588,8.171875,True
cx0.5_mut0.0001,0.5,0.0001,test_8,7,9,751,48.707263159014396,46.90568258283239,60000,300,8.07024519999959,8.0,True
cx0.5_mut0.0001,0.5,0.0001,test_8,7,10,752,54.501063756661296,52.62685523479523,60000,300,8.014593099999729,7.875,True
cx0.5_mut0.0001,0.5,0.0001,test_8,7,11,753,54.149093980351886,52.45207007848092,60000,300,9.00811479999993,8.90625,True
cx0.5_mut0.0001,0.5,0.0001,test_8,7,12,754,54.61075277280323,52.619054195574684,60000,300,7.951479399999698,7.8125,True
cx0.5_mut0.0001,0.5,0.0001,test_8,7,13,755,63.106291644562795,61.27883392607612,60000,300,8.417155199999797,8.28125,True
cx0.5_mut0.0001,0.5,0.0001,test_8,7,14,756,68.93839290410017,65.98849691958155,60000,300,10.510192599999755,10.390625,True
cx0.5_mut0.0001,0.5,0.0001,test_8,7,15,757,58.75537940904269,56.377126999742806,60000,300,8.152989899999739,8.046875,True
cx0.5_mut0.0001,0.5,0.0001,test_8,7,16,758,59.38913059460272,57.500107195994666,60000,300,8.569868900000074,8.421875,True
cx0.5_mut0.0001,0.5,0.0001,test_8,7,17,759,54.92607087999841,53.04681823177808,60000,300,10.45167070000025,10.359375,True
cx0.5_mut0.0001,0.5,0.0001,test_8,7,18,760,57.333893856635,55.456687615571575,60000,300,8.936643799999729,8.75,True
cx0.5_mut0.0001,0.5,0.0001,test_8,7,19,761,59.82495526952383,57.78143426074612,60000,300,8.73967949999951,8.6875,True
cx0.5_mut0.0001,0.5,0.0001,test_9,8,0,842,64.66017412397737,62.58533305603547,60000,300,11.359540200000083,11.265625,True
cx0.5_mut0.0001,0.5,0.0001,test_9,8,1,843,61.356954528424005,59.12954767478708,60000,300,8.439095899999302,8.359375,True
cx0.5_mut0.0001,0.5,0.0001,test_9,8,2,844,66.09047938731524,64.28255661263813,60000,300,11.33363509999981,11.296875,True
cx0.5_mut0.0001,0.5,0.0001,test_9,8,3,845,57.505336737543,55.18233573246978,60000,300,9.400054000000637,9.3125,True
cx0.5_mut0.0001,0.5,0.0001,test_9,8,4,846,75.84574124603444,73.6866481244603,60000,300,8.193330699999933,8.078125,True
cx0.5_mut0.0001,0.5,0.0001,test_9,8,5,847,64.16112429687445,61.998563125945424,60000,300,8.091763500000525,8.046875,True
cx0.5_mut0.0001,0.5,0.0001,test_9,8,6,848,56.30410209254539,54.78214710468739,60000,300,8.332775799999581,8.15625,True
cx0.5_mut0.0001,0.5,0.0001,test_9,8,7,849,67.1305726017782,65.25489693003531,60000,300,9.548482899999726,9.453125,True
cx0.5_mut0.0001,0.5,0.0001,test_9,8,8,850,69.09224557612725,67.19602636017096,60000,300,9.851999299999989,9.8125,True
cx0.5_mut0.0001,0.5,0.0001,test_9,8,9,851,58.7638875178393,56.80878532603349,60000,300,8.05485150000004,7.9375,True
cx0.5_mut0.0001,0.5,0.0001,test_9,8,10,852,67.53168592540813,65.68874973615446,60000,300,8.959927100000641,8.859375,True
cx0.5_mut0.0001,0.5,0.0001,test_9,8,11,853,52.77814160294983,51.202864706845666,60000,300,12.31351640000048,12.15625,True
cx0.5_mut0.0001,0.5,0.0001,test_9,8,12,854,59.23099112098716,57.43662392295415,60000,300,8.582218100000318,8.5,True
cx0.5_mut0.0001,0.5,0.0001,test_9,8,13,855,63.51211123977891,61.45927088281943,60000,300,8.27741210000022,8.21875,True
cx0.5_mut0.0001,0.5,0.0001,test_9,8,14,856,69.59638869840877,67.47225160065342,60000,300,9.518039100000351,9.375,True
cx0.5_mut0.0001,0.5,0.0001,test_9,8,15,857,68.28763611574021,66.38106060882822,60000,300,8.085726799999975,8.0,True
cx0.5_mut0.0001,0.5,0.0001,test_9,8,16,858,77.77330708464426,75.2580687468532,60000,300,8.40650899999946,8.328125,True
cx0.5_mut0.0001,0.5,0.0001,test_9,8,17,859,66.71256819849508,64.97591762940013,60000,300,8.547970499999792,8.46875,True
cx0.5_mut0.0001,0.5,0.0001,test_9,8,18,860,60.43698509933784,58.88286838050662,60000,300,8.137179499999547,8.03125,True
cx0.5_mut0.0001,0.5,0.0001,test_9,8,19,861,66.86419339185122,64.14912445776596,60000,300,8.106631200000265,8.015625,True
cx0.5_mut0.0001,0.5,0.0001,test_10,9,0,942,71.2488070216741,69.16363242976644,60000,300,8.216451500000403,8.203125,True
cx0.5_mut0.0001,0.5,0.0001,test_10,9,1,943,58.461341564476676,56.16443467087161,60000,300,8.59673070000008,8.53125,True
cx0.5_mut0.0001,0.5,0.0001,test_10,9,2,944,71.53956827830238,69.4425993918829,60000,300,9.042393200000333,8.734375,True
cx0.5_mut0.0001,0.5,0.0001,test_10,9,3,945,66.32265874848295,63.764195425165724,60000,300,8.478343800000403,8.40625,True
cx0.5_mut0.0001,0.5,0.0001,test_10,9,4,946,60.85415590299757,59.118402962165206,60000,300,8.37991189999957,8.234375,True
cx0.5_mut0.0001,0.5,0.0001,test_10,9,5,947,53.75013182557323,51.76752368141784,60000,300,8.519319600000017,8.375,True
cx0.5_mut0.0001,0.5,0.0001,test_10,9,6,948,75.64702689868253,73.91650072541488,60000,300,10.280208800000764,10.171875,True
cx0.5_mut0.0001,0.5,0.0001,test_10,9,7,949,70.12222750070785,68.09108205369574,60000,300,8.13375459999952,8.0,True
cx0.5_mut0.0001,0.5,0.0001,test_10,9,8,950,75.55507784129061,73.58035004655811,60000,300,8.332293899999968,8.3125,True
cx0.5_mut0.0001,0.5,0.0001,test_10,9,9,951,61.674216444962475,59.844331306549805,60000,300,8.538659399999233,8.46875,True
cx0.5_mut0.0001,0.5,0.0001,test_10,9,10,952,72.61378435764429,70.02161686270303,60000,300,9.778236900000593,9.640625,True
cx0.5_mut0.0001,0.5,0.0001,test_10,9,11,953,63.07236119125266,61.141924606821966,60000,300,7.89490350000051,7.78125,True
cx0.5_mut0.0001,0.5,0.0001,test_10,9,12,954,64.49523418475222,62.20163068667012,60000,300,8.274760300000708,8.21875,True
cx0.5_mut0.0001,0.5,0.0001,test_10,9,13,955,71.18270022480041,69.26577525213179,60000,300,8.283862100000078,8.265625,True
cx0.5_mut0.0001,0.5,0.0001,test_10,9,14,956,54.28923746152554,52.48577240527348,60000,300,8.337960199999543,8.328125,True
cx0.5_mut0.0001,0.5,0.0001,test_10,9,15,957,63.49171745208145,61.61065685620111,60000,300,7.699198399999659,7.609375,True
cx0.5_mut0.0001,0.5,0.0001,test_10,9,16,958,53.371895959108436,51.004460843209,60000,300,9.422572800000125,9.3125,True
cx0.5_mut0.0001,0.5,0.0001,test_10,9,17,959,65.15056857422151,63.36391119002174,60000,300,10.737482999999884,10.609375,True
cx0.5_mut0.0001,0.5,0.0001,test_10,9,18,960,70.20140317356073,67.77042411268185,60000,300,8.73652729999958,8.640625,True
cx0.5_mut0.0001,0.5,0.0001,test_10,9,19,961,58.42810535106971,56.45905024603512,60000,300,7.634239699999853,7.59375,True
cx0.5_mut0.001,0.5,0.001,test_1,0,0,42,44.40758479420286,42.769090343063354,60000,300,8.241408500000034,7.984375,True
cx0.5_mut0.001,0.5,0.001,test_1,0,1,43,56.01786745177007,53.784228767347734,60000,300,8.373544000000038,8.234375,True
cx0.5_mut0.001,0.5,0.001,test_1,0,2,44,58.05584101192108,56.27701237628114,60000,300,11.082334600000195,10.953125,True
cx0.5_mut0.001,0.5,0.001,test_1,0,3,45,59.41395880801633,57.676727824353605,60000,300,11.249409600000035,10.9375,True
cx0.5_mut0.001,0.5,0.001,test_1,0,4,46,50.35569967343096,48.32057046537075,60000,300,8.354765300000054,8.265625,True
cx0.5_mut0.001,0.5,0.001,test_1,0,5,47,58.282190240732554,56.574888551302486,60000,300,9.148485199999868,9.015625,True
cx0.5_mut0.001,0.5,0.001,test_1,0,6,48,63.48280522874542,61.42925336296545,60000,300,9.738448600000083,9.515625,True
cx0.5_mut0.001,0.5,0.001,test_1,0,7,49,66.7169671338001,64.75252227127598,60000,300,12.535887799999728,12.34375,True
cx0.5_mut0.001,0.5,0.001,test_1,0,8,50,57.45457657176305,55.57852420951117,60000,300,11.095719999999801,10.984375,True
cx0.5_mut0.001,0.5,0.001,test_1,0,9,51,54.21141509632909,51.95264655915962,60000,300,9.887789399999747,9.75,True
cx0.5_mut0.001,0.5,0.001,test_1,0,10,52,54.7363659777223,53.04129472848281,60000,300,9.721962900000108,9.578125,True
cx0.5_mut0.001,0.5,0.001,test_1,0,11,53,52.375251245555,50.34064753638423,60000,300,8.90562970000019,8.765625,True
cx0.5_mut0.001,0.5,0.001,test_1,0,12,54,47.62180684000401,46.08869752565209,60000,300,9.472313299999769,9.296875,True
cx0.5_mut0.001,0.5,0.001,test_1,0,13,55,50.9811627479035,49.236433268291364,60000,300,8.434484299999895,8.265625,True
cx0.5_mut0.001,0.5,0.001,test_1,0,14,56,51.82208202410494,50.166776242997265,60000,300,8.304059500000221,8.171875,True
cx0.5_mut0.001,0.5,0.001,test_1,0,15,57,52.86843008850954,50.741885198520194,60000,300,8.104662599999756,8.0625,True
cx0.5_mut0.001,0.5,0.001,test_1,0,16,58,52.74930183944254,51.11470147018312,60000,300,7.957280399999945,7.921875,True
cx0.5_mut0.001,0.5,0.001,test_1,0,17,59,48.90743569855559,47.57119975338836,60000,300,8.489674399999785,8.484375,True
cx0.5_mut0.001,0.5,0.001,test_1,0,18,60,47.8275567568006,45.97836209697605,60000,300,7.696601499999815,7.65625,True
cx0.5_mut0.001,0.5,0.001,test_1,0,19,61,51.574098476599794,49.24179081232121,60000,300,9.358965699999317,9.25,True
cx0.5_mut0.001,0.5,0.001,test_2,1,0,142,51.998271149801134,50.16068475655942,60000,300,8.558012800000142,8.484375,True
cx0.5_mut0.001,0.5,0.001,test_2,1,1,143,49.65639068761948,47.659045802504764,60000,300,10.275218300000233,10.203125,True
cx0.5_mut0.001,0.5,0.001,test_2,1,2,144,48.47225699936227,46.574314561379026,60000,300,10.613210600000457,10.484375,True
cx0.5_mut0.001,0.5,0.001,test_2,1,3,145,49.32304449666672,48.09449312838854,60000,300,8.19957130000057,8.125,True
cx0.5_mut0.001,0.5,0.001,test_2,1,4,146,51.89971664168302,50.47853440857716,60000,300,8.249334699999963,8.21875,True
cx0.5_mut0.001,0.5,0.001,test_2,1,5,147,42.51607768094862,41.06831707049885,60000,300,8.044887899999594,8.015625,True
cx0.5_mut0.001,0.5,0.001,test_2,1,6,148,43.95119845299019,42.28651227296301,60000,300,9.060034500000256,9.015625,True
cx0.5_mut0.001,0.5,0.001,test_2,1,7,149,47.37464045505908,45.4900882995324,60000,300,9.957075799999984,9.859375,True
cx0.5_mut0.001,0.5,0.001,test_2,1,8,150,43.91524929473443,42.3966211225408,60000,300,8.083230399999593,8.015625,True
cx0.5_mut0.001,0.5,0.001,test_2,1,9,151,55.01866907010478,53.13913071125233,60000,300,9.941789999999855,9.75,True
cx0.5_mut0.001,0.5,0.001,test_2,1,10,152,46.708514428407504,44.89430432701335,60000,300,9.038378000000193,8.921875,True
cx0.5_mut0.001,0.5,0.001,test_2,1,11,153,42.11058066908022,40.318508664946236,60000,300,7.723524200000611,7.671875,True
cx0.5_mut0.001,0.5,0.001,test_2,1,12,154,49.7853075074999,48.27031015309135,60000,300,8.483444899999995,8.40625,True
cx0.5_mut0.001,0.5,0.001,test_2,1,13,155,43.634688046471496,41.790524912134096,60000,300,8.212518600000294,8.09375,True
cx0.5_mut0.001,0.5,0.001,test_2,1,14,156,49.36356468149387,47.89761666479039,60000,300,8.447635500000615,8.3125,True
cx0.5_mut0.001,0.5,0.001,test_2,1,15,157,46.432885874803375,44.53614162483104,60000,300,10.064262799999597,9.984375,True
cx0.5_mut0.001,0.5,0.001,test_2,1,16,158,40.48162629849738,38.75465442901502,60000,300,8.089122599999428,8.09375,True
cx0.5_mut0.001,0.5,0.001,test_2,1,17,159,44.391090785721076,42.81969107368865,60000,300,8.708754499999486,8.53125,True
cx0.5_mut0.001,0.5,0.001,test_2,1,18,160,42.383131100844764,40.32470616788156,60000,300,10.27222029999939,10.171875,True
cx0.5_mut0.001,0.5,0.001,test_2,1,19,161,40.394294098581476,38.52761994218312,60000,300,8.416941899999983,8.296875,True
cx0.5_mut0.001,0.5,0.001,test_3,2,0,242,44.58551674751254,42.75875715801709,60000,300,10.780125299999781,10.703125,True
cx0.5_mut0.001,0.5,0.001,test_3,2,1,243,49.64328486047422,47.39399896355581,60000,300,8.04433169999993,7.984375,True
cx0.5_mut0.001,0.5,0.001,test_3,2,2,244,46.23445089692745,44.44127469772169,60000,300,8.519814899999801,8.421875,True
cx0.5_mut0.001,0.5,0.001,test_3,2,3,245,39.618490334202676,38.29109315673035,60000,300,7.9881975000007515,7.90625,True
cx0.5_mut0.001,0.5,0.001,test_3,2,4,246,52.66211327848636,50.85111387519618,60000,300,10.802554099999725,10.625,True
cx0.5_mut0.001,0.5,0.001,test_3,2,5,247,48.467585040773585,46.64755267272436,60000,300,9.864498099999764,9.625,True
cx0.5_mut0.001,0.5,0.001,test_3,2,6,248,53.57405668806196,51.602985893913605,60000,300,9.334556799999518,9.28125,True
cx0.5_mut0.001,0.5,0.001,test_3,2,7,249,56.64986430389293,54.982770749311676,60000,300,9.723131800000374,9.609375,True
cx0.5_mut0.001,0.5,0.001,test_3,2,8,250,50.833874567207786,48.78283152013129,60000,300,9.901437499999702,9.796875,True
cx0.5_mut0.001,0.5,0.001,test_3,2,9,251,44.38197716937142,42.27577119302185,60000,300,9.023932400000376,8.890625,True
cx0.5_mut0.001,0.5,0.001,test_3,2,10,252,44.39343584914276,42.451218622548396,60000,300,11.27088940000067,11.015625,True
cx0.5_mut0.001,0.5,0.001,test_3,2,11,253,50.344282169963904,48.582593611317265,60000,300,8.858647300000484,8.78125,True
cx0.5_mut0.001,0.5,0.001,test_3,2,12,254,46.6169908931328,44.671209038969586,60000,300,8.738778599999932,8.671875,True
cx0.5_mut0.001,0.5,0.001,test_3,2,13,255,38.943966558800376,36.92742333586412,60000,300,9.375373400000171,9.171875,True
cx0.5_mut0.001,0.5,0.001,test_3,2,14,256,45.51567838979948,43.74756207721197,60000,300,8.329094599999735,8.25,True
cx0.5_mut0.001,0.5,0.001,test_3,2,15,257,48.93289159281238,47.070833699499595,60000,300,8.96400850000009,8.875,True
cx0.5_mut0.001,0.5,0.001,test_3,2,16,258,50.71526747219214,49.145169181262716,60000,300,9.25147460000062,9.15625,True
cx0.5_mut0.001,0.5,0.001,test_3,2,17,259,52.970935578397956,51.32150022864561,60000,300,10.264925699999367,10.171875,True
cx0.5_mut0.001,0.5,0.001,test_3,2,18,260,45.7972132848588,43.94590836148641,60000,300,9.694339499999842,9.578125,True
cx0.5_mut0.001,0.5,0.001,test_3,2,19,261,47.584700253498426,45.724343088637795,60000,300,11.253512700000101,11.21875,True
cx0.5_mut0.001,0.5,0.001,test_4,3,0,342,42.46559113576066,40.719519050203154,60000,300,12.04246559999956,11.765625,True
cx0.5_mut0.001,0.5,0.001,test_4,3,1,343,41.61437343459227,39.976267139955574,60000,300,8.373959900000045,8.328125,True
cx0.5_mut0.001,0.5,0.001,test_4,3,2,344,44.00540377613581,42.513584860401735,60000,300,10.76011329999983,10.640625,True
cx0.5_mut0.001,0.5,0.001,test_4,3,3,345,40.10301575766597,38.16019451732899,60000,300,9.560218900000109,9.515625,True
cx0.5_mut0.001,0.5,0.001,test_4,3,4,346,45.977105788194024,43.91642821510594,60000,300,8.379533199999969,8.296875,True
cx0.5_mut0.001,0.5,0.001,test_4,3,5,347,44.94411370681926,43.134676835052666,60000,300,8.201943999999457,8.125,True
cx0.5_mut0.001,0.5,0.001,test_4,3,6,348,36.3967254031366,34.838802119734645,60000,300,8.861872499999663,8.796875,True
cx0.5_mut0.001,0.5,0.001,test_4,3,7,349,42.61272799021637,41.08041055614222,60000,300,11.338641800000005,11.109375,True
cx0.5_mut0.001,0.5,0.001,test_4,3,8,350,36.655486292676905,35.04260363918794,60000,300,9.470944200000304,9.390625,True
cx0.5_mut0.001,0.5,0.001,test_4,3,9,351,44.243245789586716,42.53059843228855,60000,300,7.701501200000166,7.625,True
cx0.5_mut0.001,0.5,0.001,test_4,3,10,352,40.13496756512874,38.160153454371766,60000,300,8.130592700000307,8.078125,True
cx0.5_mut0.001,0.5,0.001,test_4,3,11,353,44.076885329174225,42.367378229157396,60000,300,8.918034100000114,8.875,True
cx0.5_mut0.001,0.5,0.001,test_4,3,12,354,36.61378431083171,35.21416097073754,60000,300,7.944365800000014,7.828125,True
cx0.5_mut0.001,0.5,0.001,test_4,3,13,355,39.16134689011199,37.33293628541684,60000,300,9.09517649999998,9.015625,True
cx0.5_mut0.001,0.5,0.001,test_4,3,14,356,44.844667188087584,43.1760923762211,60000,300,8.104993699999795,7.953125,True
cx0.5_mut0.001,0.5,0.001,test_4,3,15,357,46.633956505879645,44.693778618456136,60000,300,9.359840500000246,9.21875,True
cx0.5_mut0.001,0.5,0.001,test_4,3,16,358,41.796919265695465,40.442256600666454,60000,300,10.570514099999855,10.421875,True
cx0.5_mut0.001,0.5,0.001,test_4,3,17,359,38.49744199931348,36.65942929278607,60000,300,8.311265499999536,8.203125,True
cx0.5_mut0.001,0.5,0.001,test_4,3,18,360,36.18283114225107,34.85056278416317,60000,300,8.128802900000665,8.046875,True
cx0.5_mut0.001,0.5,0.001,test_4,3,19,361,37.652573297400515,36.04755859249103,60000,300,7.573494700000083,7.5,True
cx0.5_mut0.001,0.5,0.001,test_5,4,0,442,45.786147999251966,44.07271098485576,60000,300,7.8791770999996515,7.8125,True
cx0.5_mut0.001,0.5,0.001,test_5,4,1,443,51.23747528932865,49.43903933096467,60000,300,8.206252400000267,8.15625,True
cx0.5_mut0.001,0.5,0.001,test_5,4,2,444,58.614429121981594,56.718601896981085,60000,300,7.929117200000292,7.84375,True
cx0.5_mut0.001,0.5,0.001,test_5,4,3,445,46.63326117311634,44.84035714925949,60000,300,8.770138099999713,8.640625,True
cx0.5_mut0.001,0.5,0.001,test_5,4,4,446,53.36032912868899,51.57105170040495,60000,300,10.565605399999185,10.5,True
cx0.5_mut0.001,0.5,0.001,test_5,4,5,447,54.923051934301654,53.31063018527105,60000,300,9.808584400000655,9.71875,True
cx0.5_mut0.001,0.5,0.001,test_5,4,6,448,51.795765492127444,49.762822140771156,60000,300,7.999163499999668,7.90625,True
cx0.5_mut0.001,0.5,0.001,test_5,4,7,449,50.945334506557316,48.816610258931725,60000,300,9.476685800000269,9.40625,True
cx0.5_mut0.001,0.5,0.001,test_5,4,8,450,49.63153720998601,47.854808966727845,60000,300,8.997488400000293,8.921875,True
cx0.5_mut0.001,0.5,0.001,test_5,4,9,451,54.913912882640034,53.0185371828092,60000,300,10.216559299999972,10.09375,True
cx0.5_mut0.001,0.5,0.001,test_5,4,10,452,56.95817870939184,55.53490870642737,60000,300,9.212345200000527,9.078125,True
cx0.5_mut0.001,0.5,0.001,test_5,4,11,453,42.28273300307072,40.670014419685934,60000,300,9.4849693999995,9.328125,True
cx0.5_mut0.001,0.5,0.001,test_5,4,12,454,59.51085571443951,57.80899392950209,60000,300,7.648332100000516,7.609375,True
cx0.5_mut0.001,0.5,0.001,test_5,4,13,455,48.982561952770666,47.149287391045284,60000,300,8.139341000000059,8.09375,True
cx0.5_mut0.001,0.5,0.001,test_5,4,14,456,43.51606906757372,41.79829307464042,60000,300,8.149252600000182,8.046875,True
cx0.5_mut0.001,0.5,0.001,test_5,4,15,457,59.54854580365317,57.69368623032361,60000,300,10.852780900000653,10.703125,True
cx0.5_mut0.001,0.5,0.001,test_5,4,16,458,45.903183398770665,44.04563410953723,60000,300,8.432726000000002,8.3125,True
cx0.5_mut0.001,0.5,0.001,test_5,4,17,459,44.62397863162564,42.96027115901957,60000,300,8.172008300000016,8.03125,True
cx0.5_mut0.001,0.5,0.001,test_5,4,18,460,44.11324021088164,42.132991495056785,60000,300,9.702055300000211,9.5625,True
cx0.5_mut0.001,0.5,0.001,test_5,4,19,461,54.32145533663924,52.36158303769769,60000,300,12.260000199999922,12.0,True
cx0.5_mut0.001,0.5,0.001,test_6,5,0,542,49.167527077679004,47.03922105747521,60000,300,9.505815399999847,9.265625,True
cx0.5_mut0.001,0.5,0.001,test_6,5,1,543,45.342372109339976,43.52490183458882,60000,300,10.999680300000364,10.859375,True
cx0.5_mut0.001,0.5,0.001,test_6,5,2,544,46.839947607127854,45.10347488453925,60000,300,9.21107309999934,9.0625,True
cx0.5_mut0.001,0.5,0.001,test_6,5,3,545,53.268136432170195,51.33832503202552,60000,300,8.83593699999983,8.625,True
cx0.5_mut0.001,0.5,0.001,test_6,5,4,546,54.01671071964108,52.00576984831633,60000,300,9.468313899999885,9.390625,True
cx0.5_mut0.001,0.5,0.001,test_6,5,5,547,46.5334063199457,45.02008430583678,60000,300,10.069043899999997,9.875,True
cx0.5_mut0.001,0.5,0.001,test_6,5,6,548,54.070444063117435,52.18482794963728,60000,300,12.009046600000147,11.71875,True
cx0.5_mut0.001,0.5,0.001,test_6,5,7,549,42.595148419155265,41.10863025094119,60000,300,7.7344280999996045,7.453125,True
cx0.5_mut0.001,0.5,0.001,test_6,5,8,550,46.60105912098479,44.88091707855056,60000,300,8.606882699999915,8.421875,True
cx0.5_mut0.001,0.5,0.001,test_6,5,9,551,55.49705361310478,53.42227986771321,60000,300,11.085165399999823,10.90625,True
cx0.5_mut0.001,0.5,0.001,test_6,5,10,552,55.61850986106095,53.8321482280432,60000,300,8.386841999999888,8.140625,True
cx0.5_mut0.001,0.5,0.001,test_6,5,11,553,47.431698809880565,45.72049482934056,60000,300,9.457728299999872,9.3125,True
cx0.5_mut0.001,0.5,0.001,test_6,5,12,554,43.82366711900099,41.6981989038502,60000,300,10.46188069999971,10.21875,True
cx0.5_mut0.001,0.5,0.001,test_6,5,13,555,49.456846803800154,47.906540822950234,60000,300,9.972108999999364,9.6875,True
cx0.5_mut0.001,0.5,0.001,test_6,5,14,556,53.2491489001519,51.29932980546108,60000,300,10.440778000000137,10.34375,True
cx0.5_mut0.001,0.5,0.001,test_6,5,15,557,46.39110648250612,44.40593233665133,60000,300,9.341561600000205,9.203125,True
cx0.5_mut0.001,0.5,0.001,test_6,5,16,558,50.223724774429684,48.60901951798205,60000,300,8.945440100000269,8.703125,True
cx0.5_mut0.001,0.5,0.001,test_6,5,17,559,60.857253100658056,59.01663450941011,60000,300,8.273192499999823,8.140625,True
cx0.5_mut0.001,0.5,0.001,test_6,5,18,560,53.902167550107265,52.08929011771998,60000,300,9.556732799999736,9.265625,True
cx0.5_mut0.001,0.5,0.001,test_6,5,19,561,55.079666415550285,52.669147439514724,60000,300,9.711989300000823,9.40625,True
cx0.5_mut0.001,0.5,0.001,test_7,6,0,642,45.259602573553494,43.26838309256922,60000,300,8.688150299999506,8.5,True
cx0.5_mut0.001,0.5,0.001,test_7,6,1,643,47.99602638974461,46.11807576153298,60000,300,9.018163599999752,8.8125,True
cx0.5_mut0.001,0.5,0.001,test_7,6,2,644,45.900982949424396,44.061379078865414,60000,300,10.909049300000333,10.765625,True
cx0.5_mut0.001,0.5,0.001,test_7,6,3,645,46.675641351470084,44.21847754316194,60000,300,9.339303599999766,9.109375,True
cx0.5_mut0.001,0.5,0.001,test_7,6,4,646,58.45754059389247,56.46606201559076,60000,300,8.482962800000678,8.25,True
cx0.5_mut0.001,0.5,0.001,test_7,6,5,647,48.903586298300155,46.97963607676553,60000,300,9.741320099999939,9.5625,True
cx0.5_mut0.001,0.5,0.001,test_7,6,6,648,49.85836888059684,47.648286740983906,60000,300,8.402407900000071,8.140625,True
cx0.5_mut0.001,0.5,0.001,test_7,6,7,649,73.21968342502491,70.35113822273952,60000,300,8.643806600000062,8.4375,True
cx0.5_mut0.001,0.5,0.001,test_7,6,8,650,56.44306687743757,54.9005368660359,60000,300,9.14160400000037,8.796875,True
cx0.5_mut0.001,0.5,0.001,test_7,6,9,651,52.47657597415499,50.17451638861664,60000,300,8.292801700000382,8.171875,True
cx0.5_mut0.001,0.5,0.001,test_7,6,10,652,49.42124383041829,47.29454475852806,60000,300,9.072584599999573,8.984375,True
cx0.5_mut0.001,0.5,0.001,test_7,6,11,653,44.29282910783762,42.67267446639269,60000,300,8.074889200000143,7.96875,True
cx0.5_mut0.001,0.5,0.001,test_7,6,12,654,47.36030201740008,45.27300651690355,60000,300,12.344439600000442,12.0625,True
cx0.5_mut0.001,0.5,0.001,test_7,6,13,655,49.76094422396657,47.755280443896275,60000,300,11.158983500000431,11.015625,True
cx0.5_mut0.001,0.5,0.001,test_7,6,14,656,48.96864140406553,47.00380220579498,60000,300,9.566452099999879,9.34375,True
cx0.5_mut0.001,0.5,0.001,test_7,6,15,657,45.11861089002265,43.018608915199856,60000,300,8.760690299999624,8.578125,True
cx0.5_mut0.001,0.5,0.001,test_7,6,16,658,40.13604338805563,38.039753146106314,60000,300,8.763768099999652,8.59375,True
cx0.5_mut0.001,0.5,0.001,test_7,6,17,659,50.44087341520403,48.15439897803687,60000,300,8.677342999999382,8.625,True
cx0.5_mut0.001,0.5,0.001,test_7,6,18,660,58.55489671515632,56.51416185225079,60000,300,9.028445099999772,8.90625,True
cx0.5_mut0.001,0.5,0.001,test_7,6,19,661,48.374670946940704,46.107589673608864,60000,300,8.166487700000289,8.109375,True
cx0.5_mut0.001,0.5,0.001,test_8,7,0,742,43.54288259228625,41.812821791318285,60000,300,9.678175600000031,9.5625,True
cx0.5_mut0.001,0.5,0.001,test_8,7,1,743,47.7656748381068,45.804057576115525,60000,300,8.767307600000095,8.703125,True
cx0.5_mut0.001,0.5,0.001,test_8,7,2,744,55.197458973577575,53.311827962020764,60000,300,10.689403200000015,10.453125,True
cx0.5_mut0.001,0.5,0.001,test_8,7,3,745,46.296610367525695,44.45349234791711,60000,300,10.537758499999654,10.1875,True
cx0.5_mut0.001,0.5,0.001,test_8,7,4,746,41.887834487116464,40.173984179884684,60000,300,11.524348399999326,11.484375,True
cx0.5_mut0.001,0.5,0.001,test_8,7,5,747,46.36586724945041,43.921010150366826,60000,300,9.679002500000024,9.5625,True
cx0.5_mut0.001,0.5,0.001,test_8,7,6,748,58.48502016454282,56.38555395054354,60000,300,9.80935369999952,9.71875,True
cx0.5_mut0.001,0.5,0.001,test_8,7,7,749,52.40188403151521,51.049530511484974,60000,300,8.456762699999672,8.40625,True
cx0.5_mut0.001,0.5,0.001,test_8,7,8,750,45.83339880907289,43.82481365381407,60000,300,8.137048199999299,8.03125,True
cx0.5_mut0.001,0.5,0.001,test_8,7,9,751,40.73261915714076,38.84035036359588,60000,300,8.362505099999908,8.265625,True
cx0.5_mut0.001,0.5,0.001,test_8,7,10,752,50.40726352528788,48.47203485595151,60000,300,8.452468699999372,8.265625,True
cx0.5_mut0.001,0.5,0.001,test_8,7,11,753,41.84494193628957,40.325426241195956,60000,300,9.614631800000097,9.515625,True
cx0.5_mut0.001,0.5,0.001,test_8,7,12,754,41.14613405167237,39.52763657121381,60000,300,8.484597099999519,8.4375,True
cx0.5_mut0.001,0.5,0.001,test_8,7,13,755,46.3042289931575,43.96797638893849,60000,300,10.491956500000015,10.390625,True
cx0.5_mut0.001,0.5,0.001,test_8,7,14,756,55.4774848855722,53.35450088673195,60000,300,9.421817400000691,9.34375,True
cx0.5_mut0.001,0.5,0.001,test_8,7,15,757,51.83820147970129,50.33238152725161,60000,300,11.176396300000306,10.984375,True
cx0.5_mut0.001,0.5,0.001,test_8,7,16,758,44.978445454759324,43.16341544282936,60000,300,7.942308099999536,7.859375,True
cx0.5_mut0.001,0.5,0.001,test_8,7,17,759,44.651146084493966,42.36803809410472,60000,300,8.385940299999675,8.3125,True
cx0.5_mut0.001,0.5,0.001,test_8,7,18,760,45.391290595061704,43.47584153857141,60000,300,10.53060540000024,10.421875,True
cx0.5_mut0.001,0.5,0.001,test_8,7,19,761,41.40709395859205,39.401656518871256,60000,300,9.39214130000073,9.328125,True
cx0.5_mut0.001,0.5,0.001,test_9,8,0,842,50.30674233401483,48.4197520122183,60000,300,8.651076800000737,8.53125,True
cx0.5_mut0.001,0.5,0.001,test_9,8,1,843,50.26910071750959,48.70628114437751,60000,300,8.433254399999896,8.34375,True
cx0.5_mut0.001,0.5,0.001,test_9,8,2,844,49.59243379368136,48.13367519317491,60000,300,10.568706199999724,10.4375,True
cx0.5_mut0.001,0.5,0.001,test_9,8,3,845,42.84106925783348,41.1463754296631,60000,300,8.16900749999968,8.078125,True
cx0.5_mut0.001,0.5,0.001,test_9,8,4,846,50.24176690202233,48.66158676351581,60000,300,8.44313770000008,8.359375,True
cx0.5_mut0.001,0.5,0.001,test_9,8,5,847,49.86330059416866,47.91323299700947,60000,300,8.039696799999547,8.03125,True
cx0.5_mut0.001,0.5,0.001,test_9,8,6,848,43.42846367333621,41.7364489624517,60000,300,9.05493899999965,8.875,True
cx0.5_mut0.001,0.5,0.001,test_9,8,7,849,42.52290517013192,41.010299291985596,60000,300,8.45198260000052,8.421875,True
cx0.5_mut0.001,0.5,0.001,test_9,8,8,850,50.4242272622705,48.621419372038524,60000,300,8.949223499999789,8.84375,True
cx0.5_mut0.001,0.5,0.001,test_9,8,9,851,47.71583762390147,45.875410591010734,60000,300,9.257535499999904,9.125,True
cx0.5_mut0.001,0.5,0.001,test_9,8,10,852,53.597442636082704,52.05239435384184,60000,300,8.354712299999846,8.265625,True
cx0.5_mut0.001,0.5,0.001,test_9,8,11,853,47.76015014214265,46.13262732238208,60000,300,10.099148699999205,9.953125,True
cx0.5_mut0.001,0.5,0.001,test_9,8,12,854,51.807023147677135,49.460554809497495,60000,300,10.292287200000828,10.203125,True
cx0.5_mut0.001,0.5,0.001,test_9,8,13,855,49.67774012955716,47.98519775699874,60000,300,8.430397199999788,8.390625,True
cx0.5_mut0.001,0.5,0.001,test_9,8,14,856,54.95234558690894,53.37584830324736,60000,300,9.652865099999872,9.453125,True
cx0.5_mut0.001,0.5,0.001,test_9,8,15,857,53.952395123416444,52.004492764536586,60000,300,8.573503999999957,8.515625,True
cx0.5_mut0.001,0.5,0.001,test_9,8,16,858,57.25742375087367,54.43155962829895,60000,300,9.97143270000015,9.84375,True
cx0.5_mut0.001,0.5,0.001,test_9,8,17,859,48.57084124721274,46.73333406323462,60000,300,10.053247400000146,9.90625,True
cx0.5_mut0.001,0.5,0.001,test_9,8,18,860,48.326047918709925,46.85066320601294,60000,300,8.187305299999935,8.125,True
cx0.5_mut0.001,0.5,0.001,test_9,8,19,861,51.89145025019075,49.8044332133581,60000,300,10.417171000000053,10.34375,True
cx0.5_mut0.001,0.5,0.001,test_10,9,0,942,39.954480050433546,38.624106320069586,60000,300,8.130137000000104,8.125,True
cx0.5_mut0.001,0.5,0.001,test_10,9,1,943,56.1811988192149,54.043274314410446,60000,300,10.196670799999993,10.109375,True
cx0.5_mut0.001,0.5,0.001,test_10,9,2,944,45.70575903507569,44.10243517443379,60000,300,10.695857599999727,10.59375,True
cx0.5_mut0.001,0.5,0.001,test_10,9,3,945,48.87102228330038,46.95067407564125,60000,300,8.359053799999856,8.28125,True
cx0.5_mut0.001,0.5,0.001,test_10,9,4,946,48.297609929442736,46.09567953395358,60000,300,10.036247799999728,9.890625,True
cx0.5_mut0.001,0.5,0.001,test_10,9,5,947,39.01835990584482,37.38769292729335,60000,300,10.085413099999641,9.921875,True
cx0.5_mut0.001,0.5,0.001,test_10,9,6,948,55.814230533582425,54.08094183907478,60000,300,8.67908770000031,8.5625,True
cx0.5_mut0.001,0.5,0.001,test_10,9,7,949,49.77046209443344,47.75025368905824,60000,300,8.2602109999998,8.109375,True
cx0.5_mut0.001,0.5,0.001,test_10,9,8,950,48.14121161762462,46.5178600980438,60000,300,9.280590800000027,9.203125,True
cx0.5_mut0.001,0.5,0.001,test_10,9,9,951,41.478836516487696,40.151681979307384,60000,300,10.78855620000013,10.609375,True
cx0.5_mut0.001,0.5,0.001,test_10,9,10,952,54.13602807042341,52.60523938485606,60000,300,8.822699499999544,8.734375,True
cx0.5_mut0.001,0.5,0.001,test_10,9,11,953,51.56689774248111,49.50543079973327,60000,300,10.700485200000003,10.59375,True
cx0.5_mut0.001,0.5,0.001,test_10,9,12,954,45.917724293860914,43.9651377901742,60000,300,10.035383999999794,9.984375,True
cx0.5_mut0.001,0.5,0.001,test_10,9,13,955,45.97616454600516,44.40672711737505,60000,300,11.237468299999819,11.125,True
cx0.5_mut0.001,0.5,0.001,test_10,9,14,956,47.14343652528911,45.481306313287305,60000,300,8.180835699999989,8.15625,True
cx0.5_mut0.001,0.5,0.001,test_10,9,15,957,48.839642786686575,47.261199347708015,60000,300,8.081659500000569,7.984375,True
cx0.5_mut0.001,0.5,0.001,test_10,9,16,958,48.99128412098457,47.188909840117354,60000,300,8.871232200000122,8.8125,True
cx0.5_mut0.001,0.5,0.001,test_10,9,17,959,51.12846640851704,49.08153735445101,60000,300,11.498120700000072,11.296875,True
cx0.5_mut0.001,0.5,0.001,test_10,9,18,960,49.49579274555755,48.09436258097877,60000,300,9.331604900000457,9.171875,True
cx0.5_mut0.001,0.5,0.001,test_10,9,19,961,44.828749691196585,43.051136677604674,60000,300,8.242913699999917,8.125,True
cx0.5_mut0.01,0.5,0.01,test_1,0,0,42,42.1511708106696,40.71895823058355,60000,300,7.799974699999893,7.65625,True
cx0.5_mut0.01,0.5,0.01,test_1,0,1,43,40.14723972571329,38.68154090896342,60000,300,9.583797199999935,9.46875,True
cx0.5_mut0.01,0.5,0.01,test_1,0,2,44,47.76010117469933,46.16153889456972,60000,300,10.975710100000015,10.828125,True
cx0.5_mut0.01,0.5,0.01,test_1,0,3,45,41.89709524736672,40.26853773039894,60000,300,8.7989192,8.625,True
cx0.5_mut0.01,0.5,0.01,test_1,0,4,46,41.998902962444895,40.25471144882903,60000,300,9.868259000000307,9.71875,True
cx0.5_mut0.01,0.5,0.01,test_1,0,5,47,40.39712396225403,39.01113720500247,60000,300,12.861859500000264,12.65625,True
cx0.5_mut0.01,0.5,0.01,test_1,0,6,48,46.37148150004173,44.91154231202193,60000,300,13.715587400000004,13.34375,True
cx0.5_mut0.01,0.5,0.01,test_1,0,7,49,49.26390831364292,47.46399188211534,60000,300,12.955949400000009,12.65625,True
cx0.5_mut0.01,0.5,0.01,test_1,0,8,50,41.798657422108676,40.04059089106649,60000,300,10.449105400000008,10.359375,True
cx0.5_mut0.01,0.5,0.01,test_1,0,9,51,43.3732470755115,42.13745964780952,60000,300,10.888690600000245,10.765625,True
cx0.5_mut0.01,0.5,0.01,test_1,0,10,52,48.51125231875629,46.718895073540885,60000,300,12.506970300000376,12.328125,True
cx0.5_mut0.01,0.5,0.01,test_1,0,11,53,36.09816838414376,34.57705493967269,60000,300,10.652631399999791,10.5625,True
cx0.5_mut0.01,0.5,0.01,test_1,0,12,54,35.244450582445,33.98513801993862,60000,300,8.470990099999653,8.390625,True
cx0.5_mut0.01,0.5,0.01,test_1,0,13,55,49.065228448977244,47.64689712414123,60000,300,11.169892300000356,11.078125,True
cx0.5_mut0.01,0.5,0.01,test_1,0,14,56,47.57119212838266,45.824516919562406,60000,300,10.375187900000128,10.21875,True
cx0.5_mut0.01,0.5,0.01,test_1,0,15,57,42.34323667858453,40.57820285853649,60000,300,7.06357029999981,7.0625,True
cx0.5_mut0.01,0.5,0.01,test_1,0,16,58,37.27324371754371,35.60010323545322,60000,300,9.617035500000384,9.5625,True
cx0.5_mut0.01,0.5,0.01,test_1,0,17,59,42.10370112339844,40.08771433811315,60000,300,7.965422500000386,7.890625,True
cx0.5_mut0.01,0.5,0.01,test_1,0,18,60,42.07667725147843,40.56502008105613,60000,300,9.936449200000425,9.828125,True
cx0.5_mut0.01,0.5,0.01,test_1,0,19,61,44.23400417056438,42.45872158093179,60000,300,8.297689199999695,8.203125,True
cx0.5_mut0.01,0.5,0.01,test_2,1,0,142,36.80517122562758,35.29496654476291,60000,300,9.323668999999427,9.25,True
cx0.5_mut0.01,0.5,0.01,test_2,1,1,143,41.051837569574325,39.60867593662293,60000,300,9.002760000000308,8.875,True
cx0.5_mut0.01,0.5,0.01,test_2,1,2,144,38.17946797983705,36.36327805200805,60000,300,9.82912430000033,9.765625,True
cx0.5_mut0.01,0.5,0.01,test_2,1,3,145,37.21667025534898,35.71538277186124,60000,300,9.157534099999793,9.140625,True
cx0.5_mut0.01,0.5,0.01,test_2,1,4,146,31.67408433404505,30.272183018431544,60000,300,9.3341633,9.25,True
cx0.5_mut0.01,0.5,0.01,test_2,1,5,147,37.03509413803955,35.71223326408396,60000,300,8.22350490000008,8.203125,True
cx0.5_mut0.01,0.5,0.01,test_2,1,6,148,39.98858506837281,38.394865998709406,60000,300,10.469774799999868,10.375,True
cx0.5_mut0.01,0.5,0.01,test_2,1,7,149,39.415326093073574,37.676113338054364,60000,300,9.32644049999999,9.234375,True
cx0.5_mut0.01,0.5,0.01,test_2,1,8,150,38.90549923750198,37.16703887254379,60000,300,7.947290399999474,7.875,True
cx0.5_mut0.01,0.5,0.01,test_2,1,9,151,37.96464829948908,36.41357537839649,60000,300,12.449513700000352,12.21875,True
cx0.5_mut0.01,0.5,0.01,test_2,1,10,152,36.38045764876116,34.81633297471211,60000,300,10.019312600000376,9.84375,True
cx0.5_mut0.01,0.5,0.01,test_2,1,11,153,37.946832879886536,36.38274749851479,60000,300,9.270762900000591,9.203125,True
cx0.5_mut0.01,0.5,0.01,test_2,1,12,154,32.60433177669153,31.18211662170208,60000,300,9.197025200000098,9.0625,True
cx0.5_mut0.01,0.5,0.01,test_2,1,13,155,45.84850668855961,44.20055022238072,60000,300,8.236035899999479,8.21875,True
cx0.5_mut0.01,0.5,0.01,test_2,1,14,156,35.44785857075926,33.798988245589236,60000,300,10.199218899999323,10.09375,True
cx0.5_mut0.01,0.5,0.01,test_2,1,15,157,44.87676309059895,42.99688875255333,60000,300,9.835061200000382,9.78125,True
cx0.5_mut0.01,0.5,0.01,test_2,1,16,158,37.09400546314116,35.59111275269805,60000,300,10.595337499999914,10.453125,True
cx0.5_mut0.01,0.5,0.01,test_2,1,17,159,42.86922528522192,41.46958383829253,60000,300,8.922359999999571,8.703125,True
cx0.5_mut0.01,0.5,0.01,test_2,1,18,160,35.458024547516104,33.91361204541699,60000,300,10.638254000000416,10.5,True
cx0.5_mut0.01,0.5,0.01,test_2,1,19,161,41.53824350152056,40.048739997492945,60000,300,8.603947600000538,8.421875,True
cx0.5_mut0.01,0.5,0.01,test_3,2,0,242,30.36119723766069,28.92518622350482,60000,300,10.633257299999968,10.578125,True
cx0.5_mut0.01,0.5,0.01,test_3,2,1,243,36.45997069166853,34.85916257275101,60000,300,12.704399899999771,12.5625,True
cx0.5_mut0.01,0.5,0.01,test_3,2,2,244,35.82993416911133,34.31871779447782,60000,300,10.939402700000755,10.84375,True
cx0.5_mut0.01,0.5,0.01,test_3,2,3,245,31.339218879705278,29.941145054454797,60000,300,8.319025199999487,8.203125,True
cx0.5_mut0.01,0.5,0.01,test_3,2,4,246,41.08396119540976,39.892547956197845,60000,300,8.123652599999332,7.890625,True
cx0.5_mut0.01,0.5,0.01,test_3,2,5,247,41.463060012585764,39.536871577031064,60000,300,11.766762199999903,11.59375,True
cx0.5_mut0.01,0.5,0.01,test_3,2,6,248,40.404514288879156,38.59800320610616,60000,300,8.93871080000008,8.8125,True
cx0.5_mut0.01,0.5,0.01,test_3,2,7,249,39.23179957416651,37.75300979857304,60000,300,10.07904629999939,10.015625,True
cx0.5_mut0.01,0.5,0.01,test_3,2,8,250,45.5569532463333,43.68898402821593,60000,300,9.339264199999889,9.28125,True
cx0.5_mut0.01,0.5,0.01,test_3,2,9,251,35.99191269812295,34.380428640439916,60000,300,12.177676899999824,11.953125,True
cx0.5_mut0.01,0.5,0.01,test_3,2,10,252,41.78686660141068,40.04216523554979,60000,300,11.46635409999999,11.359375,True
cx0.5_mut0.01,0.5,0.01,test_3,2,11,253,43.99107899132752,42.07937250186305,60000,300,11.781253599999218,11.546875,True
cx0.5_mut0.01,0.5,0.01,test_3,2,12,254,44.73928771399708,43.306425860490805,60000,300,11.516291200000524,11.3125,True
cx0.5_mut0.01,0.5,0.01,test_3,2,13,255,36.9606706347799,35.04098105966704,60000,300,10.987204800000654,10.734375,True
cx0.5_mut0.01,0.5,0.01,test_3,2,14,256,40.79816639802317,38.83374032801638,60000,300,9.712752200000068,9.671875,True
cx0.5_mut0.01,0.5,0.01,test_3,2,15,257,39.64614011243739,38.166924370109854,60000,300,14.066324699999313,13.96875,True
cx0.5_mut0.01,0.5,0.01,test_3,2,16,258,42.373363198608764,40.66781156028853,60000,300,9.147666600000775,9.078125,True
cx0.5_mut0.01,0.5,0.01,test_3,2,17,259,34.4504741650875,32.861088128785845,60000,300,12.785744499999964,12.640625,True
cx0.5_mut0.01,0.5,0.01,test_3,2,18,260,35.24536385315786,33.842466473305876,60000,300,9.561331700000665,9.46875,True
cx0.5_mut0.01,0.5,0.01,test_3,2,19,261,41.28284904497583,39.73106500817658,60000,300,9.139459400000305,9.125,True
cx0.5_mut0.01,0.5,0.01,test_4,3,0,342,34.52545104176691,33.07959410535925,60000,300,9.339534599999752,9.171875,True
cx0.5_mut0.01,0.5,0.01,test_4,3,1,343,34.19725488372716,32.68221859214321,60000,300,10.296314799999891,10.171875,True
cx0.5_mut0.01,0.5,0.01,test_4,3,2,344,35.644474459326396,33.738333577714485,60000,300,10.922048500000528,10.78125,True
cx0.5_mut0.01,0.5,0.01,test_4,3,3,345,32.0534916356901,30.73605846083977,60000,300,10.928517999999713,10.875,True
cx0.5_mut0.01,0.5,0.01,test_4,3,4,346,30.884813330164196,29.58417875947756,60000,300,11.19832839999981,11.15625,True
cx0.5_mut0.01,0.5,0.01,test_4,3,5,347,31.822081867110448,30.282606525084997,60000,300,9.979600199999368,9.90625,True
cx0.5_mut0.01,0.5,0.01,test_4,3,6,348,32.02237224816522,30.424152046487706,60000,300,13.006235300000299,12.765625,True
cx0.5_mut0.01,0.5,0.01,test_4,3,7,349,34.66399550687617,33.28304841763167,60000,300,8.315566300000683,8.078125,True
cx0.5_mut0.01,0.5,0.01,test_4,3,8,350,36.15538594888156,34.539712528031316,60000,300,10.905548700000509,10.796875,True
cx0.5_mut0.01,0.5,0.01,test_4,3,9,351,32.984178413118705,31.507384868396326,60000,300,10.142696199999591,10.0625,True
cx0.5_mut0.01,0.5,0.01,test_4,3,10,352,33.3745249800334,31.784999579611828,60000,300,9.30873149999934,9.234375,True
cx0.5_mut0.01,0.5,0.01,test_4,3,11,353,34.12088404009913,32.53407667766847,60000,300,8.86427459999959,8.796875,True
cx0.5_mut0.01,0.5,0.01,test_4,3,12,354,31.969530472067433,30.365695204199064,60000,300,9.80344789999981,9.734375,True
cx0.5_mut0.01,0.5,0.01,test_4,3,13,355,35.7307855355003,34.10803583648672,60000,300,11.635445899999468,11.578125,True
cx0.5_mut0.01,0.5,0.01,test_4,3,14,356,34.86076308408629,33.20849542429343,60000,300,11.569275899999411,11.4375,True
cx0.5_mut0.01,0.5,0.01,test_4,3,15,357,32.71092171848015,30.98942275599802,60000,300,11.5704882,11.34375,True
cx0.5_mut0.01,0.5,0.01,test_4,3,16,358,30.04759686932127,28.684315980057185,60000,300,9.423841800000446,9.296875,True
cx0.5_mut0.01,0.5,0.01,test_4,3,17,359,40.231758202620185,38.015518991708205,60000,300,9.138412100000096,9.0,True
cx0.5_mut0.01,0.5,0.01,test_4,3,18,360,38.1054330960255,36.46896143435358,60000,300,7.879912899999908,7.890625,True
cx0.5_mut0.01,0.5,0.01,test_4,3,19,361,32.35600273246213,30.878205846481208,60000,300,10.170361299999968,10.015625,True
cx0.5_mut0.01,0.5,0.01,test_5,4,0,442,40.76732278663255,39.09429891146486,60000,300,11.234802900000432,11.078125,True
cx0.5_mut0.01,0.5,0.01,test_5,4,1,443,43.19654894459015,41.95716478826079,60000,300,9.589587100000244,9.421875,True
cx0.5_mut0.01,0.5,0.01,test_5,4,2,444,41.87718094207594,40.30360040455349,60000,300,12.131194500000674,12.046875,True
cx0.5_mut0.01,0.5,0.01,test_5,4,3,445,39.00511543880741,37.27813474190036,60000,300,10.004372299999886,9.90625,True
cx0.5_mut0.01,0.5,0.01,test_5,4,4,446,50.523859607848976,48.87825744741145,60000,300,7.894753800000217,7.875,True
cx0.5_mut0.01,0.5,0.01,test_5,4,5,447,43.51300451741168,41.821114709966764,60000,300,9.636341499999617,9.5625,True
cx0.5_mut0.01,0.5,0.01,test_5,4,6,448,44.558764623727456,42.76169401068116,60000,300,8.63661300000058,8.578125,True
cx0.5_mut0.01,0.5,0.01,test_5,4,7,449,45.07723392340367,43.709668237684824,60000,300,10.860024300000077,10.71875,True
cx0.5_mut0.01,0.5,0.01,test_5,4,8,450,43.26426581635427,41.55630845724761,60000,300,9.196232399999644,9.125,True
cx0.5_mut0.01,0.5,0.01,test_5,4,9,451,40.81053010288569,39.305024661146504,60000,300,8.504974200000106,8.453125,True
cx0.5_mut0.01,0.5,0.01,test_5,4,10,452,35.783494457759666,33.984278461210145,60000,300,9.480321999999433,9.4375,True
cx0.5_mut0.01,0.5,0.01,test_5,4,11,453,50.48955975073948,48.883028518570384,60000,300,9.131127200000265,9.015625,True
cx0.5_mut0.01,0.5,0.01,test_5,4,12,454,39.25342556534047,37.660415506220794,60000,300,8.317479100000128,8.234375,True
cx0.5_mut0.01,0.5,0.01,test_5,4,13,455,40.64886976868085,39.084492763900926,60000,300,9.672906699999658,9.640625,True
cx0.5_mut0.01,0.5,0.01,test_5,4,14,456,42.55505345351618,40.7678572736669,60000,300,7.864833499999804,7.8125,True
cx0.5_mut0.01,0.5,0.01,test_5,4,15,457,52.01583291225833,50.33136967298569,60000,300,8.223295700000563,8.15625,True
cx0.5_mut0.01,0.5,0.01,test_5,4,16,458,37.48406526592742,36.256980354507675,60000,300,7.712070900000072,7.578125,True
cx0.5_mut0.01,0.5,0.01,test_5,4,17,459,45.44113254676965,43.625432283190115,60000,300,8.811198499999591,8.6875,True
cx0.5_mut0.01,0.5,0.01,test_5,4,18,460,41.890732852319466,40.26474876579958,60000,300,7.895227199999681,7.796875,True
cx0.5_mut0.01,0.5,0.01,test_5,4,19,461,39.20958759643974,37.53935422892738,60000,300,9.559756299999208,9.390625,True
cx0.5_mut0.01,0.5,0.01,test_6,5,0,542,37.00809218952902,35.70665952511359,60000,300,12.194066600000042,11.984375,True
cx0.5_mut0.01,0.5,0.01,test_6,5,1,543,42.8368793227009,41.262407794306824,60000,300,8.481040500000745,8.390625,True
cx0.5_mut0.01,0.5,0.01,test_6,5,2,544,43.307485266122285,41.5978767417842,60000,300,12.40929639999922,12.203125,True
cx0.5_mut0.01,0.5,0.01,test_6,5,3,545,47.44949599724913,45.67477859517368,60000,300,10.36100880000049,10.15625,True
cx0.5_mut0.01,0.5,0.01,test_6,5,4,546,46.017962429992615,44.68316122610261,60000,300,11.185518700000102,11.0625,True
cx0.5_mut0.01,0.5,0.01,test_6,5,5,547,38.983308415209045,37.19236157210883,60000,300,9.978280000000268,9.796875,True
cx0.5_mut0.01,0.5,0.01,test_6,5,6,548,43.15720460436127,41.7808259215719,60000,300,10.568315299999995,10.34375,True
cx0.5_mut0.01,0.5,0.01,test_6,5,7,549,42.527093492396546,40.82276989706007,60000,300,9.101544199999807,8.90625,True
cx0.5_mut0.01,0.5,0.01,test_6,5,8,550,40.41317336882416,39.058243433511926,60000,300,8.519214799999645,8.40625,True
cx0.5_mut0.01,0.5,0.01,test_6,5,9,551,44.14655173152339,42.63067298195557,60000,300,10.76868419999937,10.53125,True
cx0.5_mut0.01,0.5,0.01,test_6,5,10,552,41.14568377800904,39.11592962411898,60000,300,11.035328400000253,10.875,True
cx0.5_mut0.01,0.5,0.01,test_6,5,11,553,45.74596442976561,44.1623473136944,60000,300,7.689777399999912,7.546875,True
cx0.5_mut0.01,0.5,0.01,test_6,5,12,554,39.55716945358455,37.560708926498926,60000,300,12.880055399999947,12.734375,True
cx0.5_mut0.01,0.5,0.01,test_6,5,13,555,40.491613791535286,39.00152919669226,60000,300,10.983905199999754,10.625,True
cx0.5_mut0.01,0.5,0.01,test_6,5,14,556,38.80958719505744,37.23258805585218,60000,300,9.563769600000342,9.453125,True
cx0.5_mut0.01,0.5,0.01,test_6,5,15,557,42.87591108510577,41.0945556508912,60000,300,8.684306999999535,8.46875,True
cx0.5_mut0.01,0.5,0.01,test_6,5,16,558,35.45040138394409,33.651116195995925,60000,300,11.677166600000419,11.515625,True
cx0.5_mut0.01,0.5,0.01,test_6,5,17,559,55.8774172370832,54.23584328631267,60000,300,8.543990000000122,8.359375,True
cx0.5_mut0.01,0.5,0.01,test_6,5,18,560,52.41466419861944,50.847927029471386,60000,300,12.418753999999353,12.21875,True
cx0.5_mut0.01,0.5,0.01,test_6,5,19,561,39.07373818601545,37.536918712631454,60000,300,11.095153399999617,10.84375,True
cx0.5_mut0.01,0.5,0.01,test_7,6,0,642,47.03311610004744,45.10574224479325,60000,300,11.177008399999977,10.96875,True
cx0.5_mut0.01,0.5,0.01,test_7,6,1,643,36.625423694094856,34.93750111614146,60000,300,9.24407169999995,9.03125,True
cx0.5_mut0.01,0.5,0.01,test_7,6,2,644,48.7551601332087,46.76488581461044,60000,300,9.455781599999682,9.25,True
cx0.5_mut0.01,0.5,0.01,test_7,6,3,645,34.27002360247625,32.558896080526374,60000,300,8.21610260000034,8.109375,True
cx0.5_mut0.01,0.5,0.01,test_7,6,4,646,37.7689726138993,36.218282288974414,60000,300,8.050727699999698,7.875,True
cx0.5_mut0.01,0.5,0.01,test_7,6,5,647,37.085182085166224,35.66177558942906,60000,300,8.972280899999532,8.84375,True
cx0.5_mut0.01,0.5,0.01,test_7,6,6,648,41.047961168961415,39.34970179806416,60000,300,8.583817700000509,8.421875,True
cx0.5_mut0.01,0.5,0.01,test_7,6,7,649,37.75594780042434,35.77931881912375,60000,300,9.178818999999748,8.984375,True
cx0.5_mut0.01,0.5,0.01,test_7,6,8,650,34.66017949667154,33.052456125838745,60000,300,9.246921699999803,8.9375,True
cx0.5_mut0.01,0.5,0.01,test_7,6,9,651,39.93029287772351,38.46308341482425,60000,300,12.207400399999642,12.046875,True
cx0.5_mut0.01,0.5,0.01,test_7,6,10,652,39.48777538689925,37.702798896126694,60000,300,9.03380240000024,8.875,True
cx0.5_mut0.01,0.5,0.01,test_7,6,11,653,32.31889444347184,30.512800172561402,60000,300,8.081962600000224,7.921875,True
cx0.5_mut0.01,0.5,0.01,test_7,6,12,654,41.78197195364876,40.14828775107204,60000,300,10.55547630000001,10.34375,True
cx0.5_mut0.01,0.5,0.01,test_7,6,13,655,43.15425704925841,41.20333317045676,60000,300,9.140622699999767,9.046875,True
cx0.5_mut0.01,0.5,0.01,test_7,6,14,656,37.0037597307769,35.241502378990404,60000,300,9.977385199999844,9.703125,True
cx0.5_mut0.01,0.5,0.01,test_7,6,15,657,41.07047881601295,39.472875782040255,60000,300,11.209357599999748,11.078125,True
cx0.5_mut0.01,0.5,0.01,test_7,6,16,658,35.34203886536901,33.57697772882604,60000,300,10.778992100000323,10.578125,True
cx0.5_mut0.01,0.5,0.01,test_7,6,17,659,44.863376352185426,43.189919235418955,60000,300,10.577217999999448,10.484375,True
cx0.5_mut0.01,0.5,0.01,test_7,6,18,660,33.6751877748679,31.966610556758596,60000,300,9.141437700000097,9.046875,True
cx0.5_mut0.01,0.5,0.01,test_7,6,19,661,38.741032495650536,37.188401201964055,60000,300,8.661745899999914,8.5625,True
cx0.5_mut0.01,0.5,0.01,test_8,7,0,742,38.53370897580481,36.921002391296504,60000,300,9.718124200000602,9.5625,True
cx0.5_mut0.01,0.5,0.01,test_8,7,1,743,35.79791064450385,33.968028025536135,60000,300,7.979821400000219,7.90625,True
cx0.5_mut0.01,0.5,0.01,test_8,7,2,744,39.68863249520198,37.76183207735984,60000,300,11.299121400000331,11.015625,True
cx0.5_mut0.01,0.5,0.01,test_8,7,3,745,42.095421229531254,40.15382800345945,60000,300,10.492871999999807,10.34375,True
cx0.5_mut0.01,0.5,0.01,test_8,7,4,746,38.43394830488792,36.56470447472368,60000,300,10.45249960000001,10.3125,True
cx0.5_mut0.01,0.5,0.01,test_8,7,5,747,39.90852061832417,37.640579473991984,60000,300,10.596234999999979,10.484375,True
cx0.5_mut0.01,0.5,0.01,test_8,7,6,748,41.89905754564543,40.38361874663717,60000,300,12.003109700000095,11.828125,True
cx0.5_mut0.01,0.5,0.01,test_8,7,7,749,37.58021104809165,35.76996041223358,60000,300,10.143722899999375,10.0625,True
cx0.5_mut0.01,0.5,0.01,test_8,7,8,750,38.31949478256451,36.588746076603826,60000,300,7.950757600000543,7.84375,True
cx0.5_mut0.01,0.5,0.01,test_8,7,9,751,36.15322867679779,34.4054150609662,60000,300,10.81597359999978,10.71875,True
cx0.5_mut0.01,0.5,0.01,test_8,7,10,752,40.99351273355012,39.14282941892268,60000,300,12.98098250000021,12.8125,True
cx0.5_mut0.01,0.5,0.01,test_8,7,11,753,38.809460173365814,37.34947628041159,60000,300,13.448097600000438,13.1875,True
cx0.5_mut0.01,0.5,0.01,test_8,7,12,754,36.47345678504434,34.861915785279066,60000,300,10.877820700000484,10.78125,True
cx0.5_mut0.01,0.5,0.01,test_8,7,13,755,37.145388983731465,35.35609303084043,60000,300,9.820792000000438,9.75,True
cx0.5_mut0.01,0.5,0.01,test_8,7,14,756,40.086912753307686,38.27644418722803,60000,300,11.539625600000363,11.40625,True
cx0.5_mut0.01,0.5,0.01,test_8,7,15,757,37.864867051308416,36.1946184893409,60000,300,8.287927499999569,8.21875,True
cx0.5_mut0.01,0.5,0.01,test_8,7,16,758,41.299825294562254,39.37904990127389,60000,300,9.177120999999715,9.0625,True
cx0.5_mut0.01,0.5,0.01,test_8,7,17,759,39.87763371608917,37.94876854992676,60000,300,11.378744800000277,11.265625,True
cx0.5_mut0.01,0.5,0.01,test_8,7,18,760,37.50720006436761,35.57661984834453,60000,300,9.365941699999894,9.28125,True
cx0.5_mut0.01,0.5,0.01,test_8,7,19,761,39.606644220987235,37.99405328241962,60000,300,12.22823580000022,12.078125,True
cx0.5_mut0.01,0.5,0.01,test_9,8,0,842,37.229209125416126,35.56576854349391,60000,300,10.97478300000057,10.890625,True
cx0.5_mut0.01,0.5,0.01,test_9,8,1,843,45.36144596075997,43.45758980584679,60000,300,9.75544009999976,9.671875,True
cx0.5_mut0.01,0.5,0.01,test_9,8,2,844,35.023445223180104,33.520133557122165,60000,300,9.164685699999609,9.109375,True
cx0.5_mut0.01,0.5,0.01,test_9,8,3,845,45.1617763058377,43.78993593143123,60000,300,10.100000100000216,9.984375,True
cx0.5_mut0.01,0.5,0.01,test_9,8,4,846,41.3219017755552,39.446646713180996,60000,300,8.759410300000127,8.609375,True
cx0.5_mut0.01,0.5,0.01,test_9,8,5,847,47.634598403687626,45.93173110571527,60000,300,8.771809699999721,8.703125,True
cx0.5_mut0.01,0.5,0.01,test_9,8,6,848,41.375757992370744,39.65118645261127,60000,300,9.23462119999931,9.09375,True
cx0.5_mut0.01,0.5,0.01,test_9,8,7,849,50.016156409581036,48.53629131693795,60000,300,10.722799699999996,10.640625,True
cx0.5_mut0.01,0.5,0.01,test_9,8,8,850,45.884273446049924,44.08670182386757,60000,300,8.810155199999826,8.734375,True
cx0.5_mut0.01,0.5,0.01,test_9,8,9,851,39.31179090811023,37.73120866025753,60000,300,9.357185100000606,9.3125,True
cx0.5_mut0.01,0.5,0.01,test_9,8,10,852,44.95251332765759,43.40688664629258,60000,300,8.739061199999924,8.59375,True
cx0.5_mut0.01,0.5,0.01,test_9,8,11,853,40.634690787643336,39.09557475262676,60000,300,9.084328399999322,9.046875,True
cx0.5_mut0.01,0.5,0.01,test_9,8,12,854,44.513908801733244,42.43683190871328,60000,300,8.24111080000057,8.109375,True
cx0.5_mut0.01,0.5,0.01,test_9,8,13,855,40.697011409772024,39.16763899331684,60000,300,8.876757399999406,8.828125,True
cx0.5_mut0.01,0.5,0.01,test_9,8,14,856,40.28256680453782,38.965813319111625,60000,300,9.045049299999846,8.921875,True
cx0.5_mut0.01,0.5,0.01,test_9,8,15,857,45.09209629712579,43.515588716006704,60000,300,10.019504900000356,9.96875,True
cx0.5_mut0.01,0.5,0.01,test_9,8,16,858,47.1397967757886,45.19052354190143,60000,300,13.738663399999496,13.65625,True
cx0.5_mut0.01,0.5,0.01,test_9,8,17,859,41.59944730315786,39.84115705695541,60000,300,8.785604800000328,8.71875,True
cx0.5_mut0.01,0.5,0.01,test_9,8,18,860,37.844294471776365,36.56781782797423,60000,300,8.804967699999906,8.734375,True
cx0.5_mut0.01,0.5,0.01,test_9,8,19,861,41.86407301982826,40.37407186980377,60000,300,8.450835000000552,8.359375,True
cx0.5_mut0.01,0.5,0.01,test_10,9,0,942,47.6233691461605,46.15242912887207,60000,300,10.894121399999676,10.828125,True
cx0.5_mut0.01,0.5,0.01,test_10,9,1,943,43.71645418820011,41.81225973707739,60000,300,9.845695800000613,9.75,True
cx0.5_mut0.01,0.5,0.01,test_10,9,2,944,38.96180899362689,37.34054122997245,60000,300,9.759528200000204,9.59375,True
cx0.5_mut0.01,0.5,0.01,test_10,9,3,945,38.49992550031432,37.27964961724399,60000,300,10.438754300000255,10.328125,True
cx0.5_mut0.01,0.5,0.01,test_10,9,4,946,41.47893319209643,39.891721926040944,60000,300,7.9800193000000945,7.859375,True
cx0.5_mut0.01,0.5,0.01,test_10,9,5,947,32.34311741996793,30.883801936720094,60000,300,9.02913880000051,8.921875,True
cx0.5_mut0.01,0.5,0.01,test_10,9,6,948,36.77767641730236,34.99223248334986,60000,300,8.02821589999985,7.96875,True
cx0.5_mut0.01,0.5,0.01,test_10,9,7,949,31.820858335014393,30.33278178150959,60000,300,9.717688700000508,9.59375,True
cx0.5_mut0.01,0.5,0.01,test_10,9,8,950,42.78391215182573,41.275807078466975,60000,300,9.394196700000066,9.328125,True
cx0.5_mut0.01,0.5,0.01,test_10,9,9,951,39.68350869368568,38.10759627203866,60000,300,10.139318900000035,10.03125,True
cx0.5_mut0.01,0.5,0.01,test_10,9,10,952,36.24177984686757,34.48746249999959,60000,300,12.643919500000266,12.484375,True
cx0.5_mut0.01,0.5,0.01,test_10,9,11,953,33.01439900488881,31.44113142801009,60000,300,10.765170099999523,10.71875,True
cx0.5_mut0.01,0.5,0.01,test_10,9,12,954,37.69382183506014,36.20031807913217,60000,300,9.043047399999523,8.96875,True
cx0.5_mut0.01,0.5,0.01,test_10,9,13,955,44.23083185058573,42.531290295109294,60000,300,11.06115839999984,10.890625,True
cx0.5_mut0.01,0.5,0.01,test_10,9,14,956,45.03707858177538,43.38387988025815,60000,300,10.287374200000158,10.1875,True
cx0.5_mut0.01,0.5,0.01,test_10,9,15,957,41.376484660849385,39.9365934792123,60000,300,9.26796590000049,9.15625,True
cx0.5_mut0.01,0.5,0.01,test_10,9,16,958,40.15527588173851,38.82348414692361,60000,300,8.785240800000793,8.65625,True
cx0.5_mut0.01,0.5,0.01,test_10,9,17,959,37.33744284921737,35.62816515952746,60000,300,10.511206099999981,10.359375,True
cx0.5_mut0.01,0.5,0.01,test_10,9,18,960,44.36139724247245,42.45029796749817,60000,300,11.358680899999854,11.25,True
cx0.5_mut0.01,0.5,0.01,test_10,9,19,961,45.949848363774,44.41573686364261,60000,300,8.880288000000292,8.84375,True
cx0.5_mut0.1,0.5,0.1,test_1,0,0,42,41.136270107138714,39.84166502455937,60000,300,7.73846870000034,7.640625,True
cx0.5_mut0.1,0.5,0.1,test_1,0,1,43,36.0768078282911,34.63590513172713,60000,300,9.056369699999777,8.96875,True
cx0.5_mut0.1,0.5,0.1,test_1,0,2,44,38.83085052698386,36.854032568180415,60000,300,8.236142899999777,8.203125,True
cx0.5_mut0.1,0.5,0.1,test_1,0,3,45,30.424567116059382,29.063174870257477,60000,300,8.97174589999986,8.78125,True
cx0.5_mut0.1,0.5,0.1,test_1,0,4,46,33.32424809973531,32.01394951637268,60000,300,8.164435500000309,8.125,True
cx0.5_mut0.1,0.5,0.1,test_1,0,5,47,44.501776569730026,42.763394900511884,60000,300,8.455583499999648,8.359375,True
cx0.5_mut0.1,0.5,0.1,test_1,0,6,48,41.454025299186476,39.8407816148175,60000,300,9.765037399999983,9.578125,True
cx0.5_mut0.1,0.5,0.1,test_1,0,7,49,40.31202820784739,38.717204796638356,60000,300,9.120332099999814,8.859375,True
cx0.5_mut0.1,0.5,0.1,test_1,0,8,50,44.034196113942755,42.76273235736053,60000,300,9.242266799999925,9.15625,True
cx0.5_mut0.1,0.5,0.1,test_1,0,9,51,44.174959729875845,42.6989717776292,60000,300,8.586372599999777,8.4375,True
cx0.5_mut0.1,0.5,0.1,test_1,0,10,52,47.045235224302914,45.58493576792203,60000,300,8.518899099999999,8.265625,True
cx0.5_mut0.1,0.5,0.1,test_1,0,11,53,35.98650009454611,34.26621480302166,60000,300,8.542821699999877,8.4375,True
cx0.5_mut0.1,0.5,0.1,test_1,0,12,54,37.409138032547176,35.55770779035712,60000,300,7.4985100999997485,7.328125,True
cx0.5_mut0.1,0.5,0.1,test_1,0,13,55,40.29131397431038,38.55033333842655,60000,300,7.840863400000671,7.625,True
cx0.5_mut0.1,0.5,0.1,test_1,0,14,56,43.50894372450488,41.74530167976174,60000,300,8.647016400000211,8.578125,True
cx0.5_mut0.1,0.5,0.1,test_1,0,15,57,41.54477897915054,39.733198168112054,60000,300,6.795203599999695,6.703125,True
cx0.5_mut0.1,0.5,0.1,test_1,0,16,58,38.665835283014964,36.97122241904486,60000,300,7.868648000000576,7.84375,True
cx0.5_mut0.1,0.5,0.1,test_1,0,17,59,43.737103577893066,42.25325225316846,60000,300,8.306455399999322,8.28125,True
cx0.5_mut0.1,0.5,0.1,test_1,0,18,60,37.48004408438898,35.86039722191293,60000,300,8.063604299999497,8.015625,True
cx0.5_mut0.1,0.5,0.1,test_1,0,19,61,54.529920547456726,53.2893267911404,60000,300,6.7964402000006885,6.796875,True
cx0.5_mut0.1,0.5,0.1,test_2,1,0,142,35.55200105239887,34.159251589192046,60000,300,7.5661882999993395,7.546875,True
cx0.5_mut0.1,0.5,0.1,test_2,1,1,143,37.62194023018933,36.082446193589654,60000,300,7.608144800000446,7.53125,True
cx0.5_mut0.1,0.5,0.1,test_2,1,2,144,41.62023589303892,39.88882175128626,60000,300,8.172407300000486,8.09375,True
cx0.5_mut0.1,0.5,0.1,test_2,1,3,145,35.97177865889655,34.23261202829857,60000,300,8.101927400000022,8.0625,True
cx0.5_mut0.1,0.5,0.1,test_2,1,4,146,32.08956480334021,30.57141386885055,60000,300,8.70628410000063,8.625,True
cx0.5_mut0.1,0.5,0.1,test_2,1,5,147,29.049234716907407,27.665650900162266,60000,300,7.725864099999853,7.671875,True
cx0.5_mut0.1,0.5,0.1,test_2,1,6,148,36.01091032999766,34.55365866380324,60000,300,8.715910800000529,8.625,True
cx0.5_mut0.1,0.5,0.1,test_2,1,7,149,33.25324021760167,31.77716679326225,60000,300,7.7767094000000725,7.75,True
cx0.5_mut0.1,0.5,0.1,test_2,1,8,150,31.042367668663218,29.40201562298281,60000,300,8.021310899999662,7.96875,True
cx0.5_mut0.1,0.5,0.1,test_2,1,9,151,32.044039151247084,30.507747441831196,60000,300,8.989976000000752,8.875,True
cx0.5_mut0.1,0.5,0.1,test_2,1,10,152,34.492563333391075,33.040922825144825,60000,300,10.491873200000555,10.359375,True
cx0.5_mut0.1,0.5,0.1,test_2,1,11,153,35.760555455814654,33.98886446433626,60000,300,8.39085150000028,8.265625,True
cx0.5_mut0.1,0.5,0.1,test_2,1,12,154,45.870474698551135,44.37189648290526,60000,300,7.234899099999893,7.078125,True
cx0.5_mut0.1,0.5,0.1,test_2,1,13,155,32.60063588991362,31.167811209533856,60000,300,8.862087000000429,8.765625,True
cx0.5_mut0.1,0.5,0.1,test_2,1,14,156,39.30588712557267,37.71003282410195,60000,300,7.0481523000007655,6.921875,True
cx0.5_mut0.1,0.5,0.1,test_2,1,15,157,38.254427764549646,36.65979550834558,60000,300,9.730284900000697,9.671875,True
cx0.5_mut0.1,0.5,0.1,test_2,1,16,158,31.700541412534232,30.30946309664285,60000,300,8.618190599999252,8.4375,True
cx0.5_mut0.1,0.5,0.1,test_2,1,17,159,34.85426572008535,33.4697644684226,60000,300,8.404091400000652,8.265625,True
cx0.5_mut0.1,0.5,0.1,test_2,1,18,160,35.099350862664096,33.68697012964832,60000,300,9.26866930000051,9.078125,True
cx0.5_mut0.1,0.5,0.1,test_2,1,19,161,31.484135316697326,30.165166056142773,60000,300,8.5076966000006,8.390625,True
cx0.5_mut0.1,0.5,0.1,test_3,2,0,242,44.59661379487189,42.35363428895291,60000,300,9.059008399999584,9.0,True
cx0.5_mut0.1,0.5,0.1,test_3,2,1,243,32.83648513527351,31.524995976953786,60000,300,8.54223649999949,8.421875,True
cx0.5_mut0.1,0.5,0.1,test_3,2,2,244,42.46608106678445,40.59690738676426,60000,300,9.05641419999938,8.90625,True
cx0.5_mut0.1,0.5,0.1,test_3,2,3,245,34.75487541310689,33.02386713985289,60000,300,8.136566899999707,8.046875,True
cx0.5_mut0.1,0.5,0.1,test_3,2,4,246,33.84637562695389,32.12658043519584,60000,300,9.024587199999587,8.875,True
cx0.5_mut0.1,0.5,0.1,test_3,2,5,247,32.19879223360414,30.95034004828255,60000,300,8.992663099999845,8.84375,True
cx0.5_mut0.1,0.5,0.1,test_3,2,6,248,30.998238398576184,29.478169652322208,60000,300,10.120038300000488,9.953125,True
cx0.5_mut0.1,0.5,0.1,test_3,2,7,249,40.9644659295433,39.274729183042474,60000,300,7.744289700000081,7.6875,True
cx0.5_mut0.1,0.5,0.1,test_3,2,8,250,39.38614240733636,37.68307158781456,60000,300,7.288485500000206,7.25,True
cx0.5_mut0.1,0.5,0.1,test_3,2,9,251,34.52836617109021,32.6869639200866,60000,300,8.259336099999928,8.125,True
cx0.5_mut0.1,0.5,0.1,test_3,2,10,252,34.18771398261599,32.66278092103254,60000,300,8.681492800000342,8.546875,True
cx0.5_mut0.1,0.5,0.1,test_3,2,11,253,41.710088957714035,40.00141800287109,60000,300,10.414864499999567,10.25,True
cx0.5_mut0.1,0.5,0.1,test_3,2,12,254,42.36014577031034,40.59344067135761,60000,300,8.85961640000005,8.65625,True
cx0.5_mut0.1,0.5,0.1,test_3,2,13,255,35.511666286781015,33.69047665600357,60000,300,10.623044399999344,10.3125,True
cx0.5_mut0.1,0.5,0.1,test_3,2,14,256,36.49966354656265,34.902694824129625,60000,300,8.238066500000059,8.140625,True
cx0.5_mut0.1,0.5,0.1,test_3,2,15,257,39.13620822994808,37.20210546638196,60000,300,9.5024113999998,9.390625,True
cx0.5_mut0.1,0.5,0.1,test_3,2,16,258,37.10710851218671,35.853503364019545,60000,300,7.958123099999284,7.859375,True
cx0.5_mut0.1,0.5,0.1,test_3,2,17,259,30.91901676600008,29.45450853668575,60000,300,9.068442800000412,8.953125,True
cx0.5_mut0.1,0.5,0.1,test_3,2,18,260,35.96363980024634,33.98752445222812,60000,300,9.3653460000005,9.28125,True
cx0.5_mut0.1,0.5,0.1,test_3,2,19,261,39.821266070817025,38.40207046714529,60000,300,7.623136999999588,7.515625,True
cx0.5_mut0.1,0.5,0.1,test_4,3,0,342,33.03032764971629,31.65365887237627,60000,300,8.286734199999955,8.046875,True
cx0.5_mut0.1,0.5,0.1,test_4,3,1,343,30.101854582917664,28.49766228592946,60000,300,8.166326900000058,8.09375,True
cx0.5_mut0.1,0.5,0.1,test_4,3,2,344,37.150620874931,36.01043856581228,60000,300,8.044540799999595,7.84375,True
cx0.5_mut0.1,0.5,0.1,test_4,3,3,345,24.74533922592108,23.570488939817153,60000,300,8.03343599999971,7.984375,True
cx0.5_mut0.1,0.5,0.1,test_4,3,4,346,25.514087445185844,24.073488144173968,60000,300,7.627896800000599,7.5,True
cx0.5_mut0.1,0.5,0.1,test_4,3,5,347,35.58907154714896,33.751900059468575,60000,300,9.447815599999558,9.328125,True
cx0.5_mut0.1,0.5,0.1,test_4,3,6,348,30.56734032429921,29.102249457443392,60000,300,7.365649800000028,7.28125,True
cx0.5_mut0.1,0.5,0.1,test_4,3,7,349,31.346162051662525,29.92870843449638,60000,300,8.527842700000292,8.3125,True
cx0.5_mut0.1,0.5,0.1,test_4,3,8,350,32.24293323382523,30.98756677650762,60000,300,9.047274399999878,8.9375,True
cx0.5_mut0.1,0.5,0.1,test_4,3,9,351,29.457800219040152,27.797207651196366,60000,300,8.330297900000005,8.234375,True
cx0.5_mut0.1,0.5,0.1,test_4,3,10,352,26.439961292035132,24.960420052360135,60000,300,9.160038999999415,9.0625,True
cx0.5_mut0.1,0.5,0.1,test_4,3,11,353,28.951663358491405,27.595406167265207,60000,300,8.994009600000027,8.953125,True
cx0.5_mut0.1,0.5,0.1,test_4,3,12,354,31.546792843847086,29.917048395892042,60000,300,9.070037700000285,9.0,True
cx0.5_mut0.1,0.5,0.1,test_4,3,13,355,26.69415392678422,25.351720331336303,60000,300,8.884125700000368,8.828125,True
cx0.5_mut0.1,0.5,0.1,test_4,3,14,356,40.56112991013191,39.18685170861805,60000,300,8.053283799999917,8.0,True
cx0.5_mut0.1,0.5,0.1,test_4,3,15,357,29.509653772646022,27.893887532040647,60000,300,9.191818399999647,8.96875,True
cx0.5_mut0.1,0.5,0.1,test_4,3,16,358,34.44528469482451,32.92834336201127,60000,300,8.758047100000113,8.609375,True
cx0.5_mut0.1,0.5,0.1,test_4,3,17,359,29.13258136365875,27.67627282757465,60000,300,7.290098799999214,7.203125,True
cx0.5_mut0.1,0.5,0.1,test_4,3,18,360,29.74106116133494,28.700124040510104,60000,300,7.548147599999538,7.5,True
cx0.5_mut0.1,0.5,0.1,test_4,3,19,361,33.067454334253135,31.5962967572986,60000,300,7.558833500000219,7.484375,True
cx0.5_mut0.1,0.5,0.1,test_5,4,0,442,36.5741512261298,34.7854577399347,60000,300,9.496458399999938,9.359375,True
cx0.5_mut0.1,0.5,0.1,test_5,4,1,443,32.22449394384539,30.81152581809956,60000,300,7.756354099999953,7.65625,True
cx0.5_mut0.1,0.5,0.1,test_5,4,2,444,38.08168306165121,36.543697932226806,60000,300,8.79530590000013,8.640625,True
cx0.5_mut0.1,0.5,0.1,test_5,4,3,445,44.66408403355683,42.67743581314004,60000,300,10.218940199999452,10.078125,True
cx0.5_mut0.1,0.5,0.1,test_5,4,4,446,32.23518651566046,30.999607820415825,60000,300,7.287353099999564,7.25,True
cx0.5_mut0.1,0.5,0.1,test_5,4,5,447,35.12056670896215,33.41538940058136,60000,300,8.781031999999868,8.65625,True
cx0.5_mut0.1,0.5,0.1,test_5,4,6,448,45.05059830816116,43.39974582257872,60000,300,8.353779199999735,8.234375,True
cx0.5_mut0.1,0.5,0.1,test_5,4,7,449,40.27438175576667,38.76493516870838,60000,300,9.41972749999968,9.296875,True
cx0.5_mut0.1,0.5,0.1,test_5,4,8,450,47.25822010835011,45.57758615573531,60000,300,7.850288199999341,7.78125,True
cx0.5_mut0.1,0.5,0.1,test_5,4,9,451,35.71828537661277,34.13024494814137,60000,300,7.565744999999879,7.484375,True
cx0.5_mut0.1,0.5,0.1,test_5,4,10,452,44.27340710154703,42.39608880978821,60000,300,8.448887799999284,8.375,True
cx0.5_mut0.1,0.5,0.1,test_5,4,11,453,41.387498101548395,39.763614254047546,60000,300,10.641570400000091,10.4375,True
cx0.5_mut0.1,0.5,0.1,test_5,4,12,454,39.005395309156036,37.060076105073314,60000,300,9.74866689999999,9.65625,True
cx0.5_mut0.1,0.5,0.1,test_5,4,13,455,38.196067267640096,36.69530585973023,60000,300,7.255967699999928,7.140625,True
cx0.5_mut0.1,0.5,0.1,test_5,4,14,456,37.534896530712814,36.04592462094946,60000,300,7.3827250000003914,7.3125,True
cx0.5_mut0.1,0.5,0.1,test_5,4,15,457,41.405706093996194,39.88422357103499,60000,300,8.402800799999568,8.359375,True
cx0.5_mut0.1,0.5,0.1,test_5,4,16,458,36.776176712771885,35.11796627027147,60000,300,8.63226669999949,8.53125,True
cx0.5_mut0.1,0.5,0.1,test_5,4,17,459,38.33918314130429,36.454315771273194,60000,300,9.867301100000077,9.8125,True
cx0.5_mut0.1,0.5,0.1,test_5,4,18,460,42.64738531452122,40.99915307329232,60000,300,9.124766199999613,8.96875,True
cx0.5_mut0.1,0.5,0.1,test_5,4,19,461,41.727232189302136,40.45584499778654,60000,300,10.834836500000165,10.546875,True
cx0.5_mut0.1,0.5,0.1,test_6,5,0,542,39.586105912150856,38.20598519365406,60000,300,10.483926099999735,10.296875,True
cx0.5_mut0.1,0.5,0.1,test_6,5,1,543,39.33928393938475,37.94558566853746,60000,300,8.496587700000418,8.40625,True
cx0.5_mut0.1,0.5,0.1,test_6,5,2,544,36.81303736156692,35.250194403827614,60000,300,10.21787889999996,10.03125,True
cx0.5_mut0.1,0.5,0.1,test_6,5,3,545,33.11787164417095,31.709250147479118,60000,300,8.942740999999842,8.8125,True
cx0.5_mut0.1,0.5,0.1,test_6,5,4,546,41.08206822778679,39.15186750624232,60000,300,8.606254699999226,8.515625,True
cx0.5_mut0.1,0.5,0.1,test_6,5,5,547,38.02998190925409,36.27631637782379,60000,300,8.559765099999822,8.34375,True
cx0.5_mut0.1,0.5,0.1,test_6,5,6,548,34.66268332035948,33.15574281025417,60000,300,10.584504899999956,10.28125,True
cx0.5_mut0.1,0.5,0.1,test_6,5,7,549,37.14617095947226,35.41888629819056,60000,300,9.234134999999696,9.0,True
cx0.5_mut0.1,0.5,0.1,test_6,5,8,550,34.23686446600209,32.77815101629495,60000,300,9.276312800000596,9.125,True
cx0.5_mut0.1,0.5,0.1,test_6,5,9,551,37.62430488061926,36.2828128448069,60000,300,9.091629599999578,8.90625,True
cx0.5_mut0.1,0.5,0.1,test_6,5,10,552,33.03588668888952,31.605064181562817,60000,300,8.929283000000396,8.75,True
cx0.5_mut0.1,0.5,0.1,test_6,5,11,553,39.417053166518585,38.01029539642104,60000,300,9.376191899999867,9.15625,True
cx0.5_mut0.1,0.5,0.1,test_6,5,12,554,34.15101103154129,32.48305909220172,60000,300,10.685503299999255,10.453125,True
cx0.5_mut0.1,0.5,0.1,test_6,5,13,555,38.61347264112461,37.085301729339974,60000,300,10.151554999999462,9.84375,True
cx0.5_mut0.1,0.5,0.1,test_6,5,14,556,37.717286011466,36.30370065221051,60000,300,9.727716499999588,9.53125,True
cx0.5_mut0.1,0.5,0.1,test_6,5,15,557,38.39916107870204,36.882351054982465,60000,300,9.513802400000714,9.40625,True
cx0.5_mut0.1,0.5,0.1,test_6,5,16,558,29.228706973288606,27.810813714384054,60000,300,8.722287599999618,8.53125,True
cx0.5_mut0.1,0.5,0.1,test_6,5,17,559,44.83689294767796,43.36976062939441,60000,300,7.783535999999913,7.578125,True
cx0.5_mut0.1,0.5,0.1,test_6,5,18,560,44.36976725335837,42.94151660226048,60000,300,9.341599999999744,9.21875,True
cx0.5_mut0.1,0.5,0.1,test_6,5,19,561,39.3448196343409,37.95171901142297,60000,300,7.55986970000049,7.4375,True
cx0.5_mut0.1,0.5,0.1,test_7,6,0,642,38.7155247638391,37.00353954528251,60000,300,8.182407500000409,8.03125,True
cx0.5_mut0.1,0.5,0.1,test_7,6,1,643,36.864266788327406,35.194472657868545,60000,300,8.696528399999806,8.546875,True
cx0.5_mut0.1,0.5,0.1,test_7,6,2,644,29.54344047138319,28.189598874913177,60000,300,8.314664200000152,8.234375,True
cx0.5_mut0.1,0.5,0.1,test_7,6,3,645,30.178602856444975,28.42299068036353,60000,300,9.45014159999937,9.234375,True
cx0.5_mut0.1,0.5,0.1,test_7,6,4,646,28.28011006063711,26.80560079625411,60000,300,9.633924300000217,9.484375,True
cx0.5_mut0.1,0.5,0.1,test_7,6,5,647,37.34640541039424,35.64925484634428,60000,300,7.836883500000113,7.625,True
cx0.5_mut0.1,0.5,0.1,test_7,6,6,648,38.65000998795713,36.99271639721807,60000,300,8.237401499999578,8.015625,True
cx0.5_mut0.1,0.5,0.1,test_7,6,7,649,32.91385711791244,31.21036694318818,60000,300,8.591786500000126,8.390625,True
cx0.5_mut0.1,0.5,0.1,test_7,6,8,650,39.742011151312504,38.15356218085102,60000,300,9.438037200000508,9.203125,True
cx0.5_mut0.1,0.5,0.1,test_7,6,9,651,32.68836061768042,31.391512779321296,60000,300,8.12494340000012,7.96875,True
cx0.5_mut0.1,0.5,0.1,test_7,6,10,652,35.52919287144273,33.72311333546133,60000,300,8.014844100000118,7.90625,True
cx0.5_mut0.1,0.5,0.1,test_7,6,11,653,30.229910019451097,28.830240259934747,60000,300,7.68218380000053,7.546875,True
cx0.5_mut0.1,0.5,0.1,test_7,6,12,654,28.234798334442775,26.869949208793237,60000,300,8.877430800000184,8.703125,True
cx0.5_mut0.1,0.5,0.1,test_7,6,13,655,35.26322186596593,33.66526599048887,60000,300,10.55621599999995,10.4375,True
cx0.5_mut0.1,0.5,0.1,test_7,6,14,656,36.78303848902899,34.933794217955025,60000,300,8.06772220000039,7.9375,True
cx0.5_mut0.1,0.5,0.1,test_7,6,15,657,39.52206917312201,38.043927292898005,60000,300,8.749240399999508,8.546875,True
cx0.5_mut0.1,0.5,0.1,test_7,6,16,658,30.64623305535413,29.062766338998262,60000,300,8.219181399999798,8.140625,True
cx0.5_mut0.1,0.5,0.1,test_7,6,17,659,36.46902404723521,34.857526473813046,60000,300,8.952476800000113,8.875,True
cx0.5_mut0.1,0.5,0.1,test_7,6,18,660,31.262350620264208,29.88205818325298,60000,300,8.880118899999616,8.796875,True
cx0.5_mut0.1,0.5,0.1,test_7,6,19,661,41.173257039723154,39.44455690015283,60000,300,8.186683200000516,8.15625,True
cx0.5_mut0.1,0.5,0.1,test_8,7,0,742,36.66358872000757,34.940043316642765,60000,300,6.964802299999974,6.875,True
cx0.5_mut0.1,0.5,0.1,test_8,7,1,743,38.118688333045036,36.49162214375851,60000,300,9.160676800000147,9.09375,True
cx0.5_mut0.1,0.5,0.1,test_8,7,2,744,34.69575755949573,33.03769701381323,60000,300,8.735494300000028,8.578125,True
cx0.5_mut0.1,0.5,0.1,test_8,7,3,745,37.37055145338801,35.948826745156865,60000,300,7.837346100000104,7.640625,True
cx0.5_mut0.1,0.5,0.1,test_8,7,4,746,37.38673464516105,36.03618166736547,60000,300,10.0245874000002,9.84375,True
cx0.5_mut0.1,0.5,0.1,test_8,7,5,747,36.871276698497304,35.560131873943064,60000,300,7.4544506000002,7.375,True
cx0.5_mut0.1,0.5,0.1,test_8,7,6,748,29.7363134254983,27.953740285023635,60000,300,9.274181800000406,9.1875,True
cx0.5_mut0.1,0.5,0.1,test_8,7,7,749,32.54003239555979,30.912337272185095,60000,300,9.413944799999626,9.296875,True
cx0.5_mut0.1,0.5,0.1,test_8,7,8,750,29.29685591407936,27.574486691225705,60000,300,8.515012299999398,8.390625,True
cx0.5_mut0.1,0.5,0.1,test_8,7,9,751,34.76007771947795,32.95156648798796,60000,300,8.950982499999554,8.828125,True
cx0.5_mut0.1,0.5,0.1,test_8,7,10,752,36.47122192490276,34.70052771118431,60000,300,8.18101409999963,8.09375,True
cx0.5_mut0.1,0.5,0.1,test_8,7,11,753,36.932930645315885,34.851331305538395,60000,300,9.32274580000012,9.171875,True
cx0.5_mut0.1,0.5,0.1,test_8,7,12,754,38.45044661972126,36.99459942161401,60000,300,9.554006100000151,9.4375,True
cx0.5_mut0.1,0.5,0.1,test_8,7,13,755,35.09597638308391,32.95746783945396,60000,300,8.473894699999619,8.375,True
cx0.5_mut0.1,0.5,0.1,test_8,7,14,756,43.69032857343939,41.84811103741348,60000,300,8.501194299999952,8.34375,True
cx0.5_mut0.1,0.5,0.1,test_8,7,15,757,42.122540410750155,40.69733498444317,60000,300,9.304416499999206,9.171875,True
cx0.5_mut0.1,0.5,0.1,test_8,7,16,758,34.34282278277175,32.6983590402655,60000,300,9.945748200000708,9.828125,True
cx0.5_mut0.1,0.5,0.1,test_8,7,17,759,34.19652161783476,32.63902357981989,60000,300,9.206041400000686,9.09375,True
cx0.5_mut0.1,0.5,0.1,test_8,7,18,760,35.17725642931307,33.52367742578509,60000,300,7.915122299999894,7.875,True
cx0.5_mut0.1,0.5,0.1,test_8,7,19,761,30.514891242988742,28.9127439993431,60000,300,9.969338400000197,9.78125,True
cx0.5_mut0.1,0.5,0.1,test_9,8,0,842,31.537578118171478,30.203722980420977,60000,300,7.657114300000103,7.5625,True
cx0.5_mut0.1,0.5,0.1,test_9,8,1,843,37.30206014756476,35.75455292289815,60000,300,8.449373700000251,8.359375,True
cx0.5_mut0.1,0.5,0.1,test_9,8,2,844,35.93268498373538,34.305837070685854,60000,300,10.915495100000044,10.859375,True
cx0.5_mut0.1,0.5,0.1,test_9,8,3,845,28.93333102959643,27.590788769376594,60000,300,8.788447400000223,8.703125,True
cx0.5_mut0.1,0.5,0.1,test_9,8,4,846,36.666760800956546,35.22491938766671,60000,300,9.072169699999904,9.0,True
cx0.5_mut0.1,0.5,0.1,test_9,8,5,847,43.012236135442414,41.57975458503987,60000,300,8.84759269999995,8.796875,True
cx0.5_mut0.1,0.5,0.1,test_9,8,6,848,34.69132877185217,33.16149661815868,60000,300,9.2425046999997,9.0625,True
cx0.5_mut0.1,0.5,0.1,test_9,8,7,849,39.334748967096985,37.76278903153558,60000,300,7.315330899999935,7.25,True
cx0.5_mut0.1,0.5,0.1,test_9,8,8,850,31.22820286993659,29.86940995863501,60000,300,9.562349099999665,9.53125,True
cx0.5_mut0.1,0.5,0.1,test_9,8,9,851,36.86081113106977,35.39959577535154,60000,300,8.64776990000064,8.59375,True
cx0.5_mut0.1,0.5,0.1,test_9,8,10,852,41.297680948243105,39.88051434860236,60000,300,7.601682100000289,7.5,True
cx0.5_mut0.1,0.5,0.1,test_9,8,11,853,41.63732124492545,39.9293396408098,60000,300,7.984588300000723,7.859375,True
cx0.5_mut0.1,0.5,0.1,test_9,8,12,854,36.37726769100189,34.93795255825561,60000,300,9.092758700000559,9.03125,True
cx0.5_mut0.1,0.5,0.1,test_9,8,13,855,40.24703003615431,38.50376836878747,60000,300,8.154495400000087,8.046875,True
cx0.5_mut0.1,0.5,0.1,test_9,8,14,856,41.03810358794612,39.422272782602754,60000,300,10.429077200000393,10.265625,True
cx0.5_mut0.1,0.5,0.1,test_9,8,15,857,37.90487353992181,36.25171097408803,60000,300,8.548910800000158,8.515625,True
cx0.5_mut0.1,0.5,0.1,test_9,8,16,858,39.38169469584836,37.96894887057541,60000,300,6.718787499999962,6.609375,True
cx0.5_mut0.1,0.5,0.1,test_9,8,17,859,37.9084865734266,36.6865715308232,60000,300,8.477378799999315,8.359375,True
cx0.5_mut0.1,0.5,0.1,test_9,8,18,860,41.9250043473502,40.39702122856508,60000,300,7.875998199999231,7.84375,True
cx0.5_mut0.1,0.5,0.1,test_9,8,19,861,35.546450008819555,34.06176511784296,60000,300,8.44493599999987,8.40625,True
cx0.5_mut0.1,0.5,0.1,test_10,9,0,942,37.09283869971814,35.58037853523188,60000,300,7.8345799999997325,7.75,True
cx0.5_mut0.1,0.5,0.1,test_10,9,1,943,32.53230010895528,30.947277146604474,60000,300,7.249549099999967,7.1875,True
cx0.5_mut0.1,0.5,0.1,test_10,9,2,944,42.08763278028364,40.904062011741104,60000,300,8.395919600000525,8.265625,True
cx0.5_mut0.1,0.5,0.1,test_10,9,3,945,39.45826922231228,37.83754710463771,60000,300,9.119916499999817,9.0625,True
cx0.5_mut0.1,0.5,0.1,test_10,9,4,946,31.91285861206077,30.251710584461165,60000,300,9.769315200000165,9.671875,True
cx0.5_mut0.1,0.5,0.1,test_10,9,5,947,34.22799223312471,32.93332786782256,60000,300,8.683748999999807,8.625,True
cx0.5_mut0.1,0.5,0.1,test_10,9,6,948,40.964795150358945,39.48161483847212,60000,300,7.48469969999951,7.34375,True
cx0.5_mut0.1,0.5,0.1,test_10,9,7,949,35.44289470204257,33.61514806641318,60000,300,7.623944400000255,7.515625,True
cx0.5_mut0.1,0.5,0.1,test_10,9,8,950,32.72435795848939,31.354798048418964,60000,300,10.159916099999464,10.0625,True
cx0.5_mut0.1,0.5,0.1,test_10,9,9,951,34.49023571404372,32.86121692086746,60000,300,7.674454899999546,7.53125,True
cx0.5_mut0.1,0.5,0.1,test_10,9,10,952,31.021810265443776,29.36498236103587,60000,300,9.99829630000022,9.859375,True
cx0.5_mut0.1,0.5,0.1,test_10,9,11,953,39.73604652457425,38.239396876195315,60000,300,9.046905199999856,8.9375,True
cx0.5_mut0.1,0.5,0.1,test_10,9,12,954,40.75463800700976,39.08838856052992,60000,300,8.57652599999983,8.421875,True
cx0.5_mut0.1,0.5,0.1,test_10,9,13,955,32.63765690953384,31.392842358024907,60000,300,6.82454080000025,6.734375,True
cx0.5_mut0.1,0.5,0.1,test_10,9,14,956,39.30184476277426,37.86900892001967,60000,300,7.237565299999915,7.171875,True
cx0.5_mut0.1,0.5,0.1,test_10,9,15,957,38.36086410304676,36.76090547147013,60000,300,7.266466300000502,7.25,True
cx0.5_mut0.1,0.5,0.1,test_10,9,16,958,33.0124205969156,31.62551429993155,60000,300,9.568159200000082,9.4375,True
cx0.5_mut0.1,0.5,0.1,test_10,9,17,959,40.54888928922767,38.67651675502229,60000,300,8.826168399999915,8.65625,True
cx0.5_mut0.1,0.5,0.1,test_10,9,18,960,39.31835452455951,37.53056181378939,60000,300,10.80438409999988,10.609375,True
cx0.5_mut0.1,0.5,0.1,test_10,9,19,961,43.93017564297204,42.25787798696382,60000,300,7.056052299999465,6.984375,True
cx0.7_mut0.0001,0.7,0.0001,test_1,0,0,42,74.6504116117515,72.88953598659612,60000,300,9.019165600000179,8.859375,True
cx0.7_mut0.0001,0.7,0.0001,test_1,0,1,43,58.45204699683755,56.453979456481306,60000,300,9.363238599999931,9.328125,True
cx0.7_mut0.0001,0.7,0.0001,test_1,0,2,44,70.50933712965181,68.76507736268495,60000,300,8.848991099999694,8.765625,True
cx0.7_mut0.0001,0.7,0.0001,test_1,0,3,45,60.88451652100006,59.11703336845486,60000,300,11.161010699999679,11.0625,True
cx0.7_mut0.0001,0.7,0.0001,test_1,0,4,46,65.75874384335422,63.80884241102498,60000,300,8.756273200000123,8.609375,True
cx0.7_mut0.0001,0.7,0.0001,test_1,0,5,47,62.64863596283822,60.85958027124509,60000,300,9.04338000000007,8.921875,True
cx0.7_mut0.0001,0.7,0.0001,test_1,0,6,48,64.20529220860176,62.59130456029723,60000,300,13.225201499999912,12.90625,True
cx0.7_mut0.0001,0.7,0.0001,test_1,0,7,49,78.34917559790999,76.64684006944536,60000,300,9.2964450999998,9.203125,True
cx0.7_mut0.0001,0.7,0.0001,test_1,0,8,50,53.89601732733915,52.2125985931736,60000,300,9.070284799999627,9.0,True
cx0.7_mut0.0001,0.7,0.0001,test_1,0,9,51,81.04222144310478,79.1068165161516,60000,300,9.701374699999633,9.609375,True
cx0.7_mut0.0001,0.7,0.0001,test_1,0,10,52,62.334863310809304,60.50598515114477,60000,300,9.790488500000265,9.515625,True
cx0.7_mut0.0001,0.7,0.0001,test_1,0,11,53,69.74073265423668,67.50494581274492,60000,300,10.294325699999717,10.15625,True
cx0.7_mut0.0001,0.7,0.0001,test_1,0,12,54,55.852231387492665,54.03700208321977,60000,300,10.788832100000036,10.625,True
cx0.7_mut0.0001,0.7,0.0001,test_1,0,13,55,65.84572843817115,63.94577184159068,60000,300,9.75429559999975,9.625,True
cx0.7_mut0.0001,0.7,0.0001,test_1,0,14,56,65.38175048508128,63.355077408593914,60000,300,9.679117900000165,9.640625,True
cx0.7_mut0.0001,0.7,0.0001,test_1,0,15,57,59.386561194645516,56.99719863086128,60000,300,10.6959111999995,10.65625,True
cx0.7_mut0.0001,0.7,0.0001,test_1,0,16,58,72.65394150833501,70.71008122238136,60000,300,8.436185800000203,8.3125,True
cx0.7_mut0.0001,0.7,0.0001,test_1,0,17,59,69.89446424929368,68.04412879653776,60000,300,11.320609299999887,11.25,True
cx0.7_mut0.0001,0.7,0.0001,test_1,0,18,60,79.00942256294749,76.92070670410695,60000,300,8.087958799999797,8.0625,True
cx0.7_mut0.0001,0.7,0.0001,test_1,0,19,61,65.60661058283736,63.99379945468848,60000,300,7.266714299999876,7.21875,True
cx0.7_mut0.0001,0.7,0.0001,test_2,1,0,142,64.9113922199255,62.90011603604117,60000,300,8.436628699999346,8.375,True
cx0.7_mut0.0001,0.7,0.0001,test_2,1,1,143,59.57216112415993,57.76721697840409,60000,300,7.64257169999928,7.5625,True
cx0.7_mut0.0001,0.7,0.0001,test_2,1,2,144,66.75531727688617,64.52877736609014,60000,300,8.772856800000227,8.640625,True
cx0.7_mut0.0001,0.7,0.0001,test_2,1,3,145,52.98607205251198,50.71997867524305,60000,300,7.763437700000395,7.71875,True
cx0.7_mut0.0001,0.7,0.0001,test_2,1,4,146,54.54388148839177,52.60524491776276,60000,300,8.363510299999689,8.34375,True
cx0.7_mut0.0001,0.7,0.0001,test_2,1,5,147,50.384586860643616,48.11275274062301,60000,300,7.8257713000002695,7.75,True
cx0.7_mut0.0001,0.7,0.0001,test_2,1,6,148,55.361996209946064,53.294850573827716,60000,300,8.298334900000555,8.21875,True
cx0.7_mut0.0001,0.7,0.0001,test_2,1,7,149,60.94641584216831,58.882366608972795,60000,300,10.655142000000524,10.5625,True
cx0.7_mut0.0001,0.7,0.0001,test_2,1,8,150,50.18816497783094,48.39884966982373,60000,300,10.190122100000735,10.015625,True
cx0.7_mut0.0001,0.7,0.0001,test_2,1,9,151,58.077413400443994,56.24144565753797,60000,300,8.823150700000042,8.671875,True
cx0.7_mut0.0001,0.7,0.0001,test_2,1,10,152,57.610661217078594,55.802154507643,60000,300,9.291647400000329,9.171875,True
cx0.7_mut0.0001,0.7,0.0001,test_2,1,11,153,46.411202560249784,44.730550316481896,60000,300,8.510048799999822,8.359375,True
cx0.7_mut0.0001,0.7,0.0001,test_2,1,12,154,62.854815481782914,60.924961436581334,60000,300,8.223818600000413,8.140625,True
cx0.7_mut0.0001,0.7,0.0001,test_2,1,13,155,58.97368385911405,57.44363197158025,60000,300,8.607187799999338,8.421875,True
cx0.7_mut0.0001,0.7,0.0001,test_2,1,14,156,59.117637026660816,56.989481646329246,60000,300,8.971691500000816,8.875,True
cx0.7_mut0.0001,0.7,0.0001,test_2,1,15,157,61.08208006111719,58.96795154391797,60000,300,8.275004600000102,8.1875,True
cx0.7_mut0.0001,0.7,0.0001,test_2,1,16,158,68.22483745227635,66.13379366835821,60000,300,8.289895299999444,8.1875,True
cx0.7_mut0.0001,0.7,0.0001,test_2,1,17,159,66.08317545744015,63.99504778883064,60000,300,9.619998600000145,9.5,True
cx0.7_mut0.0001,0.7,0.0001,test_2,1,18,160,63.5076867303377,61.61157565511811,60000,300,10.783441999999923,10.6875,True
cx0.7_mut0.0001,0.7,0.0001,test_2,1,19,161,61.0952691823417,59.27088078045446,60000,300,8.016725000000406,7.953125,True
cx0.7_mut0.0001,0.7,0.0001,test_3,2,0,242,64.93386650933076,63.15008626686203,60000,300,8.124284600000465,8.0625,True
cx0.7_mut0.0001,0.7,0.0001,test_3,2,1,243,74.01319418836101,72.00530075073834,60000,300,8.584238899999946,8.5,True
cx0.7_mut0.0001,0.7,0.0001,test_3,2,2,244,61.3892772361754,59.459578562850055,60000,300,8.073173900000256,8.015625,True
cx0.7_mut0.0001,0.7,0.0001,test_3,2,3,245,63.70801897619275,61.548281373064924,60000,300,8.44039840000005,8.328125,True
cx0.7_mut0.0001,0.7,0.0001,test_3,2,4,246,56.20049302492194,53.932593707778,60000,300,8.472137300000213,8.265625,True
cx0.7_mut0.0001,0.7,0.0001,test_3,2,5,247,50.80112857719796,48.843553627635416,60000,300,10.057741999999962,9.828125,True
cx0.7_mut0.0001,0.7,0.0001,test_3,2,6,248,65.21362542187686,63.48277270173843,60000,300,9.104587200000424,9.0,True
cx0.7_mut0.0001,0.7,0.0001,test_3,2,7,249,54.862291191801745,52.91685787254473,60000,300,8.404736899999989,8.375,True
cx0.7_mut0.0001,0.7,0.0001,test_3,2,8,250,57.17974074038244,55.14944065190114,60000,300,10.114687199999935,10.015625,True
cx0.7_mut0.0001,0.7,0.0001,test_3,2,9,251,66.29114803543214,63.994383278103534,60000,300,10.49677520000023,10.28125,True
cx0.7_mut0.0001,0.7,0.0001,test_3,2,10,252,54.73497701889391,52.45553490730341,60000,300,8.222511899999517,8.140625,True
cx0.7_mut0.0001,0.7,0.0001,test_3,2,11,253,60.49909795979496,58.64427314990149,60000,300,8.445873399999982,8.359375,True
cx0.7_mut0.0001,0.7,0.0001,test_3,2,12,254,59.408935923945556,57.28004622886193,60000,300,9.267830000000686,9.03125,True
cx0.7_mut0.0001,0.7,0.0001,test_3,2,13,255,66.76596392069773,64.64998324020549,60000,300,10.849308300000303,10.75,True
cx0.7_mut0.0001,0.7,0.0001,test_3,2,14,256,55.713228715146315,53.78864887071259,60000,300,8.61939429999984,8.546875,True
cx0.7_mut0.0001,0.7,0.0001,test_3,2,15,257,65.11057088111377,63.281438166106426,60000,300,8.213022099999762,8.125,True
cx0.7_mut0.0001,0.7,0.0001,test_3,2,16,258,53.49780759205918,51.677189336786725,60000,300,8.729861400000118,8.609375,True
cx0.7_mut0.0001,0.7,0.0001,test_3,2,17,259,56.87903834864601,54.90915545058069,60000,300,10.761366699999598,10.609375,True
cx0.7_mut0.0001,0.7,0.0001,test_3,2,18,260,51.333807235774366,49.09648691153413,60000,300,9.2479287999995,9.125,True
cx0.7_mut0.0001,0.7,0.0001,test_3,2,19,261,59.18239360328377,56.97602967919663,60000,300,8.341598299999532,8.265625,True
cx0.7_mut0.0001,0.7,0.0001,test_4,3,0,342,66.0168440145864,63.8681029024211,60000,300,9.426819600000272,9.265625,True
cx0.7_mut0.0001,0.7,0.0001,test_4,3,1,343,43.73427746832981,41.922307183059765,60000,300,7.891344300000128,7.8125,True
cx0.7_mut0.0001,0.7,0.0001,test_4,3,2,344,60.74199753863328,58.684191087930756,60000,300,7.719423600000482,7.71875,True
cx0.7_mut0.0001,0.7,0.0001,test_4,3,3,345,59.69593355666788,57.735785902344944,60000,300,10.96453670000028,10.890625,True
cx0.7_mut0.0001,0.7,0.0001,test_4,3,4,346,51.078464374668414,49.434605328202466,60000,300,8.702206699999806,8.609375,True
cx0.7_mut0.0001,0.7,0.0001,test_4,3,5,347,47.27794949311905,45.28508523292352,60000,300,8.063243800000237,7.96875,True
cx0.7_mut0.0001,0.7,0.0001,test_4,3,6,348,50.60246822993113,49.00098901729703,60000,300,8.235269300000255,8.1875,True
cx0.7_mut0.0001,0.7,0.0001,test_4,3,7,349,50.29509218217714,48.62545815428088,60000,300,10.706501200000275,10.515625,True
cx0.7_mut0.0001,0.7,0.0001,test_4,3,8,350,53.94840038815696,51.93234305041402,60000,300,8.025496999999632,8.0,True
cx0.7_mut0.0001,0.7,0.0001,test_4,3,9,351,50.19888370247325,48.55448092003122,60000,300,7.974998099999539,7.84375,True
cx0.7_mut0.0001,0.7,0.0001,test_4,3,10,352,55.74921461077003,53.88391912221003,60000,300,8.455931899999996,8.421875,True
cx0.7_mut0.0001,0.7,0.0001,test_4,3,11,353,58.51431977022715,56.56572751352457,60000,300,8.918973699999697,8.859375,True
cx0.7_mut0.0001,0.7,0.0001,test_4,3,12,354,50.00017201125488,47.931013976257844,60000,300,8.623672700000498,8.484375,True
cx0.7_mut0.0001,0.7,0.0001,test_4,3,13,355,52.04366992252592,50.16730786680078,60000,300,10.195626599999741,10.125,True
cx0.7_mut0.0001,0.7,0.0001,test_4,3,14,356,51.52429818126282,49.2617728543722,60000,300,8.28241060000073,8.140625,True
cx0.7_mut0.0001,0.7,0.0001,test_4,3,15,357,50.22580791464877,48.50655562108721,60000,300,9.116181600000345,8.921875,True
cx0.7_mut0.0001,0.7,0.0001,test_4,3,16,358,56.59991909261086,54.463268594134924,60000,300,11.314212500000394,11.171875,True
cx0.7_mut0.0001,0.7,0.0001,test_4,3,17,359,47.371971083839696,45.273053302231304,60000,300,10.255797699999675,10.171875,True
cx0.7_mut0.0001,0.7,0.0001,test_4,3,18,360,62.713336130983066,60.49772157651733,60000,300,8.640951500000483,8.5625,True
cx0.7_mut0.0001,0.7,0.0001,test_4,3,19,361,51.860419014094276,49.57976476963429,60000,300,8.421761999999944,8.359375,True
cx0.7_mut0.0001,0.7,0.0001,test_5,4,0,442,60.599687871981445,58.581337119027936,60000,300,8.449877600000036,8.3125,True
cx0.7_mut0.0001,0.7,0.0001,test_5,4,1,443,63.23279463619686,61.29629306623654,60000,300,7.949405200000001,7.859375,True
cx0.7_mut0.0001,0.7,0.0001,test_5,4,2,444,72.05666052018265,69.89799238663743,60000,300,11.516010700000152,11.390625,True
cx0.7_mut0.0001,0.7,0.0001,test_5,4,3,445,72.86610095430532,70.11208702984045,60000,300,8.946509000000333,8.859375,True
cx0.7_mut0.0001,0.7,0.0001,test_5,4,4,446,57.222730369256396,54.65246615934498,60000,300,8.574886399999741,8.53125,True
cx0.7_mut0.0001,0.7,0.0001,test_5,4,5,447,66.9967696866974,65.04298140716467,60000,300,8.190966099999969,8.15625,True
cx0.7_mut0.0001,0.7,0.0001,test_5,4,6,448,65.12821764601513,62.89066127045202,60000,300,9.507304699999622,9.375,True
cx0.7_mut0.0001,0.7,0.0001,test_5,4,7,449,65.29280105165408,63.22888338478597,60000,300,8.5541860000003,8.453125,True
cx0.7_mut0.0001,0.7,0.0001,test_5,4,8,450,61.27773763841961,59.51107247087616,60000,300,8.276275999999598,8.203125,True
cx0.7_mut0.0001,0.7,0.0001,test_5,4,9,451,69.25141171091812,67.21687872994434,60000,300,10.76821740000014,10.65625,True
cx0.7_mut0.0001,0.7,0.0001,test_5,4,10,452,64.82228473162054,63.07129768141404,60000,300,10.966156200000114,10.75,True
cx0.7_mut0.0001,0.7,0.0001,test_5,4,11,453,61.50176530476507,59.28485681817177,60000,300,9.301530499999899,9.234375,True
cx0.7_mut0.0001,0.7,0.0001,test_5,4,12,454,58.812126297578864,57.03581088002123,60000,300,10.244243800000731,10.109375,True
cx0.7_mut0.0001,0.7,0.0001,test_5,4,13,455,66.42032489229412,64.12265507488067,60000,300,8.418414800000392,8.34375,True
cx0.7_mut0.0001,0.7,0.0001,test_5,4,14,456,65.56658348933792,63.5397351785875,60000,300,8.250850100000207,8.125,True
cx0.7_mut0.0001,0.7,0.0001,test_5,4,15,457,79.46861846836606,77.3438222367209,60000,300,8.437216700000135,8.359375,True
cx0.7_mut0.0001,0.7,0.0001,test_5,4,16,458,68.19049114741244,66.20633856698737,60000,300,8.530937399999857,8.4375,True
cx0.7_mut0.0001,0.7,0.0001,test_5,4,17,459,53.90435893967465,51.727329807527816,60000,300,9.865262399999665,9.734375,True
cx0.7_mut0.0001,0.7,0.0001,test_5,4,18,460,62.0150584394353,60.00922496530457,60000,300,8.035225499999797,7.828125,True
cx0.7_mut0.0001,0.7,0.0001,test_5,4,19,461,67.71342970118974,65.48244693713109,60000,300,8.920383100000436,8.625,True
cx0.7_mut0.0001,0.7,0.0001,test_6,5,0,542,58.403552133035625,56.3412893205695,60000,300,8.714389599999777,8.53125,True
cx0.7_mut0.0001,0.7,0.0001,test_6,5,1,543,58.15244883253343,56.056134416192236,60000,300,7.7716841000001295,7.6875,True
cx0.7_mut0.0001,0.7,0.0001,test_6,5,2,544,57.37152523168906,55.72194324552952,60000,300,8.2029107999997,7.921875,True
cx0.7_mut0.0001,0.7,0.0001,test_6,5,3,545,54.14297348016324,52.35786023686027,60000,300,8.438904399999956,8.375,True
cx0.7_mut0.0001,0.7,0.0001,test_6,5,4,546,66.9529943479582,64.77611573271578,60000,300,8.3221838999998,8.1875,True
cx0.7_mut0.0001,0.7,0.0001,test_6,5,5,547,58.80468957201926,57.09910796181452,60000,300,8.67944660000012,8.5625,True
cx0.7_mut0.0001,0.7,0.0001,test_6,5,6,548,58.30178163116301,56.673671294509774,60000,300,8.796502700000019,8.703125,True
cx0.7_mut0.0001,0.7,0.0001,test_6,5,7,549,60.772558020791806,58.963833924839584,60000,300,8.039903900000354,7.921875,True
cx0.7_mut0.0001,0.7,0.0001,test_6,5,8,550,56.15323578230078,54.33928932324691,60000,300,7.936262999999599,7.796875,True
cx0.7_mut0.0001,0.7,0.0001,test_6,5,9,551,65.62482127231947,63.864077945441274,60000,300,10.01493279999977,9.765625,True
cx0.7_mut0.0001,0.7,0.0001,test_6,5,10,552,49.40233126207585,47.62058218963468,60000,300,8.466850400000112,8.34375,True
cx0.7_mut0.0001,0.7,0.0001,test_6,5,11,553,55.92406842494037,54.52170213363092,60000,300,8.533019500000592,8.25,True
cx0.7_mut0.0001,0.7,0.0001,test_6,5,12,554,58.38159262659093,56.326140057469644,60000,300,9.314290499999515,9.09375,True
cx0.7_mut0.0001,0.7,0.0001,test_6,5,13,555,54.98292013835418,53.041119387688894,60000,300,10.951171699999577,10.546875,True
cx0.7_mut0.0001,0.7,0.0001,test_6,5,14,556,70.74068527184544,69.32900968580535,60000,300,8.219572599999992,8.15625,True
cx0.7_mut0.0001,0.7,0.0001,test_6,5,15,557,59.41113422061028,57.75947863123518,60000,300,11.32809670000006,11.203125,True
cx0.7_mut0.0001,0.7,0.0001,test_6,5,16,558,68.85463558961527,67.04827824099651,60000,300,8.32908789999965,8.15625,True
cx0.7_mut0.0001,0.7,0.0001,test_6,5,17,559,73.36176854699303,71.15430432563822,60000,300,10.47765629999958,10.25,True
cx0.7_mut0.0001,0.7,0.0001,test_6,5,18,560,57.20325567740607,55.72097009648026,60000,300,10.617858499999784,10.4375,True
cx0.7_mut0.0001,0.7,0.0001,test_6,5,19,561,66.76838604058432,64.59332819698997,60000,300,8.562749699999586,8.46875,True
cx0.7_mut0.0001,0.7,0.0001,test_7,6,0,642,62.91511424717973,60.91358842915921,60000,300,11.87487770000007,11.671875,True
cx0.7_mut0.0001,0.7,0.0001,test_7,6,1,643,51.46574322230978,49.33554412586866,60000,300,8.458728399999927,8.40625,True
cx0.7_mut0.0001,0.7,0.0001,test_7,6,2,644,50.6102590191999,49.00105837330168,60000,300,8.343226500000128,8.21875,True
cx0.7_mut0.0001,0.7,0.0001,test_7,6,3,645,52.427026885517066,50.19933390696355,60000,300,8.267600700000003,8.09375,True
cx0.7_mut0.0001,0.7,0.0001,test_7,6,4,646,58.18702967242572,56.14071980684086,60000,300,8.364006400000108,8.171875,True
cx0.7_mut0.0001,0.7,0.0001,test_7,6,5,647,72.6234968642647,70.85479635382379,60000,300,10.739287599999443,10.546875,True
cx0.7_mut0.0001,0.7,0.0001,test_7,6,6,648,49.04305253943322,47.16809286922986,60000,300,7.811623399999917,7.6875,True
cx0.7_mut0.0001,0.7,0.0001,test_7,6,7,649,68.66247895619607,65.87205637141321,60000,300,8.37930420000066,8.203125,True
cx0.7_mut0.0001,0.7,0.0001,test_7,6,8,650,62.88815344357801,61.192151936415186,60000,300,9.360148400000071,9.03125,True
cx0.7_mut0.0001,0.7,0.0001,test_7,6,9,651,68.97094164282947,66.94945170591788,60000,300,8.8706760999994,8.765625,True
cx0.7_mut0.0001,0.7,0.0001,test_7,6,10,652,53.25114336327966,51.26008976209186,60000,300,11.010306799999853,10.90625,True
cx0.7_mut0.0001,0.7,0.0001,test_7,6,11,653,58.90770925508298,57.01038010704761,60000,300,8.160143000000062,8.015625,True
cx0.7_mut0.0001,0.7,0.0001,test_7,6,12,654,61.835393815193186,59.639725828548904,60000,300,8.538389599999391,8.46875,True
cx0.7_mut0.0001,0.7,0.0001,test_7,6,13,655,50.00815441060873,48.146689294627855,60000,300,8.272224899999856,8.109375,True
cx0.7_mut0.0001,0.7,0.0001,test_7,6,14,656,59.31032002897751,57.259462065524595,60000,300,10.324702900000375,10.109375,True
cx0.7_mut0.0001,0.7,0.0001,test_7,6,15,657,51.924286894865844,49.44204217321277,60000,300,8.237409400000615,8.078125,True
cx0.7_mut0.0001,0.7,0.0001,test_7,6,16,658,59.10796918016634,56.97891800440348,60000,300,10.654226699999526,10.546875,True
cx0.7_mut0.0001,0.7,0.0001,test_7,6,17,659,65.1711219872552,62.967471168451056,60000,300,10.621507699999711,10.484375,True
cx0.7_mut0.0001,0.7,0.0001,test_7,6,18,660,65.62742591139516,62.95519001504989,60000,300,8.200024199999461,8.125,True
cx0.7_mut0.0001,0.7,0.0001,test_7,6,19,661,57.95096179534558,56.02147088721736,60000,300,9.933610500000214,9.78125,True
cx0.7_mut0.0001,0.7,0.0001,test_8,7,0,742,58.4154097993471,56.55659115414321,60000,300,8.218582000000424,8.109375,True
cx0.7_mut0.0001,0.7,0.0001,test_8,7,1,743,54.18749230219484,51.626567666454825,60000,300,9.29889650000041,9.203125,True
cx0.7_mut0.0001,0.7,0.0001,test_8,7,2,744,71.16790892874958,68.97041838384112,60000,300,10.471508099999483,10.3125,True
cx0.7_mut0.0001,0.7,0.0001,test_8,7,3,745,55.33817781489113,53.25048764700568,60000,300,10.225930600000538,10.09375,True
cx0.7_mut0.0001,0.7,0.0001,test_8,7,4,746,55.02171415801228,53.37783626398286,60000,300,7.700864200000069,7.65625,True
cx0.7_mut0.0001,0.7,0.0001,test_8,7,5,747,46.70162129829456,44.82219272614,60000,300,10.833164399999987,10.765625,True
cx0.7_mut0.0001,0.7,0.0001,test_8,7,6,748,67.64056978804358,65.80873523986651,60000,300,7.918328900000233,7.828125,True
cx0.7_mut0.0001,0.7,0.0001,test_8,7,7,749,62.53658488588735,60.231215660905626,60000,300,10.190502700000252,10.15625,True
cx0.7_mut0.0001,0.7,0.0001,test_8,7,8,750,61.18862323263892,58.65507559875875,60000,300,8.607707500000288,8.546875,True
cx0.7_mut0.0001,0.7,0.0001,test_8,7,9,751,57.34503644301297,55.444317800217284,60000,300,7.788688699999511,7.625,True
cx0.7_mut0.0001,0.7,0.0001,test_8,7,10,752,57.519158417850605,55.73046668068506,60000,300,8.44856400000026,8.3125,True
cx0.7_mut0.0001,0.7,0.0001,test_8,7,11,753,57.44518814280492,55.79445531430408,60000,300,8.409121700000469,8.234375,True
cx0.7_mut0.0001,0.7,0.0001,test_8,7,12,754,54.12361512750229,52.101205044174,60000,300,8.906961199999387,8.78125,True
cx0.7_mut0.0001,0.7,0.0001,test_8,7,13,755,70.3169477219361,68.4336281896645,60000,300,9.017043699999704,8.90625,True
cx0.7_mut0.0001,0.7,0.0001,test_8,7,14,756,64.46818044239896,62.464655792484095,60000,300,8.181109699999979,8.109375,True
cx0.7_mut0.0001,0.7,0.0001,test_8,7,15,757,61.65994578812039,59.707380168952064,60000,300,7.977024000000711,7.890625,True
cx0.7_mut0.0001,0.7,0.0001,test_8,7,16,758,65.02958760330293,63.03180892444906,60000,300,8.078263499999593,8.015625,True
cx0.7_mut0.0001,0.7,0.0001,test_8,7,17,759,62.029493770275785,59.91207954262918,60000,300,8.082606599999963,8.0,True
cx0.7_mut0.0001,0.7,0.0001,test_8,7,18,760,54.208444087508205,52.14023902992834,60000,300,9.435897700000169,9.328125,True
cx0.7_mut0.0001,0.7,0.0001,test_8,7,19,761,50.95425932363628,48.86943921250631,60000,300,8.443530700000338,8.328125,True
cx0.7_mut0.0001,0.7,0.0001,test_9,8,0,842,65.21130706725926,63.26536701468258,60000,300,10.063265499999943,9.984375,True
cx0.7_mut0.0001,0.7,0.0001,test_9,8,1,843,69.53971204137859,67.29543541109723,60000,300,8.065996699999232,8.046875,True
cx0.7_mut0.0001,0.7,0.0001,test_9,8,2,844,62.52480648279211,60.6687386501554,60000,300,8.133447399999568,8.09375,True
cx0.7_mut0.0001,0.7,0.0001,test_9,8,3,845,59.30643184527004,57.57689113510705,60000,300,8.8208326999993,8.765625,True
cx0.7_mut0.0001,0.7,0.0001,test_9,8,4,846,62.98428231496506,60.9020896649484,60000,300,8.839288500000293,8.765625,True
cx0.7_mut0.0001,0.7,0.0001,test_9,8,5,847,58.66132885858887,56.69947468002047,60000,300,10.70811810000032,10.53125,True
cx0.7_mut0.0001,0.7,0.0001,test_9,8,6,848,48.48684447232216,46.961397759506816,60000,300,8.687489199999618,8.546875,True
cx0.7_mut0.0001,0.7,0.0001,test_9,8,7,849,64.53832190428948,62.920532888465765,60000,300,10.219561099999737,10.203125,True
cx0.7_mut0.0001,0.7,0.0001,test_9,8,8,850,47.95880506409833,46.36146301176788,60000,300,8.587983999999778,8.515625,True
cx0.7_mut0.0001,0.7,0.0001,test_9,8,9,851,56.16884998247441,54.15807234716588,60000,300,7.829275699999926,7.78125,True
cx0.7_mut0.0001,0.7,0.0001,test_9,8,10,852,55.61431334301431,53.98749473746568,60000,300,8.021849300000213,7.921875,True
cx0.7_mut0.0001,0.7,0.0001,test_9,8,11,853,67.57602629711089,65.62368018138689,60000,300,8.70400299999983,8.59375,True
cx0.7_mut0.0001,0.7,0.0001,test_9,8,12,854,55.61373872315685,53.62278681102501,60000,300,8.111323500000253,8.0625,True
cx0.7_mut0.0001,0.7,0.0001,test_9,8,13,855,60.988679841004526,59.109554966762516,60000,300,10.677046199999495,10.5625,True
cx0.7_mut0.0001,0.7,0.0001,test_9,8,14,856,53.23353561864311,51.563163697782414,60000,300,9.052251400000387,8.890625,True
cx0.7_mut0.0001,0.7,0.0001,test_9,8,15,857,56.493840996987785,54.47343513844066,60000,300,11.214288199999828,11.09375,True
cx0.7_mut0.0001,0.7,0.0001,test_9,8,16,858,63.19166365693447,61.23955296379893,60000,300,13.804391000000578,13.671875,True
cx0.7_mut0.0001,0.7,0.0001,test_9,8,17,859,60.78865710433489,58.67468983633876,60000,300,8.07278899999983,8.015625,True
cx0.7_mut0.0001,0.7,0.0001,test_9,8,18,860,67.65274810540184,65.57306063195931,60000,300,8.504763899999489,8.40625,True
cx0.7_mut0.0001,0.7,0.0001,test_9,8,19,861,71.33641361631885,69.3381234509571,60000,300,7.734306999999717,7.671875,True
cx0.7_mut0.0001,0.7,0.0001,test_10,9,0,942,59.18021385928759,57.687019762896675,60000,300,9.136948299999858,9.046875,True
cx0.7_mut0.0001,0.7,0.0001,test_10,9,1,943,69.16155232094795,66.91249398346298,60000,300,8.255309400000442,8.171875,True
cx0.7_mut0.0001,0.7,0.0001,test_10,9,2,944,55.47563033196803,53.286310337704414,60000,300,8.915250600000036,8.640625,True
cx0.7_mut0.0001,0.7,0.0001,test_10,9,3,945,62.04514907381923,59.87757118639992,60000,300,8.205806499999198,8.125,True
cx0.7_mut0.0001,0.7,0.0001,test_10,9,4,946,64.41985780255865,62.69030658713211,60000,300,8.118700099999842,8.0,True
cx0.7_mut0.0001,0.7,0.0001,test_10,9,5,947,59.980083238103376,58.12383108388037,60000,300,7.944776900000761,7.84375,True
cx0.7_mut0.0001,0.7,0.0001,test_10,9,6,948,63.27527558950726,61.41342843762243,60000,300,8.511096799999905,8.375,True
cx0.7_mut0.0001,0.7,0.0001,test_10,9,7,949,56.48262028753029,54.60473540167808,60000,300,7.945792499999698,7.890625,True
cx0.7_mut0.0001,0.7,0.0001,test_10,9,8,950,63.092091779992664,61.34744866664915,60000,300,8.027412400000685,7.953125,True
cx0.7_mut0.0001,0.7,0.0001,test_10,9,9,951,58.35426225051552,56.45617507516863,60000,300,8.480888700000833,8.453125,True
cx0.7_mut0.0001,0.7,0.0001,test_10,9,10,952,60.400228210574326,58.19643804145658,60000,300,8.700686799999858,8.5625,True
cx0.7_mut0.0001,0.7,0.0001,test_10,9,11,953,70.87634843618744,69.11641037108815,60000,300,7.923855099999855,7.875,True
cx0.7_mut0.0001,0.7,0.0001,test_10,9,12,954,66.63537823807826,64.99182516591685,60000,300,11.046483399999488,10.9375,True
cx0.7_mut0.0001,0.7,0.0001,test_10,9,13,955,70.86697958775788,68.66519652286358,60000,300,8.585940599999958,8.46875,True
cx0.7_mut0.0001,0.7,0.0001,test_10,9,14,956,53.99099546933936,52.49785573262146,60000,300,9.078046700000414,9.03125,True
cx0.7_mut0.0001,0.7,0.0001,test_10,9,15,957,56.721683124475376,55.01687838843212,60000,300,8.175654599999689,8.140625,True
cx0.7_mut0.0001,0.7,0.0001,test_10,9,16,958,53.69545857715085,51.57489237791595,60000,300,8.698520500000086,8.625,True
cx0.7_mut0.0001,0.7,0.0001,test_10,9,17,959,66.2442973673991,64.3145685134799,60000,300,11.368394400000398,11.21875,True
cx0.7_mut0.0001,0.7,0.0001,test_10,9,18,960,68.7812789720921,66.42752574164729,60000,300,10.015599599999405,9.90625,True
cx0.7_mut0.0001,0.7,0.0001,test_10,9,19,961,57.47067986129509,55.67456254443456,60000,300,8.563713300000018,8.53125,True
cx0.7_mut0.001,0.7,0.001,test_1,0,0,42,48.26793136723194,46.671973733640144,60000,300,8.527342399999725,8.390625,True
cx0.7_mut0.001,0.7,0.001,test_1,0,1,43,46.10389892819187,44.193101239723504,60000,300,10.026668999999856,9.890625,True
cx0.7_mut0.001,0.7,0.001,test_1,0,2,44,48.59361214149384,46.58908621327272,60000,300,9.63395300000002,9.484375,True
cx0.7_mut0.001,0.7,0.001,test_1,0,3,45,59.611543494922124,58.05858840077034,60000,300,8.697361,8.515625,True
cx0.7_mut0.001,0.7,0.001,test_1,0,4,46,48.083089986705396,45.92977972565127,60000,300,9.556506099999751,9.46875,True
cx0.7_mut0.001,0.7,0.001,test_1,0,5,47,52.818534603632365,50.53474499353707,60000,300,9.399420700000064,9.328125,True
cx0.7_mut0.001,0.7,0.001,test_1,0,6,48,46.11242129320677,44.28227144718685,60000,300,11.677192199999809,11.4375,True
cx0.7_mut0.001,0.7,0.001,test_1,0,7,49,52.74266464635251,50.90337152457818,60000,300,8.401420799999869,8.328125,True
cx0.7_mut0.001,0.7,0.001,test_1,0,8,50,42.1946547287429,40.599949166855936,60000,300,9.141245100000106,9.015625,True
cx0.7_mut0.001,0.7,0.001,test_1,0,9,51,44.51354138196943,43.10071506097164,60000,300,11.054141199999776,10.90625,True
cx0.7_mut0.001,0.7,0.001,test_1,0,10,52,53.81557220491753,51.60230580113893,60000,300,8.981243799999902,8.8125,True
cx0.7_mut0.001,0.7,0.001,test_1,0,11,53,54.29880595368263,52.552061184733205,60000,300,8.839864400000351,8.6875,True
cx0.7_mut0.001,0.7,0.001,test_1,0,12,54,40.67963224436777,39.23441995215594,60000,300,8.768285699999979,8.703125,True
cx0.7_mut0.001,0.7,0.001,test_1,0,13,55,49.22669586419949,47.089590835751146,60000,300,8.602087799999936,8.453125,True
cx0.7_mut0.001,0.7,0.001,test_1,0,14,56,51.85226732330027,49.77564124612751,60000,300,9.525143599999865,9.40625,True
cx0.7_mut0.001,0.7,0.001,test_1,0,15,57,48.486601660373914,46.80244261923077,60000,300,7.47650109999995,7.4375,True
cx0.7_mut0.001,0.7,0.001,test_1,0,16,58,45.975475753646464,44.255007396855085,60000,300,9.135496599999897,9.03125,True
cx0.7_mut0.001,0.7,0.001,test_1,0,17,59,42.653438506305896,40.884957535378255,60000,300,8.16978349999954,8.109375,True
cx0.7_mut0.001,0.7,0.001,test_1,0,18,60,45.367893532476046,43.55351009776389,60000,300,8.256785800000216,8.203125,True
cx0.7_mut0.001,0.7,0.001,test_1,0,19,61,57.700908833620936,56.33411467347041,60000,300,8.32262449999962,8.265625,True
cx0.7_mut0.001,0.7,0.001,test_2,1,0,142,52.14455987188781,50.346434476072744,60000,300,9.388307400000485,9.3125,True
cx0.7_mut0.001,0.7,0.001,test_2,1,1,143,40.60140034374156,38.77052670717493,60000,300,9.609551499999725,9.578125,True
cx0.7_mut0.001,0.7,0.001,test_2,1,2,144,46.370442834350925,44.304689705694095,60000,300,8.65457830000014,8.59375,True
cx0.7_mut0.001,0.7,0.001,test_2,1,3,145,40.97590647857118,39.17539713914416,60000,300,7.683363500000269,7.65625,True
cx0.7_mut0.001,0.7,0.001,test_2,1,4,146,50.34312960274452,48.86291285269148,60000,300,7.854815099999541,7.8125,True
cx0.7_mut0.001,0.7,0.001,test_2,1,5,147,46.33047123393352,44.69340108338827,60000,300,8.380972400000246,8.34375,True
cx0.7_mut0.001,0.7,0.001,test_2,1,6,148,43.58536006477017,41.88033318598286,60000,300,9.488518099999965,9.4375,True
cx0.7_mut0.001,0.7,0.001,test_2,1,7,149,45.71873356495871,44.08739991828648,60000,300,8.461185399999522,8.4375,True
cx0.7_mut0.001,0.7,0.001,test_2,1,8,150,48.92824661841067,47.15655793657879,60000,300,7.921668200000568,7.859375,True
cx0.7_mut0.001,0.7,0.001,test_2,1,9,151,48.87185840662525,47.143540811754086,60000,300,8.809023300000263,8.65625,True
cx0.7_mut0.001,0.7,0.001,test_2,1,10,152,46.48115952640359,45.053909386295594,60000,300,9.189432399999532,9.046875,True
cx0.7_mut0.001,0.7,0.001,test_2,1,11,153,48.91137464046454,47.32466179593416,60000,300,9.22849160000078,9.140625,True
cx0.7_mut0.001,0.7,0.001,test_2,1,12,154,52.303393889156936,50.389410532371585,60000,300,8.847585000000436,8.75,True
cx0.7_mut0.001,0.7,0.001,test_2,1,13,155,44.94617867151949,43.32392835027338,60000,300,8.406421300000147,8.265625,True
cx0.7_mut0.001,0.7,0.001,test_2,1,14,156,48.26132319932457,46.94419960183675,60000,300,8.219989899999746,8.171875,True
cx0.7_mut0.001,0.7,0.001,test_2,1,15,157,53.69328761415849,51.97738380030835,60000,300,10.505800199999612,10.40625,True
cx0.7_mut0.001,0.7,0.001,test_2,1,16,158,43.46759661345561,41.3510672638688,60000,300,8.963512399999672,8.859375,True
cx0.7_mut0.001,0.7,0.001,test_2,1,17,159,41.532958513926395,39.85307367315133,60000,300,13.413477299999613,13.234375,True
cx0.7_mut0.001,0.7,0.001,test_2,1,18,160,40.789081062162445,39.10101038964279,60000,300,9.147535500000231,8.984375,True
cx0.7_mut0.001,0.7,0.001,test_2,1,19,161,43.5607463549146,41.87427614930675,60000,300,8.827298600000177,8.6875,True
cx0.7_mut0.001,0.7,0.001,test_3,2,0,242,45.13795623161677,43.28319105576638,60000,300,8.488540500000454,8.421875,True
cx0.7_mut0.001,0.7,0.001,test_3,2,1,243,48.4724858418701,46.75974804902338,60000,300,8.415983500000038,8.3125,True
cx0.7_mut0.001,0.7,0.001,test_3,2,2,244,44.41624676527732,42.47880206740944,60000,300,8.553042800000185,8.484375,True
cx0.7_mut0.001,0.7,0.001,test_3,2,3,245,53.860328783678135,52.054431813627986,60000,300,8.49941680000029,8.421875,True
cx0.7_mut0.001,0.7,0.001,test_3,2,4,246,44.321818498323815,42.32258872432581,60000,300,9.186900700000479,8.96875,True
cx0.7_mut0.001,0.7,0.001,test_3,2,5,247,37.942252016158555,36.2741965177688,60000,300,11.74683719999939,11.546875,True
cx0.7_mut0.001,0.7,0.001,test_3,2,6,248,53.88176847561899,51.88522485581189,60000,300,8.725747299999966,8.640625,True
cx0.7_mut0.001,0.7,0.001,test_3,2,7,249,49.62491952108579,47.72453198507364,60000,300,8.280182200000127,8.203125,True
cx0.7_mut0.001,0.7,0.001,test_3,2,8,250,50.720333695406104,48.58111708468499,60000,300,11.144352500000423,11.0,True
cx0.7_mut0.001,0.7,0.001,test_3,2,9,251,44.78621480378345,43.195038499271796,60000,300,12.231413399999838,12.015625,True
cx0.7_mut0.001,0.7,0.001,test_3,2,10,252,42.20037932334367,40.16226181313265,60000,300,8.542330700000093,8.5,True
cx0.7_mut0.001,0.7,0.001,test_3,2,11,253,48.06238375218101,46.14727631443062,60000,300,9.03466329999992,8.890625,True
cx0.7_mut0.001,0.7,0.001,test_3,2,12,254,54.760609509515284,52.814969823151,60000,300,9.716504399999394,9.453125,True
cx0.7_mut0.001,0.7,0.001,test_3,2,13,255,47.63443544874964,45.85364479824238,60000,300,8.379823999999644,8.3125,True
cx0.7_mut0.001,0.7,0.001,test_3,2,14,256,47.60308073170226,45.415713814398615,60000,300,9.221661000000495,9.15625,True
cx0.7_mut0.001,0.7,0.001,test_3,2,15,257,52.68077021660014,50.73382800307687,60000,300,8.428988099999515,8.28125,True
cx0.7_mut0.001,0.7,0.001,test_3,2,16,258,46.41524811472454,44.945803558652194,60000,300,8.801564999999755,8.703125,True
cx0.7_mut0.001,0.7,0.001,test_3,2,17,259,39.992687955401195,37.91961092012701,60000,300,9.781071800000063,9.640625,True
cx0.7_mut0.001,0.7,0.001,test_3,2,18,260,43.4769358287578,41.65266669814278,60000,300,11.090792099999817,10.953125,True
cx0.7_mut0.001,0.7,0.001,test_3,2,19,261,43.1750086346641,41.513132064362125,60000,300,10.02845090000028,9.9375,True
cx0.7_mut0.001,0.7,0.001,test_4,3,0,342,38.90947132014378,36.98843188289393,60000,300,11.204341600000589,11.0625,True
cx0.7_mut0.001,0.7,0.001,test_4,3,1,343,53.71566265577923,51.91728758772773,60000,300,10.010104200000569,9.984375,True
cx0.7_mut0.001,0.7,0.001,test_4,3,2,344,46.653889114860924,44.92924153188793,60000,300,8.71409930000027,8.609375,True
cx0.7_mut0.001,0.7,0.001,test_4,3,3,345,38.606968466547904,36.86386364056338,60000,300,8.028330499999356,7.984375,True
cx0.7_mut0.001,0.7,0.001,test_4,3,4,346,41.2674664692483,39.34554934679149,60000,300,8.150178799999594,8.0625,True
cx0.7_mut0.001,0.7,0.001,test_4,3,5,347,49.20634670495381,47.11731351603383,60000,300,8.558310999999776,8.421875,True
cx0.7_mut0.001,0.7,0.001,test_4,3,6,348,42.772222997278845,40.972392380511,60000,300,9.566950700000234,9.53125,True
cx0.7_mut0.001,0.7,0.001,test_4,3,7,349,42.62586270509147,40.85383587394494,60000,300,11.056775999999445,10.859375,True
cx0.7_mut0.001,0.7,0.001,test_4,3,8,350,35.86334290023085,34.43559608325041,60000,300,9.976865399999951,9.8125,True
cx0.7_mut0.001,0.7,0.001,test_4,3,9,351,42.656175589878316,40.76432098054462,60000,300,9.059400600000117,8.890625,True
cx0.7_mut0.001,0.7,0.001,test_4,3,10,352,41.321269627547366,39.26154899850178,60000,300,8.551617499999338,8.46875,True
cx0.7_mut0.001,0.7,0.001,test_4,3,11,353,38.763053236591915,37.29275277283371,60000,300,7.808514800000012,7.78125,True
cx0.7_mut0.001,0.7,0.001,test_4,3,12,354,37.781523270195045,36.0364370262852,60000,300,9.09646630000043,9.0,True
cx0.7_mut0.001,0.7,0.001,test_4,3,13,355,48.90917254827892,46.80174013769805,60000,300,9.960224700000254,9.890625,True
cx0.7_mut0.001,0.7,0.001,test_4,3,14,356,46.88357672145724,45.436780648118614,60000,300,8.150657500000307,7.96875,True
cx0.7_mut0.001,0.7,0.001,test_4,3,15,357,38.717048556769946,37.19914282489417,60000,300,11.398991699999897,11.109375,True
cx0.7_mut0.001,0.7,0.001,test_4,3,16,358,36.59640041892769,35.15090457139141,60000,300,8.045022999999674,7.9375,True
cx0.7_mut0.001,0.7,0.001,test_4,3,17,359,40.476879789073244,38.365935037822354,60000,300,8.528511500000604,8.421875,True
cx0.7_mut0.001,0.7,0.001,test_4,3,18,360,41.90889910854574,40.142124367224895,60000,300,8.943062699999246,8.890625,True
cx0.7_mut0.001,0.7,0.001,test_4,3,19,361,46.13145947719744,43.89588787015283,60000,300,7.848750900000596,7.6875,True
cx0.7_mut0.001,0.7,0.001,test_5,4,0,442,49.89208481608979,47.96319793686036,60000,300,8.464852999999493,8.34375,True
cx0.7_mut0.001,0.7,0.001,test_5,4,1,443,50.273384832754616,48.23326134846822,60000,300,8.421207699999286,8.359375,True
cx0.7_mut0.001,0.7,0.001,test_5,4,2,444,47.225328452596514,45.40568804444193,60000,300,8.578103799999553,8.421875,True
cx0.7_mut0.001,0.7,0.001,test_5,4,3,445,52.88556964389748,51.23889713021693,60000,300,11.967863099999704,11.890625,True
cx0.7_mut0.001,0.7,0.001,test_5,4,4,446,59.51379409212149,57.792354827761024,60000,300,11.627176200000577,11.515625,True
cx0.7_mut0.001,0.7,0.001,test_5,4,5,447,47.642485909107556,46.05347388365404,60000,300,8.389746500000001,8.328125,True
cx0.7_mut0.001,0.7,0.001,test_5,4,6,448,56.314406023192525,54.07926654372267,60000,300,8.524943800000074,8.5,True
cx0.7_mut0.001,0.7,0.001,test_5,4,7,449,58.939548571282586,57.09773051620704,60000,300,9.152138199999172,9.0625,True
cx0.7_mut0.001,0.7,0.001,test_5,4,8,450,52.580528618621614,50.6271942112449,60000,300,8.27607800000078,8.234375,True
cx0.7_mut0.001,0.7,0.001,test_5,4,9,451,49.417251385652136,47.82249058417873,60000,300,8.568744799999877,8.421875,True
cx0.7_mut0.001,0.7,0.001,test_5,4,10,452,52.41797911475876,50.59412702510903,60000,300,8.092813499999465,8.046875,True
cx0.7_mut0.001,0.7,0.001,test_5,4,11,453,51.95253693323009,49.98055502786626,60000,300,9.259748100000252,9.109375,True
cx0.7_mut0.001,0.7,0.001,test_5,4,12,454,50.9208547924558,49.2955960919165,60000,300,10.460134500000095,10.375,True
cx0.7_mut0.001,0.7,0.001,test_5,4,13,455,48.22955051636701,46.11281559723846,60000,300,10.180052400000022,10.15625,True
cx0.7_mut0.001,0.7,0.001,test_5,4,14,456,48.68548295989101,47.25084472340604,60000,300,8.112463499999649,8.015625,True
cx0.7_mut0.001,0.7,0.001,test_5,4,15,457,58.82383932484748,56.91987120973014,60000,300,8.42013979999956,8.328125,True
cx0.7_mut0.001,0.7,0.001,test_5,4,16,458,44.52270935335495,42.98521251928387,60000,300,8.31212929999947,8.296875,True
cx0.7_mut0.001,0.7,0.001,test_5,4,17,459,46.24533022225887,44.67890031298474,60000,300,7.94685649999974,7.921875,True
cx0.7_mut0.001,0.7,0.001,test_5,4,18,460,53.813494410835176,51.754906478133094,60000,300,9.56197819999943,9.453125,True
cx0.7_mut0.001,0.7,0.001,test_5,4,19,461,57.47632588098389,55.64070799960107,60000,300,8.960063900000023,8.71875,True
cx0.7_mut0.001,0.7,0.001,test_6,5,0,542,48.98448753798196,46.97962999822155,60000,300,11.349100200000066,11.109375,True
cx0.7_mut0.001,0.7,0.001,test_6,5,1,543,45.056745875236174,43.22633827721051,60000,300,10.459186200000659,10.375,True
cx0.7_mut0.001,0.7,0.001,test_6,5,2,544,42.586861460012905,40.7100813094554,60000,300,10.908058199999687,10.703125,True
cx0.7_mut0.001,0.7,0.001,test_6,5,3,545,46.801491948189636,45.28057566552201,60000,300,8.404604399999698,8.25,True
cx0.7_mut0.001,0.7,0.001,test_6,5,4,546,51.42740229098654,49.966530037989244,60000,300,9.17768100000012,8.96875,True
cx0.7_mut0.001,0.7,0.001,test_6,5,5,547,45.9244807176908,43.9788694148758,60000,300,9.50117119999959,9.328125,True
cx0.7_mut0.001,0.7,0.001,test_6,5,6,548,50.509540152196806,48.647318214285974,60000,300,12.568956699999944,12.234375,True
cx0.7_mut0.001,0.7,0.001,test_6,5,7,549,43.68655621816729,42.29172726110829,60000,300,8.396203299999797,8.15625,True
cx0.7_mut0.001,0.7,0.001,test_6,5,8,550,53.70968455070218,51.96801865213316,60000,300,10.803007100000286,10.640625,True
cx0.7_mut0.001,0.7,0.001,test_6,5,9,551,49.44062164291278,47.79408000445417,60000,300,9.068905099999938,8.875,True
cx0.7_mut0.001,0.7,0.001,test_6,5,10,552,45.671676527511025,44.11632852962075,60000,300,9.411984999999731,9.25,True
cx0.7_mut0.001,0.7,0.001,test_6,5,11,553,45.062088981343116,43.54441432549679,60000,300,10.162006999999903,9.953125,True
cx0.7_mut0.001,0.7,0.001,test_6,5,12,554,49.557792160968525,47.580661602255944,60000,300,12.074796500000048,11.765625,True
cx0.7_mut0.001,0.7,0.001,test_6,5,13,555,50.44182054861986,48.811933062079156,60000,300,9.587370100000044,9.265625,True
cx0.7_mut0.001,0.7,0.001,test_6,5,14,556,48.84939459614775,47.104362015260314,60000,300,8.364058300000579,8.203125,True
cx0.7_mut0.001,0.7,0.001,test_6,5,15,557,47.85483949929253,46.02539822750853,60000,300,10.468509199999971,10.328125,True
cx0.7_mut0.001,0.7,0.001,test_6,5,16,558,42.00881540210859,40.07300239084245,60000,300,10.662915099999736,10.375,True
cx0.7_mut0.001,0.7,0.001,test_6,5,17,559,59.36306588972242,57.35441110510809,60000,300,8.017284799999288,7.8125,True
cx0.7_mut0.001,0.7,0.001,test_6,5,18,560,48.93028515362324,47.252502162579916,60000,300,9.901759600000332,9.734375,True
cx0.7_mut0.001,0.7,0.001,test_6,5,19,561,51.76306114519477,49.8133001178198,60000,300,9.273176400000011,9.140625,True
cx0.7_mut0.001,0.7,0.001,test_7,6,0,642,40.26378827675076,38.35085625480495,60000,300,11.06842880000022,10.890625,True
cx0.7_mut0.001,0.7,0.001,test_7,6,1,643,47.48076006060844,45.320827666171105,60000,300,11.064901999999165,10.953125,True
cx0.7_mut0.001,0.7,0.001,test_7,6,2,644,40.420915357619535,38.5854906073588,60000,300,8.151488299999983,8.0,True
cx0.7_mut0.001,0.7,0.001,test_7,6,3,645,43.67436894159373,41.849834433082435,60000,300,11.124768600000607,10.875,True
cx0.7_mut0.001,0.7,0.001,test_7,6,4,646,43.25347190438611,41.52560864245288,60000,300,9.891987100000733,9.703125,True
cx0.7_mut0.001,0.7,0.001,test_7,6,5,647,51.59185762419357,49.48449903663072,60000,300,11.918954199999462,11.671875,True
cx0.7_mut0.001,0.7,0.001,test_7,6,6,648,43.44994152392755,41.44000940896497,60000,300,9.242783599999711,9.125,True
cx0.7_mut0.001,0.7,0.001,test_7,6,7,649,58.98114309822811,56.631353123233964,60000,300,8.548628800000188,8.40625,True
cx0.7_mut0.001,0.7,0.001,test_7,6,8,650,53.87180913108299,52.3867527831887,60000,300,9.408430899999985,9.140625,True
cx0.7_mut0.001,0.7,0.001,test_7,6,9,651,47.06221347831959,45.10113927988821,60000,300,11.347292299999935,11.15625,True
cx0.7_mut0.001,0.7,0.001,test_7,6,10,652,51.517380579070206,49.40134730200656,60000,300,8.430100999999922,8.390625,True
cx0.7_mut0.001,0.7,0.001,test_7,6,11,653,51.871662668216906,49.424839019481425,60000,300,10.04005479999978,9.921875,True
cx0.7_mut0.001,0.7,0.001,test_7,6,12,654,56.84254617564741,55.04597637298438,60000,300,8.439564899999823,8.25,True
cx0.7_mut0.001,0.7,0.001,test_7,6,13,655,42.76086622563281,41.28580129516399,60000,300,8.407983299999614,8.3125,True
cx0.7_mut0.001,0.7,0.001,test_7,6,14,656,52.704388077286765,50.55683433324913,60000,300,7.796611599999778,7.609375,True
cx0.7_mut0.001,0.7,0.001,test_7,6,15,657,51.16946294579875,49.42408762536842,60000,300,8.133547299999918,7.96875,True
cx0.7_mut0.001,0.7,0.001,test_7,6,16,658,43.193775693311075,41.20490411672775,60000,300,12.961610500000461,12.625,True
cx0.7_mut0.001,0.7,0.001,test_7,6,17,659,49.69202000470902,47.67294297466682,60000,300,10.463702800000647,10.28125,True
cx0.7_mut0.001,0.7,0.001,test_7,6,18,660,52.020784839133285,50.29198465869606,60000,300,8.450107300000127,8.375,True
cx0.7_mut0.001,0.7,0.001,test_7,6,19,661,53.52613509874161,51.19051342334431,60000,300,12.072449999999662,11.953125,True
cx0.7_mut0.001,0.7,0.001,test_8,7,0,742,45.22370822819111,43.49689433605017,60000,300,9.446360100000675,9.375,True
cx0.7_mut0.001,0.7,0.001,test_8,7,1,743,46.21617403901906,44.26075264282827,60000,300,10.994443600000523,10.890625,True
cx0.7_mut0.001,0.7,0.001,test_8,7,2,744,43.42780537491414,41.569483197533586,60000,300,9.606143200000588,9.359375,True
cx0.7_mut0.001,0.7,0.001,test_8,7,3,745,50.847629476718865,49.06359012051666,60000,300,10.079541099999915,9.90625,True
cx0.7_mut0.001,0.7,0.001,test_8,7,4,746,49.13136085414868,47.19492319954992,60000,300,8.383067599999777,8.234375,True
cx0.7_mut0.001,0.7,0.001,test_8,7,5,747,45.08751210270217,43.244929469439015,60000,300,8.215127200000097,8.140625,True
cx0.7_mut0.001,0.7,0.001,test_8,7,6,748,40.75266902029451,39.00316440162357,60000,300,8.227834399999665,8.125,True
cx0.7_mut0.001,0.7,0.001,test_8,7,7,749,44.57662500967092,42.44503755120353,60000,300,8.446418100000301,8.34375,True
cx0.7_mut0.001,0.7,0.001,test_8,7,8,750,50.45002869465783,48.266749747347916,60000,300,8.12393399999928,8.0625,True
cx0.7_mut0.001,0.7,0.001,test_8,7,9,751,49.347178992298836,47.84099877636462,60000,300,8.325857800000449,8.234375,True
cx0.7_mut0.001,0.7,0.001,test_8,7,10,752,46.69236833619379,44.6968533481152,60000,300,13.306593000000248,13.09375,True
cx0.7_mut0.001,0.7,0.001,test_8,7,11,753,47.40238665639887,45.71441185568749,60000,300,10.168695200000002,10.03125,True
cx0.7_mut0.001,0.7,0.001,test_8,7,12,754,46.24797487143565,44.69086929998517,60000,300,8.393550499999947,8.328125,True
cx0.7_mut0.001,0.7,0.001,test_8,7,13,755,40.33257756560994,38.467374341866766,60000,300,9.31429130000015,9.171875,True
cx0.7_mut0.001,0.7,0.001,test_8,7,14,756,47.670028221894526,45.83141044487005,60000,300,10.600874799999474,10.484375,True
cx0.7_mut0.001,0.7,0.001,test_8,7,15,757,49.743477096611706,48.07385372387553,60000,300,9.857099400000152,9.6875,True
cx0.7_mut0.001,0.7,0.001,test_8,7,16,758,46.30667076587692,44.500843772752276,60000,300,13.790104799999426,13.59375,True
cx0.7_mut0.001,0.7,0.001,test_8,7,17,759,44.31195707451962,42.55837378563701,60000,300,9.090824500000053,9.046875,True
cx0.7_mut0.001,0.7,0.001,test_8,7,18,760,39.52682475335499,38.01982001026209,60000,300,8.577355500000522,8.40625,True
cx0.7_mut0.001,0.7,0.001,test_8,7,19,761,39.7544951109224,38.1024132881187,60000,300,8.0707323000006,8.03125,True
cx0.7_mut0.001,0.7,0.001,test_9,8,0,842,48.88674587257909,46.96867800036745,60000,300,8.608691100000215,8.46875,True
cx0.7_mut0.001,0.7,0.001,test_9,8,1,843,48.58796733606695,47.11609076283395,60000,300,8.225859500000297,8.203125,True
cx0.7_mut0.001,0.7,0.001,test_9,8,2,844,49.40940686969822,47.800063686759,60000,300,8.720693599999322,8.671875,True
cx0.7_mut0.001,0.7,0.001,test_9,8,3,845,43.50552901038142,41.6349212988045,60000,300,9.037452700000358,8.953125,True
cx0.7_mut0.001,0.7,0.001,test_9,8,4,846,49.36708318199863,47.64883683588438,60000,300,7.726566300000741,7.59375,True
cx0.7_mut0.001,0.7,0.001,test_9,8,5,847,48.02082610587422,46.4496212539902,60000,300,11.348541300000761,11.28125,True
cx0.7_mut0.001,0.7,0.001,test_9,8,6,848,43.08788369057531,41.50356484229357,60000,300,11.213442199999918,11.0625,True
cx0.7_mut0.001,0.7,0.001,test_9,8,7,849,40.41164400580596,38.80759727123646,60000,300,8.134183000000121,8.015625,True
cx0.7_mut0.001,0.7,0.001,test_9,8,8,850,48.68119628803156,47.107629141743374,60000,300,7.881551999999829,7.765625,True
cx0.7_mut0.001,0.7,0.001,test_9,8,9,851,53.29089328079691,51.313720429758774,60000,300,9.05914059999941,8.984375,True
cx0.7_mut0.001,0.7,0.001,test_9,8,10,852,52.7748373287428,51.092385947779796,60000,300,8.418122799999765,8.328125,True
cx0.7_mut0.001,0.7,0.001,test_9,8,11,853,51.70731236252998,49.929200102454516,60000,300,8.612932800000635,8.5625,True
cx0.7_mut0.001,0.7,0.001,test_9,8,12,854,48.62561157426862,46.85040841240559,60000,300,9.349587700000484,9.1875,True
cx0.7_mut0.001,0.7,0.001,test_9,8,13,855,49.750879707180594,47.627111853156,60000,300,12.1670993000007,12.0,True
cx0.7_mut0.001,0.7,0.001,test_9,8,14,856,46.59434328410199,44.693996436455286,60000,300,8.957807599999796,8.796875,True
cx0.7_mut0.001,0.7,0.001,test_9,8,15,857,57.00887742588798,55.47555594332844,60000,300,8.210244500000044,8.109375,True
cx0.7_mut0.001,0.7,0.001,test_9,8,16,858,49.1577209209137,47.195820761674234,60000,300,8.26393459999963,8.21875,True
cx0.7_mut0.001,0.7,0.001,test_9,8,17,859,49.66095959299244,47.960516905613446,60000,300,8.637556000000586,8.59375,True
cx0.7_mut0.001,0.7,0.001,test_9,8,18,860,49.26313163801557,47.5608249292818,60000,300,9.417779299999893,9.265625,True
cx0.7_mut0.001,0.7,0.001,test_9,8,19,861,44.79828680055696,43.203490839223974,60000,300,8.317840200000319,8.21875,True
cx0.7_mut0.001,0.7,0.001,test_10,9,0,942,47.93961470604678,45.77936902201637,60000,300,11.651494300000195,11.5625,True
cx0.7_mut0.001,0.7,0.001,test_10,9,1,943,47.02219328625347,45.27770998350168,60000,300,8.26302129999931,8.234375,True
cx0.7_mut0.001,0.7,0.001,test_10,9,2,944,41.530334514564174,39.94196850672232,60000,300,9.851507600000332,9.6875,True
cx0.7_mut0.001,0.7,0.001,test_10,9,3,945,42.1310382507409,40.271046500771696,60000,300,8.592466199999762,8.5,True
cx0.7_mut0.001,0.7,0.001,test_10,9,4,946,44.742149773898596,43.50648310117423,60000,300,8.419982399999753,8.28125,True
cx0.7_mut0.001,0.7,0.001,test_10,9,5,947,43.10280783642369,41.593694999121034,60000,300,9.73245550000047,9.640625,True
cx0.7_mut0.001,0.7,0.001,test_10,9,6,948,46.61883597150782,45.14278698592953,60000,300,8.445662499999344,8.34375,True
cx0.7_mut0.001,0.7,0.001,test_10,9,7,949,42.71895888626903,41.3258275540234,60000,300,8.521241700000246,8.375,True
cx0.7_mut0.001,0.7,0.001,test_10,9,8,950,43.46233751545365,42.04209549035708,60000,300,8.481755099999646,8.390625,True
cx0.7_mut0.001,0.7,0.001,test_10,9,9,951,42.26408958903796,40.647572739953624,60000,300,7.916305800000373,7.828125,True
cx0.7_mut0.001,0.7,0.001,test_10,9,10,952,53.57013141163289,51.84001999886169,60000,300,9.651353799999924,9.5625,True
cx0.7_mut0.001,0.7,0.001,test_10,9,11,953,45.952007747881495,44.013098526603294,60000,300,8.333916699999463,8.21875,True
cx0.7_mut0.001,0.7,0.001,test_10,9,12,954,48.15175674698647,46.35634075839852,60000,300,7.726033099999768,7.640625,True
cx0.7_mut0.001,0.7,0.001,test_10,9,13,955,43.016986006426244,41.27486040462543,60000,300,8.26391269999931,8.1875,True
cx0.7_mut0.001,0.7,0.001,test_10,9,14,956,49.92622597675185,48.27012055282226,60000,300,8.276127500000257,8.1875,True
cx0.7_mut0.001,0.7,0.001,test_10,9,15,957,38.27666329085414,36.35423652252386,60000,300,8.096718300000248,7.9375,True
cx0.7_mut0.001,0.7,0.001,test_10,9,16,958,42.54888416951803,40.96428784355589,60000,300,8.314314700000068,8.265625,True
cx0.7_mut0.001,0.7,0.001,test_10,9,17,959,41.11396826483156,39.65978724064752,60000,300,9.274660199999744,9.140625,True
cx0.7_mut0.001,0.7,0.001,test_10,9,18,960,44.180382577661675,42.48155015736354,60000,300,8.6277783000005,8.53125,True
cx0.7_mut0.001,0.7,0.001,test_10,9,19,961,47.46799896615351,45.803589277667925,60000,300,7.09795159999976,7.078125,True
cx0.7_mut0.01,0.7,0.01,test_1,0,0,42,47.161898858738475,44.962271893334794,60000,300,7.95000680000021,7.671875,True
cx0.7_mut0.01,0.7,0.01,test_1,0,1,43,41.06833756836008,39.457792928033086,60000,300,8.611530299999686,8.53125,True
cx0.7_mut0.01,0.7,0.01,test_1,0,2,44,38.06534320271695,36.49511851703866,60000,300,9.418038100000103,9.28125,True
cx0.7_mut0.01,0.7,0.01,test_1,0,3,45,44.370148600135664,42.71679434584015,60000,300,9.362523099999635,9.1875,True
cx0.7_mut0.01,0.7,0.01,test_1,0,4,46,45.17215465768148,43.12144486474531,60000,300,9.084659099999953,9.03125,True
cx0.7_mut0.01,0.7,0.01,test_1,0,5,47,43.43993062291754,41.98156173231501,60000,300,12.221736299999975,12.0,True
cx0.7_mut0.01,0.7,0.01,test_1,0,6,48,53.02210873978057,51.7052190170445,60000,300,14.029786299999614,13.65625,True
cx0.7_mut0.01,0.7,0.01,test_1,0,7,49,41.28014718410207,39.52792637073992,60000,300,10.128402800000003,9.875,True
cx0.7_mut0.01,0.7,0.01,test_1,0,8,50,42.07931347166029,40.50940900472714,60000,300,8.430904100000134,8.359375,True
cx0.7_mut0.01,0.7,0.01,test_1,0,9,51,40.61945664760972,39.12829763027551,60000,300,9.04807669999991,8.953125,True
cx0.7_mut0.01,0.7,0.01,test_1,0,10,52,47.794371711065004,45.865062034348036,60000,300,9.925848100000167,9.75,True
cx0.7_mut0.01,0.7,0.01,test_1,0,11,53,42.59553030745907,40.76924179694051,60000,300,11.081294300000081,10.96875,True
cx0.7_mut0.01,0.7,0.01,test_1,0,12,54,35.071472793956495,33.608969802242065,60000,300,9.365205600000081,9.234375,True
cx0.7_mut0.01,0.7,0.01,test_1,0,13,55,44.454484552814016,42.61760836437236,60000,300,8.110907499999485,7.984375,True
cx0.7_mut0.01,0.7,0.01,test_1,0,14,56,44.7019533162125,42.749444081020634,60000,300,8.53778870000042,8.4375,True
cx0.7_mut0.01,0.7,0.01,test_1,0,15,57,45.492554632406005,43.91727477769792,60000,300,10.316562899999553,10.25,True
cx0.7_mut0.01,0.7,0.01,test_1,0,16,58,41.03644018145486,39.361212796387534,60000,300,9.378675599999951,9.34375,True
cx0.7_mut0.01,0.7,0.01,test_1,0,17,59,43.119346195488255,41.491228030969914,60000,300,8.367292299999463,8.3125,True
cx0.7_mut0.01,0.7,0.01,test_1,0,18,60,47.72970617220002,45.680616921186456,60000,300,8.416605499999605,8.328125,True
cx0.7_mut0.01,0.7,0.01,test_1,0,19,61,42.32642984882769,40.97273200173318,60000,300,10.171360399999685,10.109375,True
cx0.7_mut0.01,0.7,0.01,test_2,1,0,142,36.442224190249874,34.68114485109265,60000,300,9.29225310000038,9.25,True
cx0.7_mut0.01,0.7,0.01,test_2,1,1,143,37.46534710757734,35.58210823712713,60000,300,10.917499199999838,10.8125,True
cx0.7_mut0.01,0.7,0.01,test_2,1,2,144,39.64535809381952,37.9743568155527,60000,300,9.604486200000792,9.453125,True
cx0.7_mut0.01,0.7,0.01,test_2,1,3,145,41.08792019521529,39.51030583197557,60000,300,9.777572700000746,9.734375,True
cx0.7_mut0.01,0.7,0.01,test_2,1,4,146,30.12900100674775,28.73689884383934,60000,300,9.248037199999999,9.1875,True
cx0.7_mut0.01,0.7,0.01,test_2,1,5,147,41.755558076099334,40.28853037217637,60000,300,8.137548100000458,8.109375,True
cx0.7_mut0.01,0.7,0.01,test_2,1,6,148,41.22504452381423,39.663513068354135,60000,300,11.646220599999651,11.546875,True
cx0.7_mut0.01,0.7,0.01,test_2,1,7,149,35.85060016897537,34.32336481583102,60000,300,7.969463399999768,7.9375,True
cx0.7_mut0.01,0.7,0.01,test_2,1,8,150,36.17296103151592,34.51203817787677,60000,300,9.292875099999947,9.25,True
cx0.7_mut0.01,0.7,0.01,test_2,1,9,151,38.4859852919819,37.10446341624553,60000,300,8.740031700000145,8.5,True
cx0.7_mut0.01,0.7,0.01,test_2,1,10,152,40.08993826264315,38.487267977609314,60000,300,12.95991370000047,12.84375,True
cx0.7_mut0.01,0.7,0.01,test_2,1,11,153,43.83249866798396,42.01899555353682,60000,300,9.868707800000266,9.75,True
cx0.7_mut0.01,0.7,0.01,test_2,1,12,154,38.01275200864413,36.48859282793993,60000,300,7.8917412000000695,7.8125,True
cx0.7_mut0.01,0.7,0.01,test_2,1,13,155,37.63368082123965,35.921060099052355,60000,300,8.323855399999957,8.171875,True
cx0.7_mut0.01,0.7,0.01,test_2,1,14,156,39.131274749539024,37.45641384173658,60000,300,10.519473999999718,10.296875,True
cx0.7_mut0.01,0.7,0.01,test_2,1,15,157,39.61356615974501,38.10639820723872,60000,300,7.793182800000068,7.671875,True
cx0.7_mut0.01,0.7,0.01,test_2,1,16,158,34.36514852420718,32.85772445444816,60000,300,8.78017760000057,8.71875,True
cx0.7_mut0.01,0.7,0.01,test_2,1,17,159,37.4265964542335,35.7873109940583,60000,300,8.991276700000526,8.859375,True
cx0.7_mut0.01,0.7,0.01,test_2,1,18,160,42.01543560827701,40.33043542384353,60000,300,12.256655799999862,12.03125,True
cx0.7_mut0.01,0.7,0.01,test_2,1,19,161,42.11608454245143,40.286428973002984,60000,300,9.210331100000076,9.125,True
cx0.7_mut0.01,0.7,0.01,test_3,2,0,242,34.803663323172124,33.236133423191355,60000,300,10.90717229999973,10.84375,True
cx0.7_mut0.01,0.7,0.01,test_3,2,1,243,36.50932090999814,35.11711923147445,60000,300,8.986683199999788,8.96875,True
cx0.7_mut0.01,0.7,0.01,test_3,2,2,244,36.37853980271819,34.677507576397616,60000,300,10.425893300000098,10.28125,True
cx0.7_mut0.01,0.7,0.01,test_3,2,3,245,34.89913421396822,33.51675685906874,60000,300,10.647131400000035,10.515625,True
cx0.7_mut0.01,0.7,0.01,test_3,2,4,246,41.97753424701263,40.46180498544367,60000,300,8.929664100000082,8.859375,True
cx0.7_mut0.01,0.7,0.01,test_3,2,5,247,36.66545675220392,34.93151150539282,60000,300,11.786064299999452,11.546875,True
cx0.7_mut0.01,0.7,0.01,test_3,2,6,248,40.98667489822412,39.26854302432922,60000,300,10.53905980000036,10.46875,True
cx0.7_mut0.01,0.7,0.01,test_3,2,7,249,38.78756619417128,37.352508431906415,60000,300,12.608430799999951,12.484375,True
cx0.7_mut0.01,0.7,0.01,test_3,2,8,250,48.04825950343242,46.162877227531354,60000,300,8.564374399999906,8.46875,True
cx0.7_mut0.01,0.7,0.01,test_3,2,9,251,43.1529564037605,41.03003796108162,60000,300,10.83883270000024,10.75,True
cx0.7_mut0.01,0.7,0.01,test_3,2,10,252,40.244763771244756,38.35027873717612,60000,300,11.2713461000003,11.125,True
cx0.7_mut0.01,0.7,0.01,test_3,2,11,253,39.09196068764926,37.39524731844386,60000,300,10.765798200000063,10.640625,True
cx0.7_mut0.01,0.7,0.01,test_3,2,12,254,40.71687280888127,38.827902437987156,60000,300,10.317132499999389,10.015625,True
cx0.7_mut0.01,0.7,0.01,test_3,2,13,255,37.25610797114815,35.411042885524154,60000,300,12.051190199999837,11.734375,True
cx0.7_mut0.01,0.7,0.01,test_3,2,14,256,40.735736717802595,38.82893582094052,60000,300,9.214841199999682,9.125,True
cx0.7_mut0.01,0.7,0.01,test_3,2,15,257,39.50505352983772,37.90713116612479,60000,300,10.852723699999842,10.75,True
cx0.7_mut0.01,0.7,0.01,test_3,2,16,258,38.46567039876319,36.37675745646918,60000,300,12.213111600000047,12.09375,True
cx0.7_mut0.01,0.7,0.01,test_3,2,17,259,34.09466478698136,32.11643347013613,60000,300,8.534965800000464,8.4375,True
cx0.7_mut0.01,0.7,0.01,test_3,2,18,260,42.49468830667089,40.81463294078247,60000,300,10.86502180000025,10.703125,True
cx0.7_mut0.01,0.7,0.01,test_3,2,19,261,41.34942265275391,39.87016370624618,60000,300,10.166468399999758,10.09375,True
cx0.7_mut0.01,0.7,0.01,test_4,3,0,342,34.586515697545344,33.00443425525594,60000,300,10.154575999999906,10.046875,True
cx0.7_mut0.01,0.7,0.01,test_4,3,1,343,37.81567525663873,36.34554083295027,60000,300,12.463790399999198,12.375,True
cx0.7_mut0.01,0.7,0.01,test_4,3,2,344,32.07997256166826,30.585811505884326,60000,300,8.868657400000302,8.78125,True
cx0.7_mut0.01,0.7,0.01,test_4,3,3,345,30.324969930883586,29.086720081459145,60000,300,8.425036499999806,8.359375,True
cx0.7_mut0.01,0.7,0.01,test_4,3,4,346,30.3222872778562,28.9188644731735,60000,300,9.729032700000062,9.640625,True
cx0.7_mut0.01,0.7,0.01,test_4,3,5,347,35.03836039617262,33.31058068032477,60000,300,8.961093400000209,8.875,True
cx0.7_mut0.01,0.7,0.01,test_4,3,6,348,33.048673571297115,31.4126268887442,60000,300,11.44653339999968,11.328125,True
cx0.7_mut0.01,0.7,0.01,test_4,3,7,349,31.48846544727681,30.116265916152297,60000,300,10.171735700000681,10.0,True
cx0.7_mut0.01,0.7,0.01,test_4,3,8,350,31.651980307679693,30.158683670106157,60000,300,10.084565499999371,9.953125,True
cx0.7_mut0.01,0.7,0.01,test_4,3,9,351,32.21560990286583,30.865194966034046,60000,300,10.577597699999387,10.484375,True
cx0.7_mut0.01,0.7,0.01,test_4,3,10,352,31.94619454634893,30.466535969051783,60000,300,11.21709060000012,11.171875,True
cx0.7_mut0.01,0.7,0.01,test_4,3,11,353,31.872697603224136,30.506218384478732,60000,300,11.003042899999855,10.875,True
cx0.7_mut0.01,0.7,0.01,test_4,3,12,354,37.9590979150603,36.36804808957057,60000,300,8.66985990000012,8.625,True
cx0.7_mut0.01,0.7,0.01,test_4,3,13,355,39.14231277974925,37.31981410801603,60000,300,11.964458800000102,11.90625,True
cx0.7_mut0.01,0.7,0.01,test_4,3,14,356,36.298482045372296,34.88029549579098,60000,300,10.688566299999366,10.5625,True
cx0.7_mut0.01,0.7,0.01,test_4,3,15,357,35.97764611347422,34.41566290153625,60000,300,8.584729499999412,8.421875,True
cx0.7_mut0.01,0.7,0.01,test_4,3,16,358,33.11477132288908,31.453412250143657,60000,300,9.969054700000015,9.921875,True
cx0.7_mut0.01,0.7,0.01,test_4,3,17,359,29.05814957708438,27.681496899959484,60000,300,8.354312800000116,8.25,True
cx0.7_mut0.01,0.7,0.01,test_4,3,18,360,29.782406383054777,28.602489045886923,60000,300,10.598148000000037,10.5,True
cx0.7_mut0.01,0.7,0.01,test_4,3,19,361,32.68555198232751,30.872577655164186,60000,300,11.987472900000284,11.90625,True
cx0.7_mut0.01,0.7,0.01,test_5,4,0,442,42.78926494171995,40.85804136246327,60000,300,10.27690689999963,10.203125,True
cx0.7_mut0.01,0.7,0.01,test_5,4,1,443,42.61078219348828,41.00643605308991,60000,300,9.477138899999773,9.390625,True
cx0.7_mut0.01,0.7,0.01,test_5,4,2,444,40.584280713209836,38.703155031135104,60000,300,8.65278599999965,8.59375,True
cx0.7_mut0.01,0.7,0.01,test_5,4,3,445,45.776890929476174,43.8560875904673,60000,300,11.61829140000009,11.484375,True
cx0.7_mut0.01,0.7,0.01,test_5,4,4,446,43.12200124515515,40.94375266627019,60000,300,9.639519799999107,9.609375,True
cx0.7_mut0.01,0.7,0.01,test_5,4,5,447,48.50372004826819,46.77521592209948,60000,300,9.962377200000446,9.8125,True
cx0.7_mut0.01,0.7,0.01,test_5,4,6,448,35.45745349543937,33.88252108629871,60000,300,8.216577500000312,8.09375,True
cx0.7_mut0.01,0.7,0.01,test_5,4,7,449,43.236053600005256,41.485081359135805,60000,300,8.23757360000036,8.15625,True
cx0.7_mut0.01,0.7,0.01,test_5,4,8,450,40.39596807008962,39.02428295817932,60000,300,8.665623800000503,8.609375,True
cx0.7_mut0.01,0.7,0.01,test_5,4,9,451,42.301667629113744,40.68675822501661,60000,300,8.140105499999663,8.09375,True
cx0.7_mut0.01,0.7,0.01,test_5,4,10,452,43.76450066476525,42.00930966143891,60000,300,11.298237199999676,11.21875,True
cx0.7_mut0.01,0.7,0.01,test_5,4,11,453,39.655397793570124,38.29694280966381,60000,300,10.165988300000208,10.03125,True
cx0.7_mut0.01,0.7,0.01,test_5,4,12,454,42.04198362618069,40.37198340296741,60000,300,9.225693200000023,9.15625,True
cx0.7_mut0.01,0.7,0.01,test_5,4,13,455,40.47535192508423,38.82741195333939,60000,300,8.645833499999753,8.53125,True
cx0.7_mut0.01,0.7,0.01,test_5,4,14,456,38.333114544970854,36.61117097171207,60000,300,9.632484900000236,9.53125,True
cx0.7_mut0.01,0.7,0.01,test_5,4,15,457,42.86326649948851,41.12095748065094,60000,300,8.843863000000056,8.765625,True
cx0.7_mut0.01,0.7,0.01,test_5,4,16,458,38.499518132177805,37.10239752151507,60000,300,8.240058499999577,8.15625,True
cx0.7_mut0.01,0.7,0.01,test_5,4,17,459,36.559660715155616,34.94852368046125,60000,300,9.31469560000005,9.28125,True
cx0.7_mut0.01,0.7,0.01,test_5,4,18,460,42.1029154821086,40.36364440498729,60000,300,8.89538149999953,8.734375,True
cx0.7_mut0.01,0.7,0.01,test_5,4,19,461,48.252962140743044,46.89021325129373,60000,300,9.358298000000104,9.21875,True
cx0.7_mut0.01,0.7,0.01,test_6,5,0,542,45.44519507539878,43.56700581037755,60000,300,11.770725800000037,11.5625,True
cx0.7_mut0.01,0.7,0.01,test_6,5,1,543,43.484152879425466,42.148695204117864,60000,300,8.119080600000416,8.03125,True
cx0.7_mut0.01,0.7,0.01,test_6,5,2,544,36.70369951947109,35.40321871899361,60000,300,8.243791500000043,8.046875,True
cx0.7_mut0.01,0.7,0.01,test_6,5,3,545,35.283488832094406,33.83227438123197,60000,300,9.177518499999678,8.890625,True
cx0.7_mut0.01,0.7,0.01,test_6,5,4,546,35.304664760402986,34.03345838148016,60000,300,10.5198991999996,10.34375,True
cx0.7_mut0.01,0.7,0.01,test_6,5,5,547,46.15134204028175,44.08350406165546,60000,300,8.300900600000205,8.125,True
cx0.7_mut0.01,0.7,0.01,test_6,5,6,548,44.81872299633864,43.372150547409476,60000,300,11.751006800000141,11.53125,True
cx0.7_mut0.01,0.7,0.01,test_6,5,7,549,38.030625683932065,36.33995886699542,60000,300,12.02502419999928,11.75,True
cx0.7_mut0.01,0.7,0.01,test_6,5,8,550,38.75246285693075,37.17699062677007,60000,300,10.66766430000007,10.421875,True
cx0.7_mut0.01,0.7,0.01,test_6,5,9,551,42.94570186529204,41.26783058124519,60000,300,15.112007299999277,14.78125,True
cx0.7_mut0.01,0.7,0.01,test_6,5,10,552,39.55050050664547,37.91093449259264,60000,300,12.235392900000079,11.90625,True
cx0.7_mut0.01,0.7,0.01,test_6,5,11,553,42.24423717274175,40.691911119979956,60000,300,10.869516800000383,10.625,True
cx0.7_mut0.01,0.7,0.01,test_6,5,12,554,40.568788275219475,38.766212807126344,60000,300,8.998290800000177,8.859375,True
cx0.7_mut0.01,0.7,0.01,test_6,5,13,555,38.74872443826178,36.935793523731455,60000,300,9.513821100000314,9.34375,True
cx0.7_mut0.01,0.7,0.01,test_6,5,14,556,41.5993047902613,39.91313472609564,60000,300,12.005119200000081,11.8125,True
cx0.7_mut0.01,0.7,0.01,test_6,5,15,557,34.574934974673575,33.021752529589776,60000,300,11.1434134000001,10.90625,True
cx0.7_mut0.01,0.7,0.01,test_6,5,16,558,41.78057264801573,39.68607743053306,60000,300,9.943766399999731,9.71875,True
cx0.7_mut0.01,0.7,0.01,test_6,5,17,559,48.10576055685243,46.723653028604986,60000,300,8.12378340000032,8.015625,True
cx0.7_mut0.01,0.7,0.01,test_6,5,18,560,35.81851211407574,34.37973031039015,60000,300,10.82164229999944,10.671875,True
cx0.7_mut0.01,0.7,0.01,test_6,5,19,561,45.01117547652873,43.20878676898585,60000,300,12.283695099999932,12.109375,True
cx0.7_mut0.01,0.7,0.01,test_7,6,0,642,36.079198904652586,34.64995551611945,60000,300,9.615123699999458,9.5,True
cx0.7_mut0.01,0.7,0.01,test_7,6,1,643,39.22227332678518,37.50566656608006,60000,300,8.504545099999632,8.40625,True
cx0.7_mut0.01,0.7,0.01,test_7,6,2,644,43.4686552560002,41.80457582445149,60000,300,9.483523299999433,9.265625,True
cx0.7_mut0.01,0.7,0.01,test_7,6,3,645,39.33089366887525,37.52069359976481,60000,300,9.453236499999548,9.296875,True
cx0.7_mut0.01,0.7,0.01,test_7,6,4,646,31.18502620215015,29.919460899271282,60000,300,10.092614299999696,10.0,True
cx0.7_mut0.01,0.7,0.01,test_7,6,5,647,41.211288542088326,39.21660499357844,60000,300,8.347650799999428,8.171875,True
cx0.7_mut0.01,0.7,0.01,test_7,6,6,648,41.94947011854383,40.413155990776986,60000,300,10.945786000000226,10.703125,True
cx0.7_mut0.01,0.7,0.01,test_7,6,7,649,45.74342080707866,43.35833776248019,60000,300,8.192648299999746,8.03125,True
cx0.7_mut0.01,0.7,0.01,test_7,6,8,650,39.65817617270955,37.83354865302354,60000,300,9.341371900000013,8.953125,True
cx0.7_mut0.01,0.7,0.01,test_7,6,9,651,38.12628461834189,36.50447570459315,60000,300,8.624990199999957,8.5,True
cx0.7_mut0.01,0.7,0.01,test_7,6,10,652,37.520177342194444,35.72210228513508,60000,300,9.410653299999467,9.296875,True
cx0.7_mut0.01,0.7,0.01,test_7,6,11,653,32.010891917928376,30.150928153012213,60000,300,11.204402900000787,11.03125,True
cx0.7_mut0.01,0.7,0.01,test_7,6,12,654,40.6145846910142,39.08513247193196,60000,300,9.547284800000853,9.328125,True
cx0.7_mut0.01,0.7,0.01,test_7,6,13,655,35.079162214179384,33.64886098770577,60000,300,7.910077800000181,7.765625,True
cx0.7_mut0.01,0.7,0.01,test_7,6,14,656,44.64474862572269,42.70554564052719,60000,300,8.893428500000482,8.6875,True
cx0.7_mut0.01,0.7,0.01,test_7,6,15,657,43.09890415226019,41.29876026327657,60000,300,8.211591300000691,8.078125,True
cx0.7_mut0.01,0.7,0.01,test_7,6,16,658,45.72201153769539,43.855338208090245,60000,300,8.514775200000258,8.359375,True
cx0.7_mut0.01,0.7,0.01,test_7,6,17,659,38.23581759385186,36.615086434874314,60000,300,7.570276999999805,7.484375,True
cx0.7_mut0.01,0.7,0.01,test_7,6,18,660,40.96554731426741,39.123478879517535,60000,300,9.799261000000115,9.703125,True
cx0.7_mut0.01,0.7,0.01,test_7,6,19,661,39.78314094638547,38.09608978720273,60000,300,8.248618800000258,8.140625,True
cx0.7_mut0.01,0.7,0.01,test_8,7,0,742,39.7721613808467,37.94497969574861,60000,300,12.423328999999285,12.296875,True
cx0.7_mut0.01,0.7,0.01,test_8,7,1,743,34.37958716226851,32.615426457761004,60000,300,9.549039300000004,9.453125,True
cx0.7_mut0.01,0.7,0.01,test_8,7,2,744,32.77624544409635,31.059040834900102,60000,300,9.592634699999508,9.40625,True
cx0.7_mut0.01,0.7,0.01,test_8,7,3,745,37.41279842372181,35.90237558790586,60000,300,8.474816199999623,8.375,True
cx0.7_mut0.01,0.7,0.01,test_8,7,4,746,42.14506295141159,40.25165267775666,60000,300,9.674715699999979,9.640625,True
cx0.7_mut0.01,0.7,0.01,test_8,7,5,747,46.21683422927188,44.28493642925991,60000,300,8.456364599999688,8.359375,True
cx0.7_mut0.01,0.7,0.01,test_8,7,6,748,36.84373071058933,35.16810203360692,60000,300,11.540126300000338,11.40625,True
cx0.7_mut0.01,0.7,0.01,test_8,7,7,749,39.00839787166896,37.179149220816925,60000,300,9.677690699999403,9.640625,True
cx0.7_mut0.01,0.7,0.01,test_8,7,8,750,34.73530985947715,32.92774815605239,60000,300,10.32684959999915,10.25,True
cx0.7_mut0.01,0.7,0.01,test_8,7,9,751,38.37960513403713,36.67891299008565,60000,300,10.131751400000212,10.0,True
cx0.7_mut0.01,0.7,0.01,test_8,7,10,752,41.57536655950141,39.79204698745631,60000,300,9.158042199999727,9.03125,True
cx0.7_mut0.01,0.7,0.01,test_8,7,11,753,34.92412580039583,32.97532058621874,60000,300,11.911923700000443,11.78125,True
cx0.7_mut0.01,0.7,0.01,test_8,7,12,754,38.58808726521033,36.92476407544521,60000,300,9.230050500000289,9.109375,True
cx0.7_mut0.01,0.7,0.01,test_8,7,13,755,36.40155355202603,34.98102677250865,60000,300,8.48348900000019,8.390625,True
cx0.7_mut0.01,0.7,0.01,test_8,7,14,756,36.69029311845798,35.36358879032599,60000,300,12.206638099999509,12.09375,True
cx0.7_mut0.01,0.7,0.01,test_8,7,15,757,42.489189902059664,40.76881591647546,60000,300,13.531503000000157,13.421875,True
cx0.7_mut0.01,0.7,0.01,test_8,7,16,758,47.592966761809855,45.85594039320307,60000,300,8.522345100000166,8.390625,True
cx0.7_mut0.01,0.7,0.01,test_8,7,17,759,37.460738152290496,36.03597931643063,60000,300,8.284362000000328,8.234375,True
cx0.7_mut0.01,0.7,0.01,test_8,7,18,760,38.10189187804327,36.3190218804824,60000,300,13.233481700000084,13.0,True
cx0.7_mut0.01,0.7,0.01,test_8,7,19,761,38.24105425164743,36.37440863964895,60000,300,8.539253799999642,8.4375,True
cx0.7_mut0.01,0.7,0.01,test_9,8,0,842,36.29583683739447,34.86873180388446,60000,300,10.214805099999467,10.109375,True
cx0.7_mut0.01,0.7,0.01,test_9,8,1,843,49.17433920313872,47.75108372395037,60000,300,11.54334209999979,11.40625,True
cx0.7_mut0.01,0.7,0.01,test_9,8,2,844,41.27736839719224,39.94270965464335,60000,300,8.19901900000059,8.15625,True
cx0.7_mut0.01,0.7,0.01,test_9,8,3,845,34.93128281927874,33.43417961844615,60000,300,9.567021400000158,9.40625,True
cx0.7_mut0.01,0.7,0.01,test_9,8,4,846,37.58020542051886,36.38152199426693,60000,300,8.265192600000773,8.171875,True
cx0.7_mut0.01,0.7,0.01,test_9,8,5,847,34.894167091241094,33.459652355157985,60000,300,12.354736900000717,12.203125,True
cx0.7_mut0.01,0.7,0.01,test_9,8,6,848,39.1024676086415,37.4373204614837,60000,300,9.59757030000037,9.390625,True
cx0.7_mut0.01,0.7,0.01,test_9,8,7,849,48.57969776736495,47.11968129951492,60000,300,10.454276200000095,10.421875,True
cx0.7_mut0.01,0.7,0.01,test_9,8,8,850,40.79868461719684,39.267998256216295,60000,300,9.843274100000599,9.734375,True
cx0.7_mut0.01,0.7,0.01,test_9,8,9,851,37.663399269020516,36.37513406222803,60000,300,8.093294400000559,8.0,True
cx0.7_mut0.01,0.7,0.01,test_9,8,10,852,39.89938755180468,38.00938229052888,60000,300,9.003764799999772,8.921875,True
cx0.7_mut0.01,0.7,0.01,test_9,8,11,853,36.995958902745336,35.2479606027644,60000,300,8.100437799999781,8.0,True
cx0.7_mut0.01,0.7,0.01,test_9,8,12,854,39.85904022953288,38.03534346344589,60000,300,9.364478800000143,9.234375,True
cx0.7_mut0.01,0.7,0.01,test_9,8,13,855,41.43282021702477,39.73658118297887,60000,300,12.657122300000083,12.53125,True
cx0.7_mut0.01,0.7,0.01,test_9,8,14,856,36.4366932778473,35.038847536973854,60000,300,11.002432900000713,10.796875,True
cx0.7_mut0.01,0.7,0.01,test_9,8,15,857,43.22998011407972,41.27968710949266,60000,300,8.79437179999968,8.671875,True
cx0.7_mut0.01,0.7,0.01,test_9,8,16,858,40.1058051907286,38.38581331738312,60000,300,9.365348499999527,9.296875,True
cx0.7_mut0.01,0.7,0.01,test_9,8,17,859,39.76588621350794,38.016660137058366,60000,300,8.705908400000226,8.65625,True
cx0.7_mut0.01,0.7,0.01,test_9,8,18,860,38.19731978544444,36.32382105375799,60000,300,10.362720199999785,10.265625,True
cx0.7_mut0.01,0.7,0.01,test_9,8,19,861,41.58365365813733,39.97304919185717,60000,300,11.007457100000465,10.96875,True
cx0.7_mut0.01,0.7,0.01,test_10,9,0,942,38.82344143300643,36.938373954450526,60000,300,7.84599739999976,7.78125,True
cx0.7_mut0.01,0.7,0.01,test_10,9,1,943,45.64906685641857,44.01345894821989,60000,300,12.241631099999722,11.984375,True
cx0.7_mut0.01,0.7,0.01,test_10,9,2,944,35.8335256940353,34.45448435063935,60000,300,10.69200020000062,10.546875,True
cx0.7_mut0.01,0.7,0.01,test_10,9,3,945,37.07935196008914,35.26898751039303,60000,300,10.73857179999959,10.65625,True
cx0.7_mut0.01,0.7,0.01,test_10,9,4,946,32.14328233128041,30.638107559484098,60000,300,10.497091299999738,10.375,True
cx0.7_mut0.01,0.7,0.01,test_10,9,5,947,37.20889185266722,35.63982011910216,60000,300,9.00535089999994,8.890625,True
cx0.7_mut0.01,0.7,0.01,test_10,9,6,948,46.858205895498465,45.03697834977152,60000,300,13.251326499999777,13.03125,True
cx0.7_mut0.01,0.7,0.01,test_10,9,7,949,35.41810622643842,33.751448882949234,60000,300,11.971642999999858,11.796875,True
cx0.7_mut0.01,0.7,0.01,test_10,9,8,950,42.05503263436732,40.571756425264866,60000,300,8.158762600000045,8.03125,True
cx0.7_mut0.01,0.7,0.01,test_10,9,9,951,40.78066839300646,39.138160318257135,60000,300,11.954838599999675,11.78125,True
cx0.7_mut0.01,0.7,0.01,test_10,9,10,952,36.65798744741933,34.815642276691875,60000,300,8.786420800000087,8.671875,True
cx0.7_mut0.01,0.7,0.01,test_10,9,11,953,35.040889699522786,33.453270943453546,60000,300,8.304028600000493,8.203125,True
cx0.7_mut0.01,0.7,0.01,test_10,9,12,954,37.595004574654574,36.034562378167365,60000,300,8.095908999999665,8.015625,True
cx0.7_mut0.01,0.7,0.01,test_10,9,13,955,35.561024504385585,33.93195794287374,60000,300,10.426590199999737,10.328125,True
cx0.7_mut0.01,0.7,0.01,test_10,9,14,956,43.3639194480577,41.911149038189606,60000,300,10.735830599999645,10.71875,True
cx0.7_mut0.01,0.7,0.01,test_10,9,15,957,44.426254977991434,42.78774167586788,60000,300,7.822212699999909,7.734375,True
cx0.7_mut0.01,0.7,0.01,test_10,9,16,958,34.46771990939132,32.7773630043744,60000,300,9.46997730000021,9.421875,True
cx0.7_mut0.01,0.7,0.01,test_10,9,17,959,42.85189920625644,41.092705958874426,60000,300,10.87077919999956,10.71875,True
cx0.7_mut0.01,0.7,0.01,test_10,9,18,960,44.74394375456681,42.77441821567112,60000,300,9.725587499999165,9.609375,True
cx0.7_mut0.01,0.7,0.01,test_10,9,19,961,34.00946456490509,32.65659360817567,60000,300,6.912970599999426,6.84375,True
cx0.7_mut0.1,0.7,0.1,test_1,0,0,42,29.75044636469687,28.568951188111864,60000,300,6.867612299999564,6.71875,True
cx0.7_mut0.1,0.7,0.1,test_1,0,1,43,40.59437778477024,39.070657808361865,60000,300,8.180697799999962,8.078125,True
cx0.7_mut0.1,0.7,0.1,test_1,0,2,44,44.488496693540334,43.20822179923055,60000,300,7.848574300000109,7.765625,True
cx0.7_mut0.1,0.7,0.1,test_1,0,3,45,45.67717139626872,44.03055619637294,60000,300,8.742815999999948,8.578125,True
cx0.7_mut0.1,0.7,0.1,test_1,0,4,46,33.12726010565004,31.93304757578512,60000,300,8.742907500000001,8.703125,True
cx0.7_mut0.1,0.7,0.1,test_1,0,5,47,37.51587461581218,35.82909083767555,60000,300,8.601440000000366,8.484375,True
cx0.7_mut0.1,0.7,0.1,test_1,0,6,48,41.20617501469714,39.689398145910666,60000,300,7.788545599999907,7.5625,True
cx0.7_mut0.1,0.7,0.1,test_1,0,7,49,36.58801714440587,35.15549562194032,60000,300,9.97419759999957,9.765625,True
cx0.7_mut0.1,0.7,0.1,test_1,0,8,50,39.898208189681114,38.28224909793683,60000,300,7.619753699999819,7.515625,True
cx0.7_mut0.1,0.7,0.1,test_1,0,9,51,41.15004001454648,39.267749166835316,60000,300,10.45323720000033,10.359375,True
cx0.7_mut0.1,0.7,0.1,test_1,0,10,52,41.21932159635461,39.48120973343061,60000,300,9.327326000000085,9.140625,True
cx0.7_mut0.1,0.7,0.1,test_1,0,11,53,40.86558588505308,39.18501212177496,60000,300,8.83693269999958,8.6875,True
cx0.7_mut0.1,0.7,0.1,test_1,0,12,54,32.68095756367057,31.276364622467383,60000,300,7.124242699999741,7.03125,True
cx0.7_mut0.1,0.7,0.1,test_1,0,13,55,37.0876464278508,35.66187339783226,60000,300,8.790758899999673,8.703125,True
cx0.7_mut0.1,0.7,0.1,test_1,0,14,56,35.12917583641884,33.67367312297942,60000,300,8.902233900000283,8.796875,True
cx0.7_mut0.1,0.7,0.1,test_1,0,15,57,42.096552879561045,40.655245331512724,60000,300,8.430215300000782,8.390625,True
cx0.7_mut0.1,0.7,0.1,test_1,0,16,58,36.376605692089136,34.517171695095286,60000,300,7.649705799999538,7.59375,True
cx0.7_mut0.1,0.7,0.1,test_1,0,17,59,44.32566545619207,42.63893563227932,60000,300,6.902096900000288,6.859375,True
cx0.7_mut0.1,0.7,0.1,test_1,0,18,60,35.38411784364024,34.181907431329265,60000,300,8.52109290000044,8.421875,True
cx0.7_mut0.1,0.7,0.1,test_1,0,19,61,41.086909166429045,39.70893570451822,60000,300,6.881327200000669,6.828125,True
cx0.7_mut0.1,0.7,0.1,test_2,1,0,142,36.01235070814132,34.639222619868285,60000,300,9.654198900000665,9.609375,True
cx0.7_mut0.1,0.7,0.1,test_2,1,1,143,32.05622295145482,30.532971486988295,60000,300,9.34185189999971,9.296875,True
cx0.7_mut0.1,0.7,0.1,test_2,1,2,144,33.57327097302521,31.859941158332468,60000,300,8.86306180000065,8.734375,True
cx0.7_mut0.1,0.7,0.1,test_2,1,3,145,38.18621322591816,36.801612411619416,60000,300,7.9856113999994704,7.9375,True
cx0.7_mut0.1,0.7,0.1,test_2,1,4,146,38.729264385657444,37.2181501780692,60000,300,7.690370899999834,7.625,True
cx0.7_mut0.1,0.7,0.1,test_2,1,5,147,32.939195490647585,31.34389759507541,60000,300,8.271729600000072,8.1875,True
cx0.7_mut0.1,0.7,0.1,test_2,1,6,148,32.94620090392131,31.217464272649675,60000,300,6.699047699999937,6.65625,True
cx0.7_mut0.1,0.7,0.1,test_2,1,7,149,39.29662761886231,37.67205064767432,60000,300,8.467727400000513,8.375,True
cx0.7_mut0.1,0.7,0.1,test_2,1,8,150,37.5577401629057,35.764498945439726,60000,300,7.513453800000207,7.40625,True
cx0.7_mut0.1,0.7,0.1,test_2,1,9,151,36.83540560722345,35.282463656173014,60000,300,8.148183700000118,8.0625,True
cx0.7_mut0.1,0.7,0.1,test_2,1,10,152,31.002749919123563,29.666831626911044,60000,300,7.848412699999244,7.703125,True
cx0.7_mut0.1,0.7,0.1,test_2,1,11,153,34.78894859333652,33.31879830681667,60000,300,7.898126900000534,7.859375,True
cx0.7_mut0.1,0.7,0.1,test_2,1,12,154,36.33004572629545,34.59014150905274,60000,300,8.98650759999964,8.890625,True
cx0.7_mut0.1,0.7,0.1,test_2,1,13,155,29.903184544773477,28.469375288204397,60000,300,8.927333900000122,8.84375,True
cx0.7_mut0.1,0.7,0.1,test_2,1,14,156,34.49120274532132,32.86586340715293,60000,300,8.219626100000823,8.140625,True
cx0.7_mut0.1,0.7,0.1,test_2,1,15,157,37.422279240541435,35.77611242612345,60000,300,7.820441099999698,7.765625,True
cx0.7_mut0.1,0.7,0.1,test_2,1,16,158,28.097731834608904,26.721125774112505,60000,300,8.380350800000087,8.34375,True
cx0.7_mut0.1,0.7,0.1,test_2,1,17,159,33.444926511691925,31.861139810689092,60000,300,11.66627039999912,11.5,True
cx0.7_mut0.1,0.7,0.1,test_2,1,18,160,33.91315556542359,32.11503319100066,60000,300,9.078337899999497,9.0,True
cx0.7_mut0.1,0.7,0.1,test_2,1,19,161,27.712883282701057,26.286794484160605,60000,300,7.945418999999674,7.859375,True
cx0.7_mut0.1,0.7,0.1,test_3,2,0,242,38.27764680736656,36.64100257173201,60000,300,9.108504599999833,8.96875,True
cx0.7_mut0.1,0.7,0.1,test_3,2,1,243,37.39170606008446,35.82766915676191,60000,300,9.017779400000109,8.90625,True
cx0.7_mut0.1,0.7,0.1,test_3,2,2,244,31.428952530519265,30.106193381564214,60000,300,9.39055660000031,9.265625,True
cx0.7_mut0.1,0.7,0.1,test_3,2,3,245,36.63516215133535,35.15350083735529,60000,300,9.001920699999573,8.890625,True
cx0.7_mut0.1,0.7,0.1,test_3,2,4,246,35.01448355687161,33.352234544822295,60000,300,8.358806100000038,8.1875,True
cx0.7_mut0.1,0.7,0.1,test_3,2,5,247,36.76928090468474,35.28258014653378,60000,300,9.665264500000376,9.5625,True
cx0.7_mut0.1,0.7,0.1,test_3,2,6,248,37.841074200443146,36.28862383613633,60000,300,8.031805499999791,7.96875,True
cx0.7_mut0.1,0.7,0.1,test_3,2,7,249,30.725284629548415,29.1646026727332,60000,300,8.795874899999944,8.765625,True
cx0.7_mut0.1,0.7,0.1,test_3,2,8,250,34.56544762137058,32.9811706381577,60000,300,7.530440499999713,7.515625,True
cx0.7_mut0.1,0.7,0.1,test_3,2,9,251,34.82410458583631,33.014805283823996,60000,300,7.485822499999813,7.3125,True
cx0.7_mut0.1,0.7,0.1,test_3,2,10,252,37.683457852636764,35.91658939237866,60000,300,9.176259900000332,9.046875,True
cx0.7_mut0.1,0.7,0.1,test_3,2,11,253,37.82859503126381,36.231731561774,60000,300,9.869460199999594,9.796875,True
cx0.7_mut0.1,0.7,0.1,test_3,2,12,254,38.47920769986073,36.825613164119765,60000,300,9.843506100000013,9.59375,True
cx0.7_mut0.1,0.7,0.1,test_3,2,13,255,37.36180403363852,35.63895314105319,60000,300,8.990541499999381,8.734375,True
cx0.7_mut0.1,0.7,0.1,test_3,2,14,256,38.130843729586694,36.826560919300675,60000,300,9.167369100000542,9.109375,True
cx0.7_mut0.1,0.7,0.1,test_3,2,15,257,39.525725806941054,37.84796363746647,60000,300,7.730195199999798,7.671875,True
cx0.7_mut0.1,0.7,0.1,test_3,2,16,258,34.17947568805961,32.7879539524774,60000,300,9.796061000000009,9.703125,True
cx0.7_mut0.1,0.7,0.1,test_3,2,17,259,31.73490365118123,30.513035872524863,60000,300,8.180084000000534,8.015625,True
cx0.7_mut0.1,0.7,0.1,test_3,2,18,260,37.623328547689646,35.66001620440517,60000,300,8.411568000000443,8.3125,True
cx0.7_mut0.1,0.7,0.1,test_3,2,19,261,33.76714183606096,31.97140330823145,60000,300,8.581294399999933,8.46875,True
cx0.7_mut0.1,0.7,0.1,test_4,3,0,342,31.352624820297354,29.651693682019218,60000,300,10.234312200000204,10.09375,True
cx0.7_mut0.1,0.7,0.1,test_4,3,1,343,32.574812537217944,30.89912243346511,60000,300,8.334458199999972,8.25,True
cx0.7_mut0.1,0.7,0.1,test_4,3,2,344,32.727571239155054,31.4490248941561,60000,300,8.886330199999975,8.84375,True
cx0.7_mut0.1,0.7,0.1,test_4,3,3,345,37.15128285750597,35.426297826692505,60000,300,9.634695400000055,9.4375,True
cx0.7_mut0.1,0.7,0.1,test_4,3,4,346,32.1097793338478,30.497634762303658,60000,300,10.916760600000089,10.828125,True
cx0.7_mut0.1,0.7,0.1,test_4,3,5,347,35.886106341810745,33.91787242436562,60000,300,7.627360299999964,7.59375,True
cx0.7_mut0.1,0.7,0.1,test_4,3,6,348,36.551324980288314,34.568613780948745,60000,300,8.882284700000127,8.78125,True
cx0.7_mut0.1,0.7,0.1,test_4,3,7,349,29.53165025106636,28.070721161024995,60000,300,8.649519700000383,8.515625,True
cx0.7_mut0.1,0.7,0.1,test_4,3,8,350,27.67089143013696,26.35134792462987,60000,300,8.840262300000177,8.71875,True
cx0.7_mut0.1,0.7,0.1,test_4,3,9,351,31.10637883763304,29.654357932652385,60000,300,8.091291700000511,7.96875,True
cx0.7_mut0.1,0.7,0.1,test_4,3,10,352,31.1871040748561,29.885490867473422,60000,300,9.353393899999901,9.265625,True
cx0.7_mut0.1,0.7,0.1,test_4,3,11,353,28.89372432407958,27.571290697744665,60000,300,9.009097099999963,8.90625,True
cx0.7_mut0.1,0.7,0.1,test_4,3,12,354,26.78411868604382,25.42463344257235,60000,300,8.579610399999183,8.515625,True
cx0.7_mut0.1,0.7,0.1,test_4,3,13,355,29.4771490779616,28.249523995574833,60000,300,7.868827799999963,7.796875,True
cx0.7_mut0.1,0.7,0.1,test_4,3,14,356,27.024850205101995,25.77985645892699,60000,300,8.853095599999506,8.765625,True
cx0.7_mut0.1,0.7,0.1,test_4,3,15,357,36.76469400501684,34.84275674430938,60000,300,8.316923700000189,8.21875,True
cx0.7_mut0.1,0.7,0.1,test_4,3,16,358,35.26997715188377,33.5879793263995,60000,300,9.724007400000119,9.625,True
cx0.7_mut0.1,0.7,0.1,test_4,3,17,359,28.35873529647864,26.836682063315983,60000,300,8.82204559999991,8.828125,True
cx0.7_mut0.1,0.7,0.1,test_4,3,18,360,37.20816922973846,35.32555919192126,60000,300,7.377609199999824,7.34375,True
cx0.7_mut0.1,0.7,0.1,test_4,3,19,361,30.854129606636064,29.178271900698586,60000,300,9.145112600000175,9.015625,True
cx0.7_mut0.1,0.7,0.1,test_5,4,0,442,44.76570360323583,43.10009025459769,60000,300,7.768140999999559,7.640625,True
cx0.7_mut0.1,0.7,0.1,test_5,4,1,443,36.64699211695001,34.90375503794609,60000,300,8.86192790000041,8.75,True
cx0.7_mut0.1,0.7,0.1,test_5,4,2,444,37.6248481691071,36.050402673598775,60000,300,7.6327681000002485,7.53125,True
cx0.7_mut0.1,0.7,0.1,test_5,4,3,445,36.06690525713049,34.53621294312123,60000,300,9.563322199999675,9.453125,True
cx0.7_mut0.1,0.7,0.1,test_5,4,4,446,47.36317410463894,45.69663896938877,60000,300,7.218760900000234,7.1875,True
cx0.7_mut0.1,0.7,0.1,test_5,4,5,447,38.19502778217517,36.64510422367054,60000,300,8.450113099999726,8.390625,True
cx0.7_mut0.1,0.7,0.1,test_5,4,6,448,40.182882733157065,38.926965330162616,60000,300,7.372205300000132,7.28125,True
cx0.7_mut0.1,0.7,0.1,test_5,4,7,449,41.52725707577626,40.33150629109087,60000,300,9.698851699999977,9.625,True
cx0.7_mut0.1,0.7,0.1,test_5,4,8,450,38.761879638147896,37.272652120957765,60000,300,10.1941338000006,10.09375,True
cx0.7_mut0.1,0.7,0.1,test_5,4,9,451,43.44366728713106,41.35984393976842,60000,300,10.216744399999698,10.15625,True
cx0.7_mut0.1,0.7,0.1,test_5,4,10,452,44.580567283776176,42.98868060226119,60000,300,9.289215599999807,9.234375,True
cx0.7_mut0.1,0.7,0.1,test_5,4,11,453,45.788193222809966,43.894716859961655,60000,300,10.470729900000151,10.328125,True
cx0.7_mut0.1,0.7,0.1,test_5,4,12,454,38.84631904386005,37.40353129159204,60000,300,7.923482400000466,7.84375,True
cx0.7_mut0.1,0.7,0.1,test_5,4,13,455,36.594551694132385,35.0319905601162,60000,300,9.16808310000033,9.015625,True
cx0.7_mut0.1,0.7,0.1,test_5,4,14,456,38.145866481002784,36.178605427456645,60000,300,7.571565299999747,7.484375,True
cx0.7_mut0.1,0.7,0.1,test_5,4,15,457,38.97116611495911,37.30923572759549,60000,300,7.509626699999899,7.453125,True
cx0.7_mut0.1,0.7,0.1,test_5,4,16,458,35.49506885908122,34.16850491097685,60000,300,7.402877200000148,7.390625,True
cx0.7_mut0.1,0.7,0.1,test_5,4,17,459,42.003517626240324,40.31472503171893,60000,300,7.4530015999998795,7.4375,True
cx0.7_mut0.1,0.7,0.1,test_5,4,18,460,42.80912409019317,41.373784795967694,60000,300,7.487912600000527,7.390625,True
cx0.7_mut0.1,0.7,0.1,test_5,4,19,461,43.8428903748719,41.98864157139423,60000,300,10.37571089999983,10.125,True
cx0.7_mut0.1,0.7,0.1,test_6,5,0,542,40.200779519401,38.88300830647896,60000,300,8.902127899999869,8.703125,True
cx0.7_mut0.1,0.7,0.1,test_6,5,1,543,33.43736189699192,32.23636972313,60000,300,7.917861999999332,7.640625,True
cx0.7_mut0.1,0.7,0.1,test_6,5,2,544,40.32226557893752,38.82369761545154,60000,300,7.839015699999436,7.71875,True
cx0.7_mut0.1,0.7,0.1,test_6,5,3,545,39.37742289153065,37.735778597243154,60000,300,8.502697200000512,8.375,True
cx0.7_mut0.1,0.7,0.1,test_6,5,4,546,42.63267789200607,41.247923900117314,60000,300,9.285989799999697,9.125,True
cx0.7_mut0.1,0.7,0.1,test_6,5,5,547,37.49802323464686,35.91845513519258,60000,300,9.021483399999852,8.90625,True
cx0.7_mut0.1,0.7,0.1,test_6,5,6,548,39.63551107611714,38.14515654878828,60000,300,9.495759200000066,9.296875,True
cx0.7_mut0.1,0.7,0.1,test_6,5,7,549,38.24784434245732,36.676377057546844,60000,300,9.86783050000031,9.625,True
cx0.7_mut0.1,0.7,0.1,test_6,5,8,550,44.87519986872317,43.247461245569355,60000,300,8.850956600000245,8.734375,True
cx0.7_mut0.1,0.7,0.1,test_6,5,9,551,41.05887699733568,39.35436068571161,60000,300,8.972765800000161,8.703125,True
cx0.7_mut0.1,0.7,0.1,test_6,5,10,552,33.629681337938926,32.03216333283906,60000,300,8.960904100000334,8.625,True
cx0.7_mut0.1,0.7,0.1,test_6,5,11,553,38.28964051615057,36.66411401170629,60000,300,8.713757900000019,8.421875,True
cx0.7_mut0.1,0.7,0.1,test_6,5,12,554,37.01137048428873,35.59021541000171,60000,300,8.750044700000217,8.546875,True
cx0.7_mut0.1,0.7,0.1,test_6,5,13,555,36.892682449664704,35.35095453125846,60000,300,8.766750400000092,8.5625,True
cx0.7_mut0.1,0.7,0.1,test_6,5,14,556,43.135747069707215,41.608460635363656,60000,300,8.111528100000214,8.046875,True
cx0.7_mut0.1,0.7,0.1,test_6,5,15,557,40.72760610619125,39.34343144963438,60000,300,8.520848699999988,8.359375,True
cx0.7_mut0.1,0.7,0.1,test_6,5,16,558,38.56167523564413,37.09551026376243,60000,300,8.697434200000316,8.578125,True
cx0.7_mut0.1,0.7,0.1,test_6,5,17,559,46.01872934157083,44.64647951994796,60000,300,9.247371399999793,9.0,True
cx0.7_mut0.1,0.7,0.1,test_6,5,18,560,40.05038013351133,37.913835702744485,60000,300,9.063236400000278,8.890625,True
cx0.7_mut0.1,0.7,0.1,test_6,5,19,561,39.155782338913475,37.661145937371174,60000,300,8.26851379999971,8.09375,True
cx0.7_mut0.1,0.7,0.1,test_7,6,0,642,45.974404065044375,44.27950066562175,60000,300,7.319306399999732,7.0625,True
cx0.7_mut0.1,0.7,0.1,test_7,6,1,643,28.967295860737284,27.405788042463783,60000,300,8.765617399999428,8.640625,True
cx0.7_mut0.1,0.7,0.1,test_7,6,2,644,31.969777548161645,30.116615464154442,60000,300,9.321596200000386,9.203125,True
cx0.7_mut0.1,0.7,0.1,test_7,6,3,645,33.73538014874028,31.78190483412293,60000,300,7.341701899999862,7.140625,True
cx0.7_mut0.1,0.7,0.1,test_7,6,4,646,42.88567823620402,41.326017951133224,60000,300,8.773438499999429,8.546875,True
cx0.7_mut0.1,0.7,0.1,test_7,6,5,647,30.107557951465278,28.627142083055606,60000,300,7.9415290999995705,7.8125,True
cx0.7_mut0.1,0.7,0.1,test_7,6,6,648,33.83089082023094,32.1953012849467,60000,300,9.540317899999536,9.3125,True
cx0.7_mut0.1,0.7,0.1,test_7,6,7,649,37.395318799510584,35.3160701604874,60000,300,7.127491499999451,6.953125,True
cx0.7_mut0.1,0.7,0.1,test_7,6,8,650,42.06816177228842,40.491876767070316,60000,300,7.9732539000006,7.609375,True
cx0.7_mut0.1,0.7,0.1,test_7,6,9,651,39.74748718605,37.547284106933816,60000,300,8.710977300000195,8.546875,True
cx0.7_mut0.1,0.7,0.1,test_7,6,10,652,32.81970001439011,31.172134773376932,60000,300,7.050825999999688,7.015625,True
cx0.7_mut0.1,0.7,0.1,test_7,6,11,653,33.49628654930796,31.729935024227736,60000,300,8.288593900000706,8.203125,True
cx0.7_mut0.1,0.7,0.1,test_7,6,12,654,38.48697718100317,36.6415011381618,60000,300,9.100226399999883,9.0,True
cx0.7_mut0.1,0.7,0.1,test_7,6,13,655,31.972441580305222,30.189081338552395,60000,300,7.213052600000083,7.03125,True
cx0.7_mut0.1,0.7,0.1,test_7,6,14,656,33.64212088561506,32.107398876149645,60000,300,8.230299400000149,8.046875,True
cx0.7_mut0.1,0.7,0.1,test_7,6,15,657,36.38276193608946,34.59824416422791,60000,300,7.505217499999162,7.375,True
cx0.7_mut0.1,0.7,0.1,test_7,6,16,658,39.88284012649095,38.18430265762673,60000,300,8.748431600000004,8.609375,True
cx0.7_mut0.1,0.7,0.1,test_7,6,17,659,32.59811247034366,30.923771402243926,60000,300,7.465018299999429,7.390625,True
cx0.7_mut0.1,0.7,0.1,test_7,6,18,660,30.598369428870456,29.032812710517447,60000,300,8.489674200000081,8.375,True
cx0.7_mut0.1,0.7,0.1,test_7,6,19,661,38.07077962176133,36.51092136305052,60000,300,7.28638360000059,7.171875,True
cx0.7_mut0.1,0.7,0.1,test_8,7,0,742,34.91328081644457,33.275438538358486,60000,300,8.098394199999348,8.0,True
cx0.7_mut0.1,0.7,0.1,test_8,7,1,743,32.133181890479996,30.69266924194137,60000,300,7.014129300000604,6.96875,True
cx0.7_mut0.1,0.7,0.1,test_8,7,2,744,39.580521711450025,38.1709810028441,60000,300,9.209058700000242,9.09375,True
cx0.7_mut0.1,0.7,0.1,test_8,7,3,745,39.028079797654726,37.56737482447805,60000,300,8.420005299999502,8.1875,True
cx0.7_mut0.1,0.7,0.1,test_8,7,4,746,34.76128007235454,32.989480018540405,60000,300,9.188307299999906,9.125,True
cx0.7_mut0.1,0.7,0.1,test_8,7,5,747,37.13692057512692,35.40208114350719,60000,300,8.976655200000096,8.8125,True
cx0.7_mut0.1,0.7,0.1,test_8,7,6,748,32.38241352752076,30.72307411978224,60000,300,7.407829599999786,7.296875,True
cx0.7_mut0.1,0.7,0.1,test_8,7,7,749,33.10126914718946,31.345654840311514,60000,300,9.20203710000078,9.09375,True
cx0.7_mut0.1,0.7,0.1,test_8,7,8,750,32.22465465634821,30.594266275031018,60000,300,7.41266110000015,7.359375,True
cx0.7_mut0.1,0.7,0.1,test_8,7,9,751,34.091257517098676,32.496702511330646,60000,300,9.140471499999876,9.03125,True
cx0.7_mut0.1,0.7,0.1,test_8,7,10,752,35.10696426322094,33.5130825131086,60000,300,9.69501069999933,9.46875,True
cx0.7_mut0.1,0.7,0.1,test_8,7,11,753,33.045798128730155,31.535131624073465,60000,300,9.631834400000116,9.5625,True
cx0.7_mut0.1,0.7,0.1,test_8,7,12,754,34.05365404287346,32.317254916704606,60000,300,8.285984699999972,8.203125,True
cx0.7_mut0.1,0.7,0.1,test_8,7,13,755,35.33678794896116,33.88621322769166,60000,300,8.79829299999983,8.59375,True
cx0.7_mut0.1,0.7,0.1,test_8,7,14,756,39.63482415302741,38.143874105789976,60000,300,7.915288099999998,7.859375,True
cx0.7_mut0.1,0.7,0.1,test_8,7,15,757,39.44298457321333,37.863278669999545,60000,300,7.877744399999756,7.765625,True
cx0.7_mut0.1,0.7,0.1,test_8,7,16,758,37.80947569614884,36.2963958687047,60000,300,9.091739399999824,8.984375,True
cx0.7_mut0.1,0.7,0.1,test_8,7,17,759,34.05606042067462,32.381765911380974,60000,300,8.987586999999621,8.890625,True
cx0.7_mut0.1,0.7,0.1,test_8,7,18,760,33.38030709841118,31.67705964549429,60000,300,6.954860499999995,6.921875,True
cx0.7_mut0.1,0.7,0.1,test_8,7,19,761,34.17498856041648,32.81783367218552,60000,300,9.13731160000043,9.046875,True
cx0.7_mut0.1,0.7,0.1,test_9,8,0,842,33.054370686176014,31.65886201597008,60000,300,7.406159500000285,7.328125,True
cx0.7_mut0.1,0.7,0.1,test_9,8,1,843,40.148524847459946,38.6234799129478,60000,300,8.929469699999572,8.875,True
cx0.7_mut0.1,0.7,0.1,test_9,8,2,844,37.6376404311978,36.057366624236614,60000,300,8.807825500000035,8.734375,True
cx0.7_mut0.1,0.7,0.1,test_9,8,3,845,30.125149105941404,29.002951692929074,60000,300,7.620649500000582,7.578125,True
cx0.7_mut0.1,0.7,0.1,test_9,8,4,846,35.4201934592608,33.826250941643245,60000,300,7.618303500000366,7.515625,True
cx0.7_mut0.1,0.7,0.1,test_9,8,5,847,34.95845058917913,33.3399535206959,60000,300,8.422190499999488,8.3125,True
cx0.7_mut0.1,0.7,0.1,test_9,8,6,848,33.6826322152809,32.43026179664306,60000,300,9.214237199999843,9.09375,True
cx0.7_mut0.1,0.7,0.1,test_9,8,7,849,38.52682788075142,37.068174726586406,60000,300,7.619369399999414,7.578125,True
cx0.7_mut0.1,0.7,0.1,test_9,8,8,850,39.744980180346644,38.21364142000018,60000,300,7.66261889999987,7.578125,True
cx0.7_mut0.1,0.7,0.1,test_9,8,9,851,34.74782229478521,33.16698608049621,60000,300,9.945057500000075,9.890625,True
cx0.7_mut0.1,0.7,0.1,test_9,8,10,852,39.66610361235763,38.14686733385228,60000,300,7.854550299999573,7.75,True
cx0.7_mut0.1,0.7,0.1,test_9,8,11,853,35.987636388459535,34.4955760881471,60000,300,8.406212399999276,8.3125,True
cx0.7_mut0.1,0.7,0.1,test_9,8,12,854,34.04896321497855,32.525132578666636,60000,300,7.709953300000052,7.6875,True
cx0.7_mut0.1,0.7,0.1,test_9,8,13,855,36.586601539886246,34.99733589610401,60000,300,7.234800199999881,7.171875,True
cx0.7_mut0.1,0.7,0.1,test_9,8,14,856,39.648135378398706,37.8866383470793,60000,300,9.540121499999259,9.390625,True
cx0.7_mut0.1,0.7,0.1,test_9,8,15,857,32.8552843342239,31.609946840381212,60000,300,7.4722055000002,7.375,True
cx0.7_mut0.1,0.7,0.1,test_9,8,16,858,38.6108118012431,37.22918737552501,60000,300,9.963306100000409,9.890625,True
cx0.7_mut0.1,0.7,0.1,test_9,8,17,859,36.78764777375628,35.044815404472196,60000,300,7.397508399999424,7.328125,True
cx0.7_mut0.1,0.7,0.1,test_9,8,18,860,37.31580916553987,35.66327968802968,60000,300,8.447096500000043,8.375,True
cx0.7_mut0.1,0.7,0.1,test_9,8,19,861,33.88245885005011,32.470873780291136,60000,300,7.677898500000083,7.609375,True
cx0.7_mut0.1,0.7,0.1,test_10,9,0,942,29.53101676358061,28.56436150970275,60000,300,7.52795100000003,7.46875,True
cx0.7_mut0.1,0.7,0.1,test_10,9,1,943,33.712358954206,32.24004392430851,60000,300,7.854284499999267,7.78125,True
cx0.7_mut0.1,0.7,0.1,test_10,9,2,944,36.868342361969695,35.10370167051269,60000,300,9.364499600000272,9.234375,True
cx0.7_mut0.1,0.7,0.1,test_10,9,3,945,34.699344651262564,33.31459128264572,60000,300,8.066084600000067,8.015625,True
cx0.7_mut0.1,0.7,0.1,test_10,9,4,946,39.17438013246141,37.51867089214611,60000,300,8.320934500000476,8.203125,True
cx0.7_mut0.1,0.7,0.1,test_10,9,5,947,36.71253557392725,35.08626192905076,60000,300,7.8315287999994325,7.78125,True
cx0.7_mut0.1,0.7,0.1,test_10,9,6,948,32.41318773568413,30.779320543358637,60000,300,8.0557017000001,7.96875,True
cx0.7_mut0.1,0.7,0.1,test_10,9,7,949,34.71666943041169,33.12480550304537,60000,300,8.775377099999787,8.6875,True
cx0.7_mut0.1,0.7,0.1,test_10,9,8,950,35.75491827385788,34.2986267941635,60000,300,7.358731100000114,7.296875,True
cx0.7_mut0.1,0.7,0.1,test_10,9,9,951,37.10736093525174,35.51679906266192,60000,300,8.510614699999678,8.421875,True
cx0.7_mut0.1,0.7,0.1,test_10,9,10,952,36.988321866120124,35.515391284917555,60000,300,8.0319956000003,7.875,True
cx0.7_mut0.1,0.7,0.1,test_10,9,11,953,39.07707118438552,37.803864697754044,60000,300,8.877689500000088,8.84375,True
cx0.7_mut0.1,0.7,0.1,test_10,9,12,954,42.51448618786659,40.9404421068089,60000,300,7.1267186000004585,7.0625,True
cx0.7_mut0.1,0.7,0.1,test_10,9,13,955,37.114793450200985,35.524076562564495,60000,300,8.605027900000096,8.5625,True
cx0.7_mut0.1,0.7,0.1,test_10,9,14,956,41.37904880649933,39.94997485641565,60000,300,7.446512399999847,7.40625,True
cx0.7_mut0.1,0.7,0.1,test_10,9,15,957,38.862442073904965,37.666781038307164,60000,300,7.233099500000208,7.1875,True
cx0.7_mut0.1,0.7,0.1,test_10,9,16,958,34.227923345977196,32.94140862555954,60000,300,7.7712894999995115,7.6875,True
cx0.7_mut0.1,0.7,0.1,test_10,9,17,959,33.28236179485837,31.620118183737095,60000,300,9.814933599999677,9.640625,True
cx0.7_mut0.1,0.7,0.1,test_10,9,18,960,33.47134201050374,32.11228983886383,60000,300,8.141238199999862,7.953125,True
cx0.7_mut0.1,0.7,0.1,test_10,9,19,961,36.222360085483096,34.52617233923549,60000,300,7.007510299999922,6.9375,True
cx0.9_mut0.0001,0.9,0.0001,test_1,0,0,42,61.00874002419996,59.121766735234274,60000,300,11.32642259999966,11.171875,True
cx0.9_mut0.0001,0.9,0.0001,test_1,0,1,43,60.41754213361222,58.06552511045048,60000,300,8.239135099999658,8.1875,True
cx0.9_mut0.0001,0.9,0.0001,test_1,0,2,44,60.35912479133309,58.220237732628725,60000,300,13.154952599999888,13.046875,True
cx0.9_mut0.0001,0.9,0.0001,test_1,0,3,45,57.325007369730926,55.535540320957175,60000,300,8.560687099999996,8.515625,True
cx0.9_mut0.0001,0.9,0.0001,test_1,0,4,46,62.22997729718535,60.08887505349912,60000,300,10.173176699999658,10.09375,True
cx0.9_mut0.0001,0.9,0.0001,test_1,0,5,47,70.60979661276167,68.93196933038496,60000,300,9.577714600000036,9.46875,True
cx0.9_mut0.0001,0.9,0.0001,test_1,0,6,48,57.63856059590852,55.45172340193256,60000,300,12.241448700000092,11.953125,True
cx0.9_mut0.0001,0.9,0.0001,test_1,0,7,49,64.09302689547084,62.31769939000157,60000,300,9.008432100000391,8.859375,True
cx0.9_mut0.0001,0.9,0.0001,test_1,0,8,50,74.50137624299911,72.41110924153756,60000,300,8.961147200000141,8.875,True
cx0.9_mut0.0001,0.9,0.0001,test_1,0,9,51,72.54417984826502,69.87571874170956,60000,300,10.97652190000008,10.796875,True
cx0.9_mut0.0001,0.9,0.0001,test_1,0,10,52,64.11018164449604,62.299198615360865,60000,300,9.623546300000271,9.484375,True
cx0.9_mut0.0001,0.9,0.0001,test_1,0,11,53,63.646231284256395,61.41140478601609,60000,300,8.92941299999984,8.859375,True
cx0.9_mut0.0001,0.9,0.0001,test_1,0,12,54,61.28440739920544,59.15609824650815,60000,300,8.05561149999994,8.015625,True
cx0.9_mut0.0001,0.9,0.0001,test_1,0,13,55,70.33765146685296,68.29431324715505,60000,300,9.180681900000309,9.078125,True
cx0.9_mut0.0001,0.9,0.0001,test_1,0,14,56,61.40237294852706,59.42488191288755,60000,300,8.464061700000457,8.375,True
cx0.9_mut0.0001,0.9,0.0001,test_1,0,15,57,56.14730556952679,54.229356515929325,60000,300,7.957564000000275,7.90625,True
cx0.9_mut0.0001,0.9,0.0001,test_1,0,16,58,61.5160352630825,60.253414237040516,60000,300,10.545899499999905,10.453125,True
cx0.9_mut0.0001,0.9,0.0001,test_1,0,17,59,61.24545209732853,59.11965221800578,60000,300,8.449659299999439,8.375,True
cx0.9_mut0.0001,0.9,0.0001,test_1,0,18,60,63.48542806198597,61.661796606111324,60000,300,7.988289900000382,7.953125,True
cx0.9_mut0.0001,0.9,0.0001,test_1,0,19,61,56.87961604838857,55.11225134518518,60000,300,8.488846199999898,8.421875,True
cx0.9_mut0.0001,0.9,0.0001,test_2,1,0,142,56.63756419153415,55.07031983079289,60000,300,8.481832600000416,8.421875,True
cx0.9_mut0.0001,0.9,0.0001,test_2,1,1,143,56.13315461518409,54.428304587323424,60000,300,11.942041500000414,11.828125,True
cx0.9_mut0.0001,0.9,0.0001,test_2,1,2,144,58.857764707891775,57.39898891169973,60000,300,10.481869199999892,10.4375,True
cx0.9_mut0.0001,0.9,0.0001,test_2,1,3,145,52.143804753294496,50.27157334472371,60000,300,10.594316500000787,10.5,True
cx0.9_mut0.0001,0.9,0.0001,test_2,1,4,146,51.156425658209876,49.60130797644303,60000,300,8.06698999999935,8.03125,True
cx0.9_mut0.0001,0.9,0.0001,test_2,1,5,147,50.797332156601065,49.31958923409217,60000,300,8.960345799999232,8.90625,True
cx0.9_mut0.0001,0.9,0.0001,test_2,1,6,148,55.54594243078081,53.67428653440107,60000,300,8.075025600000117,7.984375,True
cx0.9_mut0.0001,0.9,0.0001,test_2,1,7,149,56.924244530620015,54.86091123834402,60000,300,8.234245399999963,8.203125,True
cx0.9_mut0.0001,0.9,0.0001,test_2,1,8,150,55.46648851104551,54.06528925651869,60000,300,8.232435699999769,8.125,True
cx0.9_mut0.0001,0.9,0.0001,test_2,1,9,151,55.15518943772045,53.30902598412371,60000,300,10.499506899999687,10.265625,True
cx0.9_mut0.0001,0.9,0.0001,test_2,1,10,152,53.821719669189044,52.21887411150298,60000,300,12.334508500000084,12.1875,True
cx0.9_mut0.0001,0.9,0.0001,test_2,1,11,153,49.85109741229089,48.224866898769754,60000,300,8.221200500000123,8.15625,True
cx0.9_mut0.0001,0.9,0.0001,test_2,1,12,154,60.652346475159014,58.885007664406345,60000,300,13.501275800000258,13.453125,True
cx0.9_mut0.0001,0.9,0.0001,test_2,1,13,155,52.863092219887214,51.19304623217471,60000,300,10.022756800000025,9.84375,True
cx0.9_mut0.0001,0.9,0.0001,test_2,1,14,156,52.24810657495487,50.27110005100811,60000,300,10.189906399999927,10.109375,True
cx0.9_mut0.0001,0.9,0.0001,test_2,1,15,157,48.3684109688228,46.56641787620798,60000,300,10.27279129999988,10.125,True
cx0.9_mut0.0001,0.9,0.0001,test_2,1,16,158,57.78698200861334,55.443912058564365,60000,300,10.602766899999551,10.546875,True
cx0.9_mut0.0001,0.9,0.0001,test_2,1,17,159,56.181043798598786,54.26042835787554,60000,300,9.196773000000576,8.984375,True
cx0.9_mut0.0001,0.9,0.0001,test_2,1,18,160,60.78911052295611,59.03281078369889,60000,300,7.653496500000074,7.625,True
cx0.9_mut0.0001,0.9,0.0001,test_2,1,19,161,59.4431259576364,57.76838789079252,60000,300,8.101535100000547,8.046875,True
cx0.9_mut0.0001,0.9,0.0001,test_3,2,0,242,54.89091087611859,52.69480470950455,60000,300,8.198927800000092,8.09375,True
cx0.9_mut0.0001,0.9,0.0001,test_3,2,1,243,62.56309951433471,60.61822668325642,60000,300,8.148077099999682,8.03125,True
cx0.9_mut0.0001,0.9,0.0001,test_3,2,2,244,55.43276406907766,53.301539016568015,60000,300,8.530263300000115,8.40625,True
cx0.9_mut0.0001,0.9,0.0001,test_3,2,3,245,58.92513901940074,56.97469210929147,60000,300,9.074791699999878,9.015625,True
cx0.9_mut0.0001,0.9,0.0001,test_3,2,4,246,58.13971174042115,56.03718238405641,60000,300,8.525951199999326,8.4375,True
cx0.9_mut0.0001,0.9,0.0001,test_3,2,5,247,57.68192247739056,55.50325107016054,60000,300,10.934618199999932,10.8125,True
cx0.9_mut0.0001,0.9,0.0001,test_3,2,6,248,59.086321896967625,57.4156381432784,60000,300,11.553705100000116,11.46875,True
cx0.9_mut0.0001,0.9,0.0001,test_3,2,7,249,53.48393787204015,51.475010345597234,60000,300,9.943442300000243,9.890625,True
cx0.9_mut0.0001,0.9,0.0001,test_3,2,8,250,58.92934357194974,57.15613996566037,60000,300,7.683185999999296,7.609375,True
cx0.9_mut0.0001,0.9,0.0001,test_3,2,9,251,48.87764176612576,47.01734884686792,60000,300,8.425320700000157,8.296875,True
cx0.9_mut0.0001,0.9,0.0001,test_3,2,10,252,54.364232797230116,52.00199644145792,60000,300,7.9538118000000395,7.890625,True
cx0.9_mut0.0001,0.9,0.0001,test_3,2,11,253,48.96086978057171,46.738746828034756,60000,300,8.107412700000168,7.984375,True
cx0.9_mut0.0001,0.9,0.0001,test_3,2,12,254,59.306545743515926,56.98380568244065,60000,300,9.487459599999966,9.1875,True
cx0.9_mut0.0001,0.9,0.0001,test_3,2,13,255,57.6561118679665,55.288665021371976,60000,300,7.5578435999996145,7.40625,True
cx0.9_mut0.0001,0.9,0.0001,test_3,2,14,256,54.67343630915065,52.841436692643335,60000,300,8.433473500000218,8.375,True
cx0.9_mut0.0001,0.9,0.0001,test_3,2,15,257,65.43844219012409,63.611892794403445,60000,300,8.559326300000066,8.484375,True
cx0.9_mut0.0001,0.9,0.0001,test_3,2,16,258,45.7453703895645,44.0972818742646,60000,300,8.426286699999764,8.375,True
cx0.9_mut0.0001,0.9,0.0001,test_3,2,17,259,62.58088387371631,60.29981047710127,60000,300,9.705185300000267,9.5625,True
cx0.9_mut0.0001,0.9,0.0001,test_3,2,18,260,49.75195483932964,47.83431559863411,60000,300,8.746599200000674,8.609375,True
cx0.9_mut0.0001,0.9,0.0001,test_3,2,19,261,42.80282674376832,41.09648297909342,60000,300,7.886255100000199,7.84375,True
cx0.9_mut0.0001,0.9,0.0001,test_4,3,0,342,50.81706483222565,49.33447767399923,60000,300,8.766149399999449,8.578125,True
cx0.9_mut0.0001,0.9,0.0001,test_4,3,1,343,56.237898176270114,54.31356821257288,60000,300,8.04109470000003,7.984375,True
cx0.9_mut0.0001,0.9,0.0001,test_4,3,2,344,52.50274337601679,50.7343859983946,60000,300,8.27287030000025,8.140625,True
cx0.9_mut0.0001,0.9,0.0001,test_4,3,3,345,51.73824650356662,50.03693514003582,60000,300,8.11282890000075,8.03125,True
cx0.9_mut0.0001,0.9,0.0001,test_4,3,4,346,49.902399594966354,48.070312836240696,60000,300,8.23745020000024,8.1875,True
cx0.9_mut0.0001,0.9,0.0001,test_4,3,5,347,51.93302004641831,50.23103774559145,60000,300,8.528008000000227,8.484375,True
cx0.9_mut0.0001,0.9,0.0001,test_4,3,6,348,49.58500850739735,47.49658057721346,60000,300,8.326843900000313,8.21875,True
cx0.9_mut0.0001,0.9,0.0001,test_4,3,7,349,41.835639059627994,40.156649254635575,60000,300,9.03472359999978,8.96875,True
cx0.9_mut0.0001,0.9,0.0001,test_4,3,8,350,54.46047471324616,52.50998563877861,60000,300,8.042516299999988,7.984375,True
cx0.9_mut0.0001,0.9,0.0001,test_4,3,9,351,42.517268315660495,40.908467737816075,60000,300,10.944139600000199,10.796875,True
cx0.9_mut0.0001,0.9,0.0001,test_4,3,10,352,57.669460591087194,55.65550576879183,60000,300,8.00522920000003,7.984375,True
cx0.9_mut0.0001,0.9,0.0001,test_4,3,11,353,50.55555724127563,48.55131714053758,60000,300,8.24674270000014,8.15625,True
cx0.9_mut0.0001,0.9,0.0001,test_4,3,12,354,42.2404742936526,40.63610872166069,60000,300,8.605292600000212,8.5625,True
cx0.9_mut0.0001,0.9,0.0001,test_4,3,13,355,42.463858136761395,40.65929232293977,60000,300,7.916745300000002,7.859375,True
cx0.9_mut0.0001,0.9,0.0001,test_4,3,14,356,46.91447177380543,44.7111849556201,60000,300,8.48199620000014,8.421875,True
cx0.9_mut0.0001,0.9,0.0001,test_4,3,15,357,44.056857620133144,42.12714521931576,60000,300,9.137231699999575,8.984375,True
cx0.9_mut0.0001,0.9,0.0001,test_4,3,16,358,51.63771621012982,49.94161901251978,60000,300,8.7620050000005,8.71875,True
cx0.9_mut0.0001,0.9,0.0001,test_4,3,17,359,46.46990894622792,44.64362617377691,60000,300,8.531176100000266,8.46875,True
cx0.9_mut0.0001,0.9,0.0001,test_4,3,18,360,53.081720550091546,51.20559941896252,60000,300,8.218600100000003,8.125,True
cx0.9_mut0.0001,0.9,0.0001,test_4,3,19,361,47.80822277788188,45.825418493487184,60000,300,7.667081500000677,7.609375,True
cx0.9_mut0.0001,0.9,0.0001,test_5,4,0,442,64.65391105888592,62.81009439806844,60000,300,8.304826700000376,8.21875,True
cx0.9_mut0.0001,0.9,0.0001,test_5,4,1,443,51.693704492142416,50.117444631139826,60000,300,8.21605079999972,8.109375,True
cx0.9_mut0.0001,0.9,0.0001,test_5,4,2,444,60.8455784037485,58.7429278324927,60000,300,8.276612799999384,8.15625,True
cx0.9_mut0.0001,0.9,0.0001,test_5,4,3,445,61.28333653697075,59.39186776865553,60000,300,10.791698799999722,10.671875,True
cx0.9_mut0.0001,0.9,0.0001,test_5,4,4,446,56.69463975187152,54.24194970717343,60000,300,9.70795360000011,9.609375,True
cx0.9_mut0.0001,0.9,0.0001,test_5,4,5,447,67.04388807232262,64.7357289957245,60000,300,8.311024999999972,8.25,True
cx0.9_mut0.0001,0.9,0.0001,test_5,4,6,448,57.543455223458196,55.77354063177878,60000,300,7.798790699999699,7.765625,True
cx0.9_mut0.0001,0.9,0.0001,test_5,4,7,449,67.83629596097317,66.1337901556206,60000,300,8.418167699999685,8.328125,True
cx0.9_mut0.0001,0.9,0.0001,test_5,4,8,450,55.59977154917521,53.93024923706077,60000,300,10.905955600000198,10.8125,True
cx0.9_mut0.0001,0.9,0.0001,test_5,4,9,451,68.05051187491772,66.00593074842082,60000,300,9.6417706000002,9.5625,True
cx0.9_mut0.0001,0.9,0.0001,test_5,4,10,452,60.95761019326581,59.1606298450973,60000,300,11.169006099999933,10.984375,True
cx0.9_mut0.0001,0.9,0.0001,test_5,4,11,453,56.306456671804355,54.376969572562984,60000,300,8.245495799999844,8.125,True
cx0.9_mut0.0001,0.9,0.0001,test_5,4,12,454,62.33362952486241,60.42614342938173,60000,300,8.530434899999818,8.390625,True
cx0.9_mut0.0001,0.9,0.0001,test_5,4,13,455,59.690323865213536,57.861515354160595,60000,300,8.179544700000406,8.125,True
cx0.9_mut0.0001,0.9,0.0001,test_5,4,14,456,65.97210960800548,64.22760079623029,60000,300,7.97197529999994,7.859375,True
cx0.9_mut0.0001,0.9,0.0001,test_5,4,15,457,71.35554612473348,69.48655408188637,60000,300,11.61017399999946,11.484375,True
cx0.9_mut0.0001,0.9,0.0001,test_5,4,16,458,51.0958228814893,49.27319765324616,60000,300,8.666236799999751,8.625,True
cx0.9_mut0.0001,0.9,0.0001,test_5,4,17,459,54.924555194673346,52.65932291858601,60000,300,7.783051599999453,7.75,True
cx0.9_mut0.0001,0.9,0.0001,test_5,4,18,460,60.66502676388665,58.64081674691565,60000,300,10.415949500000352,10.25,True
cx0.9_mut0.0001,0.9,0.0001,test_5,4,19,461,59.12218105106811,57.28094131129825,60000,300,8.211110299999746,8.046875,True
cx0.9_mut0.0001,0.9,0.0001,test_6,5,0,542,54.3686744380142,52.384094520447846,60000,300,8.291899699999703,8.109375,True
cx0.9_mut0.0001,0.9,0.0001,test_6,5,1,543,52.63267172380299,50.535116267961385,60000,300,8.116800699999658,7.9375,True
cx0.9_mut0.0001,0.9,0.0001,test_6,5,2,544,57.59173775010457,55.70432754564684,60000,300,8.229364400000122,8.015625,True
cx0.9_mut0.0001,0.9,0.0001,test_6,5,3,545,63.513863327772924,61.21962609828347,60000,300,8.333249900000737,8.0625,True
cx0.9_mut0.0001,0.9,0.0001,test_6,5,4,546,53.99625001132032,51.996929570922966,60000,300,8.370338499999889,8.1875,True
cx0.9_mut0.0001,0.9,0.0001,test_6,5,5,547,56.57668665437557,54.94895219759501,60000,300,11.366804900000716,11.109375,True
cx0.9_mut0.0001,0.9,0.0001,test_6,5,6,548,55.22615727204155,53.539110001900404,60000,300,9.502506800000447,9.28125,True
cx0.9_mut0.0001,0.9,0.0001,test_6,5,7,549,53.96257974388867,52.1403643911573,60000,300,8.50061310000001,8.3125,True
cx0.9_mut0.0001,0.9,0.0001,test_6,5,8,550,67.40463064278131,65.5827708541026,60000,300,8.201973700000053,8.09375,True
cx0.9_mut0.0001,0.9,0.0001,test_6,5,9,551,53.82452731291469,52.275346717277976,60000,300,10.420544999999947,10.265625,True
cx0.9_mut0.0001,0.9,0.0001,test_6,5,10,552,53.772296974301526,51.87137640405346,60000,300,8.186142700000346,8.0625,True
cx0.9_mut0.0001,0.9,0.0001,test_6,5,11,553,52.32632193560177,50.32384783004647,60000,300,9.547932599999513,9.328125,True
cx0.9_mut0.0001,0.9,0.0001,test_6,5,12,554,57.29224178278028,55.605332164101156,60000,300,8.170470099999875,7.9375,True
cx0.9_mut0.0001,0.9,0.0001,test_6,5,13,555,49.705150593908485,47.86669508838977,60000,300,9.118394700000863,9.03125,True
cx0.9_mut0.0001,0.9,0.0001,test_6,5,14,556,71.91146676038026,70.27021874165423,60000,300,7.989219699999921,7.8125,True
cx0.9_mut0.0001,0.9,0.0001,test_6,5,15,557,45.29913403515111,43.60594341836474,60000,300,8.672519499999908,8.515625,True
cx0.9_mut0.0001,0.9,0.0001,test_6,5,16,558,54.14385955857383,52.58819874803363,60000,300,9.939596500000334,9.765625,True
cx0.9_mut0.0001,0.9,0.0001,test_6,5,17,559,63.004121062564515,61.39236083240224,60000,300,10.52668580000045,10.28125,True
cx0.9_mut0.0001,0.9,0.0001,test_6,5,18,560,50.228405741523055,48.82421885688037,60000,300,8.18442370000048,8.0625,True
cx0.9_mut0.0001,0.9,0.0001,test_6,5,19,561,63.6551551145778,61.34496280499957,60000,300,8.402089400000477,8.21875,True
cx0.9_mut0.0001,0.9,0.0001,test_7,6,0,642,64.90045078182351,62.87895996462417,60000,300,8.815481399999953,8.59375,True
cx0.9_mut0.0001,0.9,0.0001,test_7,6,1,643,66.68373442843917,64.10802637252762,60000,300,9.500987399999758,9.4375,True
cx0.9_mut0.0001,0.9,0.0001,test_7,6,2,644,70.91835916326278,68.21289123967689,60000,300,10.5764393999998,10.28125,True
cx0.9_mut0.0001,0.9,0.0001,test_7,6,3,645,53.96438208987878,52.19023313685376,60000,300,9.396702500000174,9.09375,True
cx0.9_mut0.0001,0.9,0.0001,test_7,6,4,646,54.88807578970638,52.9255320937412,60000,300,10.265686200000346,10.046875,True
cx0.9_mut0.0001,0.9,0.0001,test_7,6,5,647,60.191567668069744,58.29842821443907,60000,300,7.715571800000362,7.5625,True
cx0.9_mut0.0001,0.9,0.0001,test_7,6,6,648,61.580571248176604,59.36609654355314,60000,300,7.64679519999936,7.4375,True
cx0.9_mut0.0001,0.9,0.0001,test_7,6,7,649,65.77384846188032,62.99253585561901,60000,300,12.131753100000424,11.734375,True
cx0.9_mut0.0001,0.9,0.0001,test_7,6,8,650,60.808557761252096,59.03303600897252,60000,300,9.046036100000492,8.75,True
cx0.9_mut0.0001,0.9,0.0001,test_7,6,9,651,56.070092527424535,53.81413265429888,60000,300,8.321326000000226,8.265625,True
cx0.9_mut0.0001,0.9,0.0001,test_7,6,10,652,65.66955606941552,63.76274324568275,60000,300,8.145293999999922,8.03125,True
cx0.9_mut0.0001,0.9,0.0001,test_7,6,11,653,67.1282386638167,64.89820513133706,60000,300,8.656938199999786,8.390625,True
cx0.9_mut0.0001,0.9,0.0001,test_7,6,12,654,52.282952159625104,50.22413318665721,60000,300,11.19454500000029,11.03125,True
cx0.9_mut0.0001,0.9,0.0001,test_7,6,13,655,48.36440578259457,46.387378709263665,60000,300,8.204944499999328,8.03125,True
cx0.9_mut0.0001,0.9,0.0001,test_7,6,14,656,51.86605509791592,49.963332577719214,60000,300,8.113427399999637,8.015625,True
cx0.9_mut0.0001,0.9,0.0001,test_7,6,15,657,60.917722101088344,58.980645569596014,60000,300,7.811694800000623,7.765625,True
cx0.9_mut0.0001,0.9,0.0001,test_7,6,16,658,54.1094694872059,51.973835744835135,60000,300,11.478779200000645,11.296875,True
cx0.9_mut0.0001,0.9,0.0001,test_7,6,17,659,58.75620354601791,56.98902458779928,60000,300,12.513391400000728,12.296875,True
cx0.9_mut0.0001,0.9,0.0001,test_7,6,18,660,54.46353731477994,52.94663379046712,60000,300,8.15503069999977,8.078125,True
cx0.9_mut0.0001,0.9,0.0001,test_7,6,19,661,65.06997458212044,63.21659894361564,60000,300,7.9161921999993865,7.78125,True
cx0.9_mut0.0001,0.9,0.0001,test_8,7,0,742,57.80989640049157,55.65908847249069,60000,300,8.68356489999951,8.5,True
cx0.9_mut0.0001,0.9,0.0001,test_8,7,1,743,46.365918885830375,44.349544638106714,60000,300,9.962940499999604,9.890625,True
cx0.9_mut0.0001,0.9,0.0001,test_8,7,2,744,47.23787645154971,45.3435124671921,60000,300,8.678867300000093,8.375,True
cx0.9_mut0.0001,0.9,0.0001,test_8,7,3,745,54.255968712444584,52.56066479290252,60000,300,8.972560000000158,8.859375,True
cx0.9_mut0.0001,0.9,0.0001,test_8,7,4,746,49.776851342145505,48.000887955778175,60000,300,8.056389200000012,7.9375,True
cx0.9_mut0.0001,0.9,0.0001,test_8,7,5,747,52.76176224382114,51.09262501528994,60000,300,8.46189779999986,8.375,True
cx0.9_mut0.0001,0.9,0.0001,test_8,7,6,748,55.01817849457148,52.845067496715195,60000,300,8.271874299999581,8.109375,True
cx0.9_mut0.0001,0.9,0.0001,test_8,7,7,749,51.60208767293813,49.80860433293779,60000,300,8.62916850000056,8.59375,True
cx0.9_mut0.0001,0.9,0.0001,test_8,7,8,750,47.4900231603517,45.68808531365627,60000,300,9.34734909999952,9.28125,True
cx0.9_mut0.0001,0.9,0.0001,test_8,7,9,751,51.96259349115813,49.90814630775677,60000,300,8.06980509999994,7.96875,True
cx0.9_mut0.0001,0.9,0.0001,test_8,7,10,752,52.871075414369564,50.90608687061353,60000,300,8.504086500000085,8.390625,True
cx0.9_mut0.0001,0.9,0.0001,test_8,7,11,753,47.04862171177922,45.34669882728348,60000,300,9.00865320000048,8.953125,True
cx0.9_mut0.0001,0.9,0.0001,test_8,7,12,754,48.25147945753919,46.44920269850066,60000,300,8.31883039999957,8.203125,True
cx0.9_mut0.0001,0.9,0.0001,test_8,7,13,755,55.11037531165425,53.10059964221887,60000,300,10.295212500000162,10.140625,True
cx0.9_mut0.0001,0.9,0.0001,test_8,7,14,756,59.7691210526046,57.694601813307855,60000,300,8.020783500000107,8.015625,True
cx0.9_mut0.0001,0.9,0.0001,test_8,7,15,757,65.31432375434449,63.0937693699822,60000,300,11.2585095000004,11.09375,True
cx0.9_mut0.0001,0.9,0.0001,test_8,7,16,758,52.041735569261164,50.38712574180893,60000,300,9.680928400000084,9.53125,True
cx0.9_mut0.0001,0.9,0.0001,test_8,7,17,759,60.704302018997154,58.64868036463803,60000,300,8.2389562999997,8.203125,True
cx0.9_mut0.0001,0.9,0.0001,test_8,7,18,760,51.809964708191835,49.61362268666423,60000,300,8.964463199999955,8.859375,True
cx0.9_mut0.0001,0.9,0.0001,test_8,7,19,761,52.94120682472359,51.12459250127689,60000,300,8.866336300000512,8.796875,True
cx0.9_mut0.0001,0.9,0.0001,test_9,8,0,842,61.72508605041861,59.85396573970469,60000,300,8.81043580000005,8.765625,True
cx0.9_mut0.0001,0.9,0.0001,test_9,8,1,843,59.72476707165601,57.72105268045121,60000,300,8.544715099999848,8.453125,True
cx0.9_mut0.0001,0.9,0.0001,test_9,8,2,844,59.62696080937219,57.57513538153542,60000,300,7.895534399999633,7.84375,True
cx0.9_mut0.0001,0.9,0.0001,test_9,8,3,845,46.96508048078137,45.05048706440663,60000,300,8.463868900000307,8.359375,True
cx0.9_mut0.0001,0.9,0.0001,test_9,8,4,846,56.225872735593015,54.53225819724395,60000,300,7.928984299999684,7.890625,True
cx0.9_mut0.0001,0.9,0.0001,test_9,8,5,847,52.562033877720076,50.96244884079199,60000,300,9.832757700000002,9.671875,True
cx0.9_mut0.0001,0.9,0.0001,test_9,8,6,848,49.923728490995686,48.39349681617318,60000,300,9.902226500000324,9.765625,True
cx0.9_mut0.0001,0.9,0.0001,test_9,8,7,849,58.3766980115596,56.16967232995151,60000,300,8.335375300000123,8.3125,True
cx0.9_mut0.0001,0.9,0.0001,test_9,8,8,850,50.725832583576896,49.066467427254565,60000,300,8.117743100000553,8.0625,True
cx0.9_mut0.0001,0.9,0.0001,test_9,8,9,851,47.06561351212142,45.25284182959286,60000,300,8.371668800000407,8.328125,True
cx0.9_mut0.0001,0.9,0.0001,test_9,8,10,852,61.15428069815839,59.100391528667195,60000,300,7.932814699999653,7.8125,True
cx0.9_mut0.0001,0.9,0.0001,test_9,8,11,853,54.72781506973003,52.86828990666307,60000,300,8.355704000000514,8.234375,True
cx0.9_mut0.0001,0.9,0.0001,test_9,8,12,854,61.138449149959136,58.78675562802519,60000,300,8.530702899999596,8.453125,True
cx0.9_mut0.0001,0.9,0.0001,test_9,8,13,855,58.807337925366625,56.64586900644842,60000,300,8.32263200000034,8.28125,True
cx0.9_mut0.0001,0.9,0.0001,test_9,8,14,856,54.77556272116495,52.98973630241719,60000,300,8.501364400000057,8.359375,True
cx0.9_mut0.0001,0.9,0.0001,test_9,8,15,857,55.50261875038114,53.617571277248445,60000,300,8.225486799999999,8.078125,True
cx0.9_mut0.0001,0.9,0.0001,test_9,8,16,858,54.5533381595895,52.92355462292772,60000,300,8.098528800000167,8.0625,True
cx0.9_mut0.0001,0.9,0.0001,test_9,8,17,859,57.23836689150386,55.13555612709475,60000,300,8.310309800000141,8.171875,True
cx0.9_mut0.0001,0.9,0.0001,test_9,8,18,860,53.84660206520158,52.14622892089795,60000,300,8.234395400000722,8.125,True
cx0.9_mut0.0001,0.9,0.0001,test_9,8,19,861,59.90197430644736,57.48212018205347,60000,300,7.7387729000001855,7.65625,True
cx0.9_mut0.0001,0.9,0.0001,test_10,9,0,942,46.89873757926956,44.818206198294234,60000,300,8.813733500000126,8.734375,True
cx0.9_mut0.0001,0.9,0.0001,test_10,9,1,943,49.84339643200428,47.802344274022445,60000,300,9.58787829999983,9.390625,True
cx0.9_mut0.0001,0.9,0.0001,test_10,9,2,944,48.2251171246788,46.618851679044994,60000,300,8.276139000000512,8.203125,True
cx0.9_mut0.0001,0.9,0.0001,test_10,9,3,945,52.909967434132405,50.60585278496468,60000,300,8.416196799999852,8.34375,True
cx0.9_mut0.0001,0.9,0.0001,test_10,9,4,946,52.100032265358,50.04324900334587,60000,300,7.676461399999425,7.46875,True
cx0.9_mut0.0001,0.9,0.0001,test_10,9,5,947,53.13519760376345,51.095119713565644,60000,300,7.980933200000436,7.84375,True
cx0.9_mut0.0001,0.9,0.0001,test_10,9,6,948,59.73190482308326,57.62482204275626,60000,300,8.014427000000069,7.890625,True
cx0.9_mut0.0001,0.9,0.0001,test_10,9,7,949,58.57148596127308,56.5355777110964,60000,300,8.198519900000065,8.046875,True
cx0.9_mut0.0001,0.9,0.0001,test_10,9,8,950,58.45646568343919,56.694229846838944,60000,300,8.04651240000021,7.96875,True
cx0.9_mut0.0001,0.9,0.0001,test_10,9,9,951,47.04494513548075,45.48796381026391,60000,300,9.463502399999925,9.34375,True
cx0.9_mut0.0001,0.9,0.0001,test_10,9,10,952,56.03815935723714,54.00160594935007,60000,300,8.115668999999798,8.09375,True
cx0.9_mut0.0001,0.9,0.0001,test_10,9,11,953,44.10229899602902,42.63061625041767,60000,300,8.204483399999845,8.09375,True
cx0.9_mut0.0001,0.9,0.0001,test_10,9,12,954,58.713012334432314,56.59504100716817,60000,300,8.713602499999979,8.625,True
cx0.9_mut0.0001,0.9,0.0001,test_10,9,13,955,65.30556782502413,62.99857410084553,60000,300,8.079795699999522,7.96875,True
cx0.9_mut0.0001,0.9,0.0001,test_10,9,14,956,52.737495249553554,50.98335902985282,60000,300,7.651771099999678,7.5625,True
cx0.9_mut0.0001,0.9,0.0001,test_10,9,15,957,57.8330583970088,56.41013993460886,60000,300,8.771995300000526,8.734375,True
cx0.9_mut0.0001,0.9,0.0001,test_10,9,16,958,47.359243020869386,45.307868670653946,60000,300,8.438353000000461,8.296875,True
cx0.9_mut0.0001,0.9,0.0001,test_10,9,17,959,56.379465882703315,54.537278088240726,60000,300,12.116623699999764,12.015625,True
cx0.9_mut0.0001,0.9,0.0001,test_10,9,18,960,47.57268492257006,46.183199472166194,60000,300,8.418812199999593,8.359375,True
cx0.9_mut0.0001,0.9,0.0001,test_10,9,19,961,59.96013901743955,58.4057058152619,60000,300,8.99118559999988,8.953125,True
cx0.9_mut0.001,0.9,0.001,test_1,0,0,42,56.94728972968355,54.75239313074956,60000,300,7.7704610000000685,7.515625,True
cx0.9_mut0.001,0.9,0.001,test_1,0,1,43,49.19339879801927,47.42241736324962,60000,300,8.926549700000123,8.90625,True
cx0.9_mut0.001,0.9,0.001,test_1,0,2,44,48.32523482399485,46.46561903737757,60000,300,9.124243299999762,9.046875,True
cx0.9_mut0.001,0.9,0.001,test_1,0,3,45,48.40140685184538,46.85435330162392,60000,300,8.917040499999985,8.796875,True
cx0.9_mut0.001,0.9,0.001,test_1,0,4,46,48.994754131369,47.04919873228716,60000,300,10.873439299999973,10.734375,True
cx0.9_mut0.001,0.9,0.001,test_1,0,5,47,55.57664438273858,53.83890297434894,60000,300,9.110769000000346,8.96875,True
cx0.9_mut0.001,0.9,0.001,test_1,0,6,48,53.65411619459656,51.522579161205954,60000,300,10.154003799999828,9.984375,True
cx0.9_mut0.001,0.9,0.001,test_1,0,7,49,49.55844633715705,48.13627085877682,60000,300,8.581282399999964,8.4375,True
cx0.9_mut0.001,0.9,0.001,test_1,0,8,50,48.387670668245505,46.81000150989159,60000,300,11.532945599999948,11.359375,True
cx0.9_mut0.001,0.9,0.001,test_1,0,9,51,53.399991326470264,51.492425073973415,60000,300,9.500376099999812,9.375,True
cx0.9_mut0.001,0.9,0.001,test_1,0,10,52,56.21016749935861,54.63514189142098,60000,300,10.071111700000074,9.875,True
cx0.9_mut0.001,0.9,0.001,test_1,0,11,53,52.330764134721946,50.66869751053443,60000,300,9.202556099999583,9.03125,True
cx0.9_mut0.001,0.9,0.001,test_1,0,12,54,55.9208544202131,54.31312387932229,60000,300,7.722610099999656,7.65625,True
cx0.9_mut0.001,0.9,0.001,test_1,0,13,55,42.302034000148204,40.7612340886802,60000,300,11.075462499999958,10.859375,True
cx0.9_mut0.001,0.9,0.001,test_1,0,14,56,50.10205313953328,48.06384910460992,60000,300,9.240849300000264,9.140625,True
cx0.9_mut0.001,0.9,0.001,test_1,0,15,57,46.344285172281396,44.666095122590036,60000,300,7.986292699999467,7.9375,True
cx0.9_mut0.001,0.9,0.001,test_1,0,16,58,51.411116334696665,49.864022530089805,60000,300,9.468480100000306,9.421875,True
cx0.9_mut0.001,0.9,0.001,test_1,0,17,59,49.616390577523184,47.85357262507651,60000,300,9.745772500000385,9.671875,True
cx0.9_mut0.001,0.9,0.001,test_1,0,18,60,54.64960697272248,52.97843430120809,60000,300,8.217879499999981,8.1875,True
cx0.9_mut0.001,0.9,0.001,test_1,0,19,61,53.67940435054812,52.36982509219449,60000,300,9.96954310000001,9.859375,True
cx0.9_mut0.001,0.9,0.001,test_2,1,0,142,40.4860882360804,38.784250918969626,60000,300,9.867838300000585,9.8125,True
cx0.9_mut0.001,0.9,0.001,test_2,1,1,143,40.61301045707588,39.10968427678395,60000,300,8.278346799999781,8.15625,True
cx0.9_mut0.001,0.9,0.001,test_2,1,2,144,49.49447260414938,47.868805756750795,60000,300,9.557758199999626,9.484375,True
cx0.9_mut0.001,0.9,0.001,test_2,1,3,145,51.85218113588598,50.150039500757394,60000,300,8.260213399999884,8.203125,True
cx0.9_mut0.001,0.9,0.001,test_2,1,4,146,45.678257670729366,43.89468458500379,60000,300,8.213506799999777,8.140625,True
cx0.9_mut0.001,0.9,0.001,test_2,1,5,147,39.92098594780542,38.14075841501039,60000,300,8.236801199999718,8.203125,True
cx0.9_mut0.001,0.9,0.001,test_2,1,6,148,41.187555402601895,39.270802467029256,60000,300,8.650953200000004,8.609375,True
cx0.9_mut0.001,0.9,0.001,test_2,1,7,149,48.71576490893752,46.773745496132754,60000,300,9.133558500000618,9.0625,True
cx0.9_mut0.001,0.9,0.001,test_2,1,8,150,39.266736072788596,37.78190297997629,60000,300,8.44774630000029,8.421875,True
cx0.9_mut0.001,0.9,0.001,test_2,1,9,151,47.908450448812765,46.002315406591315,60000,300,8.602068099999997,8.40625,True
cx0.9_mut0.001,0.9,0.001,test_2,1,10,152,48.00580545604661,46.32066149920111,60000,300,9.242036600000574,9.109375,True
cx0.9_mut0.001,0.9,0.001,test_2,1,11,153,47.6070119874904,45.66016979540903,60000,300,8.357953199999429,8.34375,True
cx0.9_mut0.001,0.9,0.001,test_2,1,12,154,53.426399437286214,51.78209366648324,60000,300,9.887590000000273,9.84375,True
cx0.9_mut0.001,0.9,0.001,test_2,1,13,155,48.28319967250482,46.917841322812684,60000,300,7.824847800000498,7.765625,True
cx0.9_mut0.001,0.9,0.001,test_2,1,14,156,41.50797044981645,39.77556312651983,60000,300,8.207474099999672,8.0,True
cx0.9_mut0.001,0.9,0.001,test_2,1,15,157,52.667135823879946,51.15809958617994,60000,300,8.946208299999853,8.875,True
cx0.9_mut0.001,0.9,0.001,test_2,1,16,158,39.788065453683984,38.27953476799998,60000,300,9.605062399999952,9.40625,True
cx0.9_mut0.001,0.9,0.001,test_2,1,17,159,45.176424530343354,43.33303350717599,60000,300,9.89863239999977,9.78125,True
cx0.9_mut0.001,0.9,0.001,test_2,1,18,160,51.0655394663834,49.398286661682,60000,300,8.547910100000081,8.5,True
cx0.9_mut0.001,0.9,0.001,test_2,1,19,161,41.57389574489754,39.771817403099604,60000,300,8.336880500000007,8.25,True
cx0.9_mut0.001,0.9,0.001,test_3,2,0,242,41.046248650806206,39.2462949180258,60000,300,8.726223499999833,8.59375,True
cx0.9_mut0.001,0.9,0.001,test_3,2,1,243,43.104972915053004,41.31352105422657,60000,300,8.050536499999907,7.953125,True
cx0.9_mut0.001,0.9,0.001,test_3,2,2,244,45.76607112079658,43.98313798636388,60000,300,10.0249045999999,9.890625,True
cx0.9_mut0.001,0.9,0.001,test_3,2,3,245,43.87244818724677,41.685436358822415,60000,300,11.605119899999409,11.5,True
cx0.9_mut0.001,0.9,0.001,test_3,2,4,246,46.53083186658642,44.812467871307284,60000,300,8.764468999999735,8.640625,True
cx0.9_mut0.001,0.9,0.001,test_3,2,5,247,49.11928066405525,47.29316228525857,60000,300,11.69459999999981,11.53125,True
cx0.9_mut0.001,0.9,0.001,test_3,2,6,248,38.02240206175978,36.52783185128473,60000,300,8.393157499999688,8.25,True
cx0.9_mut0.001,0.9,0.001,test_3,2,7,249,45.36314690979582,43.65790764497814,60000,300,10.495685900000353,10.34375,True
cx0.9_mut0.001,0.9,0.001,test_3,2,8,250,49.425768139551735,47.346488059519814,60000,300,8.942899799999395,8.84375,True
cx0.9_mut0.001,0.9,0.001,test_3,2,9,251,43.70338324047754,41.83494703966463,60000,300,9.71166919999996,9.625,True
cx0.9_mut0.001,0.9,0.001,test_3,2,10,252,42.11292747584297,40.392419165315516,60000,300,9.842966700000034,9.71875,True
cx0.9_mut0.001,0.9,0.001,test_3,2,11,253,42.464296918764674,40.53913611158124,60000,300,8.467096200000015,8.359375,True
cx0.9_mut0.001,0.9,0.001,test_3,2,12,254,44.648607394181745,42.593358170952854,60000,300,10.622615500000393,10.359375,True
cx0.9_mut0.001,0.9,0.001,test_3,2,13,255,47.73160222444682,45.674091232842656,60000,300,9.14397310000004,9.03125,True
cx0.9_mut0.001,0.9,0.001,test_3,2,14,256,51.56282707981438,49.63082315453621,60000,300,11.434216900000138,11.3125,True
cx0.9_mut0.001,0.9,0.001,test_3,2,15,257,43.7672029748476,41.94520541656606,60000,300,10.771234800000457,10.71875,True
cx0.9_mut0.001,0.9,0.001,test_3,2,16,258,47.907430383124456,45.95682444898722,60000,300,9.083928699999888,8.9375,True
cx0.9_mut0.001,0.9,0.001,test_3,2,17,259,40.951356992640264,38.558467587035004,60000,300,11.579182299999957,11.4375,True
cx0.9_mut0.001,0.9,0.001,test_3,2,18,260,42.51169011305967,40.7742547221424,60000,300,8.50811590000012,8.40625,True
cx0.9_mut0.001,0.9,0.001,test_3,2,19,261,46.48436711344889,44.855587574206055,60000,300,8.200427599999784,8.140625,True
cx0.9_mut0.001,0.9,0.001,test_4,3,0,342,36.31409824508798,34.657547151752524,60000,300,9.00121820000004,8.8125,True
cx0.9_mut0.001,0.9,0.001,test_4,3,1,343,39.13324902520182,37.48381849545323,60000,300,8.345742000000428,8.21875,True
cx0.9_mut0.001,0.9,0.001,test_4,3,2,344,45.21258038897899,43.499035415141144,60000,300,10.77846210000007,10.640625,True
cx0.9_mut0.001,0.9,0.001,test_4,3,3,345,39.34234291752225,37.802858203230265,60000,300,8.225763899999947,8.1875,True
cx0.9_mut0.001,0.9,0.001,test_4,3,4,346,37.22031962937438,35.74944286260367,60000,300,9.692830699999831,9.546875,True
cx0.9_mut0.001,0.9,0.001,test_4,3,5,347,39.513244745556165,38.05272163586703,60000,300,7.63103030000002,7.5625,True
cx0.9_mut0.001,0.9,0.001,test_4,3,6,348,37.98948859613582,36.38992159262891,60000,300,8.151767600000312,8.0625,True
cx0.9_mut0.001,0.9,0.001,test_4,3,7,349,38.76195089362242,37.21681646670361,60000,300,9.012791000000107,8.859375,True
cx0.9_mut0.001,0.9,0.001,test_4,3,8,350,38.59820990664865,37.2021144868714,60000,300,8.438379899999745,8.453125,True
cx0.9_mut0.001,0.9,0.001,test_4,3,9,351,43.58327379868147,41.590295372738204,60000,300,10.68330960000003,10.53125,True
cx0.9_mut0.001,0.9,0.001,test_4,3,10,352,36.16626063775517,34.65828924108912,60000,300,8.513520399999834,8.46875,True
cx0.9_mut0.001,0.9,0.001,test_4,3,11,353,36.8707860666288,35.19207206421989,60000,300,9.451646499999697,9.375,True
cx0.9_mut0.001,0.9,0.001,test_4,3,12,354,36.9861791667733,35.73017112127911,60000,300,8.472096299999976,8.453125,True
cx0.9_mut0.001,0.9,0.001,test_4,3,13,355,35.84263510070724,34.10261568160799,60000,300,8.117017999999916,8.03125,True
cx0.9_mut0.001,0.9,0.001,test_4,3,14,356,39.02801775052775,37.063879116981916,60000,300,10.011536799999703,9.828125,True
cx0.9_mut0.001,0.9,0.001,test_4,3,15,357,37.444048501064294,35.685534348421825,60000,300,9.433730900000228,9.28125,True
cx0.9_mut0.001,0.9,0.001,test_4,3,16,358,46.73502041873837,45.06367692300304,60000,300,8.740337100000033,8.546875,True
cx0.9_mut0.001,0.9,0.001,test_4,3,17,359,40.10239039202139,38.38205265902605,60000,300,8.953211299999566,8.921875,True
cx0.9_mut0.001,0.9,0.001,test_4,3,18,360,35.99888389914578,34.56984092542689,60000,300,8.688256500000534,8.625,True
cx0.9_mut0.001,0.9,0.001,test_4,3,19,361,34.90022917020609,33.440869455619364,60000,300,8.836828700000297,8.703125,True
cx0.9_mut0.001,0.9,0.001,test_5,4,0,442,51.86114413965895,49.893202088723044,60000,300,12.543324100000063,12.34375,True
cx0.9_mut0.001,0.9,0.001,test_5,4,1,443,47.775587412821075,45.91633279881907,60000,300,8.500650199999654,8.375,True
cx0.9_mut0.001,0.9,0.001,test_5,4,2,444,51.40308667296766,49.36322651152727,60000,300,8.616933700000118,8.515625,True
cx0.9_mut0.001,0.9,0.001,test_5,4,3,445,49.75167061067853,48.18753854444926,60000,300,8.750124899999719,8.6875,True
cx0.9_mut0.001,0.9,0.001,test_5,4,4,446,55.22452809740639,53.296419850178026,60000,300,8.28865119999955,8.203125,True
cx0.9_mut0.001,0.9,0.001,test_5,4,5,447,46.18552884753071,44.48482794505196,60000,300,8.631456000000071,8.546875,True
cx0.9_mut0.001,0.9,0.001,test_5,4,6,448,53.9905416399223,52.01191823439626,60000,300,8.649952500000836,8.53125,True
cx0.9_mut0.001,0.9,0.001,test_5,4,7,449,50.04136761441083,48.43973510920236,60000,300,7.730286399999386,7.671875,True
cx0.9_mut0.001,0.9,0.001,test_5,4,8,450,47.22145560130972,45.4574857918745,60000,300,9.392555499999617,9.328125,True
cx0.9_mut0.001,0.9,0.001,test_5,4,9,451,59.05956334643841,57.17776012342546,60000,300,8.529909400000179,8.46875,True
cx0.9_mut0.001,0.9,0.001,test_5,4,10,452,60.186200018238814,58.39549164573482,60000,300,8.133159599999999,8.03125,True
cx0.9_mut0.001,0.9,0.001,test_5,4,11,453,43.377222237904725,41.65847400995741,60000,300,11.478715100000045,11.328125,True
cx0.9_mut0.001,0.9,0.001,test_5,4,12,454,51.958000233413074,50.163861846774445,60000,300,11.152627099999336,11.03125,True
cx0.9_mut0.001,0.9,0.001,test_5,4,13,455,49.86426219144376,47.67607709001077,60000,300,8.93253409999943,8.921875,True
cx0.9_mut0.001,0.9,0.001,test_5,4,14,456,52.013404759695824,49.9708284356323,60000,300,8.85200309999982,8.78125,True
cx0.9_mut0.001,0.9,0.001,test_5,4,15,457,49.67628825753315,48.12736893946435,60000,300,9.774993199999699,9.71875,True
cx0.9_mut0.001,0.9,0.001,test_5,4,16,458,47.168655019571254,45.096891712767054,60000,300,11.295828000000256,11.234375,True
cx0.9_mut0.001,0.9,0.001,test_5,4,17,459,48.47220777924107,46.77949345333181,60000,300,10.427642399999968,10.34375,True
cx0.9_mut0.001,0.9,0.001,test_5,4,18,460,53.57969372068287,51.78796533043823,60000,300,9.193306699999994,8.953125,True
cx0.9_mut0.001,0.9,0.001,test_5,4,19,461,44.16172723852928,42.10573068517125,60000,300,8.24317289999999,8.125,True
cx0.9_mut0.001,0.9,0.001,test_6,5,0,542,51.67306779881442,50.07212846365382,60000,300,8.042095300000256,7.875,True
cx0.9_mut0.001,0.9,0.001,test_6,5,1,543,57.09347059113687,54.89164739664254,60000,300,9.118158199999925,8.84375,True
cx0.9_mut0.001,0.9,0.001,test_6,5,2,544,50.3432324030185,48.568777472683855,60000,300,9.835030399999596,9.703125,True
cx0.9_mut0.001,0.9,0.001,test_6,5,3,545,36.93803664317216,35.39698384999568,60000,300,10.081983999999466,9.796875,True
cx0.9_mut0.001,0.9,0.001,test_6,5,4,546,43.627378195800226,41.77112054500104,60000,300,9.146053999999822,9.0,True
cx0.9_mut0.001,0.9,0.001,test_6,5,5,547,53.28865307690715,51.0882396479874,60000,300,9.363246999999319,9.203125,True
cx0.9_mut0.001,0.9,0.001,test_6,5,6,548,45.01150984154682,43.41573340089732,60000,300,12.299409299999752,12.046875,True
cx0.9_mut0.001,0.9,0.001,test_6,5,7,549,46.525464558964295,44.98168573083238,60000,300,10.009575799999766,9.828125,True
cx0.9_mut0.001,0.9,0.001,test_6,5,8,550,65.4811427662301,63.68502547751125,60000,300,11.457337499999994,11.1875,True
cx0.9_mut0.001,0.9,0.001,test_6,5,9,551,51.70860334288682,50.06744248172679,60000,300,9.63228909999998,9.390625,True
cx0.9_mut0.001,0.9,0.001,test_6,5,10,552,44.5589292613183,42.839693226917866,60000,300,8.112262999999984,7.96875,True
cx0.9_mut0.001,0.9,0.001,test_6,5,11,553,44.18431355859744,42.2053394299814,60000,300,9.258606399999735,9.0,True
cx0.9_mut0.001,0.9,0.001,test_6,5,12,554,49.02827119145223,46.582363881590496,60000,300,10.780854700000418,10.5625,True
cx0.9_mut0.001,0.9,0.001,test_6,5,13,555,43.15371321965216,41.21994018655609,60000,300,9.269353599999704,9.0625,True
cx0.9_mut0.001,0.9,0.001,test_6,5,14,556,45.75659106540083,43.9239273851727,60000,300,8.579341200000272,8.359375,True
cx0.9_mut0.001,0.9,0.001,test_6,5,15,557,44.755417110923325,43.23160548840336,60000,300,8.983648899999935,8.796875,True
cx0.9_mut0.001,0.9,0.001,test_6,5,16,558,46.69819221676926,44.89090159994993,60000,300,7.8396788000000015,7.46875,True
cx0.9_mut0.001,0.9,0.001,test_6,5,17,559,52.867458950389604,51.25103997466144,60000,300,10.14471069999945,9.96875,True
cx0.9_mut0.001,0.9,0.001,test_6,5,18,560,49.09021607375558,47.328277651350525,60000,300,8.280612900000051,8.09375,True
cx0.9_mut0.001,0.9,0.001,test_6,5,19,561,46.50458272236489,44.82962985053332,60000,300,8.793019200000344,8.671875,True
cx0.9_mut0.001,0.9,0.001,test_7,6,0,642,41.8579860040159,39.848551108698175,60000,300,9.167714300000625,8.953125,True
cx0.9_mut0.001,0.9,0.001,test_7,6,1,643,43.09397077392822,41.25982828855993,60000,300,10.780564900000172,10.546875,True
cx0.9_mut0.001,0.9,0.001,test_7,6,2,644,53.9166747976406,51.836560075779346,60000,300,8.606045500000619,8.40625,True
cx0.9_mut0.001,0.9,0.001,test_7,6,3,645,41.55626130272029,39.94175818701132,60000,300,8.189487900000131,8.078125,True
cx0.9_mut0.001,0.9,0.001,test_7,6,4,646,46.98203118988238,45.04421664567037,60000,300,8.333632700000635,8.203125,True
cx0.9_mut0.001,0.9,0.001,test_7,6,5,647,45.634991387413855,43.70476768466143,60000,300,8.6709536999997,8.40625,True
cx0.9_mut0.001,0.9,0.001,test_7,6,6,648,45.68597593741202,43.757072072107505,60000,300,8.478345200000149,8.265625,True
cx0.9_mut0.001,0.9,0.001,test_7,6,7,649,46.10503627728934,44.22387676794014,60000,300,8.225789299999633,8.0625,True
cx0.9_mut0.001,0.9,0.001,test_7,6,8,650,59.45791957410061,57.40336801080946,60000,300,8.851791899999625,8.5,True
cx0.9_mut0.001,0.9,0.001,test_7,6,9,651,55.090931006623165,53.15765794565214,60000,300,7.995861599999444,7.84375,True
cx0.9_mut0.001,0.9,0.001,test_7,6,10,652,40.85968887266078,39.27486197719499,60000,300,9.346161699999357,9.140625,True
cx0.9_mut0.001,0.9,0.001,test_7,6,11,653,59.84147084093899,57.836550982749884,60000,300,11.391602599999715,11.25,True
cx0.9_mut0.001,0.9,0.001,test_7,6,12,654,49.953293404725486,47.636309700650926,60000,300,9.638180799999645,9.359375,True
cx0.9_mut0.001,0.9,0.001,test_7,6,13,655,50.07911589839638,47.793449346138786,60000,300,7.634088900000279,7.515625,True
cx0.9_mut0.001,0.9,0.001,test_7,6,14,656,45.251123831532134,43.25188358709907,60000,300,10.053315099999963,9.890625,True
cx0.9_mut0.001,0.9,0.001,test_7,6,15,657,48.19245884121685,46.53941125190777,60000,300,9.945206700000199,9.734375,True
cx0.9_mut0.001,0.9,0.001,test_7,6,16,658,41.48983194772168,39.71084207439877,60000,300,10.19972240000061,10.046875,True
cx0.9_mut0.001,0.9,0.001,test_7,6,17,659,49.29346590982416,46.787288559911296,60000,300,9.544561700000486,9.390625,True
cx0.9_mut0.001,0.9,0.001,test_7,6,18,660,45.67113990435519,44.057086421170965,60000,300,8.15171780000037,8.015625,True
cx0.9_mut0.001,0.9,0.001,test_7,6,19,661,55.47544265444236,53.608770736715414,60000,300,8.169588699999622,8.109375,True
cx0.9_mut0.001,0.9,0.001,test_8,7,0,742,46.02912907175473,44.08896277800078,60000,300,7.963735299999826,7.9375,True
cx0.9_mut0.001,0.9,0.001,test_8,7,1,743,43.7722368436738,41.80484666595149,60000,300,8.727594400000271,8.671875,True
cx0.9_mut0.001,0.9,0.001,test_8,7,2,744,48.61072273066541,46.61135757186161,60000,300,11.179467900000418,10.96875,True
cx0.9_mut0.001,0.9,0.001,test_8,7,3,745,45.17430476278845,43.15722339652353,60000,300,9.372871499999746,9.28125,True
cx0.9_mut0.001,0.9,0.001,test_8,7,4,746,46.74444871622821,45.11923059643931,60000,300,8.099374700000226,7.984375,True
cx0.9_mut0.001,0.9,0.001,test_8,7,5,747,39.76489690820918,37.81587941976608,60000,300,11.258738200000153,11.125,True
cx0.9_mut0.001,0.9,0.001,test_8,7,6,748,45.17287053781457,43.45919883698016,60000,300,8.33973690000039,8.25,True
cx0.9_mut0.001,0.9,0.001,test_8,7,7,749,42.6110865215611,40.584620112790006,60000,300,10.117661100000078,10.078125,True
cx0.9_mut0.001,0.9,0.001,test_8,7,8,750,38.87747661608271,37.188894635493824,60000,300,8.393741699999737,8.359375,True
cx0.9_mut0.001,0.9,0.001,test_8,7,9,751,40.38078426304716,38.68322241400876,60000,300,8.391416800000115,8.171875,True
cx0.9_mut0.001,0.9,0.001,test_8,7,10,752,40.69612887285683,38.862366660920166,60000,300,8.069661599999563,7.984375,True
cx0.9_mut0.001,0.9,0.001,test_8,7,11,753,44.33010115843689,42.45896169560717,60000,300,9.757811700000275,9.609375,True
cx0.9_mut0.001,0.9,0.001,test_8,7,12,754,44.19918072481811,42.52825535713246,60000,300,10.248365299999932,10.171875,True
cx0.9_mut0.001,0.9,0.001,test_8,7,13,755,44.00415470533798,41.9296081718926,60000,300,8.875708499999746,8.71875,True
cx0.9_mut0.001,0.9,0.001,test_8,7,14,756,41.42495461852739,39.72321357653712,60000,300,9.183438399999432,9.125,True
cx0.9_mut0.001,0.9,0.001,test_8,7,15,757,46.7802052829899,44.88722153898679,60000,300,8.390946900000017,8.3125,True
cx0.9_mut0.001,0.9,0.001,test_8,7,16,758,40.90633339531219,39.306314463512926,60000,300,8.337591400000747,8.125,True
cx0.9_mut0.001,0.9,0.001,test_8,7,17,759,39.12636559978356,37.54909051011305,60000,300,8.135358300000007,8.078125,True
cx0.9_mut0.001,0.9,0.001,test_8,7,18,760,46.096389334750455,44.37659651593916,60000,300,9.608329000000595,9.390625,True
cx0.9_mut0.001,0.9,0.001,test_8,7,19,761,44.116556462725214,42.10985498199677,60000,300,7.888474600000336,7.71875,True
cx0.9_mut0.001,0.9,0.001,test_9,8,0,842,51.296673672759795,48.8761401018379,60000,300,8.660180200000468,8.578125,True
cx0.9_mut0.001,0.9,0.001,test_9,8,1,843,46.446075814278736,44.84157174681456,60000,300,8.470369099999516,8.390625,True
cx0.9_mut0.001,0.9,0.001,test_9,8,2,844,41.93791093411946,40.54643737375224,60000,300,8.32744029999958,8.21875,True
cx0.9_mut0.001,0.9,0.001,test_9,8,3,845,49.447860835967134,47.6001470953346,60000,300,8.576729499999601,8.53125,True
cx0.9_mut0.001,0.9,0.001,test_9,8,4,846,42.739196476928534,41.1193398877748,60000,300,8.747779899999841,8.640625,True
cx0.9_mut0.001,0.9,0.001,test_9,8,5,847,46.97745514605567,44.852543523304924,60000,300,8.168578899999375,8.140625,True
cx0.9_mut0.001,0.9,0.001,test_9,8,6,848,46.04232658184283,44.54000065450269,60000,300,8.724406799999997,8.609375,True
cx0.9_mut0.001,0.9,0.001,test_9,8,7,849,43.48502267520776,41.7416385996361,60000,300,9.313911500000359,9.28125,True
cx0.9_mut0.001,0.9,0.001,test_9,8,8,850,48.9836340621542,46.976726370092834,60000,300,9.963592600000084,9.859375,True
cx0.9_mut0.001,0.9,0.001,test_9,8,9,851,45.27405962254491,43.869198418377884,60000,300,7.81864620000033,7.796875,True
cx0.9_mut0.001,0.9,0.001,test_9,8,10,852,44.19199081799953,42.289067513764486,60000,300,8.500215400000343,8.4375,True
cx0.9_mut0.001,0.9,0.001,test_9,8,11,853,49.52295714079024,47.65688793229514,60000,300,8.31417059999967,8.25,True
cx0.9_mut0.001,0.9,0.001,test_9,8,12,854,38.011479030693756,36.726640790254244,60000,300,8.250206800000342,8.125,True
cx0.9_mut0.001,0.9,0.001,test_9,8,13,855,42.797045767429594,41.111095170852806,60000,300,8.285472500000651,8.234375,True
cx0.9_mut0.001,0.9,0.001,test_9,8,14,856,48.269763355675636,46.612850642985386,60000,300,8.743432699999175,8.625,True
cx0.9_mut0.001,0.9,0.001,test_9,8,15,857,51.59832487960347,50.31669142713659,60000,300,8.163358999999218,8.046875,True
cx0.9_mut0.001,0.9,0.001,test_9,8,16,858,49.10422686544517,47.49805680275948,60000,300,8.972879300000386,8.890625,True
cx0.9_mut0.001,0.9,0.001,test_9,8,17,859,46.3836930661463,44.37916580877806,60000,300,8.566273099999307,8.53125,True
cx0.9_mut0.001,0.9,0.001,test_9,8,18,860,53.5675501726227,51.54232242050733,60000,300,8.907072299999527,8.78125,True
cx0.9_mut0.001,0.9,0.001,test_9,8,19,861,47.81583263673077,45.62820506351195,60000,300,8.430042199999662,8.390625,True
cx0.9_mut0.001,0.9,0.001,test_10,9,0,942,47.174333034583036,45.62986877883624,60000,300,8.829838700000437,8.671875,True
cx0.9_mut0.001,0.9,0.001,test_10,9,1,943,42.9981489765115,40.84181243758958,60000,300,9.149642800000038,9.0,True
cx0.9_mut0.001,0.9,0.001,test_10,9,2,944,45.06115727137898,43.45610221135926,60000,300,9.353300099999615,9.3125,True
cx0.9_mut0.001,0.9,0.001,test_10,9,3,945,52.860649719705854,50.70221878761022,60000,300,8.362537599999996,8.28125,True
cx0.9_mut0.001,0.9,0.001,test_10,9,4,946,41.395408707972784,39.910783045795014,60000,300,10.508142300000145,10.40625,True
cx0.9_mut0.001,0.9,0.001,test_10,9,5,947,50.29103068889195,48.3754036211657,60000,300,8.416675899999973,8.34375,True
cx0.9_mut0.001,0.9,0.001,test_10,9,6,948,60.859006433900106,58.66300052765445,60000,300,9.3852638999997,9.25,True
cx0.9_mut0.001,0.9,0.001,test_10,9,7,949,42.288849350599,40.54137852671532,60000,300,11.416616299999987,11.3125,True
cx0.9_mut0.001,0.9,0.001,test_10,9,8,950,38.34245818117186,37.02882885760467,60000,300,8.142591799999536,8.015625,True
cx0.9_mut0.001,0.9,0.001,test_10,9,9,951,38.7839444934872,37.306025947373634,60000,300,10.123792100000173,9.875,True
cx0.9_mut0.001,0.9,0.001,test_10,9,10,952,45.67693322995995,43.922958232079864,60000,300,8.134724600000482,8.0625,True
cx0.9_mut0.001,0.9,0.001,test_10,9,11,953,48.42085836378247,46.52135561410641,60000,300,8.737576000000445,8.65625,True
cx0.9_mut0.001,0.9,0.001,test_10,9,12,954,52.39496777786811,50.584851619990154,60000,300,9.754508399999395,9.640625,True
cx0.9_mut0.001,0.9,0.001,test_10,9,13,955,43.57035891918065,42.027476928519576,60000,300,8.079013900000064,8.0,True
cx0.9_mut0.001,0.9,0.001,test_10,9,14,956,42.831887851971125,41.26032246848197,60000,300,8.301127800000359,8.296875,True
cx0.9_mut0.001,0.9,0.001,test_10,9,15,957,46.312285861212075,44.63144126568274,60000,300,8.157949700000245,8.109375,True
cx0.9_mut0.001,0.9,0.001,test_10,9,16,958,52.72812074377773,50.58442629007071,60000,300,9.141310500000145,9.0625,True
cx0.9_mut0.001,0.9,0.001,test_10,9,17,959,46.88170165066623,45.19834793446806,60000,300,9.50673420000021,9.28125,True
cx0.9_mut0.001,0.9,0.001,test_10,9,18,960,42.84711533807041,41.143491874489236,60000,300,8.051701700000194,7.9375,True
cx0.9_mut0.001,0.9,0.001,test_10,9,19,961,43.10666607066649,41.29952822141397,60000,300,7.035889199999474,6.96875,True
cx0.9_mut0.01,0.9,0.01,test_1,0,0,42,42.88024270399951,41.34963231433106,60000,300,9.111652999999933,8.921875,True
cx0.9_mut0.01,0.9,0.01,test_1,0,1,43,44.361477518809714,42.51910413999951,60000,300,9.340273000000252,9.234375,True
cx0.9_mut0.01,0.9,0.01,test_1,0,2,44,46.260659075834006,44.55297041375504,60000,300,9.165476799999851,9.015625,True
cx0.9_mut0.01,0.9,0.01,test_1,0,3,45,45.253995753470036,43.652238965800755,60000,300,10.69711899999993,10.53125,True
cx0.9_mut0.01,0.9,0.01,test_1,0,4,46,42.59472149833243,40.55344853396161,60000,300,8.736381400000027,8.640625,True
cx0.9_mut0.01,0.9,0.01,test_1,0,5,47,45.43458569886083,43.42238570113909,60000,300,9.185747099999844,9.09375,True
cx0.9_mut0.01,0.9,0.01,test_1,0,6,48,43.03705180648387,41.55979246275644,60000,300,10.626090100000056,10.296875,True
cx0.9_mut0.01,0.9,0.01,test_1,0,7,49,47.14093637628802,45.48808694287372,60000,300,9.139492999999675,9.03125,True
cx0.9_mut0.01,0.9,0.01,test_1,0,8,50,41.16122422387871,39.61920804203207,60000,300,9.172395999999935,9.078125,True
cx0.9_mut0.01,0.9,0.01,test_1,0,9,51,48.704077691419776,47.020875019672324,60000,300,8.325105800000074,8.21875,True
cx0.9_mut0.01,0.9,0.01,test_1,0,10,52,48.427989951506675,46.590863625721646,60000,300,9.281243500000073,9.1875,True
cx0.9_mut0.01,0.9,0.01,test_1,0,11,53,41.13775018570827,39.64945435345807,60000,300,9.41064150000011,9.328125,True
cx0.9_mut0.01,0.9,0.01,test_1,0,12,54,43.69766458578492,42.17889717616542,60000,300,11.606672900000376,11.421875,True
cx0.9_mut0.01,0.9,0.01,test_1,0,13,55,37.83001214904375,36.13327839400522,60000,300,8.404669600000489,8.234375,True
cx0.9_mut0.01,0.9,0.01,test_1,0,14,56,45.93350498680373,44.13748765400314,60000,300,9.239709800000128,9.15625,True
cx0.9_mut0.01,0.9,0.01,test_1,0,15,57,42.67178910526141,41.082131212803475,60000,300,8.031502999999248,8.015625,True
cx0.9_mut0.01,0.9,0.01,test_1,0,16,58,42.246024312963314,40.556164539189645,60000,300,8.482526100000541,8.40625,True
cx0.9_mut0.01,0.9,0.01,test_1,0,17,59,41.96885188813646,40.505430828552576,60000,300,8.636873299999934,8.59375,True
cx0.9_mut0.01,0.9,0.01,test_1,0,18,60,38.84585106425305,37.23452658084899,60000,300,8.430284899999606,8.390625,True
cx0.9_mut0.01,0.9,0.01,test_1,0,19,61,42.82920694184719,41.00317713212701,60000,300,9.232138700000178,9.140625,True
cx0.9_mut0.01,0.9,0.01,test_2,1,0,142,39.17017503378367,37.68848620252509,60000,300,7.860848199999964,7.78125,True
cx0.9_mut0.01,0.9,0.01,test_2,1,1,143,38.69742753554068,36.92598390282459,60000,300,9.551443100000142,9.5,True
cx0.9_mut0.01,0.9,0.01,test_2,1,2,144,40.30596699632373,38.55498543845869,60000,300,9.89553739999974,9.8125,True
cx0.9_mut0.01,0.9,0.01,test_2,1,3,145,36.76381966442645,35.300784100260444,60000,300,8.681681999999455,8.640625,True
cx0.9_mut0.01,0.9,0.01,test_2,1,4,146,44.476376208985236,42.88599062250458,60000,300,8.365644399999837,8.34375,True
cx0.9_mut0.01,0.9,0.01,test_2,1,5,147,38.43064516261488,37.19505450834628,60000,300,12.203360999999859,12.171875,True
cx0.9_mut0.01,0.9,0.01,test_2,1,6,148,37.06305499008053,35.70753143472136,60000,300,10.329312200000459,10.25,True
cx0.9_mut0.01,0.9,0.01,test_2,1,7,149,36.22206360271273,34.611867041808196,60000,300,8.716156700000283,8.65625,True
cx0.9_mut0.01,0.9,0.01,test_2,1,8,150,35.15915765779492,33.607851447838094,60000,300,8.918506400000297,8.84375,True
cx0.9_mut0.01,0.9,0.01,test_2,1,9,151,38.67269413969987,37.10108721730764,60000,300,12.421514300000126,12.109375,True
cx0.9_mut0.01,0.9,0.01,test_2,1,10,152,38.215316123095526,36.731271232999184,60000,300,12.174390799999856,12.046875,True
cx0.9_mut0.01,0.9,0.01,test_2,1,11,153,38.53058985586974,36.878077350241654,60000,300,8.372776700000031,8.265625,True
cx0.9_mut0.01,0.9,0.01,test_2,1,12,154,46.58334068865408,45.0104757292194,60000,300,8.16439580000042,8.078125,True
cx0.9_mut0.01,0.9,0.01,test_2,1,13,155,36.60379722478353,35.07294970464898,60000,300,13.874776799999381,13.71875,True
cx0.9_mut0.01,0.9,0.01,test_2,1,14,156,40.39362396345894,38.72422839696194,60000,300,10.162145899999814,10.046875,True
cx0.9_mut0.01,0.9,0.01,test_2,1,15,157,37.28006304488512,35.39299774347991,60000,300,12.730947699999888,12.5625,True
cx0.9_mut0.01,0.9,0.01,test_2,1,16,158,38.74600647699079,36.80914143959861,60000,300,8.291894300000422,8.21875,True
cx0.9_mut0.01,0.9,0.01,test_2,1,17,159,39.915409694185215,38.34896220824505,60000,300,9.18597249999948,9.0,True
cx0.9_mut0.01,0.9,0.01,test_2,1,18,160,38.406115640759744,36.9341004803081,60000,300,10.418972899999972,10.265625,True
cx0.9_mut0.01,0.9,0.01,test_2,1,19,161,36.06330228427582,34.4777666189648,60000,300,8.608538299999964,8.546875,True
cx0.9_mut0.01,0.9,0.01,test_3,2,0,242,35.27751045054478,33.681779620896435,60000,300,9.754414500000166,9.671875,True
cx0.9_mut0.01,0.9,0.01,test_3,2,1,243,41.75356395734189,39.764843432296765,60000,300,13.695020199999817,13.578125,True
cx0.9_mut0.01,0.9,0.01,test_3,2,2,244,40.743548524380586,39.26317364627291,60000,300,8.386174199999914,8.34375,True
cx0.9_mut0.01,0.9,0.01,test_3,2,3,245,37.70498740277573,35.85200710616389,60000,300,11.085563499999807,11.0,True
cx0.9_mut0.01,0.9,0.01,test_3,2,4,246,45.30884415363067,43.694039232474374,60000,300,10.720176900000297,10.625,True
cx0.9_mut0.01,0.9,0.01,test_3,2,5,247,38.12701709681995,36.63587878560593,60000,300,10.110775099999955,9.875,True
cx0.9_mut0.01,0.9,0.01,test_3,2,6,248,36.92871995719819,35.13556205059818,60000,300,8.166146300000037,8.109375,True
cx0.9_mut0.01,0.9,0.01,test_3,2,7,249,37.647293361558845,35.541290677926675,60000,300,12.07524199999989,11.9375,True
cx0.9_mut0.01,0.9,0.01,test_3,2,8,250,41.51407385770999,39.59877304295031,60000,300,9.98083570000017,9.921875,True
cx0.9_mut0.01,0.9,0.01,test_3,2,9,251,43.24513669975069,41.286420729013734,60000,300,9.865907999999763,9.796875,True
cx0.9_mut0.01,0.9,0.01,test_3,2,10,252,34.895597870538865,33.43094928493885,60000,300,9.07272439999997,9.03125,True
cx0.9_mut0.01,0.9,0.01,test_3,2,11,253,43.286310223761,41.504982303433096,60000,300,8.21808080000028,8.1875,True
cx0.9_mut0.01,0.9,0.01,test_3,2,12,254,42.96909352858823,41.00171786273134,60000,300,12.90484909999941,12.59375,True
cx0.9_mut0.01,0.9,0.01,test_3,2,13,255,37.0822157279799,35.128363399129825,60000,300,12.621058300000186,12.515625,True
cx0.9_mut0.01,0.9,0.01,test_3,2,14,256,37.25296940829901,35.68937799312059,60000,300,7.8531785000004675,7.796875,True
cx0.9_mut0.01,0.9,0.01,test_3,2,15,257,38.03369783703546,36.24752643862853,60000,300,9.52168200000051,9.421875,True
cx0.9_mut0.01,0.9,0.01,test_3,2,16,258,37.368392537002705,35.844966775750535,60000,300,9.500462400000288,9.375,True
cx0.9_mut0.01,0.9,0.01,test_3,2,17,259,34.54011657535328,33.15223658040075,60000,300,8.177458999999544,8.09375,True
cx0.9_mut0.01,0.9,0.01,test_3,2,18,260,36.79101400767054,35.18536649117571,60000,300,9.80648680000013,9.640625,True
cx0.9_mut0.01,0.9,0.01,test_3,2,19,261,42.24784434749424,40.48350055556135,60000,300,8.78490150000016,8.734375,True
cx0.9_mut0.01,0.9,0.01,test_4,3,0,342,34.64688093433294,32.753534734242045,60000,300,13.168342300000404,12.90625,True
cx0.9_mut0.01,0.9,0.01,test_4,3,1,343,38.25801561692519,36.67251398467312,60000,300,11.636224400000174,11.53125,True
cx0.9_mut0.01,0.9,0.01,test_4,3,2,344,43.448576192581776,42.241818555462395,60000,300,9.631976000000577,9.5625,True
cx0.9_mut0.01,0.9,0.01,test_4,3,3,345,30.07388249112504,28.550126619669552,60000,300,12.111997500000143,12.015625,True
cx0.9_mut0.01,0.9,0.01,test_4,3,4,346,36.417174496969665,34.79975377303348,60000,300,8.065525500000149,7.921875,True
cx0.9_mut0.01,0.9,0.01,test_4,3,5,347,35.132514431498755,33.47716989463437,60000,300,8.078209199999947,7.984375,True
cx0.9_mut0.01,0.9,0.01,test_4,3,6,348,34.30894527147072,32.694351562933214,60000,300,9.061775600000146,8.921875,True
cx0.9_mut0.01,0.9,0.01,test_4,3,7,349,33.364512151946414,31.785504085152564,60000,300,9.005968499999653,8.921875,True
cx0.9_mut0.01,0.9,0.01,test_4,3,8,350,34.21237847952959,33.02297352045515,60000,300,12.332895300000018,12.203125,True
cx0.9_mut0.01,0.9,0.01,test_4,3,9,351,38.356394792122835,36.87227000013172,60000,300,8.224542799999654,8.125,True
cx0.9_mut0.01,0.9,0.01,test_4,3,10,352,33.13827301312893,31.736718663510167,60000,300,8.194042299999637,8.09375,True
cx0.9_mut0.01,0.9,0.01,test_4,3,11,353,36.20477869263457,34.596004902156324,60000,300,7.9708536999996795,7.84375,True
cx0.9_mut0.01,0.9,0.01,test_4,3,12,354,38.97008150748015,37.24001043401462,60000,300,9.703072300000713,9.625,True
cx0.9_mut0.01,0.9,0.01,test_4,3,13,355,33.271850656489654,31.952906359115065,60000,300,9.157507400000213,9.046875,True
cx0.9_mut0.01,0.9,0.01,test_4,3,14,356,43.14393925981445,41.58569483389246,60000,300,9.286546299999827,9.1875,True
cx0.9_mut0.01,0.9,0.01,test_4,3,15,357,36.51755747503677,34.69931525287592,60000,300,12.608240500000647,12.421875,True
cx0.9_mut0.01,0.9,0.01,test_4,3,16,358,31.28241194918585,29.92594588256462,60000,300,8.08700940000017,8.0,True
cx0.9_mut0.01,0.9,0.01,test_4,3,17,359,32.63231215894251,30.999416876422984,60000,300,7.865369000000101,7.828125,True
cx0.9_mut0.01,0.9,0.01,test_4,3,18,360,31.75626429930496,30.594787942511495,60000,300,9.121697000000495,9.0,True
cx0.9_mut0.01,0.9,0.01,test_4,3,19,361,33.246551740781925,31.572726315300933,60000,300,9.639929900000425,9.546875,True
cx0.9_mut0.01,0.9,0.01,test_5,4,0,442,40.29308046835409,38.667634886657616,60000,300,10.083689500000219,9.953125,True
cx0.9_mut0.01,0.9,0.01,test_5,4,1,443,42.778745871843604,40.86070252248461,60000,300,8.890534899999693,8.8125,True
cx0.9_mut0.01,0.9,0.01,test_5,4,2,444,36.67632962005896,35.023918031422326,60000,300,9.352167299999564,9.28125,True
cx0.9_mut0.01,0.9,0.01,test_5,4,3,445,44.11990452827819,42.71286393732804,60000,300,9.63539370000035,9.515625,True
cx0.9_mut0.01,0.9,0.01,test_5,4,4,446,44.40961293428944,42.78669543705088,60000,300,10.670667200000025,10.5625,True
cx0.9_mut0.01,0.9,0.01,test_5,4,5,447,48.522745732757286,46.79906820655577,60000,300,7.58401909999975,7.5,True
cx0.9_mut0.01,0.9,0.01,test_5,4,6,448,36.09625277926427,34.56462232815854,60000,300,10.831941600000391,10.78125,True
cx0.9_mut0.01,0.9,0.01,test_5,4,7,449,37.56143703825469,36.00151921518859,60000,300,7.8499509000002945,7.75,True
cx0.9_mut0.01,0.9,0.01,test_5,4,8,450,40.94127856229676,39.32135754209688,60000,300,9.759140400000433,9.625,True
cx0.9_mut0.01,0.9,0.01,test_5,4,9,451,52.07767872107583,50.34978096853085,60000,300,12.234071200000471,12.140625,True
cx0.9_mut0.01,0.9,0.01,test_5,4,10,452,37.67548007415842,36.10621544821586,60000,300,8.49243639999986,8.4375,True
cx0.9_mut0.01,0.9,0.01,test_5,4,11,453,41.06128053494014,39.40806100811523,60000,300,8.645922300000166,8.578125,True
cx0.9_mut0.01,0.9,0.01,test_5,4,12,454,39.75285795450383,37.97992570629714,60000,300,8.358119800000168,8.296875,True
cx0.9_mut0.01,0.9,0.01,test_5,4,13,455,43.05163465391862,41.16996022986017,60000,300,11.176189100000556,11.109375,True
cx0.9_mut0.01,0.9,0.01,test_5,4,14,456,45.29829949368335,43.68831589625213,60000,300,9.010088600000017,8.90625,True
cx0.9_mut0.01,0.9,0.01,test_5,4,15,457,50.897368688787004,49.35434220890278,60000,300,8.358652300000358,8.21875,True
cx0.9_mut0.01,0.9,0.01,test_5,4,16,458,37.68468671432878,36.05488287992729,60000,300,8.144129199999952,8.078125,True
cx0.9_mut0.01,0.9,0.01,test_5,4,17,459,42.33300017182046,40.67938165512796,60000,300,8.895086900000024,8.828125,True
cx0.9_mut0.01,0.9,0.01,test_5,4,18,460,48.99657737535758,47.57476890413433,60000,300,10.078428700000586,9.796875,True
cx0.9_mut0.01,0.9,0.01,test_5,4,19,461,35.77988211522527,34.30151913286757,60000,300,10.947073199999977,10.734375,True
cx0.9_mut0.01,0.9,0.01,test_6,5,0,542,41.56490343843791,39.755236006140954,60000,300,10.114960200000496,10.0,True
cx0.9_mut0.01,0.9,0.01,test_6,5,1,543,42.3546513331041,40.74636573448839,60000,300,10.821520200000123,10.546875,True
cx0.9_mut0.01,0.9,0.01,test_6,5,2,544,38.81725724443088,36.847340705997325,60000,300,14.039270199999919,13.6875,True
cx0.9_mut0.01,0.9,0.01,test_6,5,3,545,36.715628977602854,35.040523665297826,60000,300,10.46620830000029,10.265625,True
cx0.9_mut0.01,0.9,0.01,test_6,5,4,546,44.02212625487259,42.583334301421274,60000,300,8.33881459999975,8.03125,True
cx0.9_mut0.01,0.9,0.01,test_6,5,5,547,39.94552250255633,38.218235737746404,60000,300,12.728342399999747,12.453125,True
cx0.9_mut0.01,0.9,0.01,test_6,5,6,548,39.596709210888484,38.05248768630833,60000,300,9.126553900000545,8.9375,True
cx0.9_mut0.01,0.9,0.01,test_6,5,7,549,34.1826822620252,32.51668720852785,60000,300,10.713900700000522,10.515625,True
cx0.9_mut0.01,0.9,0.01,test_6,5,8,550,44.052832237538354,42.588363298335906,60000,300,9.624191500000052,9.34375,True
cx0.9_mut0.01,0.9,0.01,test_6,5,9,551,44.60488661630031,43.22482768019601,60000,300,8.477870900000198,8.34375,True
cx0.9_mut0.01,0.9,0.01,test_6,5,10,552,44.647496025856725,42.954838959089564,60000,300,11.047418000000107,10.90625,True
cx0.9_mut0.01,0.9,0.01,test_6,5,11,553,36.67114290024809,35.344931102502805,60000,300,10.418681999999535,10.21875,True
cx0.9_mut0.01,0.9,0.01,test_6,5,12,554,34.20195708166316,32.611614795850585,60000,300,10.498407200000656,10.21875,True
cx0.9_mut0.01,0.9,0.01,test_6,5,13,555,47.81867009803852,46.04264938712948,60000,300,10.566848899999968,10.203125,True
cx0.9_mut0.01,0.9,0.01,test_6,5,14,556,42.783539445874595,41.347549041885564,60000,300,11.810361799999555,11.59375,True
cx0.9_mut0.01,0.9,0.01,test_6,5,15,557,45.283283178266906,43.71720121364826,60000,300,10.650543700000526,10.453125,True
cx0.9_mut0.01,0.9,0.01,test_6,5,16,558,33.153534346025126,32.01673365067633,60000,300,9.302764099999877,9.078125,True
cx0.9_mut0.01,0.9,0.01,test_6,5,17,559,49.61349595115855,48.0612896748353,60000,300,11.136293000000478,10.90625,True
cx0.9_mut0.01,0.9,0.01,test_6,5,18,560,41.07633793539995,39.355624059177956,60000,300,11.513964599999781,11.28125,True
cx0.9_mut0.01,0.9,0.01,test_6,5,19,561,37.56650523083432,35.76813306093398,60000,300,12.624188499999946,12.328125,True
cx0.9_mut0.01,0.9,0.01,test_7,6,0,642,41.50586525972722,39.76184928155224,60000,300,11.998364499999298,11.609375,True
cx0.9_mut0.01,0.9,0.01,test_7,6,1,643,39.797193932982445,38.28536868440069,60000,300,9.478213399999731,9.359375,True
cx0.9_mut0.01,0.9,0.01,test_7,6,2,644,43.82432859559955,42.08875253024423,60000,300,7.740080200000193,7.59375,True
cx0.9_mut0.01,0.9,0.01,test_7,6,3,645,32.64732189278416,31.07955610240365,60000,300,8.616298500000084,8.453125,True
cx0.9_mut0.01,0.9,0.01,test_7,6,4,646,41.58561552743769,39.44168865700014,60000,300,10.374624600000061,10.078125,True
cx0.9_mut0.01,0.9,0.01,test_7,6,5,647,45.04978193484605,42.67399942726809,60000,300,10.83121570000003,10.515625,True
cx0.9_mut0.01,0.9,0.01,test_7,6,6,648,43.788743250663956,41.927051359553005,60000,300,8.087573800000428,7.78125,True
cx0.9_mut0.01,0.9,0.01,test_7,6,7,649,35.337033168745506,33.70260882539337,60000,300,8.343698499999846,8.1875,True
cx0.9_mut0.01,0.9,0.01,test_7,6,8,650,39.237003499717524,37.480134980302964,60000,300,10.350381799999923,10.140625,True
cx0.9_mut0.01,0.9,0.01,test_7,6,9,651,43.60868115220961,41.863965833463524,60000,300,8.296515800000634,8.265625,True
cx0.9_mut0.01,0.9,0.01,test_7,6,10,652,41.403294251060764,39.60399732839264,60000,300,8.603737599999477,8.515625,True
cx0.9_mut0.01,0.9,0.01,test_7,6,11,653,39.111065357946885,37.541466838708054,60000,300,9.351126000000477,9.15625,True
cx0.9_mut0.01,0.9,0.01,test_7,6,12,654,44.16599394601346,42.19170158752438,60000,300,8.767751399999725,8.59375,True
cx0.9_mut0.01,0.9,0.01,test_7,6,13,655,37.28040857604049,35.34534870496197,60000,300,9.45260320000034,9.265625,True
cx0.9_mut0.01,0.9,0.01,test_7,6,14,656,45.547023440966015,43.31103074198721,60000,300,11.541750899999897,11.296875,True
cx0.9_mut0.01,0.9,0.01,test_7,6,15,657,43.116278343968375,41.09408727217482,60000,300,10.926913299999796,10.71875,True
cx0.9_mut0.01,0.9,0.01,test_7,6,16,658,34.30976957960206,32.64919618314782,60000,300,12.078031200000623,11.90625,True
cx0.9_mut0.01,0.9,0.01,test_7,6,17,659,39.578427430646876,37.99476050287351,60000,300,9.43597250000039,9.328125,True
cx0.9_mut0.01,0.9,0.01,test_7,6,18,660,35.02807244942913,33.32387711386069,60000,300,10.839506899999833,10.703125,True
cx0.9_mut0.01,0.9,0.01,test_7,6,19,661,37.97013765571881,36.498795099167964,60000,300,8.115211999999701,8.03125,True
cx0.9_mut0.01,0.9,0.01,test_8,7,0,742,35.83817030582488,33.735565891163965,60000,300,11.542170499999884,11.375,True
cx0.9_mut0.01,0.9,0.01,test_8,7,1,743,30.762933816145775,29.02931559128355,60000,300,12.532898300000852,12.375,True
cx0.9_mut0.01,0.9,0.01,test_8,7,2,744,40.335917815268765,38.54228098013233,60000,300,9.883040999999139,9.65625,True
cx0.9_mut0.01,0.9,0.01,test_8,7,3,745,33.74579254730619,32.021715043631595,60000,300,10.746140999999625,10.734375,True
cx0.9_mut0.01,0.9,0.01,test_8,7,4,746,36.72295586555045,35.0932903735117,60000,300,10.400519499999973,10.3125,True
cx0.9_mut0.01,0.9,0.01,test_8,7,5,747,38.34414778383678,36.43794497596826,60000,300,10.624736499999926,10.53125,True
cx0.9_mut0.01,0.9,0.01,test_8,7,6,748,40.94932559224456,39.010585791415615,60000,300,11.17157590000079,11.078125,True
cx0.9_mut0.01,0.9,0.01,test_8,7,7,749,34.67921469092263,32.94247511176759,60000,300,10.988545400000476,10.921875,True
cx0.9_mut0.01,0.9,0.01,test_8,7,8,750,36.448060523917974,34.55089958706853,60000,300,11.761020900000403,11.640625,True
cx0.9_mut0.01,0.9,0.01,test_8,7,9,751,37.51594624450223,35.951203872534414,60000,300,12.825384300000223,12.609375,True
cx0.9_mut0.01,0.9,0.01,test_8,7,10,752,33.776522730527795,32.13195154968778,60000,300,8.27123069999925,8.125,True
cx0.9_mut0.01,0.9,0.01,test_8,7,11,753,39.84716051986287,37.952865463702906,60000,300,10.63746970000011,10.484375,True
cx0.9_mut0.01,0.9,0.01,test_8,7,12,754,33.36840494180772,31.87256947542329,60000,300,10.049893499999598,9.953125,True
cx0.9_mut0.01,0.9,0.01,test_8,7,13,755,38.77938003912244,37.097884301161486,60000,300,9.999800900000082,9.890625,True
cx0.9_mut0.01,0.9,0.01,test_8,7,14,756,42.292762559812225,40.63116634789054,60000,300,8.71428399999968,8.671875,True
cx0.9_mut0.01,0.9,0.01,test_8,7,15,757,36.566273743072216,35.0938812178594,60000,300,9.500033000000258,9.4375,True
cx0.9_mut0.01,0.9,0.01,test_8,7,16,758,36.11542587876505,34.56496057935423,60000,300,9.605832499999451,9.546875,True
cx0.9_mut0.01,0.9,0.01,test_8,7,17,759,38.54427114759452,36.96348509586007,60000,300,10.025216600000022,9.921875,True
cx0.9_mut0.01,0.9,0.01,test_8,7,18,760,38.74523129584655,37.32074473400724,60000,300,9.241731199999776,9.09375,True
cx0.9_mut0.01,0.9,0.01,test_8,7,19,761,35.487944553024455,33.84275510794786,60000,300,12.550640399999793,12.359375,True
cx0.9_mut0.01,0.9,0.01,test_9,8,0,842,43.20804303497442,41.498510380978615,60000,300,9.389245600000322,9.296875,True
cx0.9_mut0.01,0.9,0.01,test_9,8,1,843,40.51658668605207,39.08744555086754,60000,300,10.191306300000178,10.140625,True
cx0.9_mut0.01,0.9,0.01,test_9,8,2,844,37.82531283874777,36.15386802756641,60000,300,8.560511499999848,8.421875,True
cx0.9_mut0.01,0.9,0.01,test_9,8,3,845,39.29429756801969,37.73803768973089,60000,300,10.44206000000031,10.296875,True
cx0.9_mut0.01,0.9,0.01,test_9,8,4,846,39.168348077921856,37.723462310979556,60000,300,7.994310500000211,7.890625,True
cx0.9_mut0.01,0.9,0.01,test_9,8,5,847,36.62861149069815,35.149800155194825,60000,300,7.6364065999996456,7.53125,True
cx0.9_mut0.01,0.9,0.01,test_9,8,6,848,39.80457152749553,38.38526973680869,60000,300,10.233194900000854,10.078125,True
cx0.9_mut0.01,0.9,0.01,test_9,8,7,849,49.64091078397919,48.18224218779391,60000,300,9.903565100000378,9.78125,True
cx0.9_mut0.01,0.9,0.01,test_9,8,8,850,40.659292286874276,39.061358213816845,60000,300,7.910439399999632,7.75,True
cx0.9_mut0.01,0.9,0.01,test_9,8,9,851,38.721226205804584,36.961054697480805,60000,300,9.150537599999552,9.03125,True
cx0.9_mut0.01,0.9,0.01,test_9,8,10,852,37.09094413770346,35.44010228616443,60000,300,10.78616030000012,10.734375,True
cx0.9_mut0.01,0.9,0.01,test_9,8,11,853,41.28887198828401,39.732445148701835,60000,300,12.083903499999906,11.96875,True
cx0.9_mut0.01,0.9,0.01,test_9,8,12,854,38.83843526548217,37.493512656424556,60000,300,8.701835799999571,8.59375,True
cx0.9_mut0.01,0.9,0.01,test_9,8,13,855,35.1368359941817,33.701771706241516,60000,300,8.377351300000555,8.3125,True
cx0.9_mut0.01,0.9,0.01,test_9,8,14,856,42.28682163366305,40.9203634713263,60000,300,10.512209500000608,10.34375,True
cx0.9_mut0.01,0.9,0.01,test_9,8,15,857,36.49603038537232,35.029114143553855,60000,300,10.223339999999553,10.125,True
cx0.9_mut0.01,0.9,0.01,test_9,8,16,858,42.6579243287586,41.33424787668375,60000,300,8.17631259999962,7.953125,True
cx0.9_mut0.01,0.9,0.01,test_9,8,17,859,44.840342886615026,43.39382087819042,60000,300,9.625622300000032,9.5625,True
cx0.9_mut0.01,0.9,0.01,test_9,8,18,860,40.90054248159732,39.6848886712272,60000,300,9.285604200000307,9.109375,True
cx0.9_mut0.01,0.9,0.01,test_9,8,19,861,42.89652439696931,41.16667752185267,60000,300,10.832101799999691,10.734375,True
cx0.9_mut0.01,0.9,0.01,test_10,9,0,942,43.17939059191715,41.414791620816956,60000,300,8.689532499999586,8.640625,True
cx0.9_mut0.01,0.9,0.01,test_10,9,1,943,40.051887199110716,38.417719812940305,60000,300,11.148435600000084,10.890625,True
cx0.9_mut0.01,0.9,0.01,test_10,9,2,944,41.01541425821549,38.84379740241119,60000,300,9.534063799999785,9.359375,True
cx0.9_mut0.01,0.9,0.01,test_10,9,3,945,37.970116267813125,36.27709720926642,60000,300,8.253106000000116,8.203125,True
cx0.9_mut0.01,0.9,0.01,test_10,9,4,946,40.43375135485528,38.13781304802194,60000,300,8.133519500000148,8.09375,True
cx0.9_mut0.01,0.9,0.01,test_10,9,5,947,38.92856984598999,37.09739464375767,60000,300,11.002104099999997,10.921875,True
cx0.9_mut0.01,0.9,0.01,test_10,9,6,948,43.68086310696652,42.47576719385247,60000,300,8.7033978999998,8.65625,True
cx0.9_mut0.01,0.9,0.01,test_10,9,7,949,38.049891229397666,36.4250380944189,60000,300,8.355037499999526,8.21875,True
cx0.9_mut0.01,0.9,0.01,test_10,9,8,950,42.855235271251125,41.20336879680111,60000,300,9.577056699999957,9.421875,True
cx0.9_mut0.01,0.9,0.01,test_10,9,9,951,33.77859011147012,32.16014294074513,60000,300,9.352025599999251,9.296875,True
cx0.9_mut0.01,0.9,0.01,test_10,9,10,952,37.07671887359573,35.55102089442529,60000,300,9.28614910000033,9.125,True
cx0.9_mut0.01,0.9,0.01,test_10,9,11,953,35.643896963727265,34.33837987155614,60000,300,7.705605000000105,7.609375,True
cx0.9_mut0.01,0.9,0.01,test_10,9,12,954,39.73890476610237,38.05965400524769,60000,300,9.250205899999855,9.125,True
cx0.9_mut0.01,0.9,0.01,test_10,9,13,955,35.642577242538074,33.96358256244127,60000,300,7.979841999999735,7.875,True
cx0.9_mut0.01,0.9,0.01,test_10,9,14,956,38.63720532918093,37.208338586441826,60000,300,8.105746700000054,8.015625,True
cx0.9_mut0.01,0.9,0.01,test_10,9,15,957,33.7260772281399,32.64061717306055,60000,300,7.884698599999865,7.828125,True
cx0.9_mut0.01,0.9,0.01,test_10,9,16,958,33.35679287931645,31.549143566544174,60000,300,8.061658599999646,7.984375,True
cx0.9_mut0.01,0.9,0.01,test_10,9,17,959,43.76638481617638,42.51364279309919,60000,300,11.30838439999934,11.25,True
cx0.9_mut0.01,0.9,0.01,test_10,9,18,960,33.96227831981281,32.356249505414254,60000,300,8.621786599999723,8.5625,True
cx0.9_mut0.01,0.9,0.01,test_10,9,19,961,39.2652525111884,37.55879757165911,60000,300,6.966470400000617,6.9375,True
cx0.9_mut0.1,0.9,0.1,test_1,0,0,42,33.867497179515446,32.44950038177918,60000,300,7.057287699999961,6.96875,True
cx0.9_mut0.1,0.9,0.1,test_1,0,1,43,34.441017084704,32.895388950813334,60000,300,7.503442199999881,7.375,True
cx0.9_mut0.1,0.9,0.1,test_1,0,2,44,37.38476868320207,35.79063803523984,60000,300,7.782148899999811,7.6875,True
cx0.9_mut0.1,0.9,0.1,test_1,0,3,45,31.909880837781163,30.501708390383406,60000,300,8.39905839999983,8.234375,True
cx0.9_mut0.1,0.9,0.1,test_1,0,4,46,36.88359424954389,35.35449804270645,60000,300,7.786170800000036,7.734375,True
cx0.9_mut0.1,0.9,0.1,test_1,0,5,47,38.25126508800305,37.06445997415648,60000,300,9.113648800000192,9.015625,True
cx0.9_mut0.1,0.9,0.1,test_1,0,6,48,36.00854685455512,34.330587310028676,60000,300,9.421788200000265,9.265625,True
cx0.9_mut0.1,0.9,0.1,test_1,0,7,49,38.29852833860532,36.690804008458606,60000,300,8.170407200000227,8.078125,True
cx0.9_mut0.1,0.9,0.1,test_1,0,8,50,45.04081816505221,43.55772833971578,60000,300,7.784040600000026,7.6875,True
cx0.9_mut0.1,0.9,0.1,test_1,0,9,51,38.33123778217349,36.91418929838113,60000,300,8.237945899999886,8.125,True
cx0.9_mut0.1,0.9,0.1,test_1,0,10,52,42.84732311594903,41.23682996091889,60000,300,9.030588500000249,8.734375,True
cx0.9_mut0.1,0.9,0.1,test_1,0,11,53,36.422501887619724,34.67963506605595,60000,300,9.893836299999748,9.75,True
cx0.9_mut0.1,0.9,0.1,test_1,0,12,54,39.81621665127609,38.0979541092443,60000,300,7.57858699999997,7.5,True
cx0.9_mut0.1,0.9,0.1,test_1,0,13,55,32.01304309889126,30.703802209780207,60000,300,8.21077669999977,8.046875,True
cx0.9_mut0.1,0.9,0.1,test_1,0,14,56,49.62088716540329,47.87452439256122,60000,300,8.059411000000182,7.921875,True
cx0.9_mut0.1,0.9,0.1,test_1,0,15,57,34.00143291249297,32.466187932139995,60000,300,7.602321200000006,7.546875,True
cx0.9_mut0.1,0.9,0.1,test_1,0,16,58,38.62927359581337,37.002830108141225,60000,300,7.236299899999722,7.21875,True
cx0.9_mut0.1,0.9,0.1,test_1,0,17,59,46.596381246660314,45.203378845264695,60000,300,6.923193199999332,6.890625,True
cx0.9_mut0.1,0.9,0.1,test_1,0,18,60,34.704673178001585,32.99956769183988,60000,300,8.5828606999994,8.53125,True
cx0.9_mut0.1,0.9,0.1,test_1,0,19,61,42.32863041257833,40.72411718967363,60000,300,6.801519199999348,6.78125,True
cx0.9_mut0.1,0.9,0.1,test_2,1,0,142,34.38258756515583,32.996720482143004,60000,300,7.47929750000003,7.4375,True
cx0.9_mut0.1,0.9,0.1,test_2,1,1,143,32.80729150875117,31.802915772251428,60000,300,8.797445799999878,8.78125,True
cx0.9_mut0.1,0.9,0.1,test_2,1,2,144,40.55759019364783,39.14274903768489,60000,300,7.991488799999388,7.90625,True
cx0.9_mut0.1,0.9,0.1,test_2,1,3,145,38.33477506985121,36.31466353499898,60000,300,7.1223823999998785,7.109375,True
cx0.9_mut0.1,0.9,0.1,test_2,1,4,146,31.329190458795335,29.84346542913698,60000,300,9.575637099999767,9.546875,True
cx0.9_mut0.1,0.9,0.1,test_2,1,5,147,32.322935399280695,30.98553045906064,60000,300,7.069226800000251,7.0,True
cx0.9_mut0.1,0.9,0.1,test_2,1,6,148,33.234554637977155,31.354656838892023,60000,300,8.910033999999541,8.875,True
cx0.9_mut0.1,0.9,0.1,test_2,1,7,149,32.5019368783599,30.866887900316673,60000,300,7.934908500000347,7.90625,True
cx0.9_mut0.1,0.9,0.1,test_2,1,8,150,34.31755908210968,32.708449046299656,60000,300,9.291393999999855,9.15625,True
cx0.9_mut0.1,0.9,0.1,test_2,1,9,151,35.38243070921234,33.718140937687934,60000,300,10.359466100000645,10.15625,True
cx0.9_mut0.1,0.9,0.1,test_2,1,10,152,33.60583651570716,32.06988968246215,60000,300,9.038445399999546,8.90625,True
cx0.9_mut0.1,0.9,0.1,test_2,1,11,153,33.20344094728663,31.56655750620395,60000,300,8.615788000000066,8.546875,True
cx0.9_mut0.1,0.9,0.1,test_2,1,12,154,38.68007216796341,36.7241675692879,60000,300,7.576753800000006,7.421875,True
cx0.9_mut0.1,0.9,0.1,test_2,1,13,155,31.415783034122835,29.622458393492607,60000,300,8.674756999999772,8.578125,True
cx0.9_mut0.1,0.9,0.1,test_2,1,14,156,31.52046070289573,29.84222263445806,60000,300,9.076355700000022,9.0,True
cx0.9_mut0.1,0.9,0.1,test_2,1,15,157,37.09840994983886,35.4865996713782,60000,300,7.700119600000107,7.65625,True
cx0.9_mut0.1,0.9,0.1,test_2,1,16,158,33.42596108276507,31.74548326851949,60000,300,7.20045300000038,7.125,True
cx0.9_mut0.1,0.9,0.1,test_2,1,17,159,34.48322547930183,32.95661194518688,60000,300,7.731092699999863,7.6875,True
cx0.9_mut0.1,0.9,0.1,test_2,1,18,160,29.897872060276143,28.714715238260176,60000,300,8.055361800000355,7.921875,True
cx0.9_mut0.1,0.9,0.1,test_2,1,19,161,41.72395644503327,40.18130841255856,60000,300,7.89868960000058,7.71875,True
cx0.9_mut0.1,0.9,0.1,test_3,2,0,242,36.09533244346555,34.180732595931474,60000,300,9.556443700000273,9.4375,True
cx0.9_mut0.1,0.9,0.1,test_3,2,1,243,34.85750471386152,33.02059607869329,60000,300,9.037243300000227,8.96875,True
cx0.9_mut0.1,0.9,0.1,test_3,2,2,244,34.496322802883626,32.981407377522494,60000,300,8.435263100000157,8.40625,True
cx0.9_mut0.1,0.9,0.1,test_3,2,3,245,35.84253648304254,34.45898694013605,60000,300,7.236115499999869,7.1875,True
cx0.9_mut0.1,0.9,0.1,test_3,2,4,246,34.23543430913086,32.50355516115264,60000,300,9.122934600000008,8.984375,True
cx0.9_mut0.1,0.9,0.1,test_3,2,5,247,29.351212208355367,27.77525530743837,60000,300,8.969739899999695,8.765625,True
cx0.9_mut0.1,0.9,0.1,test_3,2,6,248,37.37694778384303,35.9034040684834,60000,300,9.061446599999726,9.0,True
cx0.9_mut0.1,0.9,0.1,test_3,2,7,249,43.022247644640885,41.51659488429377,60000,300,9.538146900000356,9.4375,True
cx0.9_mut0.1,0.9,0.1,test_3,2,8,250,37.57263963502062,35.7931983326883,60000,300,7.518087399999786,7.453125,True
cx0.9_mut0.1,0.9,0.1,test_3,2,9,251,34.44661143264858,32.93735941191186,60000,300,8.048521200000323,7.875,True
cx0.9_mut0.1,0.9,0.1,test_3,2,10,252,36.746645089137765,35.19542036690357,60000,300,7.504490700000133,7.40625,True
cx0.9_mut0.1,0.9,0.1,test_3,2,11,253,46.82300709427792,45.38686129498856,60000,300,8.758420000000115,8.6875,True
cx0.9_mut0.1,0.9,0.1,test_3,2,12,254,32.11073314375224,30.5380186443087,60000,300,7.390596000000187,7.34375,True
cx0.9_mut0.1,0.9,0.1,test_3,2,13,255,34.60372815484532,32.87652957656458,60000,300,7.431755399999929,7.390625,True
cx0.9_mut0.1,0.9,0.1,test_3,2,14,256,32.81025518944581,31.1314815103513,60000,300,8.379922000000079,8.34375,True
cx0.9_mut0.1,0.9,0.1,test_3,2,15,257,34.074916233076735,32.3279941115321,60000,300,9.375305100000332,9.3125,True
cx0.9_mut0.1,0.9,0.1,test_3,2,16,258,37.76462789126058,35.96557111666148,60000,300,7.7668603000001895,7.6875,True
cx0.9_mut0.1,0.9,0.1,test_3,2,17,259,33.86373341225448,32.41396400424813,60000,300,8.325766599999952,8.21875,True
cx0.9_mut0.1,0.9,0.1,test_3,2,18,260,34.434447848210596,33.022564502875476,60000,300,8.234060200000386,8.09375,True
cx0.9_mut0.1,0.9,0.1,test_3,2,19,261,36.32628556164885,34.69325223347978,60000,300,8.429932799999733,8.375,True
cx0.9_mut0.1,0.9,0.1,test_4,3,0,342,29.204016417850905,27.713795022835562,60000,300,9.5404281000001,9.28125,True
cx0.9_mut0.1,0.9,0.1,test_4,3,1,343,27.197677443369642,25.914436975560797,60000,300,8.029692199999772,7.90625,True
cx0.9_mut0.1,0.9,0.1,test_4,3,2,344,29.066587949711987,27.928526555489942,60000,300,8.727265200000147,8.71875,True
cx0.9_mut0.1,0.9,0.1,test_4,3,3,345,31.646758371355688,30.166088602624786,60000,300,8.121630100000402,8.046875,True
cx0.9_mut0.1,0.9,0.1,test_4,3,4,346,29.106741637500008,27.645798038203846,60000,300,9.994563499999458,9.796875,True
cx0.9_mut0.1,0.9,0.1,test_4,3,5,347,27.7370801565666,26.274704881435415,60000,300,7.078725100000156,6.984375,True
cx0.9_mut0.1,0.9,0.1,test_4,3,6,348,32.107431713520945,30.475244477462258,60000,300,9.293196400000852,9.21875,True
cx0.9_mut0.1,0.9,0.1,test_4,3,7,349,26.66804718539288,25.40683916155511,60000,300,7.611071600000287,7.515625,True
cx0.9_mut0.1,0.9,0.1,test_4,3,8,350,28.13302558774608,26.659855585539134,60000,300,8.176635400000123,8.0625,True
cx0.9_mut0.1,0.9,0.1,test_4,3,9,351,27.39762144081676,26.171730800684344,60000,300,7.616084399999636,7.546875,True
cx0.9_mut0.1,0.9,0.1,test_4,3,10,352,28.605333073377054,27.377263939965424,60000,300,8.593638600000304,8.515625,True
cx0.9_mut0.1,0.9,0.1,test_4,3,11,353,27.089518500594462,25.711221876723148,60000,300,8.26253380000071,8.109375,True
cx0.9_mut0.1,0.9,0.1,test_4,3,12,354,33.10011930288422,31.666015907973517,60000,300,7.489701200000127,7.421875,True
cx0.9_mut0.1,0.9,0.1,test_4,3,13,355,29.77688019386754,28.49010179866113,60000,300,9.143937199999527,9.078125,True
cx0.9_mut0.1,0.9,0.1,test_4,3,14,356,34.539542993545886,33.21308707546441,60000,300,9.236067100000582,9.078125,True
cx0.9_mut0.1,0.9,0.1,test_4,3,15,357,32.44996258929807,31.081866838705196,60000,300,7.767152399999759,7.703125,True
cx0.9_mut0.1,0.9,0.1,test_4,3,16,358,28.423738894983785,27.148885754047438,60000,300,8.42417690000002,8.40625,True
cx0.9_mut0.1,0.9,0.1,test_4,3,17,359,29.416025942227996,28.168426831767885,60000,300,7.934693799999877,7.859375,True
cx0.9_mut0.1,0.9,0.1,test_4,3,18,360,27.049174236932416,25.64570455844721,60000,300,9.23451279999972,9.140625,True
cx0.9_mut0.1,0.9,0.1,test_4,3,19,361,33.775196422483965,31.73894610554589,60000,300,8.163150200000018,8.03125,True
cx0.9_mut0.1,0.9,0.1,test_5,4,0,442,38.23923144616949,36.984889853019084,60000,300,9.09641449999981,8.9375,True
cx0.9_mut0.1,0.9,0.1,test_5,4,1,443,36.01991866551104,34.49412281271011,60000,300,7.988834000000679,7.8125,True
cx0.9_mut0.1,0.9,0.1,test_5,4,2,444,41.30084195510718,39.75520875873495,60000,300,7.816302899999755,7.71875,True
cx0.9_mut0.1,0.9,0.1,test_5,4,3,445,42.846650766902826,41.48050093219046,60000,300,8.760963199999424,8.578125,True
cx0.9_mut0.1,0.9,0.1,test_5,4,4,446,39.3158035912717,37.57772168613148,60000,300,8.706482599999617,8.640625,True
cx0.9_mut0.1,0.9,0.1,test_5,4,5,447,31.768542621718296,30.276375398772668,60000,300,8.253891100000146,8.09375,True
cx0.9_mut0.1,0.9,0.1,test_5,4,6,448,35.21588462700145,33.69869859165865,60000,300,8.158629700000347,8.125,True
cx0.9_mut0.1,0.9,0.1,test_5,4,7,449,41.77710526148873,40.415089956984886,60000,300,8.121539500000836,8.03125,True
cx0.9_mut0.1,0.9,0.1,test_5,4,8,450,37.227437510151915,35.690124000759425,60000,300,7.54711159999988,7.4375,True
cx0.9_mut0.1,0.9,0.1,test_5,4,9,451,35.63255258500355,33.87034345311933,60000,300,8.670810999999958,8.625,True
cx0.9_mut0.1,0.9,0.1,test_5,4,10,452,44.46842193135225,42.627658358063755,60000,300,8.633617499999673,8.546875,True
cx0.9_mut0.1,0.9,0.1,test_5,4,11,453,36.49952766860647,35.02359103163626,60000,300,7.725785200000246,7.671875,True
cx0.9_mut0.1,0.9,0.1,test_5,4,12,454,39.07961396726327,37.41297806313299,60000,300,9.05288930000006,8.953125,True
cx0.9_mut0.1,0.9,0.1,test_5,4,13,455,37.68374626945165,36.18928514251281,60000,300,8.322126900000512,8.25,True
cx0.9_mut0.1,0.9,0.1,test_5,4,14,456,40.007807271070185,38.670127683583694,60000,300,8.94217000000026,8.890625,True
cx0.9_mut0.1,0.9,0.1,test_5,4,15,457,40.95221533875706,39.3788125287204,60000,300,8.053835900000195,7.90625,True
cx0.9_mut0.1,0.9,0.1,test_5,4,16,458,34.12897242514611,32.69418152673689,60000,300,7.738449600000422,7.6875,True
cx0.9_mut0.1,0.9,0.1,test_5,4,17,459,40.55274732497606,38.76298238315836,60000,300,8.823452000000543,8.8125,True
cx0.9_mut0.1,0.9,0.1,test_5,4,18,460,39.834389487546986,37.906525918409336,60000,300,11.449753599999895,11.234375,True
cx0.9_mut0.1,0.9,0.1,test_5,4,19,461,46.940643049445775,45.65524494059614,60000,300,9.33766789999936,9.09375,True
cx0.9_mut0.1,0.9,0.1,test_6,5,0,542,37.92497531853201,36.38057549795424,60000,300,8.795416099999784,8.59375,True
cx0.9_mut0.1,0.9,0.1,test_6,5,1,543,32.460883986332455,30.99772301266585,60000,300,8.847899200000029,8.671875,True
cx0.9_mut0.1,0.9,0.1,test_6,5,2,544,36.3437598669157,35.00960365400974,60000,300,8.41942889999973,8.203125,True
cx0.9_mut0.1,0.9,0.1,test_6,5,3,545,37.85425804357881,36.31257238498347,60000,300,9.153966099999707,8.859375,True
cx0.9_mut0.1,0.9,0.1,test_6,5,4,546,33.698351261917594,32.29761380607658,60000,300,9.51265179999973,9.375,True
cx0.9_mut0.1,0.9,0.1,test_6,5,5,547,38.94666587964537,37.3967147910654,60000,300,9.997315499999786,9.859375,True
cx0.9_mut0.1,0.9,0.1,test_6,5,6,548,38.3530295631147,36.7469194565778,60000,300,8.713474999999562,8.453125,True
cx0.9_mut0.1,0.9,0.1,test_6,5,7,549,33.12637627621004,31.633357935410217,60000,300,7.556073799999467,7.296875,True
cx0.9_mut0.1,0.9,0.1,test_6,5,8,550,39.27579961104503,37.45156914791377,60000,300,9.89194310000039,9.640625,True
cx0.9_mut0.1,0.9,0.1,test_6,5,9,551,39.789447919290225,38.2059508740206,60000,300,9.649277999999867,9.46875,True
cx0.9_mut0.1,0.9,0.1,test_6,5,10,552,37.629078345066844,36.076635763947564,60000,300,9.55251219999991,9.421875,True
cx0.9_mut0.1,0.9,0.1,test_6,5,11,553,45.85564874393266,44.46683307321628,60000,300,7.128790599999775,6.984375,True
cx0.9_mut0.1,0.9,0.1,test_6,5,12,554,35.01296385899448,33.28574435367498,60000,300,8.802948699999433,8.65625,True
cx0.9_mut0.1,0.9,0.1,test_6,5,13,555,37.92824471323941,36.46869818360506,60000,300,8.837482899999486,8.59375,True
cx0.9_mut0.1,0.9,0.1,test_6,5,14,556,39.95603067270285,38.266197489010636,60000,300,9.12135760000001,9.03125,True
cx0.9_mut0.1,0.9,0.1,test_6,5,15,557,34.727340323309654,33.05596305521141,60000,300,9.095320299999912,8.984375,True
cx0.9_mut0.1,0.9,0.1,test_6,5,16,558,36.93528299683819,35.41786838931728,60000,300,8.51193179999973,8.25,True
cx0.9_mut0.1,0.9,0.1,test_6,5,17,559,38.6868226477944,36.843304966418174,60000,300,9.50693390000015,9.265625,True
cx0.9_mut0.1,0.9,0.1,test_6,5,18,560,42.16574455505946,40.80327620759644,60000,300,7.47674939999979,7.296875,True
cx0.9_mut0.1,0.9,0.1,test_6,5,19,561,37.56300482402952,36.141269962830975,60000,300,8.281821799999307,8.1875,True
cx0.9_mut0.1,0.9,0.1,test_7,6,0,642,32.22729864734935,30.629867602111208,60000,300,8.866388899999947,8.65625,True
cx0.9_mut0.1,0.9,0.1,test_7,6,1,643,34.63317595092205,32.888499954772115,60000,300,7.616635600000336,7.5625,True
cx0.9_mut0.1,0.9,0.1,test_7,6,2,644,33.37821861057445,31.866704082038865,60000,300,7.075708999999733,6.96875,True
cx0.9_mut0.1,0.9,0.1,test_7,6,3,645,32.52524209901818,30.620420139560597,60000,300,8.020090900000469,7.90625,True
cx0.9_mut0.1,0.9,0.1,test_7,6,4,646,27.107429241947695,25.70790651134139,60000,300,8.480951999999888,8.34375,True
cx0.9_mut0.1,0.9,0.1,test_7,6,5,647,32.54042727676538,30.684115244216024,60000,300,7.399198500000239,7.234375,True
cx0.9_mut0.1,0.9,0.1,test_7,6,6,648,34.824507853500684,33.27889889685218,60000,300,7.54312469999968,7.3125,True
cx0.9_mut0.1,0.9,0.1,test_7,6,7,649,31.764234138857578,30.182574281901935,60000,300,8.305018199999722,8.125,True
cx0.9_mut0.1,0.9,0.1,test_7,6,8,650,39.40507276996265,37.81976313435242,60000,300,8.66225250000025,8.359375,True
cx0.9_mut0.1,0.9,0.1,test_7,6,9,651,36.34783761802485,34.62780183179842,60000,300,7.9844984000001205,7.859375,True
cx0.9_mut0.1,0.9,0.1,test_7,6,10,652,37.00027048110128,35.00432621484898,60000,300,8.17858940000042,8.109375,True
cx0.9_mut0.1,0.9,0.1,test_7,6,11,653,32.188000011959055,30.699117037725504,60000,300,8.350882900000215,8.234375,True
cx0.9_mut0.1,0.9,0.1,test_7,6,12,654,31.772496355128432,30.18740316501651,60000,300,8.582001400000081,8.453125,True
cx0.9_mut0.1,0.9,0.1,test_7,6,13,655,35.12499386176245,33.334839484743085,60000,300,9.224887800000033,9.15625,True
cx0.9_mut0.1,0.9,0.1,test_7,6,14,656,32.72847989808009,31.018321481896713,60000,300,8.6292442999993,8.40625,True
cx0.9_mut0.1,0.9,0.1,test_7,6,15,657,34.823431125904804,33.268532069745966,60000,300,9.96390699999938,9.78125,True
cx0.9_mut0.1,0.9,0.1,test_7,6,16,658,37.74921762545893,36.210397015059954,60000,300,9.085780899999918,8.96875,True
cx0.9_mut0.1,0.9,0.1,test_7,6,17,659,32.869213778095414,31.27699006441771,60000,300,9.929288599999381,9.78125,True
cx0.9_mut0.1,0.9,0.1,test_7,6,18,660,41.96473000954595,40.508403707846995,60000,300,7.225093500000185,7.171875,True
cx0.9_mut0.1,0.9,0.1,test_7,6,19,661,43.4746821925603,41.67560556301825,60000,300,9.26324300000033,9.21875,True
cx0.9_mut0.1,0.9,0.1,test_8,7,0,742,41.42488874495544,39.72500064551512,60000,300,7.359521499999573,7.296875,True
cx0.9_mut0.1,0.9,0.1,test_8,7,1,743,31.12925312628717,29.69499956524093,60000,300,8.237754800000403,8.09375,True
cx0.9_mut0.1,0.9,0.1,test_8,7,2,744,39.1288598458332,37.41102976902898,60000,300,8.774378699999943,8.640625,True
cx0.9_mut0.1,0.9,0.1,test_8,7,3,745,29.90701883154308,28.323574352463247,60000,300,8.84432730000026,8.671875,True
cx0.9_mut0.1,0.9,0.1,test_8,7,4,746,32.328347244521595,30.5362941499505,60000,300,8.245329800000036,8.140625,True
cx0.9_mut0.1,0.9,0.1,test_8,7,5,747,30.12018393943884,28.569306098834772,60000,300,8.320861799999875,8.203125,True
cx0.9_mut0.1,0.9,0.1,test_8,7,6,748,34.990558828650286,33.21037836420709,60000,300,9.331404999999904,9.203125,True
cx0.9_mut0.1,0.9,0.1,test_8,7,7,749,30.541637048951106,28.997328320167362,60000,300,9.484864300000481,9.40625,True
cx0.9_mut0.1,0.9,0.1,test_8,7,8,750,36.42804025791592,34.80333328913291,60000,300,8.025152900000649,7.9375,True
cx0.9_mut0.1,0.9,0.1,test_8,7,9,751,38.68842607907906,37.21873251495236,60000,300,7.44201510000039,7.390625,True
cx0.9_mut0.1,0.9,0.1,test_8,7,10,752,33.26960025253324,31.698825615499377,60000,300,8.804398299999775,8.6875,True
cx0.9_mut0.1,0.9,0.1,test_8,7,11,753,34.490903937572426,32.63522836553309,60000,300,8.647915999999896,8.515625,True
cx0.9_mut0.1,0.9,0.1,test_8,7,12,754,34.04617448555224,32.39078101049776,60000,300,7.537500600000385,7.453125,True
cx0.9_mut0.1,0.9,0.1,test_8,7,13,755,29.596342162346268,27.981328798038753,60000,300,9.089892800000598,9.015625,True
cx0.9_mut0.1,0.9,0.1,test_8,7,14,756,34.306411354780614,32.83841072997222,60000,300,7.680615499999476,7.640625,True
cx0.9_mut0.1,0.9,0.1,test_8,7,15,757,35.16252456246751,33.505219548657685,60000,300,8.371557599999505,8.234375,True
cx0.9_mut0.1,0.9,0.1,test_8,7,16,758,31.62459229255642,29.830595008429686,60000,300,9.59146150000015,9.5,True
cx0.9_mut0.1,0.9,0.1,test_8,7,17,759,36.952519653160174,35.40169390308837,60000,300,7.132517799999732,7.125,True
cx0.9_mut0.1,0.9,0.1,test_8,7,18,760,33.63144042939343,32.035616569037124,60000,300,9.526837800000067,9.34375,True
cx0.9_mut0.1,0.9,0.1,test_8,7,19,761,34.48773188596133,32.55043317720172,60000,300,8.542180200000075,8.421875,True
cx0.9_mut0.1,0.9,0.1,test_9,8,0,842,37.62374941141515,36.00787806264983,60000,300,7.313035199999831,7.3125,True
cx0.9_mut0.1,0.9,0.1,test_9,8,1,843,31.99999388599439,30.811800241057405,60000,300,7.242107900000519,7.234375,True
cx0.9_mut0.1,0.9,0.1,test_9,8,2,844,33.91892199265356,32.72207236911281,60000,300,7.9836600999997245,7.875,True
cx0.9_mut0.1,0.9,0.1,test_9,8,3,845,32.20922484238214,30.91384965230014,60000,300,7.533511499999804,7.453125,True
cx0.9_mut0.1,0.9,0.1,test_9,8,4,846,38.68320490911625,37.25547719315586,60000,300,7.147987199999989,7.046875,True
cx0.9_mut0.1,0.9,0.1,test_9,8,5,847,36.51367862950788,34.878066197179365,60000,300,9.825646799999959,9.703125,True
cx0.9_mut0.1,0.9,0.1,test_9,8,6,848,37.73074781953247,36.4707317960521,60000,300,7.965086899999733,7.828125,True
cx0.9_mut0.1,0.9,0.1,test_9,8,7,849,36.688616440183495,35.31588583603015,60000,300,8.758470300000226,8.71875,True
cx0.9_mut0.1,0.9,0.1,test_9,8,8,850,41.73501341345505,39.868641420569425,60000,300,8.10351780000019,8.015625,True
cx0.9_mut0.1,0.9,0.1,test_9,8,9,851,36.397834747195155,34.79153794240701,60000,300,8.402874899999915,8.34375,True
cx0.9_mut0.1,0.9,0.1,test_9,8,10,852,35.25506931112133,33.751329113835816,60000,300,8.287328399999751,8.203125,True
cx0.9_mut0.1,0.9,0.1,test_9,8,11,853,34.6475614433383,33.06410234391284,60000,300,7.712710699999661,7.671875,True
cx0.9_mut0.1,0.9,0.1,test_9,8,12,854,35.34535506524948,33.977309785474866,60000,300,8.460983599999963,8.421875,True
cx0.9_mut0.1,0.9,0.1,test_9,8,13,855,39.63758249673885,37.81837638545336,60000,300,7.655555299999833,7.578125,True
cx0.9_mut0.1,0.9,0.1,test_9,8,14,856,39.33546675358377,37.49921528330065,60000,300,9.148849600000176,9.0,True
cx0.9_mut0.1,0.9,0.1,test_9,8,15,857,34.42994071287196,32.7553909180917,60000,300,7.232152500000666,7.1875,True
cx0.9_mut0.1,0.9,0.1,test_9,8,16,858,39.10165480074139,37.66649239391188,60000,300,8.492519000000357,8.453125,True
cx0.9_mut0.1,0.9,0.1,test_9,8,17,859,39.660951783966354,38.30517601052711,60000,300,8.221360999999888,8.140625,True
cx0.9_mut0.1,0.9,0.1,test_9,8,18,860,33.311371021406515,31.92965741791168,60000,300,7.570883299999878,7.4375,True
cx0.9_mut0.1,0.9,0.1,test_9,8,19,861,32.13864068474873,30.926095791194626,60000,300,8.733288899999934,8.703125,True
cx0.9_mut0.1,0.9,0.1,test_10,9,0,942,31.2641417018629,29.774791622498125,60000,300,8.475179900000512,8.359375,True
cx0.9_mut0.1,0.9,0.1,test_10,9,1,943,31.18719883072878,29.62664299705289,60000,300,7.423705399999562,7.359375,True
cx0.9_mut0.1,0.9,0.1,test_10,9,2,944,35.17131029550453,33.76615348824272,60000,300,8.18984029999956,7.9375,True
cx0.9_mut0.1,0.9,0.1,test_10,9,3,945,39.655678540566875,37.93747050335044,60000,300,8.09459120000065,7.96875,True
cx0.9_mut0.1,0.9,0.1,test_10,9,4,946,34.10005032291941,32.79348885461863,60000,300,8.614072100000158,8.5,True
cx0.9_mut0.1,0.9,0.1,test_10,9,5,947,31.376478273457433,30.122857625128887,60000,300,8.530451999999968,8.390625,True
cx0.9_mut0.1,0.9,0.1,test_10,9,6,948,33.3668818502166,31.767747736764157,60000,300,7.786357199999657,7.625,True
cx0.9_mut0.1,0.9,0.1,test_10,9,7,949,31.325823716225564,29.91769539287305,60000,300,8.966966500000126,8.890625,True
cx0.9_mut0.1,0.9,0.1,test_10,9,8,950,34.24617320621775,32.406412836250794,60000,300,7.451310700000249,7.359375,True
cx0.9_mut0.1,0.9,0.1,test_10,9,9,951,34.58772989420026,33.14523560975046,60000,300,9.395586900000126,9.28125,True
cx0.9_mut0.1,0.9,0.1,test_10,9,10,952,33.34227022671849,31.757773896276234,60000,300,7.207071599999836,7.171875,True
cx0.9_mut0.1,0.9,0.1,test_10,9,11,953,35.83705003131749,34.487989262532075,60000,300,10.512056999999913,10.453125,True
cx0.9_mut0.1,0.9,0.1,test_10,9,12,954,34.41180504046797,32.93162781553435,60000,300,7.423640499999237,7.359375,True
cx0.9_mut0.1,0.9,0.1,test_10,9,13,955,34.1680184731822,32.53658490702789,60000,300,7.5026066999998875,7.4375,True
cx0.9_mut0.1,0.9,0.1,test_10,9,14,956,35.39470198559555,33.9448005772291,60000,300,7.869989399999213,7.796875,True
cx0.9_mut0.1,0.9,0.1,test_10,9,15,957,33.43209539117007,31.820813048433035,60000,300,7.740228699999534,7.625,True
cx0.9_mut0.1,0.9,0.1,test_10,9,16,958,33.22262239000836,31.501074242061403,60000,300,7.39952059999996,7.375,True
cx0.9_mut0.1,0.9,0.1,test_10,9,17,959,37.09501396526874,35.68315339156928,60000,300,8.495434800000112,8.421875,True
cx0.9_mut0.1,0.9,0.1,test_10,9,18,960,38.977566574508614,37.84611091343505,60000,300,7.084494099999574,7.046875,True
cx0.9_mut0.1,0.9,0.1,test_10,9,19,961,40.013151469477336,38.27365765060278,60000,300,6.155777599999965,6.125,True
