combo,crossover_rate,mutation_rate,instance,instance_index,run,run_seed,best_fitness,total_distance,evaluations,generations,execution_time,cpu_time,feasible
cx0.1_mut0.001,0.1,0.001,test_1,0,0,42,52.37728404588136,50.62680740084017,60000,300,10.938602599999285,10.359375,True
cx0.1_mut0.001,0.1,0.001,test_1,0,1,43,53.39248476770064,51.39135058556614,60000,300,8.99366050000026,8.734375,True
cx0.1_mut0.001,0.1,0.001,test_1,0,2,44,54.45918747403087,52.969680066844866,60000,300,8.998561899999913,8.78125,True
cx0.1_mut0.001,0.1,0.001,test_1,0,3,45,56.037016729126606,53.80928238243639,60000,300,9.974729199999274,9.765625,True
cx0.1_mut0.001,0.1,0.001,test_1,0,4,46,54.78286313019174,52.63091287614862,60000,300,9.191387900002155,8.96875,True
cx0.1_mut0.001,0.1,0.001,test_1,0,5,47,58.25331266519416,56.34597516546882,60000,300,8.74474580000242,8.546875,True
cx0.1_mut0.001,0.1,0.001,test_1,0,6,48,64.04216180625306,61.79852758785309,60000,300,8.558123899998463,8.5,True
cx0.1_mut0.001,0.1,0.001,test_1,0,7,49,55.539283557949496,53.54339135745232,60000,300,10.130119800000102,10.015625,True
cx0.1_mut0.001,0.1,0.001,test_1,0,8,50,62.657402752884934,60.87658904421632,60000,300,9.349412899999152,9.296875,True
cx0.1_mut0.001,0.1,0.001,test_1,0,9,51,51.76145519306191,49.72564334863939,60000,300,9.485585300000821,9.375,True
cx0.1_mut0.001,0.1,0.001,test_1,0,10,52,54.534855053378095,52.916920927964796,60000,300,10.117392500000278,10.03125,True
cx0.1_mut0.001,0.1,0.001,test_1,0,11,53,53.4468084104501,51.2128739292636,60000,300,8.18242040000041,8.1875,True
cx0.1_mut0.001,0.1,0.001,test_1,0,12,54,49.180641995149365,47.388048514230405,60000,300,9.86090939999849,9.734375,True
cx0.1_mut0.001,0.1,0.001,test_1,0,13,55,55.74466171252242,53.924917426865235,60000,300,7.950285099999746,7.953125,True
cx0.1_mut0.001,0.1,0.001,test_1,0,14,56,49.26512097028171,47.57565603798916,60000,300,10.0177506,9.953125,True
cx0.1_mut0.001,0.1,0.001,test_1,0,15,57,59.477264175888884,57.16065616108473,60000,300,9.139035799998965,9.078125,True
cx0.1_mut0.001,0.1,0.001,test_1,0,16,58,58.35027090070862,56.40263962253526,60000,300,8.386394299999665,8.3125,True
cx0.1_mut0.001,0.1,0.001,test_1,0,17,59,49.922009348004586,48.4079763896334,60000,300,9.723003600000084,9.671875,True
cx0.1_mut0.001,0.1,0.001,test_1,0,18,60,58.11144056701249,56.45458648617445,60000,300,8.819650599998567,8.78125,True
cx0.1_mut0.001,0.1,0.001,test_1,0,19,61,55.88507409454034,53.93217783305846,60000,300,10.57653019999998,10.5,True
cx0.1_mut0.001,0.1,0.001,test_2,1,0,142,52.2567142213179,50.084349531859296,60000,300,11.014150700000755,10.90625,True
cx0.1_mut0.001,0.1,0.001,test_2,1,1,143,58.54050407379176,56.73017153830406,60000,300,10.129467099999601,10.015625,True
cx0.1_mut0.001,0.1,0.001,test_2,1,2,144,49.23905118768562,47.34432935695895,60000,300,9.598534000000654,9.453125,True
cx0.1_mut0.001,0.1,0.001,test_2,1,3,145,51.972290635825644,50.242448531859544,60000,300,9.123086600000534,8.828125,True
cx0.1_mut0.001,0.1,0.001,test_2,1,4,146,50.52482907922862,48.856079789460146,60000,300,13.892524599999888,13.734375,True
cx0.1_mut0.001,0.1,0.001,test_2,1,5,147,55.774082981759456,53.89379972782851,60000,300,9.678247399999236,9.546875,True
cx0.1_mut0.001,0.1,0.001,test_2,1,6,148,47.94414963564507,45.851012956313,60000,300,9.697242100002768,9.546875,True
cx0.1_mut0.001,0.1,0.001,test_2,1,7,149,47.93588116141441,45.99621427513617,60000,300,9.1182203999997,9.078125,True
cx0.1_mut0.001,0.1,0.001,test_2,1,8,150,47.1264707571508,45.3364536166108,60000,300,9.663210300001083,9.5,True
cx0.1_mut0.001,0.1,0.001,test_2,1,9,151,51.66457942388559,49.696093308498526,60000,300,7.745845099998405,7.6875,True
cx0.1_mut0.001,0.1,0.001,test_2,1,10,152,45.52436490168616,43.55643248162779,60000,300,8.530096200000116,8.5,True
cx0.1_mut0.001,0.1,0.001,test_2,1,11,153,53.53728395049113,51.63529207247552,60000,300,8.711542400000326,8.65625,True
cx0.1_mut0.001,0.1,0.001,test_2,1,12,154,63.87155815283821,62.20955899447165,60000,300,9.813093600001594,9.71875,True
cx0.1_mut0.001,0.1,0.001,test_2,1,13,155,50.27051068184909,48.377958850348264,60000,300,8.305433500001527,8.234375,True
cx0.1_mut0.001,0.1,0.001,test_2,1,14,156,53.28809912968115,51.691063886101325,60000,300,8.756028600000718,8.640625,True
cx0.1_mut0.001,0.1,0.001,test_2,1,15,157,44.24722257756633,41.96956827114894,60000,300,8.592411000001448,8.453125,True
cx0.1_mut0.001,0.1,0.001,test_2,1,16,158,50.99157901529654,48.64457458224261,60000,300,12.396103299997776,12.0,True
cx0.1_mut0.001,0.1,0.001,test_2,1,17,159,46.21753090068154,44.41681450725905,60000,300,13.6337203999974,13.15625,True
cx0.1_mut0.001,0.1,0.001,test_2,1,18,160,46.025154703676634,44.46573746191971,60000,300,10.557113799997751,9.859375,True
cx0.1_mut0.001,0.1,0.001,test_2,1,19,161,52.43577199222559,50.65983263234468,60000,300,10.782376200000726,10.59375,True
cx0.1_mut0.001,0.1,0.001,test_3,2,0,242,47.425935372476125,45.16423144153027,60000,300,9.171155800002452,9.0,True
cx0.1_mut0.001,0.1,0.001,test_3,2,1,243,51.31902004457866,49.32517908431865,60000,300,11.938844399999653,11.359375,True
cx0.1_mut0.001,0.1,0.001,test_3,2,2,244,65.04009299914173,62.565702083286155,60000,300,10.499252400000842,10.390625,True
cx0.1_mut0.001,0.1,0.001,test_3,2,3,245,53.46821861665846,51.63604815422686,60000,300,9.383437500000582,9.21875,True
cx0.1_mut0.001,0.1,0.001,test_3,2,4,246,50.01779546070098,48.180610314146946,60000,300,11.726325100000395,11.421875,True
cx0.1_mut0.001,0.1,0.001,test_3,2,5,247,42.25254145594021,40.3074130206158,60000,300,10.202350300001854,9.890625,True
cx0.1_mut0.001,0.1,0.001,test_3,2,6,248,57.02026002312043,55.296553524509974,60000,300,15.281511299999693,14.828125,True
cx0.1_mut0.001,0.1,0.001,test_3,2,7,249,50.32962283993082,48.664870953784614,60000,300,11.930448200000683,11.515625,True
cx0.1_mut0.001,0.1,0.001,test_3,2,8,250,53.66762061450098,51.16876604168812,60000,300,10.761063800000557,10.171875,True
cx0.1_mut0.001,0.1,0.001,test_3,2,9,251,48.45302278263589,46.67846640205589,60000,300,11.649811299997964,11.140625,True
cx0.1_mut0.001,0.1,0.001,test_3,2,10,252,52.32089094523828,50.3698895943578,60000,300,10.433600700001989,10.171875,True
cx0.1_mut0.001,0.1,0.001,test_3,2,11,253,53.04783734904425,51.18582701884202,60000,300,9.640794000002643,9.53125,True
cx0.1_mut0.001,0.1,0.001,test_3,2,12,254,46.065574312039686,44.07431635986244,60000,300,10.41314710000006,10.109375,True
cx0.1_mut0.001,0.1,0.001,test_3,2,13,255,51.24986916912706,49.21186534946237,60000,300,11.52430159999858,11.4375,True
cx0.1_mut0.001,0.1,0.001,test_3,2,14,256,47.4978125539499,45.32492617071851,60000,300,9.922216099999787,9.796875,True
cx0.1_mut0.001,0.1,0.001,test_3,2,15,257,48.69851076299291,46.99909557854598,60000,300,10.306233399998746,10.15625,True
cx0.1_mut0.001,0.1,0.001,test_3,2,16,258,51.13340793077572,49.215734643108,60000,300,10.188697300000058,9.796875,True
cx0.1_mut0.001,0.1,0.001,test_3,2,17,259,58.967261920721896,56.89683406457324,60000,300,10.57718560000285,10.390625,True
cx0.1_mut0.001,0.1,0.001,test_3,2,18,260,51.57892309597925,49.368991686652386,60000,300,10.901576599997497,10.75,True
cx0.1_mut0.001,0.1,0.001,test_3,2,19,261,43.25270975693652,41.6058065953981,60000,300,9.436646900001506,9.265625,True
cx0.1_mut0.001,0.1,0.001,test_4,3,0,342,47.75190338879347,45.33340196639186,60000,300,10.208368999999948,10.0,True
cx0.1_mut0.001,0.1,0.001,test_4,3,1,343,52.80852379501925,50.75852939916997,60000,300,9.152000300000509,9.0625,True
cx0.1_mut0.001,0.1,0.001,test_4,3,2,344,52.20967016964226,50.41230599741738,60000,300,11.766382500001782,11.71875,True
cx0.1_mut0.001,0.1,0.001,test_4,3,3,345,52.96399750786903,51.038701037270116,60000,300,10.33300909999889,10.171875,True
cx0.1_mut0.001,0.1,0.001,test_4,3,4,346,43.26417928320921,41.500228791914004,60000,300,10.965587899998354,10.78125,True
cx0.1_mut0.001,0.1,0.001,test_4,3,5,347,49.56068090995367,47.94392527257004,60000,300,9.730734000000666,9.578125,True
cx0.1_mut0.001,0.1,0.001,test_4,3,6,348,33.7817792722988,32.297326595001486,60000,300,11.174029099998734,10.984375,True
cx0.1_mut0.001,0.1,0.001,test_4,3,7,349,42.74489436389826,40.5764865153243,60000,300,11.718485000001237,11.5625,True
cx0.1_mut0.001,0.1,0.001,test_4,3,8,350,46.37311434990466,44.48756590047232,60000,300,10.779378900002484,9.96875,True
cx0.1_mut0.001,0.1,0.001,test_4,3,9,351,46.04203229385473,44.025393589910955,60000,300,10.72922219999964,10.59375,True
cx0.1_mut0.001,0.1,0.001,test_4,3,10,352,39.92187329893298,38.56112929131766,60000,300,9.792556999997032,9.3125,True
cx0.1_mut0.001,0.1,0.001,test_4,3,11,353,53.65165154637563,51.886261162731174,60000,300,10.006208500002685,9.8125,True
cx0.1_mut0.001,0.1,0.001,test_4,3,12,354,40.51122239347217,38.686469699650004,60000,300,11.027327400002832,10.640625,True
cx0.1_mut0.001,0.1,0.001,test_4,3,13,355,41.589539885408314,39.74839805192143,60000,300,9.055336500001431,8.765625,True
cx0.1_mut0.001,0.1,0.001,test_4,3,14,356,48.43309475398049,46.704480359388555,60000,300,10.579602000001614,10.265625,True
cx0.1_mut0.001,0.1,0.001,test_4,3,15,357,53.803617032855314,51.5902951846726,60000,300,9.363392699997348,9.078125,True
cx0.1_mut0.001,0.1,0.001,test_4,3,16,358,51.74357269942347,49.83873627840944,60000,300,11.481696200000442,11.203125,True
cx0.1_mut0.001,0.1,0.001,test_4,3,17,359,53.41659634293817,51.14842275417066,60000,300,10.109885699999722,9.875,True
cx0.1_mut0.001,0.1,0.001,test_4,3,18,360,45.548384909640816,43.601919328712455,60000,300,11.766776000000391,11.53125,True
cx0.1_mut0.001,0.1,0.001,test_4,3,19,361,39.349167699458455,37.35782857190727,60000,300,11.282509800003027,11.03125,True
cx0.1_mut0.001,0.1,0.001,test_5,4,0,442,48.18264480739658,46.29638669994888,60000,300,10.612630899999203,10.4375,True
cx0.1_mut0.001,0.1,0.001,test_5,4,1,443,56.590410027845465,54.45770674907652,60000,300,10.305336699999316,10.21875,True
cx0.1_mut0.001,0.1,0.001,test_5,4,2,444,54.61806793805613,52.738347376206164,60000,300,10.471440299999813,10.328125,True
cx0.1_mut0.001,0.1,0.001,test_5,4,3,445,59.101120283900066,57.06271302374924,60000,300,11.707844999997178,11.609375,True
cx0.1_mut0.001,0.1,0.001,test_5,4,4,446,60.1436183449637,57.44838109439693,60000,300,12.862502699998004,12.671875,True
cx0.1_mut0.001,0.1,0.001,test_5,4,5,447,53.35076378895634,51.31712579952528,60000,300,11.447359800000413,11.171875,True
cx0.1_mut0.001,0.1,0.001,test_5,4,6,448,61.50834638390331,58.808770774185156,60000,300,12.625522499998624,12.28125,True
cx0.1_mut0.001,0.1,0.001,test_5,4,7,449,58.393857942365784,56.766183396896494,60000,300,12.088838799998484,11.8125,True
cx0.1_mut0.001,0.1,0.001,test_5,4,8,450,69.37787963578302,67.44140374937187,60000,300,10.786817700001848,10.59375,True
cx0.1_mut0.001,0.1,0.001,test_5,4,9,451,46.69870424710822,44.87214646884678,60000,300,11.039093400002457,10.703125,True
cx0.1_mut0.001,0.1,0.001,test_5,4,10,452,68.3095571473473,66.26262096216296,60000,300,10.506029500000295,10.453125,True
cx0.1_mut0.001,0.1,0.001,test_5,4,11,453,56.946301776232254,55.187121030820634,60000,300,9.90177340000082,9.65625,True
cx0.1_mut0.001,0.1,0.001,test_5,4,12,454,62.9877894671157,61.35501695283087,60000,300,9.420907700001408,9.234375,True
cx0.1_mut0.001,0.1,0.001,test_5,4,13,455,51.18158323148215,49.28905513097584,60000,300,9.414531200000056,9.15625,True
cx0.1_mut0.001,0.1,0.001,test_5,4,14,456,59.99963030593949,57.86157637715638,60000,300,11.389950400000089,10.890625,True
cx0.1_mut0.001,0.1,0.001,test_5,4,15,457,53.03891571649256,51.08995426043965,60000,300,15.253631499999756,14.875,True
cx0.1_mut0.001,0.1,0.001,test_5,4,16,458,50.069364234060714,48.117329421977566,60000,300,10.05003189999843,9.828125,True
cx0.1_mut0.001,0.1,0.001,test_5,4,17,459,46.5734040997202,44.87423676274159,60000,300,12.379768399998284,11.5625,True
cx0.1_mut0.001,0.1,0.001,test_5,4,18,460,51.6362969251936,49.572857474073224,60000,300,9.277160800000274,8.78125,True
cx0.1_mut0.001,0.1,0.001,test_5,4,19,461,60.963970199092245,58.81779148299558,60000,300,10.591402099998959,9.71875,True
cx0.1_mut0.001,0.1,0.001,test_6,5,0,542,52.19766667201318,50.439002231751616,60000,300,12.001789399997506,11.546875,True
cx0.1_mut0.001,0.1,0.001,test_6,5,1,543,54.64402406066233,52.51917860665641,60000,300,9.318644000002678,9.09375,True
cx0.1_mut0.001,0.1,0.001,test_6,5,2,544,56.37785553047418,54.581642342307184,60000,300,9.556384299998172,9.34375,True
cx0.1_mut0.001,0.1,0.001,test_6,5,3,545,51.82070384571522,50.11543635884744,60000,300,12.539965500000108,11.796875,True
cx0.1_mut0.001,0.1,0.001,test_6,5,4,546,62.58790573717015,61.31120980541426,60000,300,10.824229800000467,10.296875,True
cx0.1_mut0.001,0.1,0.001,test_6,5,5,547,51.413810619653404,49.443785770595724,60000,300,13.144330499999342,12.53125,True
cx0.1_mut0.001,0.1,0.001,test_6,5,6,548,54.366660506174945,52.721641525984374,60000,300,10.235664999996516,9.859375,True
cx0.1_mut0.001,0.1,0.001,test_6,5,7,549,51.53121694469782,49.80693870413157,60000,300,12.155469399996946,11.21875,True
cx0.1_mut0.001,0.1,0.001,test_6,5,8,550,58.49688214433796,57.23037439119725,60000,300,10.344151199999033,10.015625,True
cx0.1_mut0.001,0.1,0.001,test_6,5,9,551,57.20267740967819,55.65650328836941,60000,300,11.335170099999232,10.421875,True
cx0.1_mut0.001,0.1,0.001,test_6,5,10,552,51.85292466831617,50.34543731565057,60000,300,13.373359400000481,12.828125,True
cx0.1_mut0.001,0.1,0.001,test_6,5,11,553,43.3521651319619,41.708688463510924,60000,300,10.858223200000793,10.53125,True
cx0.1_mut0.001,0.1,0.001,test_6,5,12,554,47.43690134577951,45.34963646006541,60000,300,10.8654452999981,10.546875,True
cx0.1_mut0.001,0.1,0.001,test_6,5,13,555,46.438232438642466,44.63852924486816,60000,300,11.33358230000158,11.125,True
cx0.1_mut0.001,0.1,0.001,test_6,5,14,556,53.80168227378752,51.79232797485448,60000,300,10.752972499998577,10.421875,True
cx0.1_mut0.001,0.1,0.001,test_6,5,15,557,52.121462395545386,49.972322067318395,60000,300,11.231642300001113,11.0625,True
cx0.1_mut0.001,0.1,0.001,test_6,5,16,558,51.841283259001415,49.75591568042394,60000,300,13.15995169999951,13.03125,True
cx0.1_mut0.001,0.1,0.001,test_6,5,17,559,60.54082710647668,58.59163072424593,60000,300,13.26101959999869,13.0,True
cx0.1_mut0.001,0.1,0.001,test_6,5,18,560,60.032966982923696,58.361153823083455,60000,300,13.424817700000858,13.078125,True
cx0.1_mut0.001,0.1,0.001,test_6,5,19,561,49.770390828206985,47.66295888820778,60000,300,11.387250600000698,11.171875,True
cx0.1_mut0.001,0.1,0.001,test_7,6,0,642,54.53699657810883,52.74273420585363,60000,300,9.639553099998011,9.53125,True
cx0.1_mut0.001,0.1,0.001,test_7,6,1,643,48.109416337019375,46.21244621342144,60000,300,10.103234400001384,9.96875,True
cx0.1_mut0.001,0.1,0.001,test_7,6,2,644,61.862550703190344,59.2108329199339,60000,300,12.047938999996404,11.75,True
cx0.1_mut0.001,0.1,0.001,test_7,6,3,645,52.27981392645555,49.81079017559699,60000,300,10.014434900000197,9.859375,True
cx0.1_mut0.001,0.1,0.001,test_7,6,4,646,54.83754278607111,53.112027984351045,60000,300,9.079135199997836,8.765625,True
cx0.1_mut0.001,0.1,0.001,test_7,6,5,647,52.51317923633782,50.581045385097184,60000,300,10.572189499998785,10.359375,True
cx0.1_mut0.001,0.1,0.001,test_7,6,6,648,50.6307964366889,48.99752128994717,60000,300,11.24175539999851,11.03125,True
cx0.1_mut0.001,0.1,0.001,test_7,6,7,649,59.19173506282807,57.41950597419474,60000,300,9.939311999998608,9.703125,True
cx0.1_mut0.001,0.1,0.001,test_7,6,8,650,45.37474525968804,43.439826863360445,60000,300,11.908546299997397,11.5625,True
cx0.1_mut0.001,0.1,0.001,test_7,6,9,651,53.30703359471822,51.37476228992256,60000,300,11.02984590000051,10.8125,True
cx0.1_mut0.001,0.1,0.001,test_7,6,10,652,61.804038083179506,60.03324742340638,60000,300,10.334234600002674,10.171875,True
cx0.1_mut0.001,0.1,0.001,test_7,6,11,653,49.76035151624177,47.82389968831165,60000,300,12.393177100002504,12.0,True
cx0.1_mut0.001,0.1,0.001,test_7,6,12,654,53.984949504830574,52.2354874002855,60000,300,11.568421300002228,11.1875,True
cx0.1_mut0.001,0.1,0.001,test_7,6,13,655,49.3506838053146,47.316257340937,60000,300,10.86950380000053,10.640625,True
cx0.1_mut0.001,0.1,0.001,test_7,6,14,656,55.95394494905469,54.21425532834686,60000,300,11.811749199998303,11.640625,True
cx0.1_mut0.001,0.1,0.001,test_7,6,15,657,55.00857797319531,52.785520518906644,60000,300,10.070726800000557,10.03125,True
cx0.1_mut0.001,0.1,0.001,test_7,6,16,658,55.867201894588156,54.16722903771999,60000,300,10.419189899999765,10.328125,True
cx0.1_mut0.001,0.1,0.001,test_7,6,17,659,54.21626428908701,52.35233206568148,60000,300,13.230387100000371,12.953125,True
cx0.1_mut0.001,0.1,0.001,test_7,6,18,660,52.22155950799548,50.722362158302275,60000,300,10.274644400000398,10.125,True
cx0.1_mut0.001,0.1,0.001,test_7,6,19,661,48.473997054845015,46.649394613012774,60000,300,13.696468500002084,13.453125,True
cx0.1_mut0.001,0.1,0.001,test_8,7,0,742,49.57044059142904,47.791615220223996,60000,300,11.478349799999705,10.71875,True
cx0.1_mut0.001,0.1,0.001,test_8,7,1,743,53.10553387614699,50.83890834766169,60000,300,10.569828199997573,10.3125,True
cx0.1_mut0.001,0.1,0.001,test_8,7,2,744,49.50957896427677,47.31233666402901,60000,300,10.008958899998106,9.828125,True
cx0.1_mut0.001,0.1,0.001,test_8,7,3,745,48.99024241260672,46.946431419602135,60000,300,11.65931460000138,11.40625,True
cx0.1_mut0.001,0.1,0.001,test_8,7,4,746,47.677275455448104,46.11967971489852,60000,300,9.813809999999648,9.59375,True
cx0.1_mut0.001,0.1,0.001,test_8,7,5,747,49.12092807589938,47.17342378949214,60000,300,10.89501349999773,10.609375,True
cx0.1_mut0.001,0.1,0.001,test_8,7,6,748,51.916583457224924,50.1673560645033,60000,300,11.884166800002276,11.625,True
cx0.1_mut0.001,0.1,0.001,test_8,7,7,749,48.43067899745572,46.87508739850684,60000,300,12.633496400001604,12.46875,True
cx0.1_mut0.001,0.1,0.001,test_8,7,8,750,54.12284047461937,51.970102912208226,60000,300,9.986181299998862,9.65625,True
cx0.1_mut0.001,0.1,0.001,test_8,7,9,751,51.12569926178469,49.354661376160095,60000,300,9.619676599999366,9.390625,True
cx0.1_mut0.001,0.1,0.001,test_8,7,10,752,51.378533119427615,49.55772752163915,60000,300,12.45347319999928,12.125,True
cx0.1_mut0.001,0.1,0.001,test_8,7,11,753,42.80628782174784,41.07761599853043,60000,300,10.008780700001807,9.5,True
cx0.1_mut0.001,0.1,0.001,test_8,7,12,754,43.130174874762446,41.444346984309824,60000,300,10.860848199998145,10.78125,True
cx0.1_mut0.001,0.1,0.001,test_8,7,13,755,47.297900486026805,44.884600200834605,60000,300,12.094368400001258,11.984375,True
cx0.1_mut0.001,0.1,0.001,test_8,7,14,756,56.41725769935746,54.658489257053425,60000,300,11.344603199999256,11.21875,True
cx0.1_mut0.001,0.1,0.001,test_8,7,15,757,53.32900765478623,51.72981812226891,60000,300,13.359117299998616,13.125,True
cx0.1_mut0.001,0.1,0.001,test_8,7,16,758,42.55547120600573,40.70992614655135,60000,300,11.91045049999957,11.796875,True
cx0.1_mut0.001,0.1,0.001,test_8,7,17,759,48.0792319211644,45.863001762672354,60000,300,9.395532600003207,9.3125,True
cx0.1_mut0.001,0.1,0.001,test_8,7,18,760,52.84894948672506,50.64334713506812,60000,300,9.303345000000263,9.28125,True
cx0.1_mut0.001,0.1,0.001,test_8,7,19,761,44.96551582039683,42.81967624405229,60000,300,10.57012830000167,10.53125,True
cx0.1_mut0.001,0.1,0.001,test_9,8,0,842,68.18601075965837,66.1942855000662,60000,300,12.020002999997814,11.21875,True
cx0.1_mut0.001,0.1,0.001,test_9,8,1,843,59.349507101012215,57.42323836246785,60000,300,9.140759899997647,9.09375,True
cx0.1_mut0.001,0.1,0.001,test_9,8,2,844,63.629067411370265,62.14453985536001,60000,300,10.728265900001134,10.6875,True
cx0.1_mut0.001,0.1,0.001,test_9,8,3,845,56.33986862908459,54.02655467313148,60000,300,8.849389200000587,8.8125,True
cx0.1_mut0.001,0.1,0.001,test_9,8,4,846,55.845187057245006,53.61153324658393,60000,300,10.54312310000023,10.5,True
cx0.1_mut0.001,0.1,0.001,test_9,8,5,847,49.2407927925524,47.38768644601806,60000,300,10.336027400000603,10.21875,True
cx0.1_mut0.001,0.1,0.001,test_9,8,6,848,48.27454115326415,46.66272494791133,60000,300,9.658228899999813,8.890625,True
cx0.1_mut0.001,0.1,0.001,test_9,8,7,849,46.49740020840834,45.04581944159066,60000,300,13.682912599997508,13.5,True
cx0.1_mut0.001,0.1,0.001,test_9,8,8,850,47.9550277765168,45.999194155103034,60000,300,9.199932800001989,9.046875,True
cx0.1_mut0.001,0.1,0.001,test_9,8,9,851,47.56306946969931,45.9430036229699,60000,300,9.722189599997364,9.578125,True
cx0.1_mut0.001,0.1,0.001,test_9,8,10,852,53.3572724978181,51.19134972241998,60000,300,10.124692699999287,10.078125,True
cx0.1_mut0.001,0.1,0.001,test_9,8,11,853,49.0982518153411,47.30418767097046,60000,300,10.916938400001527,10.828125,True
cx0.1_mut0.001,0.1,0.001,test_9,8,12,854,50.4343895754999,48.6226118810679,60000,300,10.15086280000105,10.0625,True
cx0.1_mut0.001,0.1,0.001,test_9,8,13,855,51.43684231264361,49.69622350830804,60000,300,9.950884400001087,9.90625,True
cx0.1_mut0.001,0.1,0.001,test_9,8,14,856,55.88193124131716,54.11921584245632,60000,300,12.240207300001202,12.203125,True
cx0.1_mut0.001,0.1,0.001,test_9,8,15,857,59.60663211485187,58.25968598895788,60000,300,9.67330420000144,9.65625,True
cx0.1_mut0.001,0.1,0.001,test_9,8,16,858,58.72520666844228,57.0695727490326,60000,300,9.795486300001357,9.609375,True
cx0.1_mut0.001,0.1,0.001,test_9,8,17,859,45.061888434074284,43.65031194012374,60000,300,9.570809799999552,9.484375,True
cx0.1_mut0.001,0.1,0.001,test_9,8,18,860,42.85377492663165,41.10619953571629,60000,300,9.364677199999278,9.015625,True
cx0.1_mut0.001,0.1,0.001,test_9,8,19,861,48.151987927769014,46.15103133980434,60000,300,9.746074800001225,9.46875,True
cx0.1_mut0.001,0.1,0.001,test_10,9,0,942,41.4130848551277,39.68407709034251,60000,300,12.207793999998103,11.453125,True
cx0.1_mut0.001,0.1,0.001,test_10,9,1,943,58.001248987211355,56.22421130941397,60000,300,10.897164000001794,10.546875,True
cx0.1_mut0.001,0.1,0.001,test_10,9,2,944,48.00951718813088,46.05489626033179,60000,300,10.548785900002258,10.09375,True
cx0.1_mut0.001,0.1,0.001,test_10,9,3,945,62.973056172527116,60.91805446199231,60000,300,8.649171099998057,8.578125,True
cx0.1_mut0.001,0.1,0.001,test_10,9,4,946,49.54191905555693,47.42721866945634,60000,300,9.476034399998753,9.21875,True
cx0.1_mut0.001,0.1,0.001,test_10,9,5,947,45.62114044474489,43.7723677870686,60000,300,10.883297000000312,10.28125,True
cx0.1_mut0.001,0.1,0.001,test_10,9,6,948,58.13382540343086,56.12920075700029,60000,300,9.826225000000704,9.734375,True
cx0.1_mut0.001,0.1,0.001,test_10,9,7,949,46.65573222965831,44.69236124777171,60000,300,11.016164299999218,10.8125,True
cx0.1_mut0.001,0.1,0.001,test_10,9,8,950,52.473875035153036,50.9344444893956,60000,300,10.420133200001146,10.03125,True
cx0.1_mut0.001,0.1,0.001,test_10,9,9,951,50.4048257872191,48.65085406882733,60000,300,12.206789300002129,11.859375,True
cx0.1_mut0.001,0.1,0.001,test_10,9,10,952,53.80894620690304,51.924743630239284,60000,300,10.764135599998554,10.40625,True
cx0.1_mut0.001,0.1,0.001,test_10,9,11,953,58.99335309997584,56.99019052064375,60000,300,9.578092799998558,9.28125,True
cx0.1_mut0.001,0.1,0.001,test_10,9,12,954,55.847973647709935,53.831228760851474,60000,300,10.03587460000199,9.578125,True
cx0.1_mut0.001,0.1,0.001,test_10,9,13,955,50.21894669893127,47.95718967980194,60000,300,12.120588299996598,11.328125,True
cx0.1_mut0.001,0.1,0.001,test_10,9,14,956,44.74853154733735,42.97461507263117,60000,300,9.97072019999905,9.859375,True
cx0.1_mut0.001,0.1,0.001,test_10,9,15,957,55.35260544922792,53.452633187918515,60000,300,11.047422700001334,10.734375,True
cx0.1_mut0.001,0.1,0.001,test_10,9,16,958,53.94950986116452,52.04973621120558,60000,300,12.299616899999819,11.609375,True
cx0.1_mut0.001,0.1,0.001,test_10,9,17,959,47.64526621588263,45.731049046949764,60000,300,10.209901800000807,10.015625,True
cx0.1_mut0.001,0.1,0.001,test_10,9,18,960,49.6034552676247,47.49625773075488,60000,300,12.92597670000032,12.296875,True
cx0.1_mut0.001,0.1,0.001,test_10,9,19,961,55.871861791799745,53.97556237367466,60000,300,10.668313699999999,10.421875,True
cx0.1_mut0.01,0.1,0.01,test_1,0,0,42,43.987856768211756,42.6794385906676,60000,300,9.73240270000315,9.25,True
cx0.1_mut0.01,0.1,0.01,test_1,0,1,43,52.570464648665464,50.29541093496174,60000,300,9.370587699999305,9.0625,True
cx0.1_mut0.01,0.1,0.01,test_1,0,2,44,49.75114350541306,47.98099893270232,60000,300,11.207904200000485,10.921875,True
cx0.1_mut0.01,0.1,0.01,test_1,0,3,45,44.33065475990602,42.70071349177512,60000,300,8.654058300002362,8.375,True
cx0.1_mut0.01,0.1,0.01,test_1,0,4,46,49.708845389188035,47.92406476253414,60000,300,9.860240500001964,9.703125,True
cx0.1_mut0.01,0.1,0.01,test_1,0,5,47,50.612517885831686,48.591657288294414,60000,300,8.625269399999524,8.484375,True
cx0.1_mut0.01,0.1,0.01,test_1,0,6,48,48.840027852965896,47.03907532657858,60000,300,10.180406199997378,10.109375,True
cx0.1_mut0.01,0.1,0.01,test_1,0,7,49,46.892064906769306,45.003563391838966,60000,300,11.565111399999296,11.359375,True
cx0.1_mut0.01,0.1,0.01,test_1,0,8,50,42.72365574314462,40.9324241970995,60000,300,8.895874600002571,8.8125,True
cx0.1_mut0.01,0.1,0.01,test_1,0,9,51,47.09183204460894,45.5266632271303,60000,300,10.548866799999814,10.4375,True
cx0.1_mut0.01,0.1,0.01,test_1,0,10,52,47.50266640970174,45.59629716444047,60000,300,8.999835099999473,9.0,True
cx0.1_mut0.01,0.1,0.01,test_1,0,11,53,39.33768112270118,37.51597089854761,60000,300,8.45791459999964,8.40625,True
cx0.1_mut0.01,0.1,0.01,test_1,0,12,54,40.84486398948497,39.04815809878292,60000,300,8.241719199999352,8.203125,True
cx0.1_mut0.01,0.1,0.01,test_1,0,13,55,55.31492125702665,53.78680568844544,60000,300,8.716601700001775,8.640625,True
cx0.1_mut0.01,0.1,0.01,test_1,0,14,56,48.91113895674588,47.207977765120006,60000,300,10.882381100000202,10.75,True
cx0.1_mut0.01,0.1,0.01,test_1,0,15,57,42.20855263915742,40.56483669847787,60000,300,8.356933299997763,8.296875,True
cx0.1_mut0.01,0.1,0.01,test_1,0,16,58,43.2993575340653,41.77755167939507,60000,300,9.13670490000004,9.09375,True
cx0.1_mut0.01,0.1,0.01,test_1,0,17,59,44.10371276624959,42.654072912659146,60000,300,8.49072559999695,8.453125,True
cx0.1_mut0.01,0.1,0.01,test_1,0,18,60,51.473858087646086,49.89929448757677,60000,300,9.625495500000397,9.515625,True
cx0.1_mut0.01,0.1,0.01,test_1,0,19,61,56.14724979610137,54.351261233600624,60000,300,10.856101999997918,10.78125,True
cx0.1_mut0.01,0.1,0.01,test_2,1,0,142,38.269208770930646,36.62966726705691,60000,300,7.781484400002228,7.578125,True
cx0.1_mut0.01,0.1,0.01,test_2,1,1,143,40.33101046761411,38.75317996608661,60000,300,8.124323600000935,8.0625,True
cx0.1_mut0.01,0.1,0.01,test_2,1,2,144,39.19527970953854,37.21919257876377,60000,300,8.935703200000717,8.78125,True
cx0.1_mut0.01,0.1,0.01,test_2,1,3,145,43.11540197162494,41.54809024196855,60000,300,10.478739800000767,10.296875,True
cx0.1_mut0.01,0.1,0.01,test_2,1,4,146,39.44732927419649,38.162316824621335,60000,300,8.35224559999915,8.25,True
cx0.1_mut0.01,0.1,0.01,test_2,1,5,147,42.37972597022797,40.63594189397808,60000,300,11.195938699998806,11.140625,True
cx0.1_mut0.01,0.1,0.01,test_2,1,6,148,35.144780873253126,33.6234268999424,60000,300,12.360334999997576,12.296875,True
cx0.1_mut0.01,0.1,0.01,test_2,1,7,149,37.37682904202288,35.539630415315465,60000,300,10.64162529999885,10.5,True
cx0.1_mut0.01,0.1,0.01,test_2,1,8,150,39.6099365691317,37.816075020817166,60000,300,9.010799800002133,8.75,True
cx0.1_mut0.01,0.1,0.01,test_2,1,9,151,34.836815157040014,33.37188784402057,60000,300,11.978405199999543,11.9375,True
cx0.1_mut0.01,0.1,0.01,test_2,1,10,152,46.16979368276761,44.772451705642915,60000,300,10.20561849999649,10.171875,True
cx0.1_mut0.01,0.1,0.01,test_2,1,11,153,41.60848832236914,40.13336940684794,60000,300,7.707722600000125,7.65625,True
cx0.1_mut0.01,0.1,0.01,test_2,1,12,154,47.292853201794756,45.658460850258535,60000,300,9.744410499999503,9.6875,True
cx0.1_mut0.01,0.1,0.01,test_2,1,13,155,39.5584366413847,37.79663156427766,60000,300,8.34238600000026,8.3125,True
cx0.1_mut0.01,0.1,0.01,test_2,1,14,156,38.28228795941263,36.76439263517987,60000,300,10.751497500001278,10.6875,True
cx0.1_mut0.01,0.1,0.01,test_2,1,15,157,37.37875366159592,35.87229897794498,60000,300,9.282788299999083,9.15625,True
cx0.1_mut0.01,0.1,0.01,test_2,1,16,158,37.606346596713585,35.99233596375004,60000,300,10.688269499998569,10.34375,True
cx0.1_mut0.01,0.1,0.01,test_2,1,17,159,46.88869769663167,45.36618688715708,60000,300,12.799404199999117,12.28125,True
cx0.1_mut0.01,0.1,0.01,test_2,1,18,160,42.58773243299489,41.23594312582325,60000,300,11.449581799999578,10.859375,True
cx0.1_mut0.01,0.1,0.01,test_2,1,19,161,44.437734377850006,42.877203038773004,60000,300,11.785490900001605,11.484375,True
cx0.1_mut0.01,0.1,0.01,test_3,2,0,242,40.89815408704154,39.31083613793031,60000,300,10.081616800001939,9.921875,True
cx0.1_mut0.01,0.1,0.01,test_3,2,1,243,36.21027683057204,34.3908862639048,60000,300,14.07453059999898,13.453125,True
cx0.1_mut0.01,0.1,0.01,test_3,2,2,244,41.34234529942928,39.60916606535837,60000,300,11.803418700001203,11.625,True
cx0.1_mut0.01,0.1,0.01,test_3,2,3,245,36.74485974975761,35.10594668062646,60000,300,14.004351199997473,13.546875,True
cx0.1_mut0.01,0.1,0.01,test_3,2,4,246,38.014934721269846,36.12426230279898,60000,300,15.581010399997467,15.0625,True
cx0.1_mut0.01,0.1,0.01,test_3,2,5,247,30.740400979867996,29.44468839255925,60000,300,11.510278899997502,11.265625,True
cx0.1_mut0.01,0.1,0.01,test_3,2,6,248,46.92878309569231,45.29723729244427,60000,300,10.286420599997655,10.046875,True
cx0.1_mut0.01,0.1,0.01,test_3,2,7,249,48.0428409041332,46.2170123082553,60000,300,10.583020099998976,10.296875,True
cx0.1_mut0.01,0.1,0.01,test_3,2,8,250,46.01929371463446,43.8618693984579,60000,300,11.417593999998644,10.9375,True
cx0.1_mut0.01,0.1,0.01,test_3,2,9,251,35.00488287731245,33.70908206889157,60000,300,9.076060399998823,8.921875,True
cx0.1_mut0.01,0.1,0.01,test_3,2,10,252,40.996674411825516,39.37508414937415,60000,300,12.199759700000868,11.890625,True
cx0.1_mut0.01,0.1,0.01,test_3,2,11,253,39.94403438407824,38.06250381845814,60000,300,12.037959699999192,11.9375,True
cx0.1_mut0.01,0.1,0.01,test_3,2,12,254,42.951301939596135,41.23131491602938,60000,300,11.29491649999909,10.921875,True
cx0.1_mut0.01,0.1,0.01,test_3,2,13,255,33.70212552569971,32.06715541488889,60000,300,12.01287450000018,11.875,True
cx0.1_mut0.01,0.1,0.01,test_3,2,14,256,41.82263735452029,39.90390928442686,60000,300,12.954804500001046,12.765625,True
cx0.1_mut0.01,0.1,0.01,test_3,2,15,257,35.27816628335459,33.87418503233969,60000,300,12.172981300001993,12.015625,True
cx0.1_mut0.01,0.1,0.01,test_3,2,16,258,38.92722945431999,36.99507024470643,60000,300,12.381023699999787,12.125,True
cx0.1_mut0.01,0.1,0.01,test_3,2,17,259,38.50316436023347,36.59293967356028,60000,300,10.507188799998403,10.375,True
cx0.1_mut0.01,0.1,0.01,test_3,2,18,260,41.17322207195522,39.25506118960024,60000,300,12.527800699997897,12.28125,True
cx0.1_mut0.01,0.1,0.01,test_3,2,19,261,41.28680753845733,39.67081615647412,60000,300,11.500527399999555,11.421875,True
cx0.1_mut0.01,0.1,0.01,test_4,3,0,342,47.081946769276044,44.83626484240524,60000,300,11.762032999999064,11.578125,True
cx0.1_mut0.01,0.1,0.01,test_4,3,1,343,34.917465164050604,33.547116302834034,60000,300,11.33336810000037,11.25,True
cx0.1_mut0.01,0.1,0.01,test_4,3,2,344,40.26472115672037,38.481429648170995,60000,300,13.692120600000635,13.640625,True
cx0.1_mut0.01,0.1,0.01,test_4,3,3,345,31.640188026999354,30.164250385990677,60000,300,10.336184200001298,10.203125,True
cx0.1_mut0.01,0.1,0.01,test_4,3,4,346,38.524176809283105,37.17028875569453,60000,300,14.4351768000015,14.109375,True
cx0.1_mut0.01,0.1,0.01,test_4,3,5,347,30.251781603683916,28.861769392307934,60000,300,9.845721400000912,9.6875,True
cx0.1_mut0.01,0.1,0.01,test_4,3,6,348,29.769789142703956,28.30170300644249,60000,300,12.328779400002531,12.15625,True
cx0.1_mut0.01,0.1,0.01,test_4,3,7,349,33.53728401988753,32.130269779543724,60000,300,9.689977699999872,9.546875,True
cx0.1_mut0.01,0.1,0.01,test_4,3,8,350,35.0720409216662,33.25733728454148,60000,300,10.93079520000174,10.21875,True
cx0.1_mut0.01,0.1,0.01,test_4,3,9,351,37.78970186260669,36.35469918683805,60000,300,10.897140400000353,10.71875,True
cx0.1_mut0.01,0.1,0.01,test_4,3,10,352,32.09425006429777,30.829710394140648,60000,300,12.877286999999342,12.421875,True
cx0.1_mut0.01,0.1,0.01,test_4,3,11,353,39.48344383018466,37.95591530172077,60000,300,10.337641400001303,10.21875,True
cx0.1_mut0.01,0.1,0.01,test_4,3,12,354,31.396602564134614,29.8520639702722,60000,300,11.5755422000002,11.0,True
cx0.1_mut0.01,0.1,0.01,test_4,3,13,355,32.58393045157087,31.230608967097048,60000,300,10.11768529999972,9.953125,True
cx0.1_mut0.01,0.1,0.01,test_4,3,14,356,34.066100442589196,32.60348668050746,60000,300,10.60841679999794,10.21875,True
cx0.1_mut0.01,0.1,0.01,test_4,3,15,357,34.91065334319559,33.21954795702676,60000,300,12.339184000000387,12.140625,True
cx0.1_mut0.01,0.1,0.01,test_4,3,16,358,37.97699354935798,36.3117154590098,60000,300,13.810884200000146,13.3125,True
cx0.1_mut0.01,0.1,0.01,test_4,3,17,359,38.06584105019451,36.34507515417716,60000,300,9.600065900001937,9.390625,True
cx0.1_mut0.01,0.1,0.01,test_4,3,18,360,37.587251128323494,36.055985593568714,60000,300,12.913403200000175,12.609375,True
cx0.1_mut0.01,0.1,0.01,test_4,3,19,361,44.05430729057568,42.53545630250797,60000,300,12.04786520000198,11.859375,True
cx0.1_mut0.01,0.1,0.01,test_5,4,0,442,38.26308225815728,36.82223500662189,60000,300,11.919948999999178,11.671875,True
cx0.1_mut0.01,0.1,0.01,test_5,4,1,443,47.88549421160373,46.041107064852625,60000,300,9.564967900001648,9.453125,True
cx0.1_mut0.01,0.1,0.01,test_5,4,2,444,43.36866582157452,41.62353271093399,60000,300,11.33210109999709,11.1875,True
cx0.1_mut0.01,0.1,0.01,test_5,4,3,445,41.95512201940417,40.30544081312526,60000,300,9.5526260000006,9.421875,True
cx0.1_mut0.01,0.1,0.01,test_5,4,4,446,44.425751874791025,42.253474988217825,60000,300,10.631355699999403,10.5625,True
cx0.1_mut0.01,0.1,0.01,test_5,4,5,447,47.493180469711845,45.96546057529812,60000,300,9.428063700001076,9.265625,True
cx0.1_mut0.01,0.1,0.01,test_5,4,6,448,48.811481035571035,46.955195022452415,60000,300,9.755404499999713,9.578125,True
cx0.1_mut0.01,0.1,0.01,test_5,4,7,449,42.95038147200958,40.677859158570335,60000,300,11.01141280000229,10.796875,True
cx0.1_mut0.01,0.1,0.01,test_5,4,8,450,52.062174542557315,50.198895852169734,60000,300,11.226421899998968,11.03125,True
cx0.1_mut0.01,0.1,0.01,test_5,4,9,451,44.50776235019128,42.54924340116795,60000,300,13.147670700000162,12.703125,True
cx0.1_mut0.01,0.1,0.01,test_5,4,10,452,50.51683917984666,48.59140978084037,60000,300,11.971644199998991,11.671875,True
cx0.1_mut0.01,0.1,0.01,test_5,4,11,453,45.501194087729296,43.65584085452734,60000,300,14.14155430000028,14.0,True
cx0.1_mut0.01,0.1,0.01,test_5,4,12,454,36.71843903485164,35.24332821199806,60000,300,9.546094000001176,9.265625,True
cx0.1_mut0.01,0.1,0.01,test_5,4,13,455,38.54154123189329,37.039882158482115,60000,300,9.770818699998927,9.484375,True
cx0.1_mut0.01,0.1,0.01,test_5,4,14,456,39.62605292168476,38.02350270097324,60000,300,10.466777999998158,9.859375,True
cx0.1_mut0.01,0.1,0.01,test_5,4,15,457,47.870746026137745,46.28007620831855,60000,300,14.880385000000388,14.140625,True
cx0.1_mut0.01,0.1,0.01,test_5,4,16,458,39.68687312929168,38.110295888018506,60000,300,9.691545900001074,9.484375,True
cx0.1_mut0.01,0.1,0.01,test_5,4,17,459,38.27819808277389,37.026457348977026,60000,300,11.23536299999978,10.71875,True
cx0.1_mut0.01,0.1,0.01,test_5,4,18,460,45.91767338980145,44.18244305129624,60000,300,11.98584579999806,11.59375,True
cx0.1_mut0.01,0.1,0.01,test_5,4,19,461,41.824456141872076,40.290080684480714,60000,300,13.363372200001322,12.046875,True
cx0.1_mut0.01,0.1,0.01,test_6,5,0,542,49.2053419252141,47.634573403018145,60000,300,11.363207300000795,10.984375,True
cx0.1_mut0.01,0.1,0.01,test_6,5,1,543,36.288123441559726,35.02527797070073,60000,300,9.543533899999602,9.328125,True
cx0.1_mut0.01,0.1,0.01,test_6,5,2,544,47.94672976859439,46.514177164123666,60000,300,12.058801699997275,11.8125,True
cx0.1_mut0.01,0.1,0.01,test_6,5,3,545,37.96641605615318,36.46503624533663,60000,300,14.810526299999765,14.0,True
cx0.1_mut0.01,0.1,0.01,test_6,5,4,546,46.60760974872552,45.05921282059127,60000,300,11.091282800000045,10.671875,True
cx0.1_mut0.01,0.1,0.01,test_6,5,5,547,40.755392945736666,39.07163670627145,60000,300,13.244776800002,12.671875,True
cx0.1_mut0.01,0.1,0.01,test_6,5,6,548,44.76388923946989,42.956263376092274,60000,300,16.13468490000014,15.484375,True
cx0.1_mut0.01,0.1,0.01,test_6,5,7,549,46.18176714528956,44.584441918306105,60000,300,12.431018100000074,11.21875,True
cx0.1_mut0.01,0.1,0.01,test_6,5,8,550,42.296556540254215,40.72596175665499,60000,300,12.847877099997277,12.53125,True
cx0.1_mut0.01,0.1,0.01,test_6,5,9,551,41.76057719000526,39.787434044659335,60000,300,14.079956300000049,12.921875,True
cx0.1_mut0.01,0.1,0.01,test_6,5,10,552,41.493007677671166,39.7129468274533,60000,300,14.395322100001067,14.046875,True
cx0.1_mut0.01,0.1,0.01,test_6,5,11,553,42.17703423716997,40.503095423393944,60000,300,12.983224899999186,12.515625,True
cx0.1_mut0.01,0.1,0.01,test_6,5,12,554,36.229948254229264,34.614965328956835,60000,300,10.193059500001254,9.921875,True
cx0.1_mut0.01,0.1,0.01,test_6,5,13,555,50.08499346561977,48.25019807638839,60000,300,11.919493100002,11.703125,True
cx0.1_mut0.01,0.1,0.01,test_6,5,14,556,44.88318340227972,43.13120758318953,60000,300,16.12447609999799,15.78125,True
cx0.1_mut0.01,0.1,0.01,test_6,5,15,557,43.77431758819156,42.47891247162354,60000,300,11.889002300002176,11.65625,True
cx0.1_mut0.01,0.1,0.01,test_6,5,16,558,40.24552721290434,38.58839539296082,60000,300,10.981068100001721,10.828125,True
cx0.1_mut0.01,0.1,0.01,test_6,5,17,559,51.14427489493136,49.760296820158025,60000,300,13.01496269999916,12.796875,True
cx0.1_mut0.01,0.1,0.01,test_6,5,18,560,51.135468548134874,49.34881457197696,60000,300,11.93402259999857,11.578125,True
cx0.1_mut0.01,0.1,0.01,test_6,5,19,561,38.68457450466248,37.12223598597609,60000,300,12.627305199999682,12.421875,True
cx0.1_mut0.01,0.1,0.01,test_7,6,0,642,44.08080529208298,42.5071958068443,60000,300,13.81619370000044,13.671875,True
cx0.1_mut0.01,0.1,0.01,test_7,6,1,643,32.50022223366307,30.852689991229063,60000,300,11.132864899998822,10.984375,True
cx0.1_mut0.01,0.1,0.01,test_7,6,2,644,43.98716493877998,42.13788277303475,60000,300,13.19817829999738,12.828125,True
cx0.1_mut0.01,0.1,0.01,test_7,6,3,645,45.89521574178894,44.137079010019974,60000,300,11.036646200001996,10.84375,True
cx0.1_mut0.01,0.1,0.01,test_7,6,4,646,36.94840769207173,35.643750491342715,60000,300,11.82849879999776,11.046875,True
cx0.1_mut0.01,0.1,0.01,test_7,6,5,647,38.950602466278916,37.33542657586422,60000,300,12.108757600002718,11.84375,True
cx0.1_mut0.01,0.1,0.01,test_7,6,6,648,35.69594557169926,34.04831259269865,60000,300,10.928799699999217,10.765625,True
cx0.1_mut0.01,0.1,0.01,test_7,6,7,649,36.47102482092435,35.025738189474076,60000,300,10.483388099997683,10.265625,True
cx0.1_mut0.01,0.1,0.01,test_7,6,8,650,39.33193373554198,37.437201130996016,60000,300,12.754001799999969,12.359375,True
cx0.1_mut0.01,0.1,0.01,test_7,6,9,651,39.468080474769,37.88249782168603,60000,300,13.78401699999813,13.359375,True
cx0.1_mut0.01,0.1,0.01,test_7,6,10,652,38.4560307729883,36.73213758034609,60000,300,10.884847099998296,10.625,True
cx0.1_mut0.01,0.1,0.01,test_7,6,11,653,35.874242312286974,34.05827173431663,60000,300,12.328285999999935,11.90625,True
cx0.1_mut0.01,0.1,0.01,test_7,6,12,654,38.68112342034043,36.88790320853578,60000,300,16.387173499999335,15.96875,True
cx0.1_mut0.01,0.1,0.01,test_7,6,13,655,39.52897354491832,37.743169284560466,60000,300,12.34404270000232,12.0625,True
cx0.1_mut0.01,0.1,0.01,test_7,6,14,656,37.29753405239999,35.47319592663632,60000,300,9.79533950000041,9.609375,True
cx0.1_mut0.01,0.1,0.01,test_7,6,15,657,43.176570800112465,41.61898454525302,60000,300,9.66203300000052,9.609375,True
cx0.1_mut0.01,0.1,0.01,test_7,6,16,658,34.411117010774134,33.03696795414,60000,300,9.524216300000262,9.3125,True
cx0.1_mut0.01,0.1,0.01,test_7,6,17,659,43.085734272731194,41.18772309140045,60000,300,12.505859000000783,12.25,True
cx0.1_mut0.01,0.1,0.01,test_7,6,18,660,43.56836539667667,41.89391560550234,60000,300,11.890077500000189,11.6875,True
cx0.1_mut0.01,0.1,0.01,test_7,6,19,661,47.3604857219979,45.13905703379638,60000,300,14.106445000001258,13.984375,True
cx0.1_mut0.01,0.1,0.01,test_8,7,0,742,40.02798076291248,38.49063640689096,60000,300,10.0754737999996,9.921875,True
cx0.1_mut0.01,0.1,0.01,test_8,7,1,743,35.424540908453054,34.010533783365666,60000,300,12.282477699998708,11.859375,True
cx0.1_mut0.01,0.1,0.01,test_8,7,2,744,40.538940029516624,38.86991877084196,60000,300,12.107337100002042,11.890625,True
cx0.1_mut0.01,0.1,0.01,test_8,7,3,745,40.60160501232323,39.09010614114162,60000,300,12.148969900001248,12.0,True
cx0.1_mut0.01,0.1,0.01,test_8,7,4,746,35.175813692089925,33.192031825282456,60000,300,10.360374899999442,10.203125,True
cx0.1_mut0.01,0.1,0.01,test_8,7,5,747,38.98163729756987,37.443200155290825,60000,300,12.108047999998234,11.640625,True
cx0.1_mut0.01,0.1,0.01,test_8,7,6,748,31.152807349905387,29.52126786337034,60000,300,11.560368700000254,11.15625,True
cx0.1_mut0.01,0.1,0.01,test_8,7,7,749,42.33620156241417,40.31523228620743,60000,300,13.186132499999076,12.90625,True
cx0.1_mut0.01,0.1,0.01,test_8,7,8,750,34.92643135882239,33.112867386516406,60000,300,11.08939459999965,10.90625,True
cx0.1_mut0.01,0.1,0.01,test_8,7,9,751,39.05893419595604,37.44233468328084,60000,300,12.016516100000445,11.59375,True
cx0.1_mut0.01,0.1,0.01,test_8,7,10,752,39.22902860701885,37.59026417193702,60000,300,14.133146099997248,13.71875,True
cx0.1_mut0.01,0.1,0.01,test_8,7,11,753,43.1667564963337,41.66571726287745,60000,300,14.494669699997758,13.453125,True
cx0.1_mut0.01,0.1,0.01,test_8,7,12,754,35.585089097480285,33.77667313136876,60000,300,12.033112099998107,11.859375,True
cx0.1_mut0.01,0.1,0.01,test_8,7,13,755,39.942375884117006,37.80010662000266,60000,300,15.63612600000124,15.25,True
cx0.1_mut0.01,0.1,0.01,test_8,7,14,756,45.34456895608712,43.464923196996985,60000,300,12.339987499999552,12.203125,True
cx0.1_mut0.01,0.1,0.01,test_8,7,15,757,41.04089385921176,39.31983407182763,60000,300,13.241766400002234,13.09375,True
cx0.1_mut0.01,0.1,0.01,test_8,7,16,758,43.64383419904795,41.90403806467181,60000,300,14.429015000001527,14.375,True
cx0.1_mut0.01,0.1,0.01,test_8,7,17,759,33.50443253869054,31.77293485659391,60000,300,13.2715051999985,13.171875,True
cx0.1_mut0.01,0.1,0.01,test_8,7,18,760,42.77274883764545,40.96399587373484,60000,300,13.58041410000078,13.546875,True
cx0.1_mut0.01,0.1,0.01,test_8,7,19,761,38.62058335933436,36.95649314909616,60000,300,12.36196999999811,12.265625,True
cx0.1_mut0.01,0.1,0.01,test_9,8,0,842,41.50580414946842,39.917658406125916,60000,300,12.196608599999308,11.25,True
cx0.1_mut0.01,0.1,0.01,test_9,8,1,843,47.604848971808345,46.0029230029987,60000,300,12.39722729999994,12.375,True
cx0.1_mut0.01,0.1,0.01,test_9,8,2,844,48.06489746424391,46.45224995550283,60000,300,11.360205099997984,11.21875,True
cx0.1_mut0.01,0.1,0.01,test_9,8,3,845,39.1858085000838,37.605888588016995,60000,300,9.900078299997404,9.875,True
cx0.1_mut0.01,0.1,0.01,test_9,8,4,846,38.78379946773072,37.221119933870696,60000,300,9.755670500002452,9.71875,True
cx0.1_mut0.01,0.1,0.01,test_9,8,5,847,39.88721857293493,38.06222065511377,60000,300,8.578017499999987,8.53125,True
cx0.1_mut0.01,0.1,0.01,test_9,8,6,848,40.64149439259233,39.24913307461127,60000,300,12.1565085000002,11.453125,True
cx0.1_mut0.01,0.1,0.01,test_9,8,7,849,50.015256144360535,48.662448751518376,60000,300,9.07853310000064,8.9375,True
cx0.1_mut0.01,0.1,0.01,test_9,8,8,850,45.209306853476626,43.60866379893891,60000,300,9.374476199998753,9.265625,True
cx0.1_mut0.01,0.1,0.01,test_9,8,9,851,42.763765364240705,41.26586446073893,60000,300,9.171587199998612,9.15625,True
cx0.1_mut0.01,0.1,0.01,test_9,8,10,852,44.15737591858198,42.55561639561174,60000,300,10.059439299999212,9.953125,True
cx0.1_mut0.01,0.1,0.01,test_9,8,11,853,36.88314052993667,35.31134866257505,60000,300,11.344167200000811,11.25,True
cx0.1_mut0.01,0.1,0.01,test_9,8,12,854,41.044395828961804,39.347860268177286,60000,300,11.562547200002882,11.484375,True
cx0.1_mut0.01,0.1,0.01,test_9,8,13,855,40.96010885521893,39.2638915161494,60000,300,11.08849530000225,11.046875,True
cx0.1_mut0.01,0.1,0.01,test_9,8,14,856,55.477220274946966,53.929722640240044,60000,300,9.864589999997406,9.78125,True
cx0.1_mut0.01,0.1,0.01,test_9,8,15,857,45.986057721746846,44.19490185082674,60000,300,9.672540800002025,9.625,True
cx0.1_mut0.01,0.1,0.01,test_9,8,16,858,42.4352225754445,40.99310462699782,60000,300,11.051549799998611,10.890625,True
cx0.1_mut0.01,0.1,0.01,test_9,8,17,859,37.417959274586266,35.758208369197945,60000,300,9.737816400000156,9.703125,True
cx0.1_mut0.01,0.1,0.01,test_9,8,18,860,41.73311215544079,40.14865135976569,60000,300,8.927793200000451,8.78125,True
cx0.1_mut0.01,0.1,0.01,test_9,8,19,861,40.20624498053374,38.541450963318646,60000,300,11.204610100001446,10.875,True
cx0.1_mut0.01,0.1,0.01,test_10,9,0,942,49.26698807918007,47.79279082432481,60000,300,13.180195000000822,12.359375,True
cx0.1_mut0.01,0.1,0.01,test_10,9,1,943,52.506677508311334,50.90064481604286,60000,300,12.286648199999036,11.796875,True
cx0.1_mut0.01,0.1,0.01,test_10,9,2,944,39.95009116857216,38.306231534520705,60000,300,11.236608700000943,10.765625,True
cx0.1_mut0.01,0.1,0.01,test_10,9,3,945,35.335124168308695,34.12590133239503,60000,300,9.21612660000028,9.109375,True
cx0.1_mut0.01,0.1,0.01,test_10,9,4,946,38.60977207614925,36.924270334360834,60000,300,13.273838500001148,12.96875,True
cx0.1_mut0.01,0.1,0.01,test_10,9,5,947,47.94432150127401,46.038607552627404,60000,300,11.805540299999848,11.28125,True
cx0.1_mut0.01,0.1,0.01,test_10,9,6,948,35.45612008926001,33.974431930081785,60000,300,11.853362800000468,11.765625,True
cx0.1_mut0.01,0.1,0.01,test_10,9,7,949,37.191949944534166,35.559065769641194,60000,300,9.187135899999703,9.046875,True
cx0.1_mut0.01,0.1,0.01,test_10,9,8,950,42.813024699549835,41.30942202996958,60000,300,9.8706803999994,9.375,True
cx0.1_mut0.01,0.1,0.01,test_10,9,9,951,44.67712218520692,42.751049833481396,60000,300,13.736044699999184,12.75,True
cx0.1_mut0.01,0.1,0.01,test_10,9,10,952,39.7878015100587,37.98657394635835,60000,300,12.480865399997128,12.109375,True
cx0.1_mut0.01,0.1,0.01,test_10,9,11,953,43.200090363088414,41.64256711539367,60000,300,12.033559600000444,11.8125,True
cx0.1_mut0.01,0.1,0.01,test_10,9,12,954,40.88000073546401,39.209536228872025,60000,300,10.488255000000208,10.0,True
cx0.1_mut0.01,0.1,0.01,test_10,9,13,955,39.96845266376717,38.30164141357349,60000,300,14.080047499999637,13.21875,True
cx0.1_mut0.01,0.1,0.01,test_10,9,14,956,37.02898570288521,35.165692980364895,60000,300,10.3778424000011,10.328125,True
cx0.1_mut0.01,0.1,0.01,test_10,9,15,957,43.6261777716995,41.80780326449926,60000,300,11.712534999998752,11.4375,True
cx0.1_mut0.01,0.1,0.01,test_10,9,16,958,37.69175155384792,36.2683942765038,60000,300,10.740315300001384,10.09375,True
cx0.1_mut0.01,0.1,0.01,test_10,9,17,959,44.286781357111764,42.25930029261044,60000,300,9.848435899999458,9.5625,True
cx0.1_mut0.01,0.1,0.01,test_10,9,18,960,41.873216311217796,40.166442110591746,60000,300,14.002103099999658,13.234375,True
cx0.1_mut0.01,0.1,0.01,test_10,9,19,961,49.91880042944218,48.12362080974317,60000,300,12.519017400001758,11.96875,True
cx0.1_mut0.05,0.1,0.05,test_1,0,0,42,41.9938800617641,40.63906774988048,60000,300,9.100168400000257,8.515625,True
cx0.1_mut0.05,0.1,0.05,test_1,0,1,43,37.40323670285398,35.84740493746704,60000,300,8.756833300001745,8.375,True
cx0.1_mut0.05,0.1,0.05,test_1,0,2,44,40.183834090947876,38.73467573590301,60000,300,9.055996700000833,8.703125,True
cx0.1_mut0.05,0.1,0.05,test_1,0,3,45,35.13230117986255,33.684441142564395,60000,300,8.988252600000123,8.859375,True
cx0.1_mut0.05,0.1,0.05,test_1,0,4,46,45.39203838703797,43.69847890275557,60000,300,9.257781899999827,9.109375,True
cx0.1_mut0.05,0.1,0.05,test_1,0,5,47,39.45793261390029,37.996990525445305,60000,300,10.290383100000327,10.125,True
cx0.1_mut0.05,0.1,0.05,test_1,0,6,48,43.361520151925795,41.87934463890836,60000,300,9.193186699998478,9.015625,True
cx0.1_mut0.05,0.1,0.05,test_1,0,7,49,53.51407147109355,51.919337616461924,60000,300,7.98246300000028,7.890625,True
cx0.1_mut0.05,0.1,0.05,test_1,0,8,50,41.886924293768466,39.91704247581321,60000,300,8.277807200000098,8.171875,True
cx0.1_mut0.05,0.1,0.05,test_1,0,9,51,45.287870894290265,43.851521345341176,60000,300,8.717618899998342,8.59375,True
cx0.1_mut0.05,0.1,0.05,test_1,0,10,52,35.852158238385854,34.14594511555251,60000,300,8.551275900001201,8.515625,True
cx0.1_mut0.05,0.1,0.05,test_1,0,11,53,35.14415355418403,33.602568337890894,60000,300,9.1037510999995,9.03125,True
cx0.1_mut0.05,0.1,0.05,test_1,0,12,54,40.45467041920531,38.61386118483119,60000,300,8.282876000001124,8.171875,True
cx0.1_mut0.05,0.1,0.05,test_1,0,13,55,38.91650820183289,37.076896242271715,60000,300,7.670723200000793,7.625,True
cx0.1_mut0.05,0.1,0.05,test_1,0,14,56,40.548656012381144,39.06541103399494,60000,300,10.36597239999901,10.25,True
cx0.1_mut0.05,0.1,0.05,test_1,0,15,57,40.61665888108985,38.92839139989712,60000,300,7.944681500001025,7.921875,True
cx0.1_mut0.05,0.1,0.05,test_1,0,16,58,41.0521034255872,39.30065364549231,60000,300,10.21515559999898,10.125,True
cx0.1_mut0.05,0.1,0.05,test_1,0,17,59,43.66430867793155,42.01266668016422,60000,300,7.992921700002626,7.921875,True
cx0.1_mut0.05,0.1,0.05,test_1,0,18,60,41.278330245123534,39.94914853704412,60000,300,7.342103299997689,7.3125,True
cx0.1_mut0.05,0.1,0.05,test_1,0,19,61,53.083572381631505,51.38501460405437,60000,300,7.933765499998117,7.859375,True
cx0.1_mut0.05,0.1,0.05,test_2,1,0,142,37.57562341035815,36.17085590575975,60000,300,8.204799800001638,8.0,True
cx0.1_mut0.05,0.1,0.05,test_2,1,1,143,38.14070595440135,36.44176283633685,60000,300,9.60851779999939,9.4375,True
cx0.1_mut0.05,0.1,0.05,test_2,1,2,144,33.2657622126046,31.767271361989863,60000,300,7.968059499999072,7.796875,True
cx0.1_mut0.05,0.1,0.05,test_2,1,3,145,37.056857957301176,35.48652157474514,60000,300,10.86821300000156,10.640625,True
cx0.1_mut0.05,0.1,0.05,test_2,1,4,146,39.152910931743676,37.635204556099325,60000,300,8.885979799997585,8.796875,True
cx0.1_mut0.05,0.1,0.05,test_2,1,5,147,40.99039099015253,39.79477498789427,60000,300,9.355558700000984,9.28125,True
cx0.1_mut0.05,0.1,0.05,test_2,1,6,148,35.94152993468672,34.34328534488888,60000,300,9.903435600001103,9.828125,True
cx0.1_mut0.05,0.1,0.05,test_2,1,7,149,36.39409888678872,34.79432967013867,60000,300,8.885085699999763,8.765625,True
cx0.1_mut0.05,0.1,0.05,test_2,1,8,150,33.60410790677864,32.04761759694502,60000,300,9.272170799999003,9.09375,True
cx0.1_mut0.05,0.1,0.05,test_2,1,9,151,35.66613736762383,34.0411100694771,60000,300,11.283840299998701,11.09375,True
cx0.1_mut0.05,0.1,0.05,test_2,1,10,152,40.46538616100259,38.96606944537629,60000,300,10.53967879999982,10.4375,True
cx0.1_mut0.05,0.1,0.05,test_2,1,11,153,34.61091389911216,33.05687708360396,60000,300,9.631494099998235,9.546875,True
cx0.1_mut0.05,0.1,0.05,test_2,1,12,154,31.50257406953755,29.973314867980125,60000,300,10.310878500000399,10.25,True
cx0.1_mut0.05,0.1,0.05,test_2,1,13,155,36.270216131138554,34.726582366532654,60000,300,8.38237289999961,8.328125,True
cx0.1_mut0.05,0.1,0.05,test_2,1,14,156,34.32274189822717,32.97877551780219,60000,300,8.17551700000331,8.109375,True
cx0.1_mut0.05,0.1,0.05,test_2,1,15,157,38.360281630585234,36.455879221086064,60000,300,9.255421999998362,9.171875,True
cx0.1_mut0.05,0.1,0.05,test_2,1,16,158,31.66069372099889,30.192836064619332,60000,300,10.270811200000026,9.875,True
cx0.1_mut0.05,0.1,0.05,test_2,1,17,159,36.30571022670024,34.97761586224086,60000,300,10.174656799998047,9.46875,True
cx0.1_mut0.05,0.1,0.05,test_2,1,18,160,44.991784126923505,43.166143823642265,60000,300,11.453388199999608,10.890625,True
cx0.1_mut0.05,0.1,0.05,test_2,1,19,161,43.1475258574087,41.311875372405986,60000,300,8.20725069999753,8.0,True
cx0.1_mut0.05,0.1,0.05,test_3,2,0,242,37.49206766832601,35.98428483161889,60000,300,10.561928999999509,10.359375,True
cx0.1_mut0.05,0.1,0.05,test_3,2,1,243,31.716808690738162,29.998255018239814,60000,300,11.767719299998134,11.328125,True
cx0.1_mut0.05,0.1,0.05,test_3,2,2,244,34.193458691848335,32.31721840419607,60000,300,10.940624899998511,10.75,True
cx0.1_mut0.05,0.1,0.05,test_3,2,3,245,40.720237736246126,39.06111845552072,60000,300,13.367992700001196,12.953125,True
cx0.1_mut0.05,0.1,0.05,test_3,2,4,246,38.33522388327857,36.61884559130241,60000,300,9.901200000000244,9.71875,True
cx0.1_mut0.05,0.1,0.05,test_3,2,5,247,30.387004755940143,28.996653769768724,60000,300,12.231545200000255,12.0625,True
cx0.1_mut0.05,0.1,0.05,test_3,2,6,248,38.24937443266383,36.76541753565346,60000,300,12.424818599996797,12.046875,True
cx0.1_mut0.05,0.1,0.05,test_3,2,7,249,44.66451158199139,42.77455809498955,60000,300,12.799677099999826,12.375,True
cx0.1_mut0.05,0.1,0.05,test_3,2,8,250,37.58136465829609,35.75777837282435,60000,300,12.403702600000543,11.640625,True
cx0.1_mut0.05,0.1,0.05,test_3,2,9,251,36.28406707667073,34.872723994777964,60000,300,9.770496400000411,9.390625,True
cx0.1_mut0.05,0.1,0.05,test_3,2,10,252,37.99170059094933,36.21489101165842,60000,300,10.372440499999357,10.109375,True
cx0.1_mut0.05,0.1,0.05,test_3,2,11,253,43.47481939712697,41.38994201303529,60000,300,11.664598399998795,11.515625,True
cx0.1_mut0.05,0.1,0.05,test_3,2,12,254,37.47746245160858,35.996465353190835,60000,300,13.221405100000993,12.9375,True
cx0.1_mut0.05,0.1,0.05,test_3,2,13,255,30.00921377377094,28.48452594644905,60000,300,8.683794799999305,8.53125,True
cx0.1_mut0.05,0.1,0.05,test_3,2,14,256,35.2882376518668,33.66644561862292,60000,300,12.39027630000055,12.1875,True
cx0.1_mut0.05,0.1,0.05,test_3,2,15,257,37.77954873506787,36.2861607425248,60000,300,12.489004799997929,12.265625,True
cx0.1_mut0.05,0.1,0.05,test_3,2,16,258,36.23744689857683,34.52293985418712,60000,300,11.925192099999549,11.40625,True
cx0.1_mut0.05,0.1,0.05,test_3,2,17,259,35.00446657682358,33.245384005245164,60000,300,11.385609600001771,11.203125,True
cx0.1_mut0.05,0.1,0.05,test_3,2,18,260,39.7214020506585,37.924770117437106,60000,300,11.983626599998388,11.75,True
cx0.1_mut0.05,0.1,0.05,test_3,2,19,261,39.39931804002855,37.911222556324475,60000,300,10.77134229999865,10.625,True
cx0.1_mut0.05,0.1,0.05,test_4,3,0,342,32.08511897099084,30.567906436404638,60000,300,9.836385199996585,9.6875,True
cx0.1_mut0.05,0.1,0.05,test_4,3,1,343,32.95085111906877,31.456436181672817,60000,300,13.244838499998878,13.125,True
cx0.1_mut0.05,0.1,0.05,test_4,3,2,344,32.55556141586142,31.279384331025874,60000,300,9.18158240000048,9.15625,True
cx0.1_mut0.05,0.1,0.05,test_4,3,3,345,31.643620509802993,30.100084291964563,60000,300,9.911807399999816,9.796875,True
cx0.1_mut0.05,0.1,0.05,test_4,3,4,346,31.75355925140387,30.04449959041978,60000,300,13.128349300000991,12.875,True
cx0.1_mut0.05,0.1,0.05,test_4,3,5,347,31.344658439769777,29.99207273127199,60000,300,10.637849399998231,10.46875,True
cx0.1_mut0.05,0.1,0.05,test_4,3,6,348,31.713222498822653,30.504295449924793,60000,300,9.09347820000039,9.0,True
cx0.1_mut0.05,0.1,0.05,test_4,3,7,349,28.774237867488594,27.216580726482945,60000,300,11.69025479999982,11.546875,True
cx0.1_mut0.05,0.1,0.05,test_4,3,8,350,32.700128223176506,31.292351833698035,60000,300,12.068986599999334,11.15625,True
cx0.1_mut0.05,0.1,0.05,test_4,3,9,351,34.33379503231126,32.83216418599752,60000,300,9.016894199998205,8.90625,True
cx0.1_mut0.05,0.1,0.05,test_4,3,10,352,26.9226164963402,25.656101985663007,60000,300,11.054602599997452,10.609375,True
cx0.1_mut0.05,0.1,0.05,test_4,3,11,353,32.37403623722259,30.74138476643985,60000,300,10.097763500001747,9.921875,True
cx0.1_mut0.05,0.1,0.05,test_4,3,12,354,36.09842709639118,34.48421360920113,60000,300,11.52425790000052,11.078125,True
cx0.1_mut0.05,0.1,0.05,test_4,3,13,355,30.975864180494174,29.438242831700393,60000,300,12.538066699999035,12.203125,True
cx0.1_mut0.05,0.1,0.05,test_4,3,14,356,31.483057720838424,29.850018053195583,60000,300,11.425808199997846,11.0625,True
cx0.1_mut0.05,0.1,0.05,test_4,3,15,357,28.397675242771616,27.06318684747088,60000,300,10.768428800001857,10.5,True
cx0.1_mut0.05,0.1,0.05,test_4,3,16,358,32.165061675887046,30.7874994001197,60000,300,14.020747000002302,13.609375,True
cx0.1_mut0.05,0.1,0.05,test_4,3,17,359,30.76416616029377,29.286838144806442,60000,300,11.347241399998893,11.0625,True
cx0.1_mut0.05,0.1,0.05,test_4,3,18,360,32.005826657498275,30.622060118944564,60000,300,11.989119499998196,11.6875,True
cx0.1_mut0.05,0.1,0.05,test_4,3,19,361,33.66965745084063,32.15258420014904,60000,300,10.16242979999879,10.0,True
cx0.1_mut0.05,0.1,0.05,test_5,4,0,442,45.07617188597754,43.14157974745706,60000,300,10.44460700000127,10.3125,True
cx0.1_mut0.05,0.1,0.05,test_5,4,1,443,46.268259254563986,44.79535926485087,60000,300,10.91381739999997,10.828125,True
cx0.1_mut0.05,0.1,0.05,test_5,4,2,444,41.32139143270059,39.943099662207814,60000,300,9.185659900002065,9.03125,True
cx0.1_mut0.05,0.1,0.05,test_5,4,3,445,47.791875981387015,46.31801890589997,60000,300,10.823822800000926,10.734375,True
cx0.1_mut0.05,0.1,0.05,test_5,4,4,446,47.45656840928822,45.66786207667396,60000,300,12.656402399999934,12.359375,True
cx0.1_mut0.05,0.1,0.05,test_5,4,5,447,44.358175880234214,42.632384675742756,60000,300,12.210305900000094,11.953125,True
cx0.1_mut0.05,0.1,0.05,test_5,4,6,448,43.11140738098894,41.35347896614518,60000,300,12.263202800000727,12.09375,True
cx0.1_mut0.05,0.1,0.05,test_5,4,7,449,42.493589719877235,40.45619014751747,60000,300,14.354140799998277,13.984375,True
cx0.1_mut0.05,0.1,0.05,test_5,4,8,450,43.751473369407904,41.93798600446749,60000,300,11.68280489999961,11.515625,True
cx0.1_mut0.05,0.1,0.05,test_5,4,9,451,49.532058997935074,48.00214776020116,60000,300,10.852973899996869,10.484375,True
cx0.1_mut0.05,0.1,0.05,test_5,4,10,452,46.04898753921612,44.34928336675061,60000,300,12.519380199999432,12.390625,True
cx0.1_mut0.05,0.1,0.05,test_5,4,11,453,40.89631136216185,39.25588012814532,60000,300,9.192097499999363,9.09375,True
cx0.1_mut0.05,0.1,0.05,test_5,4,12,454,35.51569891089905,34.04664483111311,60000,300,11.336765000000014,11.109375,True
cx0.1_mut0.05,0.1,0.05,test_5,4,13,455,38.554376764976354,36.999455039375874,60000,300,12.437893499998609,12.09375,True
cx0.1_mut0.05,0.1,0.05,test_5,4,14,456,42.076055553288356,40.388156135882575,60000,300,9.61859959999856,9.0625,True
cx0.1_mut0.05,0.1,0.05,test_5,4,15,457,50.442009790024535,48.64886169610555,60000,300,11.263793499998428,10.953125,True
cx0.1_mut0.05,0.1,0.05,test_5,4,16,458,35.29325259313356,33.87903843985255,60000,300,11.436475700000301,11.140625,True
cx0.1_mut0.05,0.1,0.05,test_5,4,17,459,40.52841918200319,38.79896310481836,60000,300,12.57078669999828,12.046875,True
cx0.1_mut0.05,0.1,0.05,test_5,4,18,460,42.792248411291254,41.33958324539742,60000,300,9.228783900001872,8.890625,True
cx0.1_mut0.05,0.1,0.05,test_5,4,19,461,49.856789761157124,48.0771465256955,60000,300,12.7199741000004,11.984375,True
cx0.1_mut0.05,0.1,0.05,test_6,5,0,542,32.79353030401428,31.270917869883874,60000,300,12.433888899999147,11.96875,True
cx0.1_mut0.05,0.1,0.05,test_6,5,1,543,30.665124555773637,29.088219313116724,60000,300,13.31927700000233,13.078125,True
cx0.1_mut0.05,0.1,0.05,test_6,5,2,544,41.669858034002814,40.2157333120244,60000,300,10.68823230000271,10.515625,True
cx0.1_mut0.05,0.1,0.05,test_6,5,3,545,46.53005862243584,45.17061687321199,60000,300,12.048849500002689,10.90625,True
cx0.1_mut0.05,0.1,0.05,test_6,5,4,546,52.97415273690605,51.80034391099943,60000,300,10.087051099999371,9.8125,True
cx0.1_mut0.05,0.1,0.05,test_6,5,5,547,43.52623106336841,41.45272315100855,60000,300,13.665156800001569,13.0,True
cx0.1_mut0.05,0.1,0.05,test_6,5,6,548,46.18842092895932,44.461212628709205,60000,300,12.312931799999205,11.90625,True
cx0.1_mut0.05,0.1,0.05,test_6,5,7,549,34.51120781588397,32.78475367117526,60000,300,13.3435599000004,12.359375,True
cx0.1_mut0.05,0.1,0.05,test_6,5,8,550,34.224794714642776,32.99514684666865,60000,300,10.10587250000026,9.859375,True
cx0.1_mut0.05,0.1,0.05,test_6,5,9,551,45.04332442786204,43.49772325308812,60000,300,14.1433294999988,13.21875,True
cx0.1_mut0.05,0.1,0.05,test_6,5,10,552,40.053237549227376,38.682164128752675,60000,300,10.450182399999903,9.96875,True
cx0.1_mut0.05,0.1,0.05,test_6,5,11,553,35.89563464443499,34.29802321240733,60000,300,12.642716199999995,12.28125,True
cx0.1_mut0.05,0.1,0.05,test_6,5,12,554,36.80881246079785,34.939287364835025,60000,300,11.481210099998862,11.15625,True
cx0.1_mut0.05,0.1,0.05,test_6,5,13,555,38.43474481071183,37.05722375081227,60000,300,12.585482800001046,12.25,True
cx0.1_mut0.05,0.1,0.05,test_6,5,14,556,39.68725355538057,38.151225010547954,60000,300,13.204547299999831,12.90625,True
cx0.1_mut0.05,0.1,0.05,test_6,5,15,557,43.00728947582082,41.23959042435932,60000,300,13.733576700000413,13.5,True
cx0.1_mut0.05,0.1,0.05,test_6,5,16,558,35.59259730438708,34.137472972472885,60000,300,10.956910200002312,10.890625,True
cx0.1_mut0.05,0.1,0.05,test_6,5,17,559,43.413338346068535,42.03868514792964,60000,300,11.672157900000457,11.46875,True
cx0.1_mut0.05,0.1,0.05,test_6,5,18,560,34.93493333148012,33.66102803771191,60000,300,12.098130800000945,11.734375,True
cx0.1_mut0.05,0.1,0.05,test_6,5,19,561,36.422821303438845,34.90568014458019,60000,300,13.092013400000724,13.015625,True
cx0.1_mut0.05,0.1,0.05,test_7,6,0,642,40.48476727146791,38.7566629530092,60000,300,12.19468169999891,12.09375,True
cx0.1_mut0.05,0.1,0.05,test_7,6,1,643,39.19372499366188,37.49073523775371,60000,300,12.148630399999092,11.9375,True
cx0.1_mut0.05,0.1,0.05,test_7,6,2,644,39.442405413462104,37.42922844668146,60000,300,14.41521400000056,14.109375,True
cx0.1_mut0.05,0.1,0.05,test_7,6,3,645,38.88766736134589,36.76674890677284,60000,300,13.199542099999235,12.890625,True
cx0.1_mut0.05,0.1,0.05,test_7,6,4,646,33.82366276597183,32.36463269314544,60000,300,13.12587110000095,12.5625,True
cx0.1_mut0.05,0.1,0.05,test_7,6,5,647,33.87009116279461,32.44320990135917,60000,300,10.853666999999405,10.59375,True
cx0.1_mut0.05,0.1,0.05,test_7,6,6,648,41.59816116943214,39.73341706264767,60000,300,9.271819499997946,9.109375,True
cx0.1_mut0.05,0.1,0.05,test_7,6,7,649,38.2195963401343,36.67450919210472,60000,300,11.69055219999791,11.40625,True
cx0.1_mut0.05,0.1,0.05,test_7,6,8,650,40.02648402588175,38.30309942587931,60000,300,9.767395800001395,9.359375,True
cx0.1_mut0.05,0.1,0.05,test_7,6,9,651,32.09076809995777,30.315909743903287,60000,300,13.318488199998683,13.078125,True
cx0.1_mut0.05,0.1,0.05,test_7,6,10,652,37.97858727518229,36.48875322489919,60000,300,9.426938500000688,9.15625,True
cx0.1_mut0.05,0.1,0.05,test_7,6,11,653,34.747950198197884,33.18433907436943,60000,300,11.007079499999236,10.734375,True
cx0.1_mut0.05,0.1,0.05,test_7,6,12,654,38.65571624239626,37.17267756507303,60000,300,13.089225399999123,12.8125,True
cx0.1_mut0.05,0.1,0.05,test_7,6,13,655,34.17536488389623,32.345123986693,60000,300,11.920793400000548,11.5625,True
cx0.1_mut0.05,0.1,0.05,test_7,6,14,656,34.48034222006946,32.779197654469016,60000,300,11.236862500001735,11.078125,True
cx0.1_mut0.05,0.1,0.05,test_7,6,15,657,40.78028768968723,39.09209111089453,60000,300,11.504279199998564,11.4375,True
cx0.1_mut0.05,0.1,0.05,test_7,6,16,658,46.080186212502696,44.503000321608056,60000,300,13.161570899999788,13.0,True
cx0.1_mut0.05,0.1,0.05,test_7,6,17,659,36.96391335361208,35.16469494507343,60000,300,12.245356100000208,12.0,True
cx0.1_mut0.05,0.1,0.05,test_7,6,18,660,41.68182805941552,40.11780475851168,60000,300,10.513899500001571,10.34375,True
cx0.1_mut0.05,0.1,0.05,test_7,6,19,661,36.75096167980278,35.15596023624008,60000,300,9.540738499999861,9.359375,True
cx0.1_mut0.05,0.1,0.05,test_8,7,0,742,43.18054659124688,41.21178745463896,60000,300,12.244011599999794,11.734375,True
cx0.1_mut0.05,0.1,0.05,test_8,7,1,743,34.90768100256077,33.315606908852985,60000,300,12.405922800000553,12.09375,True
cx0.1_mut0.05,0.1,0.05,test_8,7,2,744,43.062514382738854,41.45548123358212,60000,300,9.245297000001301,9.0625,True
cx0.1_mut0.05,0.1,0.05,test_8,7,3,745,40.28559064051848,38.6748655951311,60000,300,13.616177899999457,13.3125,True
cx0.1_mut0.05,0.1,0.05,test_8,7,4,746,38.74103347695577,36.779611961560924,60000,300,10.811500100000558,10.625,True
cx0.1_mut0.05,0.1,0.05,test_8,7,5,747,29.412013101392823,27.97553742740736,60000,300,12.73755330000131,12.34375,True
cx0.1_mut0.05,0.1,0.05,test_8,7,6,748,41.42938170999116,39.69825638543783,60000,300,11.808186400001432,11.4375,True
cx0.1_mut0.05,0.1,0.05,test_8,7,7,749,39.50126327029151,37.736080987581275,60000,300,12.040422199999739,11.578125,True
cx0.1_mut0.05,0.1,0.05,test_8,7,8,750,35.994429231020106,34.30870933612914,60000,300,11.389111799999228,11.21875,True
cx0.1_mut0.05,0.1,0.05,test_8,7,9,751,36.828045541550786,35.23718611031807,60000,300,10.281784700000571,9.953125,True
cx0.1_mut0.05,0.1,0.05,test_8,7,10,752,35.615829142221614,34.00174253833413,60000,300,14.015042300001369,13.5,True
cx0.1_mut0.05,0.1,0.05,test_8,7,11,753,33.704785400191746,32.05226491773013,60000,300,9.620014699998137,9.34375,True
cx0.1_mut0.05,0.1,0.05,test_8,7,12,754,34.609211221131574,33.040386139085385,60000,300,9.326889600000868,9.171875,True
cx0.1_mut0.05,0.1,0.05,test_8,7,13,755,38.14545024228555,36.48214267621738,60000,300,13.398098899997422,13.03125,True
cx0.1_mut0.05,0.1,0.05,test_8,7,14,756,36.939178246128044,35.27163828954901,60000,300,9.545545100001618,9.4375,True
cx0.1_mut0.05,0.1,0.05,test_8,7,15,757,45.418214458685206,43.88599724124272,60000,300,12.82427810000081,12.546875,True
cx0.1_mut0.05,0.1,0.05,test_8,7,16,758,42.34387903607914,40.598143359971445,60000,300,10.162731799999165,10.140625,True
cx0.1_mut0.05,0.1,0.05,test_8,7,17,759,36.114072897390336,34.40848573070643,60000,300,11.007367700000032,10.890625,True
cx0.1_mut0.05,0.1,0.05,test_8,7,18,760,31.891911108332064,30.438420712414295,60000,300,10.70632619999742,10.609375,True
cx0.1_mut0.05,0.1,0.05,test_8,7,19,761,32.28261291112132,30.529931472098152,60000,300,10.662704599999415,10.609375,True
cx0.1_mut0.05,0.1,0.05,test_9,8,0,842,42.29358957451226,40.79516621765784,60000,300,10.952914199999213,10.546875,True
cx0.1_mut0.05,0.1,0.05,test_9,8,1,843,43.28282460099583,41.930469584699274,60000,300,10.85142260000066,10.828125,True
cx0.1_mut0.05,0.1,0.05,test_9,8,2,844,41.27312612560406,40.02760401580947,60000,300,9.07072530000005,9.0,True
cx0.1_mut0.05,0.1,0.05,test_9,8,3,845,36.96897980155182,35.42794413633533,60000,300,10.937077999999019,10.90625,True
cx0.1_mut0.05,0.1,0.05,test_9,8,4,846,36.80452110617504,35.2943756445334,60000,300,9.83178400000179,9.78125,True
cx0.1_mut0.05,0.1,0.05,test_9,8,5,847,41.66516598677938,40.2612114705598,60000,300,10.621603499999765,10.546875,True
cx0.1_mut0.05,0.1,0.05,test_9,8,6,848,38.94866871623432,37.57809498052459,60000,300,8.762052199999744,8.15625,True
cx0.1_mut0.05,0.1,0.05,test_9,8,7,849,47.60342479698405,46.07606411639978,60000,300,11.672732099999848,11.53125,True
cx0.1_mut0.05,0.1,0.05,test_9,8,8,850,46.60562704650274,45.110107222794184,60000,300,10.691428199999791,10.5,True
cx0.1_mut0.05,0.1,0.05,test_9,8,9,851,36.75795788855251,35.29330186844811,60000,300,10.179067299999588,10.0625,True
cx0.1_mut0.05,0.1,0.05,test_9,8,10,852,37.93290661827477,36.243994199911754,60000,300,8.901170700002695,8.828125,True
cx0.1_mut0.05,0.1,0.05,test_9,8,11,853,40.967944310537625,39.48688526052441,60000,300,11.35547189999852,11.296875,True
cx0.1_mut0.05,0.1,0.05,test_9,8,12,854,47.35721199248286,45.79502564338009,60000,300,9.992190500001016,9.9375,True
cx0.1_mut0.05,0.1,0.05,test_9,8,13,855,38.326130294719604,36.680842634769625,60000,300,11.0761341000034,11.03125,True
cx0.1_mut0.05,0.1,0.05,test_9,8,14,856,33.42183582009425,31.920504921365097,60000,300,9.34649569999965,9.3125,True
cx0.1_mut0.05,0.1,0.05,test_9,8,15,857,41.29724086808232,39.49959596156301,60000,300,9.78161380000165,9.75,True
cx0.1_mut0.05,0.1,0.05,test_9,8,16,858,41.87691555933228,40.75628112151484,60000,300,11.632869299999584,11.40625,True
cx0.1_mut0.05,0.1,0.05,test_9,8,17,859,38.10995163864304,36.807138200996334,60000,300,9.269347299999936,9.203125,True
cx0.1_mut0.05,0.1,0.05,test_9,8,18,860,43.87997152054814,42.25925033207359,60000,300,10.278055299997504,9.90625,True
cx0.1_mut0.05,0.1,0.05,test_9,8,19,861,36.412430952906966,34.75940330837774,60000,300,11.793487700000696,11.34375,True
cx0.1_mut0.05,0.1,0.05,test_10,9,0,942,35.31237816209543,33.685876249169105,60000,300,10.531885100001091,9.78125,True
cx0.1_mut0.05,0.1,0.05,test_10,9,1,943,35.07892360180061,33.634109830588734,60000,300,12.351938699997845,11.9375,True
cx0.1_mut0.05,0.1,0.05,test_10,9,2,944,35.14472409332837,33.59319952960411,60000,300,13.271091500002512,12.8125,True
cx0.1_mut0.05,0.1,0.05,test_10,9,3,945,39.107923460911465,37.64912795849838,60000,300,10.553433900000528,10.390625,True
cx0.1_mut0.05,0.1,0.05,test_10,9,4,946,39.83362759275468,38.16858499193593,60000,300,10.144361900001968,9.921875,True
cx0.1_mut0.05,0.1,0.05,test_10,9,5,947,40.99092130173757,39.28639668380567,60000,300,14.538227600001846,14.140625,True
cx0.1_mut0.05,0.1,0.05,test_10,9,6,948,44.359879730083215,42.678400825842054,60000,300,9.064701700001024,8.921875,True
cx0.1_mut0.05,0.1,0.05,test_10,9,7,949,35.932604895407636,34.41387181955511,60000,300,10.658222199999727,10.546875,True
cx0.1_mut0.05,0.1,0.05,test_10,9,8,950,39.42628246244631,37.729422616282044,60000,300,10.06883850000304,9.78125,True
cx0.1_mut0.05,0.1,0.05,test_10,9,9,951,37.09051501870039,35.37509822148855,60000,300,10.571337199999107,10.4375,True
cx0.1_mut0.05,0.1,0.05,test_10,9,10,952,33.63831711459595,32.227141704150185,60000,300,10.616079100000206,9.65625,True
cx0.1_mut0.05,0.1,0.05,test_10,9,11,953,43.393972228062964,41.854773592199415,60000,300,11.74080529999992,11.484375,True
cx0.1_mut0.05,0.1,0.05,test_10,9,12,954,36.98856489155077,35.41270853379445,60000,300,11.564276000000973,11.03125,True
cx0.1_mut0.05,0.1,0.05,test_10,9,13,955,44.71933203994491,42.7908888038298,60000,300,11.90419010000187,11.109375,True
cx0.1_mut0.05,0.1,0.05,test_10,9,14,956,43.429183895162986,41.706673910838845,60000,300,9.276550999999017,9.171875,True
cx0.1_mut0.05,0.1,0.05,test_10,9,15,957,34.71657120916794,33.24300595891568,60000,300,10.30578389999937,10.25,True
cx0.1_mut0.05,0.1,0.05,test_10,9,16,958,31.816169259135275,30.372174106970363,60000,300,10.642900099999679,9.953125,True
cx0.1_mut0.05,0.1,0.05,test_10,9,17,959,38.767911491351114,37.37050671813255,60000,300,12.742169799999829,12.0625,True
cx0.1_mut0.05,0.1,0.05,test_10,9,18,960,37.81091526551616,35.911727693743956,60000,300,12.027741799996875,11.40625,True
cx0.1_mut0.05,0.1,0.05,test_10,9,19,961,31.864602787524447,30.28740597379649,60000,300,11.621728999998595,11.171875,True
cx0.1_mut0.1,0.1,0.1,test_1,0,0,42,37.827644421357306,36.11230538918614,60000,300,8.568359000000783,8.0625,True
cx0.1_mut0.1,0.1,0.1,test_1,0,1,43,40.95421290161875,39.32117653851475,60000,300,8.25495509999746,7.890625,True
cx0.1_mut0.1,0.1,0.1,test_1,0,2,44,35.93370043475134,34.60059964719726,60000,300,7.588187900000776,7.328125,True
cx0.1_mut0.1,0.1,0.1,test_1,0,3,45,37.498912501518284,35.62874718844219,60000,300,7.795610000001034,7.625,True
cx0.1_mut0.1,0.1,0.1,test_1,0,4,46,42.714021876210644,41.235840623736344,60000,300,7.711633800001437,7.546875,True
cx0.1_mut0.1,0.1,0.1,test_1,0,5,47,35.13278899555428,33.637366135821175,60000,300,8.110187300000689,7.890625,True
cx0.1_mut0.1,0.1,0.1,test_1,0,6,48,44.305490282056496,42.750008049029965,60000,300,9.660107799998514,9.546875,True
cx0.1_mut0.1,0.1,0.1,test_1,0,7,49,44.0537893363609,42.69401565835696,60000,300,9.357734500001243,9.234375,True
cx0.1_mut0.1,0.1,0.1,test_1,0,8,50,45.326663659837095,43.794367943774965,60000,300,7.344703099999606,7.3125,True
cx0.1_mut0.1,0.1,0.1,test_1,0,9,51,44.56289419144482,42.61129026683612,60000,300,8.541479700001219,8.421875,True
cx0.1_mut0.1,0.1,0.1,test_1,0,10,52,44.17488095988011,42.513433645417514,60000,300,8.71126970000114,8.703125,True
cx0.1_mut0.1,0.1,0.1,test_1,0,11,53,44.05716765317173,42.579044754505965,60000,300,7.412256399999023,7.359375,True
cx0.1_mut0.1,0.1,0.1,test_1,0,12,54,37.256218142879675,35.62790987524043,60000,300,7.987528100002237,7.953125,True
cx0.1_mut0.1,0.1,0.1,test_1,0,13,55,40.06513878017218,38.82238346525844,60000,300,8.083098199997039,8.0625,True
cx0.1_mut0.1,0.1,0.1,test_1,0,14,56,43.649194053674584,42.16690635140559,60000,300,10.073017999999138,9.9375,True
cx0.1_mut0.1,0.1,0.1,test_1,0,15,57,41.53084761239291,39.58546650746355,60000,300,8.381963600000745,8.3125,True
cx0.1_mut0.1,0.1,0.1,test_1,0,16,58,42.89625579344562,41.326109730953064,60000,300,8.552581800002372,8.46875,True
cx0.1_mut0.1,0.1,0.1,test_1,0,17,59,44.13453916705337,42.714963576553465,60000,300,7.787354499996582,7.703125,True
cx0.1_mut0.1,0.1,0.1,test_1,0,18,60,48.7190684650058,47.18863796917192,60000,300,7.631274200000917,7.625,True
cx0.1_mut0.1,0.1,0.1,test_1,0,19,61,42.0976992710715,40.584026478579354,60000,300,7.617224099998566,7.578125,True
cx0.1_mut0.1,0.1,0.1,test_2,1,0,142,42.681358956539825,41.26133613944528,60000,300,7.508667400001286,7.359375,True
cx0.1_mut0.1,0.1,0.1,test_2,1,1,143,35.31680122044806,33.837130474595675,60000,300,8.112003300000652,8.0,True
cx0.1_mut0.1,0.1,0.1,test_2,1,2,144,29.91874284136333,28.593440990886673,60000,300,8.879730600001494,8.796875,True
cx0.1_mut0.1,0.1,0.1,test_2,1,3,145,36.0362844217836,34.396253006433135,60000,300,10.431372300001385,10.203125,True
cx0.1_mut0.1,0.1,0.1,test_2,1,4,146,34.461553819257716,33.11205318321888,60000,300,8.7414718,8.65625,True
cx0.1_mut0.1,0.1,0.1,test_2,1,5,147,35.936767250859326,34.2895312721151,60000,300,9.029350000000704,8.9375,True
cx0.1_mut0.1,0.1,0.1,test_2,1,6,148,37.34477451614325,35.38447558812182,60000,300,10.106027199999517,10.0625,True
cx0.1_mut0.1,0.1,0.1,test_2,1,7,149,35.33464902184943,33.822404080941254,60000,300,8.50677799999903,8.390625,True
cx0.1_mut0.1,0.1,0.1,test_2,1,8,150,30.29151826104874,28.75049455508529,60000,300,8.225311900001543,8.1875,True
cx0.1_mut0.1,0.1,0.1,test_2,1,9,151,33.850477560932354,32.27076571296035,60000,300,7.281462900002225,7.234375,True
cx0.1_mut0.1,0.1,0.1,test_2,1,10,152,33.8844869020885,32.255839947460984,60000,300,9.271174900000915,9.171875,True
cx0.1_mut0.1,0.1,0.1,test_2,1,11,153,34.15687886050975,32.863860652691095,60000,300,7.3965489999973215,7.28125,True
cx0.1_mut0.1,0.1,0.1,test_2,1,12,154,35.00005450598115,33.30398945571921,60000,300,8.497450000002573,8.421875,True
cx0.1_mut0.1,0.1,0.1,test_2,1,13,155,39.484137732947815,37.702349464974574,60000,300,8.771645699998771,8.75,True
cx0.1_mut0.1,0.1,0.1,test_2,1,14,156,32.768864637688324,30.839841846022317,60000,300,7.35475790000055,7.34375,True
cx0.1_mut0.1,0.1,0.1,test_2,1,15,157,32.00655287181935,30.693509114938333,60000,300,8.494604499999696,8.484375,True
cx0.1_mut0.1,0.1,0.1,test_2,1,16,158,38.21273412239739,36.63763495192866,60000,300,10.085744600000908,9.734375,True
cx0.1_mut0.1,0.1,0.1,test_2,1,17,159,33.77118106961319,32.42409340247362,60000,300,10.974352499997622,10.453125,True
cx0.1_mut0.1,0.1,0.1,test_2,1,18,160,35.290657743130225,33.7412483913296,60000,300,8.17611549999856,7.859375,True
cx0.1_mut0.1,0.1,0.1,test_2,1,19,161,37.93659210706522,36.5812507996267,60000,300,9.037661999998818,8.8125,True
cx0.1_mut0.1,0.1,0.1,test_3,2,0,242,39.687885930502055,37.988938897540464,60000,300,8.424753399998735,8.1875,True
cx0.1_mut0.1,0.1,0.1,test_3,2,1,243,33.59295497112219,32.07788946078458,60000,300,11.401937200000248,11.03125,True
cx0.1_mut0.1,0.1,0.1,test_3,2,2,244,40.35720560310891,38.62708449108047,60000,300,7.989228300000832,7.875,True
cx0.1_mut0.1,0.1,0.1,test_3,2,3,245,38.031217994350634,36.3513420477988,60000,300,10.096209499999532,9.921875,True
cx0.1_mut0.1,0.1,0.1,test_3,2,4,246,32.494505153531044,30.748732739944433,60000,300,12.622874200002116,12.328125,True
cx0.1_mut0.1,0.1,0.1,test_3,2,5,247,32.03915510439388,30.659726039403267,60000,300,9.65287570000146,9.453125,True
cx0.1_mut0.1,0.1,0.1,test_3,2,6,248,34.92393238502439,33.67200968789967,60000,300,10.919384799999534,10.578125,True
cx0.1_mut0.1,0.1,0.1,test_3,2,7,249,33.60834920145948,31.9905733817567,60000,300,8.951040100000682,8.65625,True
cx0.1_mut0.1,0.1,0.1,test_3,2,8,250,42.75571878454341,40.91683067954959,60000,300,14.437196999999287,13.015625,True
cx0.1_mut0.1,0.1,0.1,test_3,2,9,251,37.53787696885029,35.84348164245357,60000,300,11.492985500000941,11.203125,True
cx0.1_mut0.1,0.1,0.1,test_3,2,10,252,35.36207085097899,33.713859980238006,60000,300,10.163688799999363,9.90625,True
cx0.1_mut0.1,0.1,0.1,test_3,2,11,253,39.701118604739584,38.18240263037235,60000,300,8.44107200000144,8.34375,True
cx0.1_mut0.1,0.1,0.1,test_3,2,12,254,36.379699075498365,34.59245225905144,60000,300,10.223708800000168,9.890625,True
cx0.1_mut0.1,0.1,0.1,test_3,2,13,255,42.88703547325224,40.83981087312247,60000,300,9.985111300000426,9.953125,True
cx0.1_mut0.1,0.1,0.1,test_3,2,14,256,31.550561586260713,29.947061173846556,60000,300,10.842552099999011,10.71875,True
cx0.1_mut0.1,0.1,0.1,test_3,2,15,257,37.01231543224187,34.87769283074711,60000,300,11.751199800000904,11.59375,True
cx0.1_mut0.1,0.1,0.1,test_3,2,16,258,41.683486753640366,40.20213734835028,60000,300,11.80385810000007,11.34375,True
cx0.1_mut0.1,0.1,0.1,test_3,2,17,259,36.20183565270862,34.28384975658178,60000,300,10.598793000001024,10.453125,True
cx0.1_mut0.1,0.1,0.1,test_3,2,18,260,31.507029392344126,29.85611932465561,60000,300,10.66604179999922,10.375,True
cx0.1_mut0.1,0.1,0.1,test_3,2,19,261,40.55810748346472,38.880845259227485,60000,300,9.370289599999523,9.28125,True
cx0.1_mut0.1,0.1,0.1,test_4,3,0,342,30.832938617896772,29.401370879469198,60000,300,11.56841759999952,11.421875,True
cx0.1_mut0.1,0.1,0.1,test_4,3,1,343,33.0048150215328,31.67520402025412,60000,300,9.264990599996963,9.171875,True
cx0.1_mut0.1,0.1,0.1,test_4,3,2,344,35.495054625590164,34.14861672515303,60000,300,10.705941000000166,10.671875,True
cx0.1_mut0.1,0.1,0.1,test_4,3,3,345,31.132322648307948,29.52486472968963,60000,300,8.63629629999923,8.5625,True
cx0.1_mut0.1,0.1,0.1,test_4,3,4,346,26.567810593698095,25.10713654479014,60000,300,10.160067199998593,9.90625,True
cx0.1_mut0.1,0.1,0.1,test_4,3,5,347,26.874101951677094,25.540995405797123,60000,300,9.969252400002006,9.859375,True
cx0.1_mut0.1,0.1,0.1,test_4,3,6,348,35.0150031302657,33.37962091311516,60000,300,10.987392500002898,10.921875,True
cx0.1_mut0.1,0.1,0.1,test_4,3,7,349,43.232897021944595,41.8325977366168,60000,300,9.876226200001838,9.75,True
cx0.1_mut0.1,0.1,0.1,test_4,3,8,350,25.58220495533327,24.282799290441012,60000,300,11.075978799999575,10.34375,True
cx0.1_mut0.1,0.1,0.1,test_4,3,9,351,30.903846095965594,29.334317686369392,60000,300,9.042222800002492,8.921875,True
cx0.1_mut0.1,0.1,0.1,test_4,3,10,352,28.80290952120948,27.53154572062538,60000,300,12.055457800001022,11.625,True
cx0.1_mut0.1,0.1,0.1,test_4,3,11,353,40.116039251646306,38.513356262423954,60000,300,10.914262999998755,10.796875,True
cx0.1_mut0.1,0.1,0.1,test_4,3,12,354,28.174457275252287,26.604354179024398,60000,300,9.769335099997988,9.421875,True
cx0.1_mut0.1,0.1,0.1,test_4,3,13,355,32.02904313567184,30.54710647316346,60000,300,9.749326300003304,9.53125,True
cx0.1_mut0.1,0.1,0.1,test_4,3,14,356,36.117428006482925,34.651454645177736,60000,300,11.147424500002671,10.84375,True
cx0.1_mut0.1,0.1,0.1,test_4,3,15,357,31.767091551023096,30.48554962599966,60000,300,9.218821899998147,9.09375,True
cx0.1_mut0.1,0.1,0.1,test_4,3,16,358,34.177999793645355,32.82502777426547,60000,300,11.183506000001216,10.734375,True
cx0.1_mut0.1,0.1,0.1,test_4,3,17,359,30.294719120976897,28.92483406977557,60000,300,10.61092749999807,10.484375,True
cx0.1_mut0.1,0.1,0.1,test_4,3,18,360,32.80660769409686,31.476030409441112,60000,300,9.48516649999874,9.390625,True
cx0.1_mut0.1,0.1,0.1,test_4,3,19,361,29.487635603843998,28.167524741278417,60000,300,9.797090000000026,9.640625,True
cx0.1_mut0.1,0.1,0.1,test_5,4,0,442,36.9885687952246,35.476603748366045,60000,300,9.170817399997759,9.03125,True
cx0.1_mut0.1,0.1,0.1,test_5,4,1,443,42.63191195088645,40.93877413846614,60000,300,10.27264869999999,10.171875,True
cx0.1_mut0.1,0.1,0.1,test_5,4,2,444,36.426696081413034,34.986232480592115,60000,300,9.961538600000495,9.78125,True
cx0.1_mut0.1,0.1,0.1,test_5,4,3,445,43.11926001535425,41.41945832979938,60000,300,11.39524910000182,11.296875,True
cx0.1_mut0.1,0.1,0.1,test_5,4,4,446,44.997707954850966,43.350051254249365,60000,300,11.270318300001236,11.03125,True
cx0.1_mut0.1,0.1,0.1,test_5,4,5,447,44.02800510085177,42.491965147514854,60000,300,11.266591399999015,11.046875,True
cx0.1_mut0.1,0.1,0.1,test_5,4,6,448,38.19662424819092,36.767098918862224,60000,300,11.499568899998849,11.25,True
cx0.1_mut0.1,0.1,0.1,test_5,4,7,449,47.05879010017256,45.43234999775081,60000,300,9.77728550000029,9.625,True
cx0.1_mut0.1,0.1,0.1,test_5,4,8,450,40.03976964042795,38.3255879524872,60000,300,11.780867299999954,11.59375,True
cx0.1_mut0.1,0.1,0.1,test_5,4,9,451,38.52552651489394,37.05382012545175,60000,300,9.121013399999356,8.65625,True
cx0.1_mut0.1,0.1,0.1,test_5,4,10,452,43.220651576777726,41.87187628658576,60000,300,11.026585999999952,10.90625,True
cx0.1_mut0.1,0.1,0.1,test_5,4,11,453,44.7843441287703,42.85184326676648,60000,300,9.800933400001668,9.484375,True
cx0.1_mut0.1,0.1,0.1,test_5,4,12,454,40.87740619090614,39.060698706315485,60000,300,9.954832200000965,9.71875,True
cx0.1_mut0.1,0.1,0.1,test_5,4,13,455,39.64369630842896,38.036240155582455,60000,300,9.084968800001661,8.84375,True
cx0.1_mut0.1,0.1,0.1,test_5,4,14,456,35.989483261414684,34.2822470219385,60000,300,10.243353300000308,9.890625,True
cx0.1_mut0.1,0.1,0.1,test_5,4,15,457,43.7870924893026,42.19828905755198,60000,300,10.739880699999048,10.296875,True
cx0.1_mut0.1,0.1,0.1,test_5,4,16,458,38.646157433417926,36.98761787487275,60000,300,11.563485700000456,11.15625,True
cx0.1_mut0.1,0.1,0.1,test_5,4,17,459,40.908627885693576,39.46691700634836,60000,300,9.28831259999788,8.828125,True
cx0.1_mut0.1,0.1,0.1,test_5,4,18,460,39.263078427232315,37.8301753583456,60000,300,10.897182000000612,10.234375,True
cx0.1_mut0.1,0.1,0.1,test_5,4,19,461,46.82176825508409,45.08887974120654,60000,300,12.222773500001495,11.34375,True
cx0.1_mut0.1,0.1,0.1,test_6,5,0,542,39.94055921001675,38.38002155440383,60000,300,11.65212750000137,11.296875,True
cx0.1_mut0.1,0.1,0.1,test_6,5,1,543,39.59932499650132,37.92885118236916,60000,300,8.710417899997992,8.53125,True
cx0.1_mut0.1,0.1,0.1,test_6,5,2,544,34.483222939563966,33.062040274700315,60000,300,9.080012200000056,8.890625,True
cx0.1_mut0.1,0.1,0.1,test_6,5,3,545,37.8029496672481,36.09806172568605,60000,300,13.438671700001578,12.5625,True
cx0.1_mut0.1,0.1,0.1,test_6,5,4,546,41.02809249699368,39.383313724595396,60000,300,11.559620500000165,11.15625,True
cx0.1_mut0.1,0.1,0.1,test_6,5,5,547,39.77811126964976,38.27663336001137,60000,300,10.288759400002164,9.671875,True
cx0.1_mut0.1,0.1,0.1,test_6,5,6,548,42.50898678495724,41.07365714264887,60000,300,11.924234099999012,11.4375,True
cx0.1_mut0.1,0.1,0.1,test_6,5,7,549,36.41784872638857,34.668892117396204,60000,300,13.805734500001563,13.0,True
cx0.1_mut0.1,0.1,0.1,test_6,5,8,550,39.66270323509631,38.04827020663097,60000,300,13.317229599997518,12.96875,True
cx0.1_mut0.1,0.1,0.1,test_6,5,9,551,35.55673368431055,34.01621383926631,60000,300,12.620957099999941,11.609375,True
cx0.1_mut0.1,0.1,0.1,test_6,5,10,552,35.91571258495315,34.58186293336804,60000,300,9.543862700000318,9.171875,True
cx0.1_mut0.1,0.1,0.1,test_6,5,11,553,35.38427616084161,33.82213205137204,60000,300,12.493796899998415,12.203125,True
cx0.1_mut0.1,0.1,0.1,test_6,5,12,554,38.131986966730786,36.29662445107847,60000,300,12.560387899997295,12.21875,True
cx0.1_mut0.1,0.1,0.1,test_6,5,13,555,39.57016720535563,38.123484386478324,60000,300,12.202068099999451,11.921875,True
cx0.1_mut0.1,0.1,0.1,test_6,5,14,556,32.59469884151225,30.852884925500895,60000,300,12.597548699999606,12.265625,True
cx0.1_mut0.1,0.1,0.1,test_6,5,15,557,46.96119749719291,45.55037419639983,60000,300,8.777074200002971,8.671875,True
cx0.1_mut0.1,0.1,0.1,test_6,5,16,558,42.9795297700491,41.09010954254838,60000,300,10.180174699999043,10.015625,True
cx0.1_mut0.1,0.1,0.1,test_6,5,17,559,36.88789340628572,35.29267968920886,60000,300,12.805175500001496,12.578125,True
cx0.1_mut0.1,0.1,0.1,test_6,5,18,560,32.84153458054091,31.1707064848748,60000,300,10.510564000000159,10.125,True
cx0.1_mut0.1,0.1,0.1,test_6,5,19,561,33.83479072605901,32.3255690653931,60000,300,10.399676700002601,10.171875,True
cx0.1_mut0.1,0.1,0.1,test_7,6,0,642,39.30964704500024,37.7377122471148,60000,300,8.640200099998765,8.53125,True
cx0.1_mut0.1,0.1,0.1,test_7,6,1,643,36.898735604374444,35.176931108752356,60000,300,9.222873300001083,9.0625,True
cx0.1_mut0.1,0.1,0.1,test_7,6,2,644,37.55446579123134,35.62157554717943,60000,300,13.32696809999834,12.890625,True
cx0.1_mut0.1,0.1,0.1,test_7,6,3,645,28.66235907479039,27.036916374727298,60000,300,8.9491237000002,8.8125,True
cx0.1_mut0.1,0.1,0.1,test_7,6,4,646,30.801973382830266,29.23480786049958,60000,300,11.028827699999965,10.78125,True
cx0.1_mut0.1,0.1,0.1,test_7,6,5,647,41.37623633620941,39.79271330988317,60000,300,11.87657820000095,11.625,True
cx0.1_mut0.1,0.1,0.1,test_7,6,6,648,34.58405125760821,32.983496453924225,60000,300,11.104847999999038,10.875,True
cx0.1_mut0.1,0.1,0.1,test_7,6,7,649,35.29975221723455,33.869807372210296,60000,300,10.387142999999924,10.171875,True
cx0.1_mut0.1,0.1,0.1,test_7,6,8,650,39.196999260220466,37.68168051786116,60000,300,9.271906699999818,8.921875,True
cx0.1_mut0.1,0.1,0.1,test_7,6,9,651,34.54173718381737,32.933414608603506,60000,300,10.80899589999899,10.5625,True
cx0.1_mut0.1,0.1,0.1,test_7,6,10,652,36.533915323614764,34.62849891309154,60000,300,10.246810199998436,10.03125,True
cx0.1_mut0.1,0.1,0.1,test_7,6,11,653,38.21569148718487,36.40338569643075,60000,300,11.225357799998164,10.734375,True
cx0.1_mut0.1,0.1,0.1,test_7,6,12,654,37.47891372879826,35.98507726495521,60000,300,11.352841899999476,11.0,True
cx0.1_mut0.1,0.1,0.1,test_7,6,13,655,31.267011766756774,29.617977898561865,60000,300,10.606715199999599,10.4375,True
cx0.1_mut0.1,0.1,0.1,test_7,6,14,656,33.42734699075836,31.716848879225683,60000,300,10.447842900000978,10.375,True
cx0.1_mut0.1,0.1,0.1,test_7,6,15,657,39.687329009815,37.97941853775524,60000,300,10.196306099998765,10.046875,True
cx0.1_mut0.1,0.1,0.1,test_7,6,16,658,30.782621332373722,29.045843652789344,60000,300,9.407220100001723,9.265625,True
cx0.1_mut0.1,0.1,0.1,test_7,6,17,659,36.93901255657886,35.31972891337138,60000,300,9.17108780000126,9.09375,True
cx0.1_mut0.1,0.1,0.1,test_7,6,18,660,31.771573875381897,30.109290610709664,60000,300,11.299365499999112,11.015625,True
cx0.1_mut0.1,0.1,0.1,test_7,6,19,661,32.37104532191148,30.887337664557048,60000,300,11.644382700000278,11.421875,True
cx0.1_mut0.1,0.1,0.1,test_8,7,0,742,34.60206997875534,32.80675136525499,60000,300,10.006207899998117,9.75,True
cx0.1_mut0.1,0.1,0.1,test_8,7,1,743,32.974672314001864,30.974270087522793,60000,300,12.36895679999725,11.9375,True
cx0.1_mut0.1,0.1,0.1,test_8,7,2,744,39.64869805982962,37.898571370410295,60000,300,10.04295110000021,9.875,True
cx0.1_mut0.1,0.1,0.1,test_8,7,3,745,37.88360657706456,36.35494953731738,60000,300,10.422370899999805,10.21875,True
cx0.1_mut0.1,0.1,0.1,test_8,7,4,746,36.270835423535175,34.68832245005598,60000,300,12.590054600001167,12.375,True
cx0.1_mut0.1,0.1,0.1,test_8,7,5,747,33.620867148150154,32.26060035882958,60000,300,10.637557400001242,10.21875,True
cx0.1_mut0.1,0.1,0.1,test_8,7,6,748,35.63395100942237,33.908286819858844,60000,300,10.816535300000396,10.46875,True
cx0.1_mut0.1,0.1,0.1,test_8,7,7,749,39.808498592581394,38.047519294691945,60000,300,10.793963999996777,10.53125,True
cx0.1_mut0.1,0.1,0.1,test_8,7,8,750,32.383787340206595,30.857397445026734,60000,300,12.467391899997892,12.21875,True
cx0.1_mut0.1,0.1,0.1,test_8,7,9,751,36.169929042324135,34.831158156157194,60000,300,9.558418200002052,9.28125,True
cx0.1_mut0.1,0.1,0.1,test_8,7,10,752,38.378595557264184,36.701054587721806,60000,300,9.554003600002034,9.25,True
cx0.1_mut0.1,0.1,0.1,test_8,7,11,753,38.840685351814294,37.39030545430976,60000,300,9.284670800003369,8.96875,True
cx0.1_mut0.1,0.1,0.1,test_8,7,12,754,34.65499528760989,33.080393181020526,60000,300,9.40776569999798,9.1875,True
cx0.1_mut0.1,0.1,0.1,test_8,7,13,755,36.69021234442012,34.848573164151276,60000,300,12.947369100002106,12.734375,True
cx0.1_mut0.1,0.1,0.1,test_8,7,14,756,44.02884952411451,42.12939548114217,60000,300,10.59291310000117,10.484375,True
cx0.1_mut0.1,0.1,0.1,test_8,7,15,757,41.6218641714931,40.1455806063887,60000,300,12.972557699999015,12.734375,True
cx0.1_mut0.1,0.1,0.1,test_8,7,16,758,34.79586179996091,33.39509772380995,60000,300,8.208579699999973,8.1875,True
cx0.1_mut0.1,0.1,0.1,test_8,7,17,759,38.53932437683923,36.64610909850548,60000,300,11.53962219999812,11.359375,True
cx0.1_mut0.1,0.1,0.1,test_8,7,18,760,38.23670621159674,36.58225868775956,60000,300,10.981392999998207,10.921875,True
cx0.1_mut0.1,0.1,0.1,test_8,7,19,761,34.498037976301994,33.106131926897305,60000,300,10.258296600000904,10.140625,True
cx0.1_mut0.1,0.1,0.1,test_9,8,0,842,39.56373626875094,38.269055480187504,60000,300,8.246677300001465,8.15625,True
cx0.1_mut0.1,0.1,0.1,test_9,8,1,843,39.319094067769214,38.008454071037306,60000,300,8.433967900000425,8.34375,True
cx0.1_mut0.1,0.1,0.1,test_9,8,2,844,38.043306697636716,36.63983284367663,60000,300,9.834082400000625,9.78125,True
cx0.1_mut0.1,0.1,0.1,test_9,8,3,845,36.60939344260144,35.06967420031436,60000,300,8.535539100001188,8.515625,True
cx0.1_mut0.1,0.1,0.1,test_9,8,4,846,41.7141392294983,40.278508949277054,60000,300,10.891645899999276,10.765625,True
cx0.1_mut0.1,0.1,0.1,test_9,8,5,847,39.50880511820189,37.96310543182759,60000,300,10.067361000001256,10.03125,True
cx0.1_mut0.1,0.1,0.1,test_9,8,6,848,38.969076105793675,37.43126775568652,60000,300,9.55984829999943,8.984375,True
cx0.1_mut0.1,0.1,0.1,test_9,8,7,849,39.593311451295385,38.30052811639668,60000,300,9.362707999996928,9.296875,True
cx0.1_mut0.1,0.1,0.1,test_9,8,8,850,42.078904944466835,40.33409170373213,60000,300,9.606374700000742,9.515625,True
cx0.1_mut0.1,0.1,0.1,test_9,8,9,851,36.11906205102988,34.57702602553754,60000,300,10.59461580000061,10.515625,True
cx0.1_mut0.1,0.1,0.1,test_9,8,10,852,38.57038421316812,37.08522517599215,60000,300,9.55974260000221,9.484375,True
cx0.1_mut0.1,0.1,0.1,test_9,8,11,853,40.244948886787824,38.439438925321,60000,300,9.316341199999442,9.296875,True
cx0.1_mut0.1,0.1,0.1,test_9,8,12,854,33.96146248371338,32.30320926737718,60000,300,9.574014599998918,9.546875,True
cx0.1_mut0.1,0.1,0.1,test_9,8,13,855,37.655247977844496,36.076650116377245,60000,300,10.505739500000345,10.453125,True
cx0.1_mut0.1,0.1,0.1,test_9,8,14,856,34.494619169354294,32.74877641583705,60000,300,11.012468199998693,10.890625,True
cx0.1_mut0.1,0.1,0.1,test_9,8,15,857,34.72760835205993,33.15405583548391,60000,300,9.957392899999832,9.921875,True
cx0.1_mut0.1,0.1,0.1,test_9,8,16,858,39.6194511586972,38.1837291772503,60000,300,9.340884700002789,9.28125,True
cx0.1_mut0.1,0.1,0.1,test_9,8,17,859,37.51462102645677,35.879302584740714,60000,300,9.67707469999732,9.59375,True
cx0.1_mut0.1,0.1,0.1,test_9,8,18,860,46.65876859504128,45.15438352664245,60000,300,13.451731000001018,13.015625,True
cx0.1_mut0.1,0.1,0.1,test_9,8,19,861,37.45915696307343,36.24792717070096,60000,300,10.939481299999898,10.484375,True
cx0.1_mut0.1,0.1,0.1,test_10,9,0,942,29.62695341434648,28.259517213660942,60000,300,11.345811900002445,10.203125,True
cx0.1_mut0.1,0.1,0.1,test_10,9,1,943,38.73129955897909,37.06970398417792,60000,300,9.673359199998231,9.34375,True
cx0.1_mut0.1,0.1,0.1,test_10,9,2,944,39.72551509575138,38.15469612077774,60000,300,10.13611260000107,9.796875,True
cx0.1_mut0.1,0.1,0.1,test_10,9,3,945,37.17888622107045,35.63558863215405,60000,300,8.375541800000065,8.265625,True
cx0.1_mut0.1,0.1,0.1,test_10,9,4,946,38.08924253270456,36.268714017955695,60000,300,10.077185099999042,9.75,True
cx0.1_mut0.1,0.1,0.1,test_10,9,5,947,41.397835638789545,39.57987461063451,60000,300,11.28416659999857,10.796875,True
cx0.1_mut0.1,0.1,0.1,test_10,9,6,948,40.132803789018844,38.565831598624705,60000,300,9.144738099999813,9.03125,True
cx0.1_mut0.1,0.1,0.1,test_10,9,7,949,36.7343201609093,35.281730540958385,60000,300,10.193842000000586,10.0,True
cx0.1_mut0.1,0.1,0.1,test_10,9,8,950,35.46304008414807,33.85304343741835,60000,300,10.86535069999809,10.46875,True
cx0.1_mut0.1,0.1,0.1,test_10,9,9,951,39.053696685702064,37.2223644635501,60000,300,9.86303179999959,9.5625,True
cx0.1_mut0.1,0.1,0.1,test_10,9,10,952,37.040811423280026,35.50549665088619,60000,300,10.053866700000071,9.125,True
cx0.1_mut0.1,0.1,0.1,test_10,9,11,953,40.11014459634189,38.85520719145721,60000,300,9.95344810000097,9.671875,True
cx0.1_mut0.1,0.1,0.1,test_10,9,12,954,42.831500440603065,41.30110243361114,60000,300,9.780530899999576,9.390625,True
cx0.1_mut0.1,0.1,0.1,test_10,9,13,955,41.41756801797505,39.48942188866705,60000,300,9.723335700000462,9.09375,True
cx0.1_mut0.1,0.1,0.1,test_10,9,14,956,41.09984975533895,39.67798014299818,60000,300,10.706798800001707,10.640625,True
cx0.1_mut0.1,0.1,0.1,test_10,9,15,957,33.330205498595056,31.804385887461127,60000,300,8.85179000000062,8.796875,True
cx0.1_mut0.1,0.1,0.1,test_10,9,16,958,35.849010215627835,34.543498418259745,60000,300,9.783053899998777,8.96875,True
cx0.1_mut0.1,0.1,0.1,test_10,9,17,959,36.57586382528262,35.11484401469077,60000,300,9.588754100001097,9.203125,True
cx0.1_mut0.1,0.1,0.1,test_10,9,18,960,34.713666776779924,32.75149670905674,60000,300,10.293295799998305,9.796875,True
cx0.1_mut0.1,0.1,0.1,test_10,9,19,961,31.08287547831878,29.430219694343844,60000,300,11.023389300000417,10.65625,True
cx0.1_mut0.2,0.1,0.2,test_1,0,0,42,39.10762253463201,37.565731601481346,60000,300,7.833525699999882,7.28125,True
cx0.1_mut0.2,0.1,0.2,test_1,0,1,43,40.75381398565997,39.161794772451636,60000,300,8.157261699998344,7.796875,True
cx0.1_mut0.2,0.1,0.2,test_1,0,2,44,34.31438529345409,32.83510831844732,60000,300,7.748483100000158,7.5,True
cx0.1_mut0.2,0.1,0.2,test_1,0,3,45,43.16641366543335,41.48450108779255,60000,300,9.340072300001339,9.140625,True
cx0.1_mut0.2,0.1,0.2,test_1,0,4,46,41.07466971771407,39.629207952225805,60000,300,7.352791799999977,7.3125,True
cx0.1_mut0.2,0.1,0.2,test_1,0,5,47,41.766910349630706,40.17820254065222,60000,300,8.15747249999913,8.015625,True
cx0.1_mut0.2,0.1,0.2,test_1,0,6,48,47.0442045593962,45.309163206625115,60000,300,7.751230099998793,7.71875,True
cx0.1_mut0.2,0.1,0.2,test_1,0,7,49,44.34702175398775,42.88649821666477,60000,300,8.490018599997711,8.40625,True
cx0.1_mut0.2,0.1,0.2,test_1,0,8,50,33.07487924772625,31.755434656801082,60000,300,8.34739669999908,8.296875,True
cx0.1_mut0.2,0.1,0.2,test_1,0,9,51,40.048663921895816,38.193313110634506,60000,300,8.196713799999998,8.046875,True
cx0.1_mut0.2,0.1,0.2,test_1,0,10,52,36.99703486870107,35.42932611552471,60000,300,7.620893399998749,7.53125,True
cx0.1_mut0.2,0.1,0.2,test_1,0,11,53,44.34818581503706,42.70905386235328,60000,300,8.231116899998597,8.171875,True
cx0.1_mut0.2,0.1,0.2,test_1,0,12,54,38.20810289097949,36.649069043977825,60000,300,7.783115399997769,7.703125,True
cx0.1_mut0.2,0.1,0.2,test_1,0,13,55,38.37682515973983,36.78320032898155,60000,300,7.422160799997073,7.390625,True
cx0.1_mut0.2,0.1,0.2,test_1,0,14,56,42.31817601217641,40.27128941970605,60000,300,8.97852899999998,8.890625,True
cx0.1_mut0.2,0.1,0.2,test_1,0,15,57,44.592561785400704,42.741756834494,60000,300,7.216917800000374,7.140625,True
cx0.1_mut0.2,0.1,0.2,test_1,0,16,58,39.37549864967037,37.97488240742337,60000,300,8.113267300002917,8.078125,True
cx0.1_mut0.2,0.1,0.2,test_1,0,17,59,49.785092331541115,47.86355975492058,60000,300,7.695202599999902,7.625,True
cx0.1_mut0.2,0.1,0.2,test_1,0,18,60,46.75462683812428,45.38331255832276,60000,300,7.13930800000162,7.109375,True
cx0.1_mut0.2,0.1,0.2,test_1,0,19,61,47.28542138693005,45.85389631199525,60000,300,7.7202999000001,7.65625,True
cx0.1_mut0.2,0.1,0.2,test_2,1,0,142,40.8813817927557,39.50401246776908,60000,300,8.033558700000867,7.890625,True
cx0.1_mut0.2,0.1,0.2,test_2,1,1,143,36.6089662181115,35.10502538126802,60000,300,8.007939499999338,8.0,True
cx0.1_mut0.2,0.1,0.2,test_2,1,2,144,34.63989213145769,32.89824387352276,60000,300,7.972387800000433,7.859375,True
cx0.1_mut0.2,0.1,0.2,test_2,1,3,145,36.43711620229378,34.71806625845084,60000,300,6.883280599999125,6.75,True
cx0.1_mut0.2,0.1,0.2,test_2,1,4,146,40.87711598290866,39.26071567191238,60000,300,7.568875699998898,7.515625,True
cx0.1_mut0.2,0.1,0.2,test_2,1,5,147,34.022979683358614,32.395071486376025,60000,300,7.307021500000701,7.21875,True
cx0.1_mut0.2,0.1,0.2,test_2,1,6,148,34.23826379264807,32.552074364799985,60000,300,8.439419599999383,8.34375,True
cx0.1_mut0.2,0.1,0.2,test_2,1,7,149,35.00797075467588,33.632607353843476,60000,300,6.394245799998316,6.3125,True
cx0.1_mut0.2,0.1,0.2,test_2,1,8,150,36.669785537469906,35.0910853251218,60000,300,8.44785899999988,8.296875,True
cx0.1_mut0.2,0.1,0.2,test_2,1,9,151,34.015415785378565,32.572580178109085,60000,300,7.881359799997881,7.78125,True
cx0.1_mut0.2,0.1,0.2,test_2,1,10,152,36.79781287242476,35.09771818152097,60000,300,7.494808499999635,7.421875,True
cx0.1_mut0.2,0.1,0.2,test_2,1,11,153,32.08377843291565,30.476953924029715,60000,300,7.718950399997993,7.640625,True
cx0.1_mut0.2,0.1,0.2,test_2,1,12,154,37.736617687064566,35.998969124669884,60000,300,8.51935500000036,8.5,True
cx0.1_mut0.2,0.1,0.2,test_2,1,13,155,40.64793631295654,39.10260372786174,60000,300,6.989248200003203,6.984375,True
cx0.1_mut0.2,0.1,0.2,test_2,1,14,156,31.824503655282513,30.207690313168296,60000,300,7.125383200000215,7.078125,True
cx0.1_mut0.2,0.1,0.2,test_2,1,15,157,37.21211543072464,35.60719998602059,60000,300,7.644816700001684,7.578125,True
cx0.1_mut0.2,0.1,0.2,test_2,1,16,158,29.52038236152139,28.140121716853642,60000,300,8.478421200001321,8.109375,True
cx0.1_mut0.2,0.1,0.2,test_2,1,17,159,36.169719444731975,34.82451440382357,60000,300,10.08646559999761,9.578125,True
cx0.1_mut0.2,0.1,0.2,test_2,1,18,160,38.18101357927078,36.81655796385636,60000,300,8.837539700001798,8.203125,True
cx0.1_mut0.2,0.1,0.2,test_2,1,19,161,41.20462582523645,39.63260365278269,60000,300,9.204446899999311,8.96875,True
cx0.1_mut0.2,0.1,0.2,test_3,2,0,242,42.0854586196632,40.37251379315515,60000,300,8.810455299997557,8.609375,True
cx0.1_mut0.2,0.1,0.2,test_3,2,1,243,31.879688952317416,30.35439119535609,60000,300,10.149453000001813,9.75,True
cx0.1_mut0.2,0.1,0.2,test_3,2,2,244,39.154932750503626,37.2365683131689,60000,300,9.104544599998917,8.890625,True
cx0.1_mut0.2,0.1,0.2,test_3,2,3,245,35.995523884741736,34.076278994409066,60000,300,9.501153199998953,9.28125,True
cx0.1_mut0.2,0.1,0.2,test_3,2,4,246,35.14712091915087,33.47556655193674,60000,300,8.995032399998308,8.578125,True
cx0.1_mut0.2,0.1,0.2,test_3,2,5,247,29.192316635984344,27.719860581801495,60000,300,8.554603100001259,8.46875,True
cx0.1_mut0.2,0.1,0.2,test_3,2,6,248,34.562473689195826,33.306723756050125,60000,300,9.389522999998007,9.171875,True
cx0.1_mut0.2,0.1,0.2,test_3,2,7,249,42.44483900126998,40.77282161365523,60000,300,9.81143080000038,9.5625,True
cx0.1_mut0.2,0.1,0.2,test_3,2,8,250,39.101854909630255,37.4869865833337,60000,300,9.621288599999389,9.296875,True
cx0.1_mut0.2,0.1,0.2,test_3,2,9,251,35.26697245682599,33.86367967545142,60000,300,9.529649399999471,9.25,True
cx0.1_mut0.2,0.1,0.2,test_3,2,10,252,40.8708212032182,39.32319095994576,60000,300,8.770816700001888,8.578125,True
cx0.1_mut0.2,0.1,0.2,test_3,2,11,253,42.191859880697606,40.43395592555106,60000,300,9.238611100001435,9.15625,True
cx0.1_mut0.2,0.1,0.2,test_3,2,12,254,37.514793117001574,35.81640965504526,60000,300,9.05221149999852,8.9375,True
cx0.1_mut0.2,0.1,0.2,test_3,2,13,255,34.965926931487566,33.27997320051862,60000,300,9.605498400000215,9.578125,True
cx0.1_mut0.2,0.1,0.2,test_3,2,14,256,36.515827178213556,34.85818648394044,60000,300,9.066343999998935,8.90625,True
cx0.1_mut0.2,0.1,0.2,test_3,2,15,257,37.2035069851445,35.57109607073137,60000,300,8.834302299997944,8.75,True
cx0.1_mut0.2,0.1,0.2,test_3,2,16,258,35.72394908274934,33.830150021065286,60000,300,9.571552999997948,9.09375,True
cx0.1_mut0.2,0.1,0.2,test_3,2,17,259,38.547431171326615,36.93865778227131,60000,300,8.040631199997733,7.96875,True
cx0.1_mut0.2,0.1,0.2,test_3,2,18,260,34.83310320758754,33.433478675258094,60000,300,7.927599900001951,7.8125,True
cx0.1_mut0.2,0.1,0.2,test_3,2,19,261,38.93458928521374,37.52454092544383,60000,300,8.742094099998212,8.703125,True
cx0.1_mut0.2,0.1,0.2,test_4,3,0,342,29.325818141594358,27.592436916564445,60000,300,10.865962700001546,10.6875,True
cx0.1_mut0.2,0.1,0.2,test_4,3,1,343,38.153050078667306,36.73188786933449,60000,300,8.772305200000119,8.671875,True
cx0.1_mut0.2,0.1,0.2,test_4,3,2,344,34.06588452753052,32.675201929707974,60000,300,8.230182600000262,8.171875,True
cx0.1_mut0.2,0.1,0.2,test_4,3,3,345,31.99540602417869,30.466063165230647,60000,300,8.567360100001679,8.484375,True
cx0.1_mut0.2,0.1,0.2,test_4,3,4,346,33.33380891339226,31.827936518952068,60000,300,9.57478230000197,9.4375,True
cx0.1_mut0.2,0.1,0.2,test_4,3,5,347,31.052605198387162,29.55219767085747,60000,300,8.77722680000079,8.609375,True
cx0.1_mut0.2,0.1,0.2,test_4,3,6,348,25.944023854281753,24.605291508380205,60000,300,9.187746399999014,9.0625,True
cx0.1_mut0.2,0.1,0.2,test_4,3,7,349,30.944011866279546,29.30282738974928,60000,300,9.05949099999998,8.84375,True
cx0.1_mut0.2,0.1,0.2,test_4,3,8,350,32.751628609422596,30.95502042064337,60000,300,10.715640300000814,10.015625,True
cx0.1_mut0.2,0.1,0.2,test_4,3,9,351,30.190781048726116,28.692285072073105,60000,300,8.399172500001441,8.328125,True
cx0.1_mut0.2,0.1,0.2,test_4,3,10,352,29.47868484044624,28.12344386101265,60000,300,8.762714899999992,8.46875,True
cx0.1_mut0.2,0.1,0.2,test_4,3,11,353,34.00989719751744,32.52433960007682,60000,300,9.300861199997598,9.09375,True
cx0.1_mut0.2,0.1,0.2,test_4,3,12,354,26.366641981900006,25.139502800346907,60000,300,9.511706900000718,9.1875,True
cx0.1_mut0.2,0.1,0.2,test_4,3,13,355,32.80960943730588,31.098007258663653,60000,300,9.781533599998511,9.5625,True
cx0.1_mut0.2,0.1,0.2,test_4,3,14,356,33.08800382234881,31.460815554911918,60000,300,9.910464600001433,9.59375,True
cx0.1_mut0.2,0.1,0.2,test_4,3,15,357,31.081573909575173,29.419536882084955,60000,300,9.054995800001052,8.796875,True
cx0.1_mut0.2,0.1,0.2,test_4,3,16,358,34.17088266672842,32.44031546798078,60000,300,8.99094310000146,8.578125,True
cx0.1_mut0.2,0.1,0.2,test_4,3,17,359,34.09929884608607,32.28779090058303,60000,300,9.10374210000009,8.890625,True
cx0.1_mut0.2,0.1,0.2,test_4,3,18,360,33.6997393359837,32.19510368021653,60000,300,8.729571300002135,8.65625,True
cx0.1_mut0.2,0.1,0.2,test_4,3,19,361,35.90470261946734,34.26201338688468,60000,300,8.959816900001897,8.75,True
cx0.1_mut0.2,0.1,0.2,test_5,4,0,442,38.86576274305472,37.260905699877156,60000,300,10.084257200000138,9.890625,True
cx0.1_mut0.2,0.1,0.2,test_5,4,1,443,39.02820152584632,37.5276346195968,60000,300,8.873838600000454,8.71875,True
cx0.1_mut0.2,0.1,0.2,test_5,4,2,444,44.04854383803725,42.454619869542206,60000,300,8.599716600001557,8.5625,True
cx0.1_mut0.2,0.1,0.2,test_5,4,3,445,48.65711498405482,47.15112485920236,60000,300,8.920923399997264,8.859375,True
cx0.1_mut0.2,0.1,0.2,test_5,4,4,446,47.968710709317726,46.29274307016918,60000,300,10.252460100000462,10.015625,True
cx0.1_mut0.2,0.1,0.2,test_5,4,5,447,45.193667816649864,43.75124592262233,60000,300,9.151740400000563,9.0625,True
cx0.1_mut0.2,0.1,0.2,test_5,4,6,448,41.25599455674466,39.630798967967905,60000,300,10.057038200000534,9.84375,True
cx0.1_mut0.2,0.1,0.2,test_5,4,7,449,50.66634018416898,49.22657320830459,60000,300,8.395264200000383,8.265625,True
cx0.1_mut0.2,0.1,0.2,test_5,4,8,450,35.8661720451007,34.18010962584065,60000,300,8.866033700000116,8.640625,True
cx0.1_mut0.2,0.1,0.2,test_5,4,9,451,44.95914086343598,43.18021350207643,60000,300,8.884153099999821,8.515625,True
cx0.1_mut0.2,0.1,0.2,test_5,4,10,452,44.05279668854627,42.044031999725455,60000,300,9.809718299999076,9.671875,True
cx0.1_mut0.2,0.1,0.2,test_5,4,11,453,40.913060950646944,39.300464649318876,60000,300,10.53669440000158,10.359375,True
cx0.1_mut0.2,0.1,0.2,test_5,4,12,454,32.9640660655822,31.865235514888553,60000,300,8.147813900002802,7.953125,True
cx0.1_mut0.2,0.1,0.2,test_5,4,13,455,39.053417277461065,37.78961749289688,60000,300,8.280514800000674,8.125,True
cx0.1_mut0.2,0.1,0.2,test_5,4,14,456,46.727393200142544,45.11412304774382,60000,300,9.08194359999834,8.625,True
cx0.1_mut0.2,0.1,0.2,test_5,4,15,457,44.23604251267243,42.41716189244507,60000,300,8.820291600000928,8.578125,True
cx0.1_mut0.2,0.1,0.2,test_5,4,16,458,37.59845627848794,35.88517571176337,60000,300,9.224232999997184,9.03125,True
cx0.1_mut0.2,0.1,0.2,test_5,4,17,459,40.09867510038021,38.67052134810542,60000,300,9.619396300000517,9.234375,True
cx0.1_mut0.2,0.1,0.2,test_5,4,18,460,41.99889532851132,40.16377641128987,60000,300,10.252983499998663,9.90625,True
cx0.1_mut0.2,0.1,0.2,test_5,4,19,461,45.038813339286456,43.39996738158396,60000,300,10.216234900002746,9.328125,True
cx0.1_mut0.2,0.1,0.2,test_6,5,0,542,42.28215163081041,40.622244806228814,60000,300,9.91090140000233,9.609375,True
cx0.1_mut0.2,0.1,0.2,test_6,5,1,543,30.297885911906945,28.976565847700506,60000,300,8.976646300001448,8.71875,True
cx0.1_mut0.2,0.1,0.2,test_6,5,2,544,42.138416312799805,40.65771122701591,60000,300,9.647279799999524,9.484375,True
cx0.1_mut0.2,0.1,0.2,test_6,5,3,545,40.167343625749844,38.71898277440124,60000,300,10.324203100000886,9.46875,True
cx0.1_mut0.2,0.1,0.2,test_6,5,4,546,41.85910984348353,40.447474648499046,60000,300,11.002997700001288,10.734375,True
cx0.1_mut0.2,0.1,0.2,test_6,5,5,547,33.641533745048335,32.376825393540784,60000,300,8.973558499998035,8.515625,True
cx0.1_mut0.2,0.1,0.2,test_6,5,6,548,40.249067689324335,38.526724285141576,60000,300,9.650745500002813,9.53125,True
cx0.1_mut0.2,0.1,0.2,test_6,5,7,549,38.74771753820907,37.37011966805016,60000,300,11.426201099999162,10.703125,True
cx0.1_mut0.2,0.1,0.2,test_6,5,8,550,46.91119929715465,45.32889358258775,60000,300,8.882944600001792,8.640625,True
cx0.1_mut0.2,0.1,0.2,test_6,5,9,551,35.224344781735276,33.77918134392772,60000,300,8.903422200000932,8.140625,True
cx0.1_mut0.2,0.1,0.2,test_6,5,10,552,38.74098590661097,37.3910029840632,60000,300,9.000093800001196,8.59375,True
cx0.1_mut0.2,0.1,0.2,test_6,5,11,553,38.848400678966186,37.320991962666255,60000,300,9.73127359999853,9.40625,True
cx0.1_mut0.2,0.1,0.2,test_6,5,12,554,31.672652829998594,30.02993819955811,60000,300,9.145712900000945,8.859375,True
cx0.1_mut0.2,0.1,0.2,test_6,5,13,555,41.552323052361814,40.33844985147236,60000,300,9.400991499998781,9.21875,True
cx0.1_mut0.2,0.1,0.2,test_6,5,14,556,36.865677917064,35.40586521575419,60000,300,12.07068369999979,11.6875,True
cx0.1_mut0.2,0.1,0.2,test_6,5,15,557,42.83438660010712,41.05558238672127,60000,300,10.071505199997773,10.0,True
cx0.1_mut0.2,0.1,0.2,test_6,5,16,558,43.32896396843606,41.85126910403852,60000,300,9.827870299999631,9.734375,True
cx0.1_mut0.2,0.1,0.2,test_6,5,17,559,47.89546164297737,46.3071284625683,60000,300,9.431860199998482,9.234375,True
cx0.1_mut0.2,0.1,0.2,test_6,5,18,560,34.83457052525085,33.41321685959066,60000,300,10.2197817999986,9.90625,True
cx0.1_mut0.2,0.1,0.2,test_6,5,19,561,34.4458904692372,32.97333595493831,60000,300,8.766607199999271,8.65625,True
cx0.1_mut0.2,0.1,0.2,test_7,6,0,642,42.82472059958488,40.99994980391304,60000,300,9.969127699998353,9.828125,True
cx0.1_mut0.2,0.1,0.2,test_7,6,1,643,32.91089648142033,31.348507288764488,60000,300,9.52019189999919,9.421875,True
cx0.1_mut0.2,0.1,0.2,test_7,6,2,644,35.05943505797198,33.31597814597028,60000,300,9.934409699999378,9.75,True
cx0.1_mut0.2,0.1,0.2,test_7,6,3,645,40.077541399418976,38.362135859174764,60000,300,9.189813299999514,9.09375,True
cx0.1_mut0.2,0.1,0.2,test_7,6,4,646,33.146843728796256,31.606516274022294,60000,300,9.102997599999071,8.828125,True
cx0.1_mut0.2,0.1,0.2,test_7,6,5,647,38.86965378919197,37.41981881588418,60000,300,8.378445899998042,8.109375,True
cx0.1_mut0.2,0.1,0.2,test_7,6,6,648,32.300798912515404,30.69518672977082,60000,300,9.865785000001779,9.5625,True
cx0.1_mut0.2,0.1,0.2,test_7,6,7,649,31.96853539120005,30.444948650601486,60000,300,9.47086549999949,9.171875,True
cx0.1_mut0.2,0.1,0.2,test_7,6,8,650,36.75414268876829,35.26836595958851,60000,300,9.35287800000151,8.921875,True
cx0.1_mut0.2,0.1,0.2,test_7,6,9,651,41.72174657386151,40.316378397226934,60000,300,10.931752399999823,10.640625,True
cx0.1_mut0.2,0.1,0.2,test_7,6,10,652,35.87417189060904,34.049353695362925,60000,300,8.968409500001144,8.796875,True
cx0.1_mut0.2,0.1,0.2,test_7,6,11,653,30.587450805212384,29.20843243509214,60000,300,8.867659500003356,8.609375,True
cx0.1_mut0.2,0.1,0.2,test_7,6,12,654,39.60453395769952,37.682429624012954,60000,300,10.762064700000337,10.421875,True
cx0.1_mut0.2,0.1,0.2,test_7,6,13,655,37.23724128055844,35.60718746517664,60000,300,9.66389909999998,9.4375,True
cx0.1_mut0.2,0.1,0.2,test_7,6,14,656,44.4672421748121,43.038946252830286,60000,300,8.846122200000536,8.71875,True
cx0.1_mut0.2,0.1,0.2,test_7,6,15,657,37.807804095653765,36.03726558406482,60000,300,9.283739800001058,9.1875,True
cx0.1_mut0.2,0.1,0.2,test_7,6,16,658,39.47402774754406,37.48273600829223,60000,300,9.33250770000086,9.21875,True
cx0.1_mut0.2,0.1,0.2,test_7,6,17,659,38.266328503724544,36.58294712443576,60000,300,8.753695999999763,8.71875,True
cx0.1_mut0.2,0.1,0.2,test_7,6,18,660,36.61775533346988,35.1553320935002,60000,300,8.376163799999631,8.265625,True
cx0.1_mut0.2,0.1,0.2,test_7,6,19,661,39.56984754319278,37.80220340344352,60000,300,8.851675400001113,8.640625,True
cx0.1_mut0.2,0.1,0.2,test_8,7,0,742,40.667675883276644,38.49823529858882,60000,300,8.738664000000426,8.625,True
cx0.1_mut0.2,0.1,0.2,test_8,7,1,743,39.200693134590104,37.3515684009213,60000,300,11.44512720000057,11.1875,True
cx0.1_mut0.2,0.1,0.2,test_8,7,2,744,34.70465336289425,33.19526297280419,60000,300,9.968077099998482,9.671875,True
cx0.1_mut0.2,0.1,0.2,test_8,7,3,745,40.46122492836057,38.73834545856567,60000,300,10.376549000000523,10.203125,True
cx0.1_mut0.2,0.1,0.2,test_8,7,4,746,37.65833249458112,36.03595077044262,60000,300,8.425202800000989,8.203125,True
cx0.1_mut0.2,0.1,0.2,test_8,7,5,747,37.17842309635259,35.778990893868475,60000,300,9.752911799998401,9.40625,True
cx0.1_mut0.2,0.1,0.2,test_8,7,6,748,44.94059762231419,42.823987987546694,60000,300,10.734066999997594,10.203125,True
cx0.1_mut0.2,0.1,0.2,test_8,7,7,749,41.27391158937835,39.40928759015301,60000,300,10.928063600000314,10.703125,True
cx0.1_mut0.2,0.1,0.2,test_8,7,8,750,31.424354948101634,29.669596318693806,60000,300,9.856453799999144,9.65625,True
cx0.1_mut0.2,0.1,0.2,test_8,7,9,751,35.173158422689646,33.629344816980165,60000,300,9.301722200001677,8.875,True
cx0.1_mut0.2,0.1,0.2,test_8,7,10,752,40.94529105384518,39.31639231785304,60000,300,9.29741389999981,9.046875,True
cx0.1_mut0.2,0.1,0.2,test_8,7,11,753,33.95724815332876,32.355326166198545,60000,300,9.542230500002916,9.078125,True
cx0.1_mut0.2,0.1,0.2,test_8,7,12,754,42.162488989229395,40.21314395043089,60000,300,9.407428399998025,9.25,True
cx0.1_mut0.2,0.1,0.2,test_8,7,13,755,34.562701506910756,33.041034399415736,60000,300,10.799645099999907,10.65625,True
cx0.1_mut0.2,0.1,0.2,test_8,7,14,756,38.21484864086929,36.59699486499759,60000,300,8.519101699999737,8.421875,True
cx0.1_mut0.2,0.1,0.2,test_8,7,15,757,40.60781019384683,38.81220143076674,60000,300,9.681277400002728,9.375,True
cx0.1_mut0.2,0.1,0.2,test_8,7,16,758,35.2690012782544,33.617767960621435,60000,300,9.221649700000853,9.140625,True
cx0.1_mut0.2,0.1,0.2,test_8,7,17,759,34.48736879175184,32.76735442514959,60000,300,8.755257699998765,8.6875,True
cx0.1_mut0.2,0.1,0.2,test_8,7,18,760,32.786499930983915,31.033404243314266,60000,300,10.001666899999691,9.90625,True
cx0.1_mut0.2,0.1,0.2,test_8,7,19,761,35.229934361239586,33.45665892313979,60000,300,9.161498100002063,9.109375,True
cx0.1_mut0.2,0.1,0.2,test_9,8,0,842,38.21134591402424,36.76638095937202,60000,300,8.548889800000325,8.390625,True
cx0.1_mut0.2,0.1,0.2,test_9,8,1,843,40.012249021548925,38.49618828447406,60000,300,9.614210799998546,9.46875,True
cx0.1_mut0.2,0.1,0.2,test_9,8,2,844,45.954513356539586,44.54612090833071,60000,300,9.472365800000262,9.453125,True
cx0.1_mut0.2,0.1,0.2,test_9,8,3,845,39.89204550940535,38.4750866566961,60000,300,10.204666499997984,10.09375,True
cx0.1_mut0.2,0.1,0.2,test_9,8,4,846,33.244154552299925,31.827798329433808,60000,300,8.427779599998757,8.390625,True
cx0.1_mut0.2,0.1,0.2,test_9,8,5,847,47.17935160347251,45.67678107131987,60000,300,8.07564690000072,8.03125,True
cx0.1_mut0.2,0.1,0.2,test_9,8,6,848,41.2719928792175,39.60862970550213,60000,300,7.860684600000241,7.5,True
cx0.1_mut0.2,0.1,0.2,test_9,8,7,849,40.60117491247497,39.14303886590717,60000,300,9.063802900000155,8.9375,True
cx0.1_mut0.2,0.1,0.2,test_9,8,8,850,40.07272350737891,38.94379421775774,60000,300,8.701359200000297,8.546875,True
cx0.1_mut0.2,0.1,0.2,test_9,8,9,851,43.304145799420034,41.73680556011903,60000,300,8.754281800000172,8.671875,True
cx0.1_mut0.2,0.1,0.2,test_9,8,10,852,42.57058991512179,40.93171348307097,60000,300,7.0986474999990605,7.078125,True
cx0.1_mut0.2,0.1,0.2,test_9,8,11,853,38.12786780494808,36.64415406819832,60000,300,8.800309300000663,8.703125,True
cx0.1_mut0.2,0.1,0.2,test_9,8,12,854,37.922094273069234,36.1687352157375,60000,300,8.200053700002172,8.15625,True
cx0.1_mut0.2,0.1,0.2,test_9,8,13,855,40.87388032411289,39.37190084893307,60000,300,9.020302299999457,8.921875,True
cx0.1_mut0.2,0.1,0.2,test_9,8,14,856,43.46062888706882,41.996716559957925,60000,300,8.518636199998582,8.421875,True
cx0.1_mut0.2,0.1,0.2,test_9,8,15,857,44.24926537780827,42.75674997743407,60000,300,7.978087899999082,7.9375,True
cx0.1_mut0.2,0.1,0.2,test_9,8,16,858,40.03436076349833,38.85473680855868,60000,300,8.278491200002463,8.265625,True
cx0.1_mut0.2,0.1,0.2,test_9,8,17,859,38.69789146465932,37.386501858036155,60000,300,9.894079699999565,9.84375,True
cx0.1_mut0.2,0.1,0.2,test_9,8,18,860,35.519189083049355,34.261439112206,60000,300,8.795688099999097,8.734375,True
cx0.1_mut0.2,0.1,0.2,test_9,8,19,861,37.63143321150189,36.24113937366836,60000,300,9.439579999998386,9.203125,True
cx0.1_mut0.2,0.1,0.2,test_10,9,0,942,34.44687765879405,32.922900468576245,60000,300,10.297905200000969,9.875,True
cx0.1_mut0.2,0.1,0.2,test_10,9,1,943,40.707371205808386,39.1051999335807,60000,300,9.378574800000933,9.0,True
cx0.1_mut0.2,0.1,0.2,test_10,9,2,944,37.07542612267844,35.37229493002316,60000,300,11.14046849999795,10.71875,True
cx0.1_mut0.2,0.1,0.2,test_10,9,3,945,40.26890731136279,38.693746277950424,60000,300,8.97125220000089,8.796875,True
cx0.1_mut0.2,0.1,0.2,test_10,9,4,946,37.55737856396103,35.978489481118764,60000,300,7.554030299997976,7.109375,True
cx0.1_mut0.2,0.1,0.2,test_10,9,5,947,37.4221677306608,35.80971967483771,60000,300,9.59037890000036,9.296875,True
cx0.1_mut0.2,0.1,0.2,test_10,9,6,948,43.445935397460985,41.79699160152435,60000,300,7.603832500000863,7.375,True
cx0.1_mut0.2,0.1,0.2,test_10,9,7,949,36.36460533599158,34.75275942126368,60000,300,7.197653100000025,7.0625,True
cx0.1_mut0.2,0.1,0.2,test_10,9,8,950,38.67854711111239,37.168814449807336,60000,300,9.350011400001677,8.90625,True
cx0.1_mut0.2,0.1,0.2,test_10,9,9,951,34.31362410009046,32.79072752849855,60000,300,8.958262500000274,8.765625,True
cx0.1_mut0.2,0.1,0.2,test_10,9,10,952,46.512981004456584,44.69678154580731,60000,300,10.7174586000001,9.71875,True
cx0.1_mut0.2,0.1,0.2,test_10,9,11,953,42.30134015334733,40.50049212220782,60000,300,8.946873999997479,8.84375,True
cx0.1_mut0.2,0.1,0.2,test_10,9,12,954,40.154979429032664,38.55709571794634,60000,300,9.820620900001813,9.390625,True
cx0.1_mut0.2,0.1,0.2,test_10,9,13,955,40.32085080996771,38.91544339131655,60000,300,9.595929399998568,9.125,True
cx0.1_mut0.2,0.1,0.2,test_10,9,14,956,39.372683623930826,37.71464145091373,60000,300,8.729360799999995,8.609375,True
cx0.1_mut0.2,0.1,0.2,test_10,9,15,957,32.86834212432176,31.327438811271143,60000,300,8.614668199999869,8.546875,True
cx0.1_mut0.2,0.1,0.2,test_10,9,16,958,35.952749608782696,34.75541274702089,60000,300,8.331826599998749,7.6875,True
cx0.1_mut0.2,0.1,0.2,test_10,9,17,959,36.709873169700856,35.010759077582044,60000,300,9.805754599998181,9.484375,True
cx0.1_mut0.2,0.1,0.2,test_10,9,18,960,38.6132083230035,37.1257321075816,60000,300,10.224023099999613,9.78125,True
cx0.1_mut0.2,0.1,0.2,test_10,9,19,961,34.34138957359412,32.870749190396744,60000,300,9.480104099999153,8.921875,True
cx0.1_mut0.3,0.1,0.3,test_1,0,0,42,42.117131386647706,40.28262000806595,60000,300,7.885761599998659,7.359375,True
cx0.1_mut0.3,0.1,0.3,test_1,0,1,43,43.23032802240936,41.57794985168828,60000,300,8.49268409999786,8.203125,True
cx0.1_mut0.3,0.1,0.3,test_1,0,2,44,39.19080959980855,37.42557119324409,60000,300,7.763015099997574,7.515625,True
cx0.1_mut0.3,0.1,0.3,test_1,0,3,45,49.81195691784268,48.280332687774134,60000,300,7.4061093000018445,7.296875,True
cx0.1_mut0.3,0.1,0.3,test_1,0,4,46,35.103031301634346,33.49834729029521,60000,300,7.760909000000538,7.640625,True
cx0.1_mut0.3,0.1,0.3,test_1,0,5,47,41.5996669603128,39.76282672836836,60000,300,6.618350199998531,6.53125,True
cx0.1_mut0.3,0.1,0.3,test_1,0,6,48,47.43646149918872,45.43948850397967,60000,300,7.617084099998465,7.5625,True
cx0.1_mut0.3,0.1,0.3,test_1,0,7,49,40.87661756485166,39.07615047705316,60000,300,6.695651300000463,6.609375,True
cx0.1_mut0.3,0.1,0.3,test_1,0,8,50,32.598252428909916,31.06551813618973,60000,300,7.4497676999999385,7.40625,True
cx0.1_mut0.3,0.1,0.3,test_1,0,9,51,38.64815708357545,37.15120038611876,60000,300,7.888182400001824,7.65625,True
cx0.1_mut0.3,0.1,0.3,test_1,0,10,52,43.16301489694341,41.77050166608411,60000,300,7.890190599999187,7.84375,True
cx0.1_mut0.3,0.1,0.3,test_1,0,11,53,40.62812756523543,39.0449204653298,60000,300,7.654683599997952,7.65625,True
cx0.1_mut0.3,0.1,0.3,test_1,0,12,54,41.294736573428935,39.451488395854355,60000,300,7.138048900000285,7.125,True
cx0.1_mut0.3,0.1,0.3,test_1,0,13,55,39.46399228299064,37.76700517329185,60000,300,7.7609016000023985,7.734375,True
cx0.1_mut0.3,0.1,0.3,test_1,0,14,56,44.430709146139066,42.65211149778851,60000,300,8.067077200001222,7.953125,True
cx0.1_mut0.3,0.1,0.3,test_1,0,15,57,40.83850323641842,39.46326290949653,60000,300,7.3016859000017575,7.28125,True
cx0.1_mut0.3,0.1,0.3,test_1,0,16,58,37.64776537402255,36.31099589657868,60000,300,7.68495460000122,7.625,True
cx0.1_mut0.3,0.1,0.3,test_1,0,17,59,35.372855826406266,34.139251581752305,60000,300,7.625364199997421,7.59375,True
cx0.1_mut0.3,0.1,0.3,test_1,0,18,60,46.26670229891532,44.492687551224904,60000,300,7.6326728999993065,7.5625,True
cx0.1_mut0.3,0.1,0.3,test_1,0,19,61,37.52293598746234,36.02980494507212,60000,300,7.387573899999552,7.3125,True
cx0.1_mut0.3,0.1,0.3,test_2,1,0,142,32.25700134701035,30.548233309728026,60000,300,8.08841989999928,7.921875,True
cx0.1_mut0.3,0.1,0.3,test_2,1,1,143,38.50023277534783,36.79303061081933,60000,300,7.642423699999199,7.484375,True
cx0.1_mut0.3,0.1,0.3,test_2,1,2,144,38.83820273074398,37.09204032888182,60000,300,7.066661900000327,7.0,True
cx0.1_mut0.3,0.1,0.3,test_2,1,3,145,36.71916581886171,35.10046789902025,60000,300,9.611271099998703,9.40625,True
cx0.1_mut0.3,0.1,0.3,test_2,1,4,146,39.290227321692775,37.51329756726042,60000,300,7.7431662999988475,7.65625,True
cx0.1_mut0.3,0.1,0.3,test_2,1,5,147,33.66482643011985,32.467707114963424,60000,300,7.925634100000025,7.859375,True
cx0.1_mut0.3,0.1,0.3,test_2,1,6,148,37.961302478855615,36.46785112296813,60000,300,8.240458799999033,8.15625,True
cx0.1_mut0.3,0.1,0.3,test_2,1,7,149,36.03661751613996,34.54588915977319,60000,300,8.82401750000281,8.75,True
cx0.1_mut0.3,0.1,0.3,test_2,1,8,150,35.42062400490048,33.777055800721335,60000,300,9.135085800000525,9.09375,True
cx0.1_mut0.3,0.1,0.3,test_2,1,9,151,35.56051802374028,33.85637070578698,60000,300,7.3593328000024485,7.28125,True
cx0.1_mut0.3,0.1,0.3,test_2,1,10,152,32.15440138571649,30.97706424653579,60000,300,7.166266200001701,7.125,True
cx0.1_mut0.3,0.1,0.3,test_2,1,11,153,37.58773868050965,36.42941552933988,60000,300,7.353932800000621,7.1875,True
cx0.1_mut0.3,0.1,0.3,test_2,1,12,154,37.97347321123618,36.447301643734114,60000,300,7.908755399999791,7.890625,True
cx0.1_mut0.3,0.1,0.3,test_2,1,13,155,28.876264665052524,27.57994237418577,60000,300,7.271870699998544,7.1875,True
cx0.1_mut0.3,0.1,0.3,test_2,1,14,156,39.164353131500384,37.2819781989464,60000,300,7.2638219999971625,7.265625,True
cx0.1_mut0.3,0.1,0.3,test_2,1,15,157,37.47490797765361,35.51900732469863,60000,300,7.640050499998324,7.578125,True
cx0.1_mut0.3,0.1,0.3,test_2,1,16,158,41.86652444926997,40.5556151020287,60000,300,8.76218130000052,8.421875,True
cx0.1_mut0.3,0.1,0.3,test_2,1,17,159,39.883788268100666,38.112600540281186,60000,300,11.015584900000249,10.28125,True
cx0.1_mut0.3,0.1,0.3,test_2,1,18,160,41.49291502286577,40.21369306566248,60000,300,8.17338000000018,7.640625,True
cx0.1_mut0.3,0.1,0.3,test_2,1,19,161,40.654106280662575,39.305276209970735,60000,300,8.209309199999552,7.96875,True
cx0.1_mut0.3,0.1,0.3,test_3,2,0,242,44.19405674013919,42.069989891749486,60000,300,8.414941200000612,8.265625,True
cx0.1_mut0.3,0.1,0.3,test_3,2,1,243,35.476430064802265,33.9961475962665,60000,300,9.90141809999841,9.484375,True
cx0.1_mut0.3,0.1,0.3,test_3,2,2,244,38.13772098048844,36.316224539762814,60000,300,7.974233799999638,7.828125,True
cx0.1_mut0.3,0.1,0.3,test_3,2,3,245,39.57068168500837,38.25302107929816,60000,300,10.2587259000029,10.046875,True
cx0.1_mut0.3,0.1,0.3,test_3,2,4,246,43.153879682672695,41.50495970923836,60000,300,9.584023999999772,9.21875,True
cx0.1_mut0.3,0.1,0.3,test_3,2,5,247,31.955497847981672,30.598520717601804,60000,300,9.73668379999799,9.546875,True
cx0.1_mut0.3,0.1,0.3,test_3,2,6,248,43.79394415408587,41.948526529584704,60000,300,9.276593099999445,8.9375,True
cx0.1_mut0.3,0.1,0.3,test_3,2,7,249,44.70931121879664,43.24297687097718,60000,300,9.577623900000617,9.234375,True
cx0.1_mut0.3,0.1,0.3,test_3,2,8,250,43.82501608477216,42.30894216788203,60000,300,8.569188500001474,8.421875,True
cx0.1_mut0.3,0.1,0.3,test_3,2,9,251,44.944510135931694,42.93736131572231,60000,300,8.50036899999759,8.25,True
cx0.1_mut0.3,0.1,0.3,test_3,2,10,252,43.75286516047498,41.99386492875028,60000,300,9.314706900000601,8.953125,True
cx0.1_mut0.3,0.1,0.3,test_3,2,11,253,44.571240647761364,42.64259944362172,60000,300,8.922050100001798,8.8125,True
cx0.1_mut0.3,0.1,0.3,test_3,2,12,254,43.03719416165261,41.09104963728717,60000,300,8.74774040000193,8.65625,True
cx0.1_mut0.3,0.1,0.3,test_3,2,13,255,41.387400276034185,39.74935734599317,60000,300,9.543023000001995,9.515625,True
cx0.1_mut0.3,0.1,0.3,test_3,2,14,256,38.92751923816776,37.18864124757822,60000,300,8.717492200001288,8.625,True
cx0.1_mut0.3,0.1,0.3,test_3,2,15,257,35.22522658366516,33.98215813400071,60000,300,8.262710700000753,8.203125,True
cx0.1_mut0.3,0.1,0.3,test_3,2,16,258,40.36368588525978,38.944361286014555,60000,300,10.667628299997887,10.28125,True
cx0.1_mut0.3,0.1,0.3,test_3,2,17,259,42.47648503582303,41.077924383958205,60000,300,10.503021500000614,10.359375,True
cx0.1_mut0.3,0.1,0.3,test_3,2,18,260,33.31297881683319,31.775292654055047,60000,300,9.028154600000562,8.875,True
cx0.1_mut0.3,0.1,0.3,test_3,2,19,261,43.51323176019264,41.534471474561286,60000,300,8.741248700000142,8.578125,True
cx0.1_mut0.3,0.1,0.3,test_4,3,0,342,32.842214811116904,31.36226052741696,60000,300,9.69426620000013,9.515625,True
cx0.1_mut0.3,0.1,0.3,test_4,3,1,343,33.75029621473466,31.999936586475116,60000,300,9.14110090000031,9.09375,True
cx0.1_mut0.3,0.1,0.3,test_4,3,2,344,30.853821607942688,29.28137793787727,60000,300,9.407925100000284,9.359375,True
cx0.1_mut0.3,0.1,0.3,test_4,3,3,345,37.37883731355467,35.88736254496782,60000,300,9.296731700000237,9.140625,True
cx0.1_mut0.3,0.1,0.3,test_4,3,4,346,28.263848946728615,26.726369010260488,60000,300,10.051738099999056,10.0,True
cx0.1_mut0.3,0.1,0.3,test_4,3,5,347,38.99627536642599,36.92300632371656,60000,300,9.106368000000657,9.0,True
cx0.1_mut0.3,0.1,0.3,test_4,3,6,348,34.84138385708713,33.5057351048312,60000,300,8.582094699999288,8.546875,True
cx0.1_mut0.3,0.1,0.3,test_4,3,7,349,38.820203157167555,37.24359309515689,60000,300,8.776171100002102,8.625,True
cx0.1_mut0.3,0.1,0.3,test_4,3,8,350,29.57923658687515,28.158173013452256,60000,300,10.054553599999053,9.375,True
cx0.1_mut0.3,0.1,0.3,test_4,3,9,351,33.85751918492823,32.51225281926835,60000,300,8.299857099998917,8.28125,True
cx0.1_mut0.3,0.1,0.3,test_4,3,10,352,31.59465808965223,30.36656485923878,60000,300,9.397969999998168,9.09375,True
cx0.1_mut0.3,0.1,0.3,test_4,3,11,353,38.662349898817766,37.185192703175986,60000,300,8.997949900000094,8.8125,True
cx0.1_mut0.3,0.1,0.3,test_4,3,12,354,37.3673153618725,35.524968859726144,60000,300,10.22867679999763,9.9375,True
cx0.1_mut0.3,0.1,0.3,test_4,3,13,355,29.581981711524534,28.079618995250204,60000,300,8.537862799999857,8.375,True
cx0.1_mut0.3,0.1,0.3,test_4,3,14,356,30.52419703083215,29.322445392765147,60000,300,8.726859900001728,8.5,True
cx0.1_mut0.3,0.1,0.3,test_4,3,15,357,29.804877496461916,28.460644998010512,60000,300,8.627756699999736,8.484375,True
cx0.1_mut0.3,0.1,0.3,test_4,3,16,358,33.71322569358859,32.244415281846045,60000,300,10.535759999998845,10.109375,True
cx0.1_mut0.3,0.1,0.3,test_4,3,17,359,31.656713416070083,29.933074810678324,60000,300,9.270978399999876,8.9375,True
cx0.1_mut0.3,0.1,0.3,test_4,3,18,360,31.460966073476747,29.931061724315988,60000,300,10.138771099998849,10.0625,True
cx0.1_mut0.3,0.1,0.3,test_4,3,19,361,37.00188991303296,35.36854097822358,60000,300,8.541716700001416,8.421875,True
cx0.1_mut0.3,0.1,0.3,test_5,4,0,442,42.11019022947461,40.05286172597242,60000,300,9.606555299997126,9.375,True
cx0.1_mut0.3,0.1,0.3,test_5,4,1,443,43.64398701343765,41.765668499429175,60000,300,9.136378800001694,9.0625,True
cx0.1_mut0.3,0.1,0.3,test_5,4,2,444,37.32586351098351,35.66033532224873,60000,300,9.18173680000109,9.0625,True
cx0.1_mut0.3,0.1,0.3,test_5,4,3,445,46.01429299971671,44.3871215903665,60000,300,9.055834399998275,8.890625,True
cx0.1_mut0.3,0.1,0.3,test_5,4,4,446,40.163708534961735,38.35618794851578,60000,300,9.654905999999755,9.34375,True
cx0.1_mut0.3,0.1,0.3,test_5,4,5,447,34.159842309901485,32.79982898251015,60000,300,8.680984000002354,8.578125,True
cx0.1_mut0.3,0.1,0.3,test_5,4,6,448,48.69586335724589,46.77173322463267,60000,300,8.21350529999836,8.03125,True
cx0.1_mut0.3,0.1,0.3,test_5,4,7,449,37.00509412920092,35.48805928585198,60000,300,9.476566900000762,9.359375,True
cx0.1_mut0.3,0.1,0.3,test_5,4,8,450,49.80101509574467,47.923044194620736,60000,300,8.515669599997636,8.328125,True
cx0.1_mut0.3,0.1,0.3,test_5,4,9,451,51.53827400702592,49.44033533260723,60000,300,10.310426299998653,10.046875,True
cx0.1_mut0.3,0.1,0.3,test_5,4,10,452,46.75844839497856,45.18375119310573,60000,300,8.975376200000028,8.84375,True
cx0.1_mut0.3,0.1,0.3,test_5,4,11,453,44.874186858382075,42.840618877293046,60000,300,9.210055199997441,8.953125,True
cx0.1_mut0.3,0.1,0.3,test_5,4,12,454,42.80259452537606,41.580040804195434,60000,300,8.891840099997353,8.625,True
cx0.1_mut0.3,0.1,0.3,test_5,4,13,455,40.77162528577057,38.96272312295498,60000,300,9.459710400002223,9.28125,True
cx0.1_mut0.3,0.1,0.3,test_5,4,14,456,40.76928544315776,39.26078775784859,60000,300,9.154596100001072,8.640625,True
cx0.1_mut0.3,0.1,0.3,test_5,4,15,457,44.743879156814394,43.07119884223211,60000,300,8.781520100001217,8.625,True
cx0.1_mut0.3,0.1,0.3,test_5,4,16,458,38.81433569099885,37.189731792865416,60000,300,9.47063100000014,9.1875,True
cx0.1_mut0.3,0.1,0.3,test_5,4,17,459,43.75442472991247,42.18809179532523,60000,300,9.579414899999392,9.140625,True
cx0.1_mut0.3,0.1,0.3,test_5,4,18,460,46.33034497472285,44.79001878861796,60000,300,8.842409799999587,8.328125,True
cx0.1_mut0.3,0.1,0.3,test_5,4,19,461,45.83477387898409,44.2817806002837,60000,300,8.964986700000736,8.515625,True
cx0.1_mut0.3,0.1,0.3,test_6,5,0,542,43.48085275181462,41.947332785373675,60000,300,8.711586900000839,8.5,True
cx0.1_mut0.3,0.1,0.3,test_6,5,1,543,36.621420736007266,35.194323813207525,60000,300,10.031623999999283,9.65625,True
cx0.1_mut0.3,0.1,0.3,test_6,5,2,544,36.68893425657718,35.12214885871473,60000,300,8.314791799999512,8.0625,True
cx0.1_mut0.3,0.1,0.3,test_6,5,3,545,40.36428267347688,38.92057452663629,60000,300,10.175402599998051,9.296875,True
cx0.1_mut0.3,0.1,0.3,test_6,5,4,546,53.24851224610825,51.85830580595186,60000,300,8.929415500002506,8.609375,True
cx0.1_mut0.3,0.1,0.3,test_6,5,5,547,40.65793242443182,38.93881880498574,60000,300,10.271404400002211,9.40625,True
cx0.1_mut0.3,0.1,0.3,test_6,5,6,548,39.05632155893368,37.436384024271135,60000,300,8.574788499998249,8.453125,True
cx0.1_mut0.3,0.1,0.3,test_6,5,7,549,33.2584476040505,31.936339426283382,60000,300,10.06224740000107,9.25,True
cx0.1_mut0.3,0.1,0.3,test_6,5,8,550,40.82542409383164,39.02627663688141,60000,300,9.63896989999921,9.484375,True
cx0.1_mut0.3,0.1,0.3,test_6,5,9,551,36.10818833951339,34.63412941813083,60000,300,10.723014299997885,10.046875,True
cx0.1_mut0.3,0.1,0.3,test_6,5,10,552,40.522849419245176,38.69053241737406,60000,300,9.596641399999498,9.234375,True
cx0.1_mut0.3,0.1,0.3,test_6,5,11,553,36.99652300542267,35.75469279344988,60000,300,9.618854799999099,9.375,True
cx0.1_mut0.3,0.1,0.3,test_6,5,12,554,41.1647112669257,39.59568568627399,60000,300,9.755298299998685,9.546875,True
cx0.1_mut0.3,0.1,0.3,test_6,5,13,555,40.90272855987043,38.86060617034413,60000,300,10.084486100000504,9.84375,True
cx0.1_mut0.3,0.1,0.3,test_6,5,14,556,34.77630021030487,33.34302589757817,60000,300,9.62576860000263,9.359375,True
cx0.1_mut0.3,0.1,0.3,test_6,5,15,557,39.429052348850426,37.512916467186805,60000,300,9.51541399999769,9.40625,True
cx0.1_mut0.3,0.1,0.3,test_6,5,16,558,33.40500987951979,31.817976295378326,60000,300,9.450176899998041,9.359375,True
cx0.1_mut0.3,0.1,0.3,test_6,5,17,559,48.94369371171652,47.03650228137842,60000,300,10.356204600000638,10.140625,True
cx0.1_mut0.3,0.1,0.3,test_6,5,18,560,50.120344379684965,48.474631468427646,60000,300,10.509461400000873,10.21875,True
cx0.1_mut0.3,0.1,0.3,test_6,5,19,561,43.95357964761634,42.606121921779994,60000,300,9.093428399999539,9.0,True
cx0.1_mut0.3,0.1,0.3,test_7,6,0,642,43.358224024285,41.445684438175334,60000,300,9.185539300000528,9.03125,True
cx0.1_mut0.3,0.1,0.3,test_7,6,1,643,37.86939668854418,35.86462271908417,60000,300,8.640491199999815,8.5,True
cx0.1_mut0.3,0.1,0.3,test_7,6,2,644,34.466770354435276,33.00957197498949,60000,300,9.940075699996669,9.78125,True
cx0.1_mut0.3,0.1,0.3,test_7,6,3,645,32.0046336216511,30.072181506616953,60000,300,8.778960799998458,8.6875,True
cx0.1_mut0.3,0.1,0.3,test_7,6,4,646,33.16184388284587,31.50384114352503,60000,300,8.825429299999087,8.65625,True
cx0.1_mut0.3,0.1,0.3,test_7,6,5,647,38.27522989447345,36.777303033415556,60000,300,9.11834159999853,8.75,True
cx0.1_mut0.3,0.1,0.3,test_7,6,6,648,38.54438115639893,36.83765912638852,60000,300,9.700310600001103,9.421875,True
cx0.1_mut0.3,0.1,0.3,test_7,6,7,649,38.87045619841379,37.53982559829603,60000,300,8.334239399999205,8.046875,True
cx0.1_mut0.3,0.1,0.3,test_7,6,8,650,38.00454358241686,36.192297523835734,60000,300,9.407564699999057,8.921875,True
cx0.1_mut0.3,0.1,0.3,test_7,6,9,651,37.56835599451036,35.56124317346411,60000,300,10.095170600001438,9.8125,True
cx0.1_mut0.3,0.1,0.3,test_7,6,10,652,36.86421069337893,35.28889544431501,60000,300,9.870806999999331,9.625,True
cx0.1_mut0.3,0.1,0.3,test_7,6,11,653,39.07348534032872,37.37007078754775,60000,300,9.365932000000612,9.078125,True
cx0.1_mut0.3,0.1,0.3,test_7,6,12,654,41.926025644701056,40.51485333342202,60000,300,8.985884800000349,8.609375,True
cx0.1_mut0.3,0.1,0.3,test_7,6,13,655,45.99191107819723,43.585656970040624,60000,300,9.675661799999943,9.5,True
cx0.1_mut0.3,0.1,0.3,test_7,6,14,656,36.53091490192359,34.66524730830946,60000,300,9.01730150000003,8.875,True
cx0.1_mut0.3,0.1,0.3,test_7,6,15,657,40.8126753736991,38.993821282395324,60000,300,9.176807399999234,9.09375,True
cx0.1_mut0.3,0.1,0.3,test_7,6,16,658,39.54763514384818,37.959984002243424,60000,300,9.535781500002486,9.484375,True
cx0.1_mut0.3,0.1,0.3,test_7,6,17,659,37.07434948776613,35.23840070301601,60000,300,8.816187600001285,8.71875,True
cx0.1_mut0.3,0.1,0.3,test_7,6,18,660,37.57228903389058,36.07889453194643,60000,300,9.17393169999923,8.984375,True
cx0.1_mut0.3,0.1,0.3,test_7,6,19,661,40.36465954835487,38.78795203681485,60000,300,9.653653599998506,9.484375,True
cx0.1_mut0.3,0.1,0.3,test_8,7,0,742,37.29748899107821,35.72984124021823,60000,300,9.224264300002687,8.953125,True
cx0.1_mut0.3,0.1,0.3,test_8,7,1,743,39.64526366910165,37.5982242437346,60000,300,9.354862899999716,8.890625,True
cx0.1_mut0.3,0.1,0.3,test_8,7,2,744,36.04774400293074,34.38651750804042,60000,300,8.49507640000229,8.421875,True
cx0.1_mut0.3,0.1,0.3,test_8,7,3,745,43.290284150010635,41.487526108283724,60000,300,9.166079100003117,9.03125,True
cx0.1_mut0.3,0.1,0.3,test_8,7,4,746,35.16010415850236,33.5177409291223,60000,300,9.045179400000052,8.875,True
cx0.1_mut0.3,0.1,0.3,test_8,7,5,747,36.386262599761466,34.72524381289689,60000,300,10.588911399998324,10.1875,True
cx0.1_mut0.3,0.1,0.3,test_8,7,6,748,41.668910223505314,39.97271758848825,60000,300,9.203517699999793,8.953125,True
cx0.1_mut0.3,0.1,0.3,test_8,7,7,749,39.61967843272547,37.86504354015341,60000,300,9.08317199999874,8.890625,True
cx0.1_mut0.3,0.1,0.3,test_8,7,8,750,40.183440089546835,38.26608923548609,60000,300,8.816419700000552,8.640625,True
cx0.1_mut0.3,0.1,0.3,test_8,7,9,751,32.792596764770074,31.133608822992585,60000,300,10.311291999998502,9.9375,True
cx0.1_mut0.3,0.1,0.3,test_8,7,10,752,34.9530878305283,33.340368788846604,60000,300,8.996666999999434,8.828125,True
cx0.1_mut0.3,0.1,0.3,test_8,7,11,753,37.179456256652784,35.65704534646948,60000,300,9.399292699999933,9.0,True
cx0.1_mut0.3,0.1,0.3,test_8,7,12,754,38.32022632415115,36.60411052929425,60000,300,7.911992500001361,7.765625,True
cx0.1_mut0.3,0.1,0.3,test_8,7,13,755,42.21345221669145,40.26972513033037,60000,300,9.838390799999615,9.703125,True
cx0.1_mut0.3,0.1,0.3,test_8,7,14,756,35.42648583180778,33.9163947051573,60000,300,9.776490500000364,9.6875,True
cx0.1_mut0.3,0.1,0.3,test_8,7,15,757,38.195100827975466,36.40377651327817,60000,300,9.908401900000172,9.75,True
cx0.1_mut0.3,0.1,0.3,test_8,7,16,758,38.910111741088656,37.216015645935876,60000,300,9.66971559999729,9.65625,True
cx0.1_mut0.3,0.1,0.3,test_8,7,17,759,37.46587329038504,35.68425608972473,60000,300,10.051902600000176,9.96875,True
cx0.1_mut0.3,0.1,0.3,test_8,7,18,760,41.05569613250476,38.69811517863184,60000,300,8.194314000000304,8.09375,True
cx0.1_mut0.3,0.1,0.3,test_8,7,19,761,39.260592452701665,37.48049855208582,60000,300,7.672732300001371,7.609375,True
cx0.1_mut0.3,0.1,0.3,test_9,8,0,842,32.874598761579385,31.693350198206318,60000,300,8.027666899997712,7.953125,True
cx0.1_mut0.3,0.1,0.3,test_9,8,1,843,46.99806552926332,45.678127819964295,60000,300,8.164866600000096,8.046875,True
cx0.1_mut0.3,0.1,0.3,test_9,8,2,844,35.08078015331124,33.67011735895721,60000,300,8.1714221000002,8.140625,True
cx0.1_mut0.3,0.1,0.3,test_9,8,3,845,37.15906019134101,35.73860302910258,60000,300,7.303065200001583,7.265625,True
cx0.1_mut0.3,0.1,0.3,test_9,8,4,846,39.92840135910543,38.402348671317135,60000,300,7.962896400000318,7.9375,True
cx0.1_mut0.3,0.1,0.3,test_9,8,5,847,41.66086646959492,40.048594244213014,60000,300,8.988432900001499,8.953125,True
cx0.1_mut0.3,0.1,0.3,test_9,8,6,848,38.43432251603985,37.05466743015454,60000,300,8.317033299998002,8.015625,True
cx0.1_mut0.3,0.1,0.3,test_9,8,7,849,44.702772421009,43.21683062444957,60000,300,7.786491999999271,7.703125,True
cx0.1_mut0.3,0.1,0.3,test_9,8,8,850,35.0398769968206,33.44797857964713,60000,300,7.781522199999017,7.703125,True
cx0.1_mut0.3,0.1,0.3,test_9,8,9,851,39.84584569550425,38.23523694197441,60000,300,8.517242300000362,8.390625,True
cx0.1_mut0.3,0.1,0.3,test_9,8,10,852,41.83334037929736,40.616321061841745,60000,300,9.458401600000798,9.40625,True
cx0.1_mut0.3,0.1,0.3,test_9,8,11,853,38.9694671271853,37.24629094843695,60000,300,8.194927300002746,8.140625,True
cx0.1_mut0.3,0.1,0.3,test_9,8,12,854,43.19344438084546,41.36226711338333,60000,300,9.911179799997626,9.875,True
cx0.1_mut0.3,0.1,0.3,test_9,8,13,855,44.48366410084774,42.48392749984612,60000,300,9.601217200000974,9.546875,True
cx0.1_mut0.3,0.1,0.3,test_9,8,14,856,35.72574433531563,34.688480198636256,60000,300,9.53492560000086,9.5,True
cx0.1_mut0.3,0.1,0.3,test_9,8,15,857,38.84772403008354,37.15581274864636,60000,300,9.524878000000172,9.484375,True
cx0.1_mut0.3,0.1,0.3,test_9,8,16,858,44.44715666521427,43.098746512374404,60000,300,8.662821400001121,8.640625,True
cx0.1_mut0.3,0.1,0.3,test_9,8,17,859,43.881075353997254,42.32432784238419,60000,300,9.031559999999445,8.96875,True
cx0.1_mut0.3,0.1,0.3,test_9,8,18,860,33.632288952359964,32.39404400700133,60000,300,8.212837700000819,7.953125,True
cx0.1_mut0.3,0.1,0.3,test_9,8,19,861,40.53259001495236,39.009637127876715,60000,300,8.639283100001194,8.25,True
cx0.1_mut0.3,0.1,0.3,test_10,9,0,942,41.61270280471977,40.2733593805941,60000,300,9.863311199998861,9.296875,True
cx0.1_mut0.3,0.1,0.3,test_10,9,1,943,45.65712969999986,43.83786525911918,60000,300,10.203535100001318,9.828125,True
cx0.1_mut0.3,0.1,0.3,test_10,9,2,944,38.450933191132904,36.82303316678761,60000,300,9.201736399998481,8.8125,True
cx0.1_mut0.3,0.1,0.3,test_10,9,3,945,46.486084336777715,44.72179675880795,60000,300,8.440993000000162,8.265625,True
cx0.1_mut0.3,0.1,0.3,test_10,9,4,946,38.99816015836155,37.54784832119215,60000,300,9.377097499997035,9.171875,True
cx0.1_mut0.3,0.1,0.3,test_10,9,5,947,37.15239415148235,35.47352749900288,60000,300,9.56677910000144,9.03125,True
cx0.1_mut0.3,0.1,0.3,test_10,9,6,948,34.29817531826862,32.78519148556718,60000,300,9.833108400001947,9.78125,True
cx0.1_mut0.3,0.1,0.3,test_10,9,7,949,32.62720677783448,31.23231234056981,60000,300,8.63601490000292,8.515625,True
cx0.1_mut0.3,0.1,0.3,test_10,9,8,950,42.95383606380422,41.45739950013004,60000,300,9.237119499997789,8.71875,True
cx0.1_mut0.3,0.1,0.3,test_10,9,9,951,35.87666335209496,34.64185396646931,60000,300,9.307266700001492,9.015625,True
cx0.1_mut0.3,0.1,0.3,test_10,9,10,952,34.41928004202196,32.89502577259757,60000,300,10.632368800001132,9.625,True
cx0.1_mut0.3,0.1,0.3,test_10,9,11,953,42.98948727588596,41.363778662684155,60000,300,8.697787999997672,8.515625,True
cx0.1_mut0.3,0.1,0.3,test_10,9,12,954,42.544357697315945,41.054787489780615,60000,300,9.611415299998043,9.171875,True
cx0.1_mut0.3,0.1,0.3,test_10,9,13,955,45.09811797972025,43.455695860954684,60000,300,9.39613449999888,8.953125,True
cx0.1_mut0.3,0.1,0.3,test_10,9,14,956,43.17265037321729,41.960674454542335,60000,300,7.397056800000428,7.234375,True
cx0.1_mut0.3,0.1,0.3,test_10,9,15,957,33.968765145000965,32.42150476933103,60000,300,7.653306000000157,7.640625,True
cx0.1_mut0.3,0.1,0.3,test_10,9,16,958,38.53315846679698,37.283198268733656,60000,300,11.239388800000597,10.390625,True
cx0.1_mut0.3,0.1,0.3,test_10,9,17,959,42.01345952071702,40.258474162603385,60000,300,9.408093499998358,9.140625,True
cx0.1_mut0.3,0.1,0.3,test_10,9,18,960,44.752669478539154,42.86333226621724,60000,300,9.163816600001155,8.484375,True
cx0.1_mut0.3,0.1,0.3,test_10,9,19,961,45.33614841374838,43.62602361121155,60000,300,9.282736200002546,8.859375,True
cx0.1_mut0.5,0.1,0.5,test_1,0,0,42,47.3140553245913,45.65868641783139,60000,300,8.409777199998643,7.75,True
cx0.1_mut0.5,0.1,0.5,test_1,0,1,43,54.14337729703296,51.96996624550022,60000,300,8.787442100001499,8.46875,True
cx0.1_mut0.5,0.1,0.5,test_1,0,2,44,41.40869725369701,39.47395133061316,60000,300,9.460746200002177,9.203125,True
cx0.1_mut0.5,0.1,0.5,test_1,0,3,45,46.85005479091732,44.80268346943587,60000,300,8.57677010000043,8.421875,True
cx0.1_mut0.5,0.1,0.5,test_1,0,4,46,48.234612675683216,46.385465321580526,60000,300,7.888788899999781,7.765625,True
cx0.1_mut0.5,0.1,0.5,test_1,0,5,47,49.278375570739925,47.242128872421844,60000,300,8.059164400001464,7.953125,True
cx0.1_mut0.5,0.1,0.5,test_1,0,6,48,50.93266223166465,49.281377012053376,60000,300,8.478961099997832,8.359375,True
cx0.1_mut0.5,0.1,0.5,test_1,0,7,49,53.287317176341546,51.37462925305037,60000,300,8.54184610000084,8.453125,True
cx0.1_mut0.5,0.1,0.5,test_1,0,8,50,46.66961182823263,44.98073532071774,60000,300,8.03068920000078,7.96875,True
cx0.1_mut0.5,0.1,0.5,test_1,0,9,51,44.2486018710355,42.36197627739133,60000,300,8.513936700001068,8.375,True
cx0.1_mut0.5,0.1,0.5,test_1,0,10,52,48.77000326873308,46.44102948860777,60000,300,8.1433990000005,8.078125,True
cx0.1_mut0.5,0.1,0.5,test_1,0,11,53,50.34549761081313,48.56602381606828,60000,300,7.836342099999456,7.84375,True
cx0.1_mut0.5,0.1,0.5,test_1,0,12,54,47.96766143725,46.036669960911496,60000,300,8.510649399999238,8.5,True
cx0.1_mut0.5,0.1,0.5,test_1,0,13,55,49.80903994649821,48.146136358737735,60000,300,8.222737100000813,8.171875,True
cx0.1_mut0.5,0.1,0.5,test_1,0,14,56,44.46243974140773,42.403936737611986,60000,300,8.777534299999388,8.703125,True
cx0.1_mut0.5,0.1,0.5,test_1,0,15,57,46.24493140693828,44.708703783819914,60000,300,7.700622199998179,7.65625,True
cx0.1_mut0.5,0.1,0.5,test_1,0,16,58,46.01045599569931,44.08196914576082,60000,300,8.272159700001794,8.21875,True
cx0.1_mut0.5,0.1,0.5,test_1,0,17,59,50.99112016001538,48.79957728085547,60000,300,7.970382999999856,7.921875,True
cx0.1_mut0.5,0.1,0.5,test_1,0,18,60,43.56607170485391,41.75303134081224,60000,300,7.92048540000178,7.90625,True
cx0.1_mut0.5,0.1,0.5,test_1,0,19,61,49.47583801719866,47.766555913069595,60000,300,8.87569060000169,8.75,True
cx0.1_mut0.5,0.1,0.5,test_2,1,0,142,38.946961642082655,37.12496315360096,60000,300,8.351328400000057,8.15625,True
cx0.1_mut0.5,0.1,0.5,test_2,1,1,143,47.51379963103773,45.83625460737646,60000,300,8.305576799997652,8.234375,True
cx0.1_mut0.5,0.1,0.5,test_2,1,2,144,41.18417661531851,39.29126874063421,60000,300,8.289247900000191,8.140625,True
cx0.1_mut0.5,0.1,0.5,test_2,1,3,145,36.62513217624128,35.082003811807475,60000,300,9.207414299999073,8.984375,True
cx0.1_mut0.5,0.1,0.5,test_2,1,4,146,41.680572789849755,39.98851887435152,60000,300,8.21937009999965,8.046875,True
cx0.1_mut0.5,0.1,0.5,test_2,1,5,147,45.48116605495725,43.7413840333252,60000,300,8.004222499999742,8.0,True
cx0.1_mut0.5,0.1,0.5,test_2,1,6,148,47.28570609115799,45.72229878530532,60000,300,8.09654479999881,7.96875,True
cx0.1_mut0.5,0.1,0.5,test_2,1,7,149,38.28591699732175,36.53732903016703,60000,300,8.658666699997411,8.5625,True
cx0.1_mut0.5,0.1,0.5,test_2,1,8,150,41.19925746312691,39.65547352061211,60000,300,9.13497720000305,9.03125,True
cx0.1_mut0.5,0.1,0.5,test_2,1,9,151,44.58816386440454,43.110473893944906,60000,300,8.808069899998372,8.6875,True
cx0.1_mut0.5,0.1,0.5,test_2,1,10,152,39.6169579530471,37.585645754103766,60000,300,7.886080299998866,7.8125,True
cx0.1_mut0.5,0.1,0.5,test_2,1,11,153,43.633065071042644,41.996225112586956,60000,300,8.292487399998208,8.09375,True
cx0.1_mut0.5,0.1,0.5,test_2,1,12,154,42.96470392996028,41.217013856488286,60000,300,8.039313599998422,7.921875,True
cx0.1_mut0.5,0.1,0.5,test_2,1,13,155,42.72519236136641,40.98734669638539,60000,300,8.351896100000886,8.296875,True
cx0.1_mut0.5,0.1,0.5,test_2,1,14,156,39.04836476295724,37.64845233884641,60000,300,8.395201299998007,8.34375,True
cx0.1_mut0.5,0.1,0.5,test_2,1,15,157,48.21984888546514,46.3156982593952,60000,300,8.452386499997374,8.421875,True
cx0.1_mut0.5,0.1,0.5,test_2,1,16,158,36.30484592404475,34.70569424921124,60000,300,9.349089000003005,9.0,True
cx0.1_mut0.5,0.1,0.5,test_2,1,17,159,38.66169739737669,36.98102752457455,60000,300,10.930597800001124,10.421875,True
cx0.1_mut0.5,0.1,0.5,test_2,1,18,160,35.04157907244395,33.85118411811239,60000,300,9.944578900001943,9.53125,True
cx0.1_mut0.5,0.1,0.5,test_2,1,19,161,40.97457287662048,39.42932892673038,60000,300,9.112579900000128,8.9375,True
cx0.1_mut0.5,0.1,0.5,test_3,2,0,242,50.34704808919914,48.432793764456065,60000,300,8.966285900001822,8.859375,True
cx0.1_mut0.5,0.1,0.5,test_3,2,1,243,41.41724267174694,39.63763036465255,60000,300,10.614497500002471,10.25,True
cx0.1_mut0.5,0.1,0.5,test_3,2,2,244,51.27258155881938,49.30559941084049,60000,300,9.126531500001875,8.9375,True
cx0.1_mut0.5,0.1,0.5,test_3,2,3,245,48.2418451051758,45.708956719909025,60000,300,9.336695699999837,9.046875,True
cx0.1_mut0.5,0.1,0.5,test_3,2,4,246,45.259660949895945,43.50083531574483,60000,300,10.287790100002894,9.890625,True
cx0.1_mut0.5,0.1,0.5,test_3,2,5,247,40.462218864336705,38.89355045966716,60000,300,9.68686119999984,9.421875,True
cx0.1_mut0.5,0.1,0.5,test_3,2,6,248,44.280305876815106,42.398517300092806,60000,300,9.651942400003463,9.359375,True
cx0.1_mut0.5,0.1,0.5,test_3,2,7,249,39.606301274270145,37.69177631086572,60000,300,9.332648300001892,9.03125,True
cx0.1_mut0.5,0.1,0.5,test_3,2,8,250,48.563614220196996,47.12667825579325,60000,300,10.45358860000124,10.09375,True
cx0.1_mut0.5,0.1,0.5,test_3,2,9,251,42.156255585102336,40.59154304069403,60000,300,9.836868599999434,9.546875,True
cx0.1_mut0.5,0.1,0.5,test_3,2,10,252,46.49186572056539,44.35663387141781,60000,300,9.12851750000118,8.734375,True
cx0.1_mut0.5,0.1,0.5,test_3,2,11,253,47.57454992907142,45.786298111916594,60000,300,9.0173117000013,8.90625,True
cx0.1_mut0.5,0.1,0.5,test_3,2,12,254,51.064184951992765,49.172556802091776,60000,300,9.521608400002151,9.46875,True
cx0.1_mut0.5,0.1,0.5,test_3,2,13,255,56.69507810126502,54.766799370436,60000,300,9.397066599998652,9.1875,True
cx0.1_mut0.5,0.1,0.5,test_3,2,14,256,45.094316384347266,43.23186904929228,60000,300,9.71973380000054,9.640625,True
cx0.1_mut0.5,0.1,0.5,test_3,2,15,257,43.68623586549545,42.04862384394348,60000,300,9.632318799998757,9.484375,True
cx0.1_mut0.5,0.1,0.5,test_3,2,16,258,43.598325440416566,41.521705951453,60000,300,11.510082700002386,11.109375,True
cx0.1_mut0.5,0.1,0.5,test_3,2,17,259,46.19893323520441,44.429818034368765,60000,300,9.40290339999774,9.234375,True
cx0.1_mut0.5,0.1,0.5,test_3,2,18,260,43.20439148105175,41.408805011794456,60000,300,10.693167499997799,10.578125,True
cx0.1_mut0.5,0.1,0.5,test_3,2,19,261,50.320930095888116,48.254911288844625,60000,300,8.782530799999222,8.6875,True
cx0.1_mut0.5,0.1,0.5,test_4,3,0,342,37.709777778763865,36.34548504194314,60000,300,9.469393300001684,9.359375,True
cx0.1_mut0.5,0.1,0.5,test_4,3,1,343,43.06057934148358,41.15527484398798,60000,300,9.475232399996457,9.375,True
cx0.1_mut0.5,0.1,0.5,test_4,3,2,344,37.18741572738674,35.656780163115236,60000,300,9.534361799996987,9.5,True
cx0.1_mut0.5,0.1,0.5,test_4,3,3,345,38.20235855072699,36.71070166890314,60000,300,9.113126900003408,9.015625,True
cx0.1_mut0.5,0.1,0.5,test_4,3,4,346,42.987902671025935,41.12806527874807,60000,300,9.756817199999205,9.578125,True
cx0.1_mut0.5,0.1,0.5,test_4,3,5,347,38.133405437184024,36.36179539205036,60000,300,9.652351500000805,9.484375,True
cx0.1_mut0.5,0.1,0.5,test_4,3,6,348,34.01705273395897,32.48095037197958,60000,300,9.005633499997202,8.875,True
cx0.1_mut0.5,0.1,0.5,test_4,3,7,349,43.2088642568397,41.49162044847727,60000,300,8.778379699997458,8.640625,True
cx0.1_mut0.5,0.1,0.5,test_4,3,8,350,43.37633143844854,41.377070420561125,60000,300,10.848786599999585,10.109375,True
cx0.1_mut0.5,0.1,0.5,test_4,3,9,351,36.62010259810332,35.107604731254405,60000,300,9.569507099997281,9.40625,True
cx0.1_mut0.5,0.1,0.5,test_4,3,10,352,40.209388525121895,38.52489991080347,60000,300,9.864711299996998,9.46875,True
cx0.1_mut0.5,0.1,0.5,test_4,3,11,353,42.48967116771106,40.69727700130808,60000,300,9.90511830000105,9.671875,True
cx0.1_mut0.5,0.1,0.5,test_4,3,12,354,35.80952700898332,34.41484368557163,60000,300,10.30302010000014,9.953125,True
cx0.1_mut0.5,0.1,0.5,test_4,3,13,355,41.10737694520457,39.61669784753707,60000,300,8.898819199999707,8.6875,True
cx0.1_mut0.5,0.1,0.5,test_4,3,14,356,41.80991852359864,40.46095341621477,60000,300,9.904512099998101,9.703125,True
cx0.1_mut0.5,0.1,0.5,test_4,3,15,357,41.499964720794516,39.961535544148944,60000,300,9.79030689999854,9.578125,True
cx0.1_mut0.5,0.1,0.5,test_4,3,16,358,37.12696863194153,35.43137406537063,60000,300,10.412985400002071,10.1875,True
cx0.1_mut0.5,0.1,0.5,test_4,3,17,359,36.06532247258949,34.59500227104773,60000,300,9.221422299997357,8.984375,True
cx0.1_mut0.5,0.1,0.5,test_4,3,18,360,40.09479242099179,38.3007089468831,60000,300,9.494532299999264,9.265625,True
cx0.1_mut0.5,0.1,0.5,test_4,3,19,361,35.4428240040963,33.69672126643172,60000,300,9.680551199999172,9.515625,True
cx0.1_mut0.5,0.1,0.5,test_5,4,0,442,42.24093963167582,40.74200362124733,60000,300,9.70972029999757,9.40625,True
cx0.1_mut0.5,0.1,0.5,test_5,4,1,443,47.366005825010646,45.759008882106016,60000,300,9.75338130000091,9.609375,True
cx0.1_mut0.5,0.1,0.5,test_5,4,2,444,42.75415349588281,40.7707185447259,60000,300,9.368406599998707,9.296875,True
cx0.1_mut0.5,0.1,0.5,test_5,4,3,445,53.80277584878045,52.34609119593075,60000,300,9.81669619999957,9.65625,True
cx0.1_mut0.5,0.1,0.5,test_5,4,4,446,46.08488491008039,44.07782586740289,60000,300,10.374754699998448,10.046875,True
cx0.1_mut0.5,0.1,0.5,test_5,4,5,447,51.722250967177516,49.94010626837115,60000,300,9.74159520000103,9.5625,True
cx0.1_mut0.5,0.1,0.5,test_5,4,6,448,37.03028347646572,35.12219626042761,60000,300,9.564984500000719,9.375,True
cx0.1_mut0.5,0.1,0.5,test_5,4,7,449,41.59755035983183,40.053224945773025,60000,300,9.088700300002529,8.921875,True
cx0.1_mut0.5,0.1,0.5,test_5,4,8,450,49.12267493585541,47.56901715005308,60000,300,10.032633499999065,9.703125,True
cx0.1_mut0.5,0.1,0.5,test_5,4,9,451,45.499553508508455,43.71734922357436,60000,300,9.775849000001472,9.515625,True
cx0.1_mut0.5,0.1,0.5,test_5,4,10,452,43.26082824789226,41.63005984753872,60000,300,8.668735999999626,8.59375,True
cx0.1_mut0.5,0.1,0.5,test_5,4,11,453,53.653503266466,51.94620068034923,60000,300,9.183406700001797,9.125,True
cx0.1_mut0.5,0.1,0.5,test_5,4,12,454,48.563257468171415,47.06972317954162,60000,300,8.92427780000071,8.71875,True
cx0.1_mut0.5,0.1,0.5,test_5,4,13,455,44.274397805502964,42.34152569097945,60000,300,9.12169300000096,8.953125,True
cx0.1_mut0.5,0.1,0.5,test_5,4,14,456,43.441238505315155,41.88888313792264,60000,300,9.322594699999172,8.921875,True
cx0.1_mut0.5,0.1,0.5,test_5,4,15,457,48.55278994115695,46.79242874253616,60000,300,9.171804100002191,8.8125,True
cx0.1_mut0.5,0.1,0.5,test_5,4,16,458,45.748595872044284,44.0971788997721,60000,300,9.303253400001267,9.0625,True
cx0.1_mut0.5,0.1,0.5,test_5,4,17,459,55.84941382675179,53.676703407644,60000,300,9.186194899997645,8.765625,True
cx0.1_mut0.5,0.1,0.5,test_5,4,18,460,44.893683152509695,43.24733390789521,60000,300,9.049345600000379,8.421875,True
cx0.1_mut0.5,0.1,0.5,test_5,4,19,461,43.53189965238002,41.73387419411227,60000,300,10.552004899996973,9.921875,True
cx0.1_mut0.5,0.1,0.5,test_6,5,0,542,41.911404460990575,40.27886452096939,60000,300,9.23764089999895,9.109375,True
cx0.1_mut0.5,0.1,0.5,test_6,5,1,543,43.91350695639435,42.20102502047647,60000,300,9.773521600000095,9.5625,True
cx0.1_mut0.5,0.1,0.5,test_6,5,2,544,37.90591259093996,36.23840096655783,60000,300,9.706950700001471,9.5,True
cx0.1_mut0.5,0.1,0.5,test_6,5,3,545,46.77028989041094,44.93619852987842,60000,300,10.171071900000243,9.453125,True
cx0.1_mut0.5,0.1,0.5,test_6,5,4,546,42.51385119319406,40.71181470545553,60000,300,9.091017799997644,8.734375,True
cx0.1_mut0.5,0.1,0.5,test_6,5,5,547,43.995261461754254,42.08843730167269,60000,300,9.077760600001056,8.53125,True
cx0.1_mut0.5,0.1,0.5,test_6,5,6,548,43.74091274958652,42.07427201271738,60000,300,9.627512600000045,9.40625,True
cx0.1_mut0.5,0.1,0.5,test_6,5,7,549,41.35725050092523,39.64754938191442,60000,300,11.053210600002785,10.109375,True
cx0.1_mut0.5,0.1,0.5,test_6,5,8,550,46.50354121522332,44.806269482791,60000,300,11.288693800001056,11.03125,True
cx0.1_mut0.5,0.1,0.5,test_6,5,9,551,43.78978688185346,42.08066014563785,60000,300,10.335083300000406,9.6875,True
cx0.1_mut0.5,0.1,0.5,test_6,5,10,552,44.16421046009999,42.4745502260167,60000,300,10.7859572999987,10.390625,True
cx0.1_mut0.5,0.1,0.5,test_6,5,11,553,48.106593494216206,46.589448053113095,60000,300,10.055716599999869,9.6875,True
cx0.1_mut0.5,0.1,0.5,test_6,5,12,554,37.202414626727865,35.522662547505796,60000,300,10.028337399999145,9.765625,True
cx0.1_mut0.5,0.1,0.5,test_6,5,13,555,40.608222891572574,39.22500350052007,60000,300,10.029797200000758,9.796875,True
cx0.1_mut0.5,0.1,0.5,test_6,5,14,556,42.87910215382735,40.95623067437387,60000,300,9.76482180000312,9.53125,True
cx0.1_mut0.5,0.1,0.5,test_6,5,15,557,44.773109967109505,43.02089952963665,60000,300,9.46394220000002,9.34375,True
cx0.1_mut0.5,0.1,0.5,test_6,5,16,558,38.57187290926533,36.97308372160657,60000,300,10.194730499999423,9.984375,True
cx0.1_mut0.5,0.1,0.5,test_6,5,17,559,40.91971822402161,39.10154033355971,60000,300,9.613500400002522,9.375,True
cx0.1_mut0.5,0.1,0.5,test_6,5,18,560,53.36770063643175,51.76159035326142,60000,300,10.628907099999196,10.328125,True
cx0.1_mut0.5,0.1,0.5,test_6,5,19,561,42.810402633260935,41.06514462716115,60000,300,9.94600299999729,9.75,True
cx0.1_mut0.5,0.1,0.5,test_7,6,0,642,38.854763638446855,37.294599694492064,60000,300,9.183294500002376,9.078125,True
cx0.1_mut0.5,0.1,0.5,test_7,6,1,643,45.27108724693199,43.21289694892502,60000,300,9.771763999997347,9.625,True
cx0.1_mut0.5,0.1,0.5,test_7,6,2,644,48.59298876723203,46.90209787832423,60000,300,9.823664799998369,9.5,True
cx0.1_mut0.5,0.1,0.5,test_7,6,3,645,39.566439482493166,37.70927017241935,60000,300,9.452994499999477,9.265625,True
cx0.1_mut0.5,0.1,0.5,test_7,6,4,646,50.768931171104825,48.722509623164456,60000,300,10.033837000002677,9.703125,True
cx0.1_mut0.5,0.1,0.5,test_7,6,5,647,40.389859149796855,38.46053922143718,60000,300,9.611003000001801,9.25,True
cx0.1_mut0.5,0.1,0.5,test_7,6,6,648,37.1547513964865,35.30744488501635,60000,300,10.061838000001444,9.78125,True
cx0.1_mut0.5,0.1,0.5,test_7,6,7,649,45.764722565297106,44.24495217510112,60000,300,9.676647899999807,9.40625,True
cx0.1_mut0.5,0.1,0.5,test_7,6,8,650,36.47816513160955,34.60361063055049,60000,300,9.328061799998977,8.953125,True
cx0.1_mut0.5,0.1,0.5,test_7,6,9,651,46.82856137374615,44.85636620268117,60000,300,9.440972000000329,9.25,True
cx0.1_mut0.5,0.1,0.5,test_7,6,10,652,42.13446711097503,40.40426950244627,60000,300,10.103708700000425,9.859375,True
cx0.1_mut0.5,0.1,0.5,test_7,6,11,653,41.49172861490177,39.65090892477555,60000,300,9.285722199998418,8.9375,True
cx0.1_mut0.5,0.1,0.5,test_7,6,12,654,39.4063995611198,37.713583757977695,60000,300,9.230785299998388,8.828125,True
cx0.1_mut0.5,0.1,0.5,test_7,6,13,655,40.023208406783986,38.40614689931976,60000,300,9.736040800002229,9.5,True
cx0.1_mut0.5,0.1,0.5,test_7,6,14,656,40.59233323109007,38.96563046760416,60000,300,9.872552300003008,9.78125,True
cx0.1_mut0.5,0.1,0.5,test_7,6,15,657,38.00608958261092,36.313036732347,60000,300,9.147606900001847,9.03125,True
cx0.1_mut0.5,0.1,0.5,test_7,6,16,658,38.17520267486561,36.49645434392421,60000,300,9.438501000000542,9.265625,True
cx0.1_mut0.5,0.1,0.5,test_7,6,17,659,47.17019375811233,45.330371184014076,60000,300,9.300991500000237,9.203125,True
cx0.1_mut0.5,0.1,0.5,test_7,6,18,660,45.82898248977409,43.94599307304595,60000,300,9.892395599999873,9.78125,True
cx0.1_mut0.5,0.1,0.5,test_7,6,19,661,51.88807893111589,50.0699900340268,60000,300,9.942208000000392,9.84375,True
cx0.1_mut0.5,0.1,0.5,test_8,7,0,742,45.8664144102566,43.75970915132993,60000,300,9.891975599999569,9.78125,True
cx0.1_mut0.5,0.1,0.5,test_8,7,1,743,43.7861786187056,41.97061572074586,60000,300,10.598679700000503,10.203125,True
cx0.1_mut0.5,0.1,0.5,test_8,7,2,744,44.98620102323381,43.024755149327554,60000,300,10.309487400001672,10.03125,True
cx0.1_mut0.5,0.1,0.5,test_8,7,3,745,50.10534372765569,48.319723792870406,60000,300,9.116618100000778,9.0,True
cx0.1_mut0.5,0.1,0.5,test_8,7,4,746,46.75840998313402,45.42333702054587,60000,300,9.925117399998271,9.625,True
cx0.1_mut0.5,0.1,0.5,test_8,7,5,747,49.9280078964655,48.07982698707834,60000,300,10.721249100002751,10.375,True
cx0.1_mut0.5,0.1,0.5,test_8,7,6,748,39.78614382219384,38.129817998763315,60000,300,9.9699784000004,9.515625,True
cx0.1_mut0.5,0.1,0.5,test_8,7,7,749,43.02133015061815,41.206211572581495,60000,300,9.945591399999103,9.703125,True
cx0.1_mut0.5,0.1,0.5,test_8,7,8,750,41.496385732163276,39.6877837484064,60000,300,9.795879799999966,9.546875,True
cx0.1_mut0.5,0.1,0.5,test_8,7,9,751,41.88618056879624,40.35308358538823,60000,300,10.293550700000196,9.90625,True
cx0.1_mut0.5,0.1,0.5,test_8,7,10,752,41.53763319462432,39.51291612550024,60000,300,10.270133599999099,9.890625,True
cx0.1_mut0.5,0.1,0.5,test_8,7,11,753,45.89399231720715,43.92029723747157,60000,300,9.732128399999056,9.40625,True
cx0.1_mut0.5,0.1,0.5,test_8,7,12,754,38.67450190555928,37.0542033682125,60000,300,9.24939390000145,9.0625,True
cx0.1_mut0.5,0.1,0.5,test_8,7,13,755,37.98156805557678,36.03114900567835,60000,300,9.482910900002025,9.4375,True
cx0.1_mut0.5,0.1,0.5,test_8,7,14,756,49.63603844742083,47.568866621868644,60000,300,8.911241300000256,8.765625,True
cx0.1_mut0.5,0.1,0.5,test_8,7,15,757,46.028859351134244,44.036064909067264,60000,300,10.24668119999842,9.890625,True
cx0.1_mut0.5,0.1,0.5,test_8,7,16,758,43.71838337745185,42.01642445746448,60000,300,10.514051499998459,10.46875,True
cx0.1_mut0.5,0.1,0.5,test_8,7,17,759,40.4887648007676,38.568571214679196,60000,300,9.391400799999246,9.296875,True
cx0.1_mut0.5,0.1,0.5,test_8,7,18,760,43.67132884581225,41.87426859949493,60000,300,8.94512919999761,8.921875,True
cx0.1_mut0.5,0.1,0.5,test_8,7,19,761,39.97835374304442,38.2698452196192,60000,300,9.884075300000404,9.8125,True
cx0.1_mut0.5,0.1,0.5,test_9,8,0,842,45.44098248129264,43.64298650576101,60000,300,8.33956020000187,8.28125,True
cx0.1_mut0.5,0.1,0.5,test_9,8,1,843,43.73926124755011,42.09622095287099,60000,300,8.063579800000298,7.90625,True
cx0.1_mut0.5,0.1,0.5,test_9,8,2,844,40.61052845682981,38.921425805964894,60000,300,9.405660500000522,9.390625,True
cx0.1_mut0.5,0.1,0.5,test_9,8,3,845,41.62512699979913,39.68588594736542,60000,300,9.371988300001249,9.296875,True
cx0.1_mut0.5,0.1,0.5,test_9,8,4,846,48.07066619759013,46.23185429663339,60000,300,9.58337119999851,9.5625,True
cx0.1_mut0.5,0.1,0.5,test_9,8,5,847,40.27272241236679,38.809875378433794,60000,300,7.581203900001128,7.5,True
cx0.1_mut0.5,0.1,0.5,test_9,8,6,848,41.27002893449641,39.9752445840298,60000,300,9.549097700000857,9.234375,True
cx0.1_mut0.5,0.1,0.5,test_9,8,7,849,45.02636929926273,43.29827715805466,60000,300,10.007235900000524,9.875,True
cx0.1_mut0.5,0.1,0.5,test_9,8,8,850,50.42231712451655,48.850745950181434,60000,300,8.348344000001816,8.234375,True
cx0.1_mut0.5,0.1,0.5,test_9,8,9,851,45.67302361335189,43.74144223678695,60000,300,9.848875299998326,9.640625,True
cx0.1_mut0.5,0.1,0.5,test_9,8,10,852,39.96080159239624,38.40148855325889,60000,300,8.457090400002926,8.390625,True
cx0.1_mut0.5,0.1,0.5,test_9,8,11,853,41.351283162092365,39.89044359474558,60000,300,9.14407940000092,9.078125,True
cx0.1_mut0.5,0.1,0.5,test_9,8,12,854,45.72270123902266,43.95599991615333,60000,300,8.524543399998947,8.484375,True
cx0.1_mut0.5,0.1,0.5,test_9,8,13,855,52.698869870645034,50.36622108732853,60000,300,9.923334799997974,9.875,True
cx0.1_mut0.5,0.1,0.5,test_9,8,14,856,53.171800901110124,51.39274422228886,60000,300,8.31095710000227,8.28125,True
cx0.1_mut0.5,0.1,0.5,test_9,8,15,857,48.85175698825689,46.78849141716692,60000,300,8.280071400000452,8.25,True
cx0.1_mut0.5,0.1,0.5,test_9,8,16,858,50.080110971580005,48.476485698111,60000,300,9.157938799999101,9.109375,True
cx0.1_mut0.5,0.1,0.5,test_9,8,17,859,48.22920479076369,46.41047340953412,60000,300,10.328269300000102,10.296875,True
cx0.1_mut0.5,0.1,0.5,test_9,8,18,860,48.77455089780198,47.205229884844975,60000,300,8.069177900000795,8.0,True
cx0.1_mut0.5,0.1,0.5,test_9,8,19,861,45.9453684355335,44.28882335201664,60000,300,9.415832499998942,9.078125,True
cx0.1_mut0.5,0.1,0.5,test_10,9,0,942,47.80296710591071,45.94316948433948,60000,300,10.84378409999772,10.109375,True
cx0.1_mut0.5,0.1,0.5,test_10,9,1,943,46.82590562336792,45.25264048460407,60000,300,10.144375800002308,9.8125,True
cx0.1_mut0.5,0.1,0.5,test_10,9,2,944,41.12752478260313,39.403937851892515,60000,300,10.56193920000078,10.109375,True
cx0.1_mut0.5,0.1,0.5,test_10,9,3,945,43.49989891058998,41.63597867192062,60000,300,9.023292399997445,8.921875,True
cx0.1_mut0.5,0.1,0.5,test_10,9,4,946,39.82059857644388,38.283240326773,60000,300,9.532456300003105,8.96875,True
cx0.1_mut0.5,0.1,0.5,test_10,9,5,947,42.04935114573557,40.295217722339586,60000,300,10.401291199999832,9.9375,True
cx0.1_mut0.5,0.1,0.5,test_10,9,6,948,41.67336947371626,40.00763234154213,60000,300,8.359982699999819,8.203125,True
cx0.1_mut0.5,0.1,0.5,test_10,9,7,949,43.270720047321106,41.58637885017257,60000,300,8.619928300002357,8.484375,True
cx0.1_mut0.5,0.1,0.5,test_10,9,8,950,38.54740129127068,37.315228080298745,60000,300,9.699750499999936,9.328125,True
cx0.1_mut0.5,0.1,0.5,test_10,9,9,951,47.04500582928637,45.525467156634306,60000,300,10.442265800000314,10.234375,True
cx0.1_mut0.5,0.1,0.5,test_10,9,10,952,42.88065388428519,41.56572256200937,60000,300,10.834601399998064,10.046875,True
cx0.1_mut0.5,0.1,0.5,test_10,9,11,953,48.763654802113265,47.37544030944018,60000,300,9.595792100000835,9.375,True
cx0.1_mut0.5,0.1,0.5,test_10,9,12,954,39.88087732729379,38.45635508758079,60000,300,10.392360599998938,9.84375,True
cx0.1_mut0.5,0.1,0.5,test_10,9,13,955,50.406500189709504,48.91177221277977,60000,300,10.223412200000894,9.609375,True
cx0.1_mut0.5,0.1,0.5,test_10,9,14,956,44.500213327672704,42.712963957318216,60000,300,10.193667399998958,10.125,True
cx0.1_mut0.5,0.1,0.5,test_10,9,15,957,53.336248937379175,51.502320871279714,60000,300,9.686658800001169,9.59375,True
cx0.1_mut0.5,0.1,0.5,test_10,9,16,958,38.1807196336218,36.732914086552604,60000,300,9.504926100002194,8.78125,True
cx0.1_mut0.5,0.1,0.5,test_10,9,17,959,41.435064828771246,39.54087633115178,60000,300,10.110874300000432,9.734375,True
cx0.1_mut0.5,0.1,0.5,test_10,9,18,960,47.95836902948181,46.03287720275874,60000,300,10.337439599999925,9.84375,True
cx0.1_mut0.5,0.1,0.5,test_10,9,19,961,48.608166123605386,47.04464154352441,60000,300,10.549107400001958,10.109375,True
cx0.3_mut0.001,0.3,0.001,test_1,0,0,42,54.42861630882119,52.67853395886999,60000,300,9.010816999998497,8.5625,True
cx0.3_mut0.001,0.3,0.001,test_1,0,1,43,51.902701909526726,50.17942850734632,60000,300,8.40316249999887,8.125,True
cx0.3_mut0.001,0.3,0.001,test_1,0,2,44,49.47491996573812,47.60005598369152,60000,300,11.706855700002052,11.296875,True
cx0.3_mut0.001,0.3,0.001,test_1,0,3,45,51.20585343531092,49.08376979061733,60000,300,8.651443099999597,8.5,True
cx0.3_mut0.001,0.3,0.001,test_1,0,4,46,55.450161891986575,53.68647125345747,60000,300,8.779857000001357,8.59375,True
cx0.3_mut0.001,0.3,0.001,test_1,0,5,47,47.54852862032509,46.17749616509886,60000,300,10.93978799999968,10.734375,True
cx0.3_mut0.001,0.3,0.001,test_1,0,6,48,63.619295428519166,61.4009313663901,60000,300,10.623825399998168,10.484375,True
cx0.3_mut0.001,0.3,0.001,test_1,0,7,49,52.27885548608341,50.53657845255264,60000,300,8.568068200002017,8.515625,True
cx0.3_mut0.001,0.3,0.001,test_1,0,8,50,49.79248965604263,47.96563706805454,60000,300,7.627226500000688,7.578125,True
cx0.3_mut0.001,0.3,0.001,test_1,0,9,51,56.66039237115348,54.95273352462803,60000,300,8.872911900001782,8.8125,True
cx0.3_mut0.001,0.3,0.001,test_1,0,10,52,42.83614574686352,41.17871027251694,60000,300,8.010589400000754,7.9375,True
cx0.3_mut0.001,0.3,0.001,test_1,0,11,53,58.047326206686826,56.6268154130588,60000,300,9.014619999998104,8.9375,True
cx0.3_mut0.001,0.3,0.001,test_1,0,12,54,54.419998631087736,52.720260548321306,60000,300,9.346018600001116,9.296875,True
cx0.3_mut0.001,0.3,0.001,test_1,0,13,55,69.16971365745916,66.99870130766875,60000,300,8.453265000000101,8.40625,True
cx0.3_mut0.001,0.3,0.001,test_1,0,14,56,54.10774087016913,52.17746843131421,60000,300,8.113820400001714,8.046875,True
cx0.3_mut0.001,0.3,0.001,test_1,0,15,57,49.716821394051074,47.50972618687862,60000,300,7.751172199998109,7.703125,True
cx0.3_mut0.001,0.3,0.001,test_1,0,16,58,51.83204760838183,49.94745575655803,60000,300,8.542725299997983,8.53125,True
cx0.3_mut0.001,0.3,0.001,test_1,0,17,59,48.67307293122436,46.94664290244493,60000,300,8.554332399999112,8.515625,True
cx0.3_mut0.001,0.3,0.001,test_1,0,18,60,54.85586546076462,53.0436588838169,60000,300,9.721472700002778,9.6875,True
cx0.3_mut0.001,0.3,0.001,test_1,0,19,61,50.72554950036567,49.338652304622144,60000,300,9.11348160000125,9.0625,True
cx0.3_mut0.001,0.3,0.001,test_2,1,0,142,46.92865279246546,44.991002143670634,60000,300,9.091234900002746,9.03125,True
cx0.3_mut0.001,0.3,0.001,test_2,1,1,143,57.75787397023272,56.0739246424675,60000,300,10.115846099997725,9.953125,True
cx0.3_mut0.001,0.3,0.001,test_2,1,2,144,53.767476193684175,51.758269709756725,60000,300,9.606872099997418,9.5,True
cx0.3_mut0.001,0.3,0.001,test_2,1,3,145,55.4249638070387,53.3982100213998,60000,300,10.733928199999355,10.4375,True
cx0.3_mut0.001,0.3,0.001,test_2,1,4,146,56.749353048266094,54.1633302786286,60000,300,9.219078599999193,9.140625,True
cx0.3_mut0.001,0.3,0.001,test_2,1,5,147,59.096042914162936,57.161692389498725,60000,300,8.68217630000072,8.609375,True
cx0.3_mut0.001,0.3,0.001,test_2,1,6,148,47.04616165961283,45.107757367183005,60000,300,8.274612900000648,8.25,True
cx0.3_mut0.001,0.3,0.001,test_2,1,7,149,49.69664805371172,47.90779152991029,60000,300,8.580605600000126,8.546875,True
cx0.3_mut0.001,0.3,0.001,test_2,1,8,150,43.82267850044902,42.21635074078605,60000,300,10.651941700001771,10.578125,True
cx0.3_mut0.001,0.3,0.001,test_2,1,9,151,49.30079555093269,47.4686945293286,60000,300,10.580455399998755,10.375,True
cx0.3_mut0.001,0.3,0.001,test_2,1,10,152,44.226196736523825,42.48928588544697,60000,300,8.588585800000146,8.5625,True
cx0.3_mut0.001,0.3,0.001,test_2,1,11,153,53.96552170515207,51.806340402100986,60000,300,7.965863100002025,7.859375,True
cx0.3_mut0.001,0.3,0.001,test_2,1,12,154,44.24930513757725,42.52496891799869,60000,300,9.24074290000135,9.171875,True
cx0.3_mut0.001,0.3,0.001,test_2,1,13,155,52.12615742076026,50.702643420277326,60000,300,10.125553100002435,9.90625,True
cx0.3_mut0.001,0.3,0.001,test_2,1,14,156,48.042377284779555,46.17496080771075,60000,300,8.181266600000527,8.15625,True
cx0.3_mut0.001,0.3,0.001,test_2,1,15,157,41.33948534832238,39.614261458902845,60000,300,8.198631700000988,8.0625,True
cx0.3_mut0.001,0.3,0.001,test_2,1,16,158,48.172411751602944,46.37409290319383,60000,300,9.960560800001986,9.859375,True
cx0.3_mut0.001,0.3,0.001,test_2,1,17,159,54.8262214180578,53.14705252323442,60000,300,9.914657699999225,9.609375,True
cx0.3_mut0.001,0.3,0.001,test_2,1,18,160,49.01777824871344,47.22653856800292,60000,300,10.589457099998981,10.25,True
cx0.3_mut0.001,0.3,0.001,test_2,1,19,161,53.31270046778562,51.67978186364216,60000,300,10.48768989999735,10.25,True
cx0.3_mut0.001,0.3,0.001,test_3,2,0,242,43.02439380183667,41.11084312770224,60000,300,10.373903200001223,10.140625,True
cx0.3_mut0.001,0.3,0.001,test_3,2,1,243,48.45700985916281,46.16575013431399,60000,300,9.418395299999247,9.09375,True
cx0.3_mut0.001,0.3,0.001,test_3,2,2,244,52.389123391012376,50.19887928372191,60000,300,9.255324000001565,9.046875,True
cx0.3_mut0.001,0.3,0.001,test_3,2,3,245,45.75705269822714,43.792526305522074,60000,300,10.108205699998507,9.875,True
cx0.3_mut0.001,0.3,0.001,test_3,2,4,246,43.434342594038036,42.0583320421319,60000,300,9.66656619999776,9.34375,True
cx0.3_mut0.001,0.3,0.001,test_3,2,5,247,45.393711370399984,43.782257528141564,60000,300,9.858232400001725,9.609375,True
cx0.3_mut0.001,0.3,0.001,test_3,2,6,248,58.355966207778685,56.38919246127602,60000,300,9.751772999999957,9.65625,True
cx0.3_mut0.001,0.3,0.001,test_3,2,7,249,38.661912962820956,37.03026278137176,60000,300,9.848121099999844,9.640625,True
cx0.3_mut0.001,0.3,0.001,test_3,2,8,250,49.56685550457507,47.43633891972365,60000,300,12.792339399999037,11.71875,True
cx0.3_mut0.001,0.3,0.001,test_3,2,9,251,56.336798055649524,54.59345183308626,60000,300,15.132808600003045,14.53125,True
cx0.3_mut0.001,0.3,0.001,test_3,2,10,252,46.9744568745601,45.27474016784556,60000,300,11.061642299999221,10.90625,True
cx0.3_mut0.001,0.3,0.001,test_3,2,11,253,52.911714086118906,51.2032084695955,60000,300,11.18617429999722,11.09375,True
cx0.3_mut0.001,0.3,0.001,test_3,2,12,254,46.586791388784896,44.960444540935335,60000,300,11.640374599999632,11.40625,True
cx0.3_mut0.001,0.3,0.001,test_3,2,13,255,50.863609833076715,49.08763090213335,60000,300,11.128956100001233,11.015625,True
cx0.3_mut0.001,0.3,0.001,test_3,2,14,256,56.696746505170964,54.43714502249224,60000,300,10.139848200000415,10.046875,True
cx0.3_mut0.001,0.3,0.001,test_3,2,15,257,53.528173770108154,51.22033343211653,60000,300,10.549803499998234,10.203125,True
cx0.3_mut0.001,0.3,0.001,test_3,2,16,258,58.784228786570374,56.87035798649814,60000,300,13.299836300000607,13.0625,True
cx0.3_mut0.001,0.3,0.001,test_3,2,17,259,53.873755390155345,51.86175699247521,60000,300,14.251773899999534,14.109375,True
cx0.3_mut0.001,0.3,0.001,test_3,2,18,260,48.98575332718462,47.15575860286603,60000,300,10.372432999996818,10.140625,True
cx0.3_mut0.001,0.3,0.001,test_3,2,19,261,47.35745548319041,45.298548553797595,60000,300,9.211275699999533,9.171875,True
cx0.3_mut0.001,0.3,0.001,test_4,3,0,342,45.930982281219904,44.228088139759286,60000,300,12.575880399999733,12.390625,True
cx0.3_mut0.001,0.3,0.001,test_4,3,1,343,39.163104306445,37.190164896194865,60000,300,9.966860799999267,9.84375,True
cx0.3_mut0.001,0.3,0.001,test_4,3,2,344,43.00343748210557,40.86900015351332,60000,300,9.753100600002654,9.734375,True
cx0.3_mut0.001,0.3,0.001,test_4,3,3,345,48.53330358629292,46.93732466116157,60000,300,10.307656099997985,10.15625,True
cx0.3_mut0.001,0.3,0.001,test_4,3,4,346,38.519511444849755,36.75087521547547,60000,300,10.377012699998886,10.171875,True
cx0.3_mut0.001,0.3,0.001,test_4,3,5,347,48.22297587034633,45.936893746858544,60000,300,9.287177900001552,9.234375,True
cx0.3_mut0.001,0.3,0.001,test_4,3,6,348,48.87122966361559,47.229180224168985,60000,300,9.580515599998762,9.453125,True
cx0.3_mut0.001,0.3,0.001,test_4,3,7,349,41.631611467716,40.040694775152645,60000,300,9.108593000000837,8.953125,True
cx0.3_mut0.001,0.3,0.001,test_4,3,8,350,42.958443584417964,41.32663160369293,60000,300,10.720587399999204,10.265625,True
cx0.3_mut0.001,0.3,0.001,test_4,3,9,351,44.54584195818168,42.618530076710535,60000,300,11.032307800000126,10.890625,True
cx0.3_mut0.001,0.3,0.001,test_4,3,10,352,44.331462580857355,42.5525425181208,60000,300,12.212880800001585,11.859375,True
cx0.3_mut0.001,0.3,0.001,test_4,3,11,353,43.58430290782951,41.748100955807885,60000,300,9.660321500003192,9.546875,True
cx0.3_mut0.001,0.3,0.001,test_4,3,12,354,43.724098147925176,41.71591917356287,60000,300,10.728997099999106,10.4375,True
cx0.3_mut0.001,0.3,0.001,test_4,3,13,355,46.86154395618419,44.8019108979677,60000,300,14.322398899999826,13.96875,True
cx0.3_mut0.001,0.3,0.001,test_4,3,14,356,44.777594265126226,42.57088980957358,60000,300,9.876067799999873,9.46875,True
cx0.3_mut0.001,0.3,0.001,test_4,3,15,357,39.60231195407004,37.8476415814505,60000,300,9.72667999999976,9.546875,True
cx0.3_mut0.001,0.3,0.001,test_4,3,16,358,46.02757469078132,44.07197641680437,60000,300,9.759855100001005,9.578125,True
cx0.3_mut0.001,0.3,0.001,test_4,3,17,359,36.99590489147207,35.094412383266466,60000,300,11.48453249999875,11.390625,True
cx0.3_mut0.001,0.3,0.001,test_4,3,18,360,48.45279498294304,46.5891302337141,60000,300,11.802100500000961,11.390625,True
cx0.3_mut0.001,0.3,0.001,test_4,3,19,361,44.13387250918283,42.49339425284423,60000,300,9.382031299999653,9.25,True
cx0.3_mut0.001,0.3,0.001,test_5,4,0,442,48.52558689330372,46.51732378644206,60000,300,8.763838900002156,8.5625,True
cx0.3_mut0.001,0.3,0.001,test_5,4,1,443,54.37222533184309,52.718352902505046,60000,300,9.514922799997294,9.421875,True
cx0.3_mut0.001,0.3,0.001,test_5,4,2,444,56.08007041768822,54.43848827294392,60000,300,15.892759499998647,15.734375,True
cx0.3_mut0.001,0.3,0.001,test_5,4,3,445,66.28640408825478,64.73046164450228,60000,300,10.803182199997536,10.5625,True
cx0.3_mut0.001,0.3,0.001,test_5,4,4,446,42.526556156997835,40.83006823414048,60000,300,9.203551099999459,9.015625,True
cx0.3_mut0.001,0.3,0.001,test_5,4,5,447,51.43970967550938,49.85066682879183,60000,300,10.782625600000756,10.515625,True
cx0.3_mut0.001,0.3,0.001,test_5,4,6,448,47.179327858234956,45.064488407822864,60000,300,9.218422400001145,8.859375,True
cx0.3_mut0.001,0.3,0.001,test_5,4,7,449,56.19786478028764,54.40773986827369,60000,300,9.825110699999641,9.578125,True
cx0.3_mut0.001,0.3,0.001,test_5,4,8,450,52.24377186082343,50.442662522907305,60000,300,11.000315799999953,10.78125,True
cx0.3_mut0.001,0.3,0.001,test_5,4,9,451,64.86106013926639,63.00803370477732,60000,300,9.520187500002066,9.34375,True
cx0.3_mut0.001,0.3,0.001,test_5,4,10,452,56.692791248845126,54.9515326423312,60000,300,12.57177419999789,12.421875,True
cx0.3_mut0.001,0.3,0.001,test_5,4,11,453,53.71473155320457,51.95861508798725,60000,300,11.983996999999363,11.796875,True
cx0.3_mut0.001,0.3,0.001,test_5,4,12,454,69.19246990522491,67.50070156865951,60000,300,9.805228199998965,9.625,True
cx0.3_mut0.001,0.3,0.001,test_5,4,13,455,49.30505895954378,47.22197038374502,60000,300,9.732698100000562,9.46875,True
cx0.3_mut0.001,0.3,0.001,test_5,4,14,456,53.20137778352352,51.27508127741945,60000,300,9.853318500001478,9.609375,True
cx0.3_mut0.001,0.3,0.001,test_5,4,15,457,60.07500811096507,58.03460814715469,60000,300,12.843988000000536,12.234375,True
cx0.3_mut0.001,0.3,0.001,test_5,4,16,458,43.821665300613134,41.93724333780061,60000,300,10.78730689999793,10.53125,True
cx0.3_mut0.001,0.3,0.001,test_5,4,17,459,50.67649888453579,48.90562461864304,60000,300,10.127131799999916,9.53125,True
cx0.3_mut0.001,0.3,0.001,test_5,4,18,460,54.97651906400041,53.27555437820802,60000,300,9.763387599999987,9.3125,True
cx0.3_mut0.001,0.3,0.001,test_5,4,19,461,53.955814157266126,51.746556904991365,60000,300,11.464862600001652,10.625,True
cx0.3_mut0.001,0.3,0.001,test_6,5,0,542,48.95397730723861,46.87043823343265,60000,300,10.763269000002765,10.296875,True
cx0.3_mut0.001,0.3,0.001,test_6,5,1,543,51.00007093914433,48.74700974246764,60000,300,11.836551199998212,11.578125,True
cx0.3_mut0.001,0.3,0.001,test_6,5,2,544,53.668086447309655,52.100378951813475,60000,300,9.116164099999878,8.859375,True
cx0.3_mut0.001,0.3,0.001,test_6,5,3,545,52.51923011546011,50.87438933560519,60000,300,13.086183499999606,12.140625,True
cx0.3_mut0.001,0.3,0.001,test_6,5,4,546,54.68395298116136,52.6912576959756,60000,300,11.052592899999581,10.75,True
cx0.3_mut0.001,0.3,0.001,test_6,5,5,547,51.34849125693716,49.44721858685296,60000,300,11.172633199999837,10.84375,True
cx0.3_mut0.001,0.3,0.001,test_6,5,6,548,51.462793592652055,49.57297731626937,60000,300,12.795843799998693,11.71875,True
cx0.3_mut0.001,0.3,0.001,test_6,5,7,549,51.42178555185443,49.705821014930116,60000,300,12.468253200000618,11.609375,True
cx0.3_mut0.001,0.3,0.001,test_6,5,8,550,54.866382521451925,52.434983528196945,60000,300,9.840227299999242,9.671875,True
cx0.3_mut0.001,0.3,0.001,test_6,5,9,551,52.34962739404947,50.817805293397775,60000,300,13.544102399999247,12.421875,True
cx0.3_mut0.001,0.3,0.001,test_6,5,10,552,48.931912388875816,47.034680341225894,60000,300,10.153784000001906,9.796875,True
cx0.3_mut0.001,0.3,0.001,test_6,5,11,553,42.12324979439129,40.88025092591579,60000,300,11.306230400001368,11.046875,True
cx0.3_mut0.001,0.3,0.001,test_6,5,12,554,45.464318385221375,43.402544703030536,60000,300,11.899883400001272,11.671875,True
cx0.3_mut0.001,0.3,0.001,test_6,5,13,555,46.71535434211493,44.903288484466955,60000,300,10.448380200003157,10.234375,True
cx0.3_mut0.001,0.3,0.001,test_6,5,14,556,50.3268517560071,48.45443411402814,60000,300,12.431937599998491,12.1875,True
cx0.3_mut0.001,0.3,0.001,test_6,5,15,557,47.838039786764945,46.03960569943754,60000,300,10.65212959999917,10.515625,True
cx0.3_mut0.001,0.3,0.001,test_6,5,16,558,48.85424258161287,46.50318530114859,60000,300,14.640601900002366,14.421875,True
cx0.3_mut0.001,0.3,0.001,test_6,5,17,559,59.75709249165853,58.078070580255,60000,300,10.19073760000174,9.953125,True
cx0.3_mut0.001,0.3,0.001,test_6,5,18,560,47.49462358954751,45.41794573504505,60000,300,14.9090901999989,14.5,True
cx0.3_mut0.001,0.3,0.001,test_6,5,19,561,49.737966431609564,47.566072028199606,60000,300,16.104870200000732,15.828125,True
cx0.3_mut0.001,0.3,0.001,test_7,6,0,642,55.95794065169999,53.8803037255208,60000,300,10.316710800001601,10.09375,True
cx0.3_mut0.001,0.3,0.001,test_7,6,1,643,54.263748197726656,52.55247910393631,60000,300,13.94349830000283,13.671875,True
cx0.3_mut0.001,0.3,0.001,test_7,6,2,644,47.600467138755015,45.85233715480421,60000,300,9.993624800001271,9.890625,True
cx0.3_mut0.001,0.3,0.001,test_7,6,3,645,47.084450404852305,44.659187279924346,60000,300,10.870428000001993,10.625,True
cx0.3_mut0.001,0.3,0.001,test_7,6,4,646,54.991724052066594,53.31277848373418,60000,300,12.072769000002154,11.375,True
cx0.3_mut0.001,0.3,0.001,test_7,6,5,647,51.06889685741414,49.18573411618473,60000,300,14.900825599997916,14.40625,True
cx0.3_mut0.001,0.3,0.001,test_7,6,6,648,53.81162698815448,51.678215851137864,60000,300,10.402025499999581,10.21875,True
cx0.3_mut0.001,0.3,0.001,test_7,6,7,649,68.40153329888113,66.08093372478213,60000,300,11.968402200000128,11.734375,True
cx0.3_mut0.001,0.3,0.001,test_7,6,8,650,52.288141728179,50.44511697368791,60000,300,9.884346100003313,9.546875,True
cx0.3_mut0.001,0.3,0.001,test_7,6,9,651,47.71877849068424,45.916904715969885,60000,300,11.51038569999946,11.15625,True
cx0.3_mut0.001,0.3,0.001,test_7,6,10,652,46.640863083236816,44.67843546432127,60000,300,11.584772199999861,11.203125,True
cx0.3_mut0.001,0.3,0.001,test_7,6,11,653,37.80701265238438,35.6669987384079,60000,300,9.535330300001078,9.3125,True
cx0.3_mut0.001,0.3,0.001,test_7,6,12,654,55.40759968956004,53.61839111525516,60000,300,10.10428569999931,9.78125,True
cx0.3_mut0.001,0.3,0.001,test_7,6,13,655,41.08397235250523,39.30245035857547,60000,300,10.965013299999555,10.734375,True
cx0.3_mut0.001,0.3,0.001,test_7,6,14,656,51.044928172748605,49.26525232034515,60000,300,9.564866400000028,9.40625,True
cx0.3_mut0.001,0.3,0.001,test_7,6,15,657,51.6971942756701,49.45356879609599,60000,300,11.095474199999444,10.890625,True
cx0.3_mut0.001,0.3,0.001,test_7,6,16,658,58.27282970223949,56.7639176242523,60000,300,9.391371399997297,9.234375,True
cx0.3_mut0.001,0.3,0.001,test_7,6,17,659,59.52605506220337,57.702417402787496,60000,300,16.301670799999556,15.921875,True
cx0.3_mut0.001,0.3,0.001,test_7,6,18,660,55.77590816228564,53.71510054123174,60000,300,10.58223359999829,10.5,True
cx0.3_mut0.001,0.3,0.001,test_7,6,19,661,55.055822597717246,53.08861892471724,60000,300,10.72826139999961,10.4375,True
cx0.3_mut0.001,0.3,0.001,test_8,7,0,742,50.26956345020139,48.28799438877739,60000,300,9.43076519999886,9.171875,True
cx0.3_mut0.001,0.3,0.001,test_8,7,1,743,46.181820514221705,43.982901718047174,60000,300,12.327239400001417,11.90625,True
cx0.3_mut0.001,0.3,0.001,test_8,7,2,744,44.50974073298536,42.484312402732954,60000,300,10.411015999998199,10.21875,True
cx0.3_mut0.001,0.3,0.001,test_8,7,3,745,46.51171045724571,44.59578558809689,60000,300,11.934281900001224,11.75,True
cx0.3_mut0.001,0.3,0.001,test_8,7,4,746,43.101264420762114,41.329707903844366,60000,300,10.707358499999827,10.46875,True
cx0.3_mut0.001,0.3,0.001,test_8,7,5,747,50.06104995703779,47.918794197481034,60000,300,10.122823199999402,10.015625,True
cx0.3_mut0.001,0.3,0.001,test_8,7,6,748,52.07060182338304,50.04132283762944,60000,300,11.178768999998283,10.71875,True
cx0.3_mut0.001,0.3,0.001,test_8,7,7,749,46.748317809050675,44.98559787500349,60000,300,11.327765800000634,11.125,True
cx0.3_mut0.001,0.3,0.001,test_8,7,8,750,39.73299799955697,38.27368559519166,60000,300,10.509324599999673,10.265625,True
cx0.3_mut0.001,0.3,0.001,test_8,7,9,751,51.81378224599691,49.86420165317021,60000,300,10.853649799999403,10.5,True
cx0.3_mut0.001,0.3,0.001,test_8,7,10,752,50.45374348012344,48.662586480326915,60000,300,11.399763099998381,11.078125,True
cx0.3_mut0.001,0.3,0.001,test_8,7,11,753,43.088819297097004,41.11283130831983,60000,300,11.373942199999874,10.46875,True
cx0.3_mut0.001,0.3,0.001,test_8,7,12,754,45.752736280580685,44.04546376325229,60000,300,9.848580999998376,9.828125,True
cx0.3_mut0.001,0.3,0.001,test_8,7,13,755,48.1488562100559,46.084257842611215,60000,300,11.674341000001732,11.34375,True
cx0.3_mut0.001,0.3,0.001,test_8,7,14,756,51.68688056371623,49.58925838392929,60000,300,12.316787800002203,12.09375,True
cx0.3_mut0.001,0.3,0.001,test_8,7,15,757,46.35688693948778,44.643080063962806,60000,300,9.347395999997389,9.21875,True
cx0.3_mut0.001,0.3,0.001,test_8,7,16,758,54.014311928800105,51.900489841312336,60000,300,14.8635065999988,14.75,True
cx0.3_mut0.001,0.3,0.001,test_8,7,17,759,47.99319570735445,46.517345609309615,60000,300,9.458864799998992,9.40625,True
cx0.3_mut0.001,0.3,0.001,test_8,7,18,760,47.086291088195836,45.04057805197563,60000,300,11.84968299999673,11.84375,True
cx0.3_mut0.001,0.3,0.001,test_8,7,19,761,51.31873697571233,49.418529698933305,60000,300,10.20361530000082,10.15625,True
cx0.3_mut0.001,0.3,0.001,test_9,8,0,842,58.08022343811489,56.28981868298547,60000,300,11.558616500002245,10.640625,True
cx0.3_mut0.001,0.3,0.001,test_9,8,1,843,53.127635775045846,51.89222543870524,60000,300,10.01176580000174,9.984375,True
cx0.3_mut0.001,0.3,0.001,test_9,8,2,844,60.23777013643683,58.56262415907423,60000,300,9.577945099998033,9.46875,True
cx0.3_mut0.001,0.3,0.001,test_9,8,3,845,44.45483036340484,42.606390212114796,60000,300,10.450592199998937,10.375,True
cx0.3_mut0.001,0.3,0.001,test_9,8,4,846,46.34592047326004,44.513688277583505,60000,300,10.940011499998946,10.25,True
cx0.3_mut0.001,0.3,0.001,test_9,8,5,847,51.06449900074245,49.4135469258337,60000,300,8.996974600002432,8.84375,True
cx0.3_mut0.001,0.3,0.001,test_9,8,6,848,58.366123543114675,56.02564217724769,60000,300,11.833078300001944,10.84375,True
cx0.3_mut0.001,0.3,0.001,test_9,8,7,849,47.78442327489706,45.81494704000956,60000,300,11.215176300000167,11.078125,True
cx0.3_mut0.001,0.3,0.001,test_9,8,8,850,50.67690155514167,49.10172126972297,60000,300,10.512367200000881,10.390625,True
cx0.3_mut0.001,0.3,0.001,test_9,8,9,851,49.25741288741236,47.55419514000266,60000,300,10.425835599999118,10.28125,True
cx0.3_mut0.001,0.3,0.001,test_9,8,10,852,53.85413516188695,52.209168458301384,60000,300,9.859266699997534,9.828125,True
cx0.3_mut0.001,0.3,0.001,test_9,8,11,853,51.70212092211633,50.03152550396669,60000,300,9.259174699996947,9.15625,True
cx0.3_mut0.001,0.3,0.001,test_9,8,12,854,52.36627133536527,51.128821961620176,60000,300,9.100235499998234,9.078125,True
cx0.3_mut0.001,0.3,0.001,test_9,8,13,855,54.236747206932655,52.10459289540343,60000,300,10.782140700001037,10.75,True
cx0.3_mut0.001,0.3,0.001,test_9,8,14,856,60.01708517650716,57.74604994114543,60000,300,9.838051200000336,9.796875,True
cx0.3_mut0.001,0.3,0.001,test_9,8,15,857,50.523955614063034,48.99891992900882,60000,300,10.356200800000806,10.3125,True
cx0.3_mut0.001,0.3,0.001,test_9,8,16,858,52.38109503401792,50.73834572749297,60000,300,11.391063600000052,11.1875,True
cx0.3_mut0.001,0.3,0.001,test_9,8,17,859,52.24189713460777,50.56261972356092,60000,300,13.32427430000098,12.890625,True
cx0.3_mut0.001,0.3,0.001,test_9,8,18,860,41.05839114790066,38.97872926903915,60000,300,10.434974100000545,10.421875,True
cx0.3_mut0.001,0.3,0.001,test_9,8,19,861,54.52330520457058,52.82712920574966,60000,300,13.387853199998062,12.828125,True
cx0.3_mut0.001,0.3,0.001,test_10,9,0,942,43.29690052315476,41.571101310368164,60000,300,10.291004999999132,9.78125,True
cx0.3_mut0.001,0.3,0.001,test_10,9,1,943,59.683333882007275,57.88571951136903,60000,300,12.205795399997442,11.84375,True
cx0.3_mut0.001,0.3,0.001,test_10,9,2,944,48.2902438064087,46.27263386034515,60000,300,10.022315199999866,9.90625,True
cx0.3_mut0.001,0.3,0.001,test_10,9,3,945,41.81750887794655,40.30284547445047,60000,300,12.003787100002228,11.84375,True
cx0.3_mut0.001,0.3,0.001,test_10,9,4,946,50.785281020109416,48.770859929252445,60000,300,9.059467799997947,8.890625,True
cx0.3_mut0.001,0.3,0.001,test_10,9,5,947,45.28923177012728,43.747685129982855,60000,300,9.523146300001827,9.015625,True
cx0.3_mut0.001,0.3,0.001,test_10,9,6,948,58.91337156751087,57.0333122158709,60000,300,9.949858700001641,9.890625,True
cx0.3_mut0.001,0.3,0.001,test_10,9,7,949,43.587540135984575,41.6891454600437,60000,300,9.201946000001044,9.0625,True
cx0.3_mut0.001,0.3,0.001,test_10,9,8,950,47.76675996983519,46.048631913224355,60000,300,9.830321499997808,9.703125,True
cx0.3_mut0.001,0.3,0.001,test_10,9,9,951,44.313604158210126,42.681446639120324,60000,300,11.058349599999929,10.546875,True
cx0.3_mut0.001,0.3,0.001,test_10,9,10,952,61.14515032936259,59.25775145220024,60000,300,12.033403699999326,11.828125,True
cx0.3_mut0.001,0.3,0.001,test_10,9,11,953,43.8016318141542,42.46076249786187,60000,300,10.821677500000078,10.578125,True
cx0.3_mut0.001,0.3,0.001,test_10,9,12,954,51.72760310449871,49.69138320511755,60000,300,11.025271700000303,10.765625,True
cx0.3_mut0.001,0.3,0.001,test_10,9,13,955,44.24126077776519,42.39811538403271,60000,300,15.820026599998528,15.28125,True
cx0.3_mut0.001,0.3,0.001,test_10,9,14,956,52.82980296096046,51.04860257626113,60000,300,13.361057099999016,13.21875,True
cx0.3_mut0.001,0.3,0.001,test_10,9,15,957,51.5089197099011,49.70109812806237,60000,300,11.466175300000032,11.046875,True
cx0.3_mut0.001,0.3,0.001,test_10,9,16,958,52.20996662588545,50.525759770072305,60000,300,11.12736539999969,10.453125,True
cx0.3_mut0.001,0.3,0.001,test_10,9,17,959,53.49257286911159,51.66908531894941,60000,300,9.489709699999366,9.171875,True
cx0.3_mut0.001,0.3,0.001,test_10,9,18,960,41.529195946162126,39.6623877058862,60000,300,11.945234200000414,11.109375,True
cx0.3_mut0.001,0.3,0.001,test_10,9,19,961,47.83117261416975,45.53789710104812,60000,300,10.46073559999786,10.296875,True
cx0.3_mut0.01,0.3,0.01,test_1,0,0,42,40.67423727422522,39.12761605259752,60000,300,12.179528399999981,11.578125,True
cx0.3_mut0.01,0.3,0.01,test_1,0,1,43,43.46443419755368,41.81387554809282,60000,300,11.0681826,10.828125,True
cx0.3_mut0.01,0.3,0.01,test_1,0,2,44,45.281542672287635,43.481156574659906,60000,300,10.868917600000714,10.46875,True
cx0.3_mut0.01,0.3,0.01,test_1,0,3,45,42.20178165646957,40.68434078467509,60000,300,9.926804800001264,9.796875,True
cx0.3_mut0.01,0.3,0.01,test_1,0,4,46,39.167605070713044,37.59646742084205,60000,300,8.746624800001882,8.5,True
cx0.3_mut0.01,0.3,0.01,test_1,0,5,47,42.58105327285377,40.81607314353022,60000,300,9.517939599998499,9.375,True
cx0.3_mut0.01,0.3,0.01,test_1,0,6,48,51.73122622337161,50.19536935932328,60000,300,8.118309400000726,8.03125,True
cx0.3_mut0.01,0.3,0.01,test_1,0,7,49,41.92563191518078,40.29566500838072,60000,300,8.028006200001983,7.9375,True
cx0.3_mut0.01,0.3,0.01,test_1,0,8,50,44.41123817011161,42.66875610970053,60000,300,8.306625500001246,8.21875,True
cx0.3_mut0.01,0.3,0.01,test_1,0,9,51,49.63298593746254,48.16060007226402,60000,300,9.047841600000538,8.921875,True
cx0.3_mut0.01,0.3,0.01,test_1,0,10,52,45.70841106630387,44.211746416172815,60000,300,7.934297100000549,7.921875,True
cx0.3_mut0.01,0.3,0.01,test_1,0,11,53,49.1394809627144,47.25294450781204,60000,300,10.62089709999782,10.546875,True
cx0.3_mut0.01,0.3,0.01,test_1,0,12,54,35.80615767465362,34.39941982756009,60000,300,8.1876998000007,8.171875,True
cx0.3_mut0.01,0.3,0.01,test_1,0,13,55,47.27699061328506,45.14341599476723,60000,300,8.054420599997684,8.015625,True
cx0.3_mut0.01,0.3,0.01,test_1,0,14,56,51.60722624581237,49.72539934328936,60000,300,9.65649620000113,9.5,True
cx0.3_mut0.01,0.3,0.01,test_1,0,15,57,40.94844452641405,39.27742150384296,60000,300,9.392210599999089,9.34375,True
cx0.3_mut0.01,0.3,0.01,test_1,0,16,58,49.56752667392645,48.28764675688913,60000,300,8.171201299999666,8.09375,True
cx0.3_mut0.01,0.3,0.01,test_1,0,17,59,41.904141623268465,40.30446147325824,60000,300,9.897996700001386,9.875,True
cx0.3_mut0.01,0.3,0.01,test_1,0,18,60,47.77649933412938,45.88601516543864,60000,300,9.449828000000707,9.328125,True
cx0.3_mut0.01,0.3,0.01,test_1,0,19,61,50.41160247281645,48.65164766387159,60000,300,10.155825300000288,10.015625,True
cx0.3_mut0.01,0.3,0.01,test_2,1,0,142,37.19010549901349,35.50916335387034,60000,300,8.323103700000502,8.234375,True
cx0.3_mut0.01,0.3,0.01,test_2,1,1,143,36.249070876128386,34.68231670368404,60000,300,9.447364699997706,9.359375,True
cx0.3_mut0.01,0.3,0.01,test_2,1,2,144,39.0405457133501,37.053578388346914,60000,300,9.676753200001258,9.515625,True
cx0.3_mut0.01,0.3,0.01,test_2,1,3,145,38.582936343257195,36.69092174068272,60000,300,9.42253730000084,9.09375,True
cx0.3_mut0.01,0.3,0.01,test_2,1,4,146,35.182845064710904,33.89693309298856,60000,300,8.204735499999515,8.171875,True
cx0.3_mut0.01,0.3,0.01,test_2,1,5,147,38.63862813770933,36.759532787557696,60000,300,8.816424000000552,8.78125,True
cx0.3_mut0.01,0.3,0.01,test_2,1,6,148,47.57249775840251,45.72226603874781,60000,300,8.854759199999535,8.8125,True
cx0.3_mut0.01,0.3,0.01,test_2,1,7,149,37.31312255756077,35.64621012833532,60000,300,9.410947500000475,9.328125,True
cx0.3_mut0.01,0.3,0.01,test_2,1,8,150,37.33978484168706,35.637599773314264,60000,300,9.558478499999183,9.515625,True
cx0.3_mut0.01,0.3,0.01,test_2,1,9,151,39.75116106855714,37.93389754894686,60000,300,9.017539999997098,8.921875,True
cx0.3_mut0.01,0.3,0.01,test_2,1,10,152,40.556751442086615,38.581825596410745,60000,300,12.959836200003338,12.703125,True
cx0.3_mut0.01,0.3,0.01,test_2,1,11,153,42.80320720658532,41.33456173484693,60000,300,8.375977399999101,8.3125,True
cx0.3_mut0.01,0.3,0.01,test_2,1,12,154,54.01082470247581,52.53224829632748,60000,300,9.14471229999981,9.078125,True
cx0.3_mut0.01,0.3,0.01,test_2,1,13,155,42.72425726414656,41.29384132775012,60000,300,12.390089999997144,12.21875,True
cx0.3_mut0.01,0.3,0.01,test_2,1,14,156,40.23568936604871,38.29288542753623,60000,300,9.161605400000553,9.109375,True
cx0.3_mut0.01,0.3,0.01,test_2,1,15,157,40.56023341491781,39.37170325638662,60000,300,10.264166000000841,10.078125,True
cx0.3_mut0.01,0.3,0.01,test_2,1,16,158,38.95637942874969,37.3831571708378,60000,300,9.92517659999794,9.703125,True
cx0.3_mut0.01,0.3,0.01,test_2,1,17,159,42.24584858610897,40.66766303102464,60000,300,10.210525799997413,10.0,True
cx0.3_mut0.01,0.3,0.01,test_2,1,18,160,39.07395890749146,37.58260022277924,60000,300,11.728126599999086,11.328125,True
cx0.3_mut0.01,0.3,0.01,test_2,1,19,161,41.4115954367029,39.85482490479463,60000,300,10.531200199999148,10.234375,True
cx0.3_mut0.01,0.3,0.01,test_3,2,0,242,40.660456271388085,38.968931791294025,60000,300,10.348996500000794,10.21875,True
cx0.3_mut0.01,0.3,0.01,test_3,2,1,243,36.56662901134466,34.48367763115929,60000,300,14.163077000001067,13.78125,True
cx0.3_mut0.01,0.3,0.01,test_3,2,2,244,45.84632532686648,44.25795433987002,60000,300,10.925954400001501,10.65625,True
cx0.3_mut0.01,0.3,0.01,test_3,2,3,245,38.902016390483496,36.844705979377956,60000,300,13.537460799998371,13.109375,True
cx0.3_mut0.01,0.3,0.01,test_3,2,4,246,41.39195086949252,39.256467532367616,60000,300,15.977668500003347,15.421875,True
cx0.3_mut0.01,0.3,0.01,test_3,2,5,247,29.63957080969652,27.9954278220679,60000,300,12.635188599997491,12.4375,True
cx0.3_mut0.01,0.3,0.01,test_3,2,6,248,41.921368056251445,39.82579785541903,60000,300,10.316789599997719,10.09375,True
cx0.3_mut0.01,0.3,0.01,test_3,2,7,249,40.85765507945352,39.1491494596468,60000,300,10.808021900000313,10.59375,True
cx0.3_mut0.01,0.3,0.01,test_3,2,8,250,39.118692580821445,37.185122147926116,60000,300,12.061156799998571,10.9375,True
cx0.3_mut0.01,0.3,0.01,test_3,2,9,251,42.685881319621515,40.91725964357986,60000,300,13.370240200001717,12.953125,True
cx0.3_mut0.01,0.3,0.01,test_3,2,10,252,39.582522842379156,37.95638256780672,60000,300,12.163170499999978,12.09375,True
cx0.3_mut0.01,0.3,0.01,test_3,2,11,253,40.00015716059891,38.084620966639086,60000,300,12.821164500001032,12.640625,True
cx0.3_mut0.01,0.3,0.01,test_3,2,12,254,47.234780514488,45.55736288213788,60000,300,11.18696540000019,10.875,True
cx0.3_mut0.01,0.3,0.01,test_3,2,13,255,37.216445473293845,35.597264977086205,60000,300,12.384469700002228,12.21875,True
cx0.3_mut0.01,0.3,0.01,test_3,2,14,256,42.424987702911075,40.46745783310854,60000,300,11.44035189999704,11.265625,True
cx0.3_mut0.01,0.3,0.01,test_3,2,15,257,35.554029416169726,34.00465093747187,60000,300,10.550941699999385,10.328125,True
cx0.3_mut0.01,0.3,0.01,test_3,2,16,258,41.03335220538232,39.451653011747595,60000,300,11.55093670000133,11.25,True
cx0.3_mut0.01,0.3,0.01,test_3,2,17,259,39.78700458435336,37.78443554440088,60000,300,13.511306599997624,13.21875,True
cx0.3_mut0.01,0.3,0.01,test_3,2,18,260,35.09648048913242,33.38490544674865,60000,300,9.169429800000216,8.96875,True
cx0.3_mut0.01,0.3,0.01,test_3,2,19,261,41.14882347019061,39.37167367366362,60000,300,10.7885466000007,10.625,True
cx0.3_mut0.01,0.3,0.01,test_4,3,0,342,38.72371685037985,37.29372586541611,60000,300,13.617107099998975,13.484375,True
cx0.3_mut0.01,0.3,0.01,test_4,3,1,343,35.65546363693931,34.32922365400067,60000,300,9.258369799998036,9.234375,True
cx0.3_mut0.01,0.3,0.01,test_4,3,2,344,43.377096370945694,41.74552876364518,60000,300,11.699675699997897,11.640625,True
cx0.3_mut0.01,0.3,0.01,test_4,3,3,345,36.7828381845085,35.12635049170349,60000,300,9.824713800000609,9.765625,True
cx0.3_mut0.01,0.3,0.01,test_4,3,4,346,29.922946322651665,28.52903686776646,60000,300,12.744242699998722,12.484375,True
cx0.3_mut0.01,0.3,0.01,test_4,3,5,347,32.64444231793977,30.841449899946593,60000,300,10.752275899998494,10.578125,True
cx0.3_mut0.01,0.3,0.01,test_4,3,6,348,32.14374071065167,30.749063666766965,60000,300,11.404954100002215,11.21875,True
cx0.3_mut0.01,0.3,0.01,test_4,3,7,349,32.106558371270836,30.813349845371125,60000,300,11.337739299997338,11.140625,True
cx0.3_mut0.01,0.3,0.01,test_4,3,8,350,37.44464347188878,36.11133591998013,60000,300,13.889723799999047,13.171875,True
cx0.3_mut0.01,0.3,0.01,test_4,3,9,351,33.316432645377674,31.80398725404896,60000,300,11.687239999999292,11.53125,True
cx0.3_mut0.01,0.3,0.01,test_4,3,10,352,31.960898341970996,30.59332308083208,60000,300,12.169414800002414,11.671875,True
cx0.3_mut0.01,0.3,0.01,test_4,3,11,353,35.2191426660204,33.801782253471856,60000,300,9.358133700003236,9.140625,True
cx0.3_mut0.01,0.3,0.01,test_4,3,12,354,35.790160423444235,34.04493785187836,60000,300,12.532931900001131,12.265625,True
cx0.3_mut0.01,0.3,0.01,test_4,3,13,355,32.6312557654104,31.413759185610992,60000,300,14.698574999998527,14.515625,True
cx0.3_mut0.01,0.3,0.01,test_4,3,14,356,44.45602401914476,42.89313024341971,60000,300,12.296212299999752,11.875,True
cx0.3_mut0.01,0.3,0.01,test_4,3,15,357,28.77742947365319,27.284014029476563,60000,300,10.19275529999868,9.9375,True
cx0.3_mut0.01,0.3,0.01,test_4,3,16,358,34.81593346842615,33.34369395343842,60000,300,9.795516600002884,9.640625,True
cx0.3_mut0.01,0.3,0.01,test_4,3,17,359,32.97468663874777,31.712115511244996,60000,300,9.54543520000152,9.3125,True
cx0.3_mut0.01,0.3,0.01,test_4,3,18,360,37.521780974935,35.87873587603352,60000,300,13.064973100001225,12.6875,True
cx0.3_mut0.01,0.3,0.01,test_4,3,19,361,30.973266900354698,29.31609856753342,60000,300,11.873435499997868,11.640625,True
cx0.3_mut0.01,0.3,0.01,test_5,4,0,442,41.50967691991549,39.922357141424115,60000,300,9.932971299997007,9.765625,True
cx0.3_mut0.01,0.3,0.01,test_5,4,1,443,47.382592922966964,45.74003732392254,60000,300,11.80222369999683,11.71875,True
cx0.3_mut0.01,0.3,0.01,test_5,4,2,444,40.55702019643247,38.95509241816644,60000,300,11.848328800002491,11.671875,True
cx0.3_mut0.01,0.3,0.01,test_5,4,3,445,47.250388479422185,45.47642323942289,60000,300,10.812257699999464,10.65625,True
cx0.3_mut0.01,0.3,0.01,test_5,4,4,446,43.29293491542369,41.157230141978445,60000,300,12.28569140000036,11.9375,True
cx0.3_mut0.01,0.3,0.01,test_5,4,5,447,42.70663509169788,41.007929530765,60000,300,10.706865199997992,10.53125,True
cx0.3_mut0.01,0.3,0.01,test_5,4,6,448,46.015898708208184,44.25444371780647,60000,300,12.16180489999897,11.9375,True
cx0.3_mut0.01,0.3,0.01,test_5,4,7,449,41.271816005876985,39.35918062968493,60000,300,13.652060399999755,13.15625,True
cx0.3_mut0.01,0.3,0.01,test_5,4,8,450,46.70637679812919,45.30563772111754,60000,300,9.635619900000165,9.5,True
cx0.3_mut0.01,0.3,0.01,test_5,4,9,451,50.54752258209343,49.193580380368616,60000,300,11.79670780000015,11.40625,True
cx0.3_mut0.01,0.3,0.01,test_5,4,10,452,43.71193972585104,42.200245026056834,60000,300,9.92025250000006,9.8125,True
cx0.3_mut0.01,0.3,0.01,test_5,4,11,453,46.50879969730317,44.729601350574384,60000,300,13.034713299999567,12.796875,True
cx0.3_mut0.01,0.3,0.01,test_5,4,12,454,39.608673579655154,37.89980027632329,60000,300,10.598042800000258,10.4375,True
cx0.3_mut0.01,0.3,0.01,test_5,4,13,455,41.1380299326355,39.33463927156617,60000,300,11.894889999999577,11.609375,True
cx0.3_mut0.01,0.3,0.01,test_5,4,14,456,49.13338184048794,47.43921098092384,60000,300,12.815447400000266,12.359375,True
cx0.3_mut0.01,0.3,0.01,test_5,4,15,457,52.23778582230976,50.43094956896417,60000,300,12.969593499998155,12.515625,True
cx0.3_mut0.01,0.3,0.01,test_5,4,16,458,40.844351629671095,39.07595944552546,60000,300,11.937045099999523,11.546875,True
cx0.3_mut0.01,0.3,0.01,test_5,4,17,459,51.273747940345906,49.25098722229159,60000,300,9.917848299999605,9.453125,True
cx0.3_mut0.01,0.3,0.01,test_5,4,18,460,44.532255973232566,42.7062463460529,60000,300,10.697345900000073,10.34375,True
cx0.3_mut0.01,0.3,0.01,test_5,4,19,461,41.424947641698346,39.62934100765258,60000,300,11.386592599999858,10.578125,True
cx0.3_mut0.01,0.3,0.01,test_6,5,0,542,41.39319057882298,39.776756619064585,60000,300,13.818644300001324,13.1875,True
cx0.3_mut0.01,0.3,0.01,test_6,5,1,543,39.818864921173336,38.18791521054499,60000,300,14.078403399998933,13.84375,True
cx0.3_mut0.01,0.3,0.01,test_6,5,2,544,48.34806490884747,46.736094830394094,60000,300,13.759219899999152,13.4375,True
cx0.3_mut0.01,0.3,0.01,test_6,5,3,545,42.38407001385782,40.96004132544769,60000,300,13.268349500001932,12.40625,True
cx0.3_mut0.01,0.3,0.01,test_6,5,4,546,46.71775788101865,44.85446111101875,60000,300,16.894019300001673,15.609375,True
cx0.3_mut0.01,0.3,0.01,test_6,5,5,547,38.744517441630286,37.3992563783077,60000,300,10.589031700001215,10.359375,True
cx0.3_mut0.01,0.3,0.01,test_6,5,6,548,47.78085125168661,46.35726686608533,60000,300,12.718477499998698,12.15625,True
cx0.3_mut0.01,0.3,0.01,test_6,5,7,549,48.99804900400004,47.42635062243724,60000,300,12.88626309999745,11.671875,True
cx0.3_mut0.01,0.3,0.01,test_6,5,8,550,41.47863658731712,39.890275032708466,60000,300,12.30880370000159,12.0625,True
cx0.3_mut0.01,0.3,0.01,test_6,5,9,551,47.23626777919601,45.76338864862381,60000,300,14.794093799999246,13.421875,True
cx0.3_mut0.01,0.3,0.01,test_6,5,10,552,37.11044932737621,35.788668608471006,60000,300,9.8931502000014,9.6875,True
cx0.3_mut0.01,0.3,0.01,test_6,5,11,553,44.6019578736587,42.924180767018804,60000,300,12.229859900002339,11.9375,True
cx0.3_mut0.01,0.3,0.01,test_6,5,12,554,39.90317977596909,38.002191471034976,60000,300,12.062612900001113,11.703125,True
cx0.3_mut0.01,0.3,0.01,test_6,5,13,555,33.825057440246304,32.3251687442014,60000,300,13.895050799997989,13.671875,True
cx0.3_mut0.01,0.3,0.01,test_6,5,14,556,41.97527474309154,40.45496719011493,60000,300,10.403287699999055,10.171875,True
cx0.3_mut0.01,0.3,0.01,test_6,5,15,557,37.53070423459079,35.59996364349796,60000,300,17.07785689999946,16.875,True
cx0.3_mut0.01,0.3,0.01,test_6,5,16,558,41.28147684587578,39.275582044635456,60000,300,13.767182399999001,13.671875,True
cx0.3_mut0.01,0.3,0.01,test_6,5,17,559,48.92227398752127,47.4076710816901,60000,300,12.189548400001513,11.828125,True
cx0.3_mut0.01,0.3,0.01,test_6,5,18,560,48.202751978190406,46.410698088494485,60000,300,11.700266799998644,11.578125,True
cx0.3_mut0.01,0.3,0.01,test_6,5,19,561,39.33256837910293,38.04584789271267,60000,300,11.644922999999835,11.40625,True
cx0.3_mut0.01,0.3,0.01,test_7,6,0,642,38.81751722768513,37.106481283775395,60000,300,11.189104599998245,11.0,True
cx0.3_mut0.01,0.3,0.01,test_7,6,1,643,35.346848964731294,33.72451860716459,60000,300,9.840352199997142,9.734375,True
cx0.3_mut0.01,0.3,0.01,test_7,6,2,644,34.864466363489896,33.08681072381101,60000,300,10.016057900000305,9.8125,True
cx0.3_mut0.01,0.3,0.01,test_7,6,3,645,32.90798746959161,30.854573327907758,60000,300,9.849380899999232,9.640625,True
cx0.3_mut0.01,0.3,0.01,test_7,6,4,646,38.65517587485766,36.99435975859934,60000,300,11.751040300001478,11.046875,True
cx0.3_mut0.01,0.3,0.01,test_7,6,5,647,42.68184874033183,40.96197143674029,60000,300,13.179726099999243,12.921875,True
cx0.3_mut0.01,0.3,0.01,test_7,6,6,648,44.559540951688426,42.981587382116956,60000,300,11.251369100002194,11.1875,True
cx0.3_mut0.01,0.3,0.01,test_7,6,7,649,33.157811469973744,31.38959299504641,60000,300,12.675015699998767,12.375,True
cx0.3_mut0.01,0.3,0.01,test_7,6,8,650,43.472622020622914,41.699162388769246,60000,300,12.085965700000088,11.625,True
cx0.3_mut0.01,0.3,0.01,test_7,6,9,651,41.88225850700407,40.07829492833963,60000,300,16.75102070000139,16.21875,True
cx0.3_mut0.01,0.3,0.01,test_7,6,10,652,41.944576000029876,39.71900962977282,60000,300,13.820992199998727,13.421875,True
cx0.3_mut0.01,0.3,0.01,test_7,6,11,653,39.21179452985387,37.57104636279399,60000,300,11.595149000000674,11.28125,True
cx0.3_mut0.01,0.3,0.01,test_7,6,12,654,37.178307282911206,35.54316020612315,60000,300,16.54477659999975,16.0625,True
cx0.3_mut0.01,0.3,0.01,test_7,6,13,655,37.04923705180282,35.16193000708185,60000,300,11.27988600000026,11.046875,True
cx0.3_mut0.01,0.3,0.01,test_7,6,14,656,36.95600705033036,35.23420483251795,60000,300,13.536976799998229,13.4375,True
cx0.3_mut0.01,0.3,0.01,test_7,6,15,657,36.12162706039366,34.874759730154835,60000,300,9.932529800000339,9.859375,True
cx0.3_mut0.01,0.3,0.01,test_7,6,16,658,40.26442823971349,38.257270406537195,60000,300,13.893921100003354,13.84375,True
cx0.3_mut0.01,0.3,0.01,test_7,6,17,659,37.00927282611183,35.23005832923236,60000,300,10.96841620000123,10.609375,True
cx0.3_mut0.01,0.3,0.01,test_7,6,18,660,47.58332976472351,46.0949676996711,60000,300,9.545759100001305,9.421875,True
cx0.3_mut0.01,0.3,0.01,test_7,6,19,661,45.20903141493175,43.51513146340586,60000,300,13.601526999998896,13.421875,True
cx0.3_mut0.01,0.3,0.01,test_8,7,0,742,37.027164922959294,35.52893303871051,60000,300,10.143041300001642,9.75,True
cx0.3_mut0.01,0.3,0.01,test_8,7,1,743,45.91221192849791,43.77048678258413,60000,300,15.04766920000111,14.59375,True
cx0.3_mut0.01,0.3,0.01,test_8,7,2,744,42.481001515734306,40.106338267479856,60000,300,12.69601110000076,12.5,True
cx0.3_mut0.01,0.3,0.01,test_8,7,3,745,39.357422314767945,37.70120696701875,60000,300,9.987778999999136,9.734375,True
cx0.3_mut0.01,0.3,0.01,test_8,7,4,746,37.66631158542801,35.91014447896383,60000,300,12.882824500000424,12.671875,True
cx0.3_mut0.01,0.3,0.01,test_8,7,5,747,43.01871133231462,40.92264289545901,60000,300,11.61248930000147,11.421875,True
cx0.3_mut0.01,0.3,0.01,test_8,7,6,748,47.74263249732736,46.01313093630158,60000,300,13.280036200001632,12.734375,True
cx0.3_mut0.01,0.3,0.01,test_8,7,7,749,42.28531969098202,40.54925375302994,60000,300,14.020052299998497,13.8125,True
cx0.3_mut0.01,0.3,0.01,test_8,7,8,750,37.77400392092968,35.958441564132265,60000,300,12.422817899998336,12.03125,True
cx0.3_mut0.01,0.3,0.01,test_8,7,9,751,37.804792581520466,35.853941056039524,60000,300,13.259664299999713,12.953125,True
cx0.3_mut0.01,0.3,0.01,test_8,7,10,752,38.86764850594943,37.44222346383941,60000,300,11.727059199998621,11.375,True
cx0.3_mut0.01,0.3,0.01,test_8,7,11,753,41.16680701114375,39.57032386945295,60000,300,13.231146800000715,12.34375,True
cx0.3_mut0.01,0.3,0.01,test_8,7,12,754,37.71617102535331,36.125247359888014,60000,300,10.1639331999977,10.03125,True
cx0.3_mut0.01,0.3,0.01,test_8,7,13,755,37.15544001943376,35.293863727002204,60000,300,15.143510699999752,14.890625,True
cx0.3_mut0.01,0.3,0.01,test_8,7,14,756,42.67653958497913,40.68285411368038,60000,300,9.533690100000968,9.328125,True
cx0.3_mut0.01,0.3,0.01,test_8,7,15,757,41.9671393617166,40.468618613215746,60000,300,16.15280669999993,15.984375,True
cx0.3_mut0.01,0.3,0.01,test_8,7,16,758,47.084178053295,45.08713441294015,60000,300,12.104996900001424,11.984375,True
cx0.3_mut0.01,0.3,0.01,test_8,7,17,759,44.75004403126458,42.92056810394554,60000,300,8.859331799998472,8.828125,True
cx0.3_mut0.01,0.3,0.01,test_8,7,18,760,37.97976113538359,36.11667641885767,60000,300,12.033456700002716,11.90625,True
cx0.3_mut0.01,0.3,0.01,test_8,7,19,761,37.332857794432336,35.793933388289204,60000,300,8.032405099998869,7.921875,True
cx0.3_mut0.01,0.3,0.01,test_9,8,0,842,39.556480243345234,38.10109754917676,60000,300,11.141632499999105,10.4375,True
cx0.3_mut0.01,0.3,0.01,test_9,8,1,843,49.96049235378717,48.420528402009694,60000,300,11.932484799999656,11.875,True
cx0.3_mut0.01,0.3,0.01,test_9,8,2,844,45.8286259021942,44.4850334061302,60000,300,10.035033200001635,9.9375,True
cx0.3_mut0.01,0.3,0.01,test_9,8,3,845,41.193235067517,39.73714760111381,60000,300,9.833646700000827,9.796875,True
cx0.3_mut0.01,0.3,0.01,test_9,8,4,846,40.21279227631127,38.64337709903749,60000,300,10.518877700000303,9.75,True
cx0.3_mut0.01,0.3,0.01,test_9,8,5,847,44.10971363479771,42.33315287079555,60000,300,13.061664500000916,12.859375,True
cx0.3_mut0.01,0.3,0.01,test_9,8,6,848,36.91233831633626,35.42037948090811,60000,300,14.580623099998775,13.59375,True
cx0.3_mut0.01,0.3,0.01,test_9,8,7,849,51.03515848744865,49.5053667185988,60000,300,11.170535900000687,11.0,True
cx0.3_mut0.01,0.3,0.01,test_9,8,8,850,45.61643930208386,43.84521826715819,60000,300,8.868581700000504,8.71875,True
cx0.3_mut0.01,0.3,0.01,test_9,8,9,851,43.53101119535503,41.80954130918835,60000,300,10.747291900002892,10.640625,True
cx0.3_mut0.01,0.3,0.01,test_9,8,10,852,45.113930612829414,43.582758771931466,60000,300,9.793422399998235,9.765625,True
cx0.3_mut0.01,0.3,0.01,test_9,8,11,853,39.97836143026501,38.57620052557469,60000,300,11.780333800001245,11.765625,True
cx0.3_mut0.01,0.3,0.01,test_9,8,12,854,38.11893311089689,36.480957872439284,60000,300,11.459005799999431,11.421875,True
cx0.3_mut0.01,0.3,0.01,test_9,8,13,855,37.01231972740361,35.479347518153745,60000,300,10.231229200002417,10.21875,True
cx0.3_mut0.01,0.3,0.01,test_9,8,14,856,50.23429044812788,48.730518709532795,60000,300,10.32790599999862,10.28125,True
cx0.3_mut0.01,0.3,0.01,test_9,8,15,857,40.77192725272296,39.375894172160905,60000,300,9.507246600001963,9.484375,True
cx0.3_mut0.01,0.3,0.01,test_9,8,16,858,40.27703265067587,38.93202184172316,60000,300,9.472854400002689,9.1875,True
cx0.3_mut0.01,0.3,0.01,test_9,8,17,859,45.040129224077404,43.558264710207936,60000,300,9.573516200001905,9.484375,True
cx0.3_mut0.01,0.3,0.01,test_9,8,18,860,56.788397054974254,55.168628226849044,60000,300,10.617207200000848,10.5625,True
cx0.3_mut0.01,0.3,0.01,test_9,8,19,861,38.5148165617579,37.11852085905551,60000,300,13.584943099998782,13.09375,True
cx0.3_mut0.01,0.3,0.01,test_10,9,0,942,43.228659850063835,41.731013748125825,60000,300,11.046479700002237,10.3125,True
cx0.3_mut0.01,0.3,0.01,test_10,9,1,943,51.84763308716075,50.27031255767838,60000,300,11.378721400000359,10.9375,True
cx0.3_mut0.01,0.3,0.01,test_10,9,2,944,43.6855232559541,41.80033199812441,60000,300,12.502859299998818,12.296875,True
cx0.3_mut0.01,0.3,0.01,test_10,9,3,945,43.53276790099262,41.68743108908427,60000,300,12.31308960000024,12.046875,True
cx0.3_mut0.01,0.3,0.01,test_10,9,4,946,39.957444456999724,38.30243492033458,60000,300,13.172698700000183,12.78125,True
cx0.3_mut0.01,0.3,0.01,test_10,9,5,947,37.68060798609379,35.9967439486854,60000,300,12.155311100003019,11.78125,True
cx0.3_mut0.01,0.3,0.01,test_10,9,6,948,45.119392841487084,43.49176502963788,60000,300,10.840656600001239,10.6875,True
cx0.3_mut0.01,0.3,0.01,test_10,9,7,949,35.05228014981468,33.60244545685614,60000,300,11.6182779999981,11.4375,True
cx0.3_mut0.01,0.3,0.01,test_10,9,8,950,39.90763816421013,38.478575411403725,60000,300,9.46414260000165,9.359375,True
cx0.3_mut0.01,0.3,0.01,test_10,9,9,951,44.209586314061255,42.7469629582514,60000,300,11.463125700000091,10.890625,True
cx0.3_mut0.01,0.3,0.01,test_10,9,10,952,36.57126277652483,34.76740636305215,60000,300,11.080081800002517,10.875,True
cx0.3_mut0.01,0.3,0.01,test_10,9,11,953,39.550658719270594,37.98340131828439,60000,300,9.746088199997757,9.484375,True
cx0.3_mut0.01,0.3,0.01,test_10,9,12,954,43.19168285250742,41.38392808137847,60000,300,9.930716000002576,9.65625,True
cx0.3_mut0.01,0.3,0.01,test_10,9,13,955,37.51385321824302,35.7269409577832,60000,300,9.800321800001257,9.390625,True
cx0.3_mut0.01,0.3,0.01,test_10,9,14,956,47.30780934675446,45.839985578855604,60000,300,12.57836909999969,12.53125,True
cx0.3_mut0.01,0.3,0.01,test_10,9,15,957,43.63728369412258,41.79453265969289,60000,300,9.195268399998895,8.890625,True
cx0.3_mut0.01,0.3,0.01,test_10,9,16,958,40.0579683186651,38.48135377502612,60000,300,11.122647299998789,10.546875,True
cx0.3_mut0.01,0.3,0.01,test_10,9,17,959,39.129335502616804,37.42659471417103,60000,300,8.789146200000687,8.53125,True
cx0.3_mut0.01,0.3,0.01,test_10,9,18,960,42.3335757047201,40.762963903897486,60000,300,10.671249300001364,10.140625,True
cx0.3_mut0.01,0.3,0.01,test_10,9,19,961,47.030748695608295,45.42747166514846,60000,300,10.056235500000184,9.828125,True
cx0.3_mut0.05,0.3,0.05,test_1,0,0,42,46.47066933034217,44.81199173879616,60000,300,9.901413000003231,9.265625,True
cx0.3_mut0.05,0.3,0.05,test_1,0,1,43,38.029365868371684,36.60237726549563,60000,300,8.151722100003099,7.953125,True
cx0.3_mut0.05,0.3,0.05,test_1,0,2,44,41.358120971103816,40.010408738433924,60000,300,10.634592400001566,10.265625,True
cx0.3_mut0.05,0.3,0.05,test_1,0,3,45,33.78538205606937,32.425361421972,60000,300,8.722935500001768,8.609375,True
cx0.3_mut0.05,0.3,0.05,test_1,0,4,46,46.74638845197051,44.88071372132156,60000,300,8.984043800002837,8.78125,True
cx0.3_mut0.05,0.3,0.05,test_1,0,5,47,49.72742368909356,47.982279828010455,60000,300,7.753413799997361,7.59375,True
cx0.3_mut0.05,0.3,0.05,test_1,0,6,48,46.479025760362525,44.973532228594586,60000,300,9.849045800001477,9.75,True
cx0.3_mut0.05,0.3,0.05,test_1,0,7,49,50.84066235118737,49.414977982727784,60000,300,9.690961799999059,9.609375,True
cx0.3_mut0.05,0.3,0.05,test_1,0,8,50,41.914857361824744,40.12279020210749,60000,300,8.352963100001944,8.28125,True
cx0.3_mut0.05,0.3,0.05,test_1,0,9,51,41.32594507898682,39.56545124316178,60000,300,8.992482400000881,8.90625,True
cx0.3_mut0.05,0.3,0.05,test_1,0,10,52,44.46136465330469,43.3253267259043,60000,300,7.9631364999986545,7.875,True
cx0.3_mut0.05,0.3,0.05,test_1,0,11,53,50.323137191253004,48.84340095671857,60000,300,8.034797300002538,8.015625,True
cx0.3_mut0.05,0.3,0.05,test_1,0,12,54,33.53701120278851,32.09370537727124,60000,300,7.518796999996994,7.421875,True
cx0.3_mut0.05,0.3,0.05,test_1,0,13,55,42.255556806638154,40.57367376712431,60000,300,8.320762799998192,8.28125,True
cx0.3_mut0.05,0.3,0.05,test_1,0,14,56,43.672513487650654,42.32769686029975,60000,300,9.928227300002618,9.828125,True
cx0.3_mut0.05,0.3,0.05,test_1,0,15,57,42.72136449603114,41.33160122611341,60000,300,9.238936199999443,9.15625,True
cx0.3_mut0.05,0.3,0.05,test_1,0,16,58,40.86038937871256,39.4410098133763,60000,300,10.93326209999941,10.890625,True
cx0.3_mut0.05,0.3,0.05,test_1,0,17,59,39.670063886901985,38.02995263538445,60000,300,9.534720600000583,9.4375,True
cx0.3_mut0.05,0.3,0.05,test_1,0,18,60,41.405623427320144,39.68880286323327,60000,300,7.919405099997675,7.875,True
cx0.3_mut0.05,0.3,0.05,test_1,0,19,61,38.606325764541225,37.16901424979557,60000,300,7.960797499999899,7.859375,True
cx0.3_mut0.05,0.3,0.05,test_2,1,0,142,35.63778970425187,33.99664917358596,60000,300,10.943410299998504,10.796875,True
cx0.3_mut0.05,0.3,0.05,test_2,1,1,143,35.328247965019756,33.68452581646791,60000,300,9.352800599997863,9.25,True
cx0.3_mut0.05,0.3,0.05,test_2,1,2,144,32.47184974446703,30.785901863253866,60000,300,9.383369999999559,9.171875,True
cx0.3_mut0.05,0.3,0.05,test_2,1,3,145,39.444349962365536,37.60741613328,60000,300,10.934744599999249,10.640625,True
cx0.3_mut0.05,0.3,0.05,test_2,1,4,146,38.23691789005109,36.6704728809731,60000,300,7.9509671999985585,7.875,True
cx0.3_mut0.05,0.3,0.05,test_2,1,5,147,39.0188438214571,37.67222909416023,60000,300,8.486175600002753,8.4375,True
cx0.3_mut0.05,0.3,0.05,test_2,1,6,148,36.011076179415994,34.21661231445642,60000,300,10.4753927999991,10.390625,True
cx0.3_mut0.05,0.3,0.05,test_2,1,7,149,33.87430498790245,32.48301291073117,60000,300,8.386205200000404,8.34375,True
cx0.3_mut0.05,0.3,0.05,test_2,1,8,150,37.62206534638161,36.510542189424164,60000,300,7.222985399999743,7.171875,True
cx0.3_mut0.05,0.3,0.05,test_2,1,9,151,33.982340831827884,32.49226356980135,60000,300,8.02985759999865,7.96875,True
cx0.3_mut0.05,0.3,0.05,test_2,1,10,152,28.466942509577162,27.15827174647755,60000,300,10.541430900000705,10.40625,True
cx0.3_mut0.05,0.3,0.05,test_2,1,11,153,31.144190558782668,29.7651170108063,60000,300,11.27014500000223,11.21875,True
cx0.3_mut0.05,0.3,0.05,test_2,1,12,154,34.628217927551816,33.033700890963416,60000,300,8.478022799998143,8.359375,True
cx0.3_mut0.05,0.3,0.05,test_2,1,13,155,36.26099566738319,34.913867636602944,60000,300,9.55080160000216,9.390625,True
cx0.3_mut0.05,0.3,0.05,test_2,1,14,156,40.995696335466704,39.51109993315834,60000,300,9.811825599997974,9.71875,True
cx0.3_mut0.05,0.3,0.05,test_2,1,15,157,32.838776717509596,31.223080659451515,60000,300,8.570954799997708,8.46875,True
cx0.3_mut0.05,0.3,0.05,test_2,1,16,158,35.903228853799874,34.357051814061045,60000,300,10.052871099996992,9.890625,True
cx0.3_mut0.05,0.3,0.05,test_2,1,17,159,40.83585033618246,39.2850435414448,60000,300,10.335548800001561,9.984375,True
cx0.3_mut0.05,0.3,0.05,test_2,1,18,160,37.41612296341703,35.83168767432966,60000,300,12.589974800001073,12.125,True
cx0.3_mut0.05,0.3,0.05,test_2,1,19,161,38.374102900379114,36.91141860792134,60000,300,11.485922400002892,11.25,True
cx0.3_mut0.05,0.3,0.05,test_3,2,0,242,36.01029091782856,34.34135944819304,60000,300,10.692892799997935,10.578125,True
cx0.3_mut0.05,0.3,0.05,test_3,2,1,243,34.30459654355686,33.04976483800038,60000,300,8.48736590000044,8.0625,True
cx0.3_mut0.05,0.3,0.05,test_3,2,2,244,40.07745293480471,38.55402398167592,60000,300,11.843146799998067,11.671875,True
cx0.3_mut0.05,0.3,0.05,test_3,2,3,245,34.763379001068124,32.98930312635864,60000,300,12.816544900000736,12.25,True
cx0.3_mut0.05,0.3,0.05,test_3,2,4,246,38.75202062760313,37.01025159624167,60000,300,13.22841370000242,12.71875,True
cx0.3_mut0.05,0.3,0.05,test_3,2,5,247,30.63249365976113,29.176076405089955,60000,300,10.053134099998715,9.8125,True
cx0.3_mut0.05,0.3,0.05,test_3,2,6,248,43.09024624466757,41.19703496833896,60000,300,13.95116340000095,13.734375,True
cx0.3_mut0.05,0.3,0.05,test_3,2,7,249,43.58436963741582,42.23909055244404,60000,300,12.740861100002803,12.46875,True
cx0.3_mut0.05,0.3,0.05,test_3,2,8,250,36.489676386110204,35.06244079761139,60000,300,11.434712000002037,10.3125,True
cx0.3_mut0.05,0.3,0.05,test_3,2,9,251,37.812777859504436,35.994985869414606,60000,300,12.720614300000307,12.359375,True
cx0.3_mut0.05,0.3,0.05,test_3,2,10,252,34.75885655312506,33.280578530599136,60000,300,10.675142799998866,10.53125,True
cx0.3_mut0.05,0.3,0.05,test_3,2,11,253,41.229167114488064,39.51529342448216,60000,300,11.387221899996803,11.125,True
cx0.3_mut0.05,0.3,0.05,test_3,2,12,254,47.79070886763789,46.14862179239037,60000,300,13.081948700000794,12.578125,True
cx0.3_mut0.05,0.3,0.05,test_3,2,13,255,40.85993856925812,39.22719982070855,60000,300,11.891293399999995,11.75,True
cx0.3_mut0.05,0.3,0.05,test_3,2,14,256,34.450115705261936,32.83328449061986,60000,300,10.632701600003202,10.53125,True
cx0.3_mut0.05,0.3,0.05,test_3,2,15,257,35.69125159471659,34.17386834608858,60000,300,14.932662100000016,14.546875,True
cx0.3_mut0.05,0.3,0.05,test_3,2,16,258,39.7907690747747,38.31740077213717,60000,300,13.014553000000888,12.640625,True
cx0.3_mut0.05,0.3,0.05,test_3,2,17,259,38.94960112473233,36.82057387441031,60000,300,13.737125600000581,13.625,True
cx0.3_mut0.05,0.3,0.05,test_3,2,18,260,32.6295636088025,31.07243864601547,60000,300,8.881531500002893,8.671875,True
cx0.3_mut0.05,0.3,0.05,test_3,2,19,261,37.65513993396989,36.19242173339676,60000,300,10.828234199998406,10.734375,True
cx0.3_mut0.05,0.3,0.05,test_4,3,0,342,30.954551248440534,29.552574844504626,60000,300,10.669500799998787,10.515625,True
cx0.3_mut0.05,0.3,0.05,test_4,3,1,343,29.030256323929777,27.57031175354311,60000,300,13.898404999999912,13.78125,True
cx0.3_mut0.05,0.3,0.05,test_4,3,2,344,33.56646713192167,32.10108058268876,60000,300,10.154237200000352,10.0625,True
cx0.3_mut0.05,0.3,0.05,test_4,3,3,345,28.724622390125276,27.25512223854869,60000,300,12.376136300001235,12.3125,True
cx0.3_mut0.05,0.3,0.05,test_4,3,4,346,29.513028894823393,27.905222110768975,60000,300,11.712076100000559,11.375,True
cx0.3_mut0.05,0.3,0.05,test_4,3,5,347,32.03698722187693,30.556368374524475,60000,300,10.710231099998055,10.546875,True
cx0.3_mut0.05,0.3,0.05,test_4,3,6,348,39.856859693864656,38.2768196703784,60000,300,12.138604399999167,12.015625,True
cx0.3_mut0.05,0.3,0.05,test_4,3,7,349,30.165820737807532,28.591625516056308,60000,300,10.278235500001756,10.1875,True
cx0.3_mut0.05,0.3,0.05,test_4,3,8,350,30.572693949779378,29.183522361112942,60000,300,11.883661600000778,10.984375,True
cx0.3_mut0.05,0.3,0.05,test_4,3,9,351,31.221411503185557,29.511398590578096,60000,300,10.732599300001311,10.65625,True
cx0.3_mut0.05,0.3,0.05,test_4,3,10,352,26.76685821921079,25.38696873618563,60000,300,12.516600599999947,12.15625,True
cx0.3_mut0.05,0.3,0.05,test_4,3,11,353,29.778888607416423,28.52750458462429,60000,300,10.013474299998052,9.796875,True
cx0.3_mut0.05,0.3,0.05,test_4,3,12,354,29.149860786590143,28.000827233079725,60000,300,9.977529899999354,9.640625,True
cx0.3_mut0.05,0.3,0.05,test_4,3,13,355,28.653802099007265,27.289883876161532,60000,300,11.18895429999975,11.03125,True
cx0.3_mut0.05,0.3,0.05,test_4,3,14,356,36.91921038947222,35.46839557346622,60000,300,15.692684699999518,15.25,True
cx0.3_mut0.05,0.3,0.05,test_4,3,15,357,26.404962666106016,24.98577679987786,60000,300,10.955583399998432,10.703125,True
cx0.3_mut0.05,0.3,0.05,test_4,3,16,358,33.37908457771677,31.82133964409092,60000,300,10.903706499997497,10.71875,True
cx0.3_mut0.05,0.3,0.05,test_4,3,17,359,35.772056826288406,34.165867992467135,60000,300,10.982128499999817,10.859375,True
cx0.3_mut0.05,0.3,0.05,test_4,3,18,360,36.076150772856465,34.179998959401914,60000,300,9.615546200002427,9.234375,True
cx0.3_mut0.05,0.3,0.05,test_4,3,19,361,33.26692320247472,31.505413360979414,60000,300,11.31974959999934,11.15625,True
cx0.3_mut0.05,0.3,0.05,test_5,4,0,442,37.77848923820458,36.18811935481067,60000,300,13.019694200000231,12.84375,True
cx0.3_mut0.05,0.3,0.05,test_5,4,1,443,40.30758813180589,38.837881732748855,60000,300,12.179327699999703,12.109375,True
cx0.3_mut0.05,0.3,0.05,test_5,4,2,444,36.07925244363084,34.552909685428226,60000,300,12.122895500000595,11.953125,True
cx0.3_mut0.05,0.3,0.05,test_5,4,3,445,46.28924896349484,44.52906786416869,60000,300,14.932185900001059,14.546875,True
cx0.3_mut0.05,0.3,0.05,test_5,4,4,446,43.87235690645604,42.29794943283643,60000,300,12.225099999999657,11.96875,True
cx0.3_mut0.05,0.3,0.05,test_5,4,5,447,39.12718807266474,37.6213148372495,60000,300,9.211677799998142,9.0625,True
cx0.3_mut0.05,0.3,0.05,test_5,4,6,448,39.15802280225373,37.643507933605115,60000,300,9.655150399998092,9.265625,True
cx0.3_mut0.05,0.3,0.05,test_5,4,7,449,42.57537451987654,40.62430313319166,60000,300,16.084740800000873,15.59375,True
cx0.3_mut0.05,0.3,0.05,test_5,4,8,450,45.630326638847386,43.83508370525695,60000,300,9.413007000002835,9.265625,True
cx0.3_mut0.05,0.3,0.05,test_5,4,9,451,40.0020273881782,38.69431853180155,60000,300,9.170106700003089,8.796875,True
cx0.3_mut0.05,0.3,0.05,test_5,4,10,452,49.93946190830002,48.2554804778643,60000,300,12.23041110000122,12.015625,True
cx0.3_mut0.05,0.3,0.05,test_5,4,11,453,42.411177812455406,40.39871136291344,60000,300,12.154376699996646,11.84375,True
cx0.3_mut0.05,0.3,0.05,test_5,4,12,454,40.65302114744925,38.97220637963369,60000,300,10.70258759999706,10.4375,True
cx0.3_mut0.05,0.3,0.05,test_5,4,13,455,35.370140634906,33.91776113621387,60000,300,8.810683499999868,8.5,True
cx0.3_mut0.05,0.3,0.05,test_5,4,14,456,44.03009773202574,42.36573540774351,60000,300,9.19036799999958,8.84375,True
cx0.3_mut0.05,0.3,0.05,test_5,4,15,457,52.329193973449094,51.11622866157222,60000,300,12.685074000000895,12.140625,True
cx0.3_mut0.05,0.3,0.05,test_5,4,16,458,34.42656118528949,33.11540744364632,60000,300,10.963081799996871,10.671875,True
cx0.3_mut0.05,0.3,0.05,test_5,4,17,459,39.31022780458339,37.274409430891325,60000,300,12.998885000000882,12.265625,True
cx0.3_mut0.05,0.3,0.05,test_5,4,18,460,41.79715819359616,40.46727197295157,60000,300,9.459227700001065,9.0,True
cx0.3_mut0.05,0.3,0.05,test_5,4,19,461,41.804529285038086,40.1147525289592,60000,300,15.565867300003447,14.53125,True
cx0.3_mut0.05,0.3,0.05,test_6,5,0,542,40.8777366682274,38.98499596176792,60000,300,13.456628500000079,12.90625,True
cx0.3_mut0.05,0.3,0.05,test_6,5,1,543,37.12702897995688,35.373615177623954,60000,300,13.931780299997627,13.609375,True
cx0.3_mut0.05,0.3,0.05,test_6,5,2,544,44.41510237709795,43.024646095590626,60000,300,12.777012800001103,12.453125,True
cx0.3_mut0.05,0.3,0.05,test_6,5,3,545,40.3148630698089,38.73980412738333,60000,300,12.838233599999512,11.796875,True
cx0.3_mut0.05,0.3,0.05,test_6,5,4,546,38.17346079648716,36.378248329441384,60000,300,12.319265400001314,11.984375,True
cx0.3_mut0.05,0.3,0.05,test_6,5,5,547,35.35940574310458,33.772466149418825,60000,300,11.842876000002434,11.609375,True
cx0.3_mut0.05,0.3,0.05,test_6,5,6,548,42.88812915712926,41.4057373685349,60000,300,12.371825099999114,11.5625,True
cx0.3_mut0.05,0.3,0.05,test_6,5,7,549,38.31683145858852,36.69475426528087,60000,300,13.73589649999849,12.390625,True
cx0.3_mut0.05,0.3,0.05,test_6,5,8,550,37.9628705867687,36.31463475268845,60000,300,11.255298099997162,11.09375,True
cx0.3_mut0.05,0.3,0.05,test_6,5,9,551,40.0911383948965,38.707735451321334,60000,300,11.318084200000158,10.234375,True
cx0.3_mut0.05,0.3,0.05,test_6,5,10,552,36.94933906687498,35.4360254976873,60000,300,12.160688399999344,11.8125,True
cx0.3_mut0.05,0.3,0.05,test_6,5,11,553,37.635251510657916,35.99155811247626,60000,300,13.562825500001054,13.09375,True
cx0.3_mut0.05,0.3,0.05,test_6,5,12,554,39.51120098481701,37.837108031863785,60000,300,10.513887799999793,10.234375,True
cx0.3_mut0.05,0.3,0.05,test_6,5,13,555,33.590913148643814,31.891219367682048,60000,300,16.101051000001462,15.828125,True
cx0.3_mut0.05,0.3,0.05,test_6,5,14,556,39.57819191871404,38.410311677380356,60000,300,13.86840260000099,13.671875,True
cx0.3_mut0.05,0.3,0.05,test_6,5,15,557,36.04061534678575,34.78219918270845,60000,300,12.279954199999338,12.078125,True
cx0.3_mut0.05,0.3,0.05,test_6,5,16,558,35.90692508179496,34.38492328755917,60000,300,10.686972499999683,10.578125,True
cx0.3_mut0.05,0.3,0.05,test_6,5,17,559,47.018664349559714,45.58137361117859,60000,300,9.881779800001823,9.6875,True
cx0.3_mut0.05,0.3,0.05,test_6,5,18,560,41.66239590519561,40.14531102317832,60000,300,12.096017300002131,11.828125,True
cx0.3_mut0.05,0.3,0.05,test_6,5,19,561,39.85926911709461,38.120394068807094,60000,300,13.726350900000398,13.484375,True
cx0.3_mut0.05,0.3,0.05,test_7,6,0,642,36.44670907562192,34.651520284081734,60000,300,11.421398800001043,11.1875,True
cx0.3_mut0.05,0.3,0.05,test_7,6,1,643,40.61504883944191,38.92444319712365,60000,300,9.54496139999901,9.4375,True
cx0.3_mut0.05,0.3,0.05,test_7,6,2,644,38.857933202838275,37.36254419973833,60000,300,10.795554200001789,10.65625,True
cx0.3_mut0.05,0.3,0.05,test_7,6,3,645,38.297105508794886,36.172625571143136,60000,300,12.482035299999552,12.1875,True
cx0.3_mut0.05,0.3,0.05,test_7,6,4,646,26.96920636643947,25.591902167530314,60000,300,11.691180499998154,11.265625,True
cx0.3_mut0.05,0.3,0.05,test_7,6,5,647,44.215319394450674,42.70192111342782,60000,300,11.751326800000243,11.5625,True
cx0.3_mut0.05,0.3,0.05,test_7,6,6,648,32.87896864976435,31.36820202424521,60000,300,9.986646400000609,9.78125,True
cx0.3_mut0.05,0.3,0.05,test_7,6,7,649,37.05517627367253,35.484490446747145,60000,300,11.788937699999224,11.578125,True
cx0.3_mut0.05,0.3,0.05,test_7,6,8,650,36.16800589739089,34.53642819635097,60000,300,12.121344900002441,11.609375,True
cx0.3_mut0.05,0.3,0.05,test_7,6,9,651,34.87914553268512,33.46217490602704,60000,300,13.68251710000186,13.25,True
cx0.3_mut0.05,0.3,0.05,test_7,6,10,652,29.717122096187854,28.106766598086626,60000,300,10.344578000000183,10.015625,True
cx0.3_mut0.05,0.3,0.05,test_7,6,11,653,38.25798228021575,36.53643836975864,60000,300,9.801640199999383,9.578125,True
cx0.3_mut0.05,0.3,0.05,test_7,6,12,654,31.13627051327576,29.353430826781164,60000,300,13.6493335999985,13.390625,True
cx0.3_mut0.05,0.3,0.05,test_7,6,13,655,35.11319890488338,33.27131551068372,60000,300,12.073671199999808,11.859375,True
cx0.3_mut0.05,0.3,0.05,test_7,6,14,656,42.562941316069114,40.683981023099314,60000,300,10.814591199999995,10.59375,True
cx0.3_mut0.05,0.3,0.05,test_7,6,15,657,35.3680787777505,33.722647474798414,60000,300,13.192480000001524,13.03125,True
cx0.3_mut0.05,0.3,0.05,test_7,6,16,658,37.78394727011973,36.13123154522722,60000,300,11.891751200000726,11.703125,True
cx0.3_mut0.05,0.3,0.05,test_7,6,17,659,43.66902563130728,42.030012549608,60000,300,13.81741189999957,13.484375,True
cx0.3_mut0.05,0.3,0.05,test_7,6,18,660,39.18613616172417,37.52009181663786,60000,300,13.146436300001369,12.953125,True
cx0.3_mut0.05,0.3,0.05,test_7,6,19,661,44.74949638207812,43.01625372571944,60000,300,9.114511200001289,8.953125,True
cx0.3_mut0.05,0.3,0.05,test_8,7,0,742,36.98271913803284,35.378122613480045,60000,300,8.89547390000007,8.6875,True
cx0.3_mut0.05,0.3,0.05,test_8,7,1,743,43.65906948594574,41.887035302672835,60000,300,12.611040600000706,12.359375,True
cx0.3_mut0.05,0.3,0.05,test_8,7,2,744,43.49157536138762,41.522447014495164,60000,300,11.195392099998571,10.890625,True
cx0.3_mut0.05,0.3,0.05,test_8,7,3,745,40.60480556715817,38.989900628269524,60000,300,11.35232210000322,11.0625,True
cx0.3_mut0.05,0.3,0.05,test_8,7,4,746,39.2598005923386,37.58692080672571,60000,300,11.183673700001236,10.921875,True
cx0.3_mut0.05,0.3,0.05,test_8,7,5,747,36.29796839278924,34.72018929401443,60000,300,11.268458999998984,11.09375,True
cx0.3_mut0.05,0.3,0.05,test_8,7,6,748,39.18291457932961,37.5832286222783,60000,300,11.78840879999916,11.1875,True
cx0.3_mut0.05,0.3,0.05,test_8,7,7,749,36.78324318296641,35.10436207843868,60000,300,11.062272799998027,10.84375,True
cx0.3_mut0.05,0.3,0.05,test_8,7,8,750,31.28092656005141,29.624661876124513,60000,300,11.627833599999576,11.3125,True
cx0.3_mut0.05,0.3,0.05,test_8,7,9,751,36.59146133180622,35.11306817789065,60000,300,10.045649700001377,9.828125,True
cx0.3_mut0.05,0.3,0.05,test_8,7,10,752,29.906980926237566,28.074914820519034,60000,300,11.986641000003146,11.71875,True
cx0.3_mut0.05,0.3,0.05,test_8,7,11,753,34.74282419509779,33.13292509410958,60000,300,12.383292400001665,11.59375,True
cx0.3_mut0.05,0.3,0.05,test_8,7,12,754,33.02991706342277,31.448491900402033,60000,300,10.877701699999307,10.703125,True
cx0.3_mut0.05,0.3,0.05,test_8,7,13,755,37.50884366306728,35.5783965960749,60000,300,13.274360499999602,13.09375,True
cx0.3_mut0.05,0.3,0.05,test_8,7,14,756,31.448268933507066,29.74132998666693,60000,300,10.901119400001335,10.734375,True
cx0.3_mut0.05,0.3,0.05,test_8,7,15,757,46.590088386197515,45.07345380329456,60000,300,8.965551999997842,8.734375,True
cx0.3_mut0.05,0.3,0.05,test_8,7,16,758,41.647671609091404,39.969545847822445,60000,300,12.866154399998777,12.71875,True
cx0.3_mut0.05,0.3,0.05,test_8,7,17,759,35.229214682409506,33.669412745508325,60000,300,13.20126910000181,13.09375,True
cx0.3_mut0.05,0.3,0.05,test_8,7,18,760,31.402113479368488,30.01055431266438,60000,300,9.93146699999852,9.90625,True
cx0.3_mut0.05,0.3,0.05,test_8,7,19,761,32.75363281093667,31.114402364460194,60000,300,10.432828999997582,10.265625,True
cx0.3_mut0.05,0.3,0.05,test_9,8,0,842,41.436307878221754,39.92091924118517,60000,300,15.180601000000024,13.796875,True
cx0.3_mut0.05,0.3,0.05,test_9,8,1,843,38.32343897462712,36.92871549309416,60000,300,9.31550750000315,9.234375,True
cx0.3_mut0.05,0.3,0.05,test_9,8,2,844,38.92094374081493,37.45076799267337,60000,300,8.987946000001102,8.9375,True
cx0.3_mut0.05,0.3,0.05,test_9,8,3,845,34.25529905022334,32.78217305491174,60000,300,11.840628100002505,11.78125,True
cx0.3_mut0.05,0.3,0.05,test_9,8,4,846,38.55997428893186,36.84739494648396,60000,300,9.780289499998617,9.625,True
cx0.3_mut0.05,0.3,0.05,test_9,8,5,847,38.00659217592682,36.53234512810735,60000,300,10.59713180000108,10.390625,True
cx0.3_mut0.05,0.3,0.05,test_9,8,6,848,38.689525907239165,37.19052620916954,60000,300,14.989377999998396,13.78125,True
cx0.3_mut0.05,0.3,0.05,test_9,8,7,849,38.029807179192275,36.68346744469672,60000,300,11.043638599996484,10.875,True
cx0.3_mut0.05,0.3,0.05,test_9,8,8,850,42.72315840851741,41.233732960831986,60000,300,10.80095209999854,10.65625,True
cx0.3_mut0.05,0.3,0.05,test_9,8,9,851,39.30770723886459,37.88705410234569,60000,300,9.681890799998655,9.453125,True
cx0.3_mut0.05,0.3,0.05,test_9,8,10,852,43.178730514713415,41.0679477836606,60000,300,11.005952299998171,10.90625,True
cx0.3_mut0.05,0.3,0.05,test_9,8,11,853,35.555454245189175,33.97968945081805,60000,300,9.45573240000158,9.390625,True
cx0.3_mut0.05,0.3,0.05,test_9,8,12,854,41.22621162143927,39.506308213462916,60000,300,12.91562089999934,12.765625,True
cx0.3_mut0.05,0.3,0.05,test_9,8,13,855,38.28271112082687,36.79463855380632,60000,300,8.72533690000273,8.671875,True
cx0.3_mut0.05,0.3,0.05,test_9,8,14,856,39.990276535356976,38.55938413708215,60000,300,12.216332400003012,12.140625,True
cx0.3_mut0.05,0.3,0.05,test_9,8,15,857,43.003628569249415,41.60623525653943,60000,300,9.398440299999493,9.359375,True
cx0.3_mut0.05,0.3,0.05,test_9,8,16,858,39.997962620554674,38.86686934624265,60000,300,9.221398599998793,8.953125,True
cx0.3_mut0.05,0.3,0.05,test_9,8,17,859,35.62013939506925,34.2767717144957,60000,300,10.490289099998336,10.359375,True
cx0.3_mut0.05,0.3,0.05,test_9,8,18,860,35.577099561538276,34.099108256396036,60000,300,10.842463299999508,10.796875,True
cx0.3_mut0.05,0.3,0.05,test_9,8,19,861,38.76073370003211,36.96648643245382,60000,300,9.430511800001113,9.34375,True
cx0.3_mut0.05,0.3,0.05,test_10,9,0,942,36.3990398066678,35.08383427522707,60000,300,12.183585799997672,11.4375,True
cx0.3_mut0.05,0.3,0.05,test_10,9,1,943,47.330251453066,45.83081188153671,60000,300,15.042814500000532,14.453125,True
cx0.3_mut0.05,0.3,0.05,test_10,9,2,944,41.210125584562164,39.90422704189375,60000,300,8.747914799998398,8.59375,True
cx0.3_mut0.05,0.3,0.05,test_10,9,3,945,34.9276049704043,33.1898253712869,60000,300,10.28641399999833,10.15625,True
cx0.3_mut0.05,0.3,0.05,test_10,9,4,946,39.48159510553504,37.833090171599274,60000,300,12.45120880000104,12.046875,True
cx0.3_mut0.05,0.3,0.05,test_10,9,5,947,34.707913595487874,33.12003065517113,60000,300,12.608090700003231,12.28125,True
cx0.3_mut0.05,0.3,0.05,test_10,9,6,948,40.12706451567411,38.4703530909392,60000,300,9.586323899999115,9.4375,True
cx0.3_mut0.05,0.3,0.05,test_10,9,7,949,32.994814777400194,31.67826265162012,60000,300,11.397200100000191,11.328125,True
cx0.3_mut0.05,0.3,0.05,test_10,9,8,950,33.400325652874365,31.841836409492185,60000,300,10.824365600001329,10.59375,True
cx0.3_mut0.05,0.3,0.05,test_10,9,9,951,36.21424331030819,34.71036299150728,60000,300,12.513148099998944,11.875,True
cx0.3_mut0.05,0.3,0.05,test_10,9,10,952,41.39312013735919,39.64557282100899,60000,300,9.97124629999962,9.8125,True
cx0.3_mut0.05,0.3,0.05,test_10,9,11,953,39.57539722061417,38.13099032740075,60000,300,13.223507800001244,12.875,True
cx0.3_mut0.05,0.3,0.05,test_10,9,12,954,34.5663937582785,33.268990597680826,60000,300,9.601249700001063,9.359375,True
cx0.3_mut0.05,0.3,0.05,test_10,9,13,955,38.24815255217559,36.775627672613616,60000,300,10.51817569999912,10.0625,True
cx0.3_mut0.05,0.3,0.05,test_10,9,14,956,43.322261703814355,41.31286829629637,60000,300,11.19051810000019,11.140625,True
cx0.3_mut0.05,0.3,0.05,test_10,9,15,957,34.963720005592386,33.56270588020854,60000,300,8.431387599997834,8.3125,True
cx0.3_mut0.05,0.3,0.05,test_10,9,16,958,31.070466635959825,29.633331416566712,60000,300,10.370015400003467,9.921875,True
cx0.3_mut0.05,0.3,0.05,test_10,9,17,959,42.700294684652306,40.875715045565904,60000,300,10.99750430000131,10.5,True
cx0.3_mut0.05,0.3,0.05,test_10,9,18,960,38.78111381847893,37.13200311074674,60000,300,10.542790100000275,10.0,True
cx0.3_mut0.05,0.3,0.05,test_10,9,19,961,39.07461831832585,37.66437793551448,60000,300,14.081663599998137,13.84375,True
cx0.3_mut0.1,0.3,0.1,test_1,0,0,42,37.85480657223933,36.10730266519451,60000,300,9.368114100001549,8.859375,True
cx0.3_mut0.1,0.3,0.1,test_1,0,1,43,43.069155917266215,41.602439250797616,60000,300,8.158463700001448,8.015625,True
cx0.3_mut0.1,0.3,0.1,test_1,0,2,44,34.174318933810945,32.66939842230815,60000,300,8.857306899997639,8.578125,True
cx0.3_mut0.1,0.3,0.1,test_1,0,3,45,40.957656622257076,39.64561211622478,60000,300,8.596514200002275,8.484375,True
cx0.3_mut0.1,0.3,0.1,test_1,0,4,46,38.33640770470433,36.64119751114601,60000,300,8.39449969999987,8.296875,True
cx0.3_mut0.1,0.3,0.1,test_1,0,5,47,41.57970546078115,39.72011434100941,60000,300,7.476658599996881,7.296875,True
cx0.3_mut0.1,0.3,0.1,test_1,0,6,48,41.789939885114805,40.12643661479339,60000,300,8.009824700002355,7.953125,True
cx0.3_mut0.1,0.3,0.1,test_1,0,7,49,44.37501420156458,42.9602331549162,60000,300,8.458697000001848,8.390625,True
cx0.3_mut0.1,0.3,0.1,test_1,0,8,50,38.40551933412947,36.70455300546552,60000,300,9.489041900000302,9.375,True
cx0.3_mut0.1,0.3,0.1,test_1,0,9,51,41.915974059379394,40.26538540937624,60000,300,9.145344399999885,9.015625,True
cx0.3_mut0.1,0.3,0.1,test_1,0,10,52,38.88944306771862,37.62800292678974,60000,300,7.976262600001064,7.90625,True
cx0.3_mut0.1,0.3,0.1,test_1,0,11,53,40.27703094869944,38.788422143245725,60000,300,8.709628799999336,8.625,True
cx0.3_mut0.1,0.3,0.1,test_1,0,12,54,38.1419040520254,36.40873050591621,60000,300,7.4376903000011225,7.34375,True
cx0.3_mut0.1,0.3,0.1,test_1,0,13,55,41.79445548301944,40.45207227711137,60000,300,8.764974599998823,8.765625,True
cx0.3_mut0.1,0.3,0.1,test_1,0,14,56,46.87039767440153,45.25419496257188,60000,300,8.246331599999394,8.1875,True
cx0.3_mut0.1,0.3,0.1,test_1,0,15,57,41.4467931911323,39.8511940769295,60000,300,9.515576499998133,9.453125,True
cx0.3_mut0.1,0.3,0.1,test_1,0,16,58,36.09263291790066,34.504512679847195,60000,300,7.6458103000004485,7.578125,True
cx0.3_mut0.1,0.3,0.1,test_1,0,17,59,41.00755790870646,39.01160166514924,60000,300,7.737908900002367,7.671875,True
cx0.3_mut0.1,0.3,0.1,test_1,0,18,60,40.47749163956989,38.961240162208846,60000,300,9.695170799997868,9.6875,True
cx0.3_mut0.1,0.3,0.1,test_1,0,19,61,45.93749603123952,44.54314637437294,60000,300,10.263404400000582,10.125,True
cx0.3_mut0.1,0.3,0.1,test_2,1,0,142,41.25886081731699,39.61788471840917,60000,300,9.714133999998012,9.640625,True
cx0.3_mut0.1,0.3,0.1,test_2,1,1,143,35.19160539321769,33.88777234862609,60000,300,8.125919100002648,8.015625,True
cx0.3_mut0.1,0.3,0.1,test_2,1,2,144,33.59498107030616,32.048083382696994,60000,300,8.989739399999962,8.84375,True
cx0.3_mut0.1,0.3,0.1,test_2,1,3,145,34.640121807275506,33.44825434093013,60000,300,9.10353600000235,8.796875,True
cx0.3_mut0.1,0.3,0.1,test_2,1,4,146,30.510660176032513,29.057077348199222,60000,300,8.044925199999852,8.0,True
cx0.3_mut0.1,0.3,0.1,test_2,1,5,147,47.82977267963064,45.96398511320364,60000,300,9.664114100000006,9.578125,True
cx0.3_mut0.1,0.3,0.1,test_2,1,6,148,35.49327996818269,33.7448037565066,60000,300,7.578074600001855,7.53125,True
cx0.3_mut0.1,0.3,0.1,test_2,1,7,149,34.597324885936835,33.08825165915939,60000,300,8.600967200000014,8.546875,True
cx0.3_mut0.1,0.3,0.1,test_2,1,8,150,37.479851322781165,35.54155528332759,60000,300,8.475696500001504,8.40625,True
cx0.3_mut0.1,0.3,0.1,test_2,1,9,151,38.456284961878026,36.89005426302661,60000,300,8.751879600000393,8.65625,True
cx0.3_mut0.1,0.3,0.1,test_2,1,10,152,32.95485813602791,31.445992671103884,60000,300,8.887022300001263,8.828125,True
cx0.3_mut0.1,0.3,0.1,test_2,1,11,153,36.730852266278376,35.048451367184455,60000,300,9.412119700002222,9.265625,True
cx0.3_mut0.1,0.3,0.1,test_2,1,12,154,32.38990787810454,31.137623594604346,60000,300,8.789468599999964,8.734375,True
cx0.3_mut0.1,0.3,0.1,test_2,1,13,155,33.89871493497407,32.48085919363702,60000,300,10.431702099998802,10.140625,True
cx0.3_mut0.1,0.3,0.1,test_2,1,14,156,37.33805074705295,36.014210613440056,60000,300,8.486137699997926,8.453125,True
cx0.3_mut0.1,0.3,0.1,test_2,1,15,157,35.33729457566355,33.87813703703098,60000,300,8.696787000000768,8.640625,True
cx0.3_mut0.1,0.3,0.1,test_2,1,16,158,32.19576478455579,30.785489312766874,60000,300,9.727290799997718,9.59375,True
cx0.3_mut0.1,0.3,0.1,test_2,1,17,159,37.804385175009386,36.320612571202396,60000,300,12.488619700001436,12.09375,True
cx0.3_mut0.1,0.3,0.1,test_2,1,18,160,31.35348141986009,29.921674595243992,60000,300,10.076444499998615,9.609375,True
cx0.3_mut0.1,0.3,0.1,test_2,1,19,161,36.02167404861014,34.64362033892643,60000,300,10.247368899999856,10.0,True
cx0.3_mut0.1,0.3,0.1,test_3,2,0,242,38.38708045036697,36.74808433130632,60000,300,9.811518500002421,9.59375,True
cx0.3_mut0.1,0.3,0.1,test_3,2,1,243,38.017858536140764,35.84905807308588,60000,300,10.522279500000877,10.09375,True
cx0.3_mut0.1,0.3,0.1,test_3,2,2,244,39.18441432648835,37.645136369102325,60000,300,9.475218200001109,9.3125,True
cx0.3_mut0.1,0.3,0.1,test_3,2,3,245,37.691575637993886,36.288385993964404,60000,300,10.5310599000004,10.34375,True
cx0.3_mut0.1,0.3,0.1,test_3,2,4,246,36.59479444503788,34.700900637822414,60000,300,11.153337100000499,10.578125,True
cx0.3_mut0.1,0.3,0.1,test_3,2,5,247,33.59517913787204,32.14457188377739,60000,300,9.807745500002056,9.609375,True
cx0.3_mut0.1,0.3,0.1,test_3,2,6,248,45.95263275327762,44.33097959679605,60000,300,11.280601800001023,10.953125,True
cx0.3_mut0.1,0.3,0.1,test_3,2,7,249,38.32842918153126,36.64594399963844,60000,300,10.562020900000789,10.046875,True
cx0.3_mut0.1,0.3,0.1,test_3,2,8,250,44.04861591256175,41.99669819039107,60000,300,13.31795670000065,12.109375,True
cx0.3_mut0.1,0.3,0.1,test_3,2,9,251,37.2941590375549,35.738424963750944,60000,300,10.788576099999773,10.53125,True
cx0.3_mut0.1,0.3,0.1,test_3,2,10,252,37.83904099890675,35.91242746271381,60000,300,10.293038100000558,10.109375,True
cx0.3_mut0.1,0.3,0.1,test_3,2,11,253,39.40370618045023,37.98711371821015,60000,300,8.425089000000298,8.25,True
cx0.3_mut0.1,0.3,0.1,test_3,2,12,254,42.19109512399069,40.22873031652857,60000,300,11.740946199999598,11.296875,True
cx0.3_mut0.1,0.3,0.1,test_3,2,13,255,36.47768503391112,34.742980843323394,60000,300,9.625554800000828,9.5,True
cx0.3_mut0.1,0.3,0.1,test_3,2,14,256,39.69396788150277,38.168932081670135,60000,300,8.763676399998076,8.671875,True
cx0.3_mut0.1,0.3,0.1,test_3,2,15,257,40.61006671525472,38.96176872173427,60000,300,10.662255499999446,10.515625,True
cx0.3_mut0.1,0.3,0.1,test_3,2,16,258,39.947925019062836,38.29401117227076,60000,300,11.798601999998937,11.625,True
cx0.3_mut0.1,0.3,0.1,test_3,2,17,259,32.907972135449995,31.329962931160654,60000,300,9.631330000000162,9.515625,True
cx0.3_mut0.1,0.3,0.1,test_3,2,18,260,36.2672594847478,34.68921349591604,60000,300,8.927006099998835,8.734375,True
cx0.3_mut0.1,0.3,0.1,test_3,2,19,261,38.318648418388996,36.65606539824523,60000,300,11.583431800001563,11.34375,True
cx0.3_mut0.1,0.3,0.1,test_4,3,0,342,34.90470800456147,33.361336389204375,60000,300,9.995474899998953,9.84375,True
cx0.3_mut0.1,0.3,0.1,test_4,3,1,343,34.97483683763718,33.50222640708519,60000,300,8.049938300002395,7.859375,True
cx0.3_mut0.1,0.3,0.1,test_4,3,2,344,33.28147516988909,31.899057668851917,60000,300,9.878291100001661,9.84375,True
cx0.3_mut0.1,0.3,0.1,test_4,3,3,345,37.77242592291832,35.929112237504846,60000,300,11.881432900001528,11.703125,True
cx0.3_mut0.1,0.3,0.1,test_4,3,4,346,31.474780350100435,29.941466126876662,60000,300,10.051628800003527,9.8125,True
cx0.3_mut0.1,0.3,0.1,test_4,3,5,347,27.75612982422144,26.246493431320737,60000,300,10.536592699998437,10.4375,True
cx0.3_mut0.1,0.3,0.1,test_4,3,6,348,28.508148732168024,27.30687643833977,60000,300,8.954988800000137,8.859375,True
cx0.3_mut0.1,0.3,0.1,test_4,3,7,349,30.44246933346659,28.917778656661206,60000,300,10.789182199998322,10.625,True
cx0.3_mut0.1,0.3,0.1,test_4,3,8,350,29.478109624264192,27.80184395897498,60000,300,11.065484400001878,10.328125,True
cx0.3_mut0.1,0.3,0.1,test_4,3,9,351,36.385997547908346,34.94453019099249,60000,300,8.467888099999982,8.375,True
cx0.3_mut0.1,0.3,0.1,test_4,3,10,352,31.43785048887895,29.946629240813426,60000,300,8.95109720000255,8.640625,True
cx0.3_mut0.1,0.3,0.1,test_4,3,11,353,35.5313049995743,34.21187580102986,60000,300,10.123629000001529,9.984375,True
cx0.3_mut0.1,0.3,0.1,test_4,3,12,354,29.540691960493245,27.96256739485126,60000,300,13.219052700002067,12.796875,True
cx0.3_mut0.1,0.3,0.1,test_4,3,13,355,31.439517204908963,29.974785141383215,60000,300,8.416591799999878,8.234375,True
cx0.3_mut0.1,0.3,0.1,test_4,3,14,356,33.71010968009818,32.31893477480147,60000,300,8.782765500000096,8.515625,True
cx0.3_mut0.1,0.3,0.1,test_4,3,15,357,34.6688634088299,32.98236168771949,60000,300,9.675391000000673,9.328125,True
cx0.3_mut0.1,0.3,0.1,test_4,3,16,358,33.357968069659556,31.652943516170456,60000,300,9.262998300000618,9.09375,True
cx0.3_mut0.1,0.3,0.1,test_4,3,17,359,27.61995781525386,26.394442275622612,60000,300,9.327792299998691,9.015625,True
cx0.3_mut0.1,0.3,0.1,test_4,3,18,360,32.000661828905685,30.47485789112526,60000,300,11.034436000001733,10.609375,True
cx0.3_mut0.1,0.3,0.1,test_4,3,19,361,27.443777581102683,26.054407263307784,60000,300,11.52037990000099,11.34375,True
cx0.3_mut0.1,0.3,0.1,test_5,4,0,442,38.40498517764897,36.64388794281468,60000,300,10.125421500000812,9.921875,True
cx0.3_mut0.1,0.3,0.1,test_5,4,1,443,44.316400859013925,43.00609863570776,60000,300,9.777312100002746,9.71875,True
cx0.3_mut0.1,0.3,0.1,test_5,4,2,444,38.69201989464164,37.04576901674468,60000,300,9.947867700000643,9.8125,True
cx0.3_mut0.1,0.3,0.1,test_5,4,3,445,41.51809731826329,39.99247206192723,60000,300,9.800225500002853,9.625,True
cx0.3_mut0.1,0.3,0.1,test_5,4,4,446,37.21874153811149,35.67671416589484,60000,300,8.829328600000736,8.65625,True
cx0.3_mut0.1,0.3,0.1,test_5,4,5,447,42.83512789843687,41.32317233231564,60000,300,10.594685900003242,10.296875,True
cx0.3_mut0.1,0.3,0.1,test_5,4,6,448,44.3146952836459,42.94871117712507,60000,300,8.495314899999357,8.28125,True
cx0.3_mut0.1,0.3,0.1,test_5,4,7,449,42.42860581340304,40.49862427212731,60000,300,11.028625199996895,10.78125,True
cx0.3_mut0.1,0.3,0.1,test_5,4,8,450,38.868176433795895,37.426093461057725,60000,300,10.29033039999922,10.078125,True
cx0.3_mut0.1,0.3,0.1,test_5,4,9,451,41.468573210385806,39.662076648537436,60000,300,10.069972100001905,9.640625,True
cx0.3_mut0.1,0.3,0.1,test_5,4,10,452,38.471708279381,36.515152347911936,60000,300,12.016244200000074,11.84375,True
cx0.3_mut0.1,0.3,0.1,test_5,4,11,453,43.11227909889774,41.57743493885659,60000,300,9.462824800000817,9.28125,True
cx0.3_mut0.1,0.3,0.1,test_5,4,12,454,42.908342621332004,41.34676556083387,60000,300,10.302775300002395,10.140625,True
cx0.3_mut0.1,0.3,0.1,test_5,4,13,455,37.31114757734136,35.87443220602297,60000,300,11.587974599999143,11.171875,True
cx0.3_mut0.1,0.3,0.1,test_5,4,14,456,36.03769302522349,34.512818432848185,60000,300,9.967051999999967,9.625,True
cx0.3_mut0.1,0.3,0.1,test_5,4,15,457,41.725463117269705,39.78396181949198,60000,300,9.697845900001994,9.3125,True
cx0.3_mut0.1,0.3,0.1,test_5,4,16,458,35.23068010617655,33.73721474145125,60000,300,10.0659278000021,9.875,True
cx0.3_mut0.1,0.3,0.1,test_5,4,17,459,36.842884498875875,35.43653376018812,60000,300,11.379195400000754,10.703125,True
cx0.3_mut0.1,0.3,0.1,test_5,4,18,460,45.347564647583575,43.92165688279218,60000,300,12.324554399998306,11.8125,True
cx0.3_mut0.1,0.3,0.1,test_5,4,19,461,42.41771643296269,40.86656957473148,60000,300,11.817476199998055,10.8125,True
cx0.3_mut0.1,0.3,0.1,test_6,5,0,542,36.449371240881135,34.78816514689007,60000,300,10.992430899997998,10.671875,True
cx0.3_mut0.1,0.3,0.1,test_6,5,1,543,37.16674745344744,35.72082910483609,60000,300,9.320978899999318,9.203125,True
cx0.3_mut0.1,0.3,0.1,test_6,5,2,544,40.3084224390873,38.9321449806972,60000,300,11.467713099998946,11.109375,True
cx0.3_mut0.1,0.3,0.1,test_6,5,3,545,43.123558144166005,41.53658127683672,60000,300,13.455906600000162,12.390625,True
cx0.3_mut0.1,0.3,0.1,test_6,5,4,546,43.98803161361644,42.48982029814631,60000,300,10.351708400001371,10.03125,True
cx0.3_mut0.1,0.3,0.1,test_6,5,5,547,37.936971689841045,36.261493243516966,60000,300,11.828505599998607,11.25,True
cx0.3_mut0.1,0.3,0.1,test_6,5,6,548,33.36773713479476,31.837003932489207,60000,300,13.73996740000075,13.125,True
cx0.3_mut0.1,0.3,0.1,test_6,5,7,549,39.59381983458224,38.01242128672979,60000,300,12.952894699999888,11.890625,True
cx0.3_mut0.1,0.3,0.1,test_6,5,8,550,35.694991572479196,34.08494300712532,60000,300,10.20032480000009,10.015625,True
cx0.3_mut0.1,0.3,0.1,test_6,5,9,551,38.436281784224406,36.951985682949775,60000,300,10.962313399999402,9.890625,True
cx0.3_mut0.1,0.3,0.1,test_6,5,10,552,40.991071447267146,39.070071693132604,60000,300,13.385087500002555,12.890625,True
cx0.3_mut0.1,0.3,0.1,test_6,5,11,553,43.28113503141158,41.93258726232072,60000,300,12.66628860000128,12.265625,True
cx0.3_mut0.1,0.3,0.1,test_6,5,12,554,30.709713277423603,29.463766094493703,60000,300,9.106236100000388,8.765625,True
cx0.3_mut0.1,0.3,0.1,test_6,5,13,555,42.722703587075664,41.23005349162458,60000,300,10.88460649999979,10.5625,True
cx0.3_mut0.1,0.3,0.1,test_6,5,14,556,38.179933310963314,36.342493735403025,60000,300,12.733441499996843,12.296875,True
cx0.3_mut0.1,0.3,0.1,test_6,5,15,557,28.68217306265746,27.272152165029524,60000,300,11.728880599999684,11.609375,True
cx0.3_mut0.1,0.3,0.1,test_6,5,16,558,32.97959860833748,31.340543575506416,60000,300,10.180867999999464,10.015625,True
cx0.3_mut0.1,0.3,0.1,test_6,5,17,559,44.75061587506664,43.24805599240659,60000,300,12.316329999997834,12.125,True
cx0.3_mut0.1,0.3,0.1,test_6,5,18,560,33.078746886352874,31.646018772145403,60000,300,10.126132400000643,9.859375,True
cx0.3_mut0.1,0.3,0.1,test_6,5,19,561,36.127190953674024,34.55121839071784,60000,300,10.640707599999587,10.5,True
cx0.3_mut0.1,0.3,0.1,test_7,6,0,642,35.35249876296355,34.00831514295782,60000,300,9.70642769999904,9.625,True
cx0.3_mut0.1,0.3,0.1,test_7,6,1,643,36.30775290000609,34.71552855187521,60000,300,9.051926200001617,8.890625,True
cx0.3_mut0.1,0.3,0.1,test_7,6,2,644,39.61267860105529,37.38946823280392,60000,300,11.235541699999885,11.03125,True
cx0.3_mut0.1,0.3,0.1,test_7,6,3,645,30.173921859171088,28.817631509115966,60000,300,11.099822200001654,10.921875,True
cx0.3_mut0.1,0.3,0.1,test_7,6,4,646,32.15438776429551,30.554554930670946,60000,300,8.547571499999322,8.296875,True
cx0.3_mut0.1,0.3,0.1,test_7,6,5,647,40.39098948390479,38.69051590376927,60000,300,10.401673999997001,10.171875,True
cx0.3_mut0.1,0.3,0.1,test_7,6,6,648,31.70386904207409,30.221643566835557,60000,300,10.33603530000255,10.109375,True
cx0.3_mut0.1,0.3,0.1,test_7,6,7,649,36.442763550316265,34.84375450564493,60000,300,9.528172299997095,9.21875,True
cx0.3_mut0.1,0.3,0.1,test_7,6,8,650,38.455898261169864,36.51183984082207,60000,300,10.424354599999788,10.140625,True
cx0.3_mut0.1,0.3,0.1,test_7,6,9,651,37.1937382686761,35.71175605514579,60000,300,8.93070760000046,8.71875,True
cx0.3_mut0.1,0.3,0.1,test_7,6,10,652,31.271589020894684,29.68501157827174,60000,300,8.572227500000736,8.40625,True
cx0.3_mut0.1,0.3,0.1,test_7,6,11,653,41.90215530656741,40.428823595465694,60000,300,9.404105400000844,9.296875,True
cx0.3_mut0.1,0.3,0.1,test_7,6,12,654,34.67678282372629,33.099302943863975,60000,300,11.403743799997756,11.109375,True
cx0.3_mut0.1,0.3,0.1,test_7,6,13,655,30.672371404892605,29.21735931721181,60000,300,10.304516899999726,10.015625,True
cx0.3_mut0.1,0.3,0.1,test_7,6,14,656,34.04365733547763,32.37547568545967,60000,300,9.097936999998637,8.984375,True
cx0.3_mut0.1,0.3,0.1,test_7,6,15,657,39.28667501874333,37.706843366132546,60000,300,10.70942649999779,10.59375,True
cx0.3_mut0.1,0.3,0.1,test_7,6,16,658,30.07155434908605,28.40978667291142,60000,300,8.6897656000001,8.59375,True
cx0.3_mut0.1,0.3,0.1,test_7,6,17,659,30.793024757476385,29.429511970618318,60000,300,11.981942099999287,11.734375,True
cx0.3_mut0.1,0.3,0.1,test_7,6,18,660,34.11119029550583,32.7866004866365,60000,300,11.37754920000225,11.203125,True
cx0.3_mut0.1,0.3,0.1,test_7,6,19,661,39.93417718269885,38.10581752401927,60000,300,13.228499999997439,13.03125,True
cx0.3_mut0.1,0.3,0.1,test_8,7,0,742,37.42494421814585,35.920776889007115,60000,300,9.653720700000122,9.359375,True
cx0.3_mut0.1,0.3,0.1,test_8,7,1,743,32.73215886371299,31.15927592330113,60000,300,10.893053100000543,10.59375,True
cx0.3_mut0.1,0.3,0.1,test_8,7,2,744,34.27782651497263,32.670976894618185,60000,300,10.398825499996747,10.015625,True
cx0.3_mut0.1,0.3,0.1,test_8,7,3,745,30.880273553057265,29.238293046752464,60000,300,10.44934220000141,10.265625,True
cx0.3_mut0.1,0.3,0.1,test_8,7,4,746,33.991044845221815,32.46657635833751,60000,300,9.479039199999534,9.21875,True
cx0.3_mut0.1,0.3,0.1,test_8,7,5,747,44.27834759620653,42.555155283469865,60000,300,10.77545530000134,10.59375,True
cx0.3_mut0.1,0.3,0.1,test_8,7,6,748,41.69087606763472,39.64139528031204,60000,300,14.565298299999995,14.0,True
cx0.3_mut0.1,0.3,0.1,test_8,7,7,749,34.48866880262482,33.055584057134624,60000,300,9.043972999999824,8.8125,True
cx0.3_mut0.1,0.3,0.1,test_8,7,8,750,33.95259259320554,32.439611041506296,60000,300,10.435432700000092,10.09375,True
cx0.3_mut0.1,0.3,0.1,test_8,7,9,751,28.361225899379406,26.693539019026776,60000,300,10.058520399998088,9.890625,True
cx0.3_mut0.1,0.3,0.1,test_8,7,10,752,37.69726604252711,35.901461813991524,60000,300,11.418845399999555,11.109375,True
cx0.3_mut0.1,0.3,0.1,test_8,7,11,753,35.37014421277822,33.71418494125403,60000,300,12.159255400001712,11.25,True
cx0.3_mut0.1,0.3,0.1,test_8,7,12,754,34.76706650506869,33.334967846399124,60000,300,10.15966980000303,10.078125,True
cx0.3_mut0.1,0.3,0.1,test_8,7,13,755,33.7812379032377,32.41629134451475,60000,300,9.925898100002087,9.65625,True
cx0.3_mut0.1,0.3,0.1,test_8,7,14,756,41.27567893872965,39.18485261051085,60000,300,10.340034300003026,10.21875,True
cx0.3_mut0.1,0.3,0.1,test_8,7,15,757,45.90968228619389,44.08163438697845,60000,300,10.968591099997866,10.796875,True
cx0.3_mut0.1,0.3,0.1,test_8,7,16,758,37.2988008541138,35.7493220492748,60000,300,11.443111699998553,11.25,True
cx0.3_mut0.1,0.3,0.1,test_8,7,17,759,36.26786323496673,34.71017491010769,60000,300,9.647680800000671,9.578125,True
cx0.3_mut0.1,0.3,0.1,test_8,7,18,760,36.47025725658661,34.66342911375935,60000,300,9.147719799999322,9.078125,True
cx0.3_mut0.1,0.3,0.1,test_8,7,19,761,34.38613240115527,32.806018058521225,60000,300,8.537709000000177,8.484375,True
cx0.3_mut0.1,0.3,0.1,test_9,8,0,842,36.69062907382008,35.03951662693694,60000,300,14.34820469999977,13.546875,True
cx0.3_mut0.1,0.3,0.1,test_9,8,1,843,39.112881563135986,37.732845576193824,60000,300,8.690806800001155,8.65625,True
cx0.3_mut0.1,0.3,0.1,test_9,8,2,844,37.48691954204781,36.05790768814197,60000,300,10.415487199999916,10.34375,True
cx0.3_mut0.1,0.3,0.1,test_9,8,3,845,35.75593389102877,34.49407690832261,60000,300,10.17512799999895,10.0625,True
cx0.3_mut0.1,0.3,0.1,test_9,8,4,846,42.69275990176216,41.20432819438998,60000,300,8.378386000000319,8.328125,True
cx0.3_mut0.1,0.3,0.1,test_9,8,5,847,39.674178706950094,38.151676367714,60000,300,9.085026200002176,9.0,True
cx0.3_mut0.1,0.3,0.1,test_9,8,6,848,40.66314264613162,39.292598591119045,60000,300,9.572401000001264,8.703125,True
cx0.3_mut0.1,0.3,0.1,test_9,8,7,849,40.44733421941707,39.348229305891714,60000,300,8.653194899998198,8.53125,True
cx0.3_mut0.1,0.3,0.1,test_9,8,8,850,34.59535543793554,33.36649340502708,60000,300,8.803832800000237,8.75,True
cx0.3_mut0.1,0.3,0.1,test_9,8,9,851,38.051127018984175,36.46349345934398,60000,300,11.157508200001757,11.078125,True
cx0.3_mut0.1,0.3,0.1,test_9,8,10,852,36.263784247696975,34.71001070804969,60000,300,8.634825199998886,8.609375,True
cx0.3_mut0.1,0.3,0.1,test_9,8,11,853,35.35120413826483,33.947136181621346,60000,300,9.026621100001648,8.953125,True
cx0.3_mut0.1,0.3,0.1,test_9,8,12,854,48.111160056051595,46.353450401069374,60000,300,8.201792200001364,8.171875,True
cx0.3_mut0.1,0.3,0.1,test_9,8,13,855,36.56539764576103,34.87847166760422,60000,300,10.044375499997841,10.015625,True
cx0.3_mut0.1,0.3,0.1,test_9,8,14,856,39.91480082350471,38.251464141130015,60000,300,9.266039599999203,9.21875,True
cx0.3_mut0.1,0.3,0.1,test_9,8,15,857,37.82546100301179,36.103398406599005,60000,300,10.01552349999838,10.015625,True
cx0.3_mut0.1,0.3,0.1,test_9,8,16,858,37.73110663956007,36.32659203598111,60000,300,9.96947729999738,9.78125,True
cx0.3_mut0.1,0.3,0.1,test_9,8,17,859,36.220319796036975,34.950151821784125,60000,300,10.221987000000809,10.15625,True
cx0.3_mut0.1,0.3,0.1,test_9,8,18,860,33.964852384024226,32.689358374228085,60000,300,8.647059999999328,8.59375,True
cx0.3_mut0.1,0.3,0.1,test_9,8,19,861,43.131442054532606,41.70091734101751,60000,300,9.557798699999694,9.3125,True
cx0.3_mut0.1,0.3,0.1,test_10,9,0,942,35.56642875740021,33.99098695360112,60000,300,10.46731809999983,9.671875,True
cx0.3_mut0.1,0.3,0.1,test_10,9,1,943,38.03515644992315,36.582077134723825,60000,300,10.33971350000138,10.0,True
cx0.3_mut0.1,0.3,0.1,test_10,9,2,944,37.664311650648564,36.05407589393224,60000,300,8.450616900001478,8.3125,True
cx0.3_mut0.1,0.3,0.1,test_10,9,3,945,36.49365644853471,35.14218187557515,60000,300,9.572791799997503,9.390625,True
cx0.3_mut0.1,0.3,0.1,test_10,9,4,946,36.63645625772366,34.95323517943518,60000,300,10.110208900001453,9.734375,True
cx0.3_mut0.1,0.3,0.1,test_10,9,5,947,39.816495476610434,38.254993976303176,60000,300,12.666490200001135,12.296875,True
cx0.3_mut0.1,0.3,0.1,test_10,9,6,948,35.44000029742198,33.814829205002304,60000,300,9.39717070000188,9.28125,True
cx0.3_mut0.1,0.3,0.1,test_10,9,7,949,32.151812756196676,31.00520012091059,60000,300,7.590113099999144,7.4375,True
cx0.3_mut0.1,0.3,0.1,test_10,9,8,950,35.72533019184196,34.006434307957356,60000,300,11.587971499997366,11.390625,True
cx0.3_mut0.1,0.3,0.1,test_10,9,9,951,38.54348141826155,37.00341808912793,60000,300,9.830578199998854,9.59375,True
cx0.3_mut0.1,0.3,0.1,test_10,9,10,952,37.541685619501614,36.07682076143474,60000,300,9.499268699997629,9.390625,True
cx0.3_mut0.1,0.3,0.1,test_10,9,11,953,31.431299976810607,29.970929478082105,60000,300,11.386190500001248,11.234375,True
cx0.3_mut0.1,0.3,0.1,test_10,9,12,954,42.23072047374908,40.686405922650984,60000,300,8.560720200002834,8.28125,True
cx0.3_mut0.1,0.3,0.1,test_10,9,13,955,34.5585358336147,33.09420162568724,60000,300,12.44587540000066,11.609375,True
cx0.3_mut0.1,0.3,0.1,test_10,9,14,956,38.240980870883334,36.86730936921848,60000,300,8.838223399998242,8.75,True
cx0.3_mut0.1,0.3,0.1,test_10,9,15,957,39.51922442555697,38.303652528792206,60000,300,11.672287100001995,11.3125,True
cx0.3_mut0.1,0.3,0.1,test_10,9,16,958,28.932535375784187,27.744900737547514,60000,300,9.743642699999327,9.25,True
cx0.3_mut0.1,0.3,0.1,test_10,9,17,959,42.051453604937336,40.49385715733064,60000,300,10.504652399999031,10.1875,True
cx0.3_mut0.1,0.3,0.1,test_10,9,18,960,36.39189049789903,34.84082093434802,60000,300,9.809190399999352,9.484375,True
cx0.3_mut0.1,0.3,0.1,test_10,9,19,961,33.420386363100874,31.989617180846924,60000,300,10.291223199998058,10.015625,True
cx0.3_mut0.2,0.3,0.2,test_1,0,0,42,38.322091370268886,36.51082294956388,60000,300,8.266048199999204,7.75,True
cx0.3_mut0.2,0.3,0.2,test_1,0,1,43,42.95852740545581,41.389883604493754,60000,300,8.092794700001832,7.828125,True
cx0.3_mut0.2,0.3,0.2,test_1,0,2,44,38.677094111503045,37.338464315176836,60000,300,7.934130400000868,7.71875,True
cx0.3_mut0.2,0.3,0.2,test_1,0,3,45,43.11993530466182,41.413199183702815,60000,300,7.050221199999214,6.890625,True
cx0.3_mut0.2,0.3,0.2,test_1,0,4,46,38.04189370238324,36.1234830173544,60000,300,7.560580700002902,7.453125,True
cx0.3_mut0.2,0.3,0.2,test_1,0,5,47,44.39589458507349,42.92978932113984,60000,300,6.964467399997375,6.890625,True
cx0.3_mut0.2,0.3,0.2,test_1,0,6,48,53.48273556881744,51.73085753913617,60000,300,7.413462399999844,7.359375,True
cx0.3_mut0.2,0.3,0.2,test_1,0,7,49,49.6773177091793,47.97198930432054,60000,300,7.364962199997535,7.3125,True
cx0.3_mut0.2,0.3,0.2,test_1,0,8,50,43.694471460080464,41.82776218285117,60000,300,7.751066100001481,7.71875,True
cx0.3_mut0.2,0.3,0.2,test_1,0,9,51,41.782979634327916,40.02631995346119,60000,300,8.718346599998767,8.640625,True
cx0.3_mut0.2,0.3,0.2,test_1,0,10,52,42.52056380520107,41.01489706152272,60000,300,7.952522299998236,7.921875,True
cx0.3_mut0.2,0.3,0.2,test_1,0,11,53,35.43684367449932,33.890481130475166,60000,300,7.152568200002861,7.078125,True
cx0.3_mut0.2,0.3,0.2,test_1,0,12,54,35.55695105321605,34.25341185990489,60000,300,6.73532449999766,6.703125,True
cx0.3_mut0.2,0.3,0.2,test_1,0,13,55,42.67223643308546,41.17396870366745,60000,300,6.9045972999992955,6.890625,True
cx0.3_mut0.2,0.3,0.2,test_1,0,14,56,43.34105313210108,41.75803547653912,60000,300,7.456601500001852,7.390625,True
cx0.3_mut0.2,0.3,0.2,test_1,0,15,57,38.82996277118941,37.31878663563483,60000,300,7.004288500000257,6.96875,True
cx0.3_mut0.2,0.3,0.2,test_1,0,16,58,41.62029526341235,40.09952003667973,60000,300,7.623159300001134,7.53125,True
cx0.3_mut0.2,0.3,0.2,test_1,0,17,59,42.93742153173761,41.25409818088455,60000,300,6.8843311999989965,6.859375,True
cx0.3_mut0.2,0.3,0.2,test_1,0,18,60,42.70000890183961,41.29411817235685,60000,300,7.978991699998005,7.953125,True
cx0.3_mut0.2,0.3,0.2,test_1,0,19,61,40.73960018780651,39.30652453589634,60000,300,7.158856000001833,7.09375,True
cx0.3_mut0.2,0.3,0.2,test_2,1,0,142,35.878796650319224,34.54815427215957,60000,300,6.838206000000355,6.71875,True
cx0.3_mut0.2,0.3,0.2,test_2,1,1,143,35.80425461926884,34.29539419176981,60000,300,7.508826500001305,7.390625,True
cx0.3_mut0.2,0.3,0.2,test_2,1,2,144,36.54881845651088,34.925085768168884,60000,300,8.40608229999998,8.203125,True
cx0.3_mut0.2,0.3,0.2,test_2,1,3,145,32.15123954919402,30.66479552405414,60000,300,9.113927300000796,9.0,True
cx0.3_mut0.2,0.3,0.2,test_2,1,4,146,34.42784802505174,32.9141337907091,60000,300,7.11339819999921,7.078125,True
cx0.3_mut0.2,0.3,0.2,test_2,1,5,147,36.932018411200595,35.4747540524088,60000,300,7.866978900001413,7.828125,True
cx0.3_mut0.2,0.3,0.2,test_2,1,6,148,35.87703869714098,34.034261226196506,60000,300,9.046221700002206,9.015625,True
cx0.3_mut0.2,0.3,0.2,test_2,1,7,149,36.4517664042286,34.77733862408536,60000,300,7.470128299999487,7.40625,True
cx0.3_mut0.2,0.3,0.2,test_2,1,8,150,33.44454891109754,31.656626511095848,60000,300,8.00128069999846,7.84375,True
cx0.3_mut0.2,0.3,0.2,test_2,1,9,151,40.79608570410147,38.648691870386415,60000,300,8.240258300000278,8.171875,True
cx0.3_mut0.2,0.3,0.2,test_2,1,10,152,35.100623533481674,33.525704245973174,60000,300,8.212241799999902,8.1875,True
cx0.3_mut0.2,0.3,0.2,test_2,1,11,153,36.92537850659061,35.089168604031215,60000,300,9.04753950000304,8.984375,True
cx0.3_mut0.2,0.3,0.2,test_2,1,12,154,37.140798310204985,35.53922614802142,60000,300,9.458044700000755,9.34375,True
cx0.3_mut0.2,0.3,0.2,test_2,1,13,155,37.01201413433839,35.27290417868265,60000,300,7.169601999998122,7.09375,True
cx0.3_mut0.2,0.3,0.2,test_2,1,14,156,40.15201451447259,38.431600088402,60000,300,7.691905000003317,7.671875,True
cx0.3_mut0.2,0.3,0.2,test_2,1,15,157,31.639784757561927,30.13634103510831,60000,300,8.276909599997452,8.234375,True
cx0.3_mut0.2,0.3,0.2,test_2,1,16,158,30.021106374362297,28.63053152095478,60000,300,8.921303899998748,8.5625,True
cx0.3_mut0.2,0.3,0.2,test_2,1,17,159,45.28722791073717,43.44709375669883,60000,300,9.022627099999227,8.515625,True
cx0.3_mut0.2,0.3,0.2,test_2,1,18,160,35.54122308286533,34.056673954032206,60000,300,8.755014299997129,8.296875,True
cx0.3_mut0.2,0.3,0.2,test_2,1,19,161,37.77660649094397,36.27648318649466,60000,300,9.024240099999588,8.875,True
cx0.3_mut0.2,0.3,0.2,test_3,2,0,242,45.4729774509746,43.866729768905536,60000,300,8.408896799999638,8.234375,True
cx0.3_mut0.2,0.3,0.2,test_3,2,1,243,47.015800555271895,45.47400127306953,60000,300,7.991449599998305,7.5,True
cx0.3_mut0.2,0.3,0.2,test_3,2,2,244,36.97474277797583,35.13561825654588,60000,300,8.682237999997596,8.515625,True
cx0.3_mut0.2,0.3,0.2,test_3,2,3,245,40.72100517318075,39.15460054916926,60000,300,9.423352599998907,9.25,True
cx0.3_mut0.2,0.3,0.2,test_3,2,4,246,32.47122249187052,30.843267907808567,60000,300,9.640451499999472,9.296875,True
cx0.3_mut0.2,0.3,0.2,test_3,2,5,247,29.15602356570883,27.643507184881422,60000,300,9.082240499999898,8.828125,True
cx0.3_mut0.2,0.3,0.2,test_3,2,6,248,32.81812928537295,31.23198079570389,60000,300,9.491490200001863,9.234375,True
cx0.3_mut0.2,0.3,0.2,test_3,2,7,249,41.44479272519018,39.60475261335715,60000,300,10.31332029999976,10.03125,True
cx0.3_mut0.2,0.3,0.2,test_3,2,8,250,38.581088930024514,36.54743266798944,60000,300,11.168402600000263,10.03125,True
cx0.3_mut0.2,0.3,0.2,test_3,2,9,251,35.2845319846852,33.98854407463799,60000,300,8.56308910000007,8.25,True
cx0.3_mut0.2,0.3,0.2,test_3,2,10,252,34.4398665621286,33.14223597674393,60000,300,8.531720899998618,8.34375,True
cx0.3_mut0.2,0.3,0.2,test_3,2,11,253,40.43548243076489,38.59720943944734,60000,300,8.415503999996872,8.28125,True
cx0.3_mut0.2,0.3,0.2,test_3,2,12,254,38.9608327357586,37.34932963050288,60000,300,9.960791000001336,9.6875,True
cx0.3_mut0.2,0.3,0.2,test_3,2,13,255,30.313421051334554,28.72448434621009,60000,300,9.092545300001802,9.078125,True
cx0.3_mut0.2,0.3,0.2,test_3,2,14,256,35.309130115708264,33.3125062500127,60000,300,8.829800199997408,8.6875,True
cx0.3_mut0.2,0.3,0.2,test_3,2,15,257,36.33157318814181,34.497480681190524,60000,300,9.366672600001039,9.28125,True
cx0.3_mut0.2,0.3,0.2,test_3,2,16,258,38.11800789725028,36.55076200790524,60000,300,8.628541499998391,8.265625,True
cx0.3_mut0.2,0.3,0.2,test_3,2,17,259,36.34741569266099,34.70275941772905,60000,300,9.184183599998505,9.078125,True
cx0.3_mut0.2,0.3,0.2,test_3,2,18,260,39.62560059871607,37.71290484197296,60000,300,8.515408699997352,8.375,True
cx0.3_mut0.2,0.3,0.2,test_3,2,19,261,37.31072240240118,35.794175895427,60000,300,8.370866100001876,8.3125,True
cx0.3_mut0.2,0.3,0.2,test_4,3,0,342,30.414604903790643,28.973668208205247,60000,300,9.998449200000323,9.75,True
cx0.3_mut0.2,0.3,0.2,test_4,3,1,343,40.90732966416865,39.437849736111794,60000,300,9.005001500001526,8.953125,True
cx0.3_mut0.2,0.3,0.2,test_4,3,2,344,32.276311500074925,30.86109438006841,60000,300,8.470226500001445,8.359375,True
cx0.3_mut0.2,0.3,0.2,test_4,3,3,345,32.64082079234776,30.96911473443167,60000,300,8.961384800000815,8.859375,True
cx0.3_mut0.2,0.3,0.2,test_4,3,4,346,29.72235208447771,28.364354584186195,60000,300,10.378440100001171,10.09375,True
cx0.3_mut0.2,0.3,0.2,test_4,3,5,347,25.24602529591135,23.881603510529203,60000,300,9.153036599996994,8.984375,True
cx0.3_mut0.2,0.3,0.2,test_4,3,6,348,30.494462750024205,29.063368363175496,60000,300,9.04950749999989,8.890625,True
cx0.3_mut0.2,0.3,0.2,test_4,3,7,349,31.073693572844814,29.927235356830707,60000,300,8.487512600000628,8.34375,True
cx0.3_mut0.2,0.3,0.2,test_4,3,8,350,32.232962816982656,30.589818302269062,60000,300,10.195041599999968,9.546875,True
cx0.3_mut0.2,0.3,0.2,test_4,3,9,351,29.806931529389423,28.52901518750246,60000,300,8.596715400002722,8.5,True
cx0.3_mut0.2,0.3,0.2,test_4,3,10,352,30.504551123011968,29.11647535398742,60000,300,9.14969790000032,8.75,True
cx0.3_mut0.2,0.3,0.2,test_4,3,11,353,30.626531368351234,29.128977814471508,60000,300,8.913574499998504,8.75,True
cx0.3_mut0.2,0.3,0.2,test_4,3,12,354,31.92034737508022,30.569441820653225,60000,300,11.732683700000052,11.265625,True
cx0.3_mut0.2,0.3,0.2,test_4,3,13,355,40.06646523421867,38.747870345240834,60000,300,8.564572100000078,8.328125,True
cx0.3_mut0.2,0.3,0.2,test_4,3,14,356,30.895796384954714,29.312698482658924,60000,300,9.347170400000323,9.15625,True
cx0.3_mut0.2,0.3,0.2,test_4,3,15,357,33.712331103520086,31.97290534077589,60000,300,8.744056799998361,8.546875,True
cx0.3_mut0.2,0.3,0.2,test_4,3,16,358,35.56161620864711,34.14098495853784,60000,300,9.463232499998412,9.1875,True
cx0.3_mut0.2,0.3,0.2,test_4,3,17,359,28.677203689992776,27.170444240975556,60000,300,8.893401799999992,8.75,True
cx0.3_mut0.2,0.3,0.2,test_4,3,18,360,31.850474964586308,30.324103637347015,60000,300,8.973285000000033,8.796875,True
cx0.3_mut0.2,0.3,0.2,test_4,3,19,361,33.593157977978564,31.775644515186944,60000,300,9.227373900001112,9.109375,True
cx0.3_mut0.2,0.3,0.2,test_5,4,0,442,46.01209264140819,44.411128767969714,60000,300,8.286736000001838,8.1875,True
cx0.3_mut0.2,0.3,0.2,test_5,4,1,443,40.8314894132771,39.40022431389514,60000,300,8.129751600001327,8.0,True
cx0.3_mut0.2,0.3,0.2,test_5,4,2,444,31.294598581027635,30.02764927031349,60000,300,8.959739599999011,8.84375,True
cx0.3_mut0.2,0.3,0.2,test_5,4,3,445,36.37020867258107,34.64655528932048,60000,300,9.36615200000233,9.234375,True
cx0.3_mut0.2,0.3,0.2,test_5,4,4,446,35.477053024631985,34.05260878633757,60000,300,9.416297499999928,9.234375,True
cx0.3_mut0.2,0.3,0.2,test_5,4,5,447,45.349286633603064,43.915983830247825,60000,300,8.426779600002192,8.21875,True
cx0.3_mut0.2,0.3,0.2,test_5,4,6,448,51.40993333251295,49.227977730845154,60000,300,9.328238699999929,9.140625,True
cx0.3_mut0.2,0.3,0.2,test_5,4,7,449,40.96938458119681,39.23699845844459,60000,300,8.696057599998312,8.625,True
cx0.3_mut0.2,0.3,0.2,test_5,4,8,450,38.59134180396433,37.233787559648604,60000,300,7.915006300001551,7.734375,True
cx0.3_mut0.2,0.3,0.2,test_5,4,9,451,45.64968885897361,44.012160648931555,60000,300,8.23049119999996,8.015625,True
cx0.3_mut0.2,0.3,0.2,test_5,4,10,452,50.09332474017679,48.46557216046862,60000,300,8.787238900000375,8.671875,True
cx0.3_mut0.2,0.3,0.2,test_5,4,11,453,47.984127262490965,46.40858398914736,60000,300,9.494888499997614,9.40625,True
cx0.3_mut0.2,0.3,0.2,test_5,4,12,454,42.74579730387399,41.2256460818503,60000,300,8.916252099999838,8.671875,True
cx0.3_mut0.2,0.3,0.2,test_5,4,13,455,38.92250193802498,37.41604579643669,60000,300,8.688714599997184,8.546875,True
cx0.3_mut0.2,0.3,0.2,test_5,4,14,456,48.451313962724086,46.9011362115917,60000,300,9.589986899998621,9.234375,True
cx0.3_mut0.2,0.3,0.2,test_5,4,15,457,46.10153525075445,44.30272763575547,60000,300,9.353993900000205,9.09375,True
cx0.3_mut0.2,0.3,0.2,test_5,4,16,458,42.05756435013052,40.13101929972839,60000,300,8.562314999999217,8.40625,True
cx0.3_mut0.2,0.3,0.2,test_5,4,17,459,44.89383510185902,43.141445643643095,60000,300,9.297083599998587,8.671875,True
cx0.3_mut0.2,0.3,0.2,test_5,4,18,460,36.263073874340066,34.579060361668354,60000,300,9.095221600000514,8.640625,True
cx0.3_mut0.2,0.3,0.2,test_5,4,19,461,37.782851912317575,35.820510359539405,60000,300,10.036169999999402,9.3125,True
cx0.3_mut0.2,0.3,0.2,test_6,5,0,542,39.82167277668762,38.10608173196521,60000,300,10.261027800002921,9.90625,True
cx0.3_mut0.2,0.3,0.2,test_6,5,1,543,30.87190960497195,29.56114975776321,60000,300,7.715909099999408,7.59375,True
cx0.3_mut0.2,0.3,0.2,test_6,5,2,544,32.619244012355715,31.072409879386367,60000,300,9.309280400000716,9.015625,True
cx0.3_mut0.2,0.3,0.2,test_6,5,3,545,35.46360582114499,33.862740052103575,60000,300,11.833180500001617,11.0,True
cx0.3_mut0.2,0.3,0.2,test_6,5,4,546,38.16903893877274,36.675183583934476,60000,300,9.229477100001532,8.953125,True
cx0.3_mut0.2,0.3,0.2,test_6,5,5,547,40.88359943165245,39.1572141621565,60000,300,9.093159200001537,8.59375,True
cx0.3_mut0.2,0.3,0.2,test_6,5,6,548,39.33825580166486,38.12357634818523,60000,300,9.969395399999485,9.71875,True
cx0.3_mut0.2,0.3,0.2,test_6,5,7,549,36.789195966292034,35.07021542823364,60000,300,11.631663000000117,10.65625,True
cx0.3_mut0.2,0.3,0.2,test_6,5,8,550,36.46644970853967,34.93855491508161,60000,300,8.462188000001333,8.34375,True
cx0.3_mut0.2,0.3,0.2,test_6,5,9,551,37.674831641092034,36.18202316835084,60000,300,9.762706900000921,8.921875,True
cx0.3_mut0.2,0.3,0.2,test_6,5,10,552,35.65381851291939,34.219407463757534,60000,300,9.29498699999749,9.109375,True
cx0.3_mut0.2,0.3,0.2,test_6,5,11,553,35.70047620389825,34.25114522298424,60000,300,9.031947800001944,8.78125,True
cx0.3_mut0.2,0.3,0.2,test_6,5,12,554,41.050345703633546,39.49297013220476,60000,300,9.072002600001724,8.84375,True
cx0.3_mut0.2,0.3,0.2,test_6,5,13,555,43.661630449370996,42.096417669580944,60000,300,8.858288299998094,8.671875,True
cx0.3_mut0.2,0.3,0.2,test_6,5,14,556,41.35879999382399,39.820025383630124,60000,300,10.611930400002166,10.3125,True
cx0.3_mut0.2,0.3,0.2,test_6,5,15,557,35.334613474729686,33.76194121035476,60000,300,8.293512700001884,8.09375,True
cx0.3_mut0.2,0.3,0.2,test_6,5,16,558,42.17977188316853,39.80500446813892,60000,300,10.259555000000546,10.109375,True
cx0.3_mut0.2,0.3,0.2,test_6,5,17,559,41.330468374801896,39.76007658508681,60000,300,9.808262999998988,9.640625,True
cx0.3_mut0.2,0.3,0.2,test_6,5,18,560,34.02415526235072,32.422907169113145,60000,300,10.9067735000026,10.734375,True
cx0.3_mut0.2,0.3,0.2,test_6,5,19,561,38.54393032322177,37.41893386599009,60000,300,8.956207999999606,8.859375,True
cx0.3_mut0.2,0.3,0.2,test_7,6,0,642,38.96844982339745,37.08768077850539,60000,300,8.634391299998242,8.515625,True
cx0.3_mut0.2,0.3,0.2,test_7,6,1,643,40.68743170765194,39.387955402398816,60000,300,8.909665499999392,8.828125,True
cx0.3_mut0.2,0.3,0.2,test_7,6,2,644,34.249067084439005,32.436512896679126,60000,300,8.50741079999716,8.4375,True
cx0.3_mut0.2,0.3,0.2,test_7,6,3,645,31.510462490253556,29.93788915891731,60000,300,9.253994099999545,8.96875,True
cx0.3_mut0.2,0.3,0.2,test_7,6,4,646,33.020119609934746,31.392422079225387,60000,300,9.15963389999888,8.765625,True
cx0.3_mut0.2,0.3,0.2,test_7,6,5,647,36.919161994103874,35.319995684755845,60000,300,8.740900199998578,8.578125,True
cx0.3_mut0.2,0.3,0.2,test_7,6,6,648,40.47115309003252,38.86309510245583,60000,300,9.619246199999907,9.515625,True
cx0.3_mut0.2,0.3,0.2,test_7,6,7,649,40.53903548776467,38.64467213714905,60000,300,8.638449300000502,8.4375,True
cx0.3_mut0.2,0.3,0.2,test_7,6,8,650,42.682135596349106,40.84349979130003,60000,300,9.317856600002415,8.890625,True
cx0.3_mut0.2,0.3,0.2,test_7,6,9,651,33.899090583581746,32.269003988439664,60000,300,9.368723599996883,9.140625,True
cx0.3_mut0.2,0.3,0.2,test_7,6,10,652,37.23724467034304,35.397027020690096,60000,300,8.47474449999936,8.296875,True
cx0.3_mut0.2,0.3,0.2,test_7,6,11,653,33.41939632433588,31.81084161993654,60000,300,9.101524199999403,8.875,True
cx0.3_mut0.2,0.3,0.2,test_7,6,12,654,41.6861208464385,39.805590553486425,60000,300,9.609500400001707,9.359375,True
cx0.3_mut0.2,0.3,0.2,test_7,6,13,655,31.06774254446554,29.40258945801557,60000,300,9.93394459999763,9.671875,True
cx0.3_mut0.2,0.3,0.2,test_7,6,14,656,38.97631617362737,37.28845528670441,60000,300,9.889709700000822,9.625,True
cx0.3_mut0.2,0.3,0.2,test_7,6,15,657,34.41822339159916,32.83260274833041,60000,300,9.225531399999454,9.171875,True
cx0.3_mut0.2,0.3,0.2,test_7,6,16,658,34.55689422043686,32.78038919128951,60000,300,8.941489400000137,8.765625,True
cx0.3_mut0.2,0.3,0.2,test_7,6,17,659,36.41741678020932,34.905856649510454,60000,300,9.728248800001893,9.46875,True
cx0.3_mut0.2,0.3,0.2,test_7,6,18,660,36.67576446508668,34.89724039400267,60000,300,8.662420299999212,8.59375,True
cx0.3_mut0.2,0.3,0.2,test_7,6,19,661,40.838332404570224,39.190377012692025,60000,300,8.716410799999721,8.515625,True
cx0.3_mut0.2,0.3,0.2,test_8,7,0,742,41.95260209382133,40.24930199985054,60000,300,9.53278649999993,9.1875,True
cx0.3_mut0.2,0.3,0.2,test_8,7,1,743,36.94848433281422,35.56119965352462,60000,300,9.602283200001693,9.171875,True
cx0.3_mut0.2,0.3,0.2,test_8,7,2,744,32.67974742534048,30.921975089307566,60000,300,9.604687099999865,9.375,True
cx0.3_mut0.2,0.3,0.2,test_8,7,3,745,32.19016328490707,30.45498665031044,60000,300,9.994831600000907,9.828125,True
cx0.3_mut0.2,0.3,0.2,test_8,7,4,746,38.46540819559782,36.61775317573346,60000,300,9.451387099998101,9.25,True
cx0.3_mut0.2,0.3,0.2,test_8,7,5,747,30.75979423745892,29.1508058466712,60000,300,9.957830100000137,9.84375,True
cx0.3_mut0.2,0.3,0.2,test_8,7,6,748,43.400553801205625,41.45727950211503,60000,300,10.864331500000844,10.328125,True
cx0.3_mut0.2,0.3,0.2,test_8,7,7,749,34.36891222571127,32.84195838086871,60000,300,9.637036100000842,9.4375,True
cx0.3_mut0.2,0.3,0.2,test_8,7,8,750,32.061350504011465,30.76805760615201,60000,300,9.186747100000503,8.953125,True
cx0.3_mut0.2,0.3,0.2,test_8,7,9,751,30.909569284036962,29.527519386109166,60000,300,10.743630800003302,10.421875,True
cx0.3_mut0.2,0.3,0.2,test_8,7,10,752,38.926331972648065,36.87846162694544,60000,300,9.47851780000201,9.28125,True
cx0.3_mut0.2,0.3,0.2,test_8,7,11,753,31.019939452482944,29.51324610010083,60000,300,10.23866420000195,9.859375,True
cx0.3_mut0.2,0.3,0.2,test_8,7,12,754,36.36836924790436,34.51473514882856,60000,300,9.473306600000797,9.25,True
cx0.3_mut0.2,0.3,0.2,test_8,7,13,755,26.877545445608984,25.396434406488552,60000,300,8.82313140000042,8.625,True
cx0.3_mut0.2,0.3,0.2,test_8,7,14,756,34.30748477724342,32.85625204707091,60000,300,10.375489499998366,10.171875,True
cx0.3_mut0.2,0.3,0.2,test_8,7,15,757,43.89613810865755,42.37995247250476,60000,300,10.05760790000204,9.96875,True
cx0.3_mut0.2,0.3,0.2,test_8,7,16,758,34.59336945007164,32.63684192236172,60000,300,11.608989600001223,11.4375,True
cx0.3_mut0.2,0.3,0.2,test_8,7,17,759,39.40144187118254,37.572255675110455,60000,300,8.668733200000133,8.625,True
cx0.3_mut0.2,0.3,0.2,test_8,7,18,760,40.722649688497434,39.14976917215511,60000,300,9.581492500001332,9.53125,True
cx0.3_mut0.2,0.3,0.2,test_8,7,19,761,33.54687853825884,31.68007597822554,60000,300,8.72810390000086,8.65625,True
cx0.3_mut0.2,0.3,0.2,test_9,8,0,842,33.711600600290886,32.24371720595728,60000,300,10.174301700000797,9.28125,True
cx0.3_mut0.2,0.3,0.2,test_9,8,1,843,47.87476237849207,46.422410361184504,60000,300,7.935848500001157,7.859375,True
cx0.3_mut0.2,0.3,0.2,test_9,8,2,844,32.332592975961155,30.868285125552813,60000,300,7.7438521000003675,7.625,True
cx0.3_mut0.2,0.3,0.2,test_9,8,3,845,34.41669881646564,32.88999379188386,60000,300,8.256533799998579,8.21875,True
cx0.3_mut0.2,0.3,0.2,test_9,8,4,846,36.30780986733438,35.0342969825001,60000,300,7.3161979999968025,7.234375,True
cx0.3_mut0.2,0.3,0.2,test_9,8,5,847,43.000987345429714,41.31914737229188,60000,300,8.398558400000184,8.34375,True
cx0.3_mut0.2,0.3,0.2,test_9,8,6,848,39.427191893980016,37.928351779907935,60000,300,9.596240799997759,8.8125,True
cx0.3_mut0.2,0.3,0.2,test_9,8,7,849,43.851457230518996,42.74231206150338,60000,300,8.454346800001076,8.3125,True
cx0.3_mut0.2,0.3,0.2,test_9,8,8,850,40.303071807987926,39.13942040012611,60000,300,8.000693799996952,7.890625,True
cx0.3_mut0.2,0.3,0.2,test_9,8,9,851,42.58830866464773,41.245602689580856,60000,300,8.460735800003022,8.28125,True
cx0.3_mut0.2,0.3,0.2,test_9,8,10,852,43.83896832599821,42.352863360395844,60000,300,8.064149600002565,8.03125,True
cx0.3_mut0.2,0.3,0.2,test_9,8,11,853,41.972603714116985,40.275834696812595,60000,300,9.097510100000363,9.03125,True
cx0.3_mut0.2,0.3,0.2,test_9,8,12,854,33.32397948846363,31.944080239632147,60000,300,7.5845325000009325,7.5625,True
cx0.3_mut0.2,0.3,0.2,test_9,8,13,855,43.03922957057594,41.37244475516275,60000,300,8.441051400001015,8.359375,True
cx0.3_mut0.2,0.3,0.2,test_9,8,14,856,38.28290993547305,36.738742124367754,60000,300,7.383110200000374,7.296875,True
cx0.3_mut0.2,0.3,0.2,test_9,8,15,857,41.41131244937484,39.99643683852693,60000,300,8.497978400002467,8.484375,True
cx0.3_mut0.2,0.3,0.2,test_9,8,16,858,43.20369698412638,41.32202021542372,60000,300,8.496206600000733,8.328125,True
cx0.3_mut0.2,0.3,0.2,test_9,8,17,859,38.73110545552449,37.146853627859414,60000,300,8.395241799997166,8.359375,True
cx0.3_mut0.2,0.3,0.2,test_9,8,18,860,31.47409514741238,30.024724541299037,60000,300,8.470453999998426,8.390625,True
cx0.3_mut0.2,0.3,0.2,test_9,8,19,861,40.0118973528696,38.46924566371541,60000,300,9.060207999998966,8.8125,True
cx0.3_mut0.2,0.3,0.2,test_10,9,0,942,34.30220728034667,32.68988642861446,60000,300,8.913440600001195,8.15625,True
cx0.3_mut0.2,0.3,0.2,test_10,9,1,943,39.320166272746306,37.682097340141844,60000,300,10.149049200001173,9.90625,True
cx0.3_mut0.2,0.3,0.2,test_10,9,2,944,35.390726707042354,33.70462807390827,60000,300,9.753079800000705,9.46875,True
cx0.3_mut0.2,0.3,0.2,test_10,9,3,945,33.7545767543574,32.14233256042937,60000,300,7.6084274999993795,7.453125,True
cx0.3_mut0.2,0.3,0.2,test_10,9,4,946,31.950900491166855,30.43237023891554,60000,300,11.233955499999865,10.9375,True
cx0.3_mut0.2,0.3,0.2,test_10,9,5,947,30.469284584555247,29.21547232494703,60000,300,10.158906600001501,9.625,True
cx0.3_mut0.2,0.3,0.2,test_10,9,6,948,37.094925975087136,35.264765370846895,60000,300,11.221585499999492,11.09375,True
cx0.3_mut0.2,0.3,0.2,test_10,9,7,949,34.67441302786147,33.21962384474087,60000,300,8.967173000000912,8.828125,True
cx0.3_mut0.2,0.3,0.2,test_10,9,8,950,36.167971828673664,34.63642428026486,60000,300,8.304986800001643,8.046875,True
cx0.3_mut0.2,0.3,0.2,test_10,9,9,951,33.45421441637487,32.017459519352954,60000,300,10.67210740000155,10.4375,True
cx0.3_mut0.2,0.3,0.2,test_10,9,10,952,33.45344628405145,31.64961695850916,60000,300,9.742878500001098,9.4375,True
cx0.3_mut0.2,0.3,0.2,test_10,9,11,953,40.064515058731786,38.51989681270834,60000,300,8.754387999997562,8.546875,True
cx0.3_mut0.2,0.3,0.2,test_10,9,12,954,35.56715608311686,34.16392509595162,60000,300,9.065504400001373,8.59375,True
cx0.3_mut0.2,0.3,0.2,test_10,9,13,955,36.41131254692556,34.96708285018046,60000,300,10.084773300000961,9.3125,True
cx0.3_mut0.2,0.3,0.2,test_10,9,14,956,38.34893028408895,36.908907426059244,60000,300,7.439276999997674,7.375,True
cx0.3_mut0.2,0.3,0.2,test_10,9,15,957,32.259383122250725,30.68549122260042,60000,300,8.984867099999974,8.90625,True
cx0.3_mut0.2,0.3,0.2,test_10,9,16,958,34.83086014677316,33.571337905398636,60000,300,8.589401099998213,8.1875,True
cx0.3_mut0.2,0.3,0.2,test_10,9,17,959,42.181216878905445,40.50947627816706,60000,300,10.548193800001172,10.1875,True
cx0.3_mut0.2,0.3,0.2,test_10,9,18,960,34.54612834125856,32.980316846398814,60000,300,9.076262400001724,8.5625,True
cx0.3_mut0.2,0.3,0.2,test_10,9,19,961,41.70238514631812,39.73307582574231,60000,300,9.662731899999926,9.4375,True
cx0.3_mut0.3,0.3,0.3,test_1,0,0,42,43.45660555982243,42.132068027317175,60000,300,7.705097800000658,7.15625,True
cx0.3_mut0.3,0.3,0.3,test_1,0,1,43,36.50109737663575,34.59790954859233,60000,300,8.377544700000726,8.0,True
cx0.3_mut0.3,0.3,0.3,test_1,0,2,44,38.72976206487259,37.216715826493896,60000,300,8.975042199999734,8.65625,True
cx0.3_mut0.3,0.3,0.3,test_1,0,3,45,34.58387844697506,33.30563308258913,60000,300,7.821254899998166,7.71875,True
cx0.3_mut0.3,0.3,0.3,test_1,0,4,46,36.577120197137845,35.186991854247786,60000,300,8.534012000000075,8.375,True
cx0.3_mut0.3,0.3,0.3,test_1,0,5,47,45.04664775959774,43.57554133174561,60000,300,8.508938200000557,8.34375,True
cx0.3_mut0.3,0.3,0.3,test_1,0,6,48,51.50314373925119,49.496051403837875,60000,300,7.91258469999957,7.8125,True
cx0.3_mut0.3,0.3,0.3,test_1,0,7,49,39.493108585681625,37.98023981808393,60000,300,7.697646699998586,7.59375,True
cx0.3_mut0.3,0.3,0.3,test_1,0,8,50,34.53179476420078,33.25953898134021,60000,300,7.522813199997472,7.4375,True
cx0.3_mut0.3,0.3,0.3,test_1,0,9,51,39.778154044577654,38.218405898796206,60000,300,8.170795799996995,8.078125,True
cx0.3_mut0.3,0.3,0.3,test_1,0,10,52,43.47191643636674,41.84212918463048,60000,300,7.099691600000369,7.015625,True
cx0.3_mut0.3,0.3,0.3,test_1,0,11,53,44.97410222272772,43.6001037036939,60000,300,7.307648699999845,7.25,True
cx0.3_mut0.3,0.3,0.3,test_1,0,12,54,43.17644437303976,41.65349777753565,60000,300,7.882899800002633,7.8125,True
cx0.3_mut0.3,0.3,0.3,test_1,0,13,55,39.316180832061825,37.84459041696045,60000,300,7.359347599998728,7.359375,True
cx0.3_mut0.3,0.3,0.3,test_1,0,14,56,40.890273432740784,39.51806879762009,60000,300,7.695316700002877,7.640625,True
cx0.3_mut0.3,0.3,0.3,test_1,0,15,57,40.58704408281577,39.03334733813101,60000,300,7.706378999999288,7.59375,True
cx0.3_mut0.3,0.3,0.3,test_1,0,16,58,41.493565722247475,39.662726854385234,60000,300,8.411082099999476,8.328125,True
cx0.3_mut0.3,0.3,0.3,test_1,0,17,59,41.429672104391656,39.78590441933326,60000,300,6.417712400001619,6.375,True
cx0.3_mut0.3,0.3,0.3,test_1,0,18,60,46.35905581737139,44.410680738657994,60000,300,7.43812390000312,7.390625,True
cx0.3_mut0.3,0.3,0.3,test_1,0,19,61,32.67838570285294,31.362793802635867,60000,300,6.957484600003227,6.921875,True
cx0.3_mut0.3,0.3,0.3,test_2,1,0,142,38.2147251491801,36.59584720192994,60000,300,6.883274900003016,6.75,True
cx0.3_mut0.3,0.3,0.3,test_2,1,1,143,37.00281455333058,35.265000652814464,60000,300,8.521971699999995,8.46875,True
cx0.3_mut0.3,0.3,0.3,test_2,1,2,144,38.34271793338446,36.95768326993063,60000,300,7.594509799997468,7.46875,True
cx0.3_mut0.3,0.3,0.3,test_2,1,3,145,39.91426432182988,38.70502081859219,60000,300,8.719233100000565,8.578125,True
cx0.3_mut0.3,0.3,0.3,test_2,1,4,146,40.458504041216905,38.67313974252343,60000,300,7.684866499999771,7.625,True
cx0.3_mut0.3,0.3,0.3,test_2,1,5,147,38.86099661719282,36.87036098130447,60000,300,8.034547600000224,8.0,True
cx0.3_mut0.3,0.3,0.3,test_2,1,6,148,38.96662419429602,37.15526759826894,60000,300,7.993222899996908,7.921875,True
cx0.3_mut0.3,0.3,0.3,test_2,1,7,149,39.11942504706056,37.23176086551493,60000,300,7.6605244999991555,7.609375,True
cx0.3_mut0.3,0.3,0.3,test_2,1,8,150,41.88007821514447,40.171217755807895,60000,300,7.450085299999046,7.40625,True
cx0.3_mut0.3,0.3,0.3,test_2,1,9,151,37.20233164036776,35.32011660974935,60000,300,8.731816499999695,8.703125,True
cx0.3_mut0.3,0.3,0.3,test_2,1,10,152,40.93907476527754,39.08186886772959,60000,300,7.471722599999339,7.4375,True
cx0.3_mut0.3,0.3,0.3,test_2,1,11,153,40.669324477398135,39.02167900044982,60000,300,7.78491330000179,7.71875,True
cx0.3_mut0.3,0.3,0.3,test_2,1,12,154,31.13214382041284,29.916925660401926,60000,300,8.592244299998129,8.453125,True
cx0.3_mut0.3,0.3,0.3,test_2,1,13,155,36.31244538901624,34.92867763151067,60000,300,7.82234420000168,7.71875,True
cx0.3_mut0.3,0.3,0.3,test_2,1,14,156,43.788469755579804,41.79498202479303,60000,300,7.743510000000242,7.71875,True
cx0.3_mut0.3,0.3,0.3,test_2,1,15,157,34.57834318258416,32.85071317989352,60000,300,8.340501000002405,8.265625,True
cx0.3_mut0.3,0.3,0.3,test_2,1,16,158,39.7670975114649,38.087647298456055,60000,300,9.401711200000136,9.0625,True
cx0.3_mut0.3,0.3,0.3,test_2,1,17,159,39.04091709221501,37.41196986384196,60000,300,9.697984700000234,9.25,True
cx0.3_mut0.3,0.3,0.3,test_2,1,18,160,40.433096671934024,38.73832434730192,60000,300,9.772857199997816,9.234375,True
cx0.3_mut0.3,0.3,0.3,test_2,1,19,161,31.85600574959081,30.5781759333726,60000,300,7.738669300000765,7.53125,True
cx0.3_mut0.3,0.3,0.3,test_3,2,0,242,41.68460463810566,39.77185290728758,60000,300,8.656634099999792,8.5625,True
cx0.3_mut0.3,0.3,0.3,test_3,2,1,243,38.75206387840862,36.96960237797076,60000,300,9.545711399998254,9.15625,True
cx0.3_mut0.3,0.3,0.3,test_3,2,2,244,37.42334575975046,35.59730415778597,60000,300,8.366705399999773,8.3125,True
cx0.3_mut0.3,0.3,0.3,test_3,2,3,245,37.667791284404444,35.7772667443759,60000,300,8.616239399998449,8.46875,True
cx0.3_mut0.3,0.3,0.3,test_3,2,4,246,43.738419349740035,42.16839745844188,60000,300,8.712988300001598,8.453125,True
cx0.3_mut0.3,0.3,0.3,test_3,2,5,247,31.174456866026265,29.82638405576364,60000,300,8.990556700002344,8.796875,True
cx0.3_mut0.3,0.3,0.3,test_3,2,6,248,37.15226831222716,35.622464589549196,60000,300,9.142448800001148,8.921875,True
cx0.3_mut0.3,0.3,0.3,test_3,2,7,249,37.37678057676111,35.20940042399836,60000,300,8.918740799999796,8.5625,True
cx0.3_mut0.3,0.3,0.3,test_3,2,8,250,40.1293597934081,38.210632742205604,60000,300,11.65125320000152,10.5625,True
cx0.3_mut0.3,0.3,0.3,test_3,2,9,251,40.08772217585113,38.43681703643463,60000,300,9.471687799999927,9.09375,True
cx0.3_mut0.3,0.3,0.3,test_3,2,10,252,40.57908233895099,38.990346451471446,60000,300,9.051038800000242,8.875,True
cx0.3_mut0.3,0.3,0.3,test_3,2,11,253,43.78743098785107,41.9151983119266,60000,300,8.80619250000018,8.734375,True
cx0.3_mut0.3,0.3,0.3,test_3,2,12,254,41.8754187043363,39.97610275934349,60000,300,9.212309500002448,8.90625,True
cx0.3_mut0.3,0.3,0.3,test_3,2,13,255,34.67508308571109,32.77620798764434,60000,300,8.670454200000677,8.625,True
cx0.3_mut0.3,0.3,0.3,test_3,2,14,256,36.693460574611265,35.125883822628644,60000,300,8.139389500000107,8.0,True
cx0.3_mut0.3,0.3,0.3,test_3,2,15,257,44.463909889807745,42.228847766850926,60000,300,8.617090800002188,8.5625,True
cx0.3_mut0.3,0.3,0.3,test_3,2,16,258,41.35095866241098,39.71418757705481,60000,300,9.748327000001154,9.34375,True
cx0.3_mut0.3,0.3,0.3,test_3,2,17,259,42.957152781461616,41.15449938948871,60000,300,8.481111900000542,8.40625,True
cx0.3_mut0.3,0.3,0.3,test_3,2,18,260,35.00086036432358,33.306343604904384,60000,300,8.868782099998498,8.65625,True
cx0.3_mut0.3,0.3,0.3,test_3,2,19,261,44.065582585549144,42.10059392376259,60000,300,9.359792900002503,9.234375,True
cx0.3_mut0.3,0.3,0.3,test_4,3,0,342,33.22934863443274,31.486593367120662,60000,300,8.838441200001398,8.671875,True
cx0.3_mut0.3,0.3,0.3,test_4,3,1,343,34.74851454679244,33.2882832689543,60000,300,8.223943899996812,8.1875,True
cx0.3_mut0.3,0.3,0.3,test_4,3,2,344,33.67722520016012,31.87250019099132,60000,300,8.575138100000913,8.484375,True
cx0.3_mut0.3,0.3,0.3,test_4,3,3,345,34.86292218579723,33.38309287327566,60000,300,8.572865000001912,8.5,True
cx0.3_mut0.3,0.3,0.3,test_4,3,4,346,33.12485372453981,31.696478520283005,60000,300,9.444182699997327,9.234375,True
cx0.3_mut0.3,0.3,0.3,test_4,3,5,347,34.86746062635901,33.25290437323848,60000,300,8.405524899997545,8.296875,True
cx0.3_mut0.3,0.3,0.3,test_4,3,6,348,30.32763828466891,28.64099099573405,60000,300,8.656634800001484,8.5625,True
cx0.3_mut0.3,0.3,0.3,test_4,3,7,349,35.63815979345664,34.16331184800259,60000,300,8.520227900000464,8.390625,True
cx0.3_mut0.3,0.3,0.3,test_4,3,8,350,35.31859159505558,33.888615447974686,60000,300,9.878745699999854,9.453125,True
cx0.3_mut0.3,0.3,0.3,test_4,3,9,351,40.24943396468712,38.86420088200428,60000,300,8.852831100000913,8.75,True
cx0.3_mut0.3,0.3,0.3,test_4,3,10,352,33.569065110177036,31.935774628294038,60000,300,9.071628100002272,8.625,True
cx0.3_mut0.3,0.3,0.3,test_4,3,11,353,33.4294669875469,31.93291270317296,60000,300,9.434047900002042,9.265625,True
cx0.3_mut0.3,0.3,0.3,test_4,3,12,354,38.01708130776297,36.60573233587867,60000,300,9.11797889999798,8.703125,True
cx0.3_mut0.3,0.3,0.3,test_4,3,13,355,35.58761085337186,34.03292801400567,60000,300,8.542236199999024,8.25,True
cx0.3_mut0.3,0.3,0.3,test_4,3,14,356,29.779528680149866,28.44031954533568,60000,300,8.507580499997857,8.328125,True
cx0.3_mut0.3,0.3,0.3,test_4,3,15,357,35.913050858995454,34.332991630958915,60000,300,9.36150550000093,9.015625,True
cx0.3_mut0.3,0.3,0.3,test_4,3,16,358,36.51475790050868,34.958718247616545,60000,300,9.521640599999955,9.21875,True
cx0.3_mut0.3,0.3,0.3,test_4,3,17,359,33.147846657079505,31.66687592744681,60000,300,8.586746900000435,8.34375,True
cx0.3_mut0.3,0.3,0.3,test_4,3,18,360,34.066033629410015,32.256559495011075,60000,300,8.777635300000838,8.703125,True
cx0.3_mut0.3,0.3,0.3,test_4,3,19,361,33.245081540348025,31.8258037008991,60000,300,8.19777780000004,8.03125,True
cx0.3_mut0.3,0.3,0.3,test_5,4,0,442,39.88597137560312,38.09984666550627,60000,300,8.532466600001499,8.453125,True
cx0.3_mut0.3,0.3,0.3,test_5,4,1,443,44.69022481718416,42.97447486306566,60000,300,8.638340400000743,8.5625,True
cx0.3_mut0.3,0.3,0.3,test_5,4,2,444,33.61258055496894,32.04837140437476,60000,300,8.982646500000556,8.828125,True
cx0.3_mut0.3,0.3,0.3,test_5,4,3,445,42.86179952728294,41.311315929006625,60000,300,8.416956700002629,8.390625,True
cx0.3_mut0.3,0.3,0.3,test_5,4,4,446,42.47506691297523,40.81403540631556,60000,300,8.699890299998515,8.640625,True
cx0.3_mut0.3,0.3,0.3,test_5,4,5,447,48.8463642115305,46.83461397273691,60000,300,7.705077299997356,7.59375,True
cx0.3_mut0.3,0.3,0.3,test_5,4,6,448,44.59313974810418,42.860214569940595,60000,300,8.895368299999973,8.640625,True
cx0.3_mut0.3,0.3,0.3,test_5,4,7,449,40.707880373893126,38.826737800126935,60000,300,9.154219000000012,8.9375,True
cx0.3_mut0.3,0.3,0.3,test_5,4,8,450,43.16979101783027,41.742108276679815,60000,300,9.621560500003397,9.390625,True
cx0.3_mut0.3,0.3,0.3,test_5,4,9,451,41.174184991836924,39.500568556980085,60000,300,8.49465870000131,8.140625,True
cx0.3_mut0.3,0.3,0.3,test_5,4,10,452,48.43270460134115,46.68072041716882,60000,300,8.88551649999863,8.6875,True
cx0.3_mut0.3,0.3,0.3,test_5,4,11,453,45.76114786220174,43.831503431438186,60000,300,7.7036193999992975,7.5625,True
cx0.3_mut0.3,0.3,0.3,test_5,4,12,454,38.964480026206736,37.276837652921074,60000,300,8.221301699999458,8.078125,True
cx0.3_mut0.3,0.3,0.3,test_5,4,13,455,42.07499225897699,40.399895591107516,60000,300,8.414847500000178,8.1875,True
cx0.3_mut0.3,0.3,0.3,test_5,4,14,456,40.88394728619455,39.163190062264356,60000,300,8.470699499997863,8.140625,True
cx0.3_mut0.3,0.3,0.3,test_5,4,15,457,42.11277556605266,40.65984087602159,60000,300,8.796136299999489,8.515625,True
cx0.3_mut0.3,0.3,0.3,test_5,4,16,458,38.348316142176806,36.65487946412972,60000,300,8.11741179999808,7.921875,True
cx0.3_mut0.3,0.3,0.3,test_5,4,17,459,41.873547769173705,40.34406802811735,60000,300,9.62455939999927,9.125,True
cx0.3_mut0.3,0.3,0.3,test_5,4,18,460,42.550608218776674,40.68152322676103,60000,300,9.129149899999902,8.6875,True
cx0.3_mut0.3,0.3,0.3,test_5,4,19,461,46.58541300378442,44.90143250084834,60000,300,9.710341400001198,8.9375,True
cx0.3_mut0.3,0.3,0.3,test_6,5,0,542,39.87339597557699,38.41311688260844,60000,300,8.82608909999908,8.4375,True
cx0.3_mut0.3,0.3,0.3,test_6,5,1,543,35.67917933751531,33.96590026264256,60000,300,9.258809200000542,9.046875,True
cx0.3_mut0.3,0.3,0.3,test_6,5,2,544,41.81198759237226,40.695818950586194,60000,300,8.516898599998967,8.28125,True
cx0.3_mut0.3,0.3,0.3,test_6,5,3,545,46.9407433584352,45.192069450870335,60000,300,10.27405269999872,9.328125,True
cx0.3_mut0.3,0.3,0.3,test_6,5,4,546,43.91214710412629,42.319538730655324,60000,300,9.056274400001712,8.765625,True
cx0.3_mut0.3,0.3,0.3,test_6,5,5,547,41.21261466459499,39.397567673241596,60000,300,8.428499800000282,7.90625,True
cx0.3_mut0.3,0.3,0.3,test_6,5,6,548,39.935264043163365,38.30790778842518,60000,300,9.537782800001878,9.203125,True
cx0.3_mut0.3,0.3,0.3,test_6,5,7,549,38.02678752309731,36.576230261625845,60000,300,11.48713889999999,10.5625,True
cx0.3_mut0.3,0.3,0.3,test_6,5,8,550,38.26266060997141,36.77541530493281,60000,300,9.230333299998165,9.046875,True
cx0.3_mut0.3,0.3,0.3,test_6,5,9,551,50.16687672572353,48.482584776886796,60000,300,10.37837319999744,9.203125,True
cx0.3_mut0.3,0.3,0.3,test_6,5,10,552,37.89450221035986,36.26483135792391,60000,300,8.669491699998616,8.46875,True
cx0.3_mut0.3,0.3,0.3,test_6,5,11,553,38.20940558450368,36.45447253916519,60000,300,9.724227799997607,9.4375,True
cx0.3_mut0.3,0.3,0.3,test_6,5,12,554,42.720441754293695,40.702739686756885,60000,300,9.905659399999422,9.609375,True
cx0.3_mut0.3,0.3,0.3,test_6,5,13,555,38.670016054269425,36.88577382269337,60000,300,9.876242799997272,9.765625,True
cx0.3_mut0.3,0.3,0.3,test_6,5,14,556,35.38118442475815,33.762800236947335,60000,300,10.211939200002234,9.84375,True
cx0.3_mut0.3,0.3,0.3,test_6,5,15,557,37.8118804744118,36.20712705011063,60000,300,9.372338799999852,9.25,True
cx0.3_mut0.3,0.3,0.3,test_6,5,16,558,41.572854459408525,40.07066674818487,60000,300,9.497226099996624,9.421875,True
cx0.3_mut0.3,0.3,0.3,test_6,5,17,559,48.375916754314865,46.98891478672276,60000,300,9.527450099998532,9.359375,True
cx0.3_mut0.3,0.3,0.3,test_6,5,18,560,50.43418599472825,48.94479643068191,60000,300,9.88755139999921,9.65625,True
cx0.3_mut0.3,0.3,0.3,test_6,5,19,561,38.69286471257021,37.158965284402356,60000,300,9.194473700001254,9.125,True
cx0.3_mut0.3,0.3,0.3,test_7,6,0,642,38.44379694432403,36.470257395540536,60000,300,9.002547899999627,8.90625,True
cx0.3_mut0.3,0.3,0.3,test_7,6,1,643,35.45643570516313,33.833610273489185,60000,300,9.294722999999067,9.125,True
cx0.3_mut0.3,0.3,0.3,test_7,6,2,644,34.11901751219529,32.35807824303106,60000,300,8.799786499999755,8.578125,True
cx0.3_mut0.3,0.3,0.3,test_7,6,3,645,32.9610124909183,31.313844193261723,60000,300,8.88020939999842,8.6875,True
cx0.3_mut0.3,0.3,0.3,test_7,6,4,646,37.78408160963241,36.14131710604778,60000,300,8.580324700000347,8.234375,True
cx0.3_mut0.3,0.3,0.3,test_7,6,5,647,39.573759848496515,37.93866701746025,60000,300,9.166033500001504,8.984375,True
cx0.3_mut0.3,0.3,0.3,test_7,6,6,648,43.301559695731314,41.48899101002695,60000,300,8.552900499998941,8.3125,True
cx0.3_mut0.3,0.3,0.3,test_7,6,7,649,30.000615513402856,28.46094313389652,60000,300,8.45470849999765,8.171875,True
cx0.3_mut0.3,0.3,0.3,test_7,6,8,650,34.111608096041806,32.66935722419341,60000,300,9.181884399997216,8.796875,True
cx0.3_mut0.3,0.3,0.3,test_7,6,9,651,35.78478978078463,33.95133303523503,60000,300,9.187865700001566,8.90625,True
cx0.3_mut0.3,0.3,0.3,test_7,6,10,652,39.17302440598031,37.45346145308221,60000,300,8.569074899998668,8.421875,True
cx0.3_mut0.3,0.3,0.3,test_7,6,11,653,40.53296756121583,38.86285565284026,60000,300,9.445192999999563,9.1875,True
cx0.3_mut0.3,0.3,0.3,test_7,6,12,654,41.24959500257594,39.700962732395375,60000,300,8.69283870000072,8.4375,True
cx0.3_mut0.3,0.3,0.3,test_7,6,13,655,39.45619730034344,37.73644635677389,60000,300,9.596534100001008,9.328125,True
cx0.3_mut0.3,0.3,0.3,test_7,6,14,656,35.378580854643175,33.65710073808269,60000,300,8.880735200000345,8.6875,True
cx0.3_mut0.3,0.3,0.3,test_7,6,15,657,31.92940352206669,30.2557104939956,60000,300,9.183433000001969,9.140625,True
cx0.3_mut0.3,0.3,0.3,test_7,6,16,658,42.65049654895605,41.07194079307095,60000,300,8.885075599999254,8.75,True
cx0.3_mut0.3,0.3,0.3,test_7,6,17,659,41.20755308301215,39.43614779724755,60000,300,10.183049299997947,9.9375,True
cx0.3_mut0.3,0.3,0.3,test_7,6,18,660,38.486159227534074,36.48814648206955,60000,300,8.682694600000104,8.53125,True
cx0.3_mut0.3,0.3,0.3,test_7,6,19,661,39.929630054430184,38.336552177542806,60000,300,9.4519650000002,9.328125,True
cx0.3_mut0.3,0.3,0.3,test_8,7,0,742,41.317143877366746,39.445955426071976,60000,300,9.214112400000886,8.8125,True
cx0.3_mut0.3,0.3,0.3,test_8,7,1,743,38.66230829824639,37.33814233635877,60000,300,9.731939400000556,9.40625,True
cx0.3_mut0.3,0.3,0.3,test_8,7,2,744,34.57376672955684,32.93632163631782,60000,300,8.714375100000325,8.515625,True
cx0.3_mut0.3,0.3,0.3,test_8,7,3,745,31.991441031675578,30.279969843609337,60000,300,9.59411370000089,9.40625,True
cx0.3_mut0.3,0.3,0.3,test_8,7,4,746,37.8927215269203,35.86539513309155,60000,300,9.232081500002096,9.15625,True
cx0.3_mut0.3,0.3,0.3,test_8,7,5,747,42.18378248521694,40.2635416069855,60000,300,9.693187000000762,9.40625,True
cx0.3_mut0.3,0.3,0.3,test_8,7,6,748,42.46292067713236,40.9898522052602,60000,300,9.186400599999615,8.875,True
cx0.3_mut0.3,0.3,0.3,test_8,7,7,749,35.238462328766815,33.635576114879576,60000,300,9.74835929999972,9.46875,True
cx0.3_mut0.3,0.3,0.3,test_8,7,8,750,38.64315145478375,36.857292442222935,60000,300,9.102349499997217,8.890625,True
cx0.3_mut0.3,0.3,0.3,test_8,7,9,751,37.57970543204492,35.764667027657055,60000,300,9.134207500002958,8.9375,True
cx0.3_mut0.3,0.3,0.3,test_8,7,10,752,37.4103116548807,35.7279319282166,60000,300,9.465360000001965,9.234375,True
cx0.3_mut0.3,0.3,0.3,test_8,7,11,753,36.26257583261523,34.576297276354744,60000,300,9.93551700000171,9.40625,True
cx0.3_mut0.3,0.3,0.3,test_8,7,12,754,39.38509809360105,37.50985197285255,60000,300,8.73097179999968,8.59375,True
cx0.3_mut0.3,0.3,0.3,test_8,7,13,755,40.52544802420861,38.32545942015484,60000,300,9.731228599997849,9.546875,True
cx0.3_mut0.3,0.3,0.3,test_8,7,14,756,44.24785315300858,42.18302147355095,60000,300,9.28102989999752,9.1875,True
cx0.3_mut0.3,0.3,0.3,test_8,7,15,757,38.61686066638384,36.73105573739802,60000,300,9.68955100000312,9.484375,True
cx0.3_mut0.3,0.3,0.3,test_8,7,16,758,39.28383543159338,37.48417529767162,60000,300,7.652422600000136,7.640625,True
cx0.3_mut0.3,0.3,0.3,test_8,7,17,759,30.431631530401358,28.910678428502585,60000,300,7.911088400000153,7.859375,True
cx0.3_mut0.3,0.3,0.3,test_8,7,18,760,44.514658115290906,42.7963056229628,60000,300,8.772215699998924,8.703125,True
cx0.3_mut0.3,0.3,0.3,test_8,7,19,761,32.47548842281949,30.774725150189134,60000,300,9.574954100000468,9.515625,True
cx0.3_mut0.3,0.3,0.3,test_9,8,0,842,41.1819974891137,39.86325537052513,60000,300,9.24218159999873,9.078125,True
cx0.3_mut0.3,0.3,0.3,test_9,8,1,843,40.96407074239613,39.653603001806424,60000,300,8.335040000001754,8.328125,True
cx0.3_mut0.3,0.3,0.3,test_9,8,2,844,42.07764739909175,40.600472006809134,60000,300,9.072556900002382,8.96875,True
cx0.3_mut0.3,0.3,0.3,test_9,8,3,845,37.95946714126861,36.18349311415329,60000,300,8.553790600002685,8.484375,True
cx0.3_mut0.3,0.3,0.3,test_9,8,4,846,38.81768358726948,37.23785878198164,60000,300,8.284697700000834,8.21875,True
cx0.3_mut0.3,0.3,0.3,test_9,8,5,847,50.299856321527635,48.93821541924464,60000,300,8.57388649999848,8.484375,True
cx0.3_mut0.3,0.3,0.3,test_9,8,6,848,36.114397828020955,34.800137552639654,60000,300,8.89554280000084,8.390625,True
cx0.3_mut0.3,0.3,0.3,test_9,8,7,849,41.777959839639955,40.172323894608525,60000,300,9.603256400001555,9.5,True
cx0.3_mut0.3,0.3,0.3,test_9,8,8,850,37.635914190149414,35.959163415901614,60000,300,8.411370300000272,8.3125,True
cx0.3_mut0.3,0.3,0.3,test_9,8,9,851,41.98101045564236,40.44732557475096,60000,300,8.888006699999096,8.8125,True
cx0.3_mut0.3,0.3,0.3,test_9,8,10,852,34.18920991397498,32.5244031488347,60000,300,8.25335030000133,8.21875,True
cx0.3_mut0.3,0.3,0.3,test_9,8,11,853,44.685449012418786,43.308167962991966,60000,300,7.593438399999286,7.5625,True
cx0.3_mut0.3,0.3,0.3,test_9,8,12,854,37.58278337461025,36.119132096918605,60000,300,8.42511299999751,8.40625,True
cx0.3_mut0.3,0.3,0.3,test_9,8,13,855,42.67287170341535,41.21456342542905,60000,300,8.374316299999919,8.296875,True
cx0.3_mut0.3,0.3,0.3,test_9,8,14,856,39.608115472465116,37.84603219682865,60000,300,9.278143600000476,9.25,True
cx0.3_mut0.3,0.3,0.3,test_9,8,15,857,32.863590491727564,31.497724568978306,60000,300,8.114502299999003,8.09375,True
cx0.3_mut0.3,0.3,0.3,test_9,8,16,858,43.1837311544775,41.65337687762579,60000,300,8.694449800001166,8.5,True
cx0.3_mut0.3,0.3,0.3,test_9,8,17,859,40.26707217603267,38.82068142021447,60000,300,9.54385209999964,9.453125,True
cx0.3_mut0.3,0.3,0.3,test_9,8,18,860,33.11433494574735,32.023156584147024,60000,300,9.752584800000477,9.65625,True
cx0.3_mut0.3,0.3,0.3,test_9,8,19,861,35.395566435644,33.62501043293629,60000,300,9.120814900001278,8.9375,True
cx0.3_mut0.3,0.3,0.3,test_10,9,0,942,40.63367200213423,39.01876424925339,60000,300,9.800816700000723,9.140625,True
cx0.3_mut0.3,0.3,0.3,test_10,9,1,943,36.19539858641057,34.32491366480415,60000,300,9.346639600000344,8.875,True
cx0.3_mut0.3,0.3,0.3,test_10,9,2,944,38.29456141632698,36.71371925606216,60000,300,8.439687999998569,8.03125,True
cx0.3_mut0.3,0.3,0.3,test_10,9,3,945,34.8727233741359,33.34647288443852,60000,300,8.90180909999981,8.78125,True
cx0.3_mut0.3,0.3,0.3,test_10,9,4,946,37.42386363071537,35.7758836044573,60000,300,9.540767599999526,9.171875,True
cx0.3_mut0.3,0.3,0.3,test_10,9,5,947,37.12350419759792,35.5530491967421,60000,300,9.798053599999548,9.328125,True
cx0.3_mut0.3,0.3,0.3,test_10,9,6,948,37.33098082952641,35.77131321988629,60000,300,8.882179600001109,8.75,True
cx0.3_mut0.3,0.3,0.3,test_10,9,7,949,32.83740332394797,31.3181542005542,60000,300,8.69137480000063,8.609375,True
cx0.3_mut0.3,0.3,0.3,test_10,9,8,950,33.43623635190946,31.945563521031996,60000,300,8.728029100002459,8.390625,True
cx0.3_mut0.3,0.3,0.3,test_10,9,9,951,36.893970079722955,35.32203471213156,60000,300,9.583224300000438,9.390625,True
cx0.3_mut0.3,0.3,0.3,test_10,9,10,952,34.40855046574398,32.71630564517392,60000,300,8.385704799999075,8.09375,True
cx0.3_mut0.3,0.3,0.3,test_10,9,11,953,33.70545170302981,32.361362453165256,60000,300,9.639722699997947,9.515625,True
cx0.3_mut0.3,0.3,0.3,test_10,9,12,954,36.56593078189414,35.14324448590522,60000,300,9.57916269999987,9.203125,True
cx0.3_mut0.3,0.3,0.3,test_10,9,13,955,33.00420995733656,31.32793688339916,60000,300,10.443462600000203,9.71875,True
cx0.3_mut0.3,0.3,0.3,test_10,9,14,956,36.370100261889526,34.84880525402626,60000,300,9.558038699997269,9.53125,True
cx0.3_mut0.3,0.3,0.3,test_10,9,15,957,33.79134003474197,32.383592182313606,60000,300,8.037295899997844,7.984375,True
cx0.3_mut0.3,0.3,0.3,test_10,9,16,958,36.20929316468289,34.55740430492736,60000,300,10.075487400001293,9.578125,True
cx0.3_mut0.3,0.3,0.3,test_10,9,17,959,43.214106368190336,41.53153145923803,60000,300,8.70554120000088,8.609375,True
cx0.3_mut0.3,0.3,0.3,test_10,9,18,960,42.37598681870768,40.855574618100654,60000,300,9.636858399997436,9.3125,True
cx0.3_mut0.3,0.3,0.3,test_10,9,19,961,41.246555162727034,39.76498905962302,60000,300,8.767830999997386,8.609375,True
cx0.3_mut0.5,0.3,0.5,test_1,0,0,42,45.690871088558815,43.85203832663172,60000,300,8.548724600001151,7.9375,True
cx0.3_mut0.5,0.3,0.5,test_1,0,1,43,45.283932259025455,43.36888961848409,60000,300,8.894465599998512,8.578125,True
cx0.3_mut0.5,0.3,0.5,test_1,0,2,44,48.055814565450845,46.21034558875449,60000,300,9.0639837000017,8.78125,True
cx0.3_mut0.5,0.3,0.5,test_1,0,3,45,42.199687854693124,40.61260886917526,60000,300,7.959934499998781,7.84375,True
cx0.3_mut0.5,0.3,0.5,test_1,0,4,46,43.08737330379786,41.38899870129915,60000,300,8.515622000002622,8.265625,True
cx0.3_mut0.5,0.3,0.5,test_1,0,5,47,43.144335574217564,41.32964428157484,60000,300,7.563828999998805,7.40625,True
cx0.3_mut0.5,0.3,0.5,test_1,0,6,48,47.80990023895727,46.031751868582404,60000,300,8.469424400002026,8.421875,True
cx0.3_mut0.5,0.3,0.5,test_1,0,7,49,47.377366452027815,45.69969956531373,60000,300,8.61227990000043,8.59375,True
cx0.3_mut0.5,0.3,0.5,test_1,0,8,50,40.74006142701171,39.31822163747735,60000,300,8.53849210000044,8.484375,True
cx0.3_mut0.5,0.3,0.5,test_1,0,9,51,42.23040557323024,40.8704090131726,60000,300,8.523568599997816,8.40625,True
cx0.3_mut0.5,0.3,0.5,test_1,0,10,52,41.68334470282772,39.874462850828714,60000,300,9.342494300002727,9.328125,True
cx0.3_mut0.5,0.3,0.5,test_1,0,11,53,43.61848985939605,41.69133342326719,60000,300,7.870504999998957,7.84375,True
cx0.3_mut0.5,0.3,0.5,test_1,0,12,54,46.14757555534746,44.16209668674042,60000,300,8.464026800000283,8.34375,True
cx0.3_mut0.5,0.3,0.5,test_1,0,13,55,44.70321444553845,42.98737442962197,60000,300,8.525691099999676,8.5,True
cx0.3_mut0.5,0.3,0.5,test_1,0,14,56,47.901677091450445,46.30438273620767,60000,300,8.283432200001698,8.21875,True
cx0.3_mut0.5,0.3,0.5,test_1,0,15,57,46.833617486719206,45.06303953997896,60000,300,8.803329499998654,8.734375,True
cx0.3_mut0.5,0.3,0.5,test_1,0,16,58,46.289877224543496,44.31497680661625,60000,300,8.418322499997885,8.375,True
cx0.3_mut0.5,0.3,0.5,test_1,0,17,59,40.945182872491614,39.288619897497895,60000,300,8.157744000000093,8.125,True
cx0.3_mut0.5,0.3,0.5,test_1,0,18,60,42.27747595864512,40.653022011882385,60000,300,7.97928150000007,7.921875,True
cx0.3_mut0.5,0.3,0.5,test_1,0,19,61,42.43500233996177,40.29949278935714,60000,300,8.201681300000928,8.171875,True
cx0.3_mut0.5,0.3,0.5,test_2,1,0,142,36.969081762681014,35.37589454153229,60000,300,8.294564799998625,8.234375,True
cx0.3_mut0.5,0.3,0.5,test_2,1,1,143,43.50045137838382,41.8493737739625,60000,300,8.145844699996815,8.03125,True
cx0.3_mut0.5,0.3,0.5,test_2,1,2,144,39.20150692218661,37.72838729692451,60000,300,7.921546800000215,7.734375,True
cx0.3_mut0.5,0.3,0.5,test_2,1,3,145,41.40366785201297,39.67673179495177,60000,300,9.333803099998477,9.15625,True
cx0.3_mut0.5,0.3,0.5,test_2,1,4,146,40.36592585328282,38.71345813310523,60000,300,7.827439799999411,7.625,True
cx0.3_mut0.5,0.3,0.5,test_2,1,5,147,46.58629975592042,45.172555770718105,60000,300,8.009350799999083,7.9375,True
cx0.3_mut0.5,0.3,0.5,test_2,1,6,148,40.94660481474859,39.12600589742334,60000,300,8.829641299998912,8.78125,True
cx0.3_mut0.5,0.3,0.5,test_2,1,7,149,46.310310697410976,44.60232197502948,60000,300,8.697897699999885,8.625,True
cx0.3_mut0.5,0.3,0.5,test_2,1,8,150,39.160491180498184,37.3113310728945,60000,300,7.781662599998526,7.71875,True
cx0.3_mut0.5,0.3,0.5,test_2,1,9,151,38.565811381883044,36.54838702126163,60000,300,8.131435999999667,8.046875,True
cx0.3_mut0.5,0.3,0.5,test_2,1,10,152,44.650262026597716,42.95196067208006,60000,300,8.095765600002778,8.0625,True
cx0.3_mut0.5,0.3,0.5,test_2,1,11,153,38.348895306069636,36.59833508201541,60000,300,9.458317599997827,9.375,True
cx0.3_mut0.5,0.3,0.5,test_2,1,12,154,52.30745580436079,49.92568606791164,60000,300,9.218121599998994,9.140625,True
cx0.3_mut0.5,0.3,0.5,test_2,1,13,155,40.55859774721949,38.575661692190565,60000,300,8.475170100002288,8.421875,True
cx0.3_mut0.5,0.3,0.5,test_2,1,14,156,45.418733524320544,43.48864497261683,60000,300,8.242465399998764,8.203125,True
cx0.3_mut0.5,0.3,0.5,test_2,1,15,157,45.37185553000945,43.30508197391427,60000,300,7.8512011999991955,7.734375,True
cx0.3_mut0.5,0.3,0.5,test_2,1,16,158,48.82780634745738,47.069281822915805,60000,300,9.498329699999886,9.1875,True
cx0.3_mut0.5,0.3,0.5,test_2,1,17,159,40.308669351542456,38.46376315308769,60000,300,9.951449300002423,9.296875,True
cx0.3_mut0.5,0.3,0.5,test_2,1,18,160,39.015418221655175,37.166563854673086,60000,300,9.969909100000223,9.390625,True
cx0.3_mut0.5,0.3,0.5,test_2,1,19,161,40.679173018553776,38.87998642438406,60000,300,9.307845700001053,9.09375,True
cx0.3_mut0.5,0.3,0.5,test_3,2,0,242,42.432230109272524,41.0076193639706,60000,300,9.42001000000164,9.171875,True
cx0.3_mut0.5,0.3,0.5,test_3,2,1,243,42.736529487258274,40.810101453746775,60000,300,9.260215399997833,8.96875,True
cx0.3_mut0.5,0.3,0.5,test_3,2,2,244,46.34727452654543,44.67030602421737,60000,300,9.303725099998701,9.203125,True
cx0.3_mut0.5,0.3,0.5,test_3,2,3,245,42.10677156651226,40.4631863122706,60000,300,9.771268300002703,9.515625,True
cx0.3_mut0.5,0.3,0.5,test_3,2,4,246,49.96870369275214,47.90112952826167,60000,300,10.304611300001852,10.0,True
cx0.3_mut0.5,0.3,0.5,test_3,2,5,247,41.19066687289736,39.20965003188522,60000,300,9.736176400001568,9.546875,True
cx0.3_mut0.5,0.3,0.5,test_3,2,6,248,46.924781666415186,44.93004881584558,60000,300,9.459921100002248,9.0625,True
cx0.3_mut0.5,0.3,0.5,test_3,2,7,249,44.82649558065755,43.04128482717375,60000,300,10.06240919999982,9.765625,True
cx0.3_mut0.5,0.3,0.5,test_3,2,8,250,53.85246637155021,51.549643332592716,60000,300,12.031775999999809,11.09375,True
cx0.3_mut0.5,0.3,0.5,test_3,2,9,251,43.626782120690365,41.711327993828455,60000,300,9.989143599999807,9.5,True
cx0.3_mut0.5,0.3,0.5,test_3,2,10,252,43.225426196030526,41.91690180695353,60000,300,9.636254900000495,9.296875,True
cx0.3_mut0.5,0.3,0.5,test_3,2,11,253,39.79685220902992,38.180664482522424,60000,300,10.24916569999914,10.140625,True
cx0.3_mut0.5,0.3,0.5,test_3,2,12,254,48.77526084018278,47.0358748706771,60000,300,11.237540799997078,11.03125,True
cx0.3_mut0.5,0.3,0.5,test_3,2,13,255,37.60903672940356,35.82565249587051,60000,300,9.704275500000222,9.625,True
cx0.3_mut0.5,0.3,0.5,test_3,2,14,256,44.821724262195595,43.19646521168037,60000,300,9.384802299999137,9.28125,True
cx0.3_mut0.5,0.3,0.5,test_3,2,15,257,47.99270773043092,45.87877367629649,60000,300,9.237578000000212,9.125,True
cx0.3_mut0.5,0.3,0.5,test_3,2,16,258,37.88214733934887,36.28593373180305,60000,300,10.184806000001117,9.65625,True
cx0.3_mut0.5,0.3,0.5,test_3,2,17,259,51.929192837534096,49.843183737400715,60000,300,9.732743699998537,9.578125,True
cx0.3_mut0.5,0.3,0.5,test_3,2,18,260,39.65901718897622,37.90939346855048,60000,300,9.131624400000874,8.9375,True
cx0.3_mut0.5,0.3,0.5,test_3,2,19,261,49.891034753073534,48.2153694790246,60000,300,9.796456899999612,9.6875,True
cx0.3_mut0.5,0.3,0.5,test_4,3,0,342,38.848031094154514,37.00209087769779,60000,300,10.04598199999964,9.8125,True
cx0.3_mut0.5,0.3,0.5,test_4,3,1,343,38.27500708090043,36.441771432264275,60000,300,9.218176599999424,9.125,True
cx0.3_mut0.5,0.3,0.5,test_4,3,2,344,38.711428110184606,37.21101106580336,60000,300,9.363404200001241,9.3125,True
cx0.3_mut0.5,0.3,0.5,test_4,3,3,345,40.86305624127133,39.143811285374184,60000,300,9.189834100001463,9.03125,True
cx0.3_mut0.5,0.3,0.5,test_4,3,4,346,43.4697402589861,41.69640073233115,60000,300,9.935552700000699,9.671875,True
cx0.3_mut0.5,0.3,0.5,test_4,3,5,347,34.254398132856124,32.681999040175526,60000,300,9.546804799996607,9.375,True
cx0.3_mut0.5,0.3,0.5,test_4,3,6,348,33.70325910311658,32.20734869965313,60000,300,9.100605599996925,9.015625,True
cx0.3_mut0.5,0.3,0.5,test_4,3,7,349,32.98621049716299,31.470594489862652,60000,300,9.172880400001304,9.046875,True
cx0.3_mut0.5,0.3,0.5,test_4,3,8,350,45.71859499224006,44.13078177129917,60000,300,10.582700400002068,9.671875,True
cx0.3_mut0.5,0.3,0.5,test_4,3,9,351,34.85561470646197,33.342274174764405,60000,300,8.625241300000198,8.53125,True
cx0.3_mut0.5,0.3,0.5,test_4,3,10,352,42.2116835448908,40.749566829327456,60000,300,9.885506999999052,9.46875,True
cx0.3_mut0.5,0.3,0.5,test_4,3,11,353,41.568338561614325,40.19450506875239,60000,300,9.862550400001055,9.59375,True
cx0.3_mut0.5,0.3,0.5,test_4,3,12,354,36.234986286514484,34.53696042553241,60000,300,10.483170200001041,10.15625,True
cx0.3_mut0.5,0.3,0.5,test_4,3,13,355,45.066237102974966,43.60534077374365,60000,300,9.552315499997349,9.34375,True
cx0.3_mut0.5,0.3,0.5,test_4,3,14,356,39.87843703280597,38.01368511014091,60000,300,9.296637300001748,8.84375,True
cx0.3_mut0.5,0.3,0.5,test_4,3,15,357,39.71382699353638,37.61792955868138,60000,300,8.862808000001678,8.625,True
cx0.3_mut0.5,0.3,0.5,test_4,3,16,358,36.66445508871328,34.96556900275528,60000,300,10.433090999998967,10.125,True
cx0.3_mut0.5,0.3,0.5,test_4,3,17,359,39.9585464685097,38.59189040226192,60000,300,9.672754000002897,9.46875,True
cx0.3_mut0.5,0.3,0.5,test_4,3,18,360,41.03742802196684,39.53247666759603,60000,300,9.654776099996525,9.484375,True
cx0.3_mut0.5,0.3,0.5,test_4,3,19,361,39.909243049071996,38.39468331012565,60000,300,9.522465100002591,9.328125,True
cx0.3_mut0.5,0.3,0.5,test_5,4,0,442,42.54613302039808,40.943574440617155,60000,300,9.316816599999584,9.171875,True
cx0.3_mut0.5,0.3,0.5,test_5,4,1,443,43.07588752520224,41.504913363681744,60000,300,9.049628500000836,9.015625,True
cx0.3_mut0.5,0.3,0.5,test_5,4,2,444,49.38655959863424,47.631015707739024,60000,300,10.080903899997793,9.984375,True
cx0.3_mut0.5,0.3,0.5,test_5,4,3,445,53.316008436460194,51.58996567944478,60000,300,9.620726400000422,9.46875,True
cx0.3_mut0.5,0.3,0.5,test_5,4,4,446,42.41240208492664,40.54659270205717,60000,300,9.504661800001486,9.359375,True
cx0.3_mut0.5,0.3,0.5,test_5,4,5,447,44.88463116659032,43.074644182601865,60000,300,9.295506799997383,9.171875,True
cx0.3_mut0.5,0.3,0.5,test_5,4,6,448,53.13882154726691,51.48077340686286,60000,300,9.458271700001205,9.265625,True
cx0.3_mut0.5,0.3,0.5,test_5,4,7,449,42.62901543645421,40.86715932726496,60000,300,10.289482000000135,10.125,True
cx0.3_mut0.5,0.3,0.5,test_5,4,8,450,44.57504449573549,43.10437408975631,60000,300,8.666761500000575,8.5,True
cx0.3_mut0.5,0.3,0.5,test_5,4,9,451,43.97177372131681,42.351659173887555,60000,300,9.854189300000144,9.53125,True
cx0.3_mut0.5,0.3,0.5,test_5,4,10,452,48.24521365348401,46.37926235871612,60000,300,9.5457714999975,9.40625,True
cx0.3_mut0.5,0.3,0.5,test_5,4,11,453,49.73206563813061,47.80686613956361,60000,300,9.576291800000035,9.34375,True
cx0.3_mut0.5,0.3,0.5,test_5,4,12,454,47.26557669051714,45.41720276001207,60000,300,8.926780199999484,8.796875,True
cx0.3_mut0.5,0.3,0.5,test_5,4,13,455,51.40877731129174,49.314647698318325,60000,300,9.40428509999765,9.15625,True
cx0.3_mut0.5,0.3,0.5,test_5,4,14,456,46.64822245758678,44.79623172444068,60000,300,9.042076899997483,8.65625,True
cx0.3_mut0.5,0.3,0.5,test_5,4,15,457,43.356670283341046,41.48902174007769,60000,300,10.232297300000937,9.90625,True
cx0.3_mut0.5,0.3,0.5,test_5,4,16,458,47.57696226421603,46.01116425583835,60000,300,9.7270783999993,9.53125,True
cx0.3_mut0.5,0.3,0.5,test_5,4,17,459,48.97044047007885,47.215807820322,60000,300,10.217348099999072,9.765625,True
cx0.3_mut0.5,0.3,0.5,test_5,4,18,460,51.87199946035876,49.858757493384864,60000,300,9.915868399999454,9.40625,True
cx0.3_mut0.5,0.3,0.5,test_5,4,19,461,46.98265455952649,45.26033648769708,60000,300,11.315344700000423,10.515625,True
cx0.3_mut0.5,0.3,0.5,test_6,5,0,542,39.34858568117699,37.900009185487704,60000,300,9.683459899999434,9.4375,True
cx0.3_mut0.5,0.3,0.5,test_6,5,1,543,39.66366085242193,38.04063698496962,60000,300,9.658462899998995,9.375,True
cx0.3_mut0.5,0.3,0.5,test_6,5,2,544,43.13469585223901,41.56925944599659,60000,300,9.210114699999394,9.015625,True
cx0.3_mut0.5,0.3,0.5,test_6,5,3,545,50.12913121520813,48.133147867774156,60000,300,11.244493600002897,10.453125,True
cx0.3_mut0.5,0.3,0.5,test_6,5,4,546,48.52502068988145,46.506237164789965,60000,300,9.727488500000618,9.421875,True
cx0.3_mut0.5,0.3,0.5,test_6,5,5,547,42.51047378758124,40.57634493403367,60000,300,9.319171799998003,8.78125,True
cx0.3_mut0.5,0.3,0.5,test_6,5,6,548,43.4259831032646,41.59261942384784,60000,300,9.436103100000764,9.1875,True
cx0.3_mut0.5,0.3,0.5,test_6,5,7,549,42.1659319603565,40.710667279347376,60000,300,10.966070099999342,9.84375,True
cx0.3_mut0.5,0.3,0.5,test_6,5,8,550,48.90957511993782,47.47679058108721,60000,300,9.2673649999997,9.015625,True
cx0.3_mut0.5,0.3,0.5,test_6,5,9,551,54.24352817572484,52.53408210338137,60000,300,9.635070399999677,8.734375,True
cx0.3_mut0.5,0.3,0.5,test_6,5,10,552,43.80562447867602,42.01821931094199,60000,300,10.45420379999996,10.1875,True
cx0.3_mut0.5,0.3,0.5,test_6,5,11,553,45.9994476745454,44.495448979388875,60000,300,9.498864699999103,9.234375,True
cx0.3_mut0.5,0.3,0.5,test_6,5,12,554,40.06713917581133,38.40404093001016,60000,300,9.5373182000003,9.265625,True
cx0.3_mut0.5,0.3,0.5,test_6,5,13,555,45.10900306033455,43.571101700533795,60000,300,9.64757059999829,9.359375,True
cx0.3_mut0.5,0.3,0.5,test_6,5,14,556,39.175924806395365,37.5019674438909,60000,300,11.780433199997788,11.390625,True
cx0.3_mut0.5,0.3,0.5,test_6,5,15,557,41.04667953897694,39.166020493290745,60000,300,9.306237199998577,9.203125,True
cx0.3_mut0.5,0.3,0.5,test_6,5,16,558,50.80741247511173,48.62503975762395,60000,300,9.922820899999351,9.765625,True
cx0.3_mut0.5,0.3,0.5,test_6,5,17,559,43.0059594181659,41.14874752588662,60000,300,10.058686500000476,10.0,True
cx0.3_mut0.5,0.3,0.5,test_6,5,18,560,43.5187735036737,41.632758000299006,60000,300,10.307247600001574,9.921875,True
cx0.3_mut0.5,0.3,0.5,test_6,5,19,561,43.35126060836369,41.48815703077481,60000,300,9.33265400000164,9.109375,True
cx0.3_mut0.5,0.3,0.5,test_7,6,0,642,44.562818260723816,42.6168779324713,60000,300,10.206935399997747,10.09375,True
cx0.3_mut0.5,0.3,0.5,test_7,6,1,643,46.793413072048935,44.84007091207283,60000,300,9.759797300001082,9.609375,True
cx0.3_mut0.5,0.3,0.5,test_7,6,2,644,46.4675960586374,44.88324409610983,60000,300,8.872098599997116,8.765625,True
cx0.3_mut0.5,0.3,0.5,test_7,6,3,645,39.41638651804136,37.41684599595948,60000,300,9.931966100000864,9.734375,True
cx0.3_mut0.5,0.3,0.5,test_7,6,4,646,40.548061871105126,38.73806478630797,60000,300,9.664579299998877,9.265625,True
cx0.3_mut0.5,0.3,0.5,test_7,6,5,647,43.42253469026958,41.2315579401503,60000,300,9.20079330000226,9.15625,True
cx0.3_mut0.5,0.3,0.5,test_7,6,6,648,42.06934073956694,40.23501636929027,60000,300,9.889394499998161,9.71875,True
cx0.3_mut0.5,0.3,0.5,test_7,6,7,649,41.37870494518062,39.46128701410902,60000,300,9.403042199999618,9.046875,True
cx0.3_mut0.5,0.3,0.5,test_7,6,8,650,45.71609101691693,44.360928121958324,60000,300,10.083691900003032,9.703125,True
cx0.3_mut0.5,0.3,0.5,test_7,6,9,651,49.480716698185105,47.63221446149757,60000,300,9.452497400001448,9.21875,True
cx0.3_mut0.5,0.3,0.5,test_7,6,10,652,49.93081076975632,48.08475377224201,60000,300,10.094069499999023,9.90625,True
cx0.3_mut0.5,0.3,0.5,test_7,6,11,653,41.17701390537141,39.61147889183317,60000,300,9.629330300002039,9.453125,True
cx0.3_mut0.5,0.3,0.5,test_7,6,12,654,43.802947601135045,41.9710195305256,60000,300,10.130438599997433,9.828125,True
cx0.3_mut0.5,0.3,0.5,test_7,6,13,655,40.8024048930257,38.80663407512442,60000,300,10.696430500000133,10.375,True
cx0.3_mut0.5,0.3,0.5,test_7,6,14,656,42.37632041524006,40.683458843940926,60000,300,9.656053700000484,9.390625,True
cx0.3_mut0.5,0.3,0.5,test_7,6,15,657,36.92715073772655,35.458911214435226,60000,300,8.902867799999512,8.796875,True
cx0.3_mut0.5,0.3,0.5,test_7,6,16,658,40.75409962127092,39.04746010807864,60000,300,9.956477799998538,9.828125,True
cx0.3_mut0.5,0.3,0.5,test_7,6,17,659,48.789513504602574,46.775088749588825,60000,300,10.405836699999782,10.1875,True
cx0.3_mut0.5,0.3,0.5,test_7,6,18,660,45.96941823543872,44.36123742502218,60000,300,9.151409300000523,9.09375,True
cx0.3_mut0.5,0.3,0.5,test_7,6,19,661,43.53307021343707,41.665479387209096,60000,300,9.480365800001891,9.234375,True
cx0.3_mut0.5,0.3,0.5,test_8,7,0,742,37.45574290713999,35.451587006130026,60000,300,9.56453799999872,9.4375,True
cx0.3_mut0.5,0.3,0.5,test_8,7,1,743,43.235508989055774,41.277055122633534,60000,300,10.861204799999541,10.53125,True
cx0.3_mut0.5,0.3,0.5,test_8,7,2,744,42.32201052587644,40.58893270721519,60000,300,10.078173500001867,9.890625,True
cx0.3_mut0.5,0.3,0.5,test_8,7,3,745,46.17648689762865,44.354285415443876,60000,300,10.00457450000249,9.859375,True
cx0.3_mut0.5,0.3,0.5,test_8,7,4,746,47.587996550540865,45.804434995095775,60000,300,10.044429900000978,9.890625,True
cx0.3_mut0.5,0.3,0.5,test_8,7,5,747,40.89194636783631,39.04401930176781,60000,300,10.883380399998714,10.46875,True
cx0.3_mut0.5,0.3,0.5,test_8,7,6,748,49.68763714459821,47.81196468992603,60000,300,10.092632699997921,9.71875,True
cx0.3_mut0.5,0.3,0.5,test_8,7,7,749,47.13388414188025,44.872409474391084,60000,300,9.748249200001737,9.546875,True
cx0.3_mut0.5,0.3,0.5,test_8,7,8,750,38.80205332768568,37.29860549735502,60000,300,10.244603899998765,10.03125,True
cx0.3_mut0.5,0.3,0.5,test_8,7,9,751,42.27987519223514,40.90380553520744,60000,300,9.64676690000124,9.484375,True
cx0.3_mut0.5,0.3,0.5,test_8,7,10,752,45.555153243914425,43.90191420879589,60000,300,9.895135000002483,9.484375,True
cx0.3_mut0.5,0.3,0.5,test_8,7,11,753,40.50103136146974,38.6836661741613,60000,300,10.390937800002575,9.921875,True
cx0.3_mut0.5,0.3,0.5,test_8,7,12,754,41.49611856087992,39.87755189650107,60000,300,9.716646099997888,9.6875,True
cx0.3_mut0.5,0.3,0.5,test_8,7,13,755,40.34937523341642,38.430397262510574,60000,300,8.481499500001519,8.328125,True
cx0.3_mut0.5,0.3,0.5,test_8,7,14,756,46.55262790358858,45.00753738064615,60000,300,9.56161499999871,9.421875,True
cx0.3_mut0.5,0.3,0.5,test_8,7,15,757,33.615722826652735,31.9636637584015,60000,300,9.86741400000028,9.65625,True
cx0.3_mut0.5,0.3,0.5,test_8,7,16,758,46.60096801732647,45.03463599466484,60000,300,9.192513499998313,9.15625,True
cx0.3_mut0.5,0.3,0.5,test_8,7,17,759,41.68290387544608,39.98517344472009,60000,300,8.957172700000228,8.875,True
cx0.3_mut0.5,0.3,0.5,test_8,7,18,760,41.88023340504035,39.8144083868916,60000,300,8.668901100001676,8.59375,True
cx0.3_mut0.5,0.3,0.5,test_8,7,19,761,39.04553785671412,37.18352290005642,60000,300,8.150262800001656,8.078125,True
cx0.3_mut0.5,0.3,0.5,test_9,8,0,842,40.50089017491975,38.83374301813404,60000,300,9.795471600002202,9.5,True
cx0.3_mut0.5,0.3,0.5,test_9,8,1,843,44.157452954423675,42.460434251863056,60000,300,10.17068830000062,10.09375,True
cx0.3_mut0.5,0.3,0.5,test_9,8,2,844,47.13716994644497,45.47610544282731,60000,300,8.294192000001203,8.234375,True
cx0.3_mut0.5,0.3,0.5,test_9,8,3,845,46.79681802885656,44.98145305233184,60000,300,9.299981399999524,9.234375,True
cx0.3_mut0.5,0.3,0.5,test_9,8,4,846,40.395303476759764,38.74756078154091,60000,300,9.109817999997176,9.046875,True
cx0.3_mut0.5,0.3,0.5,test_9,8,5,847,45.942508353334134,44.23638323122882,60000,300,9.209926800001995,9.078125,True
cx0.3_mut0.5,0.3,0.5,test_9,8,6,848,39.90643199451829,38.51762575841739,60000,300,9.66086390000055,9.03125,True
cx0.3_mut0.5,0.3,0.5,test_9,8,7,849,49.04929736695067,47.61010806278935,60000,300,8.668114799998875,8.59375,True
cx0.3_mut0.5,0.3,0.5,test_9,8,8,850,39.353648824201876,37.74995645372001,60000,300,8.680662400001893,8.578125,True
cx0.3_mut0.5,0.3,0.5,test_9,8,9,851,41.888563822499385,39.87698813268464,60000,300,9.400074000001041,9.28125,True
cx0.3_mut0.5,0.3,0.5,test_9,8,10,852,45.703611843858006,44.18184409411156,60000,300,8.221051599997736,8.1875,True
cx0.3_mut0.5,0.3,0.5,test_9,8,11,853,51.2873574492253,49.67215256523374,60000,300,8.596376000001328,8.53125,True
cx0.3_mut0.5,0.3,0.5,test_9,8,12,854,42.209726018635386,40.67499386671821,60000,300,7.953464299996995,7.9375,True
cx0.3_mut0.5,0.3,0.5,test_9,8,13,855,55.15974305527901,53.608172025680055,60000,300,10.102596600001561,10.015625,True
cx0.3_mut0.5,0.3,0.5,test_9,8,14,856,41.52429358682279,39.86343447943985,60000,300,9.174513899997692,9.125,True
cx0.3_mut0.5,0.3,0.5,test_9,8,15,857,44.70597047651974,42.64070532985074,60000,300,8.304863099998329,8.28125,True
cx0.3_mut0.5,0.3,0.5,test_9,8,16,858,50.45844337225073,48.876557176052806,60000,300,8.780185199997504,8.625,True
cx0.3_mut0.5,0.3,0.5,test_9,8,17,859,39.67628517596346,37.948994854498075,60000,300,10.024967699999252,9.984375,True
cx0.3_mut0.5,0.3,0.5,test_9,8,18,860,45.38997307194082,43.6992170967835,60000,300,10.260662400000001,10.140625,True
cx0.3_mut0.5,0.3,0.5,test_9,8,19,861,45.81410780367381,44.10234423244579,60000,300,9.416638300001068,9.25,True
cx0.3_mut0.5,0.3,0.5,test_10,9,0,942,40.17351279025018,38.53766867643983,60000,300,10.353280200000881,9.546875,True
cx0.3_mut0.5,0.3,0.5,test_10,9,1,943,49.55598821050686,48.08423385052777,60000,300,10.709657700001117,10.203125,True
cx0.3_mut0.5,0.3,0.5,test_10,9,2,944,43.516594320205094,42.07515290155119,60000,300,9.811796000001777,9.4375,True
cx0.3_mut0.5,0.3,0.5,test_10,9,3,945,44.27360763526463,42.67107658128786,60000,300,9.920869599998696,9.828125,True
cx0.3_mut0.5,0.3,0.5,test_10,9,4,946,41.17871848966219,39.739409413543655,60000,300,9.082258799997362,8.78125,True
cx0.3_mut0.5,0.3,0.5,test_10,9,5,947,45.69360780920838,44.08280052182175,60000,300,10.867814299999736,10.4375,True
cx0.3_mut0.5,0.3,0.5,test_10,9,6,948,41.36589635095288,39.64060517059107,60000,300,8.43906699999934,8.328125,True
cx0.3_mut0.5,0.3,0.5,test_10,9,7,949,39.200227363167315,37.7026664259572,60000,300,9.15027310000005,9.03125,True
cx0.3_mut0.5,0.3,0.5,test_10,9,8,950,46.085579218483616,44.63597152902669,60000,300,10.307189800001652,10.046875,True
cx0.3_mut0.5,0.3,0.5,test_10,9,9,951,40.86404842852233,39.34500865950855,60000,300,10.147155199996632,9.984375,True
cx0.3_mut0.5,0.3,0.5,test_10,9,10,952,41.25547524553328,39.54068306861589,60000,300,9.483431100001326,9.28125,True
cx0.3_mut0.5,0.3,0.5,test_10,9,11,953,48.76269675616986,46.8463552217158,60000,300,9.726322800001071,9.453125,True
cx0.3_mut0.5,0.3,0.5,test_10,9,12,954,41.78696553507401,40.31549997139423,60000,300,10.431240400001116,9.9375,True
cx0.3_mut0.5,0.3,0.5,test_10,9,13,955,40.04870584068041,38.163788745881284,60000,300,10.049904200001038,9.453125,True
cx0.3_mut0.5,0.3,0.5,test_10,9,14,956,42.87707991660653,40.860440641462766,60000,300,9.364389800000936,9.3125,True
cx0.3_mut0.5,0.3,0.5,test_10,9,15,957,39.88675311690087,38.325206249357755,60000,300,9.860207300000184,9.609375,True
cx0.3_mut0.5,0.3,0.5,test_10,9,16,958,38.427009465221865,36.81350939097654,60000,300,9.750388800002838,9.1875,True
cx0.3_mut0.5,0.3,0.5,test_10,9,17,959,45.239692077262475,43.44581523941233,60000,300,10.10899629999767,9.78125,True
cx0.3_mut0.5,0.3,0.5,test_10,9,18,960,43.051296899978354,41.31304446933693,60000,300,10.431929999998829,9.828125,True
cx0.3_mut0.5,0.3,0.5,test_10,9,19,961,48.86339018085097,46.84487119701577,60000,300,9.435649099999864,9.140625,True
cx0.5_mut0.001,0.5,0.001,test_1,0,0,42,44.40758479420286,42.769090343063354,60000,300,9.12884589999885,8.765625,True
cx0.5_mut0.001,0.5,0.001,test_1,0,1,43,56.01786745177007,53.784228767347734,60000,300,8.554324500000803,8.34375,True
cx0.5_mut0.001,0.5,0.001,test_1,0,2,44,58.05584101192108,56.27701237628114,60000,300,10.853782399997726,10.546875,True
cx0.5_mut0.001,0.5,0.001,test_1,0,3,45,59.41395880801633,57.676727824353605,60000,300,10.231575499998144,9.984375,True
cx0.5_mut0.001,0.5,0.001,test_1,0,4,46,50.35569967343096,48.32057046537075,60000,300,9.596130599999015,9.3125,True
cx0.5_mut0.001,0.5,0.001,test_1,0,5,47,58.282190240732554,56.574888551302486,60000,300,8.266494399998919,8.21875,True
cx0.5_mut0.001,0.5,0.001,test_1,0,6,48,63.48280522874542,61.42925336296545,60000,300,9.48402360000182,9.34375,True
cx0.5_mut0.001,0.5,0.001,test_1,0,7,49,66.7169671338001,64.75252227127598,60000,300,12.196590700001252,12.09375,True
cx0.5_mut0.001,0.5,0.001,test_1,0,8,50,57.45457657176305,55.57852420951117,60000,300,11.988041999997222,11.890625,True
cx0.5_mut0.001,0.5,0.001,test_1,0,9,51,54.21141509632909,51.95264655915962,60000,300,8.978973599998426,8.921875,True
cx0.5_mut0.001,0.5,0.001,test_1,0,10,52,54.7363659777223,53.04129472848281,60000,300,8.202645299999858,8.171875,True
cx0.5_mut0.001,0.5,0.001,test_1,0,11,53,52.375251245555,50.34064753638423,60000,300,8.831013700000767,8.6875,True
cx0.5_mut0.001,0.5,0.001,test_1,0,12,54,47.62180684000401,46.08869752565209,60000,300,8.195541400000366,8.140625,True
cx0.5_mut0.001,0.5,0.001,test_1,0,13,55,50.9811627479035,49.236433268291364,60000,300,9.27342409999983,9.1875,True
cx0.5_mut0.001,0.5,0.001,test_1,0,14,56,51.82208202410494,50.166776242997265,60000,300,8.522788500002207,8.421875,True
cx0.5_mut0.001,0.5,0.001,test_1,0,15,57,52.86843008850954,50.741885198520194,60000,300,8.561894200000097,8.484375,True
cx0.5_mut0.001,0.5,0.001,test_1,0,16,58,52.74930183944254,51.11470147018312,60000,300,8.592704799997591,8.53125,True
cx0.5_mut0.001,0.5,0.001,test_1,0,17,59,48.90743569855559,47.57119975338836,60000,300,7.874387100000604,7.875,True
cx0.5_mut0.001,0.5,0.001,test_1,0,18,60,47.8275567568006,45.97836209697605,60000,300,9.10804950000238,9.0,True
cx0.5_mut0.001,0.5,0.001,test_1,0,19,61,51.574098476599794,49.24179081232121,60000,300,9.469587600000523,9.265625,True
cx0.5_mut0.001,0.5,0.001,test_2,1,0,142,51.998271149801134,50.16068475655942,60000,300,8.050019400001474,7.90625,True
cx0.5_mut0.001,0.5,0.001,test_2,1,1,143,49.65639068761948,47.659045802504764,60000,300,10.409320200000366,10.25,True
cx0.5_mut0.001,0.5,0.001,test_2,1,2,144,48.47225699936227,46.574314561379026,60000,300,10.47164580000026,10.40625,True
cx0.5_mut0.001,0.5,0.001,test_2,1,3,145,49.32304449666672,48.09449312838854,60000,300,9.03625010000178,8.765625,True
cx0.5_mut0.001,0.5,0.001,test_2,1,4,146,51.89971664168302,50.47853440857716,60000,300,9.817093099998601,9.703125,True
cx0.5_mut0.001,0.5,0.001,test_2,1,5,147,42.51607768094862,41.06831707049885,60000,300,8.776475800001208,8.671875,True
cx0.5_mut0.001,0.5,0.001,test_2,1,6,148,43.95119845299019,42.28651227296301,60000,300,9.469513199997891,9.40625,True
cx0.5_mut0.001,0.5,0.001,test_2,1,7,149,47.37464045505908,45.4900882995324,60000,300,11.686874999999418,11.578125,True
cx0.5_mut0.001,0.5,0.001,test_2,1,8,150,43.91524929473443,42.3966211225408,60000,300,8.094496100002289,8.015625,True
cx0.5_mut0.001,0.5,0.001,test_2,1,9,151,55.01866907010478,53.13913071125233,60000,300,10.433209700000589,10.28125,True
cx0.5_mut0.001,0.5,0.001,test_2,1,10,152,46.708514428407504,44.89430432701335,60000,300,8.258882099999028,8.125,True
cx0.5_mut0.001,0.5,0.001,test_2,1,11,153,42.11058066908022,40.318508664946236,60000,300,8.352720700000646,8.265625,True
cx0.5_mut0.001,0.5,0.001,test_2,1,12,154,49.7853075074999,48.27031015309135,60000,300,9.120424500000809,9.0,True
cx0.5_mut0.001,0.5,0.001,test_2,1,13,155,43.634688046471496,41.790524912134096,60000,300,8.587327000001096,8.40625,True
cx0.5_mut0.001,0.5,0.001,test_2,1,14,156,49.36356468149387,47.89761666479039,60000,300,8.668093799999042,8.625,True
cx0.5_mut0.001,0.5,0.001,test_2,1,15,157,46.432885874803375,44.53614162483104,60000,300,10.953029100001004,10.65625,True
cx0.5_mut0.001,0.5,0.001,test_2,1,16,158,40.48162629849738,38.75465442901502,60000,300,11.048845400000573,10.65625,True
cx0.5_mut0.001,0.5,0.001,test_2,1,17,159,44.391090785721076,42.81969107368865,60000,300,9.117493099998683,8.953125,True
cx0.5_mut0.001,0.5,0.001,test_2,1,18,160,42.383131100844764,40.32470616788156,60000,300,11.022948599998927,10.828125,True
cx0.5_mut0.001,0.5,0.001,test_2,1,19,161,40.394294098581476,38.52761994218312,60000,300,10.94109060000119,10.71875,True
cx0.5_mut0.001,0.5,0.001,test_3,2,0,242,44.58551674751254,42.75875715801709,60000,300,12.06327489999967,11.84375,True
cx0.5_mut0.001,0.5,0.001,test_3,2,1,243,49.64328486047422,47.39399896355581,60000,300,8.783071099998779,8.5,True
cx0.5_mut0.001,0.5,0.001,test_3,2,2,244,46.23445089692745,44.44127469772169,60000,300,9.789874000001873,9.5,True
cx0.5_mut0.001,0.5,0.001,test_3,2,3,245,39.618490334202676,38.29109315673035,60000,300,10.178342400002293,9.734375,True
cx0.5_mut0.001,0.5,0.001,test_3,2,4,246,52.66211327848636,50.85111387519618,60000,300,14.252621800002089,13.828125,True
cx0.5_mut0.001,0.5,0.001,test_3,2,5,247,48.467585040773585,46.64755267272436,60000,300,9.634793799999898,9.375,True
cx0.5_mut0.001,0.5,0.001,test_3,2,6,248,53.57405668806196,51.602985893913605,60000,300,11.300961299999472,11.15625,True
cx0.5_mut0.001,0.5,0.001,test_3,2,7,249,56.64986430389293,54.982770749311676,60000,300,12.002389299999777,11.640625,True
cx0.5_mut0.001,0.5,0.001,test_3,2,8,250,50.833874567207786,48.78283152013129,60000,300,13.376254799997696,12.453125,True
cx0.5_mut0.001,0.5,0.001,test_3,2,9,251,44.38197716937142,42.27577119302185,60000,300,10.292127099997742,9.84375,True
cx0.5_mut0.001,0.5,0.001,test_3,2,10,252,44.39343584914276,42.451218622548396,60000,300,12.10428569999931,11.953125,True
cx0.5_mut0.001,0.5,0.001,test_3,2,11,253,50.344282169963904,48.582593611317265,60000,300,10.953035299997282,10.765625,True
cx0.5_mut0.001,0.5,0.001,test_3,2,12,254,46.6169908931328,44.671209038969586,60000,300,10.954509600000165,10.71875,True
cx0.5_mut0.001,0.5,0.001,test_3,2,13,255,38.943966558800376,36.92742333586412,60000,300,9.700856499999645,9.65625,True
cx0.5_mut0.001,0.5,0.001,test_3,2,14,256,45.51567838979948,43.74756207721197,60000,300,9.433971999998903,9.375,True
cx0.5_mut0.001,0.5,0.001,test_3,2,15,257,48.93289159281238,47.070833699499595,60000,300,10.004069799997524,9.703125,True
cx0.5_mut0.001,0.5,0.001,test_3,2,16,258,50.71526747219214,49.145169181262716,60000,300,10.432529699999577,10.265625,True
cx0.5_mut0.001,0.5,0.001,test_3,2,17,259,52.970935578397956,51.32150022864561,60000,300,11.206505800000741,10.984375,True
cx0.5_mut0.001,0.5,0.001,test_3,2,18,260,45.7972132848588,43.94590836148641,60000,300,10.310569100001885,10.0625,True
cx0.5_mut0.001,0.5,0.001,test_3,2,19,261,47.584700253498426,45.724343088637795,60000,300,12.27487950000068,12.109375,True
cx0.5_mut0.001,0.5,0.001,test_4,3,0,342,42.46559113576066,40.719519050203154,60000,300,12.68152900000132,12.578125,True
cx0.5_mut0.001,0.5,0.001,test_4,3,1,343,41.61437343459227,39.976267139955574,60000,300,9.449932800001989,9.421875,True
cx0.5_mut0.001,0.5,0.001,test_4,3,2,344,44.00540377613581,42.513584860401735,60000,300,12.866437100001349,12.75,True
cx0.5_mut0.001,0.5,0.001,test_4,3,3,345,40.10301575766597,38.16019451732899,60000,300,10.97408759999962,10.78125,True
cx0.5_mut0.001,0.5,0.001,test_4,3,4,346,45.977105788194024,43.91642821510594,60000,300,9.395221499999025,9.171875,True
cx0.5_mut0.001,0.5,0.001,test_4,3,5,347,44.94411370681926,43.134676835052666,60000,300,10.435301599998638,10.3125,True
cx0.5_mut0.001,0.5,0.001,test_4,3,6,348,36.3967254031366,34.838802119734645,60000,300,10.470324599999003,10.3125,True
cx0.5_mut0.001,0.5,0.001,test_4,3,7,349,42.61272799021637,41.08041055614222,60000,300,11.246581700001116,11.046875,True
cx0.5_mut0.001,0.5,0.001,test_4,3,8,350,36.655486292676905,35.04260363918794,60000,300,9.309849299999769,9.171875,True
cx0.5_mut0.001,0.5,0.001,test_4,3,9,351,44.243245789586716,42.53059843228855,60000,300,9.85843340000065,9.671875,True
cx0.5_mut0.001,0.5,0.001,test_4,3,10,352,40.13496756512874,38.160153454371766,60000,300,10.451306599999953,10.046875,True
cx0.5_mut0.001,0.5,0.001,test_4,3,11,353,44.076885329174225,42.367378229157396,60000,300,12.55886730000202,12.078125,True
cx0.5_mut0.001,0.5,0.001,test_4,3,12,354,36.61378431083171,35.21416097073754,60000,300,9.592167700000573,9.375,True
cx0.5_mut0.001,0.5,0.001,test_4,3,13,355,39.16134689011199,37.33293628541684,60000,300,10.632090400002198,10.3125,True
cx0.5_mut0.001,0.5,0.001,test_4,3,14,356,44.844667188087584,43.1760923762211,60000,300,9.622969700001704,9.359375,True
cx0.5_mut0.001,0.5,0.001,test_4,3,15,357,46.633956505879645,44.693778618456136,60000,300,9.403719399997499,9.265625,True
cx0.5_mut0.001,0.5,0.001,test_4,3,16,358,41.796919265695465,40.442256600666454,60000,300,11.571980900000199,11.296875,True
cx0.5_mut0.001,0.5,0.001,test_4,3,17,359,38.49744199931348,36.65942929278607,60000,300,10.222641200001817,10.140625,True
cx0.5_mut0.001,0.5,0.001,test_4,3,18,360,36.18283114225107,34.85056278416317,60000,300,10.332219799998711,9.921875,True
cx0.5_mut0.001,0.5,0.001,test_4,3,19,361,37.652573297400515,36.04755859249103,60000,300,10.739798099999462,10.546875,True
cx0.5_mut0.001,0.5,0.001,test_5,4,0,442,45.786147999251966,44.07271098485576,60000,300,9.459105499998259,9.203125,True
cx0.5_mut0.001,0.5,0.001,test_5,4,1,443,51.23747528932865,49.43903933096467,60000,300,9.642359000001306,9.546875,True
cx0.5_mut0.001,0.5,0.001,test_5,4,2,444,58.614429121981594,56.718601896981085,60000,300,9.100698599999305,9.03125,True
cx0.5_mut0.001,0.5,0.001,test_5,4,3,445,46.63326117311634,44.84035714925949,60000,300,10.269183899999916,10.0,True
cx0.5_mut0.001,0.5,0.001,test_5,4,4,446,53.36032912868899,51.57105170040495,60000,300,11.439065100003063,11.15625,True
cx0.5_mut0.001,0.5,0.001,test_5,4,5,447,54.923051934301654,53.31063018527105,60000,300,11.625170300001628,11.421875,True
cx0.5_mut0.001,0.5,0.001,test_5,4,6,448,51.795765492127444,49.762822140771156,60000,300,9.575309399999242,9.359375,True
cx0.5_mut0.001,0.5,0.001,test_5,4,7,449,50.945334506557316,48.816610258931725,60000,300,11.876985899998544,11.5625,True
cx0.5_mut0.001,0.5,0.001,test_5,4,8,450,49.63153720998601,47.854808966727845,60000,300,11.570965499999147,11.3125,True
cx0.5_mut0.001,0.5,0.001,test_5,4,9,451,54.913912882640034,53.0185371828092,60000,300,11.947555900002044,11.6875,True
cx0.5_mut0.001,0.5,0.001,test_5,4,10,452,56.95817870939184,55.53490870642737,60000,300,10.11690180000005,10.0,True
cx0.5_mut0.001,0.5,0.001,test_5,4,11,453,42.28273300307072,40.670014419685934,60000,300,10.977696599999035,10.6875,True
cx0.5_mut0.001,0.5,0.001,test_5,4,12,454,59.51085571443951,57.80899392950209,60000,300,9.270827100001043,9.078125,True
cx0.5_mut0.001,0.5,0.001,test_5,4,13,455,48.982561952770666,47.149287391045284,60000,300,9.859762600000977,9.53125,True
cx0.5_mut0.001,0.5,0.001,test_5,4,14,456,43.51606906757372,41.79829307464042,60000,300,8.911589500003174,8.65625,True
cx0.5_mut0.001,0.5,0.001,test_5,4,15,457,59.54854580365317,57.69368623032361,60000,300,12.82212459999937,12.40625,True
cx0.5_mut0.001,0.5,0.001,test_5,4,16,458,45.903183398770665,44.04563410953723,60000,300,10.065427099998487,9.75,True
cx0.5_mut0.001,0.5,0.001,test_5,4,17,459,44.62397863162564,42.96027115901957,60000,300,10.238694300001953,9.640625,True
cx0.5_mut0.001,0.5,0.001,test_5,4,18,460,44.11324021088164,42.132991495056785,60000,300,12.88501610000094,12.09375,True
cx0.5_mut0.001,0.5,0.001,test_5,4,19,461,54.32145533663924,52.36158303769769,60000,300,14.859039700000721,14.171875,True
cx0.5_mut0.001,0.5,0.001,test_6,5,0,542,49.167527077679004,47.03922105747521,60000,300,11.65191920000143,11.265625,True
cx0.5_mut0.001,0.5,0.001,test_6,5,1,543,45.342372109339976,43.52490183458882,60000,300,11.709813499997836,11.421875,True
cx0.5_mut0.001,0.5,0.001,test_6,5,2,544,46.839947607127854,45.10347488453925,60000,300,11.942374099999142,11.265625,True
cx0.5_mut0.001,0.5,0.001,test_6,5,3,545,53.268136432170195,51.33832503202552,60000,300,11.354561099997227,10.640625,True
cx0.5_mut0.001,0.5,0.001,test_6,5,4,546,54.01671071964108,52.00576984831633,60000,300,11.183433700000023,10.609375,True
cx0.5_mut0.001,0.5,0.001,test_6,5,5,547,46.5334063199457,45.02008430583678,60000,300,12.040649999999005,11.6875,True
cx0.5_mut0.001,0.5,0.001,test_6,5,6,548,54.070444063117435,52.18482794963728,60000,300,13.905763299997489,13.0625,True
cx0.5_mut0.001,0.5,0.001,test_6,5,7,549,42.595148419155265,41.10863025094119,60000,300,11.143162699998356,10.65625,True
cx0.5_mut0.001,0.5,0.001,test_6,5,8,550,46.60105912098479,44.88091707855056,60000,300,10.113498000002437,9.78125,True
cx0.5_mut0.001,0.5,0.001,test_6,5,9,551,55.49705361310478,53.42227986771321,60000,300,14.951875499999005,13.921875,True
cx0.5_mut0.001,0.5,0.001,test_6,5,10,552,55.61850986106095,53.8321482280432,60000,300,10.85003019999931,10.328125,True
cx0.5_mut0.001,0.5,0.001,test_6,5,11,553,47.431698809880565,45.72049482934056,60000,300,11.249802199999976,11.0,True
cx0.5_mut0.001,0.5,0.001,test_6,5,12,554,43.82366711900099,41.6981989038502,60000,300,12.737596999999369,12.3125,True
cx0.5_mut0.001,0.5,0.001,test_6,5,13,555,49.456846803800154,47.906540822950234,60000,300,10.018002599997999,9.90625,True
cx0.5_mut0.001,0.5,0.001,test_6,5,14,556,53.2491489001519,51.29932980546108,60000,300,13.055577099999937,12.796875,True
cx0.5_mut0.001,0.5,0.001,test_6,5,15,557,46.39110648250612,44.40593233665133,60000,300,11.114839300000313,10.890625,True
cx0.5_mut0.001,0.5,0.001,test_6,5,16,558,50.223724774429684,48.60901951798205,60000,300,10.367337799998495,10.265625,True
cx0.5_mut0.001,0.5,0.001,test_6,5,17,559,60.857253100658056,59.01663450941011,60000,300,9.524409500001639,9.390625,True
cx0.5_mut0.001,0.5,0.001,test_6,5,18,560,53.902167550107265,52.08929011771998,60000,300,11.94079789999887,11.703125,True
cx0.5_mut0.001,0.5,0.001,test_6,5,19,561,55.079666415550285,52.669147439514724,60000,300,11.472846600001503,11.296875,True
cx0.5_mut0.001,0.5,0.001,test_7,6,0,642,45.259602573553494,43.26838309256922,60000,300,10.012699499999144,9.875,True
cx0.5_mut0.001,0.5,0.001,test_7,6,1,643,47.99602638974461,46.11807576153298,60000,300,10.853351800000382,10.671875,True
cx0.5_mut0.001,0.5,0.001,test_7,6,2,644,45.900982949424396,44.061379078865414,60000,300,13.093378000001394,12.71875,True
cx0.5_mut0.001,0.5,0.001,test_7,6,3,645,46.675641351470084,44.21847754316194,60000,300,11.679015900001104,11.421875,True
cx0.5_mut0.001,0.5,0.001,test_7,6,4,646,58.45754059389247,56.46606201559076,60000,300,9.692497699998057,9.046875,True
cx0.5_mut0.001,0.5,0.001,test_7,6,5,647,48.903586298300155,46.97963607676553,60000,300,12.212819799999124,11.828125,True
cx0.5_mut0.001,0.5,0.001,test_7,6,6,648,49.85836888059684,47.648286740983906,60000,300,9.572984300000826,9.359375,True
cx0.5_mut0.001,0.5,0.001,test_7,6,7,649,73.21968342502491,70.35113822273952,60000,300,9.789967900000192,9.546875,True
cx0.5_mut0.001,0.5,0.001,test_7,6,8,650,56.44306687743757,54.9005368660359,60000,300,9.79201330000069,9.515625,True
cx0.5_mut0.001,0.5,0.001,test_7,6,9,651,52.47657597415499,50.17451638861664,60000,300,10.555413999998564,10.203125,True
cx0.5_mut0.001,0.5,0.001,test_7,6,10,652,49.42124383041829,47.29454475852806,60000,300,10.366700999999011,10.015625,True
cx0.5_mut0.001,0.5,0.001,test_7,6,11,653,44.29282910783762,42.67267446639269,60000,300,10.20728439999948,9.921875,True
cx0.5_mut0.001,0.5,0.001,test_7,6,12,654,47.36030201740008,45.27300651690355,60000,300,14.743255299999873,14.375,True
cx0.5_mut0.001,0.5,0.001,test_7,6,13,655,49.76094422396657,47.755280443896275,60000,300,13.867126199998893,13.671875,True
cx0.5_mut0.001,0.5,0.001,test_7,6,14,656,48.96864140406553,47.00380220579498,60000,300,11.245586999997613,11.078125,True
cx0.5_mut0.001,0.5,0.001,test_7,6,15,657,45.11861089002265,43.018608915199856,60000,300,10.146547200001805,9.96875,True
cx0.5_mut0.001,0.5,0.001,test_7,6,16,658,40.13604338805563,38.039753146106314,60000,300,10.215311800002382,10.09375,True
cx0.5_mut0.001,0.5,0.001,test_7,6,17,659,50.44087341520403,48.15439897803687,60000,300,10.940805599999294,10.65625,True
cx0.5_mut0.001,0.5,0.001,test_7,6,18,660,58.55489671515632,56.51416185225079,60000,300,10.615681300001597,10.421875,True
cx0.5_mut0.001,0.5,0.001,test_7,6,19,661,48.374670946940704,46.107589673608864,60000,300,10.498213099999703,10.34375,True
cx0.5_mut0.001,0.5,0.001,test_8,7,0,742,43.54288259228625,41.812821791318285,60000,300,12.438733099999808,11.875,True
cx0.5_mut0.001,0.5,0.001,test_8,7,1,743,47.7656748381068,45.804057576115525,60000,300,10.436496099999204,10.203125,True
cx0.5_mut0.001,0.5,0.001,test_8,7,2,744,55.197458973577575,53.311827962020764,60000,300,12.48721790000127,12.15625,True
cx0.5_mut0.001,0.5,0.001,test_8,7,3,745,46.296610367525695,44.45349234791711,60000,300,11.096148399999947,10.953125,True
cx0.5_mut0.001,0.5,0.001,test_8,7,4,746,41.887834487116464,40.173984179884684,60000,300,14.312494899997546,13.875,True
cx0.5_mut0.001,0.5,0.001,test_8,7,5,747,46.36586724945041,43.921010150366826,60000,300,11.444049199999426,11.15625,True
cx0.5_mut0.001,0.5,0.001,test_8,7,6,748,58.48502016454282,56.38555395054354,60000,300,11.78407259999949,11.40625,True
cx0.5_mut0.001,0.5,0.001,test_8,7,7,749,52.40188403151521,51.049530511484974,60000,300,9.950342600001022,9.71875,True
cx0.5_mut0.001,0.5,0.001,test_8,7,8,750,45.83339880907289,43.82481365381407,60000,300,10.779914899998403,10.46875,True
cx0.5_mut0.001,0.5,0.001,test_8,7,9,751,40.73261915714076,38.84035036359588,60000,300,10.160336500000994,9.859375,True
cx0.5_mut0.001,0.5,0.001,test_8,7,10,752,50.40726352528788,48.47203485595151,60000,300,9.963506200001575,9.671875,True
cx0.5_mut0.001,0.5,0.001,test_8,7,11,753,41.84494193628957,40.325426241195956,60000,300,11.7991363000001,11.25,True
cx0.5_mut0.001,0.5,0.001,test_8,7,12,754,41.14613405167237,39.52763657121381,60000,300,10.584887299999536,10.40625,True
cx0.5_mut0.001,0.5,0.001,test_8,7,13,755,46.3042289931575,43.96797638893849,60000,300,11.946770400001697,11.53125,True
cx0.5_mut0.001,0.5,0.001,test_8,7,14,756,55.4774848855722,53.35450088673195,60000,300,10.746236399998452,10.515625,True
cx0.5_mut0.001,0.5,0.001,test_8,7,15,757,51.83820147970129,50.33238152725161,60000,300,13.887931600002048,13.796875,True
cx0.5_mut0.001,0.5,0.001,test_8,7,16,758,44.978445454759324,43.16341544282936,60000,300,10.634838500001933,10.5625,True
cx0.5_mut0.001,0.5,0.001,test_8,7,17,759,44.651146084493966,42.36803809410472,60000,300,9.474459400000342,9.46875,True
cx0.5_mut0.001,0.5,0.001,test_8,7,18,760,45.391290595061704,43.47584153857141,60000,300,11.59801460000017,11.546875,True
cx0.5_mut0.001,0.5,0.001,test_8,7,19,761,41.40709395859205,39.401656518871256,60000,300,10.303811999998288,10.171875,True
cx0.5_mut0.001,0.5,0.001,test_9,8,0,842,50.30674233401483,48.4197520122183,60000,300,12.378700199999003,11.484375,True
cx0.5_mut0.001,0.5,0.001,test_9,8,1,843,50.26910071750959,48.70628114437751,60000,300,10.43550790000154,10.328125,True
cx0.5_mut0.001,0.5,0.001,test_9,8,2,844,49.59243379368136,48.13367519317491,60000,300,12.05038649999915,11.84375,True
cx0.5_mut0.001,0.5,0.001,test_9,8,3,845,42.84106925783348,41.1463754296631,60000,300,9.612607700000808,9.578125,True
cx0.5_mut0.001,0.5,0.001,test_9,8,4,846,50.24176690202233,48.66158676351581,60000,300,10.612704200000735,9.9375,True
cx0.5_mut0.001,0.5,0.001,test_9,8,5,847,49.86330059416866,47.91323299700947,60000,300,9.366550200000347,9.21875,True
cx0.5_mut0.001,0.5,0.001,test_9,8,6,848,43.42846367333621,41.7364489624517,60000,300,10.456607700001769,9.546875,True
cx0.5_mut0.001,0.5,0.001,test_9,8,7,849,42.52290517013192,41.010299291985596,60000,300,10.65910349999831,10.453125,True
cx0.5_mut0.001,0.5,0.001,test_9,8,8,850,50.4242272622705,48.621419372038524,60000,300,10.846103399999265,10.6875,True
cx0.5_mut0.001,0.5,0.001,test_9,8,9,851,47.71583762390147,45.875410591010734,60000,300,9.979746900000464,9.765625,True
cx0.5_mut0.001,0.5,0.001,test_9,8,10,852,53.597442636082704,52.05239435384184,60000,300,8.685005999999703,8.65625,True
cx0.5_mut0.001,0.5,0.001,test_9,8,11,853,47.76015014214265,46.13262732238208,60000,300,11.465534200000548,11.421875,True
cx0.5_mut0.001,0.5,0.001,test_9,8,12,854,51.807023147677135,49.460554809497495,60000,300,11.586936799998512,11.5,True
cx0.5_mut0.001,0.5,0.001,test_9,8,13,855,49.67774012955716,47.98519775699874,60000,300,9.180410199998732,9.109375,True
cx0.5_mut0.001,0.5,0.001,test_9,8,14,856,54.95234558690894,53.37584830324736,60000,300,9.66336670000237,9.640625,True
cx0.5_mut0.001,0.5,0.001,test_9,8,15,857,53.952395123416444,52.004492764536586,60000,300,8.742838399997709,8.734375,True
cx0.5_mut0.001,0.5,0.001,test_9,8,16,858,57.25742375087367,54.43155962829895,60000,300,11.470819500002108,11.28125,True
cx0.5_mut0.001,0.5,0.001,test_9,8,17,859,48.57084124721274,46.73333406323462,60000,300,10.923693500000809,10.703125,True
cx0.5_mut0.001,0.5,0.001,test_9,8,18,860,48.326047918709925,46.85066320601294,60000,300,10.088640699999814,9.796875,True
cx0.5_mut0.001,0.5,0.001,test_9,8,19,861,51.89145025019075,49.8044332133581,60000,300,12.23034049999842,11.515625,True
cx0.5_mut0.001,0.5,0.001,test_10,9,0,942,39.954480050433546,38.624106320069586,60000,300,9.653796900001907,9.28125,True
cx0.5_mut0.001,0.5,0.001,test_10,9,1,943,56.1811988192149,54.043274314410446,60000,300,12.77999230000205,12.125,True
cx0.5_mut0.001,0.5,0.001,test_10,9,2,944,45.70575903507569,44.10243517443379,60000,300,11.17024930000116,11.078125,True
cx0.5_mut0.001,0.5,0.001,test_10,9,3,945,48.87102228330038,46.95067407564125,60000,300,9.272695800002111,9.0625,True
cx0.5_mut0.001,0.5,0.001,test_10,9,4,946,48.297609929442736,46.09567953395358,60000,300,12.123570600000676,11.796875,True
cx0.5_mut0.001,0.5,0.001,test_10,9,5,947,39.01835990584482,37.38769292729335,60000,300,10.89725019999969,10.734375,True
cx0.5_mut0.001,0.5,0.001,test_10,9,6,948,55.814230533582425,54.08094183907478,60000,300,9.836410399999295,9.75,True
cx0.5_mut0.001,0.5,0.001,test_10,9,7,949,49.77046209443344,47.75025368905824,60000,300,10.763079000000289,10.46875,True
cx0.5_mut0.001,0.5,0.001,test_10,9,8,950,48.14121161762462,46.5178600980438,60000,300,12.226467600001342,12.03125,True
cx0.5_mut0.001,0.5,0.001,test_10,9,9,951,41.478836516487696,40.151681979307384,60000,300,14.324507299999823,12.90625,True
cx0.5_mut0.001,0.5,0.001,test_10,9,10,952,54.13602807042341,52.60523938485606,60000,300,9.258364799999981,9.15625,True
cx0.5_mut0.001,0.5,0.001,test_10,9,11,953,51.56689774248111,49.50543079973327,60000,300,12.997047900000325,12.515625,True
cx0.5_mut0.001,0.5,0.001,test_10,9,12,954,45.917724293860914,43.9651377901742,60000,300,12.249031700001069,11.5,True
cx0.5_mut0.001,0.5,0.001,test_10,9,13,955,45.97616454600516,44.40672711737505,60000,300,14.059182600001805,13.65625,True
cx0.5_mut0.001,0.5,0.001,test_10,9,14,956,47.14343652528911,45.481306313287305,60000,300,10.641533300000447,10.59375,True
cx0.5_mut0.001,0.5,0.001,test_10,9,15,957,48.839642786686575,47.261199347708015,60000,300,9.618784399997821,9.3125,True
cx0.5_mut0.001,0.5,0.001,test_10,9,16,958,48.99128412098457,47.188909840117354,60000,300,11.74747859999843,11.375,True
cx0.5_mut0.001,0.5,0.001,test_10,9,17,959,51.12846640851704,49.08153735445101,60000,300,13.406382299999677,12.6875,True
cx0.5_mut0.001,0.5,0.001,test_10,9,18,960,49.49579274555755,48.09436258097877,60000,300,10.44179079999958,9.8125,True
cx0.5_mut0.001,0.5,0.001,test_10,9,19,961,44.828749691196585,43.051136677604674,60000,300,11.409663800000999,11.265625,True
cx0.5_mut0.01,0.5,0.01,test_1,0,0,42,42.1511708106696,40.71895823058355,60000,300,9.42531450000024,9.0625,True
cx0.5_mut0.01,0.5,0.01,test_1,0,1,43,40.14723972571329,38.68154090896342,60000,300,9.000875099998666,8.78125,True
cx0.5_mut0.01,0.5,0.01,test_1,0,2,44,47.76010117469933,46.16153889456972,60000,300,11.398167700001068,11.015625,True
cx0.5_mut0.01,0.5,0.01,test_1,0,3,45,41.89709524736672,40.26853773039894,60000,300,8.12018039999748,7.96875,True
cx0.5_mut0.01,0.5,0.01,test_1,0,4,46,41.998902962444895,40.25471144882903,60000,300,9.078748100000666,8.84375,True
cx0.5_mut0.01,0.5,0.01,test_1,0,5,47,40.39712396225403,39.01113720500247,60000,300,11.343574700000318,11.171875,True
cx0.5_mut0.01,0.5,0.01,test_1,0,6,48,46.37148150004173,44.91154231202193,60000,300,12.245905899999343,12.109375,True
cx0.5_mut0.01,0.5,0.01,test_1,0,7,49,49.26390831364292,47.46399188211534,60000,300,11.271244799998385,11.140625,True
cx0.5_mut0.01,0.5,0.01,test_1,0,8,50,41.798657422108676,40.04059089106649,60000,300,9.982383499998832,9.953125,True
cx0.5_mut0.01,0.5,0.01,test_1,0,9,51,43.3732470755115,42.13745964780952,60000,300,9.783881700001075,9.765625,True
cx0.5_mut0.01,0.5,0.01,test_1,0,10,52,48.51125231875629,46.718895073540885,60000,300,10.815202300000237,10.765625,True
cx0.5_mut0.01,0.5,0.01,test_1,0,11,53,36.09816838414376,34.57705493967269,60000,300,10.130180799998925,10.078125,True
cx0.5_mut0.01,0.5,0.01,test_1,0,12,54,35.244450582445,33.98513801993862,60000,300,7.980802000001859,7.890625,True
cx0.5_mut0.01,0.5,0.01,test_1,0,13,55,49.065228448977244,47.64689712414123,60000,300,11.349907300002087,11.25,True
cx0.5_mut0.01,0.5,0.01,test_1,0,14,56,47.57119212838266,45.824516919562406,60000,300,9.313447300002736,9.1875,True
cx0.5_mut0.01,0.5,0.01,test_1,0,15,57,42.34323667858453,40.57820285853649,60000,300,7.774147500000254,7.703125,True
cx0.5_mut0.01,0.5,0.01,test_1,0,16,58,37.27324371754371,35.60010323545322,60000,300,9.352040400000988,9.25,True
cx0.5_mut0.01,0.5,0.01,test_1,0,17,59,42.10370112339844,40.08771433811315,60000,300,8.646546800002398,8.59375,True
cx0.5_mut0.01,0.5,0.01,test_1,0,18,60,42.07667725147843,40.56502008105613,60000,300,11.866122799998266,11.765625,True
cx0.5_mut0.01,0.5,0.01,test_1,0,19,61,44.23400417056438,42.45872158093179,60000,300,8.814254400000209,8.75,True
cx0.5_mut0.01,0.5,0.01,test_2,1,0,142,36.80517122562758,35.29496654476291,60000,300,9.328434099999868,9.21875,True
cx0.5_mut0.01,0.5,0.01,test_2,1,1,143,41.051837569574325,39.60867593662293,60000,300,9.31084330000158,9.15625,True
cx0.5_mut0.01,0.5,0.01,test_2,1,2,144,38.17946797983705,36.36327805200805,60000,300,8.876109000000724,8.78125,True
cx0.5_mut0.01,0.5,0.01,test_2,1,3,145,37.21667025534898,35.71538277186124,60000,300,9.780395600002521,9.53125,True
cx0.5_mut0.01,0.5,0.01,test_2,1,4,146,31.67408433404505,30.272183018431544,60000,300,10.086222000001726,10.046875,True
cx0.5_mut0.01,0.5,0.01,test_2,1,5,147,37.03509413803955,35.71223326408396,60000,300,8.691461400001572,8.640625,True
cx0.5_mut0.01,0.5,0.01,test_2,1,6,148,39.98858506837281,38.394865998709406,60000,300,11.694035099997564,11.640625,True
cx0.5_mut0.01,0.5,0.01,test_2,1,7,149,39.415326093073574,37.676113338054364,60000,300,10.050322600000072,9.9375,True
cx0.5_mut0.01,0.5,0.01,test_2,1,8,150,38.90549923750198,37.16703887254379,60000,300,7.826268699998764,7.75,True
cx0.5_mut0.01,0.5,0.01,test_2,1,9,151,37.96464829948908,36.41357537839649,60000,300,11.142729799998051,11.078125,True
cx0.5_mut0.01,0.5,0.01,test_2,1,10,152,36.38045764876116,34.81633297471211,60000,300,10.312474800000928,10.046875,True
cx0.5_mut0.01,0.5,0.01,test_2,1,11,153,37.946832879886536,36.38274749851479,60000,300,10.310151800000313,10.234375,True
cx0.5_mut0.01,0.5,0.01,test_2,1,12,154,32.60433177669153,31.18211662170208,60000,300,10.469672600000195,10.375,True
cx0.5_mut0.01,0.5,0.01,test_2,1,13,155,45.84850668855961,44.20055022238072,60000,300,9.21765360000063,9.03125,True
cx0.5_mut0.01,0.5,0.01,test_2,1,14,156,35.44785857075926,33.798988245589236,60000,300,9.999815900002432,9.953125,True
cx0.5_mut0.01,0.5,0.01,test_2,1,15,157,44.87676309059895,42.99688875255333,60000,300,10.522303399997327,10.234375,True
cx0.5_mut0.01,0.5,0.01,test_2,1,16,158,37.09400546314116,35.59111275269805,60000,300,12.827765699999873,12.296875,True
cx0.5_mut0.01,0.5,0.01,test_2,1,17,159,42.86922528522192,41.46958383829253,60000,300,10.243379499999719,9.96875,True
cx0.5_mut0.01,0.5,0.01,test_2,1,18,160,35.458024547516104,33.91361204541699,60000,300,11.653371399999742,11.46875,True
cx0.5_mut0.01,0.5,0.01,test_2,1,19,161,41.53824350152056,40.048739997492945,60000,300,10.555482400002802,10.28125,True
cx0.5_mut0.01,0.5,0.01,test_3,2,0,242,30.36119723766069,28.92518622350482,60000,300,13.49511309999798,13.1875,True
cx0.5_mut0.01,0.5,0.01,test_3,2,1,243,36.45997069166853,34.85916257275101,60000,300,15.187214400000812,14.9375,True
cx0.5_mut0.01,0.5,0.01,test_3,2,2,244,35.82993416911133,34.31871779447782,60000,300,12.613538000001427,12.296875,True
cx0.5_mut0.01,0.5,0.01,test_3,2,3,245,31.339218879705278,29.941145054454797,60000,300,9.722637099999702,9.4375,True
cx0.5_mut0.01,0.5,0.01,test_3,2,4,246,41.08396119540976,39.892547956197845,60000,300,10.875290899999527,10.328125,True
cx0.5_mut0.01,0.5,0.01,test_3,2,5,247,41.463060012585764,39.536871577031064,60000,300,12.978193399998418,12.46875,True
cx0.5_mut0.01,0.5,0.01,test_3,2,6,248,40.404514288879156,38.59800320610616,60000,300,10.267909199999849,10.15625,True
cx0.5_mut0.01,0.5,0.01,test_3,2,7,249,39.23179957416651,37.75300979857304,60000,300,12.099552499999845,11.8125,True
cx0.5_mut0.01,0.5,0.01,test_3,2,8,250,45.5569532463333,43.68898402821593,60000,300,12.55312739999863,11.625,True
cx0.5_mut0.01,0.5,0.01,test_3,2,9,251,35.99191269812295,34.380428640439916,60000,300,14.981147599999531,14.265625,True
cx0.5_mut0.01,0.5,0.01,test_3,2,10,252,41.78686660141068,40.04216523554979,60000,300,12.325425600000017,12.265625,True
cx0.5_mut0.01,0.5,0.01,test_3,2,11,253,43.99107899132752,42.07937250186305,60000,300,13.160698100000445,12.984375,True
cx0.5_mut0.01,0.5,0.01,test_3,2,12,254,44.73928771399708,43.306425860490805,60000,300,12.923813800000062,12.59375,True
cx0.5_mut0.01,0.5,0.01,test_3,2,13,255,36.9606706347799,35.04098105966704,60000,300,12.923026799999207,12.75,True
cx0.5_mut0.01,0.5,0.01,test_3,2,14,256,40.79816639802317,38.83374032801638,60000,300,11.955682399999205,11.8125,True
cx0.5_mut0.01,0.5,0.01,test_3,2,15,257,39.64614011243739,38.166924370109854,60000,300,17.487988900000346,16.765625,True
cx0.5_mut0.01,0.5,0.01,test_3,2,16,258,42.373363198608764,40.66781156028853,60000,300,10.12812390000181,9.984375,True
cx0.5_mut0.01,0.5,0.01,test_3,2,17,259,34.4504741650875,32.861088128785845,60000,300,13.644212799998058,13.5,True
cx0.5_mut0.01,0.5,0.01,test_3,2,18,260,35.24536385315786,33.842466473305876,60000,300,10.8912070999977,10.640625,True
cx0.5_mut0.01,0.5,0.01,test_3,2,19,261,41.28284904497583,39.73106500817658,60000,300,11.658141500000056,11.46875,True
cx0.5_mut0.01,0.5,0.01,test_4,3,0,342,34.52545104176691,33.07959410535925,60000,300,9.511835999997857,9.453125,True
cx0.5_mut0.01,0.5,0.01,test_4,3,1,343,34.19725488372716,32.68221859214321,60000,300,12.383122800001729,12.3125,True
cx0.5_mut0.01,0.5,0.01,test_4,3,2,344,35.644474459326396,33.738333577714485,60000,300,12.583159300000261,12.5625,True
cx0.5_mut0.01,0.5,0.01,test_4,3,3,345,32.0534916356901,30.73605846083977,60000,300,12.472216599999228,12.359375,True
cx0.5_mut0.01,0.5,0.01,test_4,3,4,346,30.884813330164196,29.58417875947756,60000,300,12.388029699999606,11.921875,True
cx0.5_mut0.01,0.5,0.01,test_4,3,5,347,31.822081867110448,30.282606525084997,60000,300,11.47989249999955,11.34375,True
cx0.5_mut0.01,0.5,0.01,test_4,3,6,348,32.02237224816522,30.424152046487706,60000,300,15.353810799999337,15.1875,True
cx0.5_mut0.01,0.5,0.01,test_4,3,7,349,34.66399550687617,33.28304841763167,60000,300,9.58079809999981,9.484375,True
cx0.5_mut0.01,0.5,0.01,test_4,3,8,350,36.15538594888156,34.539712528031316,60000,300,11.484914000000572,11.234375,True
cx0.5_mut0.01,0.5,0.01,test_4,3,9,351,32.984178413118705,31.507384868396326,60000,300,12.628858100000798,12.40625,True
cx0.5_mut0.01,0.5,0.01,test_4,3,10,352,33.3745249800334,31.784999579611828,60000,300,11.586535299997195,11.296875,True
cx0.5_mut0.01,0.5,0.01,test_4,3,11,353,34.12088404009913,32.53407667766847,60000,300,10.591873599998507,10.453125,True
cx0.5_mut0.01,0.5,0.01,test_4,3,12,354,31.969530472067433,30.365695204199064,60000,300,12.338277700000617,12.125,True
cx0.5_mut0.01,0.5,0.01,test_4,3,13,355,35.7307855355003,34.10803583648672,60000,300,13.5799365999992,13.140625,True
cx0.5_mut0.01,0.5,0.01,test_4,3,14,356,34.86076308408629,33.20849542429343,60000,300,14.191272299998673,13.828125,True
cx0.5_mut0.01,0.5,0.01,test_4,3,15,357,32.71092171848015,30.98942275599802,60000,300,13.516498400000273,13.171875,True
cx0.5_mut0.01,0.5,0.01,test_4,3,16,358,30.04759686932127,28.684315980057185,60000,300,9.690245399997366,9.5,True
cx0.5_mut0.01,0.5,0.01,test_4,3,17,359,40.231758202620185,38.015518991708205,60000,300,9.827505600002041,9.765625,True
cx0.5_mut0.01,0.5,0.01,test_4,3,18,360,38.1054330960255,36.46896143435358,60000,300,10.116841800001566,9.71875,True
cx0.5_mut0.01,0.5,0.01,test_4,3,19,361,32.35600273246213,30.878205846481208,60000,300,11.53407789999983,11.265625,True
cx0.5_mut0.01,0.5,0.01,test_5,4,0,442,40.76732278663255,39.09429891146486,60000,300,12.962572899999941,12.796875,True
cx0.5_mut0.01,0.5,0.01,test_5,4,1,443,43.19654894459015,41.95716478826079,60000,300,11.326603199999226,11.25,True
cx0.5_mut0.01,0.5,0.01,test_5,4,2,444,41.87718094207594,40.30360040455349,60000,300,13.731953200000135,13.515625,True
cx0.5_mut0.01,0.5,0.01,test_5,4,3,445,39.00511543880741,37.27813474190036,60000,300,11.395301699998527,11.03125,True
cx0.5_mut0.01,0.5,0.01,test_5,4,4,446,50.523859607848976,48.87825744741145,60000,300,9.8901807000002,9.75,True
cx0.5_mut0.01,0.5,0.01,test_5,4,5,447,43.51300451741168,41.821114709966764,60000,300,11.564385000001494,11.34375,True
cx0.5_mut0.01,0.5,0.01,test_5,4,6,448,44.558764623727456,42.76169401068116,60000,300,9.831029499997385,9.5625,True
cx0.5_mut0.01,0.5,0.01,test_5,4,7,449,45.07723392340367,43.709668237684824,60000,300,12.888247200000478,12.390625,True
cx0.5_mut0.01,0.5,0.01,test_5,4,8,450,43.26426581635427,41.55630845724761,60000,300,11.107519900000625,11.0,True
cx0.5_mut0.01,0.5,0.01,test_5,4,9,451,40.81053010288569,39.305024661146504,60000,300,10.284640699999727,10.171875,True
cx0.5_mut0.01,0.5,0.01,test_5,4,10,452,35.783494457759666,33.984278461210145,60000,300,10.601020800000697,10.421875,True
cx0.5_mut0.01,0.5,0.01,test_5,4,11,453,50.48955975073948,48.883028518570384,60000,300,9.993912300000375,9.65625,True
cx0.5_mut0.01,0.5,0.01,test_5,4,12,454,39.25342556534047,37.660415506220794,60000,300,10.041821500002698,9.8125,True
cx0.5_mut0.01,0.5,0.01,test_5,4,13,455,40.64886976868085,39.084492763900926,60000,300,10.625949000001128,10.234375,True
cx0.5_mut0.01,0.5,0.01,test_5,4,14,456,42.55505345351618,40.7678572736669,60000,300,9.760774500002299,9.5,True
cx0.5_mut0.01,0.5,0.01,test_5,4,15,457,52.01583291225833,50.33136967298569,60000,300,11.049927899999602,10.578125,True
cx0.5_mut0.01,0.5,0.01,test_5,4,16,458,37.48406526592742,36.256980354507675,60000,300,9.295264399999724,9.0625,True
cx0.5_mut0.01,0.5,0.01,test_5,4,17,459,45.44113254676965,43.625432283190115,60000,300,10.900568199998816,10.0,True
cx0.5_mut0.01,0.5,0.01,test_5,4,18,460,41.890732852319466,40.26474876579958,60000,300,10.371874399999797,10.078125,True
cx0.5_mut0.01,0.5,0.01,test_5,4,19,461,39.20958759643974,37.53935422892738,60000,300,12.320259600001009,11.765625,True
cx0.5_mut0.01,0.5,0.01,test_6,5,0,542,37.00809218952902,35.70665952511359,60000,300,14.071406700000807,13.578125,True
cx0.5_mut0.01,0.5,0.01,test_6,5,1,543,42.8368793227009,41.262407794306824,60000,300,9.432550800000172,9.265625,True
cx0.5_mut0.01,0.5,0.01,test_6,5,2,544,43.307485266122285,41.5978767417842,60000,300,15.149274100000184,14.421875,True
cx0.5_mut0.01,0.5,0.01,test_6,5,3,545,47.44949599724913,45.67477859517368,60000,300,14.213699899999483,13.421875,True
cx0.5_mut0.01,0.5,0.01,test_6,5,4,546,46.017962429992615,44.68316122610261,60000,300,13.597394799999165,12.375,True
cx0.5_mut0.01,0.5,0.01,test_6,5,5,547,38.983308415209045,37.19236157210883,60000,300,11.398540700000012,11.109375,True
cx0.5_mut0.01,0.5,0.01,test_6,5,6,548,43.15720460436127,41.7808259215719,60000,300,12.471556799999234,11.40625,True
cx0.5_mut0.01,0.5,0.01,test_6,5,7,549,42.527093492396546,40.82276989706007,60000,300,12.348467399999208,11.59375,True
cx0.5_mut0.01,0.5,0.01,test_6,5,8,550,40.41317336882416,39.058243433511926,60000,300,10.13595340000029,9.90625,True
cx0.5_mut0.01,0.5,0.01,test_6,5,9,551,44.14655173152339,42.63067298195557,60000,300,13.873397899998963,12.8125,True
cx0.5_mut0.01,0.5,0.01,test_6,5,10,552,41.14568377800904,39.11592962411898,60000,300,14.33139399999709,13.65625,True
cx0.5_mut0.01,0.5,0.01,test_6,5,11,553,45.74596442976561,44.1623473136944,60000,300,10.464655899999343,10.203125,True
cx0.5_mut0.01,0.5,0.01,test_6,5,12,554,39.55716945358455,37.560708926498926,60000,300,14.935674200001813,14.578125,True
cx0.5_mut0.01,0.5,0.01,test_6,5,13,555,40.491613791535286,39.00152919669226,60000,300,12.284000700001343,12.09375,True
cx0.5_mut0.01,0.5,0.01,test_6,5,14,556,38.80958719505744,37.23258805585218,60000,300,12.23430499999813,12.0,True
cx0.5_mut0.01,0.5,0.01,test_6,5,15,557,42.87591108510577,41.0945556508912,60000,300,10.316284700002143,10.140625,True
cx0.5_mut0.01,0.5,0.01,test_6,5,16,558,35.45040138394409,33.651116195995925,60000,300,13.587314099997457,13.4375,True
cx0.5_mut0.01,0.5,0.01,test_6,5,17,559,55.8774172370832,54.23584328631267,60000,300,10.467281199998979,10.296875,True
cx0.5_mut0.01,0.5,0.01,test_6,5,18,560,52.41466419861944,50.847927029471386,60000,300,14.744007299999794,14.546875,True
cx0.5_mut0.01,0.5,0.01,test_6,5,19,561,39.07373818601545,37.536918712631454,60000,300,12.629317599999922,12.40625,True
cx0.5_mut0.01,0.5,0.01,test_7,6,0,642,47.03311610004744,45.10574224479325,60000,300,12.784538200001407,12.671875,True
cx0.5_mut0.01,0.5,0.01,test_7,6,1,643,36.625423694094856,34.93750111614146,60000,300,11.064870500002144,10.796875,True
cx0.5_mut0.01,0.5,0.01,test_7,6,2,644,48.7551601332087,46.76488581461044,60000,300,11.707700800001476,11.625,True
cx0.5_mut0.01,0.5,0.01,test_7,6,3,645,34.27002360247625,32.558896080526374,60000,300,10.265902400002233,10.046875,True
cx0.5_mut0.01,0.5,0.01,test_7,6,4,646,37.7689726138993,36.218282288974414,60000,300,10.522645799999736,10.015625,True
cx0.5_mut0.01,0.5,0.01,test_7,6,5,647,37.085182085166224,35.66177558942906,60000,300,11.603159300000698,11.28125,True
cx0.5_mut0.01,0.5,0.01,test_7,6,6,648,41.047961168961415,39.34970179806416,60000,300,9.638250700001663,9.484375,True
cx0.5_mut0.01,0.5,0.01,test_7,6,7,649,37.75594780042434,35.77931881912375,60000,300,11.530063999998674,11.25,True
cx0.5_mut0.01,0.5,0.01,test_7,6,8,650,34.66017949667154,33.052456125838745,60000,300,10.537281000000803,10.234375,True
cx0.5_mut0.01,0.5,0.01,test_7,6,9,651,39.93029287772351,38.46308341482425,60000,300,15.16217019999749,14.734375,True
cx0.5_mut0.01,0.5,0.01,test_7,6,10,652,39.48777538689925,37.702798896126694,60000,300,11.640178599998762,11.265625,True
cx0.5_mut0.01,0.5,0.01,test_7,6,11,653,32.31889444347184,30.512800172561402,60000,300,9.504488999999012,9.203125,True
cx0.5_mut0.01,0.5,0.01,test_7,6,12,654,41.78197195364876,40.14828775107204,60000,300,12.298837999998796,12.078125,True
cx0.5_mut0.01,0.5,0.01,test_7,6,13,655,43.15425704925841,41.20333317045676,60000,300,11.26145059999908,11.09375,True
cx0.5_mut0.01,0.5,0.01,test_7,6,14,656,37.0037597307769,35.241502378990404,60000,300,11.792143499998929,11.671875,True
cx0.5_mut0.01,0.5,0.01,test_7,6,15,657,41.07047881601295,39.472875782040255,60000,300,13.333738299999823,13.171875,True
cx0.5_mut0.01,0.5,0.01,test_7,6,16,658,35.34203886536901,33.57697772882604,60000,300,12.05645100000038,11.875,True
cx0.5_mut0.01,0.5,0.01,test_7,6,17,659,44.863376352185426,43.189919235418955,60000,300,13.083360900000116,12.796875,True
cx0.5_mut0.01,0.5,0.01,test_7,6,18,660,33.6751877748679,31.966610556758596,60000,300,11.453284799998073,11.296875,True
cx0.5_mut0.01,0.5,0.01,test_7,6,19,661,38.741032495650536,37.188401201964055,60000,300,10.543657300000632,10.34375,True
cx0.5_mut0.01,0.5,0.01,test_8,7,0,742,38.53370897580481,36.921002391296504,60000,300,10.304718600000342,9.953125,True
cx0.5_mut0.01,0.5,0.01,test_8,7,1,743,35.79791064450385,33.968028025536135,60000,300,9.687979399997857,9.515625,True
cx0.5_mut0.01,0.5,0.01,test_8,7,2,744,39.68863249520198,37.76183207735984,60000,300,12.579396199998882,12.359375,True
cx0.5_mut0.01,0.5,0.01,test_8,7,3,745,42.095421229531254,40.15382800345945,60000,300,11.68632609999986,11.46875,True
cx0.5_mut0.01,0.5,0.01,test_8,7,4,746,38.43394830488792,36.56470447472368,60000,300,12.640699100000347,12.203125,True
cx0.5_mut0.01,0.5,0.01,test_8,7,5,747,39.90852061832417,37.640579473991984,60000,300,13.022543600000063,12.78125,True
cx0.5_mut0.01,0.5,0.01,test_8,7,6,748,41.89905754564543,40.38361874663717,60000,300,14.660146900001564,14.234375,True
cx0.5_mut0.01,0.5,0.01,test_8,7,7,749,37.58021104809165,35.76996041223358,60000,300,11.890002200001618,11.515625,True
cx0.5_mut0.01,0.5,0.01,test_8,7,8,750,38.31949478256451,36.588746076603826,60000,300,11.17552429999705,10.8125,True
cx0.5_mut0.01,0.5,0.01,test_8,7,9,751,36.15322867679779,34.4054150609662,60000,300,13.823227699998824,13.359375,True
cx0.5_mut0.01,0.5,0.01,test_8,7,10,752,40.99351273355012,39.14282941892268,60000,300,15.423251899999741,14.96875,True
cx0.5_mut0.01,0.5,0.01,test_8,7,11,753,38.809460173365814,37.34947628041159,60000,300,13.977861200000916,13.4375,True
cx0.5_mut0.01,0.5,0.01,test_8,7,12,754,36.47345678504434,34.861915785279066,60000,300,12.71941450000304,12.546875,True
cx0.5_mut0.01,0.5,0.01,test_8,7,13,755,37.145388983731465,35.35609303084043,60000,300,12.570600399998511,12.296875,True
cx0.5_mut0.01,0.5,0.01,test_8,7,14,756,40.086912753307686,38.27644418722803,60000,300,13.691016000000673,13.4375,True
cx0.5_mut0.01,0.5,0.01,test_8,7,15,757,37.864867051308416,36.1946184893409,60000,300,10.465403199999855,10.359375,True
cx0.5_mut0.01,0.5,0.01,test_8,7,16,758,41.299825294562254,39.37904990127389,60000,300,11.952674399999523,11.75,True
cx0.5_mut0.01,0.5,0.01,test_8,7,17,759,39.87763371608917,37.94876854992676,60000,300,11.9429925000004,11.90625,True
cx0.5_mut0.01,0.5,0.01,test_8,7,18,760,37.50720006436761,35.57661984834453,60000,300,10.16737170000124,10.078125,True
cx0.5_mut0.01,0.5,0.01,test_8,7,19,761,39.606644220987235,37.99405328241962,60000,300,13.02463970000099,12.96875,True
cx0.5_mut0.01,0.5,0.01,test_9,8,0,842,37.229209125416126,35.56576854349391,60000,300,14.730764899999485,13.671875,True
cx0.5_mut0.01,0.5,0.01,test_9,8,1,843,45.36144596075997,43.45758980584679,60000,300,11.793463699999847,11.671875,True
cx0.5_mut0.01,0.5,0.01,test_9,8,2,844,35.023445223180104,33.520133557122165,60000,300,10.529053100002784,10.46875,True
cx0.5_mut0.01,0.5,0.01,test_9,8,3,845,45.1617763058377,43.78993593143123,60000,300,12.301768400000583,12.28125,True
cx0.5_mut0.01,0.5,0.01,test_9,8,4,846,41.3219017755552,39.446646713180996,60000,300,10.393103899998096,9.5625,True
cx0.5_mut0.01,0.5,0.01,test_9,8,5,847,47.634598403687626,45.93173110571527,60000,300,9.314891800000623,9.140625,True
cx0.5_mut0.01,0.5,0.01,test_9,8,6,848,41.375757992370744,39.65118645261127,60000,300,9.555387699998391,8.640625,True
cx0.5_mut0.01,0.5,0.01,test_9,8,7,849,50.016156409581036,48.53629131693795,60000,300,13.146467599999596,13.03125,True
cx0.5_mut0.01,0.5,0.01,test_9,8,8,850,45.884273446049924,44.08670182386757,60000,300,11.430704300000798,11.265625,True
cx0.5_mut0.01,0.5,0.01,test_9,8,9,851,39.31179090811023,37.73120866025753,60000,300,10.294950499999686,10.109375,True
cx0.5_mut0.01,0.5,0.01,test_9,8,10,852,44.95251332765759,43.40688664629258,60000,300,10.5921359999993,10.5,True
cx0.5_mut0.01,0.5,0.01,test_9,8,11,853,40.634690787643336,39.09557475262676,60000,300,10.415509999998903,10.390625,True
cx0.5_mut0.01,0.5,0.01,test_9,8,12,854,44.513908801733244,42.43683190871328,60000,300,9.125528599997779,9.078125,True
cx0.5_mut0.01,0.5,0.01,test_9,8,13,855,40.697011409772024,39.16763899331684,60000,300,9.50835029999871,9.46875,True
cx0.5_mut0.01,0.5,0.01,test_9,8,14,856,40.28256680453782,38.965813319111625,60000,300,9.434898900002736,9.34375,True
cx0.5_mut0.01,0.5,0.01,test_9,8,15,857,45.09209629712579,43.515588716006704,60000,300,10.286905100001604,10.28125,True
cx0.5_mut0.01,0.5,0.01,test_9,8,16,858,47.1397967757886,45.19052354190143,60000,300,15.279431700000714,15.109375,True
cx0.5_mut0.01,0.5,0.01,test_9,8,17,859,41.59944730315786,39.84115705695541,60000,300,9.024472599998262,8.921875,True
cx0.5_mut0.01,0.5,0.01,test_9,8,18,860,37.844294471776365,36.56781782797423,60000,300,9.740490700001828,9.515625,True
cx0.5_mut0.01,0.5,0.01,test_9,8,19,861,41.86407301982826,40.37407186980377,60000,300,9.938860000002023,9.421875,True
cx0.5_mut0.01,0.5,0.01,test_10,9,0,942,47.6233691461605,46.15242912887207,60000,300,14.673620100002154,14.125,True
cx0.5_mut0.01,0.5,0.01,test_10,9,1,943,43.71645418820011,41.81225973707739,60000,300,11.964705099999264,11.328125,True
cx0.5_mut0.01,0.5,0.01,test_10,9,2,944,38.96180899362689,37.34054122997245,60000,300,11.251088199998776,11.140625,True
cx0.5_mut0.01,0.5,0.01,test_10,9,3,945,38.49992550031432,37.27964961724399,60000,300,12.203514599998016,11.984375,True
cx0.5_mut0.01,0.5,0.01,test_10,9,4,946,41.47893319209643,39.891721926040944,60000,300,9.444747199999256,9.15625,True
cx0.5_mut0.01,0.5,0.01,test_10,9,5,947,32.34311741996793,30.883801936720094,60000,300,11.56815959999949,11.421875,True
cx0.5_mut0.01,0.5,0.01,test_10,9,6,948,36.77767641730236,34.99223248334986,60000,300,10.67163950000031,10.546875,True
cx0.5_mut0.01,0.5,0.01,test_10,9,7,949,31.820858335014393,30.33278178150959,60000,300,10.965354500000103,10.5625,True
cx0.5_mut0.01,0.5,0.01,test_10,9,8,950,42.78391215182573,41.275807078466975,60000,300,10.518127100000129,10.34375,True
cx0.5_mut0.01,0.5,0.01,test_10,9,9,951,39.68350869368568,38.10759627203866,60000,300,13.93738089999897,12.484375,True
cx0.5_mut0.01,0.5,0.01,test_10,9,10,952,36.24177984686757,34.48746249999959,60000,300,13.161271599998145,12.984375,True
cx0.5_mut0.01,0.5,0.01,test_10,9,11,953,33.01439900488881,31.44113142801009,60000,300,12.458393400000205,12.203125,True
cx0.5_mut0.01,0.5,0.01,test_10,9,12,954,37.69382183506014,36.20031807913217,60000,300,10.311797699996532,10.109375,True
cx0.5_mut0.01,0.5,0.01,test_10,9,13,955,44.23083185058573,42.531290295109294,60000,300,13.64544439999736,13.078125,True
cx0.5_mut0.01,0.5,0.01,test_10,9,14,956,45.03707858177538,43.38387988025815,60000,300,10.456479799999215,10.40625,True
cx0.5_mut0.01,0.5,0.01,test_10,9,15,957,41.376484660849385,39.9365934792123,60000,300,10.670328300002438,10.09375,True
cx0.5_mut0.01,0.5,0.01,test_10,9,16,958,40.15527588173851,38.82348414692361,60000,300,11.957297800003289,11.421875,True
cx0.5_mut0.01,0.5,0.01,test_10,9,17,959,37.33744284921737,35.62816515952746,60000,300,12.103125099998579,11.46875,True
cx0.5_mut0.01,0.5,0.01,test_10,9,18,960,44.36139724247245,42.45029796749817,60000,300,14.155286599998362,13.328125,True
cx0.5_mut0.01,0.5,0.01,test_10,9,19,961,45.949848363774,44.41573686364261,60000,300,11.093462600001658,10.9375,True
cx0.5_mut0.05,0.5,0.05,test_1,0,0,42,41.699712939876484,40.18329827514821,60000,300,9.531109899999137,9.265625,True
cx0.5_mut0.05,0.5,0.05,test_1,0,1,43,33.533951843734165,32.26603977417034,60000,300,8.60103540000273,8.453125,True
cx0.5_mut0.05,0.5,0.05,test_1,0,2,44,38.32759655366709,36.12109883104356,60000,300,9.132184199999756,8.640625,True
cx0.5_mut0.05,0.5,0.05,test_1,0,3,45,44.418296982037894,42.97619626797176,60000,300,7.961852500000532,7.875,True
cx0.5_mut0.05,0.5,0.05,test_1,0,4,46,42.60035938670947,40.878452481985065,60000,300,10.606953400001657,10.390625,True
cx0.5_mut0.05,0.5,0.05,test_1,0,5,47,40.08256780027873,38.67044448932348,60000,300,9.741966199999297,9.6875,True
cx0.5_mut0.05,0.5,0.05,test_1,0,6,48,45.275404609592314,43.73152800917223,60000,300,8.88635929999873,8.8125,True
cx0.5_mut0.05,0.5,0.05,test_1,0,7,49,45.931472624373626,44.56004068319993,60000,300,9.843056399997295,9.75,True
cx0.5_mut0.05,0.5,0.05,test_1,0,8,50,45.10663269898765,43.12088177309269,60000,300,8.526146699998208,8.46875,True
cx0.5_mut0.05,0.5,0.05,test_1,0,9,51,41.80668715316119,40.405851648602486,60000,300,9.64763479999965,9.5,True
cx0.5_mut0.05,0.5,0.05,test_1,0,10,52,37.1186106987444,35.795501361111384,60000,300,7.729041899998265,7.671875,True
cx0.5_mut0.05,0.5,0.05,test_1,0,11,53,33.18850537523032,31.592721145774526,60000,300,9.273232799998368,9.15625,True
cx0.5_mut0.05,0.5,0.05,test_1,0,12,54,32.85768862507799,31.4236717408351,60000,300,8.046141900002112,7.953125,True
cx0.5_mut0.05,0.5,0.05,test_1,0,13,55,43.2197588741635,41.7020743452554,60000,300,10.691244699999515,10.59375,True
cx0.5_mut0.05,0.5,0.05,test_1,0,14,56,32.50187825989146,31.131753552056278,60000,300,8.438303700000688,8.359375,True
cx0.5_mut0.05,0.5,0.05,test_1,0,15,57,42.44639311459365,40.6070838988977,60000,300,8.76038790000166,8.671875,True
cx0.5_mut0.05,0.5,0.05,test_1,0,16,58,37.55866497035978,35.98710429883054,60000,300,7.986100899997837,7.96875,True
cx0.5_mut0.05,0.5,0.05,test_1,0,17,59,41.756586284955674,40.26010061046048,60000,300,7.525929300001735,7.484375,True
cx0.5_mut0.05,0.5,0.05,test_1,0,18,60,42.79592936685186,40.873440285805366,60000,300,8.925994500001252,8.84375,True
cx0.5_mut0.05,0.5,0.05,test_1,0,19,61,48.279120577293796,46.58312698487544,60000,300,11.647674399999232,11.453125,True
cx0.5_mut0.05,0.5,0.05,test_2,1,0,142,36.59491930785677,34.88530160475405,60000,300,8.682572800000344,8.59375,True
cx0.5_mut0.05,0.5,0.05,test_2,1,1,143,41.129115700536424,39.32814927117819,60000,300,10.827653300002567,10.75,True
cx0.5_mut0.05,0.5,0.05,test_2,1,2,144,38.457357681380074,36.42010234009651,60000,300,10.266714199999114,10.09375,True
cx0.5_mut0.05,0.5,0.05,test_2,1,3,145,41.73345566984504,39.90382243351134,60000,300,11.100176099997043,10.921875,True
cx0.5_mut0.05,0.5,0.05,test_2,1,4,146,37.21152189190609,35.584056052001934,60000,300,7.631166400002257,7.578125,True
cx0.5_mut0.05,0.5,0.05,test_2,1,5,147,36.15042970990594,34.61468933780564,60000,300,9.844321900000068,9.78125,True
cx0.5_mut0.05,0.5,0.05,test_2,1,6,148,36.06081928900315,34.65753063690914,60000,300,10.685178499999893,10.671875,True
cx0.5_mut0.05,0.5,0.05,test_2,1,7,149,30.99957366851167,29.694844039045012,60000,300,8.430879399998958,8.375,True
cx0.5_mut0.05,0.5,0.05,test_2,1,8,150,35.08002904204885,33.63424783410115,60000,300,8.261149200003274,8.1875,True
cx0.5_mut0.05,0.5,0.05,test_2,1,9,151,37.2581276583234,35.96208594112927,60000,300,8.251729999999952,8.125,True
cx0.5_mut0.05,0.5,0.05,test_2,1,10,152,33.900686638363204,32.39957130294557,60000,300,11.734527900000103,11.609375,True
cx0.5_mut0.05,0.5,0.05,test_2,1,11,153,35.32251143030319,33.84178667673942,60000,300,10.282946600000287,10.125,True
cx0.5_mut0.05,0.5,0.05,test_2,1,12,154,36.250840553190066,34.79777111657266,60000,300,9.85039880000113,9.671875,True
cx0.5_mut0.05,0.5,0.05,test_2,1,13,155,45.26360322697713,43.755032425270684,60000,300,9.507050199998048,9.359375,True
cx0.5_mut0.05,0.5,0.05,test_2,1,14,156,30.39265241719215,28.804623793848627,60000,300,9.762623500002519,9.6875,True
cx0.5_mut0.05,0.5,0.05,test_2,1,15,157,34.25680759313296,32.93908415269288,60000,300,10.196530400000483,10.0,True
cx0.5_mut0.05,0.5,0.05,test_2,1,16,158,36.148046705235686,34.657434504460454,60000,300,9.12948519999918,8.953125,True
cx0.5_mut0.05,0.5,0.05,test_2,1,17,159,33.97024846573737,32.349475585596764,60000,300,8.782440300001326,8.640625,True
cx0.5_mut0.05,0.5,0.05,test_2,1,18,160,36.928582672362765,35.58883431478741,60000,300,11.561914199999592,11.34375,True
cx0.5_mut0.05,0.5,0.05,test_2,1,19,161,43.87091766556258,42.431006888406394,60000,300,11.368515400001343,11.140625,True
cx0.5_mut0.05,0.5,0.05,test_3,2,0,242,40.47919790702568,38.73683599132289,60000,300,11.638745000000199,11.421875,True
cx0.5_mut0.05,0.5,0.05,test_3,2,1,243,36.40269656101124,34.77135044415364,60000,300,10.973777800001699,10.765625,True
cx0.5_mut0.05,0.5,0.05,test_3,2,2,244,37.03856867008364,35.550973697749576,60000,300,10.254896999998891,10.046875,True
cx0.5_mut0.05,0.5,0.05,test_3,2,3,245,34.6844474369823,33.00314535930884,60000,300,13.255450399999972,12.78125,True
cx0.5_mut0.05,0.5,0.05,test_3,2,4,246,36.854958637787206,34.86324769147173,60000,300,15.129705799998192,14.53125,True
cx0.5_mut0.05,0.5,0.05,test_3,2,5,247,33.72582081484906,32.11321343120045,60000,300,10.640152600000874,10.34375,True
cx0.5_mut0.05,0.5,0.05,test_3,2,6,248,36.93267987008066,35.271149222792666,60000,300,13.564139699999942,13.3125,True
cx0.5_mut0.05,0.5,0.05,test_3,2,7,249,33.42128975275393,31.80280885766888,60000,300,13.531947200001014,13.203125,True
cx0.5_mut0.05,0.5,0.05,test_3,2,8,250,36.16535752759239,34.61645679781953,60000,300,16.353014399999665,14.921875,True
cx0.5_mut0.05,0.5,0.05,test_3,2,9,251,40.988656588193514,39.07901040197089,60000,300,14.989052100001572,14.390625,True
cx0.5_mut0.05,0.5,0.05,test_3,2,10,252,34.17064459074175,32.637344150408666,60000,300,12.770338499998616,12.578125,True
cx0.5_mut0.05,0.5,0.05,test_3,2,11,253,37.67296978090463,36.0024991485801,60000,300,10.884971600000426,10.71875,True
cx0.5_mut0.05,0.5,0.05,test_3,2,12,254,38.548169725649096,36.73420199084251,60000,300,15.286843800000497,14.984375,True
cx0.5_mut0.05,0.5,0.05,test_3,2,13,255,35.67940103098439,33.713699344455215,60000,300,11.779206999999587,11.578125,True
cx0.5_mut0.05,0.5,0.05,test_3,2,14,256,41.25163532078894,39.56567702877052,60000,300,9.476100600000791,9.4375,True
cx0.5_mut0.05,0.5,0.05,test_3,2,15,257,39.15128514483978,37.31948271572312,60000,300,13.39757119999922,12.890625,True
cx0.5_mut0.05,0.5,0.05,test_3,2,16,258,39.32814940177877,37.072471621663475,60000,300,9.664260400000785,9.46875,True
cx0.5_mut0.05,0.5,0.05,test_3,2,17,259,31.402383005382305,29.89924377841298,60000,300,10.61458649999986,10.453125,True
cx0.5_mut0.05,0.5,0.05,test_3,2,18,260,34.773883450202035,33.140831297112356,60000,300,10.186047600000165,10.078125,True
cx0.5_mut0.05,0.5,0.05,test_3,2,19,261,35.812894676663404,34.12683112657484,60000,300,11.64124449999872,11.453125,True
cx0.5_mut0.05,0.5,0.05,test_4,3,0,342,35.04556181140939,33.696548400840676,60000,300,10.973396200002753,10.890625,True
cx0.5_mut0.05,0.5,0.05,test_4,3,1,343,36.60501225771759,34.93713788715217,60000,300,10.04726970000047,9.9375,True
cx0.5_mut0.05,0.5,0.05,test_4,3,2,344,36.29304748924899,35.13194623958267,60000,300,9.096587800002453,9.0,True
cx0.5_mut0.05,0.5,0.05,test_4,3,3,345,31.579807509376582,30.352147015187054,60000,300,9.860705499999312,9.75,True
cx0.5_mut0.05,0.5,0.05,test_4,3,4,346,32.594842550056846,30.862173593743215,60000,300,8.801703900000575,8.640625,True
cx0.5_mut0.05,0.5,0.05,test_4,3,5,347,31.746458947395055,30.122208595650637,60000,300,11.24695359999896,11.125,True
cx0.5_mut0.05,0.5,0.05,test_4,3,6,348,28.426791563601824,27.204156239657017,60000,300,10.246864299999288,10.046875,True
cx0.5_mut0.05,0.5,0.05,test_4,3,7,349,30.391993824401414,28.715756263255706,60000,300,12.81697179999901,12.65625,True
cx0.5_mut0.05,0.5,0.05,test_4,3,8,350,27.91067379077407,26.40585081816975,60000,300,10.695613600000797,10.296875,True
cx0.5_mut0.05,0.5,0.05,test_4,3,9,351,30.0261567372821,28.40216166870433,60000,300,13.181263000002218,12.890625,True
cx0.5_mut0.05,0.5,0.05,test_4,3,10,352,33.96688530279353,32.24508725290222,60000,300,14.22484489999988,13.875,True
cx0.5_mut0.05,0.5,0.05,test_4,3,11,353,33.29649451095332,31.850674320795346,60000,300,9.04818080000041,8.78125,True
cx0.5_mut0.05,0.5,0.05,test_4,3,12,354,27.094538882562375,25.698795886630784,60000,300,13.155365399998118,12.734375,True
cx0.5_mut0.05,0.5,0.05,test_4,3,13,355,35.17165078637987,33.51753013651644,60000,300,13.446652799997537,13.140625,True
cx0.5_mut0.05,0.5,0.05,test_4,3,14,356,30.74601112922845,29.35771266938927,60000,300,11.68173139999999,11.328125,True
cx0.5_mut0.05,0.5,0.05,test_4,3,15,357,25.143236121895573,23.853506462863155,60000,300,9.270011500000692,9.09375,True
cx0.5_mut0.05,0.5,0.05,test_4,3,16,358,32.550157240100745,31.241113144678366,60000,300,10.609885899997607,10.34375,True
cx0.5_mut0.05,0.5,0.05,test_4,3,17,359,30.378368663095614,28.95533764653654,60000,300,10.596783099997992,10.53125,True
cx0.5_mut0.05,0.5,0.05,test_4,3,18,360,34.11708871557279,32.51436402333467,60000,300,9.79815459999736,9.53125,True
cx0.5_mut0.05,0.5,0.05,test_4,3,19,361,29.897963081439016,28.462501478120416,60000,300,8.56311629999982,8.421875,True
cx0.5_mut0.05,0.5,0.05,test_5,4,0,442,38.14650837572625,36.52735531510619,60000,300,11.333509199997934,11.109375,True
cx0.5_mut0.05,0.5,0.05,test_5,4,1,443,40.80516665448818,38.881698938406565,60000,300,11.014028500001587,10.875,True
cx0.5_mut0.05,0.5,0.05,test_5,4,2,444,39.64536499475435,38.07102854061524,60000,300,11.21087179999813,11.125,True
cx0.5_mut0.05,0.5,0.05,test_5,4,3,445,42.49036731964867,40.95014050490719,60000,300,12.222230399998807,12.0,True
cx0.5_mut0.05,0.5,0.05,test_5,4,4,446,44.07846916349658,42.77007283883138,60000,300,10.138925300001574,9.921875,True
cx0.5_mut0.05,0.5,0.05,test_5,4,5,447,42.783608598564975,40.974223240840324,60000,300,11.074222899998858,10.890625,True
cx0.5_mut0.05,0.5,0.05,test_5,4,6,448,40.91314903128199,39.45812422065571,60000,300,9.23481250000259,9.046875,True
cx0.5_mut0.05,0.5,0.05,test_5,4,7,449,51.30141198431202,49.72138756807092,60000,300,12.149527900000976,11.609375,True
cx0.5_mut0.05,0.5,0.05,test_5,4,8,450,40.92066369644577,39.51002520213226,60000,300,9.753127899999527,9.609375,True
cx0.5_mut0.05,0.5,0.05,test_5,4,9,451,41.60606892489419,39.9150180863178,60000,300,9.007786099999066,8.8125,True
cx0.5_mut0.05,0.5,0.05,test_5,4,10,452,39.831899767669434,38.135730985730014,60000,300,13.82382090000101,13.671875,True
cx0.5_mut0.05,0.5,0.05,test_5,4,11,453,44.250241944245516,42.497458150258524,60000,300,12.267877999998746,11.9375,True
cx0.5_mut0.05,0.5,0.05,test_5,4,12,454,34.884428395040146,33.14516617414035,60000,300,12.2871954000002,11.84375,True
cx0.5_mut0.05,0.5,0.05,test_5,4,13,455,35.01258258435865,33.44019637085158,60000,300,11.8041650999985,11.25,True
cx0.5_mut0.05,0.5,0.05,test_5,4,14,456,36.0887828520914,34.68717986675585,60000,300,12.202171900000394,11.8125,True
cx0.5_mut0.05,0.5,0.05,test_5,4,15,457,40.49363213212773,38.99942573098958,60000,300,14.047437299999729,13.484375,True
cx0.5_mut0.05,0.5,0.05,test_5,4,16,458,34.30461110892996,32.97748380000882,60000,300,9.30193750000035,9.109375,True
cx0.5_mut0.05,0.5,0.05,test_5,4,17,459,39.8309181748239,38.29471281968448,60000,300,9.82479450000028,9.046875,True
cx0.5_mut0.05,0.5,0.05,test_5,4,18,460,43.1432184878856,41.47842615579916,60000,300,12.44506729999921,11.875,True
cx0.5_mut0.05,0.5,0.05,test_5,4,19,461,41.287309021082706,39.681059380860056,60000,300,13.124540400000114,12.34375,True
cx0.5_mut0.05,0.5,0.05,test_6,5,0,542,34.80257387793703,33.24966507892091,60000,300,9.072351800001343,8.765625,True
cx0.5_mut0.05,0.5,0.05,test_6,5,1,543,38.994997148969645,37.24059647607856,60000,300,13.64380379999784,13.265625,True
cx0.5_mut0.05,0.5,0.05,test_6,5,2,544,40.836656904748374,39.29970848274562,60000,300,11.19616319999841,10.796875,True
cx0.5_mut0.05,0.5,0.05,test_6,5,3,545,42.88542406389902,41.450870886682566,60000,300,13.174599499998294,12.5,True
cx0.5_mut0.05,0.5,0.05,test_6,5,4,546,40.04011439556835,38.370957689021544,60000,300,10.211494400002266,9.84375,True
cx0.5_mut0.05,0.5,0.05,test_6,5,5,547,40.57377713016751,38.82676312047653,60000,300,15.080960300001607,14.796875,True
cx0.5_mut0.05,0.5,0.05,test_6,5,6,548,45.84614617588767,44.337059176500865,60000,300,13.507002099999227,12.53125,True
cx0.5_mut0.05,0.5,0.05,test_6,5,7,549,34.19420281866856,32.69754126950577,60000,300,9.780932099998608,9.171875,True
cx0.5_mut0.05,0.5,0.05,test_6,5,8,550,32.55849628758485,31.048089205683254,60000,300,11.586075700000947,11.15625,True
cx0.5_mut0.05,0.5,0.05,test_6,5,9,551,42.9508999670736,41.478502922219675,60000,300,12.749857200000406,11.5,True
cx0.5_mut0.05,0.5,0.05,test_6,5,10,552,39.189673479642664,37.52393913333802,60000,300,14.943396999999095,14.203125,True
cx0.5_mut0.05,0.5,0.05,test_6,5,11,553,36.513798680794835,34.9163831537533,60000,300,10.843184800000017,10.46875,True
cx0.5_mut0.05,0.5,0.05,test_6,5,12,554,35.890235846386496,34.449239260481605,60000,300,10.905618100001448,10.703125,True
cx0.5_mut0.05,0.5,0.05,test_6,5,13,555,40.512022993237764,38.81580716295275,60000,300,14.238674999996874,13.9375,True
cx0.5_mut0.05,0.5,0.05,test_6,5,14,556,39.314615018638406,37.865490855711876,60000,300,13.304973399997834,13.1875,True
cx0.5_mut0.05,0.5,0.05,test_6,5,15,557,39.45435719267377,38.1207933660919,60000,300,10.362293999998656,10.15625,True
cx0.5_mut0.05,0.5,0.05,test_6,5,16,558,37.680276155311546,36.00952019989558,60000,300,12.802516699997796,12.625,True
cx0.5_mut0.05,0.5,0.05,test_6,5,17,559,47.85010808752854,46.20893185487853,60000,300,11.71161199999915,11.4375,True
cx0.5_mut0.05,0.5,0.05,test_6,5,18,560,43.17290867690671,41.97708371928096,60000,300,9.101766399999178,8.96875,True
cx0.5_mut0.05,0.5,0.05,test_6,5,19,561,34.938418996860534,33.26653646266717,60000,300,12.670668200000364,12.46875,True
cx0.5_mut0.05,0.5,0.05,test_7,6,0,642,34.469298065146496,32.711754680996485,60000,300,14.009590600002412,13.734375,True
cx0.5_mut0.05,0.5,0.05,test_7,6,1,643,39.20742371241174,37.0960955536114,60000,300,11.582414600001357,11.328125,True
cx0.5_mut0.05,0.5,0.05,test_7,6,2,644,27.358505408409375,25.984393437369548,60000,300,11.754445499998837,11.46875,True
cx0.5_mut0.05,0.5,0.05,test_7,6,3,645,34.69660381895093,32.809703236676974,60000,300,9.1631524000004,9.09375,True
cx0.5_mut0.05,0.5,0.05,test_7,6,4,646,37.024140756759365,35.320087238883104,60000,300,10.130662299998221,9.609375,True
cx0.5_mut0.05,0.5,0.05,test_7,6,5,647,30.193605963404348,28.614774185333943,60000,300,12.963386399998853,12.5,True
cx0.5_mut0.05,0.5,0.05,test_7,6,6,648,35.20468088090231,33.45032677371307,60000,300,10.706043400001363,10.5,True
cx0.5_mut0.05,0.5,0.05,test_7,6,7,649,34.048879831343584,32.336029902467466,60000,300,10.147353100001055,9.953125,True
cx0.5_mut0.05,0.5,0.05,test_7,6,8,650,41.882244817784624,40.228020269228914,60000,300,13.183071600000403,12.796875,True
cx0.5_mut0.05,0.5,0.05,test_7,6,9,651,41.41217013871125,39.61609291878594,60000,300,10.214179700000386,9.84375,True
cx0.5_mut0.05,0.5,0.05,test_7,6,10,652,29.4613615006408,27.77149625729341,60000,300,10.567909299999883,10.21875,True
cx0.5_mut0.05,0.5,0.05,test_7,6,11,653,36.29379987643334,34.57764713397968,60000,300,10.675154000000475,10.453125,True
cx0.5_mut0.05,0.5,0.05,test_7,6,12,654,36.97991305939004,35.2389495215558,60000,300,12.35621270000047,12.0625,True
cx0.5_mut0.05,0.5,0.05,test_7,6,13,655,38.04353166650054,36.53390635015338,60000,300,10.441310199999862,10.234375,True
cx0.5_mut0.05,0.5,0.05,test_7,6,14,656,36.99802062699393,35.20943102163502,60000,300,9.308021499997267,9.171875,True
cx0.5_mut0.05,0.5,0.05,test_7,6,15,657,36.08556935248964,34.19169818559722,60000,300,9.10612730000139,9.015625,True
cx0.5_mut0.05,0.5,0.05,test_7,6,16,658,39.21672686364177,37.30638693107598,60000,300,14.311056999998982,14.0625,True
cx0.5_mut0.05,0.5,0.05,test_7,6,17,659,39.81017358225284,37.82177221383761,60000,300,10.209908799999539,10.046875,True
cx0.5_mut0.05,0.5,0.05,test_7,6,18,660,37.28160391457778,35.85661102386665,60000,300,11.176255300000776,10.96875,True
cx0.5_mut0.05,0.5,0.05,test_7,6,19,661,35.80246251348186,33.954230887083874,60000,300,11.207008000001224,11.0625,True
cx0.5_mut0.05,0.5,0.05,test_8,7,0,742,35.03837511795213,33.314649161115724,60000,300,11.284555199999886,10.8125,True
cx0.5_mut0.05,0.5,0.05,test_8,7,1,743,37.92148478629678,36.07005942323237,60000,300,12.078185300000769,11.9375,True
cx0.5_mut0.05,0.5,0.05,test_8,7,2,744,31.586991570170785,30.07253221611797,60000,300,10.916957900000853,10.671875,True
cx0.5_mut0.05,0.5,0.05,test_8,7,3,745,37.023706964035505,35.53955242908192,60000,300,11.37521360000028,11.1875,True
cx0.5_mut0.05,0.5,0.05,test_8,7,4,746,36.36906378731646,34.78532892643767,60000,300,8.989952800002357,8.796875,True
cx0.5_mut0.05,0.5,0.05,test_8,7,5,747,35.39757276693358,33.548847769220785,60000,300,10.670837699999538,10.46875,True
cx0.5_mut0.05,0.5,0.05,test_8,7,6,748,39.126980696272675,37.27614449197662,60000,300,10.139859300001262,9.65625,True
cx0.5_mut0.05,0.5,0.05,test_8,7,7,749,35.1998917238747,33.60481279286006,60000,300,10.0326696000011,9.828125,True
cx0.5_mut0.05,0.5,0.05,test_8,7,8,750,35.664576149644155,33.83635701104718,60000,300,11.481976700000814,11.28125,True
cx0.5_mut0.05,0.5,0.05,test_8,7,9,751,34.23736433333614,32.37606107488054,60000,300,11.263051100002485,10.828125,True
cx0.5_mut0.05,0.5,0.05,test_8,7,10,752,33.216968908683675,31.682270506395493,60000,300,12.469561900001281,12.0625,True
cx0.5_mut0.05,0.5,0.05,test_8,7,11,753,33.902560223970795,31.967510753032567,60000,300,12.365846900000179,11.71875,True
cx0.5_mut0.05,0.5,0.05,test_8,7,12,754,34.487545723466255,32.805500157152025,60000,300,11.890459900001588,11.734375,True
cx0.5_mut0.05,0.5,0.05,test_8,7,13,755,33.497859211850326,31.6990711272453,60000,300,11.555759399998351,11.25,True
cx0.5_mut0.05,0.5,0.05,test_8,7,14,756,44.595744448501684,42.627058077439855,60000,300,10.841242599999532,10.734375,True
cx0.5_mut0.05,0.5,0.05,test_8,7,15,757,40.43627334625691,39.003044794414144,60000,300,13.620253799999773,13.515625,True
cx0.5_mut0.05,0.5,0.05,test_8,7,16,758,36.308183162920464,34.78047213371833,60000,300,8.987236500001018,8.921875,True
cx0.5_mut0.05,0.5,0.05,test_8,7,17,759,37.88328914535659,36.28907681631418,60000,300,10.754059200000484,10.703125,True
cx0.5_mut0.05,0.5,0.05,test_8,7,18,760,34.94224579930908,33.55007198692244,60000,300,9.84143480000057,9.765625,True
cx0.5_mut0.05,0.5,0.05,test_8,7,19,761,36.877396869819144,35.03827153664523,60000,300,10.689442200000485,10.625,True
cx0.5_mut0.05,0.5,0.05,test_9,8,0,842,37.450987543906024,35.74951261770527,60000,300,12.669392299998435,11.578125,True
cx0.5_mut0.05,0.5,0.05,test_9,8,1,843,36.0941286946571,34.79851953722741,60000,300,8.875674700000673,8.8125,True
cx0.5_mut0.05,0.5,0.05,test_9,8,2,844,37.66314436369919,36.01664982330013,60000,300,10.363104599997314,10.25,True
cx0.5_mut0.05,0.5,0.05,test_9,8,3,845,35.941428142172526,34.67312135726462,60000,300,10.545615000002726,10.46875,True
cx0.5_mut0.05,0.5,0.05,test_9,8,4,846,38.67030828114725,37.15539896336927,60000,300,9.075507800000196,8.34375,True
cx0.5_mut0.05,0.5,0.05,test_9,8,5,847,38.89586233141319,37.42444340903013,60000,300,9.823366799999349,9.609375,True
cx0.5_mut0.05,0.5,0.05,test_9,8,6,848,34.986636274812746,33.68004951226747,60000,300,10.90490580000187,10.046875,True
cx0.5_mut0.05,0.5,0.05,test_9,8,7,849,31.51317336308264,30.051754050893596,60000,300,8.866090300001815,8.765625,True
cx0.5_mut0.05,0.5,0.05,test_9,8,8,850,42.387236969926825,41.16663963448927,60000,300,10.378347099998791,10.234375,True
cx0.5_mut0.05,0.5,0.05,test_9,8,9,851,37.752433057835866,36.206919043531016,60000,300,8.028166000000056,7.9375,True
cx0.5_mut0.05,0.5,0.05,test_9,8,10,852,38.74491091876517,37.212969110226325,60000,300,9.66610700000092,9.640625,True
cx0.5_mut0.05,0.5,0.05,test_9,8,11,853,32.55777652815746,31.05855894941794,60000,300,8.897862100002385,8.84375,True
cx0.5_mut0.05,0.5,0.05,test_9,8,12,854,41.09590724156879,39.654858091211615,60000,300,10.386302799997793,10.296875,True
cx0.5_mut0.05,0.5,0.05,test_9,8,13,855,38.867539707636766,37.04420652676964,60000,300,10.599921400000312,10.5625,True
cx0.5_mut0.05,0.5,0.05,test_9,8,14,856,35.820362410738426,34.61214011801981,60000,300,9.559236299999611,9.515625,True
cx0.5_mut0.05,0.5,0.05,test_9,8,15,857,36.827748829001955,35.22015251935538,60000,300,10.259760900000401,10.234375,True
cx0.5_mut0.05,0.5,0.05,test_9,8,16,858,37.540443298385114,36.304736246439504,60000,300,8.934198200000537,8.75,True
cx0.5_mut0.05,0.5,0.05,test_9,8,17,859,34.45316404577068,32.885150474177024,60000,300,12.068556499998522,11.609375,True
cx0.5_mut0.05,0.5,0.05,test_9,8,18,860,41.049345868724934,39.61311408607672,60000,300,11.890532099998381,11.625,True
cx0.5_mut0.05,0.5,0.05,test_9,8,19,861,41.61762512988103,40.432413842299354,60000,300,9.557073700001638,8.921875,True
cx0.5_mut0.05,0.5,0.05,test_10,9,0,942,35.95917329665099,34.4206684074076,60000,300,12.256530400001793,11.859375,True
cx0.5_mut0.05,0.5,0.05,test_10,9,1,943,44.776661683218165,43.41242254357604,60000,300,10.997360299999855,10.578125,True
cx0.5_mut0.05,0.5,0.05,test_10,9,2,944,34.26173844030086,32.65720170038543,60000,300,11.39854639999976,11.3125,True
cx0.5_mut0.05,0.5,0.05,test_10,9,3,945,34.95013371660672,33.44624968579335,60000,300,10.822300700001506,10.640625,True
cx0.5_mut0.05,0.5,0.05,test_10,9,4,946,35.36445729939059,33.804571485346884,60000,300,10.10873939999874,9.96875,True
cx0.5_mut0.05,0.5,0.05,test_10,9,5,947,41.23254571573065,39.56927286026901,60000,300,10.977402000000438,10.859375,True
cx0.5_mut0.05,0.5,0.05,test_10,9,6,948,35.61949254241656,34.223037437933996,60000,300,10.69459149999966,10.5,True
cx0.5_mut0.05,0.5,0.05,test_10,9,7,949,35.12022075884875,33.71329141025064,60000,300,9.30243580000024,9.171875,True
cx0.5_mut0.05,0.5,0.05,test_10,9,8,950,38.80668099679137,37.21146081384462,60000,300,11.024149000000762,10.828125,True
cx0.5_mut0.05,0.5,0.05,test_10,9,9,951,35.505195450994385,33.88459267022714,60000,300,12.492357499999343,11.59375,True
cx0.5_mut0.05,0.5,0.05,test_10,9,10,952,40.441019845167695,38.67409835351391,60000,300,10.18032779999703,10.109375,True
cx0.5_mut0.05,0.5,0.05,test_10,9,11,953,33.54677722418312,31.971055779944223,60000,300,12.884222699998645,12.53125,True
cx0.5_mut0.05,0.5,0.05,test_10,9,12,954,33.568500705983595,31.844579935126415,60000,300,11.039870500000688,10.75,True
cx0.5_mut0.05,0.5,0.05,test_10,9,13,955,40.37653097467857,39.05133580202319,60000,300,11.889483399998426,11.28125,True
cx0.5_mut0.05,0.5,0.05,test_10,9,14,956,40.53994572427496,39.10661582178505,60000,300,8.10458540000036,8.046875,True
cx0.5_mut0.05,0.5,0.05,test_10,9,15,957,38.00394792735744,36.45419890473017,60000,300,10.43702359999952,9.890625,True
cx0.5_mut0.05,0.5,0.05,test_10,9,16,958,39.80364934668392,38.24367570751527,60000,300,11.962164500000654,11.34375,True
cx0.5_mut0.05,0.5,0.05,test_10,9,17,959,41.9382974647432,40.19657899730172,60000,300,12.098899000000529,11.359375,True
cx0.5_mut0.05,0.5,0.05,test_10,9,18,960,36.6396243463583,34.98886667152998,60000,300,13.865041000000929,13.265625,True
cx0.5_mut0.05,0.5,0.05,test_10,9,19,961,45.057346545935054,43.5059674141559,60000,300,10.385609199998726,10.25,True
cx0.5_mut0.1,0.5,0.1,test_1,0,0,42,41.136270107138714,39.84166502455937,60000,300,9.121710200000962,8.65625,True
cx0.5_mut0.1,0.5,0.1,test_1,0,1,43,36.0768078282911,34.63590513172713,60000,300,9.111150400000042,8.890625,True
cx0.5_mut0.1,0.5,0.1,test_1,0,2,44,38.83085052698386,36.854032568180415,60000,300,9.144581600001402,8.921875,True
cx0.5_mut0.1,0.5,0.1,test_1,0,3,45,30.424567116059382,29.063174870257477,60000,300,7.475890400000935,7.375,True
cx0.5_mut0.1,0.5,0.1,test_1,0,4,46,33.32424809973531,32.01394951637268,60000,300,8.181270899996889,8.078125,True
cx0.5_mut0.1,0.5,0.1,test_1,0,5,47,44.501776569730026,42.763394900511884,60000,300,6.904104799999914,6.875,True
cx0.5_mut0.1,0.5,0.1,test_1,0,6,48,41.454025299186476,39.8407816148175,60000,300,9.094875200000388,8.9375,True
cx0.5_mut0.1,0.5,0.1,test_1,0,7,49,40.31202820784739,38.717204796638356,60000,300,7.586052800001198,7.46875,True
cx0.5_mut0.1,0.5,0.1,test_1,0,8,50,44.034196113942755,42.76273235736053,60000,300,9.194692600001872,9.125,True
cx0.5_mut0.1,0.5,0.1,test_1,0,9,51,44.174959729875845,42.6989717776292,60000,300,6.9658546000027854,6.9375,True
cx0.5_mut0.1,0.5,0.1,test_1,0,10,52,47.045235224302914,45.58493576792203,60000,300,7.283028499998181,7.203125,True
cx0.5_mut0.1,0.5,0.1,test_1,0,11,53,35.98650009454611,34.26621480302166,60000,300,7.309603900001093,7.234375,True
cx0.5_mut0.1,0.5,0.1,test_1,0,12,54,37.409138032547176,35.55770779035712,60000,300,7.844194299999799,7.828125,True
cx0.5_mut0.1,0.5,0.1,test_1,0,13,55,40.29131397431038,38.55033333842655,60000,300,7.48859369999991,7.46875,True
cx0.5_mut0.1,0.5,0.1,test_1,0,14,56,43.50894372450488,41.74530167976174,60000,300,7.796750199999224,7.703125,True
cx0.5_mut0.1,0.5,0.1,test_1,0,15,57,41.54477897915054,39.733198168112054,60000,300,7.125245899998845,7.078125,True
cx0.5_mut0.1,0.5,0.1,test_1,0,16,58,38.665835283014964,36.97122241904486,60000,300,8.65145080000002,8.59375,True
cx0.5_mut0.1,0.5,0.1,test_1,0,17,59,43.737103577893066,42.25325225316846,60000,300,8.362321900000097,8.34375,True
cx0.5_mut0.1,0.5,0.1,test_1,0,18,60,37.48004408438898,35.86039722191293,60000,300,8.683119799999986,8.546875,True
cx0.5_mut0.1,0.5,0.1,test_1,0,19,61,54.529920547456726,53.2893267911404,60000,300,6.952871699999378,6.859375,True
cx0.5_mut0.1,0.5,0.1,test_2,1,0,142,35.55200105239887,34.159251589192046,60000,300,8.363267600001564,8.328125,True
cx0.5_mut0.1,0.5,0.1,test_2,1,1,143,37.62194023018933,36.082446193589654,60000,300,7.307568100000935,7.171875,True
cx0.5_mut0.1,0.5,0.1,test_2,1,2,144,41.62023589303892,39.88882175128626,60000,300,8.025530099999742,7.90625,True
cx0.5_mut0.1,0.5,0.1,test_2,1,3,145,35.97177865889655,34.23261202829857,60000,300,9.76112429999921,9.5625,True
cx0.5_mut0.1,0.5,0.1,test_2,1,4,146,32.08956480334021,30.57141386885055,60000,300,8.487590500000806,8.453125,True
cx0.5_mut0.1,0.5,0.1,test_2,1,5,147,29.049234716907407,27.665650900162266,60000,300,7.667911500000628,7.5625,True
cx0.5_mut0.1,0.5,0.1,test_2,1,6,148,36.01091032999766,34.55365866380324,60000,300,8.624652999998943,8.5625,True
cx0.5_mut0.1,0.5,0.1,test_2,1,7,149,33.25324021760167,31.77716679326225,60000,300,8.3878487999973,8.328125,True
cx0.5_mut0.1,0.5,0.1,test_2,1,8,150,31.042367668663218,29.40201562298281,60000,300,8.525914800000464,8.390625,True
cx0.5_mut0.1,0.5,0.1,test_2,1,9,151,32.044039151247084,30.507747441831196,60000,300,9.095384899999772,8.9375,True
cx0.5_mut0.1,0.5,0.1,test_2,1,10,152,34.492563333391075,33.040922825144825,60000,300,9.82335410000087,9.671875,True
cx0.5_mut0.1,0.5,0.1,test_2,1,11,153,35.760555455814654,33.98886446433626,60000,300,8.258690899998328,8.1875,True
cx0.5_mut0.1,0.5,0.1,test_2,1,12,154,45.870474698551135,44.37189648290526,60000,300,8.312109300000884,8.1875,True
cx0.5_mut0.1,0.5,0.1,test_2,1,13,155,32.60063588991362,31.167811209533856,60000,300,9.392162899999676,9.171875,True
cx0.5_mut0.1,0.5,0.1,test_2,1,14,156,39.30588712557267,37.71003282410195,60000,300,7.838471300001402,7.796875,True
cx0.5_mut0.1,0.5,0.1,test_2,1,15,157,38.254427764549646,36.65979550834558,60000,300,10.437360500000068,10.171875,True
cx0.5_mut0.1,0.5,0.1,test_2,1,16,158,31.700541412534232,30.30946309664285,60000,300,9.670411800001602,9.46875,True
cx0.5_mut0.1,0.5,0.1,test_2,1,17,159,34.85426572008535,33.4697644684226,60000,300,9.120027000000846,8.9375,True
cx0.5_mut0.1,0.5,0.1,test_2,1,18,160,35.099350862664096,33.68697012964832,60000,300,9.650703200000862,9.453125,True
cx0.5_mut0.1,0.5,0.1,test_2,1,19,161,31.484135316697326,30.165166056142773,60000,300,9.811727899999823,9.640625,True
cx0.5_mut0.1,0.5,0.1,test_3,2,0,242,44.59661379487189,42.35363428895291,60000,300,9.948825899999065,9.8125,True
cx0.5_mut0.1,0.5,0.1,test_3,2,1,243,32.83648513527351,31.524995976953786,60000,300,8.978227499999775,8.625,True
cx0.5_mut0.1,0.5,0.1,test_3,2,2,244,42.46608106678445,40.59690738676426,60000,300,10.795330900000408,10.5,True
cx0.5_mut0.1,0.5,0.1,test_3,2,3,245,34.75487541310689,33.02386713985289,60000,300,10.032953900001303,9.75,True
cx0.5_mut0.1,0.5,0.1,test_3,2,4,246,33.84637562695389,32.12658043519584,60000,300,11.383187400002498,10.90625,True
cx0.5_mut0.1,0.5,0.1,test_3,2,5,247,32.19879223360414,30.95034004828255,60000,300,9.678074300001754,9.390625,True
cx0.5_mut0.1,0.5,0.1,test_3,2,6,248,30.998238398576184,29.478169652322208,60000,300,12.044857400000183,11.765625,True
cx0.5_mut0.1,0.5,0.1,test_3,2,7,249,40.9644659295433,39.274729183042474,60000,300,10.169176999999763,9.890625,True
cx0.5_mut0.1,0.5,0.1,test_3,2,8,250,39.38614240733636,37.68307158781456,60000,300,10.823081100003037,9.8125,True
cx0.5_mut0.1,0.5,0.1,test_3,2,9,251,34.52836617109021,32.6869639200866,60000,300,10.442157400000724,9.96875,True
cx0.5_mut0.1,0.5,0.1,test_3,2,10,252,34.18771398261599,32.66278092103254,60000,300,11.077626499998587,11.03125,True
cx0.5_mut0.1,0.5,0.1,test_3,2,11,253,41.710088957714035,40.00141800287109,60000,300,11.361616099999083,11.203125,True
cx0.5_mut0.1,0.5,0.1,test_3,2,12,254,42.36014577031034,40.59344067135761,60000,300,11.20792369999981,11.0,True
cx0.5_mut0.1,0.5,0.1,test_3,2,13,255,35.511666286781015,33.69047665600357,60000,300,10.73026530000061,10.640625,True
cx0.5_mut0.1,0.5,0.1,test_3,2,14,256,36.49966354656265,34.902694824129625,60000,300,10.32933100000082,10.265625,True
cx0.5_mut0.1,0.5,0.1,test_3,2,15,257,39.13620822994808,37.20210546638196,60000,300,10.905342300000484,10.671875,True
cx0.5_mut0.1,0.5,0.1,test_3,2,16,258,37.10710851218671,35.853503364019545,60000,300,8.103108499999507,8.015625,True
cx0.5_mut0.1,0.5,0.1,test_3,2,17,259,30.91901676600008,29.45450853668575,60000,300,9.924310099999275,9.71875,True
cx0.5_mut0.1,0.5,0.1,test_3,2,18,260,35.96363980024634,33.98752445222812,60000,300,10.486461500000587,10.234375,True
cx0.5_mut0.1,0.5,0.1,test_3,2,19,261,39.821266070817025,38.40207046714529,60000,300,8.788890100000572,8.640625,True
cx0.5_mut0.1,0.5,0.1,test_4,3,0,342,33.03032764971629,31.65365887237627,60000,300,8.103930099998252,8.015625,True
cx0.5_mut0.1,0.5,0.1,test_4,3,1,343,30.101854582917664,28.49766228592946,60000,300,8.837135499998112,8.6875,True
cx0.5_mut0.1,0.5,0.1,test_4,3,2,344,37.150620874931,36.01043856581228,60000,300,9.011592699996982,8.875,True
cx0.5_mut0.1,0.5,0.1,test_4,3,3,345,24.74533922592108,23.570488939817153,60000,300,9.211084000002302,9.0625,True
cx0.5_mut0.1,0.5,0.1,test_4,3,4,346,25.514087445185844,24.073488144173968,60000,300,9.622376300001633,9.4375,True
cx0.5_mut0.1,0.5,0.1,test_4,3,5,347,35.58907154714896,33.751900059468575,60000,300,10.852767500000482,10.75,True
cx0.5_mut0.1,0.5,0.1,test_4,3,6,348,30.56734032429921,29.102249457443392,60000,300,8.358788899997307,8.265625,True
cx0.5_mut0.1,0.5,0.1,test_4,3,7,349,31.346162051662525,29.92870843449638,60000,300,10.441123000000516,10.296875,True
cx0.5_mut0.1,0.5,0.1,test_4,3,8,350,32.24293323382523,30.98756677650762,60000,300,9.181813999999576,8.984375,True
cx0.5_mut0.1,0.5,0.1,test_4,3,9,351,29.457800219040152,27.797207651196366,60000,300,9.13190079999913,9.015625,True
cx0.5_mut0.1,0.5,0.1,test_4,3,10,352,26.439961292035132,24.960420052360135,60000,300,11.924956499999098,11.46875,True
cx0.5_mut0.1,0.5,0.1,test_4,3,11,353,28.951663358491405,27.595406167265207,60000,300,10.821392599998944,10.671875,True
cx0.5_mut0.1,0.5,0.1,test_4,3,12,354,31.546792843847086,29.917048395892042,60000,300,10.42042020000008,10.125,True
cx0.5_mut0.1,0.5,0.1,test_4,3,13,355,26.69415392678422,25.351720331336303,60000,300,9.938925099999324,9.671875,True
cx0.5_mut0.1,0.5,0.1,test_4,3,14,356,40.56112991013191,39.18685170861805,60000,300,10.375538599997526,9.984375,True
cx0.5_mut0.1,0.5,0.1,test_4,3,15,357,29.509653772646022,27.893887532040647,60000,300,12.245732399998815,11.859375,True
cx0.5_mut0.1,0.5,0.1,test_4,3,16,358,34.44528469482451,32.92834336201127,60000,300,9.19926409999971,9.015625,True
cx0.5_mut0.1,0.5,0.1,test_4,3,17,359,29.13258136365875,27.67627282757465,60000,300,8.727869199999986,8.703125,True
cx0.5_mut0.1,0.5,0.1,test_4,3,18,360,29.74106116133494,28.700124040510104,60000,300,9.532465800002683,9.25,True
cx0.5_mut0.1,0.5,0.1,test_4,3,19,361,33.067454334253135,31.5962967572986,60000,300,8.83140430000276,8.703125,True
cx0.5_mut0.1,0.5,0.1,test_5,4,0,442,36.5741512261298,34.7854577399347,60000,300,10.876299999999901,10.703125,True
cx0.5_mut0.1,0.5,0.1,test_5,4,1,443,32.22449394384539,30.81152581809956,60000,300,9.087211400001252,9.078125,True
cx0.5_mut0.1,0.5,0.1,test_5,4,2,444,38.08168306165121,36.543697932226806,60000,300,10.270510999998805,10.15625,True
cx0.5_mut0.1,0.5,0.1,test_5,4,3,445,44.66408403355683,42.67743581314004,60000,300,12.528680700001132,12.109375,True
cx0.5_mut0.1,0.5,0.1,test_5,4,4,446,32.23518651566046,30.999607820415825,60000,300,9.476122799998848,9.359375,True
cx0.5_mut0.1,0.5,0.1,test_5,4,5,447,35.12056670896215,33.41538940058136,60000,300,10.779914599999756,10.5625,True
cx0.5_mut0.1,0.5,0.1,test_5,4,6,448,45.05059830816116,43.39974582257872,60000,300,9.159261299999343,8.921875,True
cx0.5_mut0.1,0.5,0.1,test_5,4,7,449,40.27438175576667,38.76493516870838,60000,300,11.466322899999795,11.109375,True
cx0.5_mut0.1,0.5,0.1,test_5,4,8,450,47.25822010835011,45.57758615573531,60000,300,8.690561899999011,8.5,True
cx0.5_mut0.1,0.5,0.1,test_5,4,9,451,35.71828537661277,34.13024494814137,60000,300,9.454526299999998,9.171875,True
cx0.5_mut0.1,0.5,0.1,test_5,4,10,452,44.27340710154703,42.39608880978821,60000,300,9.794628799998463,9.640625,True
cx0.5_mut0.1,0.5,0.1,test_5,4,11,453,41.387498101548395,39.763614254047546,60000,300,13.04912239999976,12.65625,True
cx0.5_mut0.1,0.5,0.1,test_5,4,12,454,39.005395309156036,37.060076105073314,60000,300,11.684014399997977,11.375,True
cx0.5_mut0.1,0.5,0.1,test_5,4,13,455,38.196067267640096,36.69530585973023,60000,300,8.723842100000184,8.484375,True
cx0.5_mut0.1,0.5,0.1,test_5,4,14,456,37.534896530712814,36.04592462094946,60000,300,7.998697300001368,7.640625,True
cx0.5_mut0.1,0.5,0.1,test_5,4,15,457,41.405706093996194,39.88422357103499,60000,300,10.207998599998973,9.796875,True
cx0.5_mut0.1,0.5,0.1,test_5,4,16,458,36.776176712771885,35.11796627027147,60000,300,10.383140000001731,10.140625,True
cx0.5_mut0.1,0.5,0.1,test_5,4,17,459,38.33918314130429,36.454315771273194,60000,300,12.031144000000495,11.40625,True
cx0.5_mut0.1,0.5,0.1,test_5,4,18,460,42.64738531452122,40.99915307329232,60000,300,10.612189200001012,10.140625,True
cx0.5_mut0.1,0.5,0.1,test_5,4,19,461,41.727232189302136,40.45584499778654,60000,300,13.92235200000141,13.265625,True
cx0.5_mut0.1,0.5,0.1,test_6,5,0,542,39.586105912150856,38.20598519365406,60000,300,12.467321700001776,12.03125,True
cx0.5_mut0.1,0.5,0.1,test_6,5,1,543,39.33928393938475,37.94558566853746,60000,300,9.019519800000126,8.90625,True
cx0.5_mut0.1,0.5,0.1,test_6,5,2,544,36.81303736156692,35.250194403827614,60000,300,11.089497400000255,10.828125,True
cx0.5_mut0.1,0.5,0.1,test_6,5,3,545,33.11787164417095,31.709250147479118,60000,300,11.267789999998058,10.515625,True
cx0.5_mut0.1,0.5,0.1,test_6,5,4,546,41.08206822778679,39.15186750624232,60000,300,10.56687299999976,10.03125,True
cx0.5_mut0.1,0.5,0.1,test_6,5,5,547,38.02998190925409,36.27631637782379,60000,300,11.247469699999783,10.90625,True
cx0.5_mut0.1,0.5,0.1,test_6,5,6,548,34.66268332035948,33.15574281025417,60000,300,13.208379100000457,12.28125,True
cx0.5_mut0.1,0.5,0.1,test_6,5,7,549,37.14617095947226,35.41888629819056,60000,300,12.043200600001,11.484375,True
cx0.5_mut0.1,0.5,0.1,test_6,5,8,550,34.23686446600209,32.77815101629495,60000,300,10.917337700000644,10.609375,True
cx0.5_mut0.1,0.5,0.1,test_6,5,9,551,37.62430488061926,36.2828128448069,60000,300,11.867479600001388,10.78125,True
cx0.5_mut0.1,0.5,0.1,test_6,5,10,552,33.03588668888952,31.605064181562817,60000,300,11.823438100000203,11.375,True
cx0.5_mut0.1,0.5,0.1,test_6,5,11,553,39.417053166518585,38.01029539642104,60000,300,10.718905199999426,10.234375,True
cx0.5_mut0.1,0.5,0.1,test_6,5,12,554,34.15101103154129,32.48305909220172,60000,300,13.240652699998464,12.96875,True
cx0.5_mut0.1,0.5,0.1,test_6,5,13,555,38.61347264112461,37.085301729339974,60000,300,11.067134900000383,10.765625,True
cx0.5_mut0.1,0.5,0.1,test_6,5,14,556,37.717286011466,36.30370065221051,60000,300,11.661525800001982,11.5,True
cx0.5_mut0.1,0.5,0.1,test_6,5,15,557,38.39916107870204,36.882351054982465,60000,300,12.409295499997825,12.125,True
cx0.5_mut0.1,0.5,0.1,test_6,5,16,558,29.228706973288606,27.810813714384054,60000,300,10.056108500000846,9.921875,True
cx0.5_mut0.1,0.5,0.1,test_6,5,17,559,44.83689294767796,43.36976062939441,60000,300,9.040334799999982,8.90625,True
cx0.5_mut0.1,0.5,0.1,test_6,5,18,560,44.36976725335837,42.94151660226048,60000,300,10.487360099999933,10.359375,True
cx0.5_mut0.1,0.5,0.1,test_6,5,19,561,39.3448196343409,37.95171901142297,60000,300,9.65986310000153,9.46875,True
cx0.5_mut0.1,0.5,0.1,test_7,6,0,642,38.7155247638391,37.00353954528251,60000,300,9.999941500002024,9.890625,True
cx0.5_mut0.1,0.5,0.1,test_7,6,1,643,36.864266788327406,35.194472657868545,60000,300,9.872974099998828,9.734375,True
cx0.5_mut0.1,0.5,0.1,test_7,6,2,644,29.54344047138319,28.189598874913177,60000,300,9.958132399999158,9.8125,True
cx0.5_mut0.1,0.5,0.1,test_7,6,3,645,30.178602856444975,28.42299068036353,60000,300,11.16595320000124,10.90625,True
cx0.5_mut0.1,0.5,0.1,test_7,6,4,646,28.28011006063711,26.80560079625411,60000,300,11.614004900002328,10.8125,True
cx0.5_mut0.1,0.5,0.1,test_7,6,5,647,37.34640541039424,35.64925484634428,60000,300,8.682791799998085,8.515625,True
cx0.5_mut0.1,0.5,0.1,test_7,6,6,648,38.65000998795713,36.99271639721807,60000,300,10.362864300001092,10.203125,True
cx0.5_mut0.1,0.5,0.1,test_7,6,7,649,32.91385711791244,31.21036694318818,60000,300,10.16670559999693,9.96875,True
cx0.5_mut0.1,0.5,0.1,test_7,6,8,650,39.742011151312504,38.15356218085102,60000,300,9.787642100000085,9.40625,True
cx0.5_mut0.1,0.5,0.1,test_7,6,9,651,32.68836061768042,31.391512779321296,60000,300,9.823427999999694,9.59375,True
cx0.5_mut0.1,0.5,0.1,test_7,6,10,652,35.52919287144273,33.72311333546133,60000,300,9.602248000002874,9.4375,True
cx0.5_mut0.1,0.5,0.1,test_7,6,11,653,30.229910019451097,28.830240259934747,60000,300,9.274766499998805,9.0625,True
cx0.5_mut0.1,0.5,0.1,test_7,6,12,654,28.234798334442775,26.869949208793237,60000,300,10.08104910000111,9.828125,True
cx0.5_mut0.1,0.5,0.1,test_7,6,13,655,35.26322186596593,33.66526599048887,60000,300,13.293707700002415,13.109375,True
cx0.5_mut0.1,0.5,0.1,test_7,6,14,656,36.78303848902899,34.933794217955025,60000,300,9.428515799998422,9.25,True
cx0.5_mut0.1,0.5,0.1,test_7,6,15,657,39.52206917312201,38.043927292898005,60000,300,10.98850940000193,10.890625,True
cx0.5_mut0.1,0.5,0.1,test_7,6,16,658,30.64623305535413,29.062766338998262,60000,300,8.937410099999397,8.703125,True
cx0.5_mut0.1,0.5,0.1,test_7,6,17,659,36.46902404723521,34.857526473813046,60000,300,11.258931100001064,10.921875,True
cx0.5_mut0.1,0.5,0.1,test_7,6,18,660,31.262350620264208,29.88205818325298,60000,300,10.128633200001786,9.84375,True
cx0.5_mut0.1,0.5,0.1,test_7,6,19,661,41.173257039723154,39.44455690015283,60000,300,9.693668500000058,9.53125,True
cx0.5_mut0.1,0.5,0.1,test_8,7,0,742,36.66358872000757,34.940043316642765,60000,300,10.468465199999628,9.84375,True
cx0.5_mut0.1,0.5,0.1,test_8,7,1,743,38.118688333045036,36.49162214375851,60000,300,10.268749999999272,10.046875,True
cx0.5_mut0.1,0.5,0.1,test_8,7,2,744,34.69575755949573,33.03769701381323,60000,300,10.39911420000135,10.234375,True
cx0.5_mut0.1,0.5,0.1,test_8,7,3,745,37.37055145338801,35.948826745156865,60000,300,9.283139499999379,9.015625,True
cx0.5_mut0.1,0.5,0.1,test_8,7,4,746,37.38673464516105,36.03618166736547,60000,300,11.743582200000674,11.4375,True
cx0.5_mut0.1,0.5,0.1,test_8,7,5,747,36.871276698497304,35.560131873943064,60000,300,9.125422599998274,8.9375,True
cx0.5_mut0.1,0.5,0.1,test_8,7,6,748,29.7363134254983,27.953740285023635,60000,300,12.182152599998517,11.5,True
cx0.5_mut0.1,0.5,0.1,test_8,7,7,749,32.54003239555979,30.912337272185095,60000,300,12.046738000000914,11.8125,True
cx0.5_mut0.1,0.5,0.1,test_8,7,8,750,29.29685591407936,27.574486691225705,60000,300,11.223047899999074,10.859375,True
cx0.5_mut0.1,0.5,0.1,test_8,7,9,751,34.76007771947795,32.95156648798796,60000,300,10.600795999998809,10.328125,True
cx0.5_mut0.1,0.5,0.1,test_8,7,10,752,36.47122192490276,34.70052771118431,60000,300,10.020550400000502,9.703125,True
cx0.5_mut0.1,0.5,0.1,test_8,7,11,753,36.932930645315885,34.851331305538395,60000,300,9.770300800002587,9.0,True
cx0.5_mut0.1,0.5,0.1,test_8,7,12,754,38.45044661972126,36.99459942161401,60000,300,11.519653200000903,11.34375,True
cx0.5_mut0.1,0.5,0.1,test_8,7,13,755,35.09597638308391,32.95746783945396,60000,300,9.076732600002288,8.875,True
cx0.5_mut0.1,0.5,0.1,test_8,7,14,756,43.69032857343939,41.84811103741348,60000,300,10.665210200000729,10.5,True
cx0.5_mut0.1,0.5,0.1,test_8,7,15,757,42.122540410750155,40.69733498444317,60000,300,11.626546799998323,11.5,True
cx0.5_mut0.1,0.5,0.1,test_8,7,16,758,34.34282278277175,32.6983590402655,60000,300,11.876500300000771,11.796875,True
cx0.5_mut0.1,0.5,0.1,test_8,7,17,759,34.19652161783476,32.63902357981989,60000,300,9.978028000001359,9.84375,True
cx0.5_mut0.1,0.5,0.1,test_8,7,18,760,35.17725642931307,33.52367742578509,60000,300,8.319160299997748,8.265625,True
cx0.5_mut0.1,0.5,0.1,test_8,7,19,761,30.514891242988742,28.9127439993431,60000,300,10.708728199999314,10.609375,True
cx0.5_mut0.1,0.5,0.1,test_9,8,0,842,31.537578118171478,30.203722980420977,60000,300,9.419653100001597,8.828125,True
cx0.5_mut0.1,0.5,0.1,test_9,8,1,843,37.30206014756476,35.75455292289815,60000,300,10.091708100000687,9.984375,True
cx0.5_mut0.1,0.5,0.1,test_9,8,2,844,35.93268498373538,34.305837070685854,60000,300,11.645121600002312,11.59375,True
cx0.5_mut0.1,0.5,0.1,test_9,8,3,845,28.93333102959643,27.590788769376594,60000,300,10.322909899998194,10.1875,True
cx0.5_mut0.1,0.5,0.1,test_9,8,4,846,36.666760800956546,35.22491938766671,60000,300,11.505697500000679,10.84375,True
cx0.5_mut0.1,0.5,0.1,test_9,8,5,847,43.012236135442414,41.57975458503987,60000,300,10.482080800000404,10.390625,True
cx0.5_mut0.1,0.5,0.1,test_9,8,6,848,34.69132877185217,33.16149661815868,60000,300,8.816095100002713,7.859375,True
cx0.5_mut0.1,0.5,0.1,test_9,8,7,849,39.334748967096985,37.76278903153558,60000,300,9.21999710000091,9.09375,True
cx0.5_mut0.1,0.5,0.1,test_9,8,8,850,31.22820286993659,29.86940995863501,60000,300,11.501456099998904,11.296875,True
cx0.5_mut0.1,0.5,0.1,test_9,8,9,851,36.86081113106977,35.39959577535154,60000,300,9.567139700000553,9.265625,True
cx0.5_mut0.1,0.5,0.1,test_9,8,10,852,41.297680948243105,39.88051434860236,60000,300,7.551040999998804,7.515625,True
cx0.5_mut0.1,0.5,0.1,test_9,8,11,853,41.63732124492545,39.9293396408098,60000,300,8.570749300000898,8.53125,True
cx0.5_mut0.1,0.5,0.1,test_9,8,12,854,36.37726769100189,34.93795255825561,60000,300,9.86355619999813,9.796875,True
cx0.5_mut0.1,0.5,0.1,test_9,8,13,855,40.24703003615431,38.50376836878747,60000,300,8.954518499998812,8.890625,True
cx0.5_mut0.1,0.5,0.1,test_9,8,14,856,41.03810358794612,39.422272782602754,60000,300,10.004314000001614,9.9375,True
cx0.5_mut0.1,0.5,0.1,test_9,8,15,857,37.90487353992181,36.25171097408803,60000,300,8.872565000001487,8.859375,True
cx0.5_mut0.1,0.5,0.1,test_9,8,16,858,39.38169469584836,37.96894887057541,60000,300,7.723846200002299,7.546875,True
cx0.5_mut0.1,0.5,0.1,test_9,8,17,859,37.9084865734266,36.6865715308232,60000,300,8.73028290000002,8.65625,True
cx0.5_mut0.1,0.5,0.1,test_9,8,18,860,41.9250043473502,40.39702122856508,60000,300,9.669330199998512,9.640625,True
cx0.5_mut0.1,0.5,0.1,test_9,8,19,861,35.546450008819555,34.06176511784296,60000,300,10.437341100001504,10.0,True
cx0.5_mut0.1,0.5,0.1,test_10,9,0,942,37.09283869971814,35.58037853523188,60000,300,10.418721500001993,10.0,True
cx0.5_mut0.1,0.5,0.1,test_10,9,1,943,32.53230010895528,30.947277146604474,60000,300,9.300606800003152,9.1875,True
cx0.5_mut0.1,0.5,0.1,test_10,9,2,944,42.08763278028364,40.904062011741104,60000,300,8.329078300001129,8.328125,True
cx0.5_mut0.1,0.5,0.1,test_10,9,3,945,39.45826922231228,37.83754710463771,60000,300,9.931044400000246,9.875,True
cx0.5_mut0.1,0.5,0.1,test_10,9,4,946,31.91285861206077,30.251710584461165,60000,300,11.794359200001054,11.4375,True
cx0.5_mut0.1,0.5,0.1,test_10,9,5,947,34.22799223312471,32.93332786782256,60000,300,9.30884800000058,9.109375,True
cx0.5_mut0.1,0.5,0.1,test_10,9,6,948,40.964795150358945,39.48161483847212,60000,300,8.297801299999264,8.21875,True
cx0.5_mut0.1,0.5,0.1,test_10,9,7,949,35.44289470204257,33.61514806641318,60000,300,8.520805800002563,8.390625,True
cx0.5_mut0.1,0.5,0.1,test_10,9,8,950,32.72435795848939,31.354798048418964,60000,300,12.24586449999697,12.125,True
cx0.5_mut0.1,0.5,0.1,test_10,9,9,951,34.49023571404372,32.86121692086746,60000,300,9.981558899999072,9.359375,True
cx0.5_mut0.1,0.5,0.1,test_10,9,10,952,31.021810265443776,29.36498236103587,60000,300,11.038018600000214,10.859375,True
cx0.5_mut0.1,0.5,0.1,test_10,9,11,953,39.73604652457425,38.239396876195315,60000,300,10.493528899998637,10.21875,True
cx0.5_mut0.1,0.5,0.1,test_10,9,12,954,40.75463800700976,39.08838856052992,60000,300,10.551931800000602,10.359375,True
cx0.5_mut0.1,0.5,0.1,test_10,9,13,955,32.63765690953384,31.392842358024907,60000,300,9.57175080000161,9.1875,True
cx0.5_mut0.1,0.5,0.1,test_10,9,14,956,39.30184476277426,37.86900892001967,60000,300,8.651229600000079,8.65625,True
cx0.5_mut0.1,0.5,0.1,test_10,9,15,957,38.36086410304676,36.76090547147013,60000,300,9.409354200000962,9.109375,True
cx0.5_mut0.1,0.5,0.1,test_10,9,16,958,33.0124205969156,31.62551429993155,60000,300,11.186201100001199,10.828125,True
cx0.5_mut0.1,0.5,0.1,test_10,9,17,959,40.54888928922767,38.67651675502229,60000,300,10.636825199999294,10.203125,True
cx0.5_mut0.1,0.5,0.1,test_10,9,18,960,39.31835452455951,37.53056181378939,60000,300,11.628881900000124,10.9375,True
cx0.5_mut0.1,0.5,0.1,test_10,9,19,961,43.93017564297204,42.25787798696382,60000,300,8.868936700000631,8.703125,True
cx0.5_mut0.2,0.5,0.2,test_1,0,0,42,41.76899359480336,40.00372210190842,60000,300,8.022603400000662,7.703125,True
cx0.5_mut0.2,0.5,0.2,test_1,0,1,43,36.92606697647402,35.3910068876425,60000,300,8.05457739999838,7.8125,True
cx0.5_mut0.2,0.5,0.2,test_1,0,2,44,42.07533583682079,40.48104311555775,60000,300,7.791822300001513,7.421875,True
cx0.5_mut0.2,0.5,0.2,test_1,0,3,45,39.083440238980465,37.408088471091425,60000,300,7.305213599996932,7.21875,True
cx0.5_mut0.2,0.5,0.2,test_1,0,4,46,38.41159481637952,36.807096027620645,60000,300,8.574909099999786,8.46875,True
cx0.5_mut0.2,0.5,0.2,test_1,0,5,47,46.81153094978597,45.240151290068916,60000,300,7.804694300000847,7.71875,True
cx0.5_mut0.2,0.5,0.2,test_1,0,6,48,36.45789671951931,35.05473766599682,60000,300,7.498104400001466,7.46875,True
cx0.5_mut0.2,0.5,0.2,test_1,0,7,49,43.85480561046442,42.356931907326974,60000,300,6.909254000001965,6.828125,True
cx0.5_mut0.2,0.5,0.2,test_1,0,8,50,36.690484156306056,35.19856090676631,60000,300,7.459923200000048,7.390625,True
cx0.5_mut0.2,0.5,0.2,test_1,0,9,51,41.09708770654396,39.50076616561559,60000,300,7.243416100001923,7.234375,True
cx0.5_mut0.2,0.5,0.2,test_1,0,10,52,39.02490679694468,37.34446352863317,60000,300,6.788040399998863,6.703125,True
cx0.5_mut0.2,0.5,0.2,test_1,0,11,53,43.994719417522006,42.46604752452098,60000,300,7.482236099996953,7.453125,True
cx0.5_mut0.2,0.5,0.2,test_1,0,12,54,32.25746920272772,30.896847273667117,60000,300,7.268005199999607,7.21875,True
cx0.5_mut0.2,0.5,0.2,test_1,0,13,55,43.59655599512471,41.972498814146356,60000,300,7.290601799999422,7.265625,True
cx0.5_mut0.2,0.5,0.2,test_1,0,14,56,44.346670477321844,42.418401730821984,60000,300,7.236098700002913,7.171875,True
cx0.5_mut0.2,0.5,0.2,test_1,0,15,57,39.44517836942294,37.852459492809984,60000,300,7.386573699997825,7.328125,True
cx0.5_mut0.2,0.5,0.2,test_1,0,16,58,45.779503186771066,44.28886758330807,60000,300,7.212049199999456,7.171875,True
cx0.5_mut0.2,0.5,0.2,test_1,0,17,59,39.77411570909299,37.850946394387186,60000,300,7.699399400000402,7.640625,True
cx0.5_mut0.2,0.5,0.2,test_1,0,18,60,33.60157693759529,32.03017209667505,60000,300,7.212381099998311,7.109375,True
cx0.5_mut0.2,0.5,0.2,test_1,0,19,61,39.59048964957671,38.21131971394415,60000,300,7.613672300001781,7.578125,True
cx0.5_mut0.2,0.5,0.2,test_2,1,0,142,35.666855685756985,34.209568624651,60000,300,7.121984199999133,6.953125,True
cx0.5_mut0.2,0.5,0.2,test_2,1,1,143,34.67309119085713,32.9166323640817,60000,300,7.353134599998157,7.265625,True
cx0.5_mut0.2,0.5,0.2,test_2,1,2,144,37.30701176906222,35.82629055915615,60000,300,7.249083200000314,7.03125,True
cx0.5_mut0.2,0.5,0.2,test_2,1,3,145,33.597441336980495,32.36301727668404,60000,300,9.196230800000194,9.015625,True
cx0.5_mut0.2,0.5,0.2,test_2,1,4,146,46.52311724621248,45.042986496992654,60000,300,7.975120499999321,7.921875,True
cx0.5_mut0.2,0.5,0.2,test_2,1,5,147,43.902367633443696,42.586957241551005,60000,300,6.931423699999868,6.859375,True
cx0.5_mut0.2,0.5,0.2,test_2,1,6,148,31.794836594072525,30.400707092069435,60000,300,7.302845999998681,7.25,True
cx0.5_mut0.2,0.5,0.2,test_2,1,7,149,34.525692936025585,33.036103703061535,60000,300,7.666748499999812,7.65625,True
cx0.5_mut0.2,0.5,0.2,test_2,1,8,150,35.33827786293241,33.73314118996274,60000,300,7.156975000001694,7.109375,True
cx0.5_mut0.2,0.5,0.2,test_2,1,9,151,41.68764154360275,39.96823370508676,60000,300,7.962525599999935,7.890625,True
cx0.5_mut0.2,0.5,0.2,test_2,1,10,152,38.60598116697223,36.93343086978613,60000,300,7.274643599997944,7.1875,True
cx0.5_mut0.2,0.5,0.2,test_2,1,11,153,38.46724508184883,36.7900154717525,60000,300,6.594593499998155,6.484375,True
cx0.5_mut0.2,0.5,0.2,test_2,1,12,154,36.107830705936536,34.40444552541341,60000,300,8.726462399998127,8.625,True
cx0.5_mut0.2,0.5,0.2,test_2,1,13,155,33.55222139779331,32.01674038774685,60000,300,7.525446799998463,7.359375,True
cx0.5_mut0.2,0.5,0.2,test_2,1,14,156,36.16791685671852,34.466320582682435,60000,300,8.297504399997706,8.21875,True
cx0.5_mut0.2,0.5,0.2,test_2,1,15,157,32.56090312377885,31.194332480597602,60000,300,6.944953800000803,6.859375,True
cx0.5_mut0.2,0.5,0.2,test_2,1,16,158,37.861939392323656,36.227865756866024,60000,300,8.138871300001483,7.921875,True
cx0.5_mut0.2,0.5,0.2,test_2,1,17,159,28.576102743511917,27.269165435081163,60000,300,8.344583900001453,8.234375,True
cx0.5_mut0.2,0.5,0.2,test_2,1,18,160,37.09893722605201,35.75280573231792,60000,300,7.983753500000603,7.8125,True
cx0.5_mut0.2,0.5,0.2,test_2,1,19,161,31.76139723296123,30.112951664831346,60000,300,8.588493900002504,8.390625,True
cx0.5_mut0.2,0.5,0.2,test_3,2,0,242,36.241309955299094,34.480336944632214,60000,300,9.486385699998209,9.375,True
cx0.5_mut0.2,0.5,0.2,test_3,2,1,243,32.43807128784329,31.1638312701892,60000,300,8.963634700001421,8.640625,True
cx0.5_mut0.2,0.5,0.2,test_3,2,2,244,38.77499916060342,36.915139187102966,60000,300,8.87963750000199,8.796875,True
cx0.5_mut0.2,0.5,0.2,test_3,2,3,245,37.98552711023099,36.08784027408645,60000,300,9.435743300000468,9.171875,True
cx0.5_mut0.2,0.5,0.2,test_3,2,4,246,35.2926339257563,33.66074252569379,60000,300,9.264073500002269,8.8125,True
cx0.5_mut0.2,0.5,0.2,test_3,2,5,247,29.963148237125225,28.695733516192004,60000,300,9.835611500002415,9.5625,True
cx0.5_mut0.2,0.5,0.2,test_3,2,6,248,37.333141462868575,35.38942232033685,60000,300,9.593516199998703,9.46875,True
cx0.5_mut0.2,0.5,0.2,test_3,2,7,249,40.41624145003693,38.866934950486566,60000,300,8.425441800001863,8.109375,True
cx0.5_mut0.2,0.5,0.2,test_3,2,8,250,46.16508804332886,44.310400585378375,60000,300,10.726838799997495,9.640625,True
cx0.5_mut0.2,0.5,0.2,test_3,2,9,251,38.73806497070332,36.97013832057977,60000,300,8.871126000001823,8.625,True
cx0.5_mut0.2,0.5,0.2,test_3,2,10,252,32.53718323196021,30.941218593884187,60000,300,9.041891799999576,8.921875,True
cx0.5_mut0.2,0.5,0.2,test_3,2,11,253,39.1744415645279,37.3316897781245,60000,300,8.16479530000288,8.0,True
cx0.5_mut0.2,0.5,0.2,test_3,2,12,254,32.81257312727903,31.152923104888277,60000,300,9.019638300000224,8.8125,True
cx0.5_mut0.2,0.5,0.2,test_3,2,13,255,36.9036495010436,35.0679986800259,60000,300,8.2600108000006,8.203125,True
cx0.5_mut0.2,0.5,0.2,test_3,2,14,256,39.11852196883169,37.44057089377774,60000,300,8.144636799999716,8.109375,True
cx0.5_mut0.2,0.5,0.2,test_3,2,15,257,37.32853757175791,35.50376053074184,60000,300,8.963054200001352,8.78125,True
cx0.5_mut0.2,0.5,0.2,test_3,2,16,258,43.798013592375156,42.150247595637936,60000,300,8.254114399998798,7.96875,True
cx0.5_mut0.2,0.5,0.2,test_3,2,17,259,38.37947400562059,36.502542042743244,60000,300,8.609444699999585,8.46875,True
cx0.5_mut0.2,0.5,0.2,test_3,2,18,260,34.32796706787425,32.76986995266586,60000,300,9.042783100001543,8.8125,True
cx0.5_mut0.2,0.5,0.2,test_3,2,19,261,34.814419119238316,33.43329048909125,60000,300,7.590318900001876,7.5,True
cx0.5_mut0.2,0.5,0.2,test_4,3,0,342,33.297122800852996,32.08033853125574,60000,300,8.566031599999405,8.40625,True
cx0.5_mut0.2,0.5,0.2,test_4,3,1,343,28.312289803104967,26.788639605131984,60000,300,8.335501399997156,8.3125,True
cx0.5_mut0.2,0.5,0.2,test_4,3,2,344,36.23500513551113,34.6434141274659,60000,300,8.567355600000155,8.515625,True
cx0.5_mut0.2,0.5,0.2,test_4,3,3,345,27.53756541373998,26.275260978359743,60000,300,7.958415700002661,7.890625,True
cx0.5_mut0.2,0.5,0.2,test_4,3,4,346,30.096760516604387,28.370050209948694,60000,300,9.07977480000045,8.78125,True
cx0.5_mut0.2,0.5,0.2,test_4,3,5,347,30.15402082720784,28.73682813139798,60000,300,8.035090900000796,7.921875,True
cx0.5_mut0.2,0.5,0.2,test_4,3,6,348,35.43958865821496,33.79972434061253,60000,300,8.47521880000204,8.40625,True
cx0.5_mut0.2,0.5,0.2,test_4,3,7,349,28.19008095134517,27.030544497631176,60000,300,8.1221587,8.046875,True
cx0.5_mut0.2,0.5,0.2,test_4,3,8,350,36.416618612095924,34.890798369982356,60000,300,9.00834119999854,8.359375,True
cx0.5_mut0.2,0.5,0.2,test_4,3,9,351,34.244264677538474,32.417462900877744,60000,300,8.85919500000091,8.65625,True
cx0.5_mut0.2,0.5,0.2,test_4,3,10,352,29.224451454976354,27.848748908107297,60000,300,8.648607099999936,8.359375,True
cx0.5_mut0.2,0.5,0.2,test_4,3,11,353,28.418773299478982,26.98152142191547,60000,300,9.127684700000827,8.984375,True
cx0.5_mut0.2,0.5,0.2,test_4,3,12,354,31.760998316148086,30.43806283990846,60000,300,7.967079099998955,7.765625,True
cx0.5_mut0.2,0.5,0.2,test_4,3,13,355,33.89595959475647,32.461388446289185,60000,300,8.278830899998866,8.09375,True
cx0.5_mut0.2,0.5,0.2,test_4,3,14,356,34.11286979769606,32.73293934435374,60000,300,8.189964100001816,7.859375,True
cx0.5_mut0.2,0.5,0.2,test_4,3,15,357,33.710619192912375,32.22337318745999,60000,300,9.470259000001533,9.234375,True
cx0.5_mut0.2,0.5,0.2,test_4,3,16,358,28.9516469127179,27.422330458335402,60000,300,9.12706629999957,8.9375,True
cx0.5_mut0.2,0.5,0.2,test_4,3,17,359,29.58254073549325,28.1308159173591,60000,300,8.391055499996583,8.28125,True
cx0.5_mut0.2,0.5,0.2,test_4,3,18,360,32.92499998755965,31.36046907714404,60000,300,9.564704299998994,9.203125,True
cx0.5_mut0.2,0.5,0.2,test_4,3,19,361,33.30339694657646,31.67870786925222,60000,300,8.610417199997755,8.5,True
cx0.5_mut0.2,0.5,0.2,test_5,4,0,442,39.492610267683126,37.58502747321537,60000,300,9.442543400000432,9.234375,True
cx0.5_mut0.2,0.5,0.2,test_5,4,1,443,43.75813168888268,41.82894199364001,60000,300,8.84450900000229,8.8125,True
cx0.5_mut0.2,0.5,0.2,test_5,4,2,444,40.671728311738434,39.01295932179169,60000,300,8.901436100000865,8.8125,True
cx0.5_mut0.2,0.5,0.2,test_5,4,3,445,43.879175796962784,42.246021683852504,60000,300,8.806936200002383,8.609375,True
cx0.5_mut0.2,0.5,0.2,test_5,4,4,446,45.76721241548568,43.96101714228539,60000,300,8.303899500002444,8.109375,True
cx0.5_mut0.2,0.5,0.2,test_5,4,5,447,41.784721604430146,40.21425956154441,60000,300,8.67744070000117,8.421875,True
cx0.5_mut0.2,0.5,0.2,test_5,4,6,448,43.329137786753385,41.92701428995016,60000,300,8.191556099998706,7.9375,True
cx0.5_mut0.2,0.5,0.2,test_5,4,7,449,44.51169514812684,42.78762714102828,60000,300,10.450153500001761,10.125,True
cx0.5_mut0.2,0.5,0.2,test_5,4,8,450,43.84015824496207,42.328959989413924,60000,300,7.598432599999796,7.515625,True
cx0.5_mut0.2,0.5,0.2,test_5,4,9,451,42.82499922525772,41.303620683822814,60000,300,8.512158400000772,8.265625,True
cx0.5_mut0.2,0.5,0.2,test_5,4,10,452,44.32943160407133,42.776907961184676,60000,300,7.873777600001631,7.859375,True
cx0.5_mut0.2,0.5,0.2,test_5,4,11,453,45.00344538415713,42.55703521351793,60000,300,10.356944999999541,10.125,True
cx0.5_mut0.2,0.5,0.2,test_5,4,12,454,34.197181490047555,32.994906865529906,60000,300,8.959642699999677,8.8125,True
cx0.5_mut0.2,0.5,0.2,test_5,4,13,455,38.732107489373604,37.22266819921908,60000,300,9.254297399998904,9.09375,True
cx0.5_mut0.2,0.5,0.2,test_5,4,14,456,37.37958433947984,35.770710280050906,60000,300,8.74778950000109,8.375,True
cx0.5_mut0.2,0.5,0.2,test_5,4,15,457,45.2686131379985,43.80334631062294,60000,300,8.529808700001013,8.328125,True
cx0.5_mut0.2,0.5,0.2,test_5,4,16,458,38.924798840335846,37.25290039544758,60000,300,8.839181899998948,8.703125,True
cx0.5_mut0.2,0.5,0.2,test_5,4,17,459,38.463578342105876,36.81394219379047,60000,300,9.24627110000074,8.703125,True
cx0.5_mut0.2,0.5,0.2,test_5,4,18,460,40.600852942652004,38.89550835247641,60000,300,8.685623799996392,8.390625,True
cx0.5_mut0.2,0.5,0.2,test_5,4,19,461,45.194557610867,43.62316900324906,60000,300,9.580608799999027,8.890625,True
cx0.5_mut0.2,0.5,0.2,test_6,5,0,542,40.966932625988896,39.33049578854382,60000,300,9.863728399999673,9.390625,True
cx0.5_mut0.2,0.5,0.2,test_6,5,1,543,36.230336196115324,34.73683915376808,60000,300,9.503859700002067,9.28125,True
cx0.5_mut0.2,0.5,0.2,test_6,5,2,544,41.73374401563068,39.98208938150552,60000,300,8.884155300002021,8.75,True
cx0.5_mut0.2,0.5,0.2,test_6,5,3,545,37.063222556104954,35.5235361253187,60000,300,10.403874099996756,9.875,True
cx0.5_mut0.2,0.5,0.2,test_6,5,4,546,41.63030232394735,39.99236733424664,60000,300,9.693852500000503,9.296875,True
cx0.5_mut0.2,0.5,0.2,test_6,5,5,547,34.933040602777346,33.37346127695282,60000,300,8.941352500001813,8.78125,True
cx0.5_mut0.2,0.5,0.2,test_6,5,6,548,33.053371269011635,31.626199934791053,60000,300,10.059634000001097,9.328125,True
cx0.5_mut0.2,0.5,0.2,test_6,5,7,549,37.87431721124106,36.20223008434184,60000,300,10.290482199998223,9.5,True
cx0.5_mut0.2,0.5,0.2,test_6,5,8,550,39.441390620016776,37.91328451224122,60000,300,9.319183899999189,9.078125,True
cx0.5_mut0.2,0.5,0.2,test_6,5,9,551,38.38266563651263,36.82523005307039,60000,300,10.003935999997339,9.078125,True
cx0.5_mut0.2,0.5,0.2,test_6,5,10,552,31.40944824770972,29.88276867098723,60000,300,9.14995429999908,9.0,True
cx0.5_mut0.2,0.5,0.2,test_6,5,11,553,35.01225372219089,33.53057301803721,60000,300,8.523181799999293,8.25,True
cx0.5_mut0.2,0.5,0.2,test_6,5,12,554,30.748217678437413,29.30680707663842,60000,300,8.79640969999673,8.5,True
cx0.5_mut0.2,0.5,0.2,test_6,5,13,555,40.590294047080874,38.923316810217216,60000,300,8.986896300000808,8.78125,True
cx0.5_mut0.2,0.5,0.2,test_6,5,14,556,35.58525990023193,34.42552670628808,60000,300,10.196141100001114,9.953125,True
cx0.5_mut0.2,0.5,0.2,test_6,5,15,557,34.45490153295878,33.03344853680288,60000,300,8.665489800001524,8.5625,True
cx0.5_mut0.2,0.5,0.2,test_6,5,16,558,39.92146330174399,37.978376358654906,60000,300,9.433984300001612,9.34375,True
cx0.5_mut0.2,0.5,0.2,test_6,5,17,559,50.09510264136037,48.86395566510173,60000,300,9.937644400000863,9.671875,True
cx0.5_mut0.2,0.5,0.2,test_6,5,18,560,38.0784648082782,36.558822644700456,60000,300,8.032113200002641,7.921875,True
cx0.5_mut0.2,0.5,0.2,test_6,5,19,561,39.06065487379703,37.480352346166775,60000,300,9.587861500000145,9.4375,True
cx0.5_mut0.2,0.5,0.2,test_7,6,0,642,39.99891346143252,38.477649072237405,60000,300,8.662031799998658,8.453125,True
cx0.5_mut0.2,0.5,0.2,test_7,6,1,643,45.616689208421604,44.01940881989739,60000,300,9.014926299998478,8.875,True
cx0.5_mut0.2,0.5,0.2,test_7,6,2,644,30.327844463362197,28.85042566659182,60000,300,8.021624999997584,7.90625,True
cx0.5_mut0.2,0.5,0.2,test_7,6,3,645,43.882258472736225,41.670057120758365,60000,300,8.323991400000523,8.171875,True
cx0.5_mut0.2,0.5,0.2,test_7,6,4,646,45.68758774876819,43.835769196861456,60000,300,9.045020199999271,8.546875,True
cx0.5_mut0.2,0.5,0.2,test_7,6,5,647,41.74073793469831,40.181775044621546,60000,300,9.018132900000637,8.9375,True
cx0.5_mut0.2,0.5,0.2,test_7,6,6,648,35.43373124675401,33.76124072550162,60000,300,8.83762989999741,8.65625,True
cx0.5_mut0.2,0.5,0.2,test_7,6,7,649,31.032241699624183,29.466893862023696,60000,300,9.772210700000869,9.53125,True
cx0.5_mut0.2,0.5,0.2,test_7,6,8,650,34.280214472875606,32.63583869432535,60000,300,8.567506200000935,8.15625,True
cx0.5_mut0.2,0.5,0.2,test_7,6,9,651,34.54440636007176,33.06852605594565,60000,300,8.41381900000124,8.234375,True
cx0.5_mut0.2,0.5,0.2,test_7,6,10,652,38.38631200629261,36.50044897700038,60000,300,10.003558899999916,9.71875,True
cx0.5_mut0.2,0.5,0.2,test_7,6,11,653,31.50472070083796,29.76182954462044,60000,300,9.660676300001796,9.40625,True
cx0.5_mut0.2,0.5,0.2,test_7,6,12,654,42.72700957220657,40.78452466530265,60000,300,10.455638700001145,10.265625,True
cx0.5_mut0.2,0.5,0.2,test_7,6,13,655,40.97703814178719,39.13495385833885,60000,300,9.265011199997389,9.03125,True
cx0.5_mut0.2,0.5,0.2,test_7,6,14,656,34.720564092290736,33.12326132983832,60000,300,8.132711800000834,8.125,True
cx0.5_mut0.2,0.5,0.2,test_7,6,15,657,34.86301835304442,33.19657362071365,60000,300,9.247629100002086,9.15625,True
cx0.5_mut0.2,0.5,0.2,test_7,6,16,658,38.44491843688063,36.47491132316919,60000,300,9.039595199999894,8.921875,True
cx0.5_mut0.2,0.5,0.2,test_7,6,17,659,35.202955221384855,33.50601621737417,60000,300,10.446318800000881,10.140625,True
cx0.5_mut0.2,0.5,0.2,test_7,6,18,660,36.910263843480976,35.1115127607316,60000,300,9.120732899998984,8.953125,True
cx0.5_mut0.2,0.5,0.2,test_7,6,19,661,36.85573594952606,35.43882442064993,60000,300,9.098166499999934,8.90625,True
cx0.5_mut0.2,0.5,0.2,test_8,7,0,742,31.558388984369103,29.784048874969145,60000,300,9.249308899998141,8.96875,True
cx0.5_mut0.2,0.5,0.2,test_8,7,1,743,33.825323210177714,32.187269094783176,60000,300,10.007503400000132,9.71875,True
cx0.5_mut0.2,0.5,0.2,test_8,7,2,744,42.506588077384315,40.49116800069583,60000,300,9.361307700000907,9.140625,True
cx0.5_mut0.2,0.5,0.2,test_8,7,3,745,35.96883141090054,34.26319514725301,60000,300,10.156712100000732,10.015625,True
cx0.5_mut0.2,0.5,0.2,test_8,7,4,746,31.51840380804014,29.83880036678136,60000,300,9.15145080000002,8.921875,True
cx0.5_mut0.2,0.5,0.2,test_8,7,5,747,30.96190931010563,29.550370255492666,60000,300,9.572176699999545,9.34375,True
cx0.5_mut0.2,0.5,0.2,test_8,7,6,748,32.6171809370348,31.00028299299654,60000,300,9.552660199999082,9.1875,True
cx0.5_mut0.2,0.5,0.2,test_8,7,7,749,40.05463781816944,38.34959145864593,60000,300,8.166687299999467,7.984375,True
cx0.5_mut0.2,0.5,0.2,test_8,7,8,750,34.22334608722762,32.85584279964905,60000,300,8.526683800002502,8.28125,True
cx0.5_mut0.2,0.5,0.2,test_8,7,9,751,36.57599359348986,35.0678022173346,60000,300,9.819366899999295,9.515625,True
cx0.5_mut0.2,0.5,0.2,test_8,7,10,752,39.34448446945802,37.69626402153038,60000,300,9.851097999999183,9.5625,True
cx0.5_mut0.2,0.5,0.2,test_8,7,11,753,38.34353491729675,36.616902663448236,60000,300,9.82246479999958,9.015625,True
cx0.5_mut0.2,0.5,0.2,test_8,7,12,754,35.78630386587971,34.22657647632842,60000,300,8.424788199998147,8.359375,True
cx0.5_mut0.2,0.5,0.2,test_8,7,13,755,37.807161840142726,36.1498084464045,60000,300,8.261107700000139,8.015625,True
cx0.5_mut0.2,0.5,0.2,test_8,7,14,756,40.39188297790781,38.571032709374784,60000,300,9.152301900001476,9.03125,True
cx0.5_mut0.2,0.5,0.2,test_8,7,15,757,30.022293414411507,28.39923771272165,60000,300,9.242062500001339,9.15625,True
cx0.5_mut0.2,0.5,0.2,test_8,7,16,758,39.123728363594864,37.07958699188772,60000,300,8.290137300002243,8.25,True
cx0.5_mut0.2,0.5,0.2,test_8,7,17,759,38.69511571559938,36.986026461565814,60000,300,9.048815199999808,9.0,True
cx0.5_mut0.2,0.5,0.2,test_8,7,18,760,37.37112231934101,35.50710908850688,60000,300,8.508325999999215,8.421875,True
cx0.5_mut0.2,0.5,0.2,test_8,7,19,761,38.56228249750849,36.54326107238696,60000,300,9.301407699997071,9.25,True
cx0.5_mut0.2,0.5,0.2,test_9,8,0,842,36.68797375882569,35.09448212061625,60000,300,9.719560800000181,9.109375,True
cx0.5_mut0.2,0.5,0.2,test_9,8,1,843,39.73384287697949,38.284880356125825,60000,300,9.69211229999928,9.671875,True
cx0.5_mut0.2,0.5,0.2,test_9,8,2,844,40.69002118127049,39.08278844328133,60000,300,7.904562399999122,7.84375,True
cx0.5_mut0.2,0.5,0.2,test_9,8,3,845,36.690792263005264,35.35935511806786,60000,300,7.231253699999797,7.21875,True
cx0.5_mut0.2,0.5,0.2,test_9,8,4,846,44.60287743892195,43.2031108271728,60000,300,10.28094439999768,9.65625,True
cx0.5_mut0.2,0.5,0.2,test_9,8,5,847,36.39283884355433,35.060652901556715,60000,300,9.841683300001023,9.71875,True
cx0.5_mut0.2,0.5,0.2,test_9,8,6,848,38.49480332054483,37.08268705086557,60000,300,9.369920000001002,8.40625,True
cx0.5_mut0.2,0.5,0.2,test_9,8,7,849,42.09117550940905,40.67166277038643,60000,300,7.993001100003312,7.890625,True
cx0.5_mut0.2,0.5,0.2,test_9,8,8,850,42.56737506736832,41.355073827408496,60000,300,6.988842899998417,6.859375,True
cx0.5_mut0.2,0.5,0.2,test_9,8,9,851,36.296550275446194,34.64073717820663,60000,300,8.192663600002561,8.046875,True
cx0.5_mut0.2,0.5,0.2,test_9,8,10,852,45.03346926523315,43.53460542806437,60000,300,8.18114229999992,8.140625,True
cx0.5_mut0.2,0.5,0.2,test_9,8,11,853,40.03936573140052,38.28673743576666,60000,300,9.27092730000004,9.1875,True
cx0.5_mut0.2,0.5,0.2,test_9,8,12,854,39.77719497819981,38.343335589204415,60000,300,10.239652899999783,10.140625,True
cx0.5_mut0.2,0.5,0.2,test_9,8,13,855,40.76806652747285,39.18728979227712,60000,300,7.37391359999674,7.359375,True
cx0.5_mut0.2,0.5,0.2,test_9,8,14,856,36.06520575481957,34.48847680691534,60000,300,7.4155551999974705,7.328125,True
cx0.5_mut0.2,0.5,0.2,test_9,8,15,857,39.59396969366941,38.02600049202789,60000,300,7.517328400001134,7.484375,True
cx0.5_mut0.2,0.5,0.2,test_9,8,16,858,41.607184885754364,40.15590714067926,60000,300,8.21263380000164,8.046875,True
cx0.5_mut0.2,0.5,0.2,test_9,8,17,859,32.677516685361944,31.21220960276758,60000,300,9.690523699999176,9.625,True
cx0.5_mut0.2,0.5,0.2,test_9,8,18,860,36.11846354087249,34.41048476952308,60000,300,7.250264599999355,7.15625,True
cx0.5_mut0.2,0.5,0.2,test_9,8,19,861,42.46004430333787,40.29701662467248,60000,300,9.37912199999846,9.109375,True
cx0.5_mut0.2,0.5,0.2,test_10,9,0,942,38.86414551937768,37.31979790746077,60000,300,9.40785440000036,8.875,True
cx0.5_mut0.2,0.5,0.2,test_10,9,1,943,36.79091625958687,35.34559101063729,60000,300,8.377025499998126,8.203125,True
cx0.5_mut0.2,0.5,0.2,test_10,9,2,944,39.53641863491722,37.53560653497712,60000,300,8.782067600001028,8.65625,True
cx0.5_mut0.2,0.5,0.2,test_10,9,3,945,37.208267841653424,35.68452578036948,60000,300,8.595860999997967,8.546875,True
cx0.5_mut0.2,0.5,0.2,test_10,9,4,946,33.89872988232183,32.35689471496568,60000,300,9.275227400001313,9.078125,True
cx0.5_mut0.2,0.5,0.2,test_10,9,5,947,37.16977995904756,35.56810154001678,60000,300,8.855794399998558,8.640625,True
cx0.5_mut0.2,0.5,0.2,test_10,9,6,948,38.384017408608884,36.77554421978148,60000,300,7.37336950000099,7.1875,True
cx0.5_mut0.2,0.5,0.2,test_10,9,7,949,36.278422698106105,34.69066217044508,60000,300,7.60079179999957,7.421875,True
cx0.5_mut0.2,0.5,0.2,test_10,9,8,950,35.834576687417666,34.189337705267924,60000,300,8.75977039999998,8.671875,True
cx0.5_mut0.2,0.5,0.2,test_10,9,9,951,37.46829217278165,35.88793244197163,60000,300,10.851046800002223,9.96875,True
cx0.5_mut0.2,0.5,0.2,test_10,9,10,952,34.69132120046035,32.73454315468911,60000,300,9.104147799997008,8.96875,True
cx0.5_mut0.2,0.5,0.2,test_10,9,11,953,37.484180685807075,35.66375625552112,60000,300,9.546877299999323,9.234375,True
cx0.5_mut0.2,0.5,0.2,test_10,9,12,954,29.839057492861794,28.320590151681856,60000,300,8.800292599997192,8.625,True
cx0.5_mut0.2,0.5,0.2,test_10,9,13,955,43.32595246811431,41.17649768562745,60000,300,10.22687710000173,9.859375,True
cx0.5_mut0.2,0.5,0.2,test_10,9,14,956,36.95679334229362,35.77815083277886,60000,300,8.40401820000261,8.390625,True
cx0.5_mut0.2,0.5,0.2,test_10,9,15,957,38.297388782333165,36.60398249717082,60000,300,8.483045799999672,8.09375,True
cx0.5_mut0.2,0.5,0.2,test_10,9,16,958,33.91197520780564,32.49994456744841,60000,300,8.045143299998017,7.703125,True
cx0.5_mut0.2,0.5,0.2,test_10,9,17,959,39.99739958040008,38.48813184007097,60000,300,9.637912499998492,9.3125,True
cx0.5_mut0.2,0.5,0.2,test_10,9,18,960,40.52352629459305,39.067721249036026,60000,300,8.644426800001384,8.359375,True
cx0.5_mut0.2,0.5,0.2,test_10,9,19,961,38.79967582358537,37.24000610517016,60000,300,8.874064499999804,8.6875,True
cx0.5_mut0.3,0.5,0.3,test_1,0,0,42,40.28959027058763,38.844375203907646,60000,300,8.021961099999317,7.515625,True
cx0.5_mut0.3,0.5,0.3,test_1,0,1,43,43.616037344233,41.68099949760136,60000,300,8.074788100002479,7.84375,True
cx0.5_mut0.3,0.5,0.3,test_1,0,2,44,34.49219763622768,32.85061964727074,60000,300,9.574089300000196,9.296875,True
cx0.5_mut0.3,0.5,0.3,test_1,0,3,45,40.32332274554867,38.836418705368274,60000,300,8.049885399999766,7.90625,True
cx0.5_mut0.3,0.5,0.3,test_1,0,4,46,42.66472505677483,41.10553211519276,60000,300,8.726808399998845,8.390625,True
cx0.5_mut0.3,0.5,0.3,test_1,0,5,47,41.28747981172288,39.617657485344154,60000,300,7.982531999998173,7.859375,True
cx0.5_mut0.3,0.5,0.3,test_1,0,6,48,50.533470449086074,49.05707032408951,60000,300,7.737696299998788,7.625,True
cx0.5_mut0.3,0.5,0.3,test_1,0,7,49,44.638723169610614,43.20917547182926,60000,300,8.560460799999419,8.453125,True
cx0.5_mut0.3,0.5,0.3,test_1,0,8,50,42.12578746193383,40.13507654905609,60000,300,7.577614799996809,7.46875,True
cx0.5_mut0.3,0.5,0.3,test_1,0,9,51,41.66460609086149,39.703119204321084,60000,300,7.542525599998044,7.546875,True
cx0.5_mut0.3,0.5,0.3,test_1,0,10,52,46.24300232901655,44.71836113975243,60000,300,6.966868700001214,6.9375,True
cx0.5_mut0.3,0.5,0.3,test_1,0,11,53,38.16162087098015,36.5330777287121,60000,300,7.5523295999992115,7.46875,True
cx0.5_mut0.3,0.5,0.3,test_1,0,12,54,40.033852381948606,38.36150834087988,60000,300,7.230897099998401,7.171875,True
cx0.5_mut0.3,0.5,0.3,test_1,0,13,55,42.92788041330637,41.335591481011,60000,300,7.860752600001433,7.84375,True
cx0.5_mut0.3,0.5,0.3,test_1,0,14,56,36.09808384354904,34.29873112189613,60000,300,7.142811100002291,7.015625,True
cx0.5_mut0.3,0.5,0.3,test_1,0,15,57,40.01688375599126,38.44501242927089,60000,300,7.4800062000031176,7.40625,True
cx0.5_mut0.3,0.5,0.3,test_1,0,16,58,42.361525679619874,40.88700533458022,60000,300,7.399074000000837,7.359375,True
cx0.5_mut0.3,0.5,0.3,test_1,0,17,59,42.99464813687327,41.54713008134588,60000,300,7.251404900001944,7.203125,True
cx0.5_mut0.3,0.5,0.3,test_1,0,18,60,43.711279488186754,41.868588359969415,60000,300,6.973447600001236,6.921875,True
cx0.5_mut0.3,0.5,0.3,test_1,0,19,61,45.66334181676444,44.420222773022005,60000,300,7.132820599999832,7.125,True
cx0.5_mut0.3,0.5,0.3,test_2,1,0,142,33.97510267821702,32.20619185348756,60000,300,7.431971300000441,7.234375,True
cx0.5_mut0.3,0.5,0.3,test_2,1,1,143,31.345182409377518,30.110076503811364,60000,300,7.383981300001324,7.28125,True
cx0.5_mut0.3,0.5,0.3,test_2,1,2,144,35.75181871960765,34.23888106365823,60000,300,7.546359699997993,7.40625,True
cx0.5_mut0.3,0.5,0.3,test_2,1,3,145,40.324835411943525,38.80891817993348,60000,300,8.522306099999696,8.296875,True
cx0.5_mut0.3,0.5,0.3,test_2,1,4,146,39.608876307994045,37.74166639087846,60000,300,7.302140899999358,7.234375,True
cx0.5_mut0.3,0.5,0.3,test_2,1,5,147,35.39768214583128,33.82396072734111,60000,300,8.051922800001194,7.96875,True
cx0.5_mut0.3,0.5,0.3,test_2,1,6,148,38.685015064380956,37.02138206916229,60000,300,7.558474500001466,7.46875,True
cx0.5_mut0.3,0.5,0.3,test_2,1,7,149,35.7755387202426,34.36706893221193,60000,300,7.3701067000001785,7.328125,True
cx0.5_mut0.3,0.5,0.3,test_2,1,8,150,32.53231686610193,30.922713456469715,60000,300,7.954957199999626,7.90625,True
cx0.5_mut0.3,0.5,0.3,test_2,1,9,151,35.21901035467298,33.766367300393966,60000,300,7.788148799998453,7.765625,True
cx0.5_mut0.3,0.5,0.3,test_2,1,10,152,38.14963607023872,36.61394431456643,60000,300,7.336057600001368,7.296875,True
cx0.5_mut0.3,0.5,0.3,test_2,1,11,153,30.22030287033502,28.748303574823684,60000,300,8.593517100001918,8.5,True
cx0.5_mut0.3,0.5,0.3,test_2,1,12,154,33.56132148481838,32.24165770105361,60000,300,8.477553799999441,8.421875,True
cx0.5_mut0.3,0.5,0.3,test_2,1,13,155,32.76129608661319,31.297542803495478,60000,300,8.480331300001126,8.359375,True
cx0.5_mut0.3,0.5,0.3,test_2,1,14,156,46.768838478645435,44.96698174360986,60000,300,7.443548100000044,7.390625,True
cx0.5_mut0.3,0.5,0.3,test_2,1,15,157,33.94529218995996,32.408924957539874,60000,300,7.3760611999969115,7.28125,True
cx0.5_mut0.3,0.5,0.3,test_2,1,16,158,34.47025084725374,32.79676413991146,60000,300,8.800592999999935,8.59375,True
cx0.5_mut0.3,0.5,0.3,test_2,1,17,159,37.221120719147855,35.455938106744554,60000,300,9.017483399999037,8.703125,True
cx0.5_mut0.3,0.5,0.3,test_2,1,18,160,36.97351491198125,35.34231984879815,60000,300,8.787493700001505,8.578125,True
cx0.5_mut0.3,0.5,0.3,test_2,1,19,161,34.01229245831345,32.3162604108187,60000,300,8.046332000001712,7.890625,True
cx0.5_mut0.3,0.5,0.3,test_3,2,0,242,40.460108023939924,38.71118086568361,60000,300,8.5526933000001,8.4375,True
cx0.5_mut0.3,0.5,0.3,test_3,2,1,243,39.35040210192989,37.37257979657307,60000,300,9.865296599997237,9.5,True
cx0.5_mut0.3,0.5,0.3,test_3,2,2,244,39.23670540709797,37.63168235285712,60000,300,8.911919799997122,8.84375,True
cx0.5_mut0.3,0.5,0.3,test_3,2,3,245,33.68651684078404,31.79610318720028,60000,300,8.149681900002179,8.0,True
cx0.5_mut0.3,0.5,0.3,test_3,2,4,246,35.54374641211331,33.804611619380246,60000,300,9.792663099997299,9.4375,True
cx0.5_mut0.3,0.5,0.3,test_3,2,5,247,33.61132145147451,31.858292461081927,60000,300,8.297996299999795,8.140625,True
cx0.5_mut0.3,0.5,0.3,test_3,2,6,248,35.288251114047334,33.596120215528515,60000,300,9.337527100000443,9.109375,True
cx0.5_mut0.3,0.5,0.3,test_3,2,7,249,39.04306143194082,37.2488272838353,60000,300,9.157727799996792,8.71875,True
cx0.5_mut0.3,0.5,0.3,test_3,2,8,250,42.424574381851016,41.06771770710127,60000,300,10.729288600003201,9.53125,True
cx0.5_mut0.3,0.5,0.3,test_3,2,9,251,41.25449547976265,39.44275930593721,60000,300,8.82369380000091,8.59375,True
cx0.5_mut0.3,0.5,0.3,test_3,2,10,252,43.30337866257409,41.3657193672241,60000,300,8.242448499997408,8.140625,True
cx0.5_mut0.3,0.5,0.3,test_3,2,11,253,44.74841901938199,43.016538810853945,60000,300,9.089841999997589,8.953125,True
cx0.5_mut0.3,0.5,0.3,test_3,2,12,254,32.5363244490711,31.228800753324762,60000,300,9.503451200002019,9.21875,True
cx0.5_mut0.3,0.5,0.3,test_3,2,13,255,42.935215592502196,40.85332686099734,60000,300,9.355725299999904,9.25,True
cx0.5_mut0.3,0.5,0.3,test_3,2,14,256,37.09767741734504,35.40067008357578,60000,300,8.979343599999993,8.953125,True
cx0.5_mut0.3,0.5,0.3,test_3,2,15,257,39.35080245907401,37.47878998827695,60000,300,8.168284700001095,8.015625,True
cx0.5_mut0.3,0.5,0.3,test_3,2,16,258,41.42478679074272,39.40993618560143,60000,300,9.260855199998332,8.96875,True
cx0.5_mut0.3,0.5,0.3,test_3,2,17,259,31.3918343502256,29.714596691457505,60000,300,8.122218800002884,8.015625,True
cx0.5_mut0.3,0.5,0.3,test_3,2,18,260,38.60573049847467,36.93220487499036,60000,300,8.47645520000151,8.25,True
cx0.5_mut0.3,0.5,0.3,test_3,2,19,261,42.06472757140867,40.51931822614314,60000,300,8.696579499999643,8.609375,True
cx0.5_mut0.3,0.5,0.3,test_4,3,0,342,35.610389299940685,33.841095817894406,60000,300,8.977030499998364,8.75,True
cx0.5_mut0.3,0.5,0.3,test_4,3,1,343,35.58635925249784,33.96406389482987,60000,300,8.61972539999988,8.515625,True
cx0.5_mut0.3,0.5,0.3,test_4,3,2,344,34.531258709078834,33.05402698537424,60000,300,9.120513000001665,9.09375,True
cx0.5_mut0.3,0.5,0.3,test_4,3,3,345,34.10041367344731,32.77442982779384,60000,300,9.623296100002335,9.453125,True
cx0.5_mut0.3,0.5,0.3,test_4,3,4,346,29.93901917610731,28.330594966922078,60000,300,9.54337630000009,9.234375,True
cx0.5_mut0.3,0.5,0.3,test_4,3,5,347,30.74818408412137,29.253859282009753,60000,300,7.995854600001621,7.921875,True
cx0.5_mut0.3,0.5,0.3,test_4,3,6,348,33.60080103538784,32.0161972945604,60000,300,8.314920000000711,8.1875,True
cx0.5_mut0.3,0.5,0.3,test_4,3,7,349,35.85131598210723,34.137583521921265,60000,300,9.17538820000118,9.078125,True
cx0.5_mut0.3,0.5,0.3,test_4,3,8,350,34.078302749363964,32.616534569319725,60000,300,9.927517299998726,9.0625,True
cx0.5_mut0.3,0.5,0.3,test_4,3,9,351,37.09119510394595,35.26860186247816,60000,300,8.771596400001727,8.65625,True
cx0.5_mut0.3,0.5,0.3,test_4,3,10,352,36.160904767933914,34.70657317086624,60000,300,9.743548399997962,9.265625,True
cx0.5_mut0.3,0.5,0.3,test_4,3,11,353,30.947325978604272,29.496057706491786,60000,300,8.970521999999619,8.859375,True
cx0.5_mut0.3,0.5,0.3,test_4,3,12,354,42.79520551424757,40.87569632405497,60000,300,8.76142339999933,8.53125,True
cx0.5_mut0.3,0.5,0.3,test_4,3,13,355,34.1905834764497,32.52007888412699,60000,300,8.533815100003267,8.296875,True
cx0.5_mut0.3,0.5,0.3,test_4,3,14,356,30.544738288878786,29.27456827607631,60000,300,8.823371800001041,8.578125,True
cx0.5_mut0.3,0.5,0.3,test_4,3,15,357,33.79905738416719,32.32641015600402,60000,300,8.405994899996585,8.171875,True
cx0.5_mut0.3,0.5,0.3,test_4,3,16,358,33.993274763636194,32.52258766566074,60000,300,9.040393999999651,8.78125,True
cx0.5_mut0.3,0.5,0.3,test_4,3,17,359,34.06314356967745,32.24490386388141,60000,300,8.81023809999897,8.75,True
cx0.5_mut0.3,0.5,0.3,test_4,3,18,360,39.593943988905956,38.08605821879152,60000,300,8.75588179999977,8.578125,True
cx0.5_mut0.3,0.5,0.3,test_4,3,19,361,35.419003066121704,33.90985733971526,60000,300,9.379335999998148,9.21875,True
cx0.5_mut0.3,0.5,0.3,test_5,4,0,442,42.46780215135051,40.61178568172512,60000,300,8.762354800001049,8.59375,True
cx0.5_mut0.3,0.5,0.3,test_5,4,1,443,39.01040252780434,37.52878463603015,60000,300,9.211767599997984,9.09375,True
cx0.5_mut0.3,0.5,0.3,test_5,4,2,444,40.46155698309367,38.439836082686824,60000,300,8.743146000000706,8.625,True
cx0.5_mut0.3,0.5,0.3,test_5,4,3,445,35.82113984067143,34.16501397230762,60000,300,7.974438699999155,7.890625,True
cx0.5_mut0.3,0.5,0.3,test_5,4,4,446,40.4141919953269,39.03917356547278,60000,300,8.514159299997118,8.390625,True
cx0.5_mut0.3,0.5,0.3,test_5,4,5,447,39.18403301473739,37.15762430190823,60000,300,9.081018500000937,8.9375,True
cx0.5_mut0.3,0.5,0.3,test_5,4,6,448,43.39711339362609,41.750451819095375,60000,300,8.46017429999847,8.25,True
cx0.5_mut0.3,0.5,0.3,test_5,4,7,449,41.188023902229006,39.4963751213775,60000,300,8.543232300002273,8.421875,True
cx0.5_mut0.3,0.5,0.3,test_5,4,8,450,53.40278640702681,51.73158757111341,60000,300,8.767182400002639,8.5,True
cx0.5_mut0.3,0.5,0.3,test_5,4,9,451,45.84984787040419,44.119924880209616,60000,300,9.153800000000047,8.890625,True
cx0.5_mut0.3,0.5,0.3,test_5,4,10,452,43.33426800539357,41.60826376402069,60000,300,8.346162999998342,8.1875,True
cx0.5_mut0.3,0.5,0.3,test_5,4,11,453,42.6159259256391,40.82227979971089,60000,300,8.825224599997455,8.765625,True
cx0.5_mut0.3,0.5,0.3,test_5,4,12,454,43.1980940406484,41.51292984396464,60000,300,8.082459500001278,7.953125,True
cx0.5_mut0.3,0.5,0.3,test_5,4,13,455,39.84296353287405,38.314217294030186,60000,300,8.55577379999886,8.234375,True
cx0.5_mut0.3,0.5,0.3,test_5,4,14,456,43.351729722125235,41.81612602933483,60000,300,8.3798420000021,8.140625,True
cx0.5_mut0.3,0.5,0.3,test_5,4,15,457,49.15424895655668,47.312734638703205,60000,300,8.807783199998084,8.5625,True
cx0.5_mut0.3,0.5,0.3,test_5,4,16,458,41.568162958146395,39.72325630521955,60000,300,9.303645300002245,9.21875,True
cx0.5_mut0.3,0.5,0.3,test_5,4,17,459,40.30610857683788,38.49843891240555,60000,300,9.07911900000181,8.421875,True
cx0.5_mut0.3,0.5,0.3,test_5,4,18,460,40.82761026461986,39.38081055077254,60000,300,9.992724600000656,9.515625,True
cx0.5_mut0.3,0.5,0.3,test_5,4,19,461,46.69650184464688,44.73052014836966,60000,300,9.752674199997273,8.921875,True
cx0.5_mut0.3,0.5,0.3,test_6,5,0,542,34.20210494626295,32.72194475949709,60000,300,9.176715199999308,8.703125,True
cx0.5_mut0.3,0.5,0.3,test_6,5,1,543,39.480137731177535,37.518402908529794,60000,300,8.630218099999183,8.421875,True
cx0.5_mut0.3,0.5,0.3,test_6,5,2,544,39.931327243096156,38.34939354925325,60000,300,9.435383700001694,9.3125,True
cx0.5_mut0.3,0.5,0.3,test_6,5,3,545,41.58208544451758,40.134149593340595,60000,300,9.656402000000526,8.90625,True
cx0.5_mut0.3,0.5,0.3,test_6,5,4,546,35.106648875976944,33.6746666582643,60000,300,9.275074600001972,9.0,True
cx0.5_mut0.3,0.5,0.3,test_6,5,5,547,37.35212728362138,35.848281936532565,60000,300,8.968432999998186,8.671875,True
cx0.5_mut0.3,0.5,0.3,test_6,5,6,548,39.328712292415254,37.46718489870947,60000,300,9.686247699999512,8.984375,True
cx0.5_mut0.3,0.5,0.3,test_6,5,7,549,39.057529841776805,37.22957896660668,60000,300,10.030642599998828,9.484375,True
cx0.5_mut0.3,0.5,0.3,test_6,5,8,550,37.66883239163729,35.763926240209756,60000,300,9.429827800002386,9.28125,True
cx0.5_mut0.3,0.5,0.3,test_6,5,9,551,36.19496016921249,34.329842933466004,60000,300,11.001764599997841,9.828125,True
cx0.5_mut0.3,0.5,0.3,test_6,5,10,552,38.69260213412586,36.971837342295956,60000,300,9.914713899997878,9.71875,True
cx0.5_mut0.3,0.5,0.3,test_6,5,11,553,36.16542539238438,34.967979089708535,60000,300,8.451687500000844,8.171875,True
cx0.5_mut0.3,0.5,0.3,test_6,5,12,554,38.55131732545319,36.98147276668641,60000,300,8.590103999998973,8.4375,True
cx0.5_mut0.3,0.5,0.3,test_6,5,13,555,43.96957758586033,42.49428570578399,60000,300,9.445441600000777,9.390625,True
cx0.5_mut0.3,0.5,0.3,test_6,5,14,556,47.08439395022586,45.502953938323884,60000,300,9.931313900000532,9.796875,True
cx0.5_mut0.3,0.5,0.3,test_6,5,15,557,42.09785655210823,40.52916726096255,60000,300,9.045613899997988,8.84375,True
cx0.5_mut0.3,0.5,0.3,test_6,5,16,558,39.38363578587877,37.74598933176398,60000,300,9.549465599997347,9.4375,True
cx0.5_mut0.3,0.5,0.3,test_6,5,17,559,43.70391685481982,41.784991485454945,60000,300,8.38725340000019,8.28125,True
cx0.5_mut0.3,0.5,0.3,test_6,5,18,560,39.45228042053092,37.968156921052746,60000,300,8.72893699999986,8.640625,True
cx0.5_mut0.3,0.5,0.3,test_6,5,19,561,42.771417132657646,40.817636834590715,60000,300,8.897998699998425,8.734375,True
cx0.5_mut0.3,0.5,0.3,test_7,6,0,642,42.98770998994146,40.80348564192541,60000,300,8.952694200001133,8.875,True
cx0.5_mut0.3,0.5,0.3,test_7,6,1,643,39.243744250476134,37.61244991269923,60000,300,9.027222900000197,9.0,True
cx0.5_mut0.3,0.5,0.3,test_7,6,2,644,36.35244629569258,34.73859365039591,60000,300,9.129810700000235,9.0,True
cx0.5_mut0.3,0.5,0.3,test_7,6,3,645,37.7603602545713,35.98499292356277,60000,300,9.115540700000565,9.015625,True
cx0.5_mut0.3,0.5,0.3,test_7,6,4,646,40.465733481957,38.91504783442589,60000,300,9.018788800000038,8.5,True
cx0.5_mut0.3,0.5,0.3,test_7,6,5,647,39.60284118482162,37.83917624898056,60000,300,9.019497699999192,8.875,True
cx0.5_mut0.3,0.5,0.3,test_7,6,6,648,37.791040313274394,36.24080887441667,60000,300,9.10738660000061,8.9375,True
cx0.5_mut0.3,0.5,0.3,test_7,6,7,649,32.481802010457166,30.54589673160205,60000,300,8.130156999999599,7.96875,True
cx0.5_mut0.3,0.5,0.3,test_7,6,8,650,39.421593153635534,37.78830227226599,60000,300,9.184228300000541,8.90625,True
cx0.5_mut0.3,0.5,0.3,test_7,6,9,651,37.19143352717108,35.28207760475537,60000,300,9.751574199999595,9.421875,True
cx0.5_mut0.3,0.5,0.3,test_7,6,10,652,37.63920943639619,36.10274013888525,60000,300,8.28697259999899,8.0625,True
cx0.5_mut0.3,0.5,0.3,test_7,6,11,653,34.27031744637456,32.4534620238233,60000,300,9.1200233999989,8.9375,True
cx0.5_mut0.3,0.5,0.3,test_7,6,12,654,40.886169689155906,39.11128766724461,60000,300,9.091633099997125,9.0,True
cx0.5_mut0.3,0.5,0.3,test_7,6,13,655,31.15011095912932,29.557288103066266,60000,300,9.252171700001782,8.96875,True
cx0.5_mut0.3,0.5,0.3,test_7,6,14,656,36.73572880019295,34.936403807331416,60000,300,8.47860810000202,8.421875,True
cx0.5_mut0.3,0.5,0.3,test_7,6,15,657,39.34894225293054,37.59968972189846,60000,300,9.15255260000049,9.09375,True
cx0.5_mut0.3,0.5,0.3,test_7,6,16,658,42.45104535810994,40.48501123176027,60000,300,9.025656799996796,8.859375,True
cx0.5_mut0.3,0.5,0.3,test_7,6,17,659,42.846117149953095,40.84832991690327,60000,300,9.478844000001118,9.203125,True
cx0.5_mut0.3,0.5,0.3,test_7,6,18,660,36.0828855471905,34.51564707317793,60000,300,9.083468900000298,8.96875,True
cx0.5_mut0.3,0.5,0.3,test_7,6,19,661,45.78912685625032,44.03657198423221,60000,300,8.901933900000586,8.6875,True
cx0.5_mut0.3,0.5,0.3,test_8,7,0,742,35.64121217955119,33.83614782465164,60000,300,9.020874699999695,8.609375,True
cx0.5_mut0.3,0.5,0.3,test_8,7,1,743,29.16966626551902,27.771031573308434,60000,300,9.475239899998996,9.09375,True
cx0.5_mut0.3,0.5,0.3,test_8,7,2,744,33.95905616650036,32.122599816560445,60000,300,9.312373700002354,9.078125,True
cx0.5_mut0.3,0.5,0.3,test_8,7,3,745,36.98205533595379,35.2906890439516,60000,300,9.80405139999857,9.625,True
cx0.5_mut0.3,0.5,0.3,test_8,7,4,746,37.58301678944698,36.01584274643874,60000,300,8.809867100000702,8.703125,True
cx0.5_mut0.3,0.5,0.3,test_8,7,5,747,35.093843114782224,33.18617169798778,60000,300,9.48491070000091,9.34375,True
cx0.5_mut0.3,0.5,0.3,test_8,7,6,748,40.81131791488093,39.02310575633404,60000,300,9.559002699999837,8.921875,True
cx0.5_mut0.3,0.5,0.3,test_8,7,7,749,34.901705476634305,33.12520498703118,60000,300,9.033232199999475,8.921875,True
cx0.5_mut0.3,0.5,0.3,test_8,7,8,750,41.42653815739839,39.625624615304325,60000,300,8.6607769000002,8.515625,True
cx0.5_mut0.3,0.5,0.3,test_8,7,9,751,35.56881181978337,33.9245877462643,60000,300,9.267615499997191,8.9375,True
cx0.5_mut0.3,0.5,0.3,test_8,7,10,752,42.69368544924379,40.61118365134473,60000,300,9.244104699999298,9.0625,True
cx0.5_mut0.3,0.5,0.3,test_8,7,11,753,35.49304387575794,33.92745091585134,60000,300,10.17087729999912,9.375,True
cx0.5_mut0.3,0.5,0.3,test_8,7,12,754,31.99151554181523,30.26522976226039,60000,300,8.61388530000113,8.5,True
cx0.5_mut0.3,0.5,0.3,test_8,7,13,755,41.131562011581586,39.286398598708,60000,300,9.086886900000536,8.890625,True
cx0.5_mut0.3,0.5,0.3,test_8,7,14,756,44.98570894393745,43.28147869515561,60000,300,9.171541899999283,9.046875,True
cx0.5_mut0.3,0.5,0.3,test_8,7,15,757,35.01986786295676,33.19977094618618,60000,300,8.782314099997166,8.671875,True
cx0.5_mut0.3,0.5,0.3,test_8,7,16,758,43.6169974627446,41.862050839365786,60000,300,8.046287900000607,8.015625,True
cx0.5_mut0.3,0.5,0.3,test_8,7,17,759,35.068430286197916,33.47961175574742,60000,300,7.602964699999575,7.578125,True
cx0.5_mut0.3,0.5,0.3,test_8,7,18,760,39.97013133940231,37.97305191003527,60000,300,8.532280600000377,8.484375,True
cx0.5_mut0.3,0.5,0.3,test_8,7,19,761,40.65486827848318,39.20988942464217,60000,300,7.686895200000436,7.578125,True
cx0.5_mut0.3,0.5,0.3,test_9,8,0,842,39.85337289214307,38.36827132244385,60000,300,9.22990899999786,8.765625,True
cx0.5_mut0.3,0.5,0.3,test_9,8,1,843,38.33623702860039,36.648801949510634,60000,300,9.241607999996631,9.171875,True
cx0.5_mut0.3,0.5,0.3,test_9,8,2,844,37.7155501493336,36.27821605394367,60000,300,7.731060399997659,7.609375,True
cx0.5_mut0.3,0.5,0.3,test_9,8,3,845,32.52958501666628,31.12463546976472,60000,300,9.0422232000019,9.0,True
cx0.5_mut0.3,0.5,0.3,test_9,8,4,846,42.57041755274298,40.886758039726864,60000,300,7.983915499997238,7.421875,True
cx0.5_mut0.3,0.5,0.3,test_9,8,5,847,47.40505766070862,45.36526606057365,60000,300,7.498724299999594,7.390625,True
cx0.5_mut0.3,0.5,0.3,test_9,8,6,848,41.080749040529206,39.57745324100432,60000,300,9.797493300000497,8.96875,True
cx0.5_mut0.3,0.5,0.3,test_9,8,7,849,50.932227315723246,49.44554937336746,60000,300,8.414757099999406,8.296875,True
cx0.5_mut0.3,0.5,0.3,test_9,8,8,850,47.066065686795554,45.78429777882311,60000,300,8.134169800003292,7.96875,True
cx0.5_mut0.3,0.5,0.3,test_9,8,9,851,45.90954782381193,44.052506009004155,60000,300,7.756476999998995,7.671875,True
cx0.5_mut0.3,0.5,0.3,test_9,8,10,852,40.852189244862466,38.74692854343039,60000,300,7.429189599999518,7.40625,True
cx0.5_mut0.3,0.5,0.3,test_9,8,11,853,40.28736673444124,38.44805493232343,60000,300,7.613154300001042,7.59375,True
cx0.5_mut0.3,0.5,0.3,test_9,8,12,854,36.61803720205868,35.126477540016005,60000,300,7.84475250000105,7.84375,True
cx0.5_mut0.3,0.5,0.3,test_9,8,13,855,43.0509397981012,41.41466156435594,60000,300,9.164065900000423,9.125,True
cx0.5_mut0.3,0.5,0.3,test_9,8,14,856,40.334071026680114,38.81830067879923,60000,300,8.989288299999316,8.890625,True
cx0.5_mut0.3,0.5,0.3,test_9,8,15,857,40.049094558582325,38.20166034105952,60000,300,7.723593899998377,7.71875,True
cx0.5_mut0.3,0.5,0.3,test_9,8,16,858,41.51884338422049,39.65244571082344,60000,300,8.878459900002781,8.734375,True
cx0.5_mut0.3,0.5,0.3,test_9,8,17,859,38.43909189556454,37.099913365047385,60000,300,8.931808200002706,8.859375,True
cx0.5_mut0.3,0.5,0.3,test_9,8,18,860,37.5626269083731,35.89644278923671,60000,300,9.079225400000723,9.0,True
cx0.5_mut0.3,0.5,0.3,test_9,8,19,861,38.17995744829227,36.71615487199505,60000,300,9.100223699999333,8.796875,True
cx0.5_mut0.3,0.5,0.3,test_10,9,0,942,38.135340140714995,36.25512395956469,60000,300,9.765093099998921,9.203125,True
cx0.5_mut0.3,0.5,0.3,test_10,9,1,943,37.185658625713934,35.81983233973747,60000,300,9.869148699999641,9.546875,True
cx0.5_mut0.3,0.5,0.3,test_10,9,2,944,39.33575443572835,37.67244273891464,60000,300,8.245416800000385,8.21875,True
cx0.5_mut0.3,0.5,0.3,test_10,9,3,945,37.66310617936205,36.189147056758166,60000,300,9.476548000002367,9.296875,True
cx0.5_mut0.3,0.5,0.3,test_10,9,4,946,32.015884722702374,30.47054933884867,60000,300,8.255775700003142,8.03125,True
cx0.5_mut0.3,0.5,0.3,test_10,9,5,947,37.66253894222242,36.034451441297996,60000,300,8.351451300000917,8.1875,True
cx0.5_mut0.3,0.5,0.3,test_10,9,6,948,36.681723822797395,35.293011642495756,60000,300,8.065515000002051,7.96875,True
cx0.5_mut0.3,0.5,0.3,test_10,9,7,949,32.80845745227943,31.29871785404829,60000,300,9.624704900001234,9.4375,True
cx0.5_mut0.3,0.5,0.3,test_10,9,8,950,35.65021114131386,34.10561440161003,60000,300,8.697324200002186,8.5,True
cx0.5_mut0.3,0.5,0.3,test_10,9,9,951,35.45683930813762,33.872329546276816,60000,300,9.366342000001168,9.09375,True
cx0.5_mut0.3,0.5,0.3,test_10,9,10,952,34.43326200479494,32.96212077482076,60000,300,8.280309900001157,8.09375,True
cx0.5_mut0.3,0.5,0.3,test_10,9,11,953,35.14884323373223,33.624009063960216,60000,300,8.647286300001724,8.453125,True
cx0.5_mut0.3,0.5,0.3,test_10,9,12,954,34.52775267079629,32.75762811388531,60000,300,8.90404910000143,8.734375,True
cx0.5_mut0.3,0.5,0.3,test_10,9,13,955,37.30867516852673,35.629406540564446,60000,300,9.029058100000839,8.640625,True
cx0.5_mut0.3,0.5,0.3,test_10,9,14,956,34.84224048109552,33.2267132339582,60000,300,9.573943499999586,9.515625,True
cx0.5_mut0.3,0.5,0.3,test_10,9,15,957,45.829078194240715,44.02206786509361,60000,300,8.930185900000652,8.640625,True
cx0.5_mut0.3,0.5,0.3,test_10,9,16,958,37.6939264117984,36.27498963000339,60000,300,8.455182599998807,8.171875,True
cx0.5_mut0.3,0.5,0.3,test_10,9,17,959,35.30560022881263,33.52528877042398,60000,300,9.67696369999976,9.359375,True
cx0.5_mut0.3,0.5,0.3,test_10,9,18,960,32.930238663525365,31.530027786078026,60000,300,8.900160799999867,8.640625,True
cx0.5_mut0.3,0.5,0.3,test_10,9,19,961,41.3165223104825,39.75841167379573,60000,300,8.571274099998845,8.359375,True
cx0.5_mut0.5,0.5,0.5,test_1,0,0,42,43.23162063335148,41.552177595595204,60000,300,7.872861799998645,7.34375,True
cx0.5_mut0.5,0.5,0.5,test_1,0,1,43,44.620195001843435,43.00946574472019,60000,300,9.081623700003547,8.8125,True
cx0.5_mut0.5,0.5,0.5,test_1,0,2,44,45.3443911202676,43.52135591777317,60000,300,9.648569000000862,9.203125,True
cx0.5_mut0.5,0.5,0.5,test_1,0,3,45,42.82628360185599,41.14476710986642,60000,300,7.540628900002048,7.3125,True
cx0.5_mut0.5,0.5,0.5,test_1,0,4,46,40.69810843197131,39.074340658577825,60000,300,8.800623900002392,8.5625,True
cx0.5_mut0.5,0.5,0.5,test_1,0,5,47,43.100706368580404,41.492680216253,60000,300,8.653771799999959,8.5625,True
cx0.5_mut0.5,0.5,0.5,test_1,0,6,48,41.910908644935915,40.056782357119964,60000,300,8.404438900000969,8.296875,True
cx0.5_mut0.5,0.5,0.5,test_1,0,7,49,40.21174216933895,38.30281434788374,60000,300,8.59041619999698,8.515625,True
cx0.5_mut0.5,0.5,0.5,test_1,0,8,50,48.24755370800627,46.74003746239988,60000,300,8.087707700000465,8.03125,True
cx0.5_mut0.5,0.5,0.5,test_1,0,9,51,45.13341982406503,43.57670853744098,60000,300,8.090683499998704,8.046875,True
cx0.5_mut0.5,0.5,0.5,test_1,0,10,52,56.32829328167498,54.4829416692096,60000,300,7.786535700000968,7.765625,True
cx0.5_mut0.5,0.5,0.5,test_1,0,11,53,47.50417704291648,45.68833281469861,60000,300,8.012512299999798,7.953125,True
cx0.5_mut0.5,0.5,0.5,test_1,0,12,54,53.53723080893856,51.29577964435474,60000,300,7.721869100001641,7.71875,True
cx0.5_mut0.5,0.5,0.5,test_1,0,13,55,47.34647867427396,45.380382719769194,60000,300,7.735150699998485,7.703125,True
cx0.5_mut0.5,0.5,0.5,test_1,0,14,56,45.068991178784295,43.46876499707524,60000,300,8.041188499999407,7.953125,True
cx0.5_mut0.5,0.5,0.5,test_1,0,15,57,50.7688993724216,48.99670145700701,60000,300,8.231391399996937,8.125,True
cx0.5_mut0.5,0.5,0.5,test_1,0,16,58,42.487093845989925,41.087306231888796,60000,300,8.261540300001798,8.171875,True
cx0.5_mut0.5,0.5,0.5,test_1,0,17,59,43.30919393590164,41.461955090364235,60000,300,8.215432600001805,8.078125,True
cx0.5_mut0.5,0.5,0.5,test_1,0,18,60,48.224614215932924,46.089002787889946,60000,300,8.752456500002154,8.65625,True
cx0.5_mut0.5,0.5,0.5,test_1,0,19,61,43.050875847849106,41.141095559239716,60000,300,8.58944160000101,8.5,True
cx0.5_mut0.5,0.5,0.5,test_2,1,0,142,50.87062689765134,48.88990787863453,60000,300,8.625059199999669,8.5,True
cx0.5_mut0.5,0.5,0.5,test_2,1,1,143,40.323040956372814,38.511157232534984,60000,300,7.201927499998419,7.125,True
cx0.5_mut0.5,0.5,0.5,test_2,1,2,144,43.861558100480366,42.259176194761004,60000,300,8.566791799999919,8.3125,True
cx0.5_mut0.5,0.5,0.5,test_2,1,3,145,41.87512927924324,40.10005761345763,60000,300,8.995017400000506,8.765625,True
cx0.5_mut0.5,0.5,0.5,test_2,1,4,146,37.657686495732044,36.15641543814135,60000,300,7.903269500002352,7.875,True
cx0.5_mut0.5,0.5,0.5,test_2,1,5,147,34.68311766191503,32.956846940674524,60000,300,7.77907039999991,7.703125,True
cx0.5_mut0.5,0.5,0.5,test_2,1,6,148,41.893747830968806,40.14442939666847,60000,300,8.18453540000337,8.125,True
cx0.5_mut0.5,0.5,0.5,test_2,1,7,149,38.04556559370126,36.28011137927167,60000,300,8.052425499998208,7.984375,True
cx0.5_mut0.5,0.5,0.5,test_2,1,8,150,47.405021720114256,45.7887268977296,60000,300,7.8657652999972925,7.828125,True
cx0.5_mut0.5,0.5,0.5,test_2,1,9,151,43.533215469335346,41.864225089735584,60000,300,8.630025400001614,8.53125,True
cx0.5_mut0.5,0.5,0.5,test_2,1,10,152,41.02005019870683,39.23214302301775,60000,300,8.186196499998914,8.171875,True
cx0.5_mut0.5,0.5,0.5,test_2,1,11,153,37.54716702007859,35.98138904497102,60000,300,8.381812100000388,8.265625,True
cx0.5_mut0.5,0.5,0.5,test_2,1,12,154,52.76845128963159,50.975486007799205,60000,300,8.699552800000674,8.609375,True
cx0.5_mut0.5,0.5,0.5,test_2,1,13,155,38.415127883322675,36.71280983540228,60000,300,8.584551899999497,8.359375,True
cx0.5_mut0.5,0.5,0.5,test_2,1,14,156,43.574223162449165,42.138551805404745,60000,300,8.103522299999895,8.015625,True
cx0.5_mut0.5,0.5,0.5,test_2,1,15,157,46.647869820104404,44.92840174792557,60000,300,8.669031699999323,8.484375,True
cx0.5_mut0.5,0.5,0.5,test_2,1,16,158,38.69665837116629,37.02269352662391,60000,300,9.5388626999993,9.3125,True
cx0.5_mut0.5,0.5,0.5,test_2,1,17,159,43.077778444797644,41.24101347407489,60000,300,8.920171099998697,8.609375,True
cx0.5_mut0.5,0.5,0.5,test_2,1,18,160,41.14061023348714,39.518977461864964,60000,300,10.404553099997429,10.15625,True
cx0.5_mut0.5,0.5,0.5,test_2,1,19,161,39.13035025467794,37.433224904045126,60000,300,8.915747399998509,8.703125,True
cx0.5_mut0.5,0.5,0.5,test_3,2,0,242,47.46222734077298,45.59513816528634,60000,300,9.15216209999926,9.03125,True
cx0.5_mut0.5,0.5,0.5,test_3,2,1,243,50.924327874159886,49.19010571446548,60000,300,9.715574199999537,9.375,True
cx0.5_mut0.5,0.5,0.5,test_3,2,2,244,46.311745056347135,44.49974615391192,60000,300,9.696642999999312,9.59375,True
cx0.5_mut0.5,0.5,0.5,test_3,2,3,245,45.99267369776104,44.09973259005718,60000,300,9.493618200001947,9.265625,True
cx0.5_mut0.5,0.5,0.5,test_3,2,4,246,47.39875549613411,45.406627001157965,60000,300,9.938426799999434,9.5,True
cx0.5_mut0.5,0.5,0.5,test_3,2,5,247,41.07679073687254,39.32676758197226,60000,300,10.260581400001684,9.9375,True
cx0.5_mut0.5,0.5,0.5,test_3,2,6,248,54.19530082870502,52.17870893853164,60000,300,9.683233499999915,9.53125,True
cx0.5_mut0.5,0.5,0.5,test_3,2,7,249,42.46729900687476,40.635557052834756,60000,300,9.743675699999585,9.5625,True
cx0.5_mut0.5,0.5,0.5,test_3,2,8,250,45.06352588712327,43.01210736723714,60000,300,11.862747999999556,10.53125,True
cx0.5_mut0.5,0.5,0.5,test_3,2,9,251,49.21748346008682,46.87950814001507,60000,300,9.604766199998267,9.265625,True
cx0.5_mut0.5,0.5,0.5,test_3,2,10,252,44.8549285979746,43.21947712811388,60000,300,9.632786399997713,9.515625,True
cx0.5_mut0.5,0.5,0.5,test_3,2,11,253,43.21623014351611,41.322036445515664,60000,300,9.601295299999038,9.46875,True
cx0.5_mut0.5,0.5,0.5,test_3,2,12,254,53.74497157168104,51.723829479317565,60000,300,9.790160700002161,9.421875,True
cx0.5_mut0.5,0.5,0.5,test_3,2,13,255,46.551291804976664,44.48553718278309,60000,300,9.265525599999819,9.25,True
cx0.5_mut0.5,0.5,0.5,test_3,2,14,256,47.75393416451141,45.60358512936591,60000,300,9.248561399999744,9.15625,True
cx0.5_mut0.5,0.5,0.5,test_3,2,15,257,44.32054156225977,42.19536409700187,60000,300,9.818074300001172,9.609375,True
cx0.5_mut0.5,0.5,0.5,test_3,2,16,258,41.938553612518554,40.22264283641098,60000,300,9.868724799998745,9.609375,True
cx0.5_mut0.5,0.5,0.5,test_3,2,17,259,43.644258205622315,41.88927417947947,60000,300,8.104151299998193,8.015625,True
cx0.5_mut0.5,0.5,0.5,test_3,2,18,260,40.2864570808813,38.74400229523743,60000,300,9.154484700000467,8.96875,True
cx0.5_mut0.5,0.5,0.5,test_3,2,19,261,52.47131929862984,50.64044956250139,60000,300,9.980593799999042,9.890625,True
cx0.5_mut0.5,0.5,0.5,test_4,3,0,342,38.66733089778523,36.91037811508321,60000,300,10.000164799999766,9.828125,True
cx0.5_mut0.5,0.5,0.5,test_4,3,1,343,39.85078407262051,37.950881324090915,60000,300,9.236091800001304,9.078125,True
cx0.5_mut0.5,0.5,0.5,test_4,3,2,344,37.77387414705131,36.03091700228358,60000,300,9.55757259999882,9.484375,True
cx0.5_mut0.5,0.5,0.5,test_4,3,3,345,41.7266300309864,39.929788005381276,60000,300,8.529593600000226,8.359375,True
cx0.5_mut0.5,0.5,0.5,test_4,3,4,346,41.754448966310946,40.128179265815334,60000,300,10.276755099999718,10.0625,True
cx0.5_mut0.5,0.5,0.5,test_4,3,5,347,35.64091695930923,34.04427908922303,60000,300,10.07131169999775,10.03125,True
cx0.5_mut0.5,0.5,0.5,test_4,3,6,348,38.646607078753206,36.86587787551798,60000,300,8.893734199999017,8.8125,True
cx0.5_mut0.5,0.5,0.5,test_4,3,7,349,44.55382152942767,42.957856915039244,60000,300,10.165552000002208,10.09375,True
cx0.5_mut0.5,0.5,0.5,test_4,3,8,350,38.52937504495824,37.190124909538206,60000,300,10.446807999996963,9.84375,True
cx0.5_mut0.5,0.5,0.5,test_4,3,9,351,39.153214418431894,37.48924185860696,60000,300,8.247393600002397,8.15625,True
cx0.5_mut0.5,0.5,0.5,test_4,3,10,352,41.121372330612886,39.27122751161436,60000,300,9.867288900000858,9.53125,True
cx0.5_mut0.5,0.5,0.5,test_4,3,11,353,38.254925941800515,36.651736720677604,60000,300,9.654993699998158,9.515625,True
cx0.5_mut0.5,0.5,0.5,test_4,3,12,354,37.754556655123835,36.36669174757093,60000,300,9.52882260000115,9.28125,True
cx0.5_mut0.5,0.5,0.5,test_4,3,13,355,41.704053215591465,40.13719388901678,60000,300,9.634435200001462,9.453125,True
cx0.5_mut0.5,0.5,0.5,test_4,3,14,356,39.52344327647969,37.83996052674404,60000,300,10.107701200002339,9.828125,True
cx0.5_mut0.5,0.5,0.5,test_4,3,15,357,39.09814904716751,37.238281028953025,60000,300,9.613109699999768,9.375,True
cx0.5_mut0.5,0.5,0.5,test_4,3,16,358,44.73921055183399,43.31986748369005,60000,300,8.864319600001181,8.765625,True
cx0.5_mut0.5,0.5,0.5,test_4,3,17,359,39.60147290956028,37.61623119280452,60000,300,9.456746700001531,9.296875,True
cx0.5_mut0.5,0.5,0.5,test_4,3,18,360,43.2413635852243,41.43694728164379,60000,300,10.428260800003045,10.140625,True
cx0.5_mut0.5,0.5,0.5,test_4,3,19,361,38.301934629346725,36.94920279611928,60000,300,10.125170399998751,10.03125,True
cx0.5_mut0.5,0.5,0.5,test_5,4,0,442,47.59578834691896,45.579929949167116,60000,300,9.759386499998072,9.625,True
cx0.5_mut0.5,0.5,0.5,test_5,4,1,443,47.958889727460026,46.53768685011504,60000,300,9.612069700000575,9.515625,True
cx0.5_mut0.5,0.5,0.5,test_5,4,2,444,44.50690295062151,42.90601662049335,60000,300,8.960838800001511,8.875,True
cx0.5_mut0.5,0.5,0.5,test_5,4,3,445,49.8358666870579,48.05374419931509,60000,300,9.441023600000335,9.171875,True
cx0.5_mut0.5,0.5,0.5,test_5,4,4,446,55.99248158991475,54.13138210714726,60000,300,9.194583599997713,9.09375,True
cx0.5_mut0.5,0.5,0.5,test_5,4,5,447,52.15410735363441,50.245079708962045,60000,300,9.59361809999973,9.296875,True
cx0.5_mut0.5,0.5,0.5,test_5,4,6,448,46.14043201525264,44.547240572077214,60000,300,9.19649269999718,9.046875,True
cx0.5_mut0.5,0.5,0.5,test_5,4,7,449,43.503204595409954,41.758983458396884,60000,300,9.523243499999808,9.421875,True
cx0.5_mut0.5,0.5,0.5,test_5,4,8,450,54.754568026250666,52.62981425438041,60000,300,9.046961100000772,8.8125,True
cx0.5_mut0.5,0.5,0.5,test_5,4,9,451,54.32713395944785,52.787830172208864,60000,300,9.257517900001403,8.96875,True
cx0.5_mut0.5,0.5,0.5,test_5,4,10,452,43.44495085386378,41.75349084639137,60000,300,8.985029700001178,8.859375,True
cx0.5_mut0.5,0.5,0.5,test_5,4,11,453,45.86545748019427,43.73245214957427,60000,300,9.06838439999774,8.9375,True
cx0.5_mut0.5,0.5,0.5,test_5,4,12,454,49.56368912613283,47.558183980940285,60000,300,9.185120900001493,8.953125,True
cx0.5_mut0.5,0.5,0.5,test_5,4,13,455,51.72263065365783,49.88090947356573,60000,300,9.507180500000686,9.203125,True
cx0.5_mut0.5,0.5,0.5,test_5,4,14,456,46.78540469109179,44.86220034932172,60000,300,9.68409320000137,9.390625,True
cx0.5_mut0.5,0.5,0.5,test_5,4,15,457,42.468333564506715,40.62709829826719,60000,300,9.776782200002344,9.453125,True
cx0.5_mut0.5,0.5,0.5,test_5,4,16,458,48.604930898604636,46.92959842936722,60000,300,8.944517100000667,8.734375,True
cx0.5_mut0.5,0.5,0.5,test_5,4,17,459,53.86559594547127,51.93585224715241,60000,300,9.761174200000823,9.046875,True
cx0.5_mut0.5,0.5,0.5,test_5,4,18,460,44.49890224265011,42.922797950997875,60000,300,9.584811400000035,9.234375,True
cx0.5_mut0.5,0.5,0.5,test_5,4,19,461,54.91932891245417,52.96578493589047,60000,300,10.654052199999569,9.703125,True
cx0.5_mut0.5,0.5,0.5,test_6,5,0,542,44.309503284747024,42.265716103317104,60000,300,10.41866050000317,10.09375,True
cx0.5_mut0.5,0.5,0.5,test_6,5,1,543,50.422470563013505,48.61659969452989,60000,300,9.678660300000047,9.609375,True
cx0.5_mut0.5,0.5,0.5,test_6,5,2,544,44.2867758500367,42.64102516787326,60000,300,9.624915000000328,9.40625,True
cx0.5_mut0.5,0.5,0.5,test_6,5,3,545,44.704015080369985,42.961822181890234,60000,300,11.62452100000155,10.796875,True
cx0.5_mut0.5,0.5,0.5,test_6,5,4,546,43.22490997365408,41.56245361018068,60000,300,10.185536700002558,9.71875,True
cx0.5_mut0.5,0.5,0.5,test_6,5,5,547,49.640355738200505,47.80695461422482,60000,300,9.64780029999747,9.4375,True
cx0.5_mut0.5,0.5,0.5,test_6,5,6,548,46.81580786399499,44.99132658895013,60000,300,10.047958299997845,9.40625,True
cx0.5_mut0.5,0.5,0.5,test_6,5,7,549,40.221990547046815,38.619134633802055,60000,300,12.576459899999463,11.59375,True
cx0.5_mut0.5,0.5,0.5,test_6,5,8,550,43.32799465343946,41.6593219436313,60000,300,9.715811499998381,9.515625,True
cx0.5_mut0.5,0.5,0.5,test_6,5,9,551,37.59991850718671,36.29446256484191,60000,300,10.809101999999257,9.890625,True
cx0.5_mut0.5,0.5,0.5,test_6,5,10,552,41.818672871302454,40.01689286713078,60000,300,9.696811199999502,9.3125,True
cx0.5_mut0.5,0.5,0.5,test_6,5,11,553,48.05405664309177,46.36201726522845,60000,300,9.844688699999097,9.484375,True
cx0.5_mut0.5,0.5,0.5,test_6,5,12,554,40.1131813959917,38.55796603485548,60000,300,10.355775200001517,10.171875,True
cx0.5_mut0.5,0.5,0.5,test_6,5,13,555,50.95823755755623,49.09441093326906,60000,300,8.99565739999889,8.796875,True
cx0.5_mut0.5,0.5,0.5,test_6,5,14,556,56.254802621485524,53.96808240832807,60000,300,10.919828300000518,10.6875,True
cx0.5_mut0.5,0.5,0.5,test_6,5,15,557,41.17475276438981,39.57743097164776,60000,300,9.69670650000262,9.53125,True
cx0.5_mut0.5,0.5,0.5,test_6,5,16,558,39.59080748079502,37.877210349771865,60000,300,8.893822899997758,8.78125,True
cx0.5_mut0.5,0.5,0.5,test_6,5,17,559,40.67904464063548,39.025371550351394,60000,300,11.149723899998207,11.0,True
cx0.5_mut0.5,0.5,0.5,test_6,5,18,560,45.420366881214285,43.50950936960144,60000,300,9.046267100002297,8.921875,True
cx0.5_mut0.5,0.5,0.5,test_6,5,19,561,41.339995386025855,39.48474808539368,60000,300,9.864990599999146,9.765625,True
cx0.5_mut0.5,0.5,0.5,test_7,6,0,642,41.48439621559347,39.58449340317618,60000,300,9.67090140000073,9.53125,True
cx0.5_mut0.5,0.5,0.5,test_7,6,1,643,42.459011064015876,40.467025183336865,60000,300,9.94457440000042,9.8125,True
cx0.5_mut0.5,0.5,0.5,test_7,6,2,644,46.539585264577674,44.65567238262159,60000,300,9.61693749999904,9.34375,True
cx0.5_mut0.5,0.5,0.5,test_7,6,3,645,49.507061839618125,47.32455625116056,60000,300,9.86683769999945,9.71875,True
cx0.5_mut0.5,0.5,0.5,test_7,6,4,646,43.07580758608036,41.253269638970174,60000,300,9.417210800002067,9.046875,True
cx0.5_mut0.5,0.5,0.5,test_7,6,5,647,44.05225864214687,42.20785413842637,60000,300,9.834350500001165,9.6875,True
cx0.5_mut0.5,0.5,0.5,test_7,6,6,648,48.36260053402711,46.63038610816115,60000,300,9.933955000000424,9.765625,True
cx0.5_mut0.5,0.5,0.5,test_7,6,7,649,46.61136672102855,44.505142995744656,60000,300,9.80077970000275,9.484375,True
cx0.5_mut0.5,0.5,0.5,test_7,6,8,650,48.94748654147324,47.20020794128463,60000,300,9.643660900001123,9.25,True
cx0.5_mut0.5,0.5,0.5,test_7,6,9,651,43.392858695554125,41.28101539027083,60000,300,10.448289699997986,10.140625,True
cx0.5_mut0.5,0.5,0.5,test_7,6,10,652,42.57675164931459,40.929267318505595,60000,300,9.641570200001297,9.421875,True
cx0.5_mut0.5,0.5,0.5,test_7,6,11,653,41.35336413543153,39.490450808546065,60000,300,9.602897199998552,9.421875,True
cx0.5_mut0.5,0.5,0.5,test_7,6,12,654,39.4125967924534,37.82885557822352,60000,300,9.982771099999809,9.828125,True
cx0.5_mut0.5,0.5,0.5,test_7,6,13,655,49.96823991936753,48.319715160428565,60000,300,10.220400499998505,10.0,True
cx0.5_mut0.5,0.5,0.5,test_7,6,14,656,48.05845064454532,46.389085644089654,60000,300,9.295730699999694,9.203125,True
cx0.5_mut0.5,0.5,0.5,test_7,6,15,657,38.80799188954944,36.821229140817806,60000,300,9.158883700001752,9.109375,True
cx0.5_mut0.5,0.5,0.5,test_7,6,16,658,43.0051902708276,41.03960891787613,60000,300,10.290916399997514,10.09375,True
cx0.5_mut0.5,0.5,0.5,test_7,6,17,659,47.43988949823058,45.546983939793094,60000,300,10.508162599999196,10.21875,True
cx0.5_mut0.5,0.5,0.5,test_7,6,18,660,40.710957541640674,38.901282442771034,60000,300,9.787100699999428,9.625,True
cx0.5_mut0.5,0.5,0.5,test_7,6,19,661,45.76974490706213,43.805216470884574,60000,300,9.588449499999115,9.359375,True
cx0.5_mut0.5,0.5,0.5,test_8,7,0,742,42.13085354174646,40.43558761719007,60000,300,10.599346399998467,9.859375,True
cx0.5_mut0.5,0.5,0.5,test_8,7,1,743,43.31889747738678,41.34912055794995,60000,300,10.24248080000325,9.8125,True
cx0.5_mut0.5,0.5,0.5,test_8,7,2,744,43.99809621407647,41.91264518251357,60000,300,9.691419999999198,9.390625,True
cx0.5_mut0.5,0.5,0.5,test_8,7,3,745,41.625458204159266,39.76968369791361,60000,300,10.078181799999584,9.875,True
cx0.5_mut0.5,0.5,0.5,test_8,7,4,746,50.25493267619622,48.40953323464093,60000,300,9.953839400001016,9.578125,True
cx0.5_mut0.5,0.5,0.5,test_8,7,5,747,39.23820968071501,37.36857882578615,60000,300,9.340861500000756,9.15625,True
cx0.5_mut0.5,0.5,0.5,test_8,7,6,748,43.031892772893315,41.19400102450447,60000,300,10.166067099999054,9.578125,True
cx0.5_mut0.5,0.5,0.5,test_8,7,7,749,40.33323854002546,38.343872161960455,60000,300,9.375850899999932,9.265625,True
cx0.5_mut0.5,0.5,0.5,test_8,7,8,750,40.150315434006764,38.294130511152396,60000,300,9.354860200000985,9.109375,True
cx0.5_mut0.5,0.5,0.5,test_8,7,9,751,43.08691959579307,40.95214770379087,60000,300,10.505285899998853,10.203125,True
cx0.5_mut0.5,0.5,0.5,test_8,7,10,752,41.65800560214635,39.934940489850696,60000,300,9.844531800001278,9.5625,True
cx0.5_mut0.5,0.5,0.5,test_8,7,11,753,43.42193939171981,41.59643628271871,60000,300,10.475279700000101,9.375,True
cx0.5_mut0.5,0.5,0.5,test_8,7,12,754,45.04036573474324,43.40434742741405,60000,300,9.123529199998302,9.046875,True
cx0.5_mut0.5,0.5,0.5,test_8,7,13,755,50.162245226907146,47.82660022102657,60000,300,8.99611989999903,8.765625,True
cx0.5_mut0.5,0.5,0.5,test_8,7,14,756,40.49910367225437,38.8680886836302,60000,300,9.720762699998886,9.515625,True
cx0.5_mut0.5,0.5,0.5,test_8,7,15,757,47.927974398441165,46.643258683109316,60000,300,8.74651090000043,8.609375,True
cx0.5_mut0.5,0.5,0.5,test_8,7,16,758,47.21194331014112,45.48558724564058,60000,300,8.97377029999916,8.921875,True
cx0.5_mut0.5,0.5,0.5,test_8,7,17,759,39.521664537832166,37.712861280355796,60000,300,10.089762100000371,10.0,True
cx0.5_mut0.5,0.5,0.5,test_8,7,18,760,38.07355144235889,36.38118980478776,60000,300,9.217068800000561,9.1875,True
cx0.5_mut0.5,0.5,0.5,test_8,7,19,761,48.68028504494248,46.87539723457064,60000,300,8.56242100000236,8.453125,True
cx0.5_mut0.5,0.5,0.5,test_9,8,0,842,38.986090161048196,37.47384714034629,60000,300,10.522245099997235,9.8125,True
cx0.5_mut0.5,0.5,0.5,test_9,8,1,843,52.63217416902702,51.16824438416942,60000,300,9.119238900002529,9.125,True
cx0.5_mut0.5,0.5,0.5,test_9,8,2,844,43.606237665950296,41.952233298735045,60000,300,9.028080899999622,9.015625,True
cx0.5_mut0.5,0.5,0.5,test_9,8,3,845,46.604935010088674,44.491804900834836,60000,300,10.021016599999712,9.953125,True
cx0.5_mut0.5,0.5,0.5,test_9,8,4,846,41.96075490740213,40.216912689530666,60000,300,12.433859100001428,11.671875,True
cx0.5_mut0.5,0.5,0.5,test_9,8,5,847,46.7517764724742,45.06631630153716,60000,300,8.287510800000746,8.09375,True
cx0.5_mut0.5,0.5,0.5,test_9,8,6,848,44.164877362001526,42.66563578312966,60000,300,13.273711499998171,12.375,True
cx0.5_mut0.5,0.5,0.5,test_9,8,7,849,45.229621067627384,43.60410890094434,60000,300,8.922753099999682,8.8125,True
cx0.5_mut0.5,0.5,0.5,test_9,8,8,850,42.25696289471637,40.44603604928532,60000,300,10.138645600000018,9.921875,True
cx0.5_mut0.5,0.5,0.5,test_9,8,9,851,41.37250063275152,39.898915970689536,60000,300,8.654707800000324,8.515625,True
cx0.5_mut0.5,0.5,0.5,test_9,8,10,852,42.24278624979742,40.4447267454118,60000,300,10.64498210000238,10.5625,True
cx0.5_mut0.5,0.5,0.5,test_9,8,11,853,48.04437836423141,46.36143889296786,60000,300,9.059456700000737,9.0,True
cx0.5_mut0.5,0.5,0.5,test_9,8,12,854,44.92250146661464,43.13008447188114,60000,300,9.344514500000514,9.28125,True
cx0.5_mut0.5,0.5,0.5,test_9,8,13,855,49.03089230703355,47.335958805250556,60000,300,8.60276259999955,8.59375,True
cx0.5_mut0.5,0.5,0.5,test_9,8,14,856,38.34485421329897,36.79961692978515,60000,300,8.79540740000084,8.75,True
cx0.5_mut0.5,0.5,0.5,test_9,8,15,857,38.29635666885482,36.80593640799731,60000,300,9.059867200001463,9.03125,True
cx0.5_mut0.5,0.5,0.5,test_9,8,16,858,47.5136727037708,45.28740316215444,60000,300,7.951822499999253,7.78125,True
cx0.5_mut0.5,0.5,0.5,test_9,8,17,859,45.37337627656781,43.7407906287309,60000,300,9.954621699998825,9.859375,True
cx0.5_mut0.5,0.5,0.5,test_9,8,18,860,45.184671229547284,43.393858033262156,60000,300,9.072626500001206,9.015625,True
cx0.5_mut0.5,0.5,0.5,test_9,8,19,861,46.559147040864126,44.64147650208967,60000,300,9.958215700000437,9.609375,True
cx0.5_mut0.5,0.5,0.5,test_10,9,0,942,41.42784671275387,39.949689226758906,60000,300,10.362193999997544,9.75,True
cx0.5_mut0.5,0.5,0.5,test_10,9,1,943,50.98900434543953,49.02330647176771,60000,300,10.513778100001218,10.0,True
cx0.5_mut0.5,0.5,0.5,test_10,9,2,944,37.481802378235706,35.916343733427105,60000,300,10.260557199999312,10.125,True
cx0.5_mut0.5,0.5,0.5,test_10,9,3,945,41.88289497967995,40.14700873978015,60000,300,8.549315200001729,8.34375,True
cx0.5_mut0.5,0.5,0.5,test_10,9,4,946,45.72556506455335,43.942423019159655,60000,300,9.052648600001703,8.90625,True
cx0.5_mut0.5,0.5,0.5,test_10,9,5,947,42.71176723883326,40.81913548834166,60000,300,10.755885900001886,10.40625,True
cx0.5_mut0.5,0.5,0.5,test_10,9,6,948,39.90717788243408,38.55989520236038,60000,300,8.711014099997556,8.578125,True
cx0.5_mut0.5,0.5,0.5,test_10,9,7,949,43.58320207932735,42.02224040455716,60000,300,9.025815600001806,8.796875,True
cx0.5_mut0.5,0.5,0.5,test_10,9,8,950,50.52863153934825,48.65386915812827,60000,300,9.349292900002183,9.296875,True
cx0.5_mut0.5,0.5,0.5,test_10,9,9,951,49.78766243833914,47.73185731919225,60000,300,11.05262440000297,10.4375,True
cx0.5_mut0.5,0.5,0.5,test_10,9,10,952,46.11851278217603,44.3123952707014,60000,300,9.131845100000646,8.96875,True
cx0.5_mut0.5,0.5,0.5,test_10,9,11,953,40.30561999582226,38.795604287899415,60000,300,10.012259400002222,9.765625,True
cx0.5_mut0.5,0.5,0.5,test_10,9,12,954,42.84540838189383,41.283951131314794,60000,300,9.39021330000105,9.09375,True
cx0.5_mut0.5,0.5,0.5,test_10,9,13,955,39.80274495119555,38.02323327880831,60000,300,9.049418000002333,8.640625,True
cx0.5_mut0.5,0.5,0.5,test_10,9,14,956,44.51487117805051,42.6820906248011,60000,300,9.290353700002015,9.25,True
cx0.5_mut0.5,0.5,0.5,test_10,9,15,957,47.98545958608452,46.488935657707245,60000,300,10.13854100000026,9.90625,True
cx0.5_mut0.5,0.5,0.5,test_10,9,16,958,38.60260912396067,36.651043048858355,60000,300,9.970950700000685,9.421875,True
cx0.5_mut0.5,0.5,0.5,test_10,9,17,959,40.18387983745831,38.384316448238415,60000,300,9.33574370000133,8.890625,True
cx0.5_mut0.5,0.5,0.5,test_10,9,18,960,37.47120038316607,35.922893671123504,60000,300,9.884365000001708,9.25,True
cx0.5_mut0.5,0.5,0.5,test_10,9,19,961,45.51278343620809,43.5208394238965,60000,300,9.590004800000315,9.4375,True
cx0.7_mut0.001,0.7,0.001,test_1,0,0,42,48.26793136723194,46.671973733640144,60000,300,9.832575899999938,9.5,True
cx0.7_mut0.001,0.7,0.001,test_1,0,1,43,46.10389892819187,44.193101239723504,60000,300,10.046821300002193,9.75,True
cx0.7_mut0.001,0.7,0.001,test_1,0,2,44,48.59361214149384,46.58908621327272,60000,300,9.781584999996994,9.5625,True
cx0.7_mut0.001,0.7,0.001,test_1,0,3,45,59.611543494922124,58.05858840077034,60000,300,8.561423999999533,8.375,True
cx0.7_mut0.001,0.7,0.001,test_1,0,4,46,48.083089986705396,45.92977972565127,60000,300,8.665442000001349,8.515625,True
cx0.7_mut0.001,0.7,0.001,test_1,0,5,47,52.818534603632365,50.53474499353707,60000,300,8.175898299999972,8.15625,True
cx0.7_mut0.001,0.7,0.001,test_1,0,6,48,46.11242129320677,44.28227144718685,60000,300,10.083468200002244,9.984375,True
cx0.7_mut0.001,0.7,0.001,test_1,0,7,49,52.74266464635251,50.90337152457818,60000,300,9.024409400000877,9.015625,True
cx0.7_mut0.001,0.7,0.001,test_1,0,8,50,42.1946547287429,40.599949166855936,60000,300,9.31859439999971,9.1875,True
cx0.7_mut0.001,0.7,0.001,test_1,0,9,51,44.51354138196943,43.10071506097164,60000,300,9.444979200001399,9.34375,True
cx0.7_mut0.001,0.7,0.001,test_1,0,10,52,53.81557220491753,51.60230580113893,60000,300,8.093035300000338,8.078125,True
cx0.7_mut0.001,0.7,0.001,test_1,0,11,53,54.29880595368263,52.552061184733205,60000,300,8.433171499997115,8.421875,True
cx0.7_mut0.001,0.7,0.001,test_1,0,12,54,40.67963224436777,39.23441995215594,60000,300,8.421588299999712,8.390625,True
cx0.7_mut0.001,0.7,0.001,test_1,0,13,55,49.22669586419949,47.089590835751146,60000,300,11.36889919999885,11.15625,True
cx0.7_mut0.001,0.7,0.001,test_1,0,14,56,51.85226732330027,49.77564124612751,60000,300,8.311731599998893,8.234375,True
cx0.7_mut0.001,0.7,0.001,test_1,0,15,57,48.486601660373914,46.80244261923077,60000,300,8.406899099998554,8.390625,True
cx0.7_mut0.001,0.7,0.001,test_1,0,16,58,45.975475753646464,44.255007396855085,60000,300,8.413982499998383,8.390625,True
cx0.7_mut0.001,0.7,0.001,test_1,0,17,59,42.653438506305896,40.884957535378255,60000,300,8.030210400000215,7.96875,True
cx0.7_mut0.001,0.7,0.001,test_1,0,18,60,45.367893532476046,43.55351009776389,60000,300,8.66627630000221,8.59375,True
cx0.7_mut0.001,0.7,0.001,test_1,0,19,61,57.700908833620936,56.33411467347041,60000,300,8.704493500001263,8.59375,True
cx0.7_mut0.001,0.7,0.001,test_2,1,0,142,52.14455987188781,50.346434476072744,60000,300,9.538353399999323,9.421875,True
cx0.7_mut0.001,0.7,0.001,test_2,1,1,143,40.60140034374156,38.77052670717493,60000,300,10.445867999998882,10.296875,True
cx0.7_mut0.001,0.7,0.001,test_2,1,2,144,46.370442834350925,44.304689705694095,60000,300,8.398206099998788,8.234375,True
cx0.7_mut0.001,0.7,0.001,test_2,1,3,145,40.97590647857118,39.17539713914416,60000,300,7.947723599998426,7.828125,True
cx0.7_mut0.001,0.7,0.001,test_2,1,4,146,50.34312960274452,48.86291285269148,60000,300,7.607522599999356,7.5625,True
cx0.7_mut0.001,0.7,0.001,test_2,1,5,147,46.33047123393352,44.69340108338827,60000,300,8.682599499999924,8.625,True
cx0.7_mut0.001,0.7,0.001,test_2,1,6,148,43.58536006477017,41.88033318598286,60000,300,9.606003799999598,9.5,True
cx0.7_mut0.001,0.7,0.001,test_2,1,7,149,45.71873356495871,44.08739991828648,60000,300,8.886788700001489,8.765625,True
cx0.7_mut0.001,0.7,0.001,test_2,1,8,150,48.92824661841067,47.15655793657879,60000,300,8.162627099998645,8.140625,True
cx0.7_mut0.001,0.7,0.001,test_2,1,9,151,48.87185840662525,47.143540811754086,60000,300,8.475156900000002,8.375,True
cx0.7_mut0.001,0.7,0.001,test_2,1,10,152,46.48115952640359,45.053909386295594,60000,300,8.327141600002506,8.109375,True
cx0.7_mut0.001,0.7,0.001,test_2,1,11,153,48.91137464046454,47.32466179593416,60000,300,9.414993700000196,9.34375,True
cx0.7_mut0.001,0.7,0.001,test_2,1,12,154,52.303393889156936,50.389410532371585,60000,300,9.048040300000139,9.0,True
cx0.7_mut0.001,0.7,0.001,test_2,1,13,155,44.94617867151949,43.32392835027338,60000,300,8.227823199998966,8.09375,True
cx0.7_mut0.001,0.7,0.001,test_2,1,14,156,48.26132319932457,46.94419960183675,60000,300,8.814252700001816,8.6875,True
cx0.7_mut0.001,0.7,0.001,test_2,1,15,157,53.69328761415849,51.97738380030835,60000,300,12.017043200001353,11.703125,True
cx0.7_mut0.001,0.7,0.001,test_2,1,16,158,43.46759661345561,41.3510672638688,60000,300,11.518451300002198,10.859375,True
cx0.7_mut0.001,0.7,0.001,test_2,1,17,159,41.532958513926395,39.85307367315133,60000,300,15.368761000001541,14.796875,True
cx0.7_mut0.001,0.7,0.001,test_2,1,18,160,40.789081062162445,39.10101038964279,60000,300,9.31119519999993,9.21875,True
cx0.7_mut0.001,0.7,0.001,test_2,1,19,161,43.5607463549146,41.87427614930675,60000,300,9.74895970000216,9.484375,True
cx0.7_mut0.001,0.7,0.001,test_3,2,0,242,45.13795623161677,43.28319105576638,60000,300,10.329754499998671,10.109375,True
cx0.7_mut0.001,0.7,0.001,test_3,2,1,243,48.4724858418701,46.75974804902338,60000,300,9.548981799998728,9.390625,True
cx0.7_mut0.001,0.7,0.001,test_3,2,2,244,44.41624676527732,42.47880206740944,60000,300,9.852964800000336,9.5625,True
cx0.7_mut0.001,0.7,0.001,test_3,2,3,245,53.860328783678135,52.054431813627986,60000,300,10.415374000000156,9.9375,True
cx0.7_mut0.001,0.7,0.001,test_3,2,4,246,44.321818498323815,42.32258872432581,60000,300,11.046507299997756,10.703125,True
cx0.7_mut0.001,0.7,0.001,test_3,2,5,247,37.942252016158555,36.2741965177688,60000,300,12.547231399999873,12.15625,True
cx0.7_mut0.001,0.7,0.001,test_3,2,6,248,53.88176847561899,51.88522485581189,60000,300,10.164666099997703,10.03125,True
cx0.7_mut0.001,0.7,0.001,test_3,2,7,249,49.62491952108579,47.72453198507364,60000,300,9.64216359999773,9.4375,True
cx0.7_mut0.001,0.7,0.001,test_3,2,8,250,50.720333695406104,48.58111708468499,60000,300,14.094901799999207,13.40625,True
cx0.7_mut0.001,0.7,0.001,test_3,2,9,251,44.78621480378345,43.195038499271796,60000,300,14.45949169999949,14.0625,True
cx0.7_mut0.001,0.7,0.001,test_3,2,10,252,42.20037932334367,40.16226181313265,60000,300,9.89563790000102,9.84375,True
cx0.7_mut0.001,0.7,0.001,test_3,2,11,253,48.06238375218101,46.14727631443062,60000,300,10.278109499999118,10.125,True
cx0.7_mut0.001,0.7,0.001,test_3,2,12,254,54.760609509515284,52.814969823151,60000,300,10.81602230000135,10.65625,True
cx0.7_mut0.001,0.7,0.001,test_3,2,13,255,47.63443544874964,45.85364479824238,60000,300,9.318968899999163,9.15625,True
cx0.7_mut0.001,0.7,0.001,test_3,2,14,256,47.60308073170226,45.415713814398615,60000,300,11.249099799999385,11.15625,True
cx0.7_mut0.001,0.7,0.001,test_3,2,15,257,52.68077021660014,50.73382800307687,60000,300,10.16061599999739,9.71875,True
cx0.7_mut0.001,0.7,0.001,test_3,2,16,258,46.41524811472454,44.945803558652194,60000,300,9.879184800000075,9.75,True
cx0.7_mut0.001,0.7,0.001,test_3,2,17,259,39.992687955401195,37.91961092012701,60000,300,10.891855599998962,10.6875,True
cx0.7_mut0.001,0.7,0.001,test_3,2,18,260,43.4769358287578,41.65266669814278,60000,300,12.022815300002549,11.828125,True
cx0.7_mut0.001,0.7,0.001,test_3,2,19,261,43.1750086346641,41.513132064362125,60000,300,11.896082399998704,11.71875,True
cx0.7_mut0.001,0.7,0.001,test_4,3,0,342,38.90947132014378,36.98843188289393,60000,300,11.680826400002843,11.578125,True
cx0.7_mut0.001,0.7,0.001,test_4,3,1,343,53.71566265577923,51.91728758772773,60000,300,12.039239600002475,11.890625,True
cx0.7_mut0.001,0.7,0.001,test_4,3,2,344,46.653889114860924,44.92924153188793,60000,300,9.254074600001331,9.171875,True
cx0.7_mut0.001,0.7,0.001,test_4,3,3,345,38.606968466547904,36.86386364056338,60000,300,9.601335800001834,9.546875,True
cx0.7_mut0.001,0.7,0.001,test_4,3,4,346,41.2674664692483,39.34554934679149,60000,300,9.918983600000502,9.703125,True
cx0.7_mut0.001,0.7,0.001,test_4,3,5,347,49.20634670495381,47.11731351603383,60000,300,9.705021899997519,9.625,True
cx0.7_mut0.001,0.7,0.001,test_4,3,6,348,42.772222997278845,40.972392380511,60000,300,11.183036099999299,11.03125,True
cx0.7_mut0.001,0.7,0.001,test_4,3,7,349,42.62586270509147,40.85383587394494,60000,300,12.165023499997915,11.734375,True
cx0.7_mut0.001,0.7,0.001,test_4,3,8,350,35.86334290023085,34.43559608325041,60000,300,9.918993199997203,9.8125,True
cx0.7_mut0.001,0.7,0.001,test_4,3,9,351,42.656175589878316,40.76432098054462,60000,300,10.451695100000506,10.125,True
cx0.7_mut0.001,0.7,0.001,test_4,3,10,352,41.321269627547366,39.26154899850178,60000,300,10.263445799999317,9.703125,True
cx0.7_mut0.001,0.7,0.001,test_4,3,11,353,38.763053236591915,37.29275277283371,60000,300,10.634656599999289,10.265625,True
cx0.7_mut0.001,0.7,0.001,test_4,3,12,354,37.781523270195045,36.0364370262852,60000,300,10.67245449999973,10.296875,True
cx0.7_mut0.001,0.7,0.001,test_4,3,13,355,48.90917254827892,46.80174013769805,60000,300,11.605066800002533,11.40625,True
cx0.7_mut0.001,0.7,0.001,test_4,3,14,356,46.88357672145724,45.436780648118614,60000,300,10.267905699998664,9.90625,True
cx0.7_mut0.001,0.7,0.001,test_4,3,15,357,38.717048556769946,37.19914282489417,60000,300,13.009004100000311,12.5,True
cx0.7_mut0.001,0.7,0.001,test_4,3,16,358,36.59640041892769,35.15090457139141,60000,300,9.664887800001452,9.359375,True
cx0.7_mut0.001,0.7,0.001,test_4,3,17,359,40.476879789073244,38.365935037822354,60000,300,9.886976500001765,9.84375,True
cx0.7_mut0.001,0.7,0.001,test_4,3,18,360,41.90889910854574,40.142124367224895,60000,300,9.959950399999798,9.6875,True
cx0.7_mut0.001,0.7,0.001,test_4,3,19,361,46.13145947719744,43.89588787015283,60000,300,10.892364600000292,10.75,True
cx0.7_mut0.001,0.7,0.001,test_5,4,0,442,49.89208481608979,47.96319793686036,60000,300,10.330291700000089,10.140625,True
cx0.7_mut0.001,0.7,0.001,test_5,4,1,443,50.273384832754616,48.23326134846822,60000,300,10.082177099997352,9.9375,True
cx0.7_mut0.001,0.7,0.001,test_5,4,2,444,47.225328452596514,45.40568804444193,60000,300,10.18286210000224,10.09375,True
cx0.7_mut0.001,0.7,0.001,test_5,4,3,445,52.88556964389748,51.23889713021693,60000,300,14.045433200000843,13.578125,True
cx0.7_mut0.001,0.7,0.001,test_5,4,4,446,59.51379409212149,57.792354827761024,60000,300,13.023043700002745,12.796875,True
cx0.7_mut0.001,0.7,0.001,test_5,4,5,447,47.642485909107556,46.05347388365404,60000,300,9.63335339999685,9.46875,True
cx0.7_mut0.001,0.7,0.001,test_5,4,6,448,56.314406023192525,54.07926654372267,60000,300,9.88375939999969,9.671875,True
cx0.7_mut0.001,0.7,0.001,test_5,4,7,449,58.939548571282586,57.09773051620704,60000,300,10.57328719999714,10.234375,True
cx0.7_mut0.001,0.7,0.001,test_5,4,8,450,52.580528618621614,50.6271942112449,60000,300,9.347306499999831,9.21875,True
cx0.7_mut0.001,0.7,0.001,test_5,4,9,451,49.417251385652136,47.82249058417873,60000,300,9.436671200001001,9.28125,True
cx0.7_mut0.001,0.7,0.001,test_5,4,10,452,52.41797911475876,50.59412702510903,60000,300,9.695838700001332,9.5625,True
cx0.7_mut0.001,0.7,0.001,test_5,4,11,453,51.95253693323009,49.98055502786626,60000,300,10.491213200002676,10.21875,True
cx0.7_mut0.001,0.7,0.001,test_5,4,12,454,50.9208547924558,49.2955960919165,60000,300,11.998827499999607,11.671875,True
cx0.7_mut0.001,0.7,0.001,test_5,4,13,455,48.22955051636701,46.11281559723846,60000,300,11.917156699997577,11.34375,True
cx0.7_mut0.001,0.7,0.001,test_5,4,14,456,48.68548295989101,47.25084472340604,60000,300,9.35368539999763,8.921875,True
cx0.7_mut0.001,0.7,0.001,test_5,4,15,457,58.82383932484748,56.91987120973014,60000,300,10.170544600001449,9.765625,True
cx0.7_mut0.001,0.7,0.001,test_5,4,16,458,44.52270935335495,42.98521251928387,60000,300,10.251103300000977,9.796875,True
cx0.7_mut0.001,0.7,0.001,test_5,4,17,459,46.24533022225887,44.67890031298474,60000,300,11.204018100001122,10.671875,True
cx0.7_mut0.001,0.7,0.001,test_5,4,18,460,53.813494410835176,51.754906478133094,60000,300,11.408096200000728,10.90625,True
cx0.7_mut0.001,0.7,0.001,test_5,4,19,461,57.47632588098389,55.64070799960107,60000,300,10.939435699998285,10.6875,True
cx0.7_mut0.001,0.7,0.001,test_6,5,0,542,48.98448753798196,46.97962999822155,60000,300,13.577684600000794,13.21875,True
cx0.7_mut0.001,0.7,0.001,test_6,5,1,543,45.056745875236174,43.22633827721051,60000,300,12.041540700000041,11.6875,True
cx0.7_mut0.001,0.7,0.001,test_6,5,2,544,42.586861460012905,40.7100813094554,60000,300,14.2860931000032,13.1875,True
cx0.7_mut0.001,0.7,0.001,test_6,5,3,545,46.801491948189636,45.28057566552201,60000,300,9.807691599999089,9.234375,True
cx0.7_mut0.001,0.7,0.001,test_6,5,4,546,51.42740229098654,49.966530037989244,60000,300,10.869090299998788,10.203125,True
cx0.7_mut0.001,0.7,0.001,test_6,5,5,547,45.9244807176908,43.9788694148758,60000,300,11.568144400000165,11.265625,True
cx0.7_mut0.001,0.7,0.001,test_6,5,6,548,50.509540152196806,48.647318214285974,60000,300,15.856740300001547,14.296875,True
cx0.7_mut0.001,0.7,0.001,test_6,5,7,549,43.68655621816729,42.29172726110829,60000,300,10.616134500000044,10.125,True
cx0.7_mut0.001,0.7,0.001,test_6,5,8,550,53.70968455070218,51.96801865213316,60000,300,13.65661159999945,13.015625,True
cx0.7_mut0.001,0.7,0.001,test_6,5,9,551,49.44062164291278,47.79408000445417,60000,300,11.586723000000347,10.953125,True
cx0.7_mut0.001,0.7,0.001,test_6,5,10,552,45.671676527511025,44.11632852962075,60000,300,11.495935999999347,11.0625,True
cx0.7_mut0.001,0.7,0.001,test_6,5,11,553,45.062088981343116,43.54441432549679,60000,300,11.832198600000993,11.5,True
cx0.7_mut0.001,0.7,0.001,test_6,5,12,554,49.557792160968525,47.580661602255944,60000,300,14.412871600001381,13.890625,True
cx0.7_mut0.001,0.7,0.001,test_6,5,13,555,50.44182054861986,48.811933062079156,60000,300,10.172982799998863,9.984375,True
cx0.7_mut0.001,0.7,0.001,test_6,5,14,556,48.84939459614775,47.104362015260314,60000,300,11.015619999998307,10.828125,True
cx0.7_mut0.001,0.7,0.001,test_6,5,15,557,47.85483949929253,46.02539822750853,60000,300,11.962956100000156,11.75,True
cx0.7_mut0.001,0.7,0.001,test_6,5,16,558,42.00881540210859,40.07300239084245,60000,300,12.615478700001404,12.359375,True
cx0.7_mut0.001,0.7,0.001,test_6,5,17,559,59.36306588972242,57.35441110510809,60000,300,11.030064899998251,10.671875,True
cx0.7_mut0.001,0.7,0.001,test_6,5,18,560,48.93028515362324,47.252502162579916,60000,300,12.077443900001526,11.84375,True
cx0.7_mut0.001,0.7,0.001,test_6,5,19,561,51.76306114519477,49.8133001178198,60000,300,12.063012599999638,11.90625,True
cx0.7_mut0.001,0.7,0.001,test_7,6,0,642,40.26378827675076,38.35085625480495,60000,300,12.20946279999771,12.015625,True
cx0.7_mut0.001,0.7,0.001,test_7,6,1,643,47.48076006060844,45.320827666171105,60000,300,13.279612199999974,13.09375,True
cx0.7_mut0.001,0.7,0.001,test_7,6,2,644,40.420915357619535,38.5854906073588,60000,300,9.451745099999243,9.265625,True
cx0.7_mut0.001,0.7,0.001,test_7,6,3,645,43.67436894159373,41.849834433082435,60000,300,12.865979199999856,12.71875,True
cx0.7_mut0.001,0.7,0.001,test_7,6,4,646,43.25347190438611,41.52560864245288,60000,300,13.276783699999214,12.703125,True
cx0.7_mut0.001,0.7,0.001,test_7,6,5,647,51.59185762419357,49.48449903663072,60000,300,14.599112099997,14.15625,True
cx0.7_mut0.001,0.7,0.001,test_7,6,6,648,43.44994152392755,41.44000940896497,60000,300,10.054349800000637,9.796875,True
cx0.7_mut0.001,0.7,0.001,test_7,6,7,649,58.98114309822811,56.631353123233964,60000,300,10.248000900002808,10.03125,True
cx0.7_mut0.001,0.7,0.001,test_7,6,8,650,53.87180913108299,52.3867527831887,60000,300,9.956975900000543,9.6875,True
cx0.7_mut0.001,0.7,0.001,test_7,6,9,651,47.06221347831959,45.10113927988821,60000,300,15.334793900001387,14.890625,True
cx0.7_mut0.001,0.7,0.001,test_7,6,10,652,51.517380579070206,49.40134730200656,60000,300,9.710694199999125,9.453125,True
cx0.7_mut0.001,0.7,0.001,test_7,6,11,653,51.871662668216906,49.424839019481425,60000,300,12.641399699998146,12.28125,True
cx0.7_mut0.001,0.7,0.001,test_7,6,12,654,56.84254617564741,55.04597637298438,60000,300,9.440173999999388,9.21875,True
cx0.7_mut0.001,0.7,0.001,test_7,6,13,655,42.76086622563281,41.28580129516399,60000,300,9.723946300000534,9.59375,True
cx0.7_mut0.001,0.7,0.001,test_7,6,14,656,52.704388077286765,50.55683433324913,60000,300,10.657812800000102,10.5,True
cx0.7_mut0.001,0.7,0.001,test_7,6,15,657,51.16946294579875,49.42408762536842,60000,300,9.845648400001664,9.734375,True
cx0.7_mut0.001,0.7,0.001,test_7,6,16,658,43.193775693311075,41.20490411672775,60000,300,14.77536709999913,14.296875,True
cx0.7_mut0.001,0.7,0.001,test_7,6,17,659,49.69202000470902,47.67294297466682,60000,300,12.927566300000763,12.6875,True
cx0.7_mut0.001,0.7,0.001,test_7,6,18,660,52.020784839133285,50.29198465869606,60000,300,9.51568749999933,9.3125,True
cx0.7_mut0.001,0.7,0.001,test_7,6,19,661,53.52613509874161,51.19051342334431,60000,300,13.779614600000059,13.46875,True
cx0.7_mut0.001,0.7,0.001,test_8,7,0,742,45.22370822819111,43.49689433605017,60000,300,12.780714500000613,12.40625,True
cx0.7_mut0.001,0.7,0.001,test_8,7,1,743,46.21617403901906,44.26075264282827,60000,300,13.3922977000002,13.078125,True
cx0.7_mut0.001,0.7,0.001,test_8,7,2,744,43.42780537491414,41.569483197533586,60000,300,11.164871300003142,10.859375,True
cx0.7_mut0.001,0.7,0.001,test_8,7,3,745,50.847629476718865,49.06359012051666,60000,300,10.639887199999066,10.484375,True
cx0.7_mut0.001,0.7,0.001,test_8,7,4,746,49.13136085414868,47.19492319954992,60000,300,10.178587200000038,9.875,True
cx0.7_mut0.001,0.7,0.001,test_8,7,5,747,45.08751210270217,43.244929469439015,60000,300,10.12492999999813,9.84375,True
cx0.7_mut0.001,0.7,0.001,test_8,7,6,748,40.75266902029451,39.00316440162357,60000,300,9.93858999999793,9.703125,True
cx0.7_mut0.001,0.7,0.001,test_8,7,7,749,44.57662500967092,42.44503755120353,60000,300,9.81966779999857,9.546875,True
cx0.7_mut0.001,0.7,0.001,test_8,7,8,750,50.45002869465783,48.266749747347916,60000,300,11.005123800001456,10.53125,True
cx0.7_mut0.001,0.7,0.001,test_8,7,9,751,49.347178992298836,47.84099877636462,60000,300,10.164393300001393,9.859375,True
cx0.7_mut0.001,0.7,0.001,test_8,7,10,752,46.69236833619379,44.6968533481152,60000,300,15.25082570000086,14.734375,True
cx0.7_mut0.001,0.7,0.001,test_8,7,11,753,47.40238665639887,45.71441185568749,60000,300,11.157848300001206,10.546875,True
cx0.7_mut0.001,0.7,0.001,test_8,7,12,754,46.24797487143565,44.69086929998517,60000,300,11.05016439999963,10.921875,True
cx0.7_mut0.001,0.7,0.001,test_8,7,13,755,40.33257756560994,38.467374341866766,60000,300,10.42040679999991,10.234375,True
cx0.7_mut0.001,0.7,0.001,test_8,7,14,756,47.670028221894526,45.83141044487005,60000,300,12.706098599999677,12.46875,True
cx0.7_mut0.001,0.7,0.001,test_8,7,15,757,49.743477096611706,48.07385372387553,60000,300,10.91799600000013,10.875,True
cx0.7_mut0.001,0.7,0.001,test_8,7,16,758,46.30667076587692,44.500843772752276,60000,300,14.921647200000734,14.8125,True
cx0.7_mut0.001,0.7,0.001,test_8,7,17,759,44.31195707451962,42.55837378563701,60000,300,10.117471300000034,10.046875,True
cx0.7_mut0.001,0.7,0.001,test_8,7,18,760,39.52682475335499,38.01982001026209,60000,300,10.092636000001221,9.984375,True
cx0.7_mut0.001,0.7,0.001,test_8,7,19,761,39.7544951109224,38.1024132881187,60000,300,9.477682900000218,9.375,True
cx0.7_mut0.001,0.7,0.001,test_9,8,0,842,48.88674587257909,46.96867800036745,60000,300,10.221388200003275,9.4375,True
cx0.7_mut0.001,0.7,0.001,test_9,8,1,843,48.58796733606695,47.11609076283395,60000,300,9.596108699999604,9.46875,True
cx0.7_mut0.001,0.7,0.001,test_9,8,2,844,49.40940686969822,47.800063686759,60000,300,9.9347815000001,9.84375,True
cx0.7_mut0.001,0.7,0.001,test_9,8,3,845,43.50552901038142,41.6349212988045,60000,300,8.93792459999895,8.84375,True
cx0.7_mut0.001,0.7,0.001,test_9,8,4,846,49.36708318199863,47.64883683588438,60000,300,10.504534800002148,9.578125,True
cx0.7_mut0.001,0.7,0.001,test_9,8,5,847,48.02082610587422,46.4496212539902,60000,300,16.241333599999052,15.40625,True
cx0.7_mut0.001,0.7,0.001,test_9,8,6,848,43.08788369057531,41.50356484229357,60000,300,12.406004600001324,11.90625,True
cx0.7_mut0.001,0.7,0.001,test_9,8,7,849,40.41164400580596,38.80759727123646,60000,300,9.789150199998403,9.640625,True
cx0.7_mut0.001,0.7,0.001,test_9,8,8,850,48.68119628803156,47.107629141743374,60000,300,10.24054470000192,10.15625,True
cx0.7_mut0.001,0.7,0.001,test_9,8,9,851,53.29089328079691,51.313720429758774,60000,300,9.60658610000246,9.53125,True
cx0.7_mut0.001,0.7,0.001,test_9,8,10,852,52.7748373287428,51.092385947779796,60000,300,8.688870100002532,8.671875,True
cx0.7_mut0.001,0.7,0.001,test_9,8,11,853,51.70731236252998,49.929200102454516,60000,300,10.110672500002693,10.078125,True
cx0.7_mut0.001,0.7,0.001,test_9,8,12,854,48.62561157426862,46.85040841240559,60000,300,11.686915000002045,11.640625,True
cx0.7_mut0.001,0.7,0.001,test_9,8,13,855,49.750879707180594,47.627111853156,60000,300,12.69383839999864,12.640625,True
cx0.7_mut0.001,0.7,0.001,test_9,8,14,856,46.59434328410199,44.693996436455286,60000,300,8.945491400001629,8.9375,True
cx0.7_mut0.001,0.7,0.001,test_9,8,15,857,57.00887742588798,55.47555594332844,60000,300,8.693618099998275,8.65625,True
cx0.7_mut0.001,0.7,0.001,test_9,8,16,858,49.1577209209137,47.195820761674234,60000,300,8.731122199998936,8.703125,True
cx0.7_mut0.001,0.7,0.001,test_9,8,17,859,49.66095959299244,47.960516905613446,60000,300,8.663167499998963,8.53125,True
cx0.7_mut0.001,0.7,0.001,test_9,8,18,860,49.26313163801557,47.5608249292818,60000,300,10.393653999999515,9.953125,True
cx0.7_mut0.001,0.7,0.001,test_9,8,19,861,44.79828680055696,43.203490839223974,60000,300,10.125300600000628,9.4375,True
cx0.7_mut0.001,0.7,0.001,test_10,9,0,942,47.93961470604678,45.77936902201637,60000,300,14.511711700000888,14.03125,True
cx0.7_mut0.001,0.7,0.001,test_10,9,1,943,47.02219328625347,45.27770998350168,60000,300,9.694902899998851,9.1875,True
cx0.7_mut0.001,0.7,0.001,test_10,9,2,944,41.530334514564174,39.94196850672232,60000,300,9.788550599998416,9.640625,True
cx0.7_mut0.001,0.7,0.001,test_10,9,3,945,42.1310382507409,40.271046500771696,60000,300,12.545541600000433,12.234375,True
cx0.7_mut0.001,0.7,0.001,test_10,9,4,946,44.742149773898596,43.50648310117423,60000,300,9.794039299998985,9.671875,True
cx0.7_mut0.001,0.7,0.001,test_10,9,5,947,43.10280783642369,41.593694999121034,60000,300,9.493235599999025,9.296875,True
cx0.7_mut0.001,0.7,0.001,test_10,9,6,948,46.61883597150782,45.14278698592953,60000,300,10.098674299999402,9.96875,True
cx0.7_mut0.001,0.7,0.001,test_10,9,7,949,42.71895888626903,41.3258275540234,60000,300,10.907149200000276,10.515625,True
cx0.7_mut0.001,0.7,0.001,test_10,9,8,950,43.46233751545365,42.04209549035708,60000,300,9.802675700000691,9.703125,True
cx0.7_mut0.001,0.7,0.001,test_10,9,9,951,42.26408958903796,40.647572739953624,60000,300,12.323752199998125,11.28125,True
cx0.7_mut0.001,0.7,0.001,test_10,9,10,952,53.57013141163289,51.84001999886169,60000,300,10.109955300002184,10.0,True
cx0.7_mut0.001,0.7,0.001,test_10,9,11,953,45.952007747881495,44.013098526603294,60000,300,9.8143702999987,9.390625,True
cx0.7_mut0.001,0.7,0.001,test_10,9,12,954,48.15175674698647,46.35634075839852,60000,300,10.577432800000679,10.046875,True
cx0.7_mut0.001,0.7,0.001,test_10,9,13,955,43.016986006426244,41.27486040462543,60000,300,10.298298899997462,10.0625,True
cx0.7_mut0.001,0.7,0.001,test_10,9,14,956,49.92622597675185,48.27012055282226,60000,300,9.965191200000845,9.921875,True
cx0.7_mut0.001,0.7,0.001,test_10,9,15,957,38.27666329085414,36.35423652252386,60000,300,10.743293100000301,9.90625,True
cx0.7_mut0.001,0.7,0.001,test_10,9,16,958,42.54888416951803,40.96428784355589,60000,300,10.287246799998684,9.890625,True
cx0.7_mut0.001,0.7,0.001,test_10,9,17,959,41.11396826483156,39.65978724064752,60000,300,10.936258499998075,10.328125,True
cx0.7_mut0.001,0.7,0.001,test_10,9,18,960,44.180382577661675,42.48155015736354,60000,300,11.000895000001037,10.3125,True
cx0.7_mut0.001,0.7,0.001,test_10,9,19,961,47.46799896615351,45.803589277667925,60000,300,9.047166699998343,9.0,True
cx0.7_mut0.01,0.7,0.01,test_1,0,0,42,47.161898858738475,44.962271893334794,60000,300,8.594285499999387,8.1875,True
cx0.7_mut0.01,0.7,0.01,test_1,0,1,43,41.06833756836008,39.457792928033086,60000,300,9.038200900002266,8.71875,True
cx0.7_mut0.01,0.7,0.01,test_1,0,2,44,38.06534320271695,36.49511851703866,60000,300,9.718061999999918,9.4375,True
cx0.7_mut0.01,0.7,0.01,test_1,0,3,45,44.370148600135664,42.71679434584015,60000,300,8.120729400001437,8.015625,True
cx0.7_mut0.01,0.7,0.01,test_1,0,4,46,45.17215465768148,43.12144486474531,60000,300,9.711741600000096,9.4375,True
cx0.7_mut0.01,0.7,0.01,test_1,0,5,47,43.43993062291754,41.98156173231501,60000,300,10.566008199999487,10.484375,True
cx0.7_mut0.01,0.7,0.01,test_1,0,6,48,53.02210873978057,51.7052190170445,60000,300,13.162656200001948,13.015625,True
cx0.7_mut0.01,0.7,0.01,test_1,0,7,49,41.28014718410207,39.52792637073992,60000,300,8.696316399997158,8.671875,True
cx0.7_mut0.01,0.7,0.01,test_1,0,8,50,42.07931347166029,40.50940900472714,60000,300,8.757809499998984,8.703125,True
cx0.7_mut0.01,0.7,0.01,test_1,0,9,51,40.61945664760972,39.12829763027551,60000,300,8.329731800000445,8.328125,True
cx0.7_mut0.01,0.7,0.01,test_1,0,10,52,47.794371711065004,45.865062034348036,60000,300,7.8134084999983315,7.765625,True
cx0.7_mut0.01,0.7,0.01,test_1,0,11,53,42.59553030745907,40.76924179694051,60000,300,10.347812500000146,10.296875,True
cx0.7_mut0.01,0.7,0.01,test_1,0,12,54,35.071472793956495,33.608969802242065,60000,300,9.004231099999743,8.9375,True
cx0.7_mut0.01,0.7,0.01,test_1,0,13,55,44.454484552814016,42.61760836437236,60000,300,9.595516400000633,9.5,True
cx0.7_mut0.01,0.7,0.01,test_1,0,14,56,44.7019533162125,42.749444081020634,60000,300,9.063294299998233,8.96875,True
cx0.7_mut0.01,0.7,0.01,test_1,0,15,57,45.492554632406005,43.91727477769792,60000,300,11.068927299998904,11.0,True
cx0.7_mut0.01,0.7,0.01,test_1,0,16,58,41.03644018145486,39.361212796387534,60000,300,9.400966100001824,9.328125,True
cx0.7_mut0.01,0.7,0.01,test_1,0,17,59,43.119346195488255,41.491228030969914,60000,300,8.40217549999943,8.375,True
cx0.7_mut0.01,0.7,0.01,test_1,0,18,60,47.72970617220002,45.680616921186456,60000,300,8.347169500000746,8.25,True
cx0.7_mut0.01,0.7,0.01,test_1,0,19,61,42.32642984882769,40.97273200173318,60000,300,10.951673399998981,10.796875,True
cx0.7_mut0.01,0.7,0.01,test_2,1,0,142,36.442224190249874,34.68114485109265,60000,300,8.881762499997421,8.78125,True
cx0.7_mut0.01,0.7,0.01,test_2,1,1,143,37.46534710757734,35.58210823712713,60000,300,11.390366600000561,11.234375,True
cx0.7_mut0.01,0.7,0.01,test_2,1,2,144,39.64535809381952,37.9743568155527,60000,300,9.245803099998739,9.0625,True
cx0.7_mut0.01,0.7,0.01,test_2,1,3,145,41.08792019521529,39.51030583197557,60000,300,9.103916299998673,8.828125,True
cx0.7_mut0.01,0.7,0.01,test_2,1,4,146,30.12900100674775,28.73689884383934,60000,300,9.636699599999702,9.5625,True
cx0.7_mut0.01,0.7,0.01,test_2,1,5,147,41.755558076099334,40.28853037217637,60000,300,9.2823490999981,9.234375,True
cx0.7_mut0.01,0.7,0.01,test_2,1,6,148,41.22504452381423,39.663513068354135,60000,300,11.176240199998574,11.109375,True
cx0.7_mut0.01,0.7,0.01,test_2,1,7,149,35.85060016897537,34.32336481583102,60000,300,9.421745899999223,9.3125,True
cx0.7_mut0.01,0.7,0.01,test_2,1,8,150,36.17296103151592,34.51203817787677,60000,300,9.12334170000031,9.046875,True
cx0.7_mut0.01,0.7,0.01,test_2,1,9,151,38.4859852919819,37.10446341624553,60000,300,8.234101800000644,8.109375,True
cx0.7_mut0.01,0.7,0.01,test_2,1,10,152,40.08993826264315,38.487267977609314,60000,300,13.109497099998407,12.8125,True
cx0.7_mut0.01,0.7,0.01,test_2,1,11,153,43.83249866798396,42.01899555353682,60000,300,10.61354460000075,10.5625,True
cx0.7_mut0.01,0.7,0.01,test_2,1,12,154,38.01275200864413,36.48859282793993,60000,300,8.122154000000592,8.03125,True
cx0.7_mut0.01,0.7,0.01,test_2,1,13,155,37.63368082123965,35.921060099052355,60000,300,8.337013600001228,8.1875,True
cx0.7_mut0.01,0.7,0.01,test_2,1,14,156,39.131274749539024,37.45641384173658,60000,300,10.475004400002945,10.390625,True
cx0.7_mut0.01,0.7,0.01,test_2,1,15,157,39.61356615974501,38.10639820723872,60000,300,8.53673439999693,8.359375,True
cx0.7_mut0.01,0.7,0.01,test_2,1,16,158,34.36514852420718,32.85772445444816,60000,300,10.722364000001107,10.21875,True
cx0.7_mut0.01,0.7,0.01,test_2,1,17,159,37.4265964542335,35.7873109940583,60000,300,11.132679199999984,10.828125,True
cx0.7_mut0.01,0.7,0.01,test_2,1,18,160,42.01543560827701,40.33043542384353,60000,300,13.735593299999891,13.484375,True
cx0.7_mut0.01,0.7,0.01,test_2,1,19,161,42.11608454245143,40.286428973002984,60000,300,11.270670900001278,11.078125,True
cx0.7_mut0.01,0.7,0.01,test_3,2,0,242,34.803663323172124,33.236133423191355,60000,300,13.135956699999952,12.578125,True
cx0.7_mut0.01,0.7,0.01,test_3,2,1,243,36.50932090999814,35.11711923147445,60000,300,10.187749299999268,9.96875,True
cx0.7_mut0.01,0.7,0.01,test_3,2,2,244,36.37853980271819,34.677507576397616,60000,300,12.341304100002162,11.96875,True
cx0.7_mut0.01,0.7,0.01,test_3,2,3,245,34.89913421396822,33.51675685906874,60000,300,12.430159400002594,11.859375,True
cx0.7_mut0.01,0.7,0.01,test_3,2,4,246,41.97753424701263,40.46180498544367,60000,300,10.809486800000741,10.578125,True
cx0.7_mut0.01,0.7,0.01,test_3,2,5,247,36.66545675220392,34.93151150539282,60000,300,13.299604099996941,12.828125,True
cx0.7_mut0.01,0.7,0.01,test_3,2,6,248,40.98667489822412,39.26854302432922,60000,300,12.883081799998763,12.671875,True
cx0.7_mut0.01,0.7,0.01,test_3,2,7,249,38.78756619417128,37.352508431906415,60000,300,14.911473599997407,14.390625,True
cx0.7_mut0.01,0.7,0.01,test_3,2,8,250,48.04825950343242,46.162877227531354,60000,300,10.402743000002374,9.65625,True
cx0.7_mut0.01,0.7,0.01,test_3,2,9,251,43.1529564037605,41.03003796108162,60000,300,12.291806199998973,11.6875,True
cx0.7_mut0.01,0.7,0.01,test_3,2,10,252,40.244763771244756,38.35027873717612,60000,300,12.864101299997856,12.6875,True
cx0.7_mut0.01,0.7,0.01,test_3,2,11,253,39.09196068764926,37.39524731844386,60000,300,12.269801900001767,11.984375,True
cx0.7_mut0.01,0.7,0.01,test_3,2,12,254,40.71687280888127,38.827902437987156,60000,300,10.607643200000894,10.46875,True
cx0.7_mut0.01,0.7,0.01,test_3,2,13,255,37.25610797114815,35.411042885524154,60000,300,12.654096499998559,12.40625,True
cx0.7_mut0.01,0.7,0.01,test_3,2,14,256,40.735736717802595,38.82893582094052,60000,300,10.036544300000969,9.921875,True
cx0.7_mut0.01,0.7,0.01,test_3,2,15,257,39.50505352983772,37.90713116612479,60000,300,11.792000299999927,11.296875,True
cx0.7_mut0.01,0.7,0.01,test_3,2,16,258,38.46567039876319,36.37675745646918,60000,300,13.414950899998075,13.265625,True
cx0.7_mut0.01,0.7,0.01,test_3,2,17,259,34.09466478698136,32.11643347013613,60000,300,7.827583800000866,7.671875,True
cx0.7_mut0.01,0.7,0.01,test_3,2,18,260,42.49468830667089,40.81463294078247,60000,300,12.487415100000362,12.234375,True
cx0.7_mut0.01,0.7,0.01,test_3,2,19,261,41.34942265275391,39.87016370624618,60000,300,12.629900700001599,12.34375,True
cx0.7_mut0.01,0.7,0.01,test_4,3,0,342,34.586515697545344,33.00443425525594,60000,300,10.957876799999212,10.828125,True
cx0.7_mut0.01,0.7,0.01,test_4,3,1,343,37.81567525663873,36.34554083295027,60000,300,13.644048400001338,13.5,True
cx0.7_mut0.01,0.7,0.01,test_4,3,2,344,32.07997256166826,30.585811505884326,60000,300,10.125469499998871,10.09375,True
cx0.7_mut0.01,0.7,0.01,test_4,3,3,345,30.324969930883586,29.086720081459145,60000,300,9.68106009999974,9.59375,True
cx0.7_mut0.01,0.7,0.01,test_4,3,4,346,30.3222872778562,28.9188644731735,60000,300,11.147945000000618,10.890625,True
cx0.7_mut0.01,0.7,0.01,test_4,3,5,347,35.03836039617262,33.31058068032477,60000,300,10.332885100000567,10.25,True
cx0.7_mut0.01,0.7,0.01,test_4,3,6,348,33.048673571297115,31.4126268887442,60000,300,13.209366799997952,13.03125,True
cx0.7_mut0.01,0.7,0.01,test_4,3,7,349,31.48846544727681,30.116265916152297,60000,300,10.833784999998898,10.578125,True
cx0.7_mut0.01,0.7,0.01,test_4,3,8,350,31.651980307679693,30.158683670106157,60000,300,10.816103100001783,10.65625,True
cx0.7_mut0.01,0.7,0.01,test_4,3,9,351,32.21560990286583,30.865194966034046,60000,300,12.199535300002026,11.609375,True
cx0.7_mut0.01,0.7,0.01,test_4,3,10,352,31.94619454634893,30.466535969051783,60000,300,12.987424499999179,12.671875,True
cx0.7_mut0.01,0.7,0.01,test_4,3,11,353,31.872697603224136,30.506218384478732,60000,300,13.539539199999126,13.21875,True
cx0.7_mut0.01,0.7,0.01,test_4,3,12,354,37.9590979150603,36.36804808957057,60000,300,10.443234900001698,10.203125,True
cx0.7_mut0.01,0.7,0.01,test_4,3,13,355,39.14231277974925,37.31981410801603,60000,300,14.506066900001315,14.234375,True
cx0.7_mut0.01,0.7,0.01,test_4,3,14,356,36.298482045372296,34.88029549579098,60000,300,12.798436999997648,12.421875,True
cx0.7_mut0.01,0.7,0.01,test_4,3,15,357,35.97764611347422,34.41566290153625,60000,300,9.998324399999547,9.640625,True
cx0.7_mut0.01,0.7,0.01,test_4,3,16,358,33.11477132288908,31.453412250143657,60000,300,11.370729599999322,11.0625,True
cx0.7_mut0.01,0.7,0.01,test_4,3,17,359,29.05814957708438,27.681496899959484,60000,300,9.80194880000272,9.6875,True
cx0.7_mut0.01,0.7,0.01,test_4,3,18,360,29.782406383054777,28.602489045886923,60000,300,13.029248700000608,12.671875,True
cx0.7_mut0.01,0.7,0.01,test_4,3,19,361,32.68555198232751,30.872577655164186,60000,300,15.088447300000553,14.6875,True
cx0.7_mut0.01,0.7,0.01,test_5,4,0,442,42.78926494171995,40.85804136246327,60000,300,12.614793200002168,12.4375,True
cx0.7_mut0.01,0.7,0.01,test_5,4,1,443,42.61078219348828,41.00643605308991,60000,300,11.617855500000587,11.453125,True
cx0.7_mut0.01,0.7,0.01,test_5,4,2,444,40.584280713209836,38.703155031135104,60000,300,10.58317050000187,10.5,True
cx0.7_mut0.01,0.7,0.01,test_5,4,3,445,45.776890929476174,43.8560875904673,60000,300,13.97189630000139,13.640625,True
cx0.7_mut0.01,0.7,0.01,test_5,4,4,446,43.12200124515515,40.94375266627019,60000,300,10.946665600000415,10.6875,True
cx0.7_mut0.01,0.7,0.01,test_5,4,5,447,48.50372004826819,46.77521592209948,60000,300,11.865960299997823,11.625,True
cx0.7_mut0.01,0.7,0.01,test_5,4,6,448,35.45745349543937,33.88252108629871,60000,300,10.617113100001006,10.546875,True
cx0.7_mut0.01,0.7,0.01,test_5,4,7,449,43.236053600005256,41.485081359135805,60000,300,11.233634399999573,10.8125,True
cx0.7_mut0.01,0.7,0.01,test_5,4,8,450,40.39596807008962,39.02428295817932,60000,300,10.265582100000756,10.125,True
cx0.7_mut0.01,0.7,0.01,test_5,4,9,451,42.301667629113744,40.68675822501661,60000,300,9.671644299996842,9.515625,True
cx0.7_mut0.01,0.7,0.01,test_5,4,10,452,43.76450066476525,42.00930966143891,60000,300,12.326953100000537,12.03125,True
cx0.7_mut0.01,0.7,0.01,test_5,4,11,453,39.655397793570124,38.29694280966381,60000,300,11.671908299998904,11.34375,True
cx0.7_mut0.01,0.7,0.01,test_5,4,12,454,42.04198362618069,40.37198340296741,60000,300,10.591220700000122,10.453125,True
cx0.7_mut0.01,0.7,0.01,test_5,4,13,455,40.47535192508423,38.82741195333939,60000,300,9.672959300001821,9.109375,True
cx0.7_mut0.01,0.7,0.01,test_5,4,14,456,38.333114544970854,36.61117097171207,60000,300,12.165220999999292,11.765625,True
cx0.7_mut0.01,0.7,0.01,test_5,4,15,457,42.86326649948851,41.12095748065094,60000,300,10.815290599999571,10.34375,True
cx0.7_mut0.01,0.7,0.01,test_5,4,16,458,38.499518132177805,37.10239752151507,60000,300,9.825941800001601,9.46875,True
cx0.7_mut0.01,0.7,0.01,test_5,4,17,459,36.559660715155616,34.94852368046125,60000,300,12.991980700000568,12.4375,True
cx0.7_mut0.01,0.7,0.01,test_5,4,18,460,42.1029154821086,40.36364440498729,60000,300,11.454824599997664,10.90625,True
cx0.7_mut0.01,0.7,0.01,test_5,4,19,461,48.252962140743044,46.89021325129373,60000,300,10.793055599999207,10.453125,True
cx0.7_mut0.01,0.7,0.01,test_6,5,0,542,45.44519507539878,43.56700581037755,60000,300,13.786607800000638,13.484375,True
cx0.7_mut0.01,0.7,0.01,test_6,5,1,543,43.484152879425466,42.148695204117864,60000,300,10.56215180000072,10.359375,True
cx0.7_mut0.01,0.7,0.01,test_6,5,2,544,36.70369951947109,35.40321871899361,60000,300,9.921523799999704,9.4375,True
cx0.7_mut0.01,0.7,0.01,test_6,5,3,545,35.283488832094406,33.83227438123197,60000,300,10.956712700000935,10.4375,True
cx0.7_mut0.01,0.7,0.01,test_6,5,4,546,35.304664760402986,34.03345838148016,60000,300,13.304001299999072,12.296875,True
cx0.7_mut0.01,0.7,0.01,test_6,5,5,547,46.15134204028175,44.08350406165546,60000,300,9.611952700000984,9.421875,True
cx0.7_mut0.01,0.7,0.01,test_6,5,6,548,44.81872299633864,43.372150547409476,60000,300,15.105880099999922,13.671875,True
cx0.7_mut0.01,0.7,0.01,test_6,5,7,549,38.030625683932065,36.33995886699542,60000,300,13.378144499998598,12.953125,True
cx0.7_mut0.01,0.7,0.01,test_6,5,8,550,38.75246285693075,37.17699062677007,60000,300,13.165129699998943,12.65625,True
cx0.7_mut0.01,0.7,0.01,test_6,5,9,551,42.94570186529204,41.26783058124519,60000,300,19.01937899999757,18.140625,True
cx0.7_mut0.01,0.7,0.01,test_6,5,10,552,39.55050050664547,37.91093449259264,60000,300,14.7904168999994,14.203125,True
cx0.7_mut0.01,0.7,0.01,test_6,5,11,553,42.24423717274175,40.691911119979956,60000,300,12.54765899999984,12.203125,True
cx0.7_mut0.01,0.7,0.01,test_6,5,12,554,40.568788275219475,38.766212807126344,60000,300,10.254532899998594,9.890625,True
cx0.7_mut0.01,0.7,0.01,test_6,5,13,555,38.74872443826178,36.935793523731455,60000,300,10.456423699997686,10.171875,True
cx0.7_mut0.01,0.7,0.01,test_6,5,14,556,41.5993047902613,39.91313472609564,60000,300,14.311534100001154,14.21875,True
cx0.7_mut0.01,0.7,0.01,test_6,5,15,557,34.574934974673575,33.021752529589776,60000,300,13.698515600000974,13.421875,True
cx0.7_mut0.01,0.7,0.01,test_6,5,16,558,41.78057264801573,39.68607743053306,60000,300,11.77583930000037,11.625,True
cx0.7_mut0.01,0.7,0.01,test_6,5,17,559,48.10576055685243,46.723653028604986,60000,300,9.669916200000443,9.421875,True
cx0.7_mut0.01,0.7,0.01,test_6,5,18,560,35.81851211407574,34.37973031039015,60000,300,12.77307490000021,12.609375,True
cx0.7_mut0.01,0.7,0.01,test_6,5,19,561,45.01117547652873,43.20878676898585,60000,300,15.080201400000078,14.90625,True
cx0.7_mut0.01,0.7,0.01,test_7,6,0,642,36.079198904652586,34.64995551611945,60000,300,10.360422099998686,10.203125,True
cx0.7_mut0.01,0.7,0.01,test_7,6,1,643,39.22227332678518,37.50566656608006,60000,300,10.66207619999841,10.390625,True
cx0.7_mut0.01,0.7,0.01,test_7,6,2,644,43.4686552560002,41.80457582445149,60000,300,11.693923499999073,11.484375,True
cx0.7_mut0.01,0.7,0.01,test_7,6,3,645,39.33089366887525,37.52069359976481,60000,300,12.303915299999062,12.046875,True
cx0.7_mut0.01,0.7,0.01,test_7,6,4,646,31.18502620215015,29.919460899271282,60000,300,12.247719200000574,11.8125,True
cx0.7_mut0.01,0.7,0.01,test_7,6,5,647,41.211288542088326,39.21660499357844,60000,300,10.648241500002769,10.34375,True
cx0.7_mut0.01,0.7,0.01,test_7,6,6,648,41.94947011854383,40.413155990776986,60000,300,13.408628900000622,13.109375,True
cx0.7_mut0.01,0.7,0.01,test_7,6,7,649,45.74342080707866,43.35833776248019,60000,300,9.604126000001997,9.390625,True
cx0.7_mut0.01,0.7,0.01,test_7,6,8,650,39.65817617270955,37.83354865302354,60000,300,9.804225799998676,9.53125,True
cx0.7_mut0.01,0.7,0.01,test_7,6,9,651,38.12628461834189,36.50447570459315,60000,300,10.379615800000465,10.03125,True
cx0.7_mut0.01,0.7,0.01,test_7,6,10,652,37.520177342194444,35.72210228513508,60000,300,11.339925799999037,11.03125,True
cx0.7_mut0.01,0.7,0.01,test_7,6,11,653,32.010891917928376,30.150928153012213,60000,300,11.9702956000001,11.484375,True
cx0.7_mut0.01,0.7,0.01,test_7,6,12,654,40.6145846910142,39.08513247193196,60000,300,11.631636300000537,11.375,True
cx0.7_mut0.01,0.7,0.01,test_7,6,13,655,35.079162214179384,33.64886098770577,60000,300,9.75585410000349,9.625,True
cx0.7_mut0.01,0.7,0.01,test_7,6,14,656,44.64474862572269,42.70554564052719,60000,300,10.77244260000225,10.546875,True
cx0.7_mut0.01,0.7,0.01,test_7,6,15,657,43.09890415226019,41.29876026327657,60000,300,9.790911299998697,9.6875,True
cx0.7_mut0.01,0.7,0.01,test_7,6,16,658,45.72201153769539,43.855338208090245,60000,300,10.056054399999994,9.890625,True
cx0.7_mut0.01,0.7,0.01,test_7,6,17,659,38.23581759385186,36.615086434874314,60000,300,9.949401900001249,9.796875,True
cx0.7_mut0.01,0.7,0.01,test_7,6,18,660,40.96554731426741,39.123478879517535,60000,300,12.099211300002935,11.90625,True
cx0.7_mut0.01,0.7,0.01,test_7,6,19,661,39.78314094638547,38.09608978720273,60000,300,10.262156500000856,10.09375,True
cx0.7_mut0.01,0.7,0.01,test_8,7,0,742,39.7721613808467,37.94497969574861,60000,300,16.13543799999752,15.4375,True
cx0.7_mut0.01,0.7,0.01,test_8,7,1,743,34.37958716226851,32.615426457761004,60000,300,11.775763000001461,11.59375,True
cx0.7_mut0.01,0.7,0.01,test_8,7,2,744,32.77624544409635,31.059040834900102,60000,300,11.873467299999902,11.65625,True
cx0.7_mut0.01,0.7,0.01,test_8,7,3,745,37.41279842372181,35.90237558790586,60000,300,10.121944200000144,9.953125,True
cx0.7_mut0.01,0.7,0.01,test_8,7,4,746,42.14506295141159,40.25165267775666,60000,300,12.820806800002174,12.265625,True
cx0.7_mut0.01,0.7,0.01,test_8,7,5,747,46.21683422927188,44.28493642925991,60000,300,10.317663900001207,10.140625,True
cx0.7_mut0.01,0.7,0.01,test_8,7,6,748,36.84373071058933,35.16810203360692,60000,300,13.731426700000156,13.265625,True
cx0.7_mut0.01,0.7,0.01,test_8,7,7,749,39.00839787166896,37.179149220816925,60000,300,12.26359020000018,12.03125,True
cx0.7_mut0.01,0.7,0.01,test_8,7,8,750,34.73530985947715,32.92774815605239,60000,300,13.106419600000663,12.515625,True
cx0.7_mut0.01,0.7,0.01,test_8,7,9,751,38.37960513403713,36.67891299008565,60000,300,12.587685300000885,12.171875,True
cx0.7_mut0.01,0.7,0.01,test_8,7,10,752,41.57536655950141,39.79204698745631,60000,300,10.789203400003316,10.453125,True
cx0.7_mut0.01,0.7,0.01,test_8,7,11,753,34.92412580039583,32.97532058621874,60000,300,13.088367799999105,12.3125,True
cx0.7_mut0.01,0.7,0.01,test_8,7,12,754,38.58808726521033,36.92476407544521,60000,300,11.13402490000226,10.890625,True
cx0.7_mut0.01,0.7,0.01,test_8,7,13,755,36.40155355202603,34.98102677250865,60000,300,10.206695500000933,10.109375,True
cx0.7_mut0.01,0.7,0.01,test_8,7,14,756,36.69029311845798,35.36358879032599,60000,300,14.332882399998198,14.171875,True
cx0.7_mut0.01,0.7,0.01,test_8,7,15,757,42.489189902059664,40.76881591647546,60000,300,15.691662299999734,15.65625,True
cx0.7_mut0.01,0.7,0.01,test_8,7,16,758,47.592966761809855,45.85594039320307,60000,300,10.948347800000192,10.75,True
cx0.7_mut0.01,0.7,0.01,test_8,7,17,759,37.460738152290496,36.03597931643063,60000,300,9.082223400000657,9.0,True
cx0.7_mut0.01,0.7,0.01,test_8,7,18,760,38.10189187804327,36.3190218804824,60000,300,12.78366289999758,12.6875,True
cx0.7_mut0.01,0.7,0.01,test_8,7,19,761,38.24105425164743,36.37440863964895,60000,300,10.670264200001839,10.59375,True
cx0.7_mut0.01,0.7,0.01,test_9,8,0,842,36.29583683739447,34.86873180388446,60000,300,13.869208199997956,13.09375,True
cx0.7_mut0.01,0.7,0.01,test_9,8,1,843,49.17433920313872,47.75108372395037,60000,300,11.795685199998843,11.734375,True
cx0.7_mut0.01,0.7,0.01,test_9,8,2,844,41.27736839719224,39.94270965464335,60000,300,9.718661800001428,9.65625,True
cx0.7_mut0.01,0.7,0.01,test_9,8,3,845,34.93128281927874,33.43417961844615,60000,300,9.447405500002787,9.375,True
cx0.7_mut0.01,0.7,0.01,test_9,8,4,846,37.58020542051886,36.38152199426693,60000,300,10.022479700000986,9.421875,True
cx0.7_mut0.01,0.7,0.01,test_9,8,5,847,34.894167091241094,33.459652355157985,60000,300,12.644522399998095,12.25,True
cx0.7_mut0.01,0.7,0.01,test_9,8,6,848,39.1024676086415,37.4373204614837,60000,300,9.323183000000427,8.71875,True
cx0.7_mut0.01,0.7,0.01,test_9,8,7,849,48.57969776736495,47.11968129951492,60000,300,11.875250400000368,11.71875,True
cx0.7_mut0.01,0.7,0.01,test_9,8,8,850,40.79868461719684,39.267998256216295,60000,300,11.46774809999988,11.328125,True
cx0.7_mut0.01,0.7,0.01,test_9,8,9,851,37.663399269020516,36.37513406222803,60000,300,9.299542199998541,9.203125,True
cx0.7_mut0.01,0.7,0.01,test_9,8,10,852,39.89938755180468,38.00938229052888,60000,300,10.201491700001498,10.140625,True
cx0.7_mut0.01,0.7,0.01,test_9,8,11,853,36.995958902745336,35.2479606027644,60000,300,8.49801540000044,8.484375,True
cx0.7_mut0.01,0.7,0.01,test_9,8,12,854,39.85904022953288,38.03534346344589,60000,300,12.035237600000983,11.96875,True
cx0.7_mut0.01,0.7,0.01,test_9,8,13,855,41.43282021702477,39.73658118297887,60000,300,13.337013000000297,13.28125,True
cx0.7_mut0.01,0.7,0.01,test_9,8,14,856,36.4366932778473,35.038847536973854,60000,300,10.364765599999373,10.359375,True
cx0.7_mut0.01,0.7,0.01,test_9,8,15,857,43.22998011407972,41.27968710949266,60000,300,9.160290200001327,9.15625,True
cx0.7_mut0.01,0.7,0.01,test_9,8,16,858,40.1058051907286,38.38581331738312,60000,300,11.520686600000772,11.4375,True
cx0.7_mut0.01,0.7,0.01,test_9,8,17,859,39.76588621350794,38.016660137058366,60000,300,9.82360189999963,9.53125,True
cx0.7_mut0.01,0.7,0.01,test_9,8,18,860,38.19731978544444,36.32382105375799,60000,300,11.33964940000078,11.046875,True
cx0.7_mut0.01,0.7,0.01,test_9,8,19,861,41.58365365813733,39.97304919185717,60000,300,14.827190800002427,13.765625,True
cx0.7_mut0.01,0.7,0.01,test_10,9,0,942,38.82344143300643,36.938373954450526,60000,300,10.229742100000294,9.984375,True
cx0.7_mut0.01,0.7,0.01,test_10,9,1,943,45.64906685641857,44.01345894821989,60000,300,13.358306199999788,12.890625,True
cx0.7_mut0.01,0.7,0.01,test_10,9,2,944,35.8335256940353,34.45448435063935,60000,300,12.210136300000158,11.9375,True
cx0.7_mut0.01,0.7,0.01,test_10,9,3,945,37.07935196008914,35.26898751039303,60000,300,12.235418199998094,12.03125,True
cx0.7_mut0.01,0.7,0.01,test_10,9,4,946,32.14328233128041,30.638107559484098,60000,300,13.130812700001115,12.59375,True
cx0.7_mut0.01,0.7,0.01,test_10,9,5,947,37.20889185266722,35.63982011910216,60000,300,10.389810299999226,10.328125,True
cx0.7_mut0.01,0.7,0.01,test_10,9,6,948,46.858205895498465,45.03697834977152,60000,300,14.925496300002123,14.6875,True
cx0.7_mut0.01,0.7,0.01,test_10,9,7,949,35.41810622643842,33.751448882949234,60000,300,13.759103000000323,13.28125,True
cx0.7_mut0.01,0.7,0.01,test_10,9,8,950,42.05503263436732,40.571756425264866,60000,300,9.472332099998312,9.328125,True
cx0.7_mut0.01,0.7,0.01,test_10,9,9,951,40.78066839300646,39.138160318257135,60000,300,14.588545000002341,12.75,True
cx0.7_mut0.01,0.7,0.01,test_10,9,10,952,36.65798744741933,34.815642276691875,60000,300,9.304375700001401,9.1875,True
cx0.7_mut0.01,0.7,0.01,test_10,9,11,953,35.040889699522786,33.453270943453546,60000,300,9.914107199998398,9.59375,True
cx0.7_mut0.01,0.7,0.01,test_10,9,12,954,37.595004574654574,36.034562378167365,60000,300,11.457127099998615,10.796875,True
cx0.7_mut0.01,0.7,0.01,test_10,9,13,955,35.561024504385585,33.93195794287374,60000,300,12.084802899997158,11.828125,True
cx0.7_mut0.01,0.7,0.01,test_10,9,14,956,43.3639194480577,41.911149038189606,60000,300,12.41493790000095,12.3125,True
cx0.7_mut0.01,0.7,0.01,test_10,9,15,957,44.426254977991434,42.78774167586788,60000,300,11.28679209999973,10.71875,True
cx0.7_mut0.01,0.7,0.01,test_10,9,16,958,34.46771990939132,32.7773630043744,60000,300,12.128760200001125,11.671875,True
cx0.7_mut0.01,0.7,0.01,test_10,9,17,959,42.85189920625644,41.092705958874426,60000,300,12.43403749999925,11.78125,True
cx0.7_mut0.01,0.7,0.01,test_10,9,18,960,44.74394375456681,42.77441821567112,60000,300,12.910592500000348,12.015625,True
cx0.7_mut0.01,0.7,0.01,test_10,9,19,961,34.00946456490509,32.65659360817567,60000,300,9.362274700000853,9.28125,True
cx0.7_mut0.05,0.7,0.05,test_1,0,0,42,42.9701710193962,41.20549865147928,60000,300,8.511473300000944,8.171875,True
cx0.7_mut0.05,0.7,0.05,test_1,0,1,43,35.256112463644925,33.8705022278415,60000,300,11.647359099999449,11.421875,True
cx0.7_mut0.05,0.7,0.05,test_1,0,2,44,40.98055415584338,39.389747218459675,60000,300,9.11013230000026,8.671875,True
cx0.7_mut0.05,0.7,0.05,test_1,0,3,45,41.57650741176479,40.35466294351623,60000,300,10.764542700002494,10.59375,True
cx0.7_mut0.05,0.7,0.05,test_1,0,4,46,42.16580097485037,40.65239035739127,60000,300,9.74284269999771,9.578125,True
cx0.7_mut0.05,0.7,0.05,test_1,0,5,47,38.055689486717824,36.67163008222536,60000,300,7.951587100000324,7.90625,True
cx0.7_mut0.05,0.7,0.05,test_1,0,6,48,41.615633155404865,40.13312911831795,60000,300,7.275709599998663,7.109375,True
cx0.7_mut0.05,0.7,0.05,test_1,0,7,49,41.95324851625968,40.46808912291309,60000,300,10.568310000002384,10.453125,True
cx0.7_mut0.05,0.7,0.05,test_1,0,8,50,48.33621644352116,46.91001728922779,60000,300,10.945684999998775,10.78125,True
cx0.7_mut0.05,0.7,0.05,test_1,0,9,51,43.5983871747356,42.04233833999141,60000,300,7.871302800002013,7.8125,True
cx0.7_mut0.05,0.7,0.05,test_1,0,10,52,41.27188431637026,39.75915918045376,60000,300,8.262775300001522,8.15625,True
cx0.7_mut0.05,0.7,0.05,test_1,0,11,53,40.6079520567759,38.81131859838257,60000,300,9.208617200001754,9.078125,True
cx0.7_mut0.05,0.7,0.05,test_1,0,12,54,38.67413489963391,36.718091807848275,60000,300,8.525549699999829,8.421875,True
cx0.7_mut0.05,0.7,0.05,test_1,0,13,55,35.29701106351334,33.91690006942947,60000,300,8.816994600001635,8.640625,True
cx0.7_mut0.05,0.7,0.05,test_1,0,14,56,42.17934139907077,40.45124818434261,60000,300,9.721909199997754,9.671875,True
cx0.7_mut0.05,0.7,0.05,test_1,0,15,57,38.66358291632582,37.09697527452924,60000,300,7.682530699999916,7.59375,True
cx0.7_mut0.05,0.7,0.05,test_1,0,16,58,36.316513563538166,34.84902438255399,60000,300,7.466272899997421,7.421875,True
cx0.7_mut0.05,0.7,0.05,test_1,0,17,59,37.63012410363862,35.7811397997011,60000,300,7.955279099998734,7.921875,True
cx0.7_mut0.05,0.7,0.05,test_1,0,18,60,42.770594349171084,40.893272226425765,60000,300,8.424005900000338,8.3125,True
cx0.7_mut0.05,0.7,0.05,test_1,0,19,61,45.45055850879718,43.88889326892471,60000,300,8.611088499998004,8.4375,True
cx0.7_mut0.05,0.7,0.05,test_2,1,0,142,36.28551109654185,35.00364264144723,60000,300,10.102580300001136,9.96875,True
cx0.7_mut0.05,0.7,0.05,test_2,1,1,143,34.990244633087784,33.55437653877433,60000,300,9.842888699997275,9.734375,True
cx0.7_mut0.05,0.7,0.05,test_2,1,2,144,28.239989797444572,26.900649991649697,60000,300,9.916945799999667,9.71875,True
cx0.7_mut0.05,0.7,0.05,test_2,1,3,145,35.82835765355023,34.3172432017628,60000,300,9.063766700000997,8.890625,True
cx0.7_mut0.05,0.7,0.05,test_2,1,4,146,35.11152496709662,33.788470461894136,60000,300,8.881063499997254,8.78125,True
cx0.7_mut0.05,0.7,0.05,test_2,1,5,147,42.40487221788391,41.20441529513666,60000,300,10.293358299997635,10.234375,True
cx0.7_mut0.05,0.7,0.05,test_2,1,6,148,34.10417714671758,32.74204430726493,60000,300,9.434777499998745,9.3125,True
cx0.7_mut0.05,0.7,0.05,test_2,1,7,149,35.818583308413935,34.32930651722741,60000,300,9.857966999999917,9.78125,True
cx0.7_mut0.05,0.7,0.05,test_2,1,8,150,34.36444148954843,32.85752025651559,60000,300,8.22998749999897,8.140625,True
cx0.7_mut0.05,0.7,0.05,test_2,1,9,151,27.29268081532989,25.814694348113502,60000,300,8.240437699998438,8.125,True
cx0.7_mut0.05,0.7,0.05,test_2,1,10,152,32.02116110582171,30.607761356448627,60000,300,8.046980500002974,7.984375,True
cx0.7_mut0.05,0.7,0.05,test_2,1,11,153,26.932367981061148,25.49042463443472,60000,300,9.154973500000779,9.09375,True
cx0.7_mut0.05,0.7,0.05,test_2,1,12,154,37.73815862175878,36.256033971123124,60000,300,12.738549399997282,12.609375,True
cx0.7_mut0.05,0.7,0.05,test_2,1,13,155,38.852888746743155,37.229587880550426,60000,300,9.885984100001224,9.65625,True
cx0.7_mut0.05,0.7,0.05,test_2,1,14,156,30.963630774744416,29.610810162506827,60000,300,10.058968199999072,9.96875,True
cx0.7_mut0.05,0.7,0.05,test_2,1,15,157,34.28850889182619,32.711521468543985,60000,300,10.671652499997435,10.421875,True
cx0.7_mut0.05,0.7,0.05,test_2,1,16,158,35.76046883067218,34.17647895755409,60000,300,14.37207970000236,13.71875,True
cx0.7_mut0.05,0.7,0.05,test_2,1,17,159,40.991574188868405,39.16121724537649,60000,300,12.920491500000935,12.375,True
cx0.7_mut0.05,0.7,0.05,test_2,1,18,160,40.49199033369296,39.04420960857087,60000,300,10.83611060000112,10.625,True
cx0.7_mut0.05,0.7,0.05,test_2,1,19,161,34.408704287437004,32.97970990260811,60000,300,9.887996799996472,9.734375,True
cx0.7_mut0.05,0.7,0.05,test_3,2,0,242,41.45255458184535,39.69666973489351,60000,300,10.860237599998072,10.671875,True
cx0.7_mut0.05,0.7,0.05,test_3,2,1,243,38.92658118038512,36.957606259292845,60000,300,10.383064999998169,10.21875,True
cx0.7_mut0.05,0.7,0.05,test_3,2,2,244,33.544874215260094,31.67366212951373,60000,300,9.90503820000231,9.625,True
cx0.7_mut0.05,0.7,0.05,test_3,2,3,245,41.46920922903648,39.571761624007465,60000,300,9.328115100001014,8.90625,True
cx0.7_mut0.05,0.7,0.05,test_3,2,4,246,39.468768626701646,37.92100985905201,60000,300,13.622962199999165,13.359375,True
cx0.7_mut0.05,0.7,0.05,test_3,2,5,247,30.58342669967622,29.16415112183359,60000,300,15.49939159999849,14.96875,True
cx0.7_mut0.05,0.7,0.05,test_3,2,6,248,41.31119040458187,39.9155841747516,60000,300,10.152883300001122,9.90625,True
cx0.7_mut0.05,0.7,0.05,test_3,2,7,249,35.57150767320242,33.7790917954009,60000,300,12.304251499997918,12.015625,True
cx0.7_mut0.05,0.7,0.05,test_3,2,8,250,33.84319563655971,32.28583372430534,60000,300,11.69418709999809,11.015625,True
cx0.7_mut0.05,0.7,0.05,test_3,2,9,251,35.41944810970729,33.68797448093665,60000,300,13.69796100000167,13.1875,True
cx0.7_mut0.05,0.7,0.05,test_3,2,10,252,40.33961411905097,38.09858845327912,60000,300,10.464717899998504,10.25,True
cx0.7_mut0.05,0.7,0.05,test_3,2,11,253,35.60016493922338,33.938519050039744,60000,300,11.556422800000291,11.4375,True
cx0.7_mut0.05,0.7,0.05,test_3,2,12,254,34.01673837662851,32.458029526185875,60000,300,10.559038800001872,10.34375,True
cx0.7_mut0.05,0.7,0.05,test_3,2,13,255,35.3668801688755,33.79832053825552,60000,300,13.121320000002015,12.921875,True
cx0.7_mut0.05,0.7,0.05,test_3,2,14,256,39.05019977378554,37.21164964902397,60000,300,11.622420499999862,11.484375,True
cx0.7_mut0.05,0.7,0.05,test_3,2,15,257,35.43961471492793,33.95756425663057,60000,300,10.214964900002087,9.890625,True
cx0.7_mut0.05,0.7,0.05,test_3,2,16,258,34.28138843901755,32.571179702467646,60000,300,11.133748700001888,11.0,True
cx0.7_mut0.05,0.7,0.05,test_3,2,17,259,37.34126617113008,35.83936136109596,60000,300,11.975506200000382,11.828125,True
cx0.7_mut0.05,0.7,0.05,test_3,2,18,260,29.11160217248189,27.37342353785587,60000,300,14.834736700002395,14.625,True
cx0.7_mut0.05,0.7,0.05,test_3,2,19,261,39.700344935944884,38.197651351938674,60000,300,10.071503099999973,9.96875,True
cx0.7_mut0.05,0.7,0.05,test_4,3,0,342,28.218087032551324,26.6611861412034,60000,300,11.115523300002678,10.953125,True
cx0.7_mut0.05,0.7,0.05,test_4,3,1,343,29.013722663238223,27.658683873088414,60000,300,10.226226000002498,10.09375,True
cx0.7_mut0.05,0.7,0.05,test_4,3,2,344,39.200220806958384,37.62665294707461,60000,300,11.850844700002199,11.78125,True
cx0.7_mut0.05,0.7,0.05,test_4,3,3,345,32.72506939563564,31.42878993613381,60000,300,8.787234700001136,8.71875,True
cx0.7_mut0.05,0.7,0.05,test_4,3,4,346,33.6158188650668,32.054865380540704,60000,300,11.223237800000788,11.015625,True
cx0.7_mut0.05,0.7,0.05,test_4,3,5,347,32.68495533663912,31.034654003074365,60000,300,10.64089260000037,10.578125,True
cx0.7_mut0.05,0.7,0.05,test_4,3,6,348,30.2725984054202,28.913438752948892,60000,300,13.328119800000422,13.09375,True
cx0.7_mut0.05,0.7,0.05,test_4,3,7,349,30.924247586093458,29.293076021901907,60000,300,14.906680700001743,14.5,True
cx0.7_mut0.05,0.7,0.05,test_4,3,8,350,29.73244507312497,28.419264417828447,60000,300,11.872918500001106,11.65625,True
cx0.7_mut0.05,0.7,0.05,test_4,3,9,351,33.43189585966507,31.994261143323826,60000,300,12.468101399997977,12.0625,True
cx0.7_mut0.05,0.7,0.05,test_4,3,10,352,28.333866457480276,26.882249025377885,60000,300,13.682563700000173,13.203125,True
cx0.7_mut0.05,0.7,0.05,test_4,3,11,353,29.66518497214507,28.12157922530637,60000,300,11.624375300001702,11.296875,True
cx0.7_mut0.05,0.7,0.05,test_4,3,12,354,31.31450388173095,29.83869330116136,60000,300,9.294006600001012,9.0625,True
cx0.7_mut0.05,0.7,0.05,test_4,3,13,355,31.274496914626052,29.948043852225688,60000,300,9.66045259999737,9.515625,True
cx0.7_mut0.05,0.7,0.05,test_4,3,14,356,33.68617667674072,32.29801065979889,60000,300,9.109712199999194,8.8125,True
cx0.7_mut0.05,0.7,0.05,test_4,3,15,357,27.701562608652335,26.12284917731001,60000,300,11.669061799999326,11.25,True
cx0.7_mut0.05,0.7,0.05,test_4,3,16,358,33.03718489657509,31.746495804247996,60000,300,9.226211699999112,9.03125,True
cx0.7_mut0.05,0.7,0.05,test_4,3,17,359,32.75080666406863,31.395136113846306,60000,300,11.636886899999809,11.59375,True
cx0.7_mut0.05,0.7,0.05,test_4,3,18,360,29.27048900648124,28.01287347471781,60000,300,13.39995479999925,12.8125,True
cx0.7_mut0.05,0.7,0.05,test_4,3,19,361,31.755120225846607,30.25622461801847,60000,300,13.879359800001112,13.640625,True
cx0.7_mut0.05,0.7,0.05,test_5,4,0,442,40.3228411657889,38.86776090941068,60000,300,11.089592100001028,10.9375,True
cx0.7_mut0.05,0.7,0.05,test_5,4,1,443,42.60187330944015,41.02047142340246,60000,300,10.699599100000341,10.53125,True
cx0.7_mut0.05,0.7,0.05,test_5,4,2,444,37.86836337774626,36.34635518114844,60000,300,10.74808970000231,10.609375,True
cx0.7_mut0.05,0.7,0.05,test_5,4,3,445,42.92393849230711,41.53326903206588,60000,300,12.602610100002494,12.1875,True
cx0.7_mut0.05,0.7,0.05,test_5,4,4,446,40.493352324494026,39.049049527414276,60000,300,9.676733899999817,9.46875,True
cx0.7_mut0.05,0.7,0.05,test_5,4,5,447,38.36055093402696,36.810908046524936,60000,300,11.840016699999978,11.640625,True
cx0.7_mut0.05,0.7,0.05,test_5,4,6,448,32.3735937566297,30.892166539095218,60000,300,11.226445700001932,11.0,True
cx0.7_mut0.05,0.7,0.05,test_5,4,7,449,45.506377417184,43.95303786627356,60000,300,12.665908999999374,12.15625,True
cx0.7_mut0.05,0.7,0.05,test_5,4,8,450,50.93089767427423,49.2801205043307,60000,300,12.550134100001742,12.203125,True
cx0.7_mut0.05,0.7,0.05,test_5,4,9,451,38.183116788436244,36.716214054644155,60000,300,10.184281400001055,10.015625,True
cx0.7_mut0.05,0.7,0.05,test_5,4,10,452,37.27403179922605,35.931934804315574,60000,300,11.30032729999948,11.109375,True
cx0.7_mut0.05,0.7,0.05,test_5,4,11,453,41.143834362780325,39.444772186167334,60000,300,14.065294399999402,13.65625,True
cx0.7_mut0.05,0.7,0.05,test_5,4,12,454,41.06912961638745,39.04389180923652,60000,300,10.37235259999943,10.203125,True
cx0.7_mut0.05,0.7,0.05,test_5,4,13,455,39.87966574868938,38.0418237118247,60000,300,13.201527099998202,12.40625,True
cx0.7_mut0.05,0.7,0.05,test_5,4,14,456,45.76895024265466,44.28240775186178,60000,300,11.096782099997654,10.703125,True
cx0.7_mut0.05,0.7,0.05,test_5,4,15,457,43.72159536046623,42.30844276739123,60000,300,12.429610900002444,11.96875,True
cx0.7_mut0.05,0.7,0.05,test_5,4,16,458,44.57857504447293,43.026867684119175,60000,300,11.533162899999297,10.875,True
cx0.7_mut0.05,0.7,0.05,test_5,4,17,459,40.93667584810485,39.295751365533775,60000,300,11.398803200001566,10.953125,True
cx0.7_mut0.05,0.7,0.05,test_5,4,18,460,39.456847281298955,37.72056259616805,60000,300,11.306986400002643,10.71875,True
cx0.7_mut0.05,0.7,0.05,test_5,4,19,461,41.8927281312052,40.15415678893629,60000,300,11.53639209999892,11.0,True
cx0.7_mut0.05,0.7,0.05,test_6,5,0,542,40.112937768231426,38.33616268505276,60000,300,12.231551100001525,11.984375,True
cx0.7_mut0.05,0.7,0.05,test_6,5,1,543,36.291390998187964,34.37720018406798,60000,300,10.28075489999901,10.015625,True
cx0.7_mut0.05,0.7,0.05,test_6,5,2,544,36.59801560344859,35.20643242388905,60000,300,12.197433000001183,11.4375,True
cx0.7_mut0.05,0.7,0.05,test_6,5,3,545,39.77653186677877,38.21609800264569,60000,300,10.392331700000796,9.875,True
cx0.7_mut0.05,0.7,0.05,test_6,5,4,546,39.83401145027461,38.22042438776655,60000,300,12.796650100000988,12.078125,True
cx0.7_mut0.05,0.7,0.05,test_6,5,5,547,39.29104623897238,37.39937349551275,60000,300,14.255553900002269,13.875,True
cx0.7_mut0.05,0.7,0.05,test_6,5,6,548,36.4147879282077,34.63506516484565,60000,300,15.90203079999992,14.3125,True
cx0.7_mut0.05,0.7,0.05,test_6,5,7,549,33.29737890112349,31.795051331517655,60000,300,12.73499879999872,12.34375,True
cx0.7_mut0.05,0.7,0.05,test_6,5,8,550,31.525720947889706,30.145859983445142,60000,300,11.381879300002765,10.953125,True
cx0.7_mut0.05,0.7,0.05,test_6,5,9,551,39.73271975527788,38.258532847737904,60000,300,11.718703300000925,10.96875,True
cx0.7_mut0.05,0.7,0.05,test_6,5,10,552,38.6208788460475,36.97831257691083,60000,300,13.414283800000703,12.9375,True
cx0.7_mut0.05,0.7,0.05,test_6,5,11,553,34.80097570649599,33.36075126478195,60000,300,11.92863220000072,11.6875,True
cx0.7_mut0.05,0.7,0.05,test_6,5,12,554,35.00727148439281,33.28888223459537,60000,300,11.31679979999899,11.03125,True
cx0.7_mut0.05,0.7,0.05,test_6,5,13,555,44.795063530295856,43.15974584183608,60000,300,12.203526699999202,11.921875,True
cx0.7_mut0.05,0.7,0.05,test_6,5,14,556,30.52015487527879,28.955789642457948,60000,300,12.060675400000036,11.984375,True
cx0.7_mut0.05,0.7,0.05,test_6,5,15,557,41.29689863932167,39.69886129108188,60000,300,11.329054599998926,11.21875,True
cx0.7_mut0.05,0.7,0.05,test_6,5,16,558,40.745561150852446,39.12227667625998,60000,300,14.093763199998648,13.890625,True
cx0.7_mut0.05,0.7,0.05,test_6,5,17,559,42.075299223018256,40.59835331805028,60000,300,13.245456699998613,12.859375,True
cx0.7_mut0.05,0.7,0.05,test_6,5,18,560,36.0544892474096,34.23005845435784,60000,300,12.807199999999284,12.625,True
cx0.7_mut0.05,0.7,0.05,test_6,5,19,561,38.18146154523047,36.4931987944691,60000,300,10.997128899998643,10.75,True
cx0.7_mut0.05,0.7,0.05,test_7,6,0,642,39.08544068135132,37.24701456411114,60000,300,13.161998299998231,12.96875,True
cx0.7_mut0.05,0.7,0.05,test_7,6,1,643,32.38893301673033,30.922193975571687,60000,300,13.28158319999784,12.84375,True
cx0.7_mut0.05,0.7,0.05,test_7,6,2,644,30.300989667555182,28.74669168984249,60000,300,13.032924600000115,12.8125,True
cx0.7_mut0.05,0.7,0.05,test_7,6,3,645,37.17432404220037,35.35743030139075,60000,300,9.312882300000638,9.109375,True
cx0.7_mut0.05,0.7,0.05,test_7,6,4,646,32.34029444952865,30.591330465807637,60000,300,11.505236500001047,10.90625,True
cx0.7_mut0.05,0.7,0.05,test_7,6,5,647,31.340513727909876,29.933320143474422,60000,300,13.931596200000058,13.5625,True
cx0.7_mut0.05,0.7,0.05,test_7,6,6,648,32.98593123720535,31.351763778077334,60000,300,10.193140099996526,9.984375,True
cx0.7_mut0.05,0.7,0.05,test_7,6,7,649,40.05140363978414,38.740497705479626,60000,300,9.361463900000672,9.125,True
cx0.7_mut0.05,0.7,0.05,test_7,6,8,650,40.90087342541862,39.13442356697368,60000,300,9.6197007999981,9.375,True
cx0.7_mut0.05,0.7,0.05,test_7,6,9,651,45.80290253168678,44.15795646127552,60000,300,10.419182000001456,10.015625,True
cx0.7_mut0.05,0.7,0.05,test_7,6,10,652,34.097763652542426,32.49537609130865,60000,300,12.953954900000099,12.59375,True
cx0.7_mut0.05,0.7,0.05,test_7,6,11,653,34.2317233550916,32.673405836695004,60000,300,9.052296000001661,8.828125,True
cx0.7_mut0.05,0.7,0.05,test_7,6,12,654,40.55642933624354,38.570719284625994,60000,300,11.523847500000556,11.28125,True
cx0.7_mut0.05,0.7,0.05,test_7,6,13,655,33.260571231931976,31.354084586811926,60000,300,11.451893900000869,11.265625,True
cx0.7_mut0.05,0.7,0.05,test_7,6,14,656,39.02848958431563,37.178074448088424,60000,300,9.624470399998245,9.5625,True
cx0.7_mut0.05,0.7,0.05,test_7,6,15,657,39.90067105770801,38.24717343188225,60000,300,9.991765799997665,9.875,True
cx0.7_mut0.05,0.7,0.05,test_7,6,16,658,40.48838690864866,38.566454092844126,60000,300,11.379149599997618,11.265625,True
cx0.7_mut0.05,0.7,0.05,test_7,6,17,659,35.97936087746782,34.249046712129406,60000,300,8.726157400000375,8.609375,True
cx0.7_mut0.05,0.7,0.05,test_7,6,18,660,37.90736842337182,36.105160948626185,60000,300,14.799138999998831,14.640625,True
cx0.7_mut0.05,0.7,0.05,test_7,6,19,661,42.08734604456641,40.1564078389304,60000,300,10.072801600003004,9.890625,True
cx0.7_mut0.05,0.7,0.05,test_8,7,0,742,37.34991841256276,35.458133202286156,60000,300,11.18647079999937,10.859375,True
cx0.7_mut0.05,0.7,0.05,test_8,7,1,743,38.91600048354089,37.10204233896859,60000,300,10.82282639999903,10.421875,True
cx0.7_mut0.05,0.7,0.05,test_8,7,2,744,33.85255616512638,32.14120474217133,60000,300,12.646202099997026,12.390625,True
cx0.7_mut0.05,0.7,0.05,test_8,7,3,745,42.3965931820752,40.76021063256587,60000,300,10.168496000002051,10.0,True
cx0.7_mut0.05,0.7,0.05,test_8,7,4,746,35.01026540614661,33.20733306886221,60000,300,11.98803940000289,11.6875,True
cx0.7_mut0.05,0.7,0.05,test_8,7,5,747,35.67210097295319,34.06769570860222,60000,300,9.022202700001799,8.796875,True
cx0.7_mut0.05,0.7,0.05,test_8,7,6,748,33.33292413815177,31.468585983344276,60000,300,9.904829099999915,9.65625,True
cx0.7_mut0.05,0.7,0.05,test_8,7,7,749,33.46472773218641,31.80988830913826,60000,300,12.430438299998059,12.21875,True
cx0.7_mut0.05,0.7,0.05,test_8,7,8,750,40.477253543358415,38.77036445292146,60000,300,11.492790000000241,11.171875,True
cx0.7_mut0.05,0.7,0.05,test_8,7,9,751,30.82893893912468,29.130939221273316,60000,300,10.555825499999628,10.171875,True
cx0.7_mut0.05,0.7,0.05,test_8,7,10,752,29.954415015713003,28.13907714338776,60000,300,12.646381400001701,12.296875,True
cx0.7_mut0.05,0.7,0.05,test_8,7,11,753,37.032815897536416,35.35320856861861,60000,300,13.119393900000432,12.484375,True
cx0.7_mut0.05,0.7,0.05,test_8,7,12,754,33.72123145865622,32.13353015706165,60000,300,11.18204070000138,11.0,True
cx0.7_mut0.05,0.7,0.05,test_8,7,13,755,36.71573705902155,34.95055377953216,60000,300,9.838765600001352,9.640625,True
cx0.7_mut0.05,0.7,0.05,test_8,7,14,756,32.44038600935505,30.835367693700054,60000,300,13.96216650000133,13.734375,True
cx0.7_mut0.05,0.7,0.05,test_8,7,15,757,35.93509949861897,34.534391688215564,60000,300,10.749231099998724,10.71875,True
cx0.7_mut0.05,0.7,0.05,test_8,7,16,758,37.3615846941708,35.6192158309398,60000,300,11.650175799997669,11.578125,True
cx0.7_mut0.05,0.7,0.05,test_8,7,17,759,32.43072655074425,30.813323185568894,60000,300,10.880444099999295,10.78125,True
cx0.7_mut0.05,0.7,0.05,test_8,7,18,760,42.61151729667381,41.08721473452672,60000,300,9.539962200000446,9.453125,True
cx0.7_mut0.05,0.7,0.05,test_8,7,19,761,33.838876357585576,32.39789858849963,60000,300,11.989041400000133,11.875,True
cx0.7_mut0.05,0.7,0.05,test_9,8,0,842,37.207068171461756,35.603734464414266,60000,300,10.572397700001602,9.6875,True
cx0.7_mut0.05,0.7,0.05,test_9,8,1,843,41.31639708607027,39.7744738317176,60000,300,12.734284900001512,12.671875,True
cx0.7_mut0.05,0.7,0.05,test_9,8,2,844,40.002644734124495,38.42807118617735,60000,300,8.63150499999756,8.5625,True
cx0.7_mut0.05,0.7,0.05,test_9,8,3,845,30.987939459172008,29.491845426554097,60000,300,8.840749400002096,8.8125,True
cx0.7_mut0.05,0.7,0.05,test_9,8,4,846,37.77346633969937,36.28676772527484,60000,300,11.52129319999949,10.703125,True
cx0.7_mut0.05,0.7,0.05,test_9,8,5,847,40.04195974870989,38.52787456509422,60000,300,11.22852150000108,11.03125,True
cx0.7_mut0.05,0.7,0.05,test_9,8,6,848,37.69784601088345,35.89338733967426,60000,300,12.103976500002318,11.328125,True
cx0.7_mut0.05,0.7,0.05,test_9,8,7,849,39.15717266289607,37.87655990805968,60000,300,8.935793500000727,8.8125,True
cx0.7_mut0.05,0.7,0.05,test_9,8,8,850,39.54638479370119,37.76120944883658,60000,300,12.186770199998136,11.84375,True
cx0.7_mut0.05,0.7,0.05,test_9,8,9,851,36.10339984871131,34.71961221431944,60000,300,10.89363349999985,10.71875,True
cx0.7_mut0.05,0.7,0.05,test_9,8,10,852,38.90543393587227,37.24058911972135,60000,300,11.449865899998258,11.359375,True
cx0.7_mut0.05,0.7,0.05,test_9,8,11,853,40.38191134438738,39.088291899162115,60000,300,8.826998799999274,8.828125,True
cx0.7_mut0.05,0.7,0.05,test_9,8,12,854,41.23142529476664,39.71370782197499,60000,300,9.071522899997944,8.984375,True
cx0.7_mut0.05,0.7,0.05,test_9,8,13,855,40.88967640080023,39.024417941269405,60000,300,8.555922100000316,8.53125,True
cx0.7_mut0.05,0.7,0.05,test_9,8,14,856,38.36463759888814,36.705345775715166,60000,300,7.818858899998304,7.734375,True
cx0.7_mut0.05,0.7,0.05,test_9,8,15,857,37.16492348862869,35.51839301776762,60000,300,11.33406549999927,11.234375,True
cx0.7_mut0.05,0.7,0.05,test_9,8,16,858,39.41036485145611,37.94487998436231,60000,300,10.606881600000634,10.359375,True
cx0.7_mut0.05,0.7,0.05,test_9,8,17,859,36.206112640699914,34.851004609486615,60000,300,8.451092200000858,8.359375,True
cx0.7_mut0.05,0.7,0.05,test_9,8,18,860,43.37795237096101,41.869957412459506,60000,300,10.400364600001922,10.1875,True
cx0.7_mut0.05,0.7,0.05,test_9,8,19,861,39.556491591036,38.11650221734982,60000,300,10.053146900001593,9.421875,True
cx0.7_mut0.05,0.7,0.05,test_10,9,0,942,37.98103972137107,36.34238114494288,60000,300,9.541387699999177,9.1875,True
cx0.7_mut0.05,0.7,0.05,test_10,9,1,943,38.61337330559871,37.166636203851326,60000,300,12.577008700001898,12.140625,True
cx0.7_mut0.05,0.7,0.05,test_10,9,2,944,43.43954636445519,42.19568059733449,60000,300,8.460997600002884,8.40625,True
cx0.7_mut0.05,0.7,0.05,test_10,9,3,945,36.38307661723897,34.84959854751713,60000,300,9.650316399998701,9.3125,True
cx0.7_mut0.05,0.7,0.05,test_10,9,4,946,40.703116430136575,39.191282368073736,60000,300,15.441277299996727,14.828125,True
cx0.7_mut0.05,0.7,0.05,test_10,9,5,947,36.87190075277285,35.35253021157632,60000,300,12.033145400000649,11.875,True
cx0.7_mut0.05,0.7,0.05,test_10,9,6,948,33.9176552683069,32.353159041772386,60000,300,8.717713999998523,8.421875,True
cx0.7_mut0.05,0.7,0.05,test_10,9,7,949,30.67727636237055,29.225155392271088,60000,300,11.042188300001726,10.625,True
cx0.7_mut0.05,0.7,0.05,test_10,9,8,950,37.11754796377989,35.5243036688801,60000,300,9.850771500001429,9.734375,True
cx0.7_mut0.05,0.7,0.05,test_10,9,9,951,39.86500039466202,38.3031704422376,60000,300,11.498521299999993,10.296875,True
cx0.7_mut0.05,0.7,0.05,test_10,9,10,952,33.85023072219756,32.361226721884414,60000,300,10.164006900002278,10.03125,True
cx0.7_mut0.05,0.7,0.05,test_10,9,11,953,37.51215384523995,36.14461046380208,60000,300,13.189956299996993,12.890625,True
cx0.7_mut0.05,0.7,0.05,test_10,9,12,954,33.8154444322067,32.47240924939924,60000,300,11.912886099999014,11.390625,True
cx0.7_mut0.05,0.7,0.05,test_10,9,13,955,33.91224049426844,32.372460994793045,60000,300,9.267878200000268,9.0,True
cx0.7_mut0.05,0.7,0.05,test_10,9,14,956,35.6936469567838,34.351638287643745,60000,300,8.455495400001382,8.40625,True
cx0.7_mut0.05,0.7,0.05,test_10,9,15,957,36.194682224967366,34.49484156135513,60000,300,11.190925999999308,10.515625,True
cx0.7_mut0.05,0.7,0.05,test_10,9,16,958,31.186273987914028,30.0025000254633,60000,300,10.964085600000544,10.296875,True
cx0.7_mut0.05,0.7,0.05,test_10,9,17,959,38.79269367536111,37.4052150081753,60000,300,9.523489100000006,8.90625,True
cx0.7_mut0.05,0.7,0.05,test_10,9,18,960,41.088451387711096,39.37928799654817,60000,300,10.119060699998954,9.28125,True
cx0.7_mut0.05,0.7,0.05,test_10,9,19,961,39.27129253276054,37.413223196315734,60000,300,9.972298900000169,9.859375,True
cx0.7_mut0.1,0.7,0.1,test_1,0,0,42,29.75044636469687,28.568951188111864,60000,300,8.04939000000013,7.78125,True
cx0.7_mut0.1,0.7,0.1,test_1,0,1,43,40.59437778477024,39.070657808361865,60000,300,8.101646200000687,7.78125,True
cx0.7_mut0.1,0.7,0.1,test_1,0,2,44,44.488496693540334,43.20822179923055,60000,300,8.654477000000043,8.359375,True
cx0.7_mut0.1,0.7,0.1,test_1,0,3,45,45.67717139626872,44.03055619637294,60000,300,8.045609299999342,7.90625,True
cx0.7_mut0.1,0.7,0.1,test_1,0,4,46,33.12726010565004,31.93304757578512,60000,300,8.708772699999827,8.53125,True
cx0.7_mut0.1,0.7,0.1,test_1,0,5,47,37.51587461581218,35.82909083767555,60000,300,8.25875790000282,8.203125,True
cx0.7_mut0.1,0.7,0.1,test_1,0,6,48,41.20617501469714,39.689398145910666,60000,300,7.923077200000989,7.796875,True
cx0.7_mut0.1,0.7,0.1,test_1,0,7,49,36.58801714440587,35.15549562194032,60000,300,9.111853200000041,9.0625,True
cx0.7_mut0.1,0.7,0.1,test_1,0,8,50,39.898208189681114,38.28224909793683,60000,300,7.4339771999984805,7.359375,True
cx0.7_mut0.1,0.7,0.1,test_1,0,9,51,41.15004001454648,39.267749166835316,60000,300,9.153039900000294,9.109375,True
cx0.7_mut0.1,0.7,0.1,test_1,0,10,52,41.21932159635461,39.48120973343061,60000,300,7.801824699999997,7.78125,True
cx0.7_mut0.1,0.7,0.1,test_1,0,11,53,40.86558588505308,39.18501212177496,60000,300,8.475367499999265,8.328125,True
cx0.7_mut0.1,0.7,0.1,test_1,0,12,54,32.68095756367057,31.276364622467383,60000,300,7.885163899998588,7.78125,True
cx0.7_mut0.1,0.7,0.1,test_1,0,13,55,37.0876464278508,35.66187339783226,60000,300,8.609238400000322,8.5625,True
cx0.7_mut0.1,0.7,0.1,test_1,0,14,56,35.12917583641884,33.67367312297942,60000,300,8.451600799999142,8.375,True
cx0.7_mut0.1,0.7,0.1,test_1,0,15,57,42.096552879561045,40.655245331512724,60000,300,8.192537599999923,8.15625,True
cx0.7_mut0.1,0.7,0.1,test_1,0,16,58,36.376605692089136,34.517171695095286,60000,300,7.749757500001579,7.71875,True
cx0.7_mut0.1,0.7,0.1,test_1,0,17,59,44.32566545619207,42.63893563227932,60000,300,7.346039599997312,7.265625,True
cx0.7_mut0.1,0.7,0.1,test_1,0,18,60,35.38411784364024,34.181907431329265,60000,300,10.432812499999272,10.265625,True
cx0.7_mut0.1,0.7,0.1,test_1,0,19,61,41.086909166429045,39.70893570451822,60000,300,7.6491859999987355,7.578125,True
cx0.7_mut0.1,0.7,0.1,test_2,1,0,142,36.01235070814132,34.639222619868285,60000,300,9.10528560000239,9.015625,True
cx0.7_mut0.1,0.7,0.1,test_2,1,1,143,32.05622295145482,30.532971486988295,60000,300,9.168913800000155,9.0625,True
cx0.7_mut0.1,0.7,0.1,test_2,1,2,144,33.57327097302521,31.859941158332468,60000,300,7.93005329999869,7.671875,True
cx0.7_mut0.1,0.7,0.1,test_2,1,3,145,38.18621322591816,36.801612411619416,60000,300,8.486181100000977,8.328125,True
cx0.7_mut0.1,0.7,0.1,test_2,1,4,146,38.729264385657444,37.2181501780692,60000,300,7.420321199999307,7.375,True
cx0.7_mut0.1,0.7,0.1,test_2,1,5,147,32.939195490647585,31.34389759507541,60000,300,8.429670599998644,8.296875,True
cx0.7_mut0.1,0.7,0.1,test_2,1,6,148,32.94620090392131,31.217464272649675,60000,300,7.240459100001317,7.1875,True
cx0.7_mut0.1,0.7,0.1,test_2,1,7,149,39.29662761886231,37.67205064767432,60000,300,9.750071099999332,9.578125,True
cx0.7_mut0.1,0.7,0.1,test_2,1,8,150,37.5577401629057,35.764498945439726,60000,300,6.912757800000691,6.890625,True
cx0.7_mut0.1,0.7,0.1,test_2,1,9,151,36.83540560722345,35.282463656173014,60000,300,7.65992019999976,7.5625,True
cx0.7_mut0.1,0.7,0.1,test_2,1,10,152,31.002749919123563,29.666831626911044,60000,300,8.41116079999847,8.1875,True
cx0.7_mut0.1,0.7,0.1,test_2,1,11,153,34.78894859333652,33.31879830681667,60000,300,8.310253600000578,8.203125,True
cx0.7_mut0.1,0.7,0.1,test_2,1,12,154,36.33004572629545,34.59014150905274,60000,300,9.789014199999656,9.65625,True
cx0.7_mut0.1,0.7,0.1,test_2,1,13,155,29.903184544773477,28.469375288204397,60000,300,8.896930699997029,8.734375,True
cx0.7_mut0.1,0.7,0.1,test_2,1,14,156,34.49120274532132,32.86586340715293,60000,300,7.636864500000229,7.5625,True
cx0.7_mut0.1,0.7,0.1,test_2,1,15,157,37.422279240541435,35.77611242612345,60000,300,7.489560900001379,7.3125,True
cx0.7_mut0.1,0.7,0.1,test_2,1,16,158,28.097731834608904,26.721125774112505,60000,300,10.724251899999217,10.203125,True
cx0.7_mut0.1,0.7,0.1,test_2,1,17,159,33.444926511691925,31.861139810689092,60000,300,11.226001399998495,10.96875,True
cx0.7_mut0.1,0.7,0.1,test_2,1,18,160,33.91315556542359,32.11503319100066,60000,300,8.929877200000192,8.8125,True
cx0.7_mut0.1,0.7,0.1,test_2,1,19,161,27.712883282701057,26.286794484160605,60000,300,8.32653229999778,8.078125,True
cx0.7_mut0.1,0.7,0.1,test_3,2,0,242,38.27764680736656,36.64100257173201,60000,300,11.38944679999986,11.1875,True
cx0.7_mut0.1,0.7,0.1,test_3,2,1,243,37.39170606008446,35.82766915676191,60000,300,10.613497400001506,10.328125,True
cx0.7_mut0.1,0.7,0.1,test_3,2,2,244,31.428952530519265,30.106193381564214,60000,300,11.902565500000492,11.65625,True
cx0.7_mut0.1,0.7,0.1,test_3,2,3,245,36.63516215133535,35.15350083735529,60000,300,10.59889949999706,10.25,True
cx0.7_mut0.1,0.7,0.1,test_3,2,4,246,35.01448355687161,33.352234544822295,60000,300,10.954498799997964,10.4375,True
cx0.7_mut0.1,0.7,0.1,test_3,2,5,247,36.76928090468474,35.28258014653378,60000,300,10.068316600001708,9.828125,True
cx0.7_mut0.1,0.7,0.1,test_3,2,6,248,37.841074200443146,36.28862383613633,60000,300,9.631125500000053,9.453125,True
cx0.7_mut0.1,0.7,0.1,test_3,2,7,249,30.725284629548415,29.1646026727332,60000,300,11.038307700000587,10.796875,True
cx0.7_mut0.1,0.7,0.1,test_3,2,8,250,34.56544762137058,32.9811706381577,60000,300,10.859888499999215,9.921875,True
cx0.7_mut0.1,0.7,0.1,test_3,2,9,251,34.82410458583631,33.014805283823996,60000,300,8.936080600000423,8.625,True
cx0.7_mut0.1,0.7,0.1,test_3,2,10,252,37.683457852636764,35.91658939237866,60000,300,9.940620299999864,9.875,True
cx0.7_mut0.1,0.7,0.1,test_3,2,11,253,37.82859503126381,36.231731561774,60000,300,11.51120379999702,11.4375,True
cx0.7_mut0.1,0.7,0.1,test_3,2,12,254,38.47920769986073,36.825613164119765,60000,300,11.712391900000512,11.296875,True
cx0.7_mut0.1,0.7,0.1,test_3,2,13,255,37.36180403363852,35.63895314105319,60000,300,9.375064799998654,9.28125,True
cx0.7_mut0.1,0.7,0.1,test_3,2,14,256,38.130843729586694,36.826560919300675,60000,300,9.548064099999465,9.34375,True
cx0.7_mut0.1,0.7,0.1,test_3,2,15,257,39.525725806941054,37.84796363746647,60000,300,8.82774309999877,8.53125,True
cx0.7_mut0.1,0.7,0.1,test_3,2,16,258,34.17947568805961,32.7879539524774,60000,300,12.590571000000637,12.359375,True
cx0.7_mut0.1,0.7,0.1,test_3,2,17,259,31.73490365118123,30.513035872524863,60000,300,9.810477300001367,9.6875,True
cx0.7_mut0.1,0.7,0.1,test_3,2,18,260,37.623328547689646,35.66001620440517,60000,300,10.709235399997851,10.546875,True
cx0.7_mut0.1,0.7,0.1,test_3,2,19,261,33.76714183606096,31.97140330823145,60000,300,9.764095900001848,9.671875,True
cx0.7_mut0.1,0.7,0.1,test_4,3,0,342,31.352624820297354,29.651693682019218,60000,300,10.984073299998272,10.890625,True
cx0.7_mut0.1,0.7,0.1,test_4,3,1,343,32.574812537217944,30.89912243346511,60000,300,9.178374399998575,9.09375,True
cx0.7_mut0.1,0.7,0.1,test_4,3,2,344,32.727571239155054,31.4490248941561,60000,300,9.862702200000058,9.75,True
cx0.7_mut0.1,0.7,0.1,test_4,3,3,345,37.15128285750597,35.426297826692505,60000,300,10.76226940000197,10.6875,True
cx0.7_mut0.1,0.7,0.1,test_4,3,4,346,32.1097793338478,30.497634762303658,60000,300,12.186508399998274,12.015625,True
cx0.7_mut0.1,0.7,0.1,test_4,3,5,347,35.886106341810745,33.91787242436562,60000,300,8.930139300002338,8.828125,True
cx0.7_mut0.1,0.7,0.1,test_4,3,6,348,36.551324980288314,34.568613780948745,60000,300,10.05079250000199,9.921875,True
cx0.7_mut0.1,0.7,0.1,test_4,3,7,349,29.53165025106636,28.070721161024995,60000,300,10.215032500000234,10.09375,True
cx0.7_mut0.1,0.7,0.1,test_4,3,8,350,27.67089143013696,26.35134792462987,60000,300,9.808423600003152,9.640625,True
cx0.7_mut0.1,0.7,0.1,test_4,3,9,351,31.10637883763304,29.654357932652385,60000,300,10.043823699998029,9.6875,True
cx0.7_mut0.1,0.7,0.1,test_4,3,10,352,31.1871040748561,29.885490867473422,60000,300,10.76702529999966,10.515625,True
cx0.7_mut0.1,0.7,0.1,test_4,3,11,353,28.89372432407958,27.571290697744665,60000,300,10.081132200000866,9.90625,True
cx0.7_mut0.1,0.7,0.1,test_4,3,12,354,26.78411868604382,25.42463344257235,60000,300,10.474707699999271,10.203125,True
cx0.7_mut0.1,0.7,0.1,test_4,3,13,355,29.4771490779616,28.249523995574833,60000,300,9.397829000001366,9.125,True
cx0.7_mut0.1,0.7,0.1,test_4,3,14,356,27.024850205101995,25.77985645892699,60000,300,10.496949000000313,10.15625,True
cx0.7_mut0.1,0.7,0.1,test_4,3,15,357,36.76469400501684,34.84275674430938,60000,300,9.127771200001007,8.859375,True
cx0.7_mut0.1,0.7,0.1,test_4,3,16,358,35.26997715188377,33.5879793263995,60000,300,11.975441899998259,11.625,True
cx0.7_mut0.1,0.7,0.1,test_4,3,17,359,28.35873529647864,26.836682063315983,60000,300,10.515710700001364,10.421875,True
cx0.7_mut0.1,0.7,0.1,test_4,3,18,360,37.20816922973846,35.32555919192126,60000,300,9.337646199997835,8.96875,True
cx0.7_mut0.1,0.7,0.1,test_4,3,19,361,30.854129606636064,29.178271900698586,60000,300,10.768110300003173,10.53125,True
cx0.7_mut0.1,0.7,0.1,test_5,4,0,442,44.76570360323583,43.10009025459769,60000,300,9.01973899999939,8.953125,True
cx0.7_mut0.1,0.7,0.1,test_5,4,1,443,36.64699211695001,34.90375503794609,60000,300,10.958607000000484,10.78125,True
cx0.7_mut0.1,0.7,0.1,test_5,4,2,444,37.6248481691071,36.050402673598775,60000,300,9.097621900000377,8.96875,True
cx0.7_mut0.1,0.7,0.1,test_5,4,3,445,36.06690525713049,34.53621294312123,60000,300,11.195044100000814,10.828125,True
cx0.7_mut0.1,0.7,0.1,test_5,4,4,446,47.36317410463894,45.69663896938877,60000,300,8.690416699999332,8.5625,True
cx0.7_mut0.1,0.7,0.1,test_5,4,5,447,38.19502778217517,36.64510422367054,60000,300,10.397000199998729,10.109375,True
cx0.7_mut0.1,0.7,0.1,test_5,4,6,448,40.182882733157065,38.926965330162616,60000,300,8.62028569999893,8.515625,True
cx0.7_mut0.1,0.7,0.1,test_5,4,7,449,41.52725707577626,40.33150629109087,60000,300,11.10541799999919,10.6875,True
cx0.7_mut0.1,0.7,0.1,test_5,4,8,450,38.761879638147896,37.272652120957765,60000,300,11.160266200000478,11.015625,True
cx0.7_mut0.1,0.7,0.1,test_5,4,9,451,43.44366728713106,41.35984393976842,60000,300,12.434004599999753,12.171875,True
cx0.7_mut0.1,0.7,0.1,test_5,4,10,452,44.580567283776176,42.98868060226119,60000,300,12.303575199999614,12.046875,True
cx0.7_mut0.1,0.7,0.1,test_5,4,11,453,45.788193222809966,43.894716859961655,60000,300,12.204881099998602,11.96875,True
cx0.7_mut0.1,0.7,0.1,test_5,4,12,454,38.84631904386005,37.40353129159204,60000,300,8.91276949999883,8.765625,True
cx0.7_mut0.1,0.7,0.1,test_5,4,13,455,36.594551694132385,35.0319905601162,60000,300,11.767118599997048,11.0625,True
cx0.7_mut0.1,0.7,0.1,test_5,4,14,456,38.145866481002784,36.178605427456645,60000,300,8.96935090000261,8.625,True
cx0.7_mut0.1,0.7,0.1,test_5,4,15,457,38.97116611495911,37.30923572759549,60000,300,9.887501400000474,9.4375,True
cx0.7_mut0.1,0.7,0.1,test_5,4,16,458,35.49506885908122,34.16850491097685,60000,300,8.34028380000018,8.25,True
cx0.7_mut0.1,0.7,0.1,test_5,4,17,459,42.003517626240324,40.31472503171893,60000,300,9.011252099997364,8.4375,True
cx0.7_mut0.1,0.7,0.1,test_5,4,18,460,42.80912409019317,41.373784795967694,60000,300,9.374884000000748,8.96875,True
cx0.7_mut0.1,0.7,0.1,test_5,4,19,461,43.8428903748719,41.98864157139423,60000,300,12.878348400001414,12.40625,True
cx0.7_mut0.1,0.7,0.1,test_6,5,0,542,40.200779519401,38.88300830647896,60000,300,10.604347899999993,10.359375,True
cx0.7_mut0.1,0.7,0.1,test_6,5,1,543,33.43736189699192,32.23636972313,60000,300,9.79392899999948,9.59375,True
cx0.7_mut0.1,0.7,0.1,test_6,5,2,544,40.32226557893752,38.82369761545154,60000,300,9.567899400000897,9.140625,True
cx0.7_mut0.1,0.7,0.1,test_6,5,3,545,39.37742289153065,37.735778597243154,60000,300,9.94055500000104,9.53125,True
cx0.7_mut0.1,0.7,0.1,test_6,5,4,546,42.63267789200607,41.247923900117314,60000,300,11.487176700000418,10.703125,True
cx0.7_mut0.1,0.7,0.1,test_6,5,5,547,37.49802323464686,35.91845513519258,60000,300,11.184221999999863,10.96875,True
cx0.7_mut0.1,0.7,0.1,test_6,5,6,548,39.63551107611714,38.14515654878828,60000,300,11.298196100000496,10.328125,True
cx0.7_mut0.1,0.7,0.1,test_6,5,7,549,38.24784434245732,36.676377057546844,60000,300,12.163257899999735,11.609375,True
cx0.7_mut0.1,0.7,0.1,test_6,5,8,550,44.87519986872317,43.247461245569355,60000,300,10.284704199999396,10.03125,True
cx0.7_mut0.1,0.7,0.1,test_6,5,9,551,41.05887699733568,39.35436068571161,60000,300,12.798683300003177,12.125,True
cx0.7_mut0.1,0.7,0.1,test_6,5,10,552,33.629681337938926,32.03216333283906,60000,300,11.745217100000445,11.296875,True
cx0.7_mut0.1,0.7,0.1,test_6,5,11,553,38.28964051615057,36.66411401170629,60000,300,10.683857299998635,10.3125,True
cx0.7_mut0.1,0.7,0.1,test_6,5,12,554,37.01137048428873,35.59021541000171,60000,300,10.871447000001353,10.671875,True
cx0.7_mut0.1,0.7,0.1,test_6,5,13,555,36.892682449664704,35.35095453125846,60000,300,9.020534499999485,8.859375,True
cx0.7_mut0.1,0.7,0.1,test_6,5,14,556,43.135747069707215,41.608460635363656,60000,300,10.106877499998518,9.96875,True
cx0.7_mut0.1,0.7,0.1,test_6,5,15,557,40.72760610619125,39.34343144963438,60000,300,10.78656719999708,10.625,True
cx0.7_mut0.1,0.7,0.1,test_6,5,16,558,38.56167523564413,37.09551026376243,60000,300,10.901914599999145,10.71875,True
cx0.7_mut0.1,0.7,0.1,test_6,5,17,559,46.01872934157083,44.64647951994796,60000,300,11.121131799998693,10.921875,True
cx0.7_mut0.1,0.7,0.1,test_6,5,18,560,40.05038013351133,37.913835702744485,60000,300,10.819103899997572,10.671875,True
cx0.7_mut0.1,0.7,0.1,test_6,5,19,561,39.155782338913475,37.661145937371174,60000,300,9.744437400000606,9.640625,True
cx0.7_mut0.1,0.7,0.1,test_7,6,0,642,45.974404065044375,44.27950066562175,60000,300,9.163608700000623,8.96875,True
cx0.7_mut0.1,0.7,0.1,test_7,6,1,643,28.967295860737284,27.405788042463783,60000,300,10.2028633000009,9.875,True
cx0.7_mut0.1,0.7,0.1,test_7,6,2,644,31.969777548161645,30.116615464154442,60000,300,11.337421799998992,11.0625,True
cx0.7_mut0.1,0.7,0.1,test_7,6,3,645,33.73538014874028,31.78190483412293,60000,300,9.187199300002248,9.0,True
cx0.7_mut0.1,0.7,0.1,test_7,6,4,646,42.88567823620402,41.326017951133224,60000,300,10.642849600000773,10.15625,True
cx0.7_mut0.1,0.7,0.1,test_7,6,5,647,30.107557951465278,28.627142083055606,60000,300,10.82013299999744,10.53125,True
cx0.7_mut0.1,0.7,0.1,test_7,6,6,648,33.83089082023094,32.1953012849467,60000,300,11.53709489999892,11.28125,True
cx0.7_mut0.1,0.7,0.1,test_7,6,7,649,37.395318799510584,35.3160701604874,60000,300,8.358619599999656,8.125,True
cx0.7_mut0.1,0.7,0.1,test_7,6,8,650,42.06816177228842,40.491876767070316,60000,300,8.966554999999062,8.765625,True
cx0.7_mut0.1,0.7,0.1,test_7,6,9,651,39.74748718605,37.547284106933816,60000,300,10.122629599998618,9.875,True
cx0.7_mut0.1,0.7,0.1,test_7,6,10,652,32.81970001439011,31.172134773376932,60000,300,9.02342210000279,8.609375,True
cx0.7_mut0.1,0.7,0.1,test_7,6,11,653,33.49628654930796,31.729935024227736,60000,300,10.21869979999974,9.90625,True
cx0.7_mut0.1,0.7,0.1,test_7,6,12,654,38.48697718100317,36.6415011381618,60000,300,10.295585899999423,10.0625,True
cx0.7_mut0.1,0.7,0.1,test_7,6,13,655,31.972441580305222,30.189081338552395,60000,300,10.155984000000899,9.953125,True
cx0.7_mut0.1,0.7,0.1,test_7,6,14,656,33.64212088561506,32.107398876149645,60000,300,9.318909199999325,9.1875,True
cx0.7_mut0.1,0.7,0.1,test_7,6,15,657,36.38276193608946,34.59824416422791,60000,300,9.064014800002042,8.890625,True
cx0.7_mut0.1,0.7,0.1,test_7,6,16,658,39.88284012649095,38.18430265762673,60000,300,9.08892680000281,8.953125,True
cx0.7_mut0.1,0.7,0.1,test_7,6,17,659,32.59811247034366,30.923771402243926,60000,300,8.764502399997582,8.625,True
cx0.7_mut0.1,0.7,0.1,test_7,6,18,660,30.598369428870456,29.032812710517447,60000,300,9.811964600001374,9.609375,True
cx0.7_mut0.1,0.7,0.1,test_7,6,19,661,38.07077962176133,36.51092136305052,60000,300,8.522644100001344,8.390625,True
cx0.7_mut0.1,0.7,0.1,test_8,7,0,742,34.91328081644457,33.275438538358486,60000,300,10.860028899998724,10.21875,True
cx0.7_mut0.1,0.7,0.1,test_8,7,1,743,32.133181890479996,30.69266924194137,60000,300,8.434284800001478,8.28125,True
cx0.7_mut0.1,0.7,0.1,test_8,7,2,744,39.580521711450025,38.1709810028441,60000,300,10.481190700000298,10.1875,True
cx0.7_mut0.1,0.7,0.1,test_8,7,3,745,39.028079797654726,37.56737482447805,60000,300,8.748361800000566,8.546875,True
cx0.7_mut0.1,0.7,0.1,test_8,7,4,746,34.76128007235454,32.989480018540405,60000,300,12.739177100000234,12.34375,True
cx0.7_mut0.1,0.7,0.1,test_8,7,5,747,37.13692057512692,35.40208114350719,60000,300,10.883064199999353,10.796875,True
cx0.7_mut0.1,0.7,0.1,test_8,7,6,748,32.38241352752076,30.72307411978224,60000,300,9.62696159999905,9.1875,True
cx0.7_mut0.1,0.7,0.1,test_8,7,7,749,33.10126914718946,31.345654840311514,60000,300,10.353876799999853,10.140625,True
cx0.7_mut0.1,0.7,0.1,test_8,7,8,750,32.22465465634821,30.594266275031018,60000,300,10.1916979000016,9.859375,True
cx0.7_mut0.1,0.7,0.1,test_8,7,9,751,34.091257517098676,32.496702511330646,60000,300,11.122824899997795,10.84375,True
cx0.7_mut0.1,0.7,0.1,test_8,7,10,752,35.10696426322094,33.5130825131086,60000,300,11.389849099999992,11.140625,True
cx0.7_mut0.1,0.7,0.1,test_8,7,11,753,33.045798128730155,31.535131624073465,60000,300,9.933051500000147,9.125,True
cx0.7_mut0.1,0.7,0.1,test_8,7,12,754,34.05365404287346,32.317254916704606,60000,300,11.841324900000473,11.65625,True
cx0.7_mut0.1,0.7,0.1,test_8,7,13,755,35.33678794896116,33.88621322769166,60000,300,10.51913080000304,10.1875,True
cx0.7_mut0.1,0.7,0.1,test_8,7,14,756,39.63482415302741,38.143874105789976,60000,300,9.331534199998714,9.1875,True
cx0.7_mut0.1,0.7,0.1,test_8,7,15,757,39.44298457321333,37.863278669999545,60000,300,8.09700580000208,8.046875,True
cx0.7_mut0.1,0.7,0.1,test_8,7,16,758,37.80947569614884,36.2963958687047,60000,300,11.320224099999905,11.171875,True
cx0.7_mut0.1,0.7,0.1,test_8,7,17,759,34.05606042067462,32.381765911380974,60000,300,9.589361599999393,9.484375,True
cx0.7_mut0.1,0.7,0.1,test_8,7,18,760,33.38030709841118,31.67705964549429,60000,300,8.444391799999721,8.390625,True
cx0.7_mut0.1,0.7,0.1,test_8,7,19,761,34.17498856041648,32.81783367218552,60000,300,10.025050299998838,10.0,True
cx0.7_mut0.1,0.7,0.1,test_9,8,0,842,33.054370686176014,31.65886201597008,60000,300,9.995583100000658,9.328125,True
cx0.7_mut0.1,0.7,0.1,test_9,8,1,843,40.148524847459946,38.6234799129478,60000,300,9.903952000000572,9.859375,True
cx0.7_mut0.1,0.7,0.1,test_9,8,2,844,37.6376404311978,36.057366624236614,60000,300,9.668411400001787,9.5625,True
cx0.7_mut0.1,0.7,0.1,test_9,8,3,845,30.125149105941404,29.002951692929074,60000,300,8.038039600000047,8.0,True
cx0.7_mut0.1,0.7,0.1,test_9,8,4,846,35.4201934592608,33.826250941643245,60000,300,8.974356000002444,8.375,True
cx0.7_mut0.1,0.7,0.1,test_9,8,5,847,34.95845058917913,33.3399535206959,60000,300,9.903392899999744,9.796875,True
cx0.7_mut0.1,0.7,0.1,test_9,8,6,848,33.6826322152809,32.43026179664306,60000,300,9.300293199998123,8.71875,True
cx0.7_mut0.1,0.7,0.1,test_9,8,7,849,38.52682788075142,37.068174726586406,60000,300,7.679929100002482,7.53125,True
cx0.7_mut0.1,0.7,0.1,test_9,8,8,850,39.744980180346644,38.21364142000018,60000,300,10.361960300000646,10.265625,True
cx0.7_mut0.1,0.7,0.1,test_9,8,9,851,34.74782229478521,33.16698608049621,60000,300,9.938817000002018,9.734375,True
cx0.7_mut0.1,0.7,0.1,test_9,8,10,852,39.66610361235763,38.14686733385228,60000,300,7.432026700000279,7.390625,True
cx0.7_mut0.1,0.7,0.1,test_9,8,11,853,35.987636388459535,34.4955760881471,60000,300,9.972207900002104,9.9375,True
cx0.7_mut0.1,0.7,0.1,test_9,8,12,854,34.04896321497855,32.525132578666636,60000,300,9.093686899999739,9.0,True
cx0.7_mut0.1,0.7,0.1,test_9,8,13,855,36.586601539886246,34.99733589610401,60000,300,7.954785800000536,7.90625,True
cx0.7_mut0.1,0.7,0.1,test_9,8,14,856,39.648135378398706,37.8866383470793,60000,300,10.744013100000302,10.6875,True
cx0.7_mut0.1,0.7,0.1,test_9,8,15,857,32.8552843342239,31.609946840381212,60000,300,8.184249500001897,8.171875,True
cx0.7_mut0.1,0.7,0.1,test_9,8,16,858,38.6108118012431,37.22918737552501,60000,300,11.247189100002288,11.046875,True
cx0.7_mut0.1,0.7,0.1,test_9,8,17,859,36.78764777375628,35.044815404472196,60000,300,7.309546599997702,7.28125,True
cx0.7_mut0.1,0.7,0.1,test_9,8,18,860,37.31580916553987,35.66327968802968,60000,300,9.468469800001913,9.109375,True
cx0.7_mut0.1,0.7,0.1,test_9,8,19,861,33.88245885005011,32.470873780291136,60000,300,9.431725099999312,8.859375,True
cx0.7_mut0.1,0.7,0.1,test_10,9,0,942,29.53101676358061,28.56436150970275,60000,300,9.207805000001827,8.859375,True
cx0.7_mut0.1,0.7,0.1,test_10,9,1,943,33.712358954206,32.24004392430851,60000,300,10.143355899999733,9.640625,True
cx0.7_mut0.1,0.7,0.1,test_10,9,2,944,36.868342361969695,35.10370167051269,60000,300,10.288525599997229,10.21875,True
cx0.7_mut0.1,0.7,0.1,test_10,9,3,945,34.699344651262564,33.31459128264572,60000,300,8.766333899999154,8.59375,True
cx0.7_mut0.1,0.7,0.1,test_10,9,4,946,39.17438013246141,37.51867089214611,60000,300,10.096562499998981,9.90625,True
cx0.7_mut0.1,0.7,0.1,test_10,9,5,947,36.71253557392725,35.08626192905076,60000,300,7.479929699999047,7.296875,True
cx0.7_mut0.1,0.7,0.1,test_10,9,6,948,32.41318773568413,30.779320543358637,60000,300,7.733505500000319,7.609375,True
cx0.7_mut0.1,0.7,0.1,test_10,9,7,949,34.71666943041169,33.12480550304537,60000,300,9.143948799999635,8.765625,True
cx0.7_mut0.1,0.7,0.1,test_10,9,8,950,35.75491827385788,34.2986267941635,60000,300,8.67399049999949,8.53125,True
cx0.7_mut0.1,0.7,0.1,test_10,9,9,951,37.10736093525174,35.51679906266192,60000,300,10.98122720000174,9.734375,True
cx0.7_mut0.1,0.7,0.1,test_10,9,10,952,36.988321866120124,35.515391284917555,60000,300,8.858401000001322,8.765625,True
cx0.7_mut0.1,0.7,0.1,test_10,9,11,953,39.07707118438552,37.803864697754044,60000,300,11.049324200001138,10.65625,True
cx0.7_mut0.1,0.7,0.1,test_10,9,12,954,42.51448618786659,40.9404421068089,60000,300,9.518363799998042,9.28125,True
cx0.7_mut0.1,0.7,0.1,test_10,9,13,955,37.114793450200985,35.524076562564495,60000,300,9.73975739999878,9.5625,True
cx0.7_mut0.1,0.7,0.1,test_10,9,14,956,41.37904880649933,39.94997485641565,60000,300,9.718413500002498,9.671875,True
cx0.7_mut0.1,0.7,0.1,test_10,9,15,957,38.862442073904965,37.666781038307164,60000,300,9.286733499997354,8.6875,True
cx0.7_mut0.1,0.7,0.1,test_10,9,16,958,34.227923345977196,32.94140862555954,60000,300,10.494737299999542,10.078125,True
cx0.7_mut0.1,0.7,0.1,test_10,9,17,959,33.28236179485837,31.620118183737095,60000,300,11.307953100000304,10.59375,True
cx0.7_mut0.1,0.7,0.1,test_10,9,18,960,33.47134201050374,32.11228983886383,60000,300,10.565405099998316,9.90625,True
cx0.7_mut0.1,0.7,0.1,test_10,9,19,961,36.222360085483096,34.52617233923549,60000,300,9.484566999999515,9.296875,True
cx0.7_mut0.2,0.7,0.2,test_1,0,0,42,33.33191047228002,31.900194484206438,60000,300,8.494492600002559,8.15625,True
cx0.7_mut0.2,0.7,0.2,test_1,0,1,43,36.00978843752182,34.31514295489364,60000,300,7.815269599999738,7.6875,True
cx0.7_mut0.2,0.7,0.2,test_1,0,2,44,39.416804995077705,37.327093112690065,60000,300,8.490176899998914,8.15625,True
cx0.7_mut0.2,0.7,0.2,test_1,0,3,45,45.215184302351204,43.571152858636,60000,300,7.648484199999075,7.4375,True
cx0.7_mut0.2,0.7,0.2,test_1,0,4,46,35.28588706547001,33.93415785466204,60000,300,8.337295400000585,8.21875,True
cx0.7_mut0.2,0.7,0.2,test_1,0,5,47,38.396060364709946,37.08801437986604,60000,300,7.385036799998488,7.25,True
cx0.7_mut0.2,0.7,0.2,test_1,0,6,48,37.96762703282235,36.416456493525416,60000,300,8.107569100000546,8.0625,True
cx0.7_mut0.2,0.7,0.2,test_1,0,7,49,39.37226128330784,37.64171328612389,60000,300,7.977784099999553,7.921875,True
cx0.7_mut0.2,0.7,0.2,test_1,0,8,50,37.01987656262378,35.69865196928479,60000,300,7.476432200001,7.421875,True
cx0.7_mut0.2,0.7,0.2,test_1,0,9,51,47.26329596319772,45.72706755365076,60000,300,7.190580600003159,7.15625,True
cx0.7_mut0.2,0.7,0.2,test_1,0,10,52,36.76284869318372,35.19341636018875,60000,300,7.40899459999855,7.390625,True
cx0.7_mut0.2,0.7,0.2,test_1,0,11,53,43.74488732108934,42.532467487437884,60000,300,7.693578099999286,7.65625,True
cx0.7_mut0.2,0.7,0.2,test_1,0,12,54,33.713841160764794,32.18537049016356,60000,300,7.409831799999665,7.359375,True
cx0.7_mut0.2,0.7,0.2,test_1,0,13,55,38.42314797859444,36.46387605416592,60000,300,8.399712000002182,8.3125,True
cx0.7_mut0.2,0.7,0.2,test_1,0,14,56,37.04061439167309,35.794422519386465,60000,300,7.5340415999999095,7.453125,True
cx0.7_mut0.2,0.7,0.2,test_1,0,15,57,45.010668509230705,43.30433607880683,60000,300,6.916498499998852,6.875,True
cx0.7_mut0.2,0.7,0.2,test_1,0,16,58,39.463959548736234,37.83735419552379,60000,300,7.620722499999829,7.578125,True
cx0.7_mut0.2,0.7,0.2,test_1,0,17,59,41.32846300052744,39.80786647601928,60000,300,7.326200100000278,7.25,True
cx0.7_mut0.2,0.7,0.2,test_1,0,18,60,44.75597328767862,43.09501636357856,60000,300,7.539068000001862,7.421875,True
cx0.7_mut0.2,0.7,0.2,test_1,0,19,61,38.96434987641097,37.632556986231066,60000,300,7.2253825000007055,7.140625,True
cx0.7_mut0.2,0.7,0.2,test_2,1,0,142,42.29804225081432,40.7784919921542,60000,300,7.413416799998231,7.25,True
cx0.7_mut0.2,0.7,0.2,test_2,1,1,143,32.823164657809045,31.109739677308095,60000,300,7.710852899999736,7.484375,True
cx0.7_mut0.2,0.7,0.2,test_2,1,2,144,38.172139600179406,36.4480173691035,60000,300,7.649623599998449,7.484375,True
cx0.7_mut0.2,0.7,0.2,test_2,1,3,145,31.335723502968808,29.694357973186804,60000,300,6.845682700000907,6.703125,True
cx0.7_mut0.2,0.7,0.2,test_2,1,4,146,39.90267341999806,38.46498079544571,60000,300,7.172419400001672,7.140625,True
cx0.7_mut0.2,0.7,0.2,test_2,1,5,147,32.90129911919903,31.448639466064687,60000,300,7.328809200000251,7.25,True
cx0.7_mut0.2,0.7,0.2,test_2,1,6,148,32.22053965966675,30.49319664766595,60000,300,7.574044600001798,7.515625,True
cx0.7_mut0.2,0.7,0.2,test_2,1,7,149,35.29420750717818,33.69717789628328,60000,300,8.539705300001515,8.421875,True
cx0.7_mut0.2,0.7,0.2,test_2,1,8,150,27.181826577423266,25.812257151403834,60000,300,8.242729300000065,8.15625,True
cx0.7_mut0.2,0.7,0.2,test_2,1,9,151,34.91207370685795,33.38453820359468,60000,300,7.207117000001745,7.140625,True
cx0.7_mut0.2,0.7,0.2,test_2,1,10,152,33.159067066943,31.523529970911795,60000,300,7.8420076000002155,7.703125,True
cx0.7_mut0.2,0.7,0.2,test_2,1,11,153,36.96695639667174,35.38717492637427,60000,300,7.251441299998987,7.1875,True
cx0.7_mut0.2,0.7,0.2,test_2,1,12,154,28.77779210476067,27.07993409674416,60000,300,8.450150900000153,8.390625,True
cx0.7_mut0.2,0.7,0.2,test_2,1,13,155,36.19115681456108,34.94623296556173,60000,300,8.034403300000122,7.84375,True
cx0.7_mut0.2,0.7,0.2,test_2,1,14,156,35.09838010027022,33.55100004694405,60000,300,7.4784338999998,7.46875,True
cx0.7_mut0.2,0.7,0.2,test_2,1,15,157,32.62605061722078,31.094050544994033,60000,300,7.584395900001255,7.484375,True
cx0.7_mut0.2,0.7,0.2,test_2,1,16,158,35.11055836781548,33.18005536293742,60000,300,8.75264409999727,8.578125,True
cx0.7_mut0.2,0.7,0.2,test_2,1,17,159,32.05199079546317,30.464214885023928,60000,300,8.420467600000848,8.234375,True
cx0.7_mut0.2,0.7,0.2,test_2,1,18,160,39.75177011457836,38.08428350746054,60000,300,8.123042499999428,7.953125,True
cx0.7_mut0.2,0.7,0.2,test_2,1,19,161,38.46051884721614,36.88589552218201,60000,300,7.536444199999096,7.390625,True
cx0.7_mut0.2,0.7,0.2,test_3,2,0,242,40.36363304720254,38.72591400328281,60000,300,8.041632200001914,7.859375,True
cx0.7_mut0.2,0.7,0.2,test_3,2,1,243,37.1368033282496,35.46912978822978,60000,300,8.384579400000803,8.0625,True
cx0.7_mut0.2,0.7,0.2,test_3,2,2,244,40.56634102038153,39.02968564750399,60000,300,8.8413584000009,8.65625,True
cx0.7_mut0.2,0.7,0.2,test_3,2,3,245,37.76719897583232,36.07733505911557,60000,300,9.535217799999373,9.03125,True
cx0.7_mut0.2,0.7,0.2,test_3,2,4,246,30.315487495925566,28.936141110570684,60000,300,9.741415000000416,9.375,True
cx0.7_mut0.2,0.7,0.2,test_3,2,5,247,31.2887070975487,29.962930400374503,60000,300,8.295260599999892,8.015625,True
cx0.7_mut0.2,0.7,0.2,test_3,2,6,248,35.36287185299998,33.607342479492715,60000,300,8.87265639999896,8.6875,True
cx0.7_mut0.2,0.7,0.2,test_3,2,7,249,31.236699564035785,29.652006580612394,60000,300,8.49446579999858,8.265625,True
cx0.7_mut0.2,0.7,0.2,test_3,2,8,250,35.26465430157745,33.64002713596226,60000,300,10.700320200001443,9.953125,True
cx0.7_mut0.2,0.7,0.2,test_3,2,9,251,33.858626356166496,32.10993979137196,60000,300,8.6438487000014,8.171875,True
cx0.7_mut0.2,0.7,0.2,test_3,2,10,252,34.445322872648205,32.78160753734627,60000,300,9.11900819999937,9.015625,True
cx0.7_mut0.2,0.7,0.2,test_3,2,11,253,42.28902128952488,40.853175674845204,60000,300,8.366780899999867,8.25,True
cx0.7_mut0.2,0.7,0.2,test_3,2,12,254,41.7832878838628,40.04266786816681,60000,300,9.043173000001843,8.75,True
cx0.7_mut0.2,0.7,0.2,test_3,2,13,255,37.86775079939724,36.191152201518356,60000,300,8.923383900000772,8.78125,True
cx0.7_mut0.2,0.7,0.2,test_3,2,14,256,37.32819014955068,35.59866213948144,60000,300,8.653043599999364,8.5625,True
cx0.7_mut0.2,0.7,0.2,test_3,2,15,257,38.313577278656965,36.545279383484996,60000,300,8.472702899998694,8.296875,True
cx0.7_mut0.2,0.7,0.2,test_3,2,16,258,34.8963350182369,33.18432474007231,60000,300,7.938997299999755,7.828125,True
cx0.7_mut0.2,0.7,0.2,test_3,2,17,259,40.48492958289871,38.79533428297803,60000,300,9.301112600001943,9.171875,True
cx0.7_mut0.2,0.7,0.2,test_3,2,18,260,36.72754652254715,34.978717113303915,60000,300,8.43792730000132,8.265625,True
cx0.7_mut0.2,0.7,0.2,test_3,2,19,261,36.77346459046716,35.372216451787956,60000,300,8.222092200001498,8.0625,True
cx0.7_mut0.2,0.7,0.2,test_4,3,0,342,29.9954951130851,28.405246440654803,60000,300,7.788050300001487,7.71875,True
cx0.7_mut0.2,0.7,0.2,test_4,3,1,343,34.308320241826856,32.7009427682477,60000,300,7.822474900000088,7.75,True
cx0.7_mut0.2,0.7,0.2,test_4,3,2,344,26.6633721301748,25.332699825711487,60000,300,9.54746200000227,9.453125,True
cx0.7_mut0.2,0.7,0.2,test_4,3,3,345,29.177507073266295,27.596284149299933,60000,300,8.495514199999889,8.421875,True
cx0.7_mut0.2,0.7,0.2,test_4,3,4,346,27.945648808925817,26.626543719542,60000,300,8.502298299998074,8.375,True
cx0.7_mut0.2,0.7,0.2,test_4,3,5,347,32.11880716994277,30.742490239652096,60000,300,8.969859000000724,8.9375,True
cx0.7_mut0.2,0.7,0.2,test_4,3,6,348,30.26284964256642,28.89174367279449,60000,300,8.63058860000092,8.375,True
cx0.7_mut0.2,0.7,0.2,test_4,3,7,349,30.02871542550615,28.45203455826254,60000,300,8.477264900000591,8.390625,True
cx0.7_mut0.2,0.7,0.2,test_4,3,8,350,32.39483811994973,30.991223236912877,60000,300,9.062394999997196,8.859375,True
cx0.7_mut0.2,0.7,0.2,test_4,3,9,351,27.032591703871464,25.49277266259738,60000,300,9.426530799999455,9.234375,True
cx0.7_mut0.2,0.7,0.2,test_4,3,10,352,29.69370937997324,28.034536608779334,60000,300,9.239512000000104,8.671875,True
cx0.7_mut0.2,0.7,0.2,test_4,3,11,353,37.99192770250044,36.40387404452891,60000,300,9.755006100000173,9.578125,True
cx0.7_mut0.2,0.7,0.2,test_4,3,12,354,32.89246371963069,31.203291541486937,60000,300,8.499028000002,8.28125,True
cx0.7_mut0.2,0.7,0.2,test_4,3,13,355,32.47076516588064,30.88005043651204,60000,300,9.318420700001298,9.140625,True
cx0.7_mut0.2,0.7,0.2,test_4,3,14,356,29.970623637855056,28.54368627265378,60000,300,7.996377399998892,7.640625,True
cx0.7_mut0.2,0.7,0.2,test_4,3,15,357,28.36545480129861,26.977412543141124,60000,300,8.792433000002347,8.5625,True
cx0.7_mut0.2,0.7,0.2,test_4,3,16,358,39.9134245802554,38.442365832276586,60000,300,8.337967600000411,8.21875,True
cx0.7_mut0.2,0.7,0.2,test_4,3,17,359,24.282647699332653,23.003677793169587,60000,300,8.347080600000481,8.28125,True
cx0.7_mut0.2,0.7,0.2,test_4,3,18,360,30.877244623141898,29.25710253064809,60000,300,8.795257599998877,8.46875,True
cx0.7_mut0.2,0.7,0.2,test_4,3,19,361,28.293074775253412,26.851633758488223,60000,300,9.306892999997217,9.15625,True
cx0.7_mut0.2,0.7,0.2,test_5,4,0,442,41.19804336565328,39.493918328719246,60000,300,8.128865899998345,7.953125,True
cx0.7_mut0.2,0.7,0.2,test_5,4,1,443,39.5368278751302,37.705555869532574,60000,300,8.247931199999584,8.125,True
cx0.7_mut0.2,0.7,0.2,test_5,4,2,444,44.3147326327151,42.80709125265362,60000,300,8.158084799997596,8.015625,True
cx0.7_mut0.2,0.7,0.2,test_5,4,3,445,40.75733170658234,38.978159518046,60000,300,9.489967000001343,9.1875,True
cx0.7_mut0.2,0.7,0.2,test_5,4,4,446,48.52725582124359,46.99849549248914,60000,300,8.49061630000142,8.375,True
cx0.7_mut0.2,0.7,0.2,test_5,4,5,447,47.016466715868496,45.496563048168426,60000,300,8.552101299999777,8.375,True
cx0.7_mut0.2,0.7,0.2,test_5,4,6,448,39.71653570853702,38.134606394916844,60000,300,9.077730899996823,9.015625,True
cx0.7_mut0.2,0.7,0.2,test_5,4,7,449,39.00828441815453,37.26237068903114,60000,300,9.898716700001387,9.609375,True
cx0.7_mut0.2,0.7,0.2,test_5,4,8,450,40.16343394370321,38.62719861677681,60000,300,8.388187000000471,8.25,True
cx0.7_mut0.2,0.7,0.2,test_5,4,9,451,34.50576697159696,33.153088747579716,60000,300,8.396971300000587,8.296875,True
cx0.7_mut0.2,0.7,0.2,test_5,4,10,452,38.456612928201466,36.686415029380164,60000,300,8.220448699998087,8.125,True
cx0.7_mut0.2,0.7,0.2,test_5,4,11,453,40.02578311115021,38.43629838466407,60000,300,9.77913719999924,9.5,True
cx0.7_mut0.2,0.7,0.2,test_5,4,12,454,36.48863734229604,34.7133719755917,60000,300,8.504762199998368,8.421875,True
cx0.7_mut0.2,0.7,0.2,test_5,4,13,455,39.9374373894435,38.32908008587253,60000,300,9.010062400000606,8.75,True
cx0.7_mut0.2,0.7,0.2,test_5,4,14,456,41.18935897372741,39.48732690026632,60000,300,8.496575699999084,8.28125,True
cx0.7_mut0.2,0.7,0.2,test_5,4,15,457,43.505665821235425,41.83286784708969,60000,300,8.948439799998596,8.515625,True
cx0.7_mut0.2,0.7,0.2,test_5,4,16,458,40.25181036880627,38.806818563531834,60000,300,8.076840800000355,7.859375,True
cx0.7_mut0.2,0.7,0.2,test_5,4,17,459,36.563397991960535,35.13760300477828,60000,300,9.146446599999763,8.640625,True
cx0.7_mut0.2,0.7,0.2,test_5,4,18,460,39.858436221879494,38.16236282922613,60000,300,7.143161899999541,6.921875,True
cx0.7_mut0.2,0.7,0.2,test_5,4,19,461,40.37233983560144,38.607575493208806,60000,300,9.489305399998557,8.921875,True
cx0.7_mut0.2,0.7,0.2,test_6,5,0,542,34.58316814295061,33.14143936191821,60000,300,8.757067700000334,8.671875,True
cx0.7_mut0.2,0.7,0.2,test_6,5,1,543,36.2044796203435,34.613936875934186,60000,300,9.914992499998334,9.53125,True
cx0.7_mut0.2,0.7,0.2,test_6,5,2,544,30.795928076317164,29.232021477003773,60000,300,8.050458999998227,7.828125,True
cx0.7_mut0.2,0.7,0.2,test_6,5,3,545,41.063096897922925,39.07006034049941,60000,300,11.538530900001206,10.890625,True
cx0.7_mut0.2,0.7,0.2,test_6,5,4,546,38.785992374835125,37.11689324243087,60000,300,11.101002999999764,10.1875,True
cx0.7_mut0.2,0.7,0.2,test_6,5,5,547,42.07945354485993,39.96565103252499,60000,300,8.874515999999858,8.453125,True
cx0.7_mut0.2,0.7,0.2,test_6,5,6,548,43.081705524799354,41.46267441022404,60000,300,11.394064600001002,10.6875,True
cx0.7_mut0.2,0.7,0.2,test_6,5,7,549,37.78128903675178,36.23080572759505,60000,300,9.800567900001624,9.328125,True
cx0.7_mut0.2,0.7,0.2,test_6,5,8,550,36.579627308117395,34.93454603059657,60000,300,8.379385199998069,8.15625,True
cx0.7_mut0.2,0.7,0.2,test_6,5,9,551,40.1886788711528,38.41811498335998,60000,300,11.212879599999724,10.53125,True
cx0.7_mut0.2,0.7,0.2,test_6,5,10,552,36.58435858521815,34.81169994897478,60000,300,10.15653999999995,9.765625,True
cx0.7_mut0.2,0.7,0.2,test_6,5,11,553,36.13580331314372,34.35598472888885,60000,300,9.53263010000228,9.21875,True
cx0.7_mut0.2,0.7,0.2,test_6,5,12,554,40.033118312171574,38.32385938332726,60000,300,8.846479899999395,8.6875,True
cx0.7_mut0.2,0.7,0.2,test_6,5,13,555,43.25148031311973,41.39473221247196,60000,300,8.859180899999046,8.65625,True
cx0.7_mut0.2,0.7,0.2,test_6,5,14,556,46.583841177824986,44.53614641254702,60000,300,9.493130300001212,9.25,True
cx0.7_mut0.2,0.7,0.2,test_6,5,15,557,37.90837077819607,36.2714486782256,60000,300,9.509282399998483,9.390625,True
cx0.7_mut0.2,0.7,0.2,test_6,5,16,558,33.32353825269959,31.769305389436802,60000,300,9.422254400000384,9.265625,True
cx0.7_mut0.2,0.7,0.2,test_6,5,17,559,31.317293616459185,29.99742986816093,60000,300,8.522639999999228,8.296875,True
cx0.7_mut0.2,0.7,0.2,test_6,5,18,560,41.494674952828824,39.91060651916904,60000,300,10.06187299999874,9.90625,True
cx0.7_mut0.2,0.7,0.2,test_6,5,19,561,34.20140390481382,32.70336217036874,60000,300,8.64250759999777,8.5625,True
cx0.7_mut0.2,0.7,0.2,test_7,6,0,642,33.839327956002116,32.19909878308543,60000,300,8.19861779999701,8.078125,True
cx0.7_mut0.2,0.7,0.2,test_7,6,1,643,36.59256010715672,35.06232692906133,60000,300,8.132056700000248,8.015625,True
cx0.7_mut0.2,0.7,0.2,test_7,6,2,644,37.49229773867168,35.97853003785417,60000,300,8.367266400000517,8.1875,True
cx0.7_mut0.2,0.7,0.2,test_7,6,3,645,35.75217098953916,33.99067322322527,60000,300,9.524092499999824,9.375,True
cx0.7_mut0.2,0.7,0.2,test_7,6,4,646,32.66370287383791,31.07406463570565,60000,300,8.15310309999768,7.6875,True
cx0.7_mut0.2,0.7,0.2,test_7,6,5,647,40.06955201603618,38.46576904147899,60000,300,10.082480300003226,9.84375,True
cx0.7_mut0.2,0.7,0.2,test_7,6,6,648,38.63013457570525,36.60055900423118,60000,300,9.795769000000291,9.640625,True
cx0.7_mut0.2,0.7,0.2,test_7,6,7,649,30.351572258096496,28.841641736718206,60000,300,8.760349000000133,8.640625,True
cx0.7_mut0.2,0.7,0.2,test_7,6,8,650,39.99735258628534,37.98384156712432,60000,300,9.449873699999443,9.15625,True
cx0.7_mut0.2,0.7,0.2,test_7,6,9,651,37.117652048307704,35.43914636640811,60000,300,9.23405179999827,8.8125,True
cx0.7_mut0.2,0.7,0.2,test_7,6,10,652,35.4439032759977,33.440824183879414,60000,300,9.625929100002395,9.25,True
cx0.7_mut0.2,0.7,0.2,test_7,6,11,653,31.98352970728909,30.43749444838299,60000,300,8.433488700000453,8.234375,True
cx0.7_mut0.2,0.7,0.2,test_7,6,12,654,40.348958903015564,38.44226805979103,60000,300,8.420085599998856,8.171875,True
cx0.7_mut0.2,0.7,0.2,test_7,6,13,655,34.05820390119292,32.341969532814964,60000,300,8.843223500000022,8.625,True
cx0.7_mut0.2,0.7,0.2,test_7,6,14,656,41.274579945321975,39.34662988216916,60000,300,9.388789300002827,9.140625,True
cx0.7_mut0.2,0.7,0.2,test_7,6,15,657,36.2316516999825,34.41129918871797,60000,300,9.033203300001333,8.921875,True
cx0.7_mut0.2,0.7,0.2,test_7,6,16,658,38.75837795653139,36.978486362209495,60000,300,8.603212699999858,8.421875,True
cx0.7_mut0.2,0.7,0.2,test_7,6,17,659,35.560996116562144,33.70699742489789,60000,300,8.225648499999807,8.0625,True
cx0.7_mut0.2,0.7,0.2,test_7,6,18,660,39.003389347868385,37.35065156581413,60000,300,8.698924199998146,8.515625,True
cx0.7_mut0.2,0.7,0.2,test_7,6,19,661,38.51550803503575,36.74329571022788,60000,300,8.399646699999721,8.3125,True
cx0.7_mut0.2,0.7,0.2,test_8,7,0,742,39.02823769231273,37.4283278372905,60000,300,9.589477699999406,9.375,True
cx0.7_mut0.2,0.7,0.2,test_8,7,1,743,32.806464577133475,31.06472163405473,60000,300,9.519904900000256,9.328125,True
cx0.7_mut0.2,0.7,0.2,test_8,7,2,744,31.327990310252925,29.582306277122584,60000,300,9.364779199997429,9.078125,True
cx0.7_mut0.2,0.7,0.2,test_8,7,3,745,33.728562038322856,32.09089615228494,60000,300,8.695797700002004,8.390625,True
cx0.7_mut0.2,0.7,0.2,test_8,7,4,746,33.73453702865508,32.00823692909473,60000,300,8.69465620000119,8.40625,True
cx0.7_mut0.2,0.7,0.2,test_8,7,5,747,35.97575102052669,34.23336185844189,60000,300,9.013036200001807,8.921875,True
cx0.7_mut0.2,0.7,0.2,test_8,7,6,748,37.84077190163681,36.293867147868525,60000,300,9.573916200002714,9.390625,True
cx0.7_mut0.2,0.7,0.2,test_8,7,7,749,35.95495228718795,34.16205727196608,60000,300,8.932594199999585,8.703125,True
cx0.7_mut0.2,0.7,0.2,test_8,7,8,750,38.75750318826174,37.02913966726853,60000,300,10.434009800002968,10.078125,True
cx0.7_mut0.2,0.7,0.2,test_8,7,9,751,33.56272384358332,31.671178471797944,60000,300,9.216534399998636,8.859375,True
cx0.7_mut0.2,0.7,0.2,test_8,7,10,752,31.46308850333303,29.589595075512584,60000,300,8.9748182000003,8.765625,True
cx0.7_mut0.2,0.7,0.2,test_8,7,11,753,36.794325717424556,34.824621582010586,60000,300,8.542845700001635,7.71875,True
cx0.7_mut0.2,0.7,0.2,test_8,7,12,754,33.54599355770092,32.01486577644412,60000,300,8.058000099998026,7.890625,True
cx0.7_mut0.2,0.7,0.2,test_8,7,13,755,35.560850033209185,33.78733380719552,60000,300,8.252486299999873,8.0625,True
cx0.7_mut0.2,0.7,0.2,test_8,7,14,756,37.917915466184276,36.487963767477254,60000,300,7.634394600001542,7.359375,True
cx0.7_mut0.2,0.7,0.2,test_8,7,15,757,32.34964929309794,30.47198221840603,60000,300,9.082048200001736,9.015625,True
cx0.7_mut0.2,0.7,0.2,test_8,7,16,758,35.256663884524926,33.66491888111168,60000,300,7.11623630000031,7.015625,True
cx0.7_mut0.2,0.7,0.2,test_8,7,17,759,33.44194010631595,31.61802209012101,60000,300,7.79827909999949,7.78125,True
cx0.7_mut0.2,0.7,0.2,test_8,7,18,760,37.83774464564337,35.79815793472782,60000,300,7.9938814000015554,7.984375,True
cx0.7_mut0.2,0.7,0.2,test_8,7,19,761,33.286449754491535,31.46981103276282,60000,300,7.914181800002552,7.875,True
cx0.7_mut0.2,0.7,0.2,test_9,8,0,842,37.24637233957672,35.77749587224819,60000,300,10.986477800001012,10.21875,True
cx0.7_mut0.2,0.7,0.2,test_9,8,1,843,41.0044180287677,39.295386613863194,60000,300,8.349859199999628,8.3125,True
cx0.7_mut0.2,0.7,0.2,test_9,8,2,844,40.295710289923846,38.72658078151677,60000,300,10.264332400001877,10.1875,True
cx0.7_mut0.2,0.7,0.2,test_9,8,3,845,36.197278231260775,34.85603044736355,60000,300,8.40434119999918,8.375,True
cx0.7_mut0.2,0.7,0.2,test_9,8,4,846,38.75140052957457,37.00025773360352,60000,300,9.205972199997632,8.40625,True
cx0.7_mut0.2,0.7,0.2,test_9,8,5,847,44.42022071822799,42.07115159389654,60000,300,8.716291099997761,8.515625,True
cx0.7_mut0.2,0.7,0.2,test_9,8,6,848,40.3268608479226,38.65939573389282,60000,300,7.709802500001388,7.125,True
cx0.7_mut0.2,0.7,0.2,test_9,8,7,849,45.28571426368328,43.887283679595484,60000,300,7.870842600001197,7.703125,True
cx0.7_mut0.2,0.7,0.2,test_9,8,8,850,38.48436395924607,36.99383380783333,60000,300,9.962394900001527,9.734375,True
cx0.7_mut0.2,0.7,0.2,test_9,8,9,851,40.911767563065844,39.099200056943474,60000,300,7.05659740000192,6.9375,True
cx0.7_mut0.2,0.7,0.2,test_9,8,10,852,34.008559530041005,32.602909587157534,60000,300,7.890497699998377,7.875,True
cx0.7_mut0.2,0.7,0.2,test_9,8,11,853,38.2389380382343,36.83535133954347,60000,300,7.619073000001663,7.609375,True
cx0.7_mut0.2,0.7,0.2,test_9,8,12,854,36.382188517373564,34.716012511212966,60000,300,7.778036100000463,7.71875,True
cx0.7_mut0.2,0.7,0.2,test_9,8,13,855,35.22470203146576,33.78790986505441,60000,300,7.401674000000639,7.375,True
cx0.7_mut0.2,0.7,0.2,test_9,8,14,856,40.995590483064326,39.52079044411553,60000,300,8.164268900000025,8.109375,True
cx0.7_mut0.2,0.7,0.2,test_9,8,15,857,35.166740445606244,33.77014703638772,60000,300,8.135079400002724,8.125,True
cx0.7_mut0.2,0.7,0.2,test_9,8,16,858,39.87187456668687,38.26411962051192,60000,300,8.239638800001558,8.046875,True
cx0.7_mut0.2,0.7,0.2,test_9,8,17,859,38.92075395735099,37.21633726434734,60000,300,8.163230099999055,8.09375,True
cx0.7_mut0.2,0.7,0.2,test_9,8,18,860,35.988492416146606,34.754408004349166,60000,300,9.253618300001108,8.890625,True
cx0.7_mut0.2,0.7,0.2,test_9,8,19,861,44.04058210885989,42.15215968383151,60000,300,9.824820400001045,9.328125,True
cx0.7_mut0.2,0.7,0.2,test_10,9,0,942,40.54042842296958,38.96304704386638,60000,300,10.126148399998783,9.671875,True
cx0.7_mut0.2,0.7,0.2,test_10,9,1,943,34.618908863711795,33.12342279171834,60000,300,8.605151799998566,8.375,True
cx0.7_mut0.2,0.7,0.2,test_10,9,2,944,36.20330079367385,34.53580195995946,60000,300,8.49905139999828,8.40625,True
cx0.7_mut0.2,0.7,0.2,test_10,9,3,945,36.08185352940024,34.23815075937201,60000,300,7.731764000000112,7.5625,True
cx0.7_mut0.2,0.7,0.2,test_10,9,4,946,44.022872751686755,42.301731893807215,60000,300,8.469924999997602,8.28125,True
cx0.7_mut0.2,0.7,0.2,test_10,9,5,947,35.72507869407235,34.33247237195698,60000,300,8.924767699998483,8.796875,True
cx0.7_mut0.2,0.7,0.2,test_10,9,6,948,36.61520560440435,35.14014332727177,60000,300,8.692234300000564,8.453125,True
cx0.7_mut0.2,0.7,0.2,test_10,9,7,949,32.18919287887066,30.53869770537866,60000,300,9.455703300001915,9.140625,True
cx0.7_mut0.2,0.7,0.2,test_10,9,8,950,39.928814895761505,38.015749952397194,60000,300,8.289156099999673,8.21875,True
cx0.7_mut0.2,0.7,0.2,test_10,9,9,951,38.19132452091833,36.48649593686384,60000,300,10.018358599998464,8.546875,True
cx0.7_mut0.2,0.7,0.2,test_10,9,10,952,34.81694292284097,33.28629165844867,60000,300,8.423654400001396,8.359375,True
cx0.7_mut0.2,0.7,0.2,test_10,9,11,953,38.461169106819796,36.88655162298398,60000,300,9.04312960000243,8.84375,True
cx0.7_mut0.2,0.7,0.2,test_10,9,12,954,33.50191795661079,32.17438707273633,60000,300,8.437687900001038,8.234375,True
cx0.7_mut0.2,0.7,0.2,test_10,9,13,955,32.49136664549748,30.975849391898382,60000,300,8.88046899999972,8.625,True
cx0.7_mut0.2,0.7,0.2,test_10,9,14,956,33.45516900286695,31.739267609045427,60000,300,9.565961300002527,9.5625,True
cx0.7_mut0.2,0.7,0.2,test_10,9,15,957,38.060891353677505,36.67695077991114,60000,300,8.398437399999239,7.953125,True
cx0.7_mut0.2,0.7,0.2,test_10,9,16,958,33.17525338068709,31.68729556541114,60000,300,9.95972249999977,9.4375,True
cx0.7_mut0.2,0.7,0.2,test_10,9,17,959,32.635111351435455,31.209445055475484,60000,300,8.907466900000145,8.234375,True
cx0.7_mut0.2,0.7,0.2,test_10,9,18,960,41.03654737962005,39.435988325733724,60000,300,9.528292400002101,8.890625,True
cx0.7_mut0.2,0.7,0.2,test_10,9,19,961,35.75404222728938,34.054431771581136,60000,300,7.6867439999987255,7.546875,True
cx0.7_mut0.3,0.7,0.3,test_1,0,0,42,36.9227808432514,35.52377860753026,60000,300,7.913376399999834,7.421875,True
cx0.7_mut0.3,0.7,0.3,test_1,0,1,43,38.68302941093953,37.022146103642285,60000,300,8.647521799997776,8.40625,True
cx0.7_mut0.3,0.7,0.3,test_1,0,2,44,37.85974578707651,36.334104982163836,60000,300,8.687305999999808,8.421875,True
cx0.7_mut0.3,0.7,0.3,test_1,0,3,45,50.36198808138533,48.603048411131574,60000,300,7.646032199998444,7.484375,True
cx0.7_mut0.3,0.7,0.3,test_1,0,4,46,32.803444234313304,31.49572420133282,60000,300,7.974025800001982,7.8125,True
cx0.7_mut0.3,0.7,0.3,test_1,0,5,47,37.59790638228737,36.07130525522214,60000,300,7.495743999999831,7.40625,True
cx0.7_mut0.3,0.7,0.3,test_1,0,6,48,54.88475991855369,52.8143119974688,60000,300,7.912564700000075,7.796875,True
cx0.7_mut0.3,0.7,0.3,test_1,0,7,49,47.54971945178722,45.48590272249693,60000,300,8.10798369999975,8.0625,True
cx0.7_mut0.3,0.7,0.3,test_1,0,8,50,40.087472038697825,38.61157103107336,60000,300,7.356541899996955,7.34375,True
cx0.7_mut0.3,0.7,0.3,test_1,0,9,51,49.574825104925566,47.726801777209815,60000,300,7.156681299999036,7.109375,True
cx0.7_mut0.3,0.7,0.3,test_1,0,10,52,44.666635363761586,42.9583499468245,60000,300,7.269965500003309,7.25,True
cx0.7_mut0.3,0.7,0.3,test_1,0,11,53,42.55956141075669,40.9677336956491,60000,300,8.160620599999675,8.09375,True
cx0.7_mut0.3,0.7,0.3,test_1,0,12,54,45.870840874463944,44.343463481612964,60000,300,6.9717611000014585,6.953125,True
cx0.7_mut0.3,0.7,0.3,test_1,0,13,55,48.57922928946982,46.47308661122967,60000,300,7.195061899998109,7.140625,True
cx0.7_mut0.3,0.7,0.3,test_1,0,14,56,42.13008560255028,40.69543139880184,60000,300,6.821821000001364,6.734375,True
cx0.7_mut0.3,0.7,0.3,test_1,0,15,57,40.85458069033671,39.48058530502462,60000,300,7.540816100001393,7.5,True
cx0.7_mut0.3,0.7,0.3,test_1,0,16,58,38.19259700453981,36.60550374834433,60000,300,7.417781200001627,7.375,True
cx0.7_mut0.3,0.7,0.3,test_1,0,17,59,37.45356356971575,35.84870738948791,60000,300,7.315216899998632,7.265625,True
cx0.7_mut0.3,0.7,0.3,test_1,0,18,60,37.23008924484553,35.62285574166516,60000,300,8.506121999998868,8.375,True
cx0.7_mut0.3,0.7,0.3,test_1,0,19,61,45.233410714242204,43.355222170742714,60000,300,6.565702799998689,6.53125,True
cx0.7_mut0.3,0.7,0.3,test_2,1,0,142,35.347828824535206,33.49597478500446,60000,300,7.585101399999985,7.484375,True
cx0.7_mut0.3,0.7,0.3,test_2,1,1,143,38.07116090532375,36.524145503937525,60000,300,7.644801899998129,7.546875,True
cx0.7_mut0.3,0.7,0.3,test_2,1,2,144,37.70458805880183,35.965455036961465,60000,300,7.002203599997301,6.875,True
cx0.7_mut0.3,0.7,0.3,test_2,1,3,145,41.64106935696749,39.87304794167264,60000,300,7.837820000000647,7.734375,True
cx0.7_mut0.3,0.7,0.3,test_2,1,4,146,40.05711356248423,38.225552422674625,60000,300,7.71670180000001,7.65625,True
cx0.7_mut0.3,0.7,0.3,test_2,1,5,147,32.78185301399949,31.40815878490682,60000,300,7.458974699999089,7.390625,True
cx0.7_mut0.3,0.7,0.3,test_2,1,6,148,37.26950411017217,35.82502874665995,60000,300,7.541474800000287,7.53125,True
cx0.7_mut0.3,0.7,0.3,test_2,1,7,149,40.342382272566034,38.474316946006326,60000,300,8.659985700000107,8.484375,True
cx0.7_mut0.3,0.7,0.3,test_2,1,8,150,40.37433511274052,38.67015641997301,60000,300,7.500466600002255,7.40625,True
cx0.7_mut0.3,0.7,0.3,test_2,1,9,151,44.319026568858874,42.41413669351253,60000,300,7.692649000000529,7.59375,True
cx0.7_mut0.3,0.7,0.3,test_2,1,10,152,38.59533229441514,37.07412503448757,60000,300,7.7169404000014765,7.5,True
cx0.7_mut0.3,0.7,0.3,test_2,1,11,153,34.507084953579245,33.162986704607306,60000,300,7.664266799998586,7.609375,True
cx0.7_mut0.3,0.7,0.3,test_2,1,12,154,38.77767771993552,37.1178424463008,60000,300,8.121189299999969,7.96875,True
cx0.7_mut0.3,0.7,0.3,test_2,1,13,155,39.74932269765848,38.201448497255946,60000,300,8.162519599998632,8.0,True
cx0.7_mut0.3,0.7,0.3,test_2,1,14,156,36.15982858685082,34.62633757879855,60000,300,7.653483500002039,7.65625,True
cx0.7_mut0.3,0.7,0.3,test_2,1,15,157,34.174137027676004,32.627801765742895,60000,300,7.754710599998361,7.578125,True
cx0.7_mut0.3,0.7,0.3,test_2,1,16,158,35.382343611136896,33.722897483545836,60000,300,8.561613499998202,8.453125,True
cx0.7_mut0.3,0.7,0.3,test_2,1,17,159,35.70294711185119,34.08371375644446,60000,300,8.250264300000708,8.15625,True
cx0.7_mut0.3,0.7,0.3,test_2,1,18,160,39.1767076440791,37.418925923002654,60000,300,8.428570600000967,8.265625,True
cx0.7_mut0.3,0.7,0.3,test_2,1,19,161,38.67373579975698,37.349464403006216,60000,300,8.508129900001222,8.328125,True
cx0.7_mut0.3,0.7,0.3,test_3,2,0,242,38.48203668751378,37.20346622569018,60000,300,8.302909400001226,8.15625,True
cx0.7_mut0.3,0.7,0.3,test_3,2,1,243,45.16881700966335,43.146868811689565,60000,300,9.769859899999574,9.59375,True
cx0.7_mut0.3,0.7,0.3,test_3,2,2,244,36.19533308015353,34.18105690977002,60000,300,8.65378419999979,8.40625,True
cx0.7_mut0.3,0.7,0.3,test_3,2,3,245,36.19138925723723,34.367232807945385,60000,300,8.636324699997203,8.296875,True
cx0.7_mut0.3,0.7,0.3,test_3,2,4,246,42.58851651989496,40.4776023296021,60000,300,9.998575499997969,9.484375,True
cx0.7_mut0.3,0.7,0.3,test_3,2,5,247,30.18364732603026,28.700000969371672,60000,300,9.732983099998819,9.25,True
cx0.7_mut0.3,0.7,0.3,test_3,2,6,248,41.4109632517605,39.480517642288675,60000,300,8.89366119999977,8.765625,True
cx0.7_mut0.3,0.7,0.3,test_3,2,7,249,44.53542465456724,42.96738275588963,60000,300,8.701054300003307,8.390625,True
cx0.7_mut0.3,0.7,0.3,test_3,2,8,250,37.294121616983546,35.579462104128986,60000,300,10.324789900001633,9.375,True
cx0.7_mut0.3,0.7,0.3,test_3,2,9,251,33.614028932495216,31.988018043845745,60000,300,8.45501190000141,8.0,True
cx0.7_mut0.3,0.7,0.3,test_3,2,10,252,42.839349560054245,40.924612160661226,60000,300,8.359145100002934,8.25,True
cx0.7_mut0.3,0.7,0.3,test_3,2,11,253,42.91575731275192,41.22344405917133,60000,300,8.721922199998517,8.640625,True
cx0.7_mut0.3,0.7,0.3,test_3,2,12,254,35.618724800683175,33.92377700920855,60000,300,10.088679399999819,9.734375,True
cx0.7_mut0.3,0.7,0.3,test_3,2,13,255,34.62851449444777,32.994618290929424,60000,300,8.492637299998023,8.421875,True
cx0.7_mut0.3,0.7,0.3,test_3,2,14,256,32.60552071140373,30.94057268081469,60000,300,8.408277800001088,8.28125,True
cx0.7_mut0.3,0.7,0.3,test_3,2,15,257,44.69800688033361,43.081380852008834,60000,300,9.414812200000597,9.21875,True
cx0.7_mut0.3,0.7,0.3,test_3,2,16,258,35.64227806929686,34.027131876538945,60000,300,7.488729599997896,7.40625,True
cx0.7_mut0.3,0.7,0.3,test_3,2,17,259,40.37400687775886,38.788869042055964,60000,300,7.555454599998484,7.4375,True
cx0.7_mut0.3,0.7,0.3,test_3,2,18,260,35.31471313498604,33.66762272813472,60000,300,8.932564999999158,8.734375,True
cx0.7_mut0.3,0.7,0.3,test_3,2,19,261,33.940192288886486,32.533730032159205,60000,300,8.636951099997532,8.53125,True
cx0.7_mut0.3,0.7,0.3,test_4,3,0,342,29.65016750134022,28.154012865492625,60000,300,8.256684200001473,8.234375,True
cx0.7_mut0.3,0.7,0.3,test_4,3,1,343,35.503885823526666,33.90126675591157,60000,300,8.699840399996901,8.640625,True
cx0.7_mut0.3,0.7,0.3,test_4,3,2,344,30.9983713178042,29.606366057760486,60000,300,8.340118399999483,8.328125,True
cx0.7_mut0.3,0.7,0.3,test_4,3,3,345,33.22587369074205,31.761288124921435,60000,300,8.734937500001251,8.671875,True
cx0.7_mut0.3,0.7,0.3,test_4,3,4,346,33.975753000937324,32.37716972769166,60000,300,8.869139800000994,8.65625,True
cx0.7_mut0.3,0.7,0.3,test_4,3,5,347,33.938296113313726,32.287830922814265,60000,300,8.542922599997837,8.453125,True
cx0.7_mut0.3,0.7,0.3,test_4,3,6,348,36.22062275625831,34.463670830448706,60000,300,8.560367099998984,8.484375,True
cx0.7_mut0.3,0.7,0.3,test_4,3,7,349,31.20714696908552,29.623797412280233,60000,300,8.23457960000087,8.171875,True
cx0.7_mut0.3,0.7,0.3,test_4,3,8,350,34.783681473937115,33.024517171720746,60000,300,8.699302400000306,8.59375,True
cx0.7_mut0.3,0.7,0.3,test_4,3,9,351,36.77457322596273,34.87391668686447,60000,300,9.179942899998423,9.0625,True
cx0.7_mut0.3,0.7,0.3,test_4,3,10,352,31.039400319925,29.877436886724535,60000,300,8.784978100000444,8.4375,True
cx0.7_mut0.3,0.7,0.3,test_4,3,11,353,35.36494138732405,33.68182902045876,60000,300,9.327223300002515,9.171875,True
cx0.7_mut0.3,0.7,0.3,test_4,3,12,354,30.600230338319083,29.122335003732967,60000,300,9.700849700002436,9.484375,True
cx0.7_mut0.3,0.7,0.3,test_4,3,13,355,39.17608912839764,37.32923808018659,60000,300,8.443563600001653,8.28125,True
cx0.7_mut0.3,0.7,0.3,test_4,3,14,356,31.93685062220584,30.28671717297283,60000,300,7.951479899998958,7.671875,True
cx0.7_mut0.3,0.7,0.3,test_4,3,15,357,36.45575928552997,34.948646264037905,60000,300,8.780544799999916,8.5625,True
cx0.7_mut0.3,0.7,0.3,test_4,3,16,358,35.88525191598424,34.15817008576914,60000,300,8.345078199999989,8.109375,True
cx0.7_mut0.3,0.7,0.3,test_4,3,17,359,31.216495111089145,29.529560599761556,60000,300,8.397184400000697,8.34375,True
cx0.7_mut0.3,0.7,0.3,test_4,3,18,360,32.46989075970892,31.01071737063185,60000,300,9.108067199998914,8.65625,True
cx0.7_mut0.3,0.7,0.3,test_4,3,19,361,34.468894025886414,32.8519310949471,60000,300,8.70038509999722,8.5625,True
cx0.7_mut0.3,0.7,0.3,test_5,4,0,442,45.99783573523105,44.445888965314545,60000,300,7.931398299999273,7.734375,True
cx0.7_mut0.3,0.7,0.3,test_5,4,1,443,46.483714716789,44.505407241432344,60000,300,8.42226010000013,8.25,True
cx0.7_mut0.3,0.7,0.3,test_5,4,2,444,45.32487864276952,43.57109741138159,60000,300,8.469306599999982,8.359375,True
cx0.7_mut0.3,0.7,0.3,test_5,4,3,445,41.989044617218475,40.17208716473565,60000,300,9.688094700002694,9.34375,True
cx0.7_mut0.3,0.7,0.3,test_5,4,4,446,40.207386454737616,38.67007018578828,60000,300,8.438627899999119,8.21875,True
cx0.7_mut0.3,0.7,0.3,test_5,4,5,447,48.48806975285041,46.655434414252795,60000,300,8.853491900001245,8.671875,True
cx0.7_mut0.3,0.7,0.3,test_5,4,6,448,40.73851534819112,39.47855803117682,60000,300,8.325166899998294,8.171875,True
cx0.7_mut0.3,0.7,0.3,test_5,4,7,449,47.308259540315504,45.46569529434193,60000,300,8.83781739999904,8.421875,True
cx0.7_mut0.3,0.7,0.3,test_5,4,8,450,45.7850754054832,43.91230926167712,60000,300,8.58089089999703,8.390625,True
cx0.7_mut0.3,0.7,0.3,test_5,4,9,451,40.525018764572415,38.574298611112546,60000,300,8.832977400001255,8.75,True
cx0.7_mut0.3,0.7,0.3,test_5,4,10,452,38.75386446765988,36.944529998564285,60000,300,8.615384299999278,8.53125,True
cx0.7_mut0.3,0.7,0.3,test_5,4,11,453,39.80019917068631,38.046171648054795,60000,300,9.262035700001434,9.015625,True
cx0.7_mut0.3,0.7,0.3,test_5,4,12,454,41.65499176122977,40.00941210154675,60000,300,8.57130429999961,8.328125,True
cx0.7_mut0.3,0.7,0.3,test_5,4,13,455,45.000230753958306,43.114401221640136,60000,300,8.354026000000886,8.0625,True
cx0.7_mut0.3,0.7,0.3,test_5,4,14,456,37.82324656825731,36.27194386510365,60000,300,9.288879200001247,9.03125,True
cx0.7_mut0.3,0.7,0.3,test_5,4,15,457,44.75515009670355,43.21648918416025,60000,300,9.82480249999935,9.453125,True
cx0.7_mut0.3,0.7,0.3,test_5,4,16,458,39.670344083657916,38.08675362160296,60000,300,8.279970399999002,8.0625,True
cx0.7_mut0.3,0.7,0.3,test_5,4,17,459,47.49573035421125,45.42078726476123,60000,300,9.508675400000357,8.9375,True
cx0.7_mut0.3,0.7,0.3,test_5,4,18,460,44.337557704199654,42.73982537774287,60000,300,9.067027499997494,8.6875,True
cx0.7_mut0.3,0.7,0.3,test_5,4,19,461,43.96514343992818,42.66010904374936,60000,300,9.872096700000839,9.34375,True
cx0.7_mut0.3,0.7,0.3,test_6,5,0,542,35.32077361888212,33.76184432972721,60000,300,8.495657300001767,8.296875,True
cx0.7_mut0.3,0.7,0.3,test_6,5,1,543,35.62175062053579,33.88965473224517,60000,300,8.363936599998851,8.21875,True
cx0.7_mut0.3,0.7,0.3,test_6,5,2,544,38.56646044734956,36.96003096626179,60000,300,9.140179900001385,8.734375,True
cx0.7_mut0.3,0.7,0.3,test_6,5,3,545,37.67452812672949,35.89621650341226,60000,300,9.789242299997568,9.421875,True
cx0.7_mut0.3,0.7,0.3,test_6,5,4,546,42.51176729745968,40.580744484370165,60000,300,10.002403399998002,9.46875,True
cx0.7_mut0.3,0.7,0.3,test_6,5,5,547,33.97869223628236,32.77053998495211,60000,300,8.876184900000226,8.5,True
cx0.7_mut0.3,0.7,0.3,test_6,5,6,548,37.04949475345631,35.764780850971476,60000,300,10.535461799998302,9.6875,True
cx0.7_mut0.3,0.7,0.3,test_6,5,7,549,36.037353381351366,34.33561710731393,60000,300,9.472785099998873,8.90625,True
cx0.7_mut0.3,0.7,0.3,test_6,5,8,550,34.448042691824526,32.88900153820734,60000,300,8.871233500001836,8.75,True
cx0.7_mut0.3,0.7,0.3,test_6,5,9,551,38.87420820533488,37.036707616753496,60000,300,10.288025999998354,9.625,True
cx0.7_mut0.3,0.7,0.3,test_6,5,10,552,44.116263104194466,41.985878871324545,60000,300,10.699380199999723,10.484375,True
cx0.7_mut0.3,0.7,0.3,test_6,5,11,553,41.45449490372486,39.858266340243176,60000,300,8.76430419999815,8.453125,True
cx0.7_mut0.3,0.7,0.3,test_6,5,12,554,43.95134903387688,42.21817963883941,60000,300,9.494088800001919,9.28125,True
cx0.7_mut0.3,0.7,0.3,test_6,5,13,555,39.91258435151923,38.17031525549594,60000,300,8.549117800001113,8.28125,True
cx0.7_mut0.3,0.7,0.3,test_6,5,14,556,41.943983230786095,40.17646648943947,60000,300,9.757518000002165,9.515625,True
cx0.7_mut0.3,0.7,0.3,test_6,5,15,557,39.6707774956042,37.826082807588406,60000,300,9.265642799997295,9.234375,True
cx0.7_mut0.3,0.7,0.3,test_6,5,16,558,37.574044071814185,36.292110092106064,60000,300,8.37485320000269,8.21875,True
cx0.7_mut0.3,0.7,0.3,test_6,5,17,559,45.10494440429617,43.50829973853179,60000,300,9.222492400000192,9.078125,True
cx0.7_mut0.3,0.7,0.3,test_6,5,18,560,36.63949764655626,34.88426352674684,60000,300,8.563599400000385,8.46875,True
cx0.7_mut0.3,0.7,0.3,test_6,5,19,561,36.444482493552286,34.74712986676312,60000,300,9.120201400000951,8.90625,True
cx0.7_mut0.3,0.7,0.3,test_7,6,0,642,41.17994927193209,39.24639215930789,60000,300,9.451545899999473,9.3125,True
cx0.7_mut0.3,0.7,0.3,test_7,6,1,643,38.003640567306235,36.32858789072036,60000,300,9.124940100002277,8.96875,True
cx0.7_mut0.3,0.7,0.3,test_7,6,2,644,36.8151112450253,35.08679142197996,60000,300,8.800661000001128,8.59375,True
cx0.7_mut0.3,0.7,0.3,test_7,6,3,645,36.68900563923911,34.70655491018749,60000,300,8.596377900001244,8.390625,True
cx0.7_mut0.3,0.7,0.3,test_7,6,4,646,35.64364224902084,33.860928639423356,60000,300,8.484429800002545,7.90625,True
cx0.7_mut0.3,0.7,0.3,test_7,6,5,647,39.296184812825885,37.748417303751644,60000,300,9.832194200000231,9.5625,True
cx0.7_mut0.3,0.7,0.3,test_7,6,6,648,43.197596897768626,41.36759756972447,60000,300,9.353290399998514,9.09375,True
cx0.7_mut0.3,0.7,0.3,test_7,6,7,649,41.3382529923186,39.54497891619575,60000,300,9.184789999999339,8.9375,True
cx0.7_mut0.3,0.7,0.3,test_7,6,8,650,38.847244381824986,37.297886832605364,60000,300,8.715933600000426,8.546875,True
cx0.7_mut0.3,0.7,0.3,test_7,6,9,651,35.55637796530717,33.862591717565266,60000,300,9.61652519999916,9.265625,True
cx0.7_mut0.3,0.7,0.3,test_7,6,10,652,32.94869120661648,31.24429363103927,60000,300,8.397141400000692,8.140625,True
cx0.7_mut0.3,0.7,0.3,test_7,6,11,653,38.18123358311515,36.40460005840808,60000,300,8.817748599998595,8.453125,True
cx0.7_mut0.3,0.7,0.3,test_7,6,12,654,44.94152507491298,42.991381848547846,60000,300,9.299526999999216,9.125,True
cx0.7_mut0.3,0.7,0.3,test_7,6,13,655,37.14315112675875,35.43133316371845,60000,300,9.507239099999424,9.25,True
cx0.7_mut0.3,0.7,0.3,test_7,6,14,656,35.68420789652958,34.04026380033684,60000,300,9.26435230000061,9.0625,True
cx0.7_mut0.3,0.7,0.3,test_7,6,15,657,35.714242372177026,34.00421945219925,60000,300,9.025683600000775,8.90625,True
cx0.7_mut0.3,0.7,0.3,test_7,6,16,658,36.60893931022385,34.85742378521452,60000,300,8.97143320000032,8.84375,True
cx0.7_mut0.3,0.7,0.3,test_7,6,17,659,36.074875786007844,34.1871351339611,60000,300,9.30422550000003,9.015625,True
cx0.7_mut0.3,0.7,0.3,test_7,6,18,660,38.82653210454465,37.13491161729964,60000,300,8.79692040000009,8.609375,True
cx0.7_mut0.3,0.7,0.3,test_7,6,19,661,42.76689552472572,40.442833315125284,60000,300,8.554827499996463,8.4375,True
cx0.7_mut0.3,0.7,0.3,test_8,7,0,742,36.79526104207023,34.97308686328214,60000,300,9.702530399998068,9.203125,True
cx0.7_mut0.3,0.7,0.3,test_8,7,1,743,38.77274914419926,36.599175666484626,60000,300,9.03275229999781,8.859375,True
cx0.7_mut0.3,0.7,0.3,test_8,7,2,744,36.702344186250464,35.09112304725047,60000,300,9.145850000000792,8.84375,True
cx0.7_mut0.3,0.7,0.3,test_8,7,3,745,31.920784225717213,30.40407807487321,60000,300,9.340099900000496,9.078125,True
cx0.7_mut0.3,0.7,0.3,test_8,7,4,746,39.131747860888915,37.21360653103453,60000,300,9.244333599999663,8.953125,True
cx0.7_mut0.3,0.7,0.3,test_8,7,5,747,36.0495180178873,34.125334652204124,60000,300,9.120717400001013,9.0,True
cx0.7_mut0.3,0.7,0.3,test_8,7,6,748,35.98859708954439,34.25340204650842,60000,300,9.537444699999469,9.234375,True
cx0.7_mut0.3,0.7,0.3,test_8,7,7,749,41.491349177799236,39.593349333296494,60000,300,9.095272500002466,8.859375,True
cx0.7_mut0.3,0.7,0.3,test_8,7,8,750,35.152145136043465,33.53986530156935,60000,300,9.547904000002745,9.046875,True
cx0.7_mut0.3,0.7,0.3,test_8,7,9,751,43.71714800633554,42.15765463296472,60000,300,8.344980400001077,8.09375,True
cx0.7_mut0.3,0.7,0.3,test_8,7,10,752,40.64973287620196,38.56998096939573,60000,300,8.87619260000065,8.671875,True
cx0.7_mut0.3,0.7,0.3,test_8,7,11,753,34.61141693256205,32.7275003832252,60000,300,11.601864099997329,10.984375,True
cx0.7_mut0.3,0.7,0.3,test_8,7,12,754,42.21032488330953,40.52460267032532,60000,300,9.227575000000797,9.046875,True
cx0.7_mut0.3,0.7,0.3,test_8,7,13,755,41.209065646568575,39.66964730315189,60000,300,8.700162999997701,8.5625,True
cx0.7_mut0.3,0.7,0.3,test_8,7,14,756,36.82855659316245,35.16816387675901,60000,300,8.789927999998326,8.640625,True
cx0.7_mut0.3,0.7,0.3,test_8,7,15,757,39.45255388468373,37.36041423343799,60000,300,7.997992799999338,7.859375,True
cx0.7_mut0.3,0.7,0.3,test_8,7,16,758,35.82465959692665,34.12880316060364,60000,300,9.456377300000895,9.375,True
cx0.7_mut0.3,0.7,0.3,test_8,7,17,759,39.90756178582473,37.982594838690005,60000,300,8.880398299999797,8.8125,True
cx0.7_mut0.3,0.7,0.3,test_8,7,18,760,39.5708736650985,37.77060898047438,60000,300,8.476737799999682,8.453125,True
cx0.7_mut0.3,0.7,0.3,test_8,7,19,761,38.56955110795364,36.573011785107525,60000,300,8.863577000000078,8.765625,True
cx0.7_mut0.3,0.7,0.3,test_9,8,0,842,34.00212654905628,32.48939066336861,60000,300,10.822754900000291,9.84375,True
cx0.7_mut0.3,0.7,0.3,test_9,8,1,843,38.58384178556746,37.040536939940424,60000,300,7.732921700000588,7.640625,True
cx0.7_mut0.3,0.7,0.3,test_9,8,2,844,36.888646633884974,35.572648534018256,60000,300,7.975397300000623,7.953125,True
cx0.7_mut0.3,0.7,0.3,test_9,8,3,845,34.40670149542399,32.7938857534389,60000,300,8.890733500000351,8.828125,True
cx0.7_mut0.3,0.7,0.3,test_9,8,4,846,37.81418095380175,36.38688433006703,60000,300,8.596046300001035,7.890625,True
cx0.7_mut0.3,0.7,0.3,test_9,8,5,847,44.48593211260954,42.61498837260318,60000,300,7.897512300001836,7.734375,True
cx0.7_mut0.3,0.7,0.3,test_9,8,6,848,41.52838431837348,39.935263030192864,60000,300,8.111752299999353,7.40625,True
cx0.7_mut0.3,0.7,0.3,test_9,8,7,849,45.958265224344544,44.18465350886427,60000,300,8.596859599998425,8.4375,True
cx0.7_mut0.3,0.7,0.3,test_9,8,8,850,43.509734442005225,41.95839859021844,60000,300,8.39078950000112,8.125,True
cx0.7_mut0.3,0.7,0.3,test_9,8,9,851,32.118569689627236,30.822681713329104,60000,300,7.893729499999608,7.75,True
cx0.7_mut0.3,0.7,0.3,test_9,8,10,852,46.78870694537484,45.19591201715787,60000,300,8.8573026999984,8.8125,True
cx0.7_mut0.3,0.7,0.3,test_9,8,11,853,42.06899618925107,40.03450522835689,60000,300,8.617492900000798,8.5625,True
cx0.7_mut0.3,0.7,0.3,test_9,8,12,854,41.665148513536934,39.885583632551345,60000,300,7.441367400002491,7.421875,True
cx0.7_mut0.3,0.7,0.3,test_9,8,13,855,41.341670076686775,39.851066100065644,60000,300,7.509446100000787,7.515625,True
cx0.7_mut0.3,0.7,0.3,test_9,8,14,856,33.79315016027159,32.523256400401806,60000,300,7.9531921000016155,7.890625,True
cx0.7_mut0.3,0.7,0.3,test_9,8,15,857,32.78807035798702,31.379909959416548,60000,300,8.835304600001109,8.84375,True
cx0.7_mut0.3,0.7,0.3,test_9,8,16,858,39.6633291789904,37.94573894979311,60000,300,8.800465199998143,8.625,True
cx0.7_mut0.3,0.7,0.3,test_9,8,17,859,43.47366159453679,41.677676378213526,60000,300,8.36415979999947,8.328125,True
cx0.7_mut0.3,0.7,0.3,test_9,8,18,860,39.74942143437285,38.526565441450686,60000,300,8.543338600000425,8.328125,True
cx0.7_mut0.3,0.7,0.3,test_9,8,19,861,39.2365112090864,37.607549561182154,60000,300,8.864716399999452,8.3125,True
cx0.7_mut0.3,0.7,0.3,test_10,9,0,942,33.2507156169763,31.73075194946605,60000,300,9.542529699996521,9.1875,True
cx0.7_mut0.3,0.7,0.3,test_10,9,1,943,36.048696236925714,34.566520372598404,60000,300,8.983715099999245,8.765625,True
cx0.7_mut0.3,0.7,0.3,test_10,9,2,944,38.49539730274923,37.14780117197766,60000,300,8.780928099997254,8.703125,True
cx0.7_mut0.3,0.7,0.3,test_10,9,3,945,38.351116266727324,36.69228826085906,60000,300,7.9596664999990026,7.78125,True
cx0.7_mut0.3,0.7,0.3,test_10,9,4,946,38.97505176327386,37.05566297594271,60000,300,8.066023999999743,7.875,True
cx0.7_mut0.3,0.7,0.3,test_10,9,5,947,40.93229128922651,39.05299611614858,60000,300,8.196322600000713,8.125,True
cx0.7_mut0.3,0.7,0.3,test_10,9,6,948,40.39114734143346,38.68276498823484,60000,300,7.760820299998159,7.640625,True
cx0.7_mut0.3,0.7,0.3,test_10,9,7,949,34.13461190012816,32.48288312013369,60000,300,7.883736799998587,7.75,True
cx0.7_mut0.3,0.7,0.3,test_10,9,8,950,40.583207709995115,38.66045671592307,60000,300,9.204681700000947,9.03125,True
cx0.7_mut0.3,0.7,0.3,test_10,9,9,951,39.62410122809957,38.049248385318464,60000,300,9.911898400001519,8.546875,True
cx0.7_mut0.3,0.7,0.3,test_10,9,10,952,33.87601675984985,32.481970171631204,60000,300,8.582542399999511,8.40625,True
cx0.7_mut0.3,0.7,0.3,test_10,9,11,953,35.527726207416414,33.998520045497585,60000,300,8.919484400001238,8.71875,True
cx0.7_mut0.3,0.7,0.3,test_10,9,12,954,32.51758237340024,31.152602834311118,60000,300,8.861813300001813,8.734375,True
cx0.7_mut0.3,0.7,0.3,test_10,9,13,955,39.01261557979393,37.41780634760618,60000,300,8.31841379999969,8.09375,True
cx0.7_mut0.3,0.7,0.3,test_10,9,14,956,39.702404345592356,38.2975319079101,60000,300,7.487857399999484,7.453125,True
cx0.7_mut0.3,0.7,0.3,test_10,9,15,957,38.79477089868618,37.20296346189979,60000,300,9.425405600002705,8.984375,True
cx0.7_mut0.3,0.7,0.3,test_10,9,16,958,33.50031701383874,31.76818160136312,60000,300,10.842597300001216,10.53125,True
cx0.7_mut0.3,0.7,0.3,test_10,9,17,959,45.51430487290611,43.16865951546714,60000,300,8.709432699997706,8.171875,True
cx0.7_mut0.3,0.7,0.3,test_10,9,18,960,34.75878118285554,33.18860115936702,60000,300,9.493253200002073,8.796875,True
cx0.7_mut0.3,0.7,0.3,test_10,9,19,961,38.9155598949801,37.060247075224666,60000,300,8.848384000000806,8.671875,True
cx0.7_mut0.5,0.7,0.5,test_1,0,0,42,44.048867586495206,42.22838786989388,60000,300,7.7973195999984455,7.421875,True
cx0.7_mut0.5,0.7,0.5,test_1,0,1,43,45.8453810539513,44.25860405525406,60000,300,8.270218500001647,8.125,True
cx0.7_mut0.5,0.7,0.5,test_1,0,2,44,50.90246713920256,49.19246868625911,60000,300,10.093306999999186,9.84375,True
cx0.7_mut0.5,0.7,0.5,test_1,0,3,45,44.01252894663898,42.29570933978705,60000,300,8.127146800001356,7.890625,True
cx0.7_mut0.5,0.7,0.5,test_1,0,4,46,43.77645703543571,42.46973911602545,60000,300,8.818448899997748,8.578125,True
cx0.7_mut0.5,0.7,0.5,test_1,0,5,47,49.17300323691138,47.50896438620894,60000,300,7.916762000000745,7.84375,True
cx0.7_mut0.5,0.7,0.5,test_1,0,6,48,45.778976632824254,43.9957201019894,60000,300,8.532076899999083,8.390625,True
cx0.7_mut0.5,0.7,0.5,test_1,0,7,49,42.72511190518403,40.71324076299703,60000,300,7.9254204999997455,7.84375,True
cx0.7_mut0.5,0.7,0.5,test_1,0,8,50,45.11470124292594,43.56611253355646,60000,300,8.33005470000353,8.28125,True
cx0.7_mut0.5,0.7,0.5,test_1,0,9,51,43.237213825153496,41.43901480024681,60000,300,8.593918499998836,8.484375,True
cx0.7_mut0.5,0.7,0.5,test_1,0,10,52,42.868918193886515,40.95887893859753,60000,300,8.143370499998127,8.09375,True
cx0.7_mut0.5,0.7,0.5,test_1,0,11,53,48.513654573703406,46.62364172846227,60000,300,8.712521999997989,8.59375,True
cx0.7_mut0.5,0.7,0.5,test_1,0,12,54,53.21319999968075,50.92449933090443,60000,300,8.070340599999327,7.953125,True
cx0.7_mut0.5,0.7,0.5,test_1,0,13,55,46.855242458071444,45.26540424942972,60000,300,7.824129900000116,7.765625,True
cx0.7_mut0.5,0.7,0.5,test_1,0,14,56,43.20147213625239,41.20934576532672,60000,300,8.310626400001638,8.25,True
cx0.7_mut0.5,0.7,0.5,test_1,0,15,57,52.82856903230586,51.063028028747595,60000,300,8.39192550000007,8.296875,True
cx0.7_mut0.5,0.7,0.5,test_1,0,16,58,45.41150652614829,43.507033174153975,60000,300,8.15607049999744,8.078125,True
cx0.7_mut0.5,0.7,0.5,test_1,0,17,59,46.796329974860484,45.59471289128392,60000,300,7.051883899999666,6.984375,True
cx0.7_mut0.5,0.7,0.5,test_1,0,18,60,45.073220763898604,43.42227868748277,60000,300,8.872736799999984,8.765625,True
cx0.7_mut0.5,0.7,0.5,test_1,0,19,61,48.81493654564264,46.9969899788413,60000,300,8.315383100001782,8.1875,True
cx0.7_mut0.5,0.7,0.5,test_2,1,0,142,40.19810104533818,38.301677517906214,60000,300,8.516242699999566,8.421875,True
cx0.7_mut0.5,0.7,0.5,test_2,1,1,143,42.201048823912494,40.27633505498623,60000,300,7.9566734,7.796875,True
cx0.7_mut0.5,0.7,0.5,test_2,1,2,144,35.72296176878591,34.41045339618334,60000,300,8.490959499999008,8.3125,True
cx0.7_mut0.5,0.7,0.5,test_2,1,3,145,41.44061110453011,39.38432171886694,60000,300,7.598408999998355,7.453125,True
cx0.7_mut0.5,0.7,0.5,test_2,1,4,146,43.17712608367965,41.37506366717219,60000,300,8.333281800001714,8.265625,True
cx0.7_mut0.5,0.7,0.5,test_2,1,5,147,47.1162183689259,45.091511587703266,60000,300,7.917968000001565,7.8125,True
cx0.7_mut0.5,0.7,0.5,test_2,1,6,148,44.12789462539734,42.173486028095446,60000,300,8.969468999999663,8.875,True
cx0.7_mut0.5,0.7,0.5,test_2,1,7,149,47.14185190222866,45.10540464498069,60000,300,7.363306700000976,7.3125,True
cx0.7_mut0.5,0.7,0.5,test_2,1,8,150,38.217646335783826,36.749041569980804,60000,300,7.954275200001575,7.953125,True
cx0.7_mut0.5,0.7,0.5,test_2,1,9,151,40.656238955484596,38.92614626952236,60000,300,8.78962379999939,8.703125,True
cx0.7_mut0.5,0.7,0.5,test_2,1,10,152,41.886247775599685,40.17489553858583,60000,300,8.8268977000007,8.65625,True
cx0.7_mut0.5,0.7,0.5,test_2,1,11,153,39.90210711945335,38.28053836012399,60000,300,8.456309600001987,8.375,True
cx0.7_mut0.5,0.7,0.5,test_2,1,12,154,44.2691457529524,42.108496568580094,60000,300,8.900531700001011,8.75,True
cx0.7_mut0.5,0.7,0.5,test_2,1,13,155,40.14942113593787,38.71642121162816,60000,300,8.20694260000164,8.0625,True
cx0.7_mut0.5,0.7,0.5,test_2,1,14,156,40.903527481617076,39.42140985699545,60000,300,7.940627299998596,7.921875,True
cx0.7_mut0.5,0.7,0.5,test_2,1,15,157,43.75405874517415,41.911289016631756,60000,300,8.981153200002154,8.734375,True
cx0.7_mut0.5,0.7,0.5,test_2,1,16,158,46.90190063521989,44.849936850066435,60000,300,10.610346499997831,10.3125,True
cx0.7_mut0.5,0.7,0.5,test_2,1,17,159,47.52928417354284,45.55477945358573,60000,300,9.76730889999817,9.609375,True
cx0.7_mut0.5,0.7,0.5,test_2,1,18,160,46.73830764916482,44.663788724967446,60000,300,9.08215779999955,8.953125,True
cx0.7_mut0.5,0.7,0.5,test_2,1,19,161,39.41306983504766,37.72961271367898,60000,300,9.080838300000323,8.875,True
cx0.7_mut0.5,0.7,0.5,test_3,2,0,242,39.00987928658801,37.192355832687404,60000,300,10.23890069999834,10.03125,True
cx0.7_mut0.5,0.7,0.5,test_3,2,1,243,43.41230344860525,41.85561045398844,60000,300,8.798768599997857,8.578125,True
cx0.7_mut0.5,0.7,0.5,test_3,2,2,244,53.20467013530848,51.5161482419188,60000,300,10.04295689999708,9.65625,True
cx0.7_mut0.5,0.7,0.5,test_3,2,3,245,42.12774031848476,40.321880527790924,60000,300,9.686959099999513,9.4375,True
cx0.7_mut0.5,0.7,0.5,test_3,2,4,246,48.11735094454355,46.05163472910307,60000,300,10.929500700000062,10.484375,True
cx0.7_mut0.5,0.7,0.5,test_3,2,5,247,41.752873947728,40.05869457313205,60000,300,9.276051700002427,8.953125,True
cx0.7_mut0.5,0.7,0.5,test_3,2,6,248,53.65637297776595,51.323474633522,60000,300,9.624131699998543,9.546875,True
cx0.7_mut0.5,0.7,0.5,test_3,2,7,249,46.526931667676656,44.59748495857604,60000,300,10.39302730000054,10.140625,True
cx0.7_mut0.5,0.7,0.5,test_3,2,8,250,39.7960792830785,37.96418472913907,60000,300,11.043206099999225,10.296875,True
cx0.7_mut0.5,0.7,0.5,test_3,2,9,251,44.000703451834944,42.05716520550057,60000,300,9.315346300001693,8.96875,True
cx0.7_mut0.5,0.7,0.5,test_3,2,10,252,52.10054909136232,50.043519674058764,60000,300,9.579323599999043,9.46875,True
cx0.7_mut0.5,0.7,0.5,test_3,2,11,253,45.94324676780844,44.16665072389716,60000,300,9.02681769999981,8.90625,True
cx0.7_mut0.5,0.7,0.5,test_3,2,12,254,47.43157797921273,45.39467691207789,60000,300,9.93706050000037,9.71875,True
cx0.7_mut0.5,0.7,0.5,test_3,2,13,255,43.707588498745835,42.00491291443436,60000,300,9.328504799999791,9.21875,True
cx0.7_mut0.5,0.7,0.5,test_3,2,14,256,42.44567654021948,40.78779961327828,60000,300,9.11706740000227,9.03125,True
cx0.7_mut0.5,0.7,0.5,test_3,2,15,257,53.041026459361966,51.269545322016654,60000,300,9.70884389999992,9.46875,True
cx0.7_mut0.5,0.7,0.5,test_3,2,16,258,41.7800348198852,39.667789144880395,60000,300,8.929259000000457,8.8125,True
cx0.7_mut0.5,0.7,0.5,test_3,2,17,259,45.377597436185724,43.68681423441545,60000,300,8.802294000000984,8.640625,True
cx0.7_mut0.5,0.7,0.5,test_3,2,18,260,42.981387105179365,41.09875679178059,60000,300,8.812103100000968,8.609375,True
cx0.7_mut0.5,0.7,0.5,test_3,2,19,261,44.145013922547044,42.173237395964684,60000,300,9.302207100001397,9.171875,True
cx0.7_mut0.5,0.7,0.5,test_4,3,0,342,38.7928032484714,37.23270405153015,60000,300,9.492725900003279,9.390625,True
cx0.7_mut0.5,0.7,0.5,test_4,3,1,343,43.52824245862723,42.222142095684035,60000,300,8.860946800003148,8.796875,True
cx0.7_mut0.5,0.7,0.5,test_4,3,2,344,42.978251339986535,41.40083100232936,60000,300,9.334558900001866,9.296875,True
cx0.7_mut0.5,0.7,0.5,test_4,3,3,345,36.09324699854277,34.552802963914985,60000,300,8.998031399998581,8.984375,True
cx0.7_mut0.5,0.7,0.5,test_4,3,4,346,43.61082286820222,41.91661497883,60000,300,9.29086019999886,9.03125,True
cx0.7_mut0.5,0.7,0.5,test_4,3,5,347,36.63731961938036,34.87412733956709,60000,300,9.56881539999813,9.390625,True
cx0.7_mut0.5,0.7,0.5,test_4,3,6,348,42.94260234775246,40.89982141684092,60000,300,9.619473300001118,9.546875,True
cx0.7_mut0.5,0.7,0.5,test_4,3,7,349,38.264317542538876,36.83886560860336,60000,300,9.806869399999414,9.703125,True
cx0.7_mut0.5,0.7,0.5,test_4,3,8,350,43.464469254760715,41.81729762680367,60000,300,8.87950180000189,8.75,True
cx0.7_mut0.5,0.7,0.5,test_4,3,9,351,40.63243759412887,38.636880186797086,60000,300,9.13386349999928,8.890625,True
cx0.7_mut0.5,0.7,0.5,test_4,3,10,352,40.12175902829492,38.24866001137983,60000,300,9.585350599998492,9.125,True
cx0.7_mut0.5,0.7,0.5,test_4,3,11,353,40.544090121245524,38.83448738519435,60000,300,10.27447630000097,10.1875,True
cx0.7_mut0.5,0.7,0.5,test_4,3,12,354,42.84671750540991,40.93286727793566,60000,300,9.40532019999955,9.15625,True
cx0.7_mut0.5,0.7,0.5,test_4,3,13,355,40.56014541972665,38.59529871609429,60000,300,9.477412399999594,9.328125,True
cx0.7_mut0.5,0.7,0.5,test_4,3,14,356,36.455538083327625,34.84242995416491,60000,300,9.84484550000343,9.5625,True
cx0.7_mut0.5,0.7,0.5,test_4,3,15,357,35.869489391767935,34.191989888988935,60000,300,9.806723499998043,9.546875,True
cx0.7_mut0.5,0.7,0.5,test_4,3,16,358,39.733698202970245,38.174064619153704,60000,300,8.97517880000305,8.84375,True
cx0.7_mut0.5,0.7,0.5,test_4,3,17,359,45.05542937418218,42.883524004292816,60000,300,9.046907400002965,9.0,True
cx0.7_mut0.5,0.7,0.5,test_4,3,18,360,36.97710971005688,35.62700306808787,60000,300,10.04360689999885,9.59375,True
cx0.7_mut0.5,0.7,0.5,test_4,3,19,361,40.79857072321498,39.02975200128929,60000,300,10.51899770000091,10.296875,True
cx0.7_mut0.5,0.7,0.5,test_5,4,0,442,49.35325352632126,47.5402461558963,60000,300,9.317849300001399,9.0625,True
cx0.7_mut0.5,0.7,0.5,test_5,4,1,443,47.91377846596668,46.10891243435734,60000,300,8.483681999998225,8.34375,True
cx0.7_mut0.5,0.7,0.5,test_5,4,2,444,49.81554060039116,48.17521141787837,60000,300,9.31384700000126,9.234375,True
cx0.7_mut0.5,0.7,0.5,test_5,4,3,445,46.66217396264241,44.713567277401424,60000,300,10.575194299999566,10.234375,True
cx0.7_mut0.5,0.7,0.5,test_5,4,4,446,48.70322032840043,46.457303768647975,60000,300,9.385477700001502,9.203125,True
cx0.7_mut0.5,0.7,0.5,test_5,4,5,447,48.49598765281619,46.576383158795075,60000,300,9.408463100000517,9.171875,True
cx0.7_mut0.5,0.7,0.5,test_5,4,6,448,52.40268859865822,50.5082601994602,60000,300,9.78890219999812,9.625,True
cx0.7_mut0.5,0.7,0.5,test_5,4,7,449,55.633277031007836,53.81042705808916,60000,300,9.999539600001299,9.734375,True
cx0.7_mut0.5,0.7,0.5,test_5,4,8,450,52.69351449832714,50.882862202461205,60000,300,9.890387200000987,9.6875,True
cx0.7_mut0.5,0.7,0.5,test_5,4,9,451,55.86109445321845,53.95959781517203,60000,300,9.207255400000577,8.96875,True
cx0.7_mut0.5,0.7,0.5,test_5,4,10,452,43.61055114352871,42.15609681277048,60000,300,9.524483499997586,9.3125,True
cx0.7_mut0.5,0.7,0.5,test_5,4,11,453,46.54687762030492,44.66708137574219,60000,300,10.433920999999827,10.125,True
cx0.7_mut0.5,0.7,0.5,test_5,4,12,454,51.94722621151519,50.211267873805824,60000,300,9.061803700002201,8.90625,True
cx0.7_mut0.5,0.7,0.5,test_5,4,13,455,45.398893583459596,43.409318939629856,60000,300,9.119109800001752,8.875,True
cx0.7_mut0.5,0.7,0.5,test_5,4,14,456,47.03023337178585,45.473563846815004,60000,300,8.683185200003209,8.328125,True
cx0.7_mut0.5,0.7,0.5,test_5,4,15,457,49.33667871555276,47.42149418369023,60000,300,10.127038200000243,9.78125,True
cx0.7_mut0.5,0.7,0.5,test_5,4,16,458,52.50931473819357,50.50273967759458,60000,300,9.352073699999892,8.984375,True
cx0.7_mut0.5,0.7,0.5,test_5,4,17,459,50.93946062218547,49.23787276452849,60000,300,9.65756859999965,9.03125,True
cx0.7_mut0.5,0.7,0.5,test_5,4,18,460,52.741292640520776,50.70101351946039,60000,300,10.410458199999994,9.90625,True
cx0.7_mut0.5,0.7,0.5,test_5,4,19,461,43.96769134090018,42.023758462995794,60000,300,10.839016599999013,10.265625,True
cx0.7_mut0.5,0.7,0.5,test_6,5,0,542,41.87866569407448,39.773915660329635,60000,300,10.210415200002899,9.828125,True
cx0.7_mut0.5,0.7,0.5,test_6,5,1,543,41.58786911279486,39.91775119156731,60000,300,8.732713700002932,8.578125,True
cx0.7_mut0.5,0.7,0.5,test_6,5,2,544,49.21121945504236,47.141894233375034,60000,300,9.360011200002191,8.8125,True
cx0.7_mut0.5,0.7,0.5,test_6,5,3,545,44.457454156968396,42.61883971534745,60000,300,9.809621600001265,9.375,True
cx0.7_mut0.5,0.7,0.5,test_6,5,4,546,50.49041860584231,48.29247026089139,60000,300,9.276450999997905,8.765625,True
cx0.7_mut0.5,0.7,0.5,test_6,5,5,547,45.99876729339574,44.34293702668964,60000,300,9.155139499998768,8.953125,True
cx0.7_mut0.5,0.7,0.5,test_6,5,6,548,42.02694887104743,40.560400332147275,60000,300,9.922908300002746,9.015625,True
cx0.7_mut0.5,0.7,0.5,test_6,5,7,549,50.64517249017307,48.60662024961954,60000,300,10.975267099998746,10.46875,True
cx0.7_mut0.5,0.7,0.5,test_6,5,8,550,50.79269565028752,48.7010705921208,60000,300,9.234555799997906,9.125,True
cx0.7_mut0.5,0.7,0.5,test_6,5,9,551,43.4955407640076,41.93892733776658,60000,300,11.058996100000513,10.25,True
cx0.7_mut0.5,0.7,0.5,test_6,5,10,552,49.71944267077898,47.98474785922147,60000,300,10.758281800000987,10.296875,True
cx0.7_mut0.5,0.7,0.5,test_6,5,11,553,48.23166661757874,46.6703794729178,60000,300,9.794442400001572,9.53125,True
cx0.7_mut0.5,0.7,0.5,test_6,5,12,554,40.768976481206636,38.99906505506903,60000,300,8.805651300001045,8.59375,True
cx0.7_mut0.5,0.7,0.5,test_6,5,13,555,40.322519582645114,38.75940722458451,60000,300,9.647501500003273,9.421875,True
cx0.7_mut0.5,0.7,0.5,test_6,5,14,556,45.65299850612799,44.21239048512914,60000,300,10.484997299998213,10.234375,True
cx0.7_mut0.5,0.7,0.5,test_6,5,15,557,45.34431627805354,43.34963713691764,60000,300,9.54561360000298,9.390625,True
cx0.7_mut0.5,0.7,0.5,test_6,5,16,558,45.95853789539268,44.052173243698064,60000,300,9.830299299999751,9.671875,True
cx0.7_mut0.5,0.7,0.5,test_6,5,17,559,43.54630417169249,41.99126819202332,60000,300,9.976991100000305,9.765625,True
cx0.7_mut0.5,0.7,0.5,test_6,5,18,560,48.8134373077616,47.22623755789677,60000,300,9.1667051000004,9.03125,True
cx0.7_mut0.5,0.7,0.5,test_6,5,19,561,53.21845974425737,51.2438303202165,60000,300,9.884333800000604,9.75,True
cx0.7_mut0.5,0.7,0.5,test_7,6,0,642,40.876145211940276,39.381795185145876,60000,300,9.133275799998955,9.015625,True
cx0.7_mut0.5,0.7,0.5,test_7,6,1,643,40.26439925164395,38.38891392905119,60000,300,10.285310499999468,10.109375,True
cx0.7_mut0.5,0.7,0.5,test_7,6,2,644,46.40649713822385,44.4947448925539,60000,300,9.807973299997684,9.65625,True
cx0.7_mut0.5,0.7,0.5,test_7,6,3,645,42.79559175659411,40.87280255703039,60000,300,9.723407000001316,9.5625,True
cx0.7_mut0.5,0.7,0.5,test_7,6,4,646,45.85615358000703,43.78888130934603,60000,300,9.281434399999853,8.5625,True
cx0.7_mut0.5,0.7,0.5,test_7,6,5,647,43.939340412668024,41.92892533696032,60000,300,10.056763599997794,9.6875,True
cx0.7_mut0.5,0.7,0.5,test_7,6,6,648,44.92924880278077,43.02000454024513,60000,300,9.50283120000313,9.4375,True
cx0.7_mut0.5,0.7,0.5,test_7,6,7,649,45.196215026127064,43.291729171675954,60000,300,9.840650500002084,9.609375,True
cx0.7_mut0.5,0.7,0.5,test_7,6,8,650,45.8837899247811,43.65596859278735,60000,300,9.641967300001852,9.375,True
cx0.7_mut0.5,0.7,0.5,test_7,6,9,651,45.35209344526535,43.57917801188977,60000,300,10.853802000001451,10.453125,True
cx0.7_mut0.5,0.7,0.5,test_7,6,10,652,39.52866256722606,37.6614295429499,60000,300,9.83603199999925,9.546875,True
cx0.7_mut0.5,0.7,0.5,test_7,6,11,653,42.431596941173424,40.79622165095958,60000,300,9.691593400002603,9.40625,True
cx0.7_mut0.5,0.7,0.5,test_7,6,12,654,40.647069719427144,38.987403377977934,60000,300,9.967576499999268,9.84375,True
cx0.7_mut0.5,0.7,0.5,test_7,6,13,655,42.74560017065539,41.12786898527295,60000,300,10.464650800000527,10.21875,True
cx0.7_mut0.5,0.7,0.5,test_7,6,14,656,52.45580630383109,50.74674153412478,60000,300,9.822235999999975,9.578125,True
cx0.7_mut0.5,0.7,0.5,test_7,6,15,657,56.81245591105078,54.84955515762216,60000,300,10.013890000001993,9.859375,True
cx0.7_mut0.5,0.7,0.5,test_7,6,16,658,42.14493377433041,40.24997375390887,60000,300,9.560906800001248,9.453125,True
cx0.7_mut0.5,0.7,0.5,test_7,6,17,659,48.06221647737134,45.956836283059765,60000,300,10.561403199997585,10.3125,True
cx0.7_mut0.5,0.7,0.5,test_7,6,18,660,43.722861955591355,42.1072096751618,60000,300,10.089792899998429,9.9375,True
cx0.7_mut0.5,0.7,0.5,test_7,6,19,661,44.28578763437768,42.46266909022183,60000,300,9.369350699998904,9.296875,True
cx0.7_mut0.5,0.7,0.5,test_8,7,0,742,45.83988790725262,43.69896175995623,60000,300,9.535446400001092,9.0625,True
cx0.7_mut0.5,0.7,0.5,test_8,7,1,743,48.155765753009945,45.880776232322134,60000,300,9.284836899998481,9.171875,True
cx0.7_mut0.5,0.7,0.5,test_8,7,2,744,44.85327234800993,42.91501738438808,60000,300,9.522213800002646,9.28125,True
cx0.7_mut0.5,0.7,0.5,test_8,7,3,745,41.67151414166545,39.96960199116592,60000,300,9.757280800000444,9.578125,True
cx0.7_mut0.5,0.7,0.5,test_8,7,4,746,47.344165352456386,45.61635832542779,60000,300,9.835140499999397,9.46875,True
cx0.7_mut0.5,0.7,0.5,test_8,7,5,747,42.38179625672785,40.39903656742438,60000,300,9.237937999998394,9.109375,True
cx0.7_mut0.5,0.7,0.5,test_8,7,6,748,45.077415512126244,42.84625162720069,60000,300,10.11309959999926,9.78125,True
cx0.7_mut0.5,0.7,0.5,test_8,7,7,749,45.29027498575704,43.82717939883754,60000,300,10.133876599997166,9.921875,True
cx0.7_mut0.5,0.7,0.5,test_8,7,8,750,42.38146902140039,40.82693458993907,60000,300,10.31616309999663,9.984375,True
cx0.7_mut0.5,0.7,0.5,test_8,7,9,751,51.376917440076525,49.20328651495301,60000,300,9.249117400002433,8.90625,True
cx0.7_mut0.5,0.7,0.5,test_8,7,10,752,43.36381284720972,41.27909857070308,60000,300,10.009392100000696,9.734375,True
cx0.7_mut0.5,0.7,0.5,test_8,7,11,753,47.18028119462962,45.34321676467935,60000,300,10.472318100000848,9.703125,True
cx0.7_mut0.5,0.7,0.5,test_8,7,12,754,43.624788019369824,41.503585121360736,60000,300,9.882296799998585,9.75,True
cx0.7_mut0.5,0.7,0.5,test_8,7,13,755,44.734472716050824,42.91232418165286,60000,300,10.01546210000015,9.75,True
cx0.7_mut0.5,0.7,0.5,test_8,7,14,756,47.23109319600268,45.37918474654206,60000,300,10.069578400001774,9.875,True
cx0.7_mut0.5,0.7,0.5,test_8,7,15,757,41.606196896158856,39.729067945968694,60000,300,10.888227800001914,10.71875,True
cx0.7_mut0.5,0.7,0.5,test_8,7,16,758,42.399714360316686,40.706597763634775,60000,300,10.149317799998244,10.078125,True
cx0.7_mut0.5,0.7,0.5,test_8,7,17,759,44.349746783375025,42.54444352405866,60000,300,10.81280329999936,10.75,True
cx0.7_mut0.5,0.7,0.5,test_8,7,18,760,49.63996660599979,47.52275838989404,60000,300,9.099794100002327,9.078125,True
cx0.7_mut0.5,0.7,0.5,test_8,7,19,761,44.04543896852075,42.33280083684935,60000,300,9.106410599997616,9.078125,True
cx0.7_mut0.5,0.7,0.5,test_9,8,0,842,48.439112995025496,46.854978343134434,60000,300,10.526321699999244,9.640625,True
cx0.7_mut0.5,0.7,0.5,test_9,8,1,843,50.1587381785415,48.79653216816343,60000,300,9.296503199999279,9.21875,True
cx0.7_mut0.5,0.7,0.5,test_9,8,2,844,45.93704113979098,44.59111902241152,60000,300,8.957946500002436,8.828125,True
cx0.7_mut0.5,0.7,0.5,test_9,8,3,845,40.16045830987663,38.77221035813912,60000,300,9.132481500000722,9.125,True
cx0.7_mut0.5,0.7,0.5,test_9,8,4,846,42.78678043436588,41.329505628813095,60000,300,9.483911100000114,8.734375,True
cx0.7_mut0.5,0.7,0.5,test_9,8,5,847,47.49473575415611,45.789569273164574,60000,300,8.648263600000064,8.484375,True
cx0.7_mut0.5,0.7,0.5,test_9,8,6,848,37.85977675754381,36.47096951956035,60000,300,8.541486599999189,7.8125,True
cx0.7_mut0.5,0.7,0.5,test_9,8,7,849,45.611398005351674,43.612691043181755,60000,300,8.30201279999892,8.09375,True
cx0.7_mut0.5,0.7,0.5,test_9,8,8,850,47.49551197209851,45.82940206375929,60000,300,8.823996200000693,8.703125,True
cx0.7_mut0.5,0.7,0.5,test_9,8,9,851,41.42711332613494,39.755690667233154,60000,300,9.44219940000039,9.359375,True
cx0.7_mut0.5,0.7,0.5,test_9,8,10,852,45.825106596593635,43.84059993703241,60000,300,8.32874780000202,8.296875,True
cx0.7_mut0.5,0.7,0.5,test_9,8,11,853,41.446655991324945,39.809821443558285,60000,300,7.611223200001405,7.546875,True
cx0.7_mut0.5,0.7,0.5,test_9,8,12,854,45.8247483083053,44.32758104886687,60000,300,8.385282999999617,8.28125,True
cx0.7_mut0.5,0.7,0.5,test_9,8,13,855,44.78588688914845,42.931243267257614,60000,300,9.801406399998086,9.75,True
cx0.7_mut0.5,0.7,0.5,test_9,8,14,856,43.03449951281523,41.34211266364026,60000,300,9.388927399999375,9.328125,True
cx0.7_mut0.5,0.7,0.5,test_9,8,15,857,43.87747606815056,42.110295285177784,60000,300,9.931760800001939,9.890625,True
cx0.7_mut0.5,0.7,0.5,test_9,8,16,858,48.140400095376265,46.4519852709018,60000,300,9.523249300000316,9.3125,True
cx0.7_mut0.5,0.7,0.5,test_9,8,17,859,44.04779423347037,42.42568577128741,60000,300,9.391835099999298,9.3125,True
cx0.7_mut0.5,0.7,0.5,test_9,8,18,860,45.09815761324996,43.32635971960716,60000,300,10.252407799998764,9.953125,True
cx0.7_mut0.5,0.7,0.5,test_9,8,19,861,46.18513752198592,44.396734633425645,60000,300,10.076424200000474,9.65625,True
cx0.7_mut0.5,0.7,0.5,test_10,9,0,942,40.55226774075401,38.919911701684065,60000,300,10.174784899998485,9.96875,True
cx0.7_mut0.5,0.7,0.5,test_10,9,1,943,46.95729501309511,45.46080239754835,60000,300,9.733549200002017,9.375,True
cx0.7_mut0.5,0.7,0.5,test_10,9,2,944,40.48250096956836,39.01766454279484,60000,300,9.311476099999709,9.234375,True
cx0.7_mut0.5,0.7,0.5,test_10,9,3,945,39.56480198288764,37.91919297156826,60000,300,9.366623100002471,9.140625,True
cx0.7_mut0.5,0.7,0.5,test_10,9,4,946,42.89160875976267,41.27022521856949,60000,300,10.080414900003234,9.9375,True
cx0.7_mut0.5,0.7,0.5,test_10,9,5,947,38.71441437466767,37.26034730452268,60000,300,8.39871690000291,8.203125,True
cx0.7_mut0.5,0.7,0.5,test_10,9,6,948,45.61464218409278,43.72306133901975,60000,300,8.941330199999356,8.78125,True
cx0.7_mut0.5,0.7,0.5,test_10,9,7,949,41.6989232071334,40.13291217986109,60000,300,8.846514299999399,8.640625,True
cx0.7_mut0.5,0.7,0.5,test_10,9,8,950,42.11681230459172,40.25571983900766,60000,300,9.578722899997956,9.421875,True
cx0.7_mut0.5,0.7,0.5,test_10,9,9,951,50.896634369075905,49.14183839527999,60000,300,10.975279199999932,10.015625,True
cx0.7_mut0.5,0.7,0.5,test_10,9,10,952,43.09878016837766,41.491136747295435,60000,300,9.82570659999692,9.71875,True
cx0.7_mut0.5,0.7,0.5,test_10,9,11,953,39.33187604416301,38.10786311645094,60000,300,9.668955600001937,9.453125,True
cx0.7_mut0.5,0.7,0.5,test_10,9,12,954,42.00049602286409,40.26640366341469,60000,300,9.528550200000609,9.359375,True
cx0.7_mut0.5,0.7,0.5,test_10,9,13,955,48.46181983589121,46.99257415951016,60000,300,9.79634090000036,9.4375,True
cx0.7_mut0.5,0.7,0.5,test_10,9,14,956,43.352418617218824,41.76655898795046,60000,300,9.541718199998286,9.5,True
cx0.7_mut0.5,0.7,0.5,test_10,9,15,957,41.55622206866044,39.95777494571658,60000,300,9.920098999999027,9.40625,True
cx0.7_mut0.5,0.7,0.5,test_10,9,16,958,45.08389910812042,43.703053508074184,60000,300,11.05090349999955,10.46875,True
cx0.7_mut0.5,0.7,0.5,test_10,9,17,959,44.97412546156111,42.96193173496152,60000,300,9.946917199999007,9.34375,True
cx0.7_mut0.5,0.7,0.5,test_10,9,18,960,43.32036607646821,41.69106817962845,60000,300,9.951799499998742,9.34375,True
cx0.7_mut0.5,0.7,0.5,test_10,9,19,961,42.04220302718388,40.23151127097044,60000,300,9.924710100000084,9.765625,True
cx0.9_mut0.001,0.9,0.001,test_1,0,0,42,56.94728972968355,54.75239313074956,60000,300,8.702651099996729,8.28125,True
cx0.9_mut0.001,0.9,0.001,test_1,0,1,43,49.19339879801927,47.42241736324962,60000,300,8.45187950000036,8.203125,True
cx0.9_mut0.001,0.9,0.001,test_1,0,2,44,48.32523482399485,46.46561903737757,60000,300,8.880830699999933,8.703125,True
cx0.9_mut0.001,0.9,0.001,test_1,0,3,45,48.40140685184538,46.85435330162392,60000,300,8.746120100000553,8.578125,True
cx0.9_mut0.001,0.9,0.001,test_1,0,4,46,48.994754131369,47.04919873228716,60000,300,10.128383700000995,9.96875,True
cx0.9_mut0.001,0.9,0.001,test_1,0,5,47,55.57664438273858,53.83890297434894,60000,300,8.292105000000447,8.234375,True
cx0.9_mut0.001,0.9,0.001,test_1,0,6,48,53.65411619459656,51.522579161205954,60000,300,7.98768089999794,7.859375,True
cx0.9_mut0.001,0.9,0.001,test_1,0,7,49,49.55844633715705,48.13627085877682,60000,300,8.694146399997408,8.65625,True
cx0.9_mut0.001,0.9,0.001,test_1,0,8,50,48.387670668245505,46.81000150989159,60000,300,12.2822763999975,12.1875,True
cx0.9_mut0.001,0.9,0.001,test_1,0,9,51,53.399991326470264,51.492425073973415,60000,300,8.340298299997812,8.234375,True
cx0.9_mut0.001,0.9,0.001,test_1,0,10,52,56.21016749935861,54.63514189142098,60000,300,8.347146299998712,8.28125,True
cx0.9_mut0.001,0.9,0.001,test_1,0,11,53,52.330764134721946,50.66869751053443,60000,300,8.300910699999804,8.265625,True
cx0.9_mut0.001,0.9,0.001,test_1,0,12,54,55.9208544202131,54.31312387932229,60000,300,8.714829399999871,8.703125,True
cx0.9_mut0.001,0.9,0.001,test_1,0,13,55,42.302034000148204,40.7612340886802,60000,300,10.769847300001857,10.6875,True
cx0.9_mut0.001,0.9,0.001,test_1,0,14,56,50.10205313953328,48.06384910460992,60000,300,8.451601600001595,8.40625,True
cx0.9_mut0.001,0.9,0.001,test_1,0,15,57,46.344285172281396,44.666095122590036,60000,300,7.933875399998215,7.890625,True
cx0.9_mut0.001,0.9,0.001,test_1,0,16,58,51.411116334696665,49.864022530089805,60000,300,9.836364399998274,9.8125,True
cx0.9_mut0.001,0.9,0.001,test_1,0,17,59,49.616390577523184,47.85357262507651,60000,300,9.679550800003199,9.640625,True
cx0.9_mut0.001,0.9,0.001,test_1,0,18,60,54.64960697272248,52.97843430120809,60000,300,9.203602100002172,9.03125,True
cx0.9_mut0.001,0.9,0.001,test_1,0,19,61,53.67940435054812,52.36982509219449,60000,300,10.44650829999955,10.265625,True
cx0.9_mut0.001,0.9,0.001,test_2,1,0,142,40.4860882360804,38.784250918969626,60000,300,9.74968159999844,9.625,True
cx0.9_mut0.001,0.9,0.001,test_2,1,1,143,40.61301045707588,39.10968427678395,60000,300,8.042815400000109,7.9375,True
cx0.9_mut0.001,0.9,0.001,test_2,1,2,144,49.49447260414938,47.868805756750795,60000,300,8.349267199999304,8.0625,True
cx0.9_mut0.001,0.9,0.001,test_2,1,3,145,51.85218113588598,50.150039500757394,60000,300,8.132702599999902,7.90625,True
cx0.9_mut0.001,0.9,0.001,test_2,1,4,146,45.678257670729366,43.89468458500379,60000,300,8.567593500003568,8.515625,True
cx0.9_mut0.001,0.9,0.001,test_2,1,5,147,39.92098594780542,38.14075841501039,60000,300,8.366017500000453,8.3125,True
cx0.9_mut0.001,0.9,0.001,test_2,1,6,148,41.187555402601895,39.270802467029256,60000,300,9.892958799999178,9.796875,True
cx0.9_mut0.001,0.9,0.001,test_2,1,7,149,48.71576490893752,46.773745496132754,60000,300,9.444387799998367,9.375,True
cx0.9_mut0.001,0.9,0.001,test_2,1,8,150,39.266736072788596,37.78190297997629,60000,300,8.377164199999243,8.3125,True
cx0.9_mut0.001,0.9,0.001,test_2,1,9,151,47.908450448812765,46.002315406591315,60000,300,9.078358800001297,9.0,True
cx0.9_mut0.001,0.9,0.001,test_2,1,10,152,48.00580545604661,46.32066149920111,60000,300,9.206621999997878,9.03125,True
cx0.9_mut0.001,0.9,0.001,test_2,1,11,153,47.6070119874904,45.66016979540903,60000,300,8.68268800000078,8.65625,True
cx0.9_mut0.001,0.9,0.001,test_2,1,12,154,53.426399437286214,51.78209366648324,60000,300,9.448075099997368,9.421875,True
cx0.9_mut0.001,0.9,0.001,test_2,1,13,155,48.28319967250482,46.917841322812684,60000,300,8.340234100000089,8.3125,True
cx0.9_mut0.001,0.9,0.001,test_2,1,14,156,41.50797044981645,39.77556312651983,60000,300,8.249028199999884,8.203125,True
cx0.9_mut0.001,0.9,0.001,test_2,1,15,157,52.667135823879946,51.15809958617994,60000,300,9.225918299998739,9.0,True
cx0.9_mut0.001,0.9,0.001,test_2,1,16,158,39.788065453683984,38.27953476799998,60000,300,11.403069400003005,10.859375,True
cx0.9_mut0.001,0.9,0.001,test_2,1,17,159,45.176424530343354,43.33303350717599,60000,300,11.154351599998336,10.625,True
cx0.9_mut0.001,0.9,0.001,test_2,1,18,160,51.0655394663834,49.398286661682,60000,300,9.693503000002238,9.421875,True
cx0.9_mut0.001,0.9,0.001,test_2,1,19,161,41.57389574489754,39.771817403099604,60000,300,9.513709200000449,9.390625,True
cx0.9_mut0.001,0.9,0.001,test_3,2,0,242,41.046248650806206,39.2462949180258,60000,300,10.325967099997797,9.875,True
cx0.9_mut0.001,0.9,0.001,test_3,2,1,243,43.104972915053004,41.31352105422657,60000,300,9.440659400002914,9.375,True
cx0.9_mut0.001,0.9,0.001,test_3,2,2,244,45.76607112079658,43.98313798636388,60000,300,11.014380500000698,10.671875,True
cx0.9_mut0.001,0.9,0.001,test_3,2,3,245,43.87244818724677,41.685436358822415,60000,300,13.746454600001016,13.140625,True
cx0.9_mut0.001,0.9,0.001,test_3,2,4,246,46.53083186658642,44.812467871307284,60000,300,10.321434900000895,10.015625,True
cx0.9_mut0.001,0.9,0.001,test_3,2,5,247,49.11928066405525,47.29316228525857,60000,300,12.134052300003532,11.765625,True
cx0.9_mut0.001,0.9,0.001,test_3,2,6,248,38.02240206175978,36.52783185128473,60000,300,9.536241500001779,9.203125,True
cx0.9_mut0.001,0.9,0.001,test_3,2,7,249,45.36314690979582,43.65790764497814,60000,300,12.411774399999558,12.015625,True
cx0.9_mut0.001,0.9,0.001,test_3,2,8,250,49.425768139551735,47.346488059519814,60000,300,10.788673099999869,10.5,True
cx0.9_mut0.001,0.9,0.001,test_3,2,9,251,43.70338324047754,41.83494703966463,60000,300,12.30657169999904,11.875,True
cx0.9_mut0.001,0.9,0.001,test_3,2,10,252,42.11292747584297,40.392419165315516,60000,300,12.114016299998184,12.0,True
cx0.9_mut0.001,0.9,0.001,test_3,2,11,253,42.464296918764674,40.53913611158124,60000,300,9.513419399998384,9.40625,True
cx0.9_mut0.001,0.9,0.001,test_3,2,12,254,44.648607394181745,42.593358170952854,60000,300,11.861246699998446,11.703125,True
cx0.9_mut0.001,0.9,0.001,test_3,2,13,255,47.73160222444682,45.674091232842656,60000,300,10.761033799997676,10.515625,True
cx0.9_mut0.001,0.9,0.001,test_3,2,14,256,51.56282707981438,49.63082315453621,60000,300,12.224362400000246,12.046875,True
cx0.9_mut0.001,0.9,0.001,test_3,2,15,257,43.7672029748476,41.94520541656606,60000,300,13.151427699998749,12.671875,True
cx0.9_mut0.001,0.9,0.001,test_3,2,16,258,47.907430383124456,45.95682444898722,60000,300,9.59202870000081,9.46875,True
cx0.9_mut0.001,0.9,0.001,test_3,2,17,259,40.951356992640264,38.558467587035004,60000,300,13.588503999999375,13.359375,True
cx0.9_mut0.001,0.9,0.001,test_3,2,18,260,42.51169011305967,40.7742547221424,60000,300,9.417931800002407,9.28125,True
cx0.9_mut0.001,0.9,0.001,test_3,2,19,261,46.48436711344889,44.855587574206055,60000,300,10.039004400001431,9.828125,True
cx0.9_mut0.001,0.9,0.001,test_4,3,0,342,36.31409824508798,34.657547151752524,60000,300,10.698610099996586,10.625,True
cx0.9_mut0.001,0.9,0.001,test_4,3,1,343,39.13324902520182,37.48381849545323,60000,300,9.373451999999816,9.265625,True
cx0.9_mut0.001,0.9,0.001,test_4,3,2,344,45.21258038897899,43.499035415141144,60000,300,12.98655399999916,12.78125,True
cx0.9_mut0.001,0.9,0.001,test_4,3,3,345,39.34234291752225,37.802858203230265,60000,300,9.90532710000116,9.71875,True
cx0.9_mut0.001,0.9,0.001,test_4,3,4,346,37.22031962937438,35.74944286260367,60000,300,11.49212400000033,11.3125,True
cx0.9_mut0.001,0.9,0.001,test_4,3,5,347,39.513244745556165,38.05272163586703,60000,300,9.158581399999093,8.9375,True
cx0.9_mut0.001,0.9,0.001,test_4,3,6,348,37.98948859613582,36.38992159262891,60000,300,9.067143600001145,8.875,True
cx0.9_mut0.001,0.9,0.001,test_4,3,7,349,38.76195089362242,37.21681646670361,60000,300,9.863951300001645,9.28125,True
cx0.9_mut0.001,0.9,0.001,test_4,3,8,350,38.59820990664865,37.2021144868714,60000,300,9.347667300000467,9.234375,True
cx0.9_mut0.001,0.9,0.001,test_4,3,9,351,43.58327379868147,41.590295372738204,60000,300,13.69946980000168,13.234375,True
cx0.9_mut0.001,0.9,0.001,test_4,3,10,352,36.16626063775517,34.65828924108912,60000,300,10.00585349999892,9.78125,True
cx0.9_mut0.001,0.9,0.001,test_4,3,11,353,36.8707860666288,35.19207206421989,60000,300,11.560729400000127,11.25,True
cx0.9_mut0.001,0.9,0.001,test_4,3,12,354,36.9861791667733,35.73017112127911,60000,300,9.632470100001228,9.46875,True
cx0.9_mut0.001,0.9,0.001,test_4,3,13,355,35.84263510070724,34.10261568160799,60000,300,10.582051200002752,10.296875,True
cx0.9_mut0.001,0.9,0.001,test_4,3,14,356,39.02801775052775,37.063879116981916,60000,300,11.356421399999817,11.140625,True
cx0.9_mut0.001,0.9,0.001,test_4,3,15,357,37.444048501064294,35.685534348421825,60000,300,10.16229630000089,9.75,True
cx0.9_mut0.001,0.9,0.001,test_4,3,16,358,46.73502041873837,45.06367692300304,60000,300,10.718248699999094,10.453125,True
cx0.9_mut0.001,0.9,0.001,test_4,3,17,359,40.10239039202139,38.38205265902605,60000,300,9.645898200000374,9.578125,True
cx0.9_mut0.001,0.9,0.001,test_4,3,18,360,35.99888389914578,34.56984092542689,60000,300,10.314181699999608,10.1875,True
cx0.9_mut0.001,0.9,0.001,test_4,3,19,361,34.90022917020609,33.440869455619364,60000,300,10.736882700002752,10.53125,True
cx0.9_mut0.001,0.9,0.001,test_5,4,0,442,51.86114413965895,49.893202088723044,60000,300,14.861217900001066,14.6875,True
cx0.9_mut0.001,0.9,0.001,test_5,4,1,443,47.775587412821075,45.91633279881907,60000,300,9.748953399997845,9.5625,True
cx0.9_mut0.001,0.9,0.001,test_5,4,2,444,51.40308667296766,49.36322651152727,60000,300,9.543511100000615,9.359375,True
cx0.9_mut0.001,0.9,0.001,test_5,4,3,445,49.75167061067853,48.18753854444926,60000,300,10.291565700001229,10.078125,True
cx0.9_mut0.001,0.9,0.001,test_5,4,4,446,55.22452809740639,53.296419850178026,60000,300,10.107862400000158,9.890625,True
cx0.9_mut0.001,0.9,0.001,test_5,4,5,447,46.18552884753071,44.48482794505196,60000,300,9.118669399998907,8.984375,True
cx0.9_mut0.001,0.9,0.001,test_5,4,6,448,53.9905416399223,52.01191823439626,60000,300,9.956973300002574,9.796875,True
cx0.9_mut0.001,0.9,0.001,test_5,4,7,449,50.04136761441083,48.43973510920236,60000,300,10.045087300000887,9.65625,True
cx0.9_mut0.001,0.9,0.001,test_5,4,8,450,47.22145560130972,45.4574857918745,60000,300,11.712220100002014,11.3125,True
cx0.9_mut0.001,0.9,0.001,test_5,4,9,451,59.05956334643841,57.17776012342546,60000,300,9.476855499997328,9.40625,True
cx0.9_mut0.001,0.9,0.001,test_5,4,10,452,60.186200018238814,58.39549164573482,60000,300,9.245425099998101,9.078125,True
cx0.9_mut0.001,0.9,0.001,test_5,4,11,453,43.377222237904725,41.65847400995741,60000,300,13.246894700001576,12.890625,True
cx0.9_mut0.001,0.9,0.001,test_5,4,12,454,51.958000233413074,50.163861846774445,60000,300,13.539437999999791,13.296875,True
cx0.9_mut0.001,0.9,0.001,test_5,4,13,455,49.86426219144376,47.67607709001077,60000,300,10.052321999999549,9.53125,True
cx0.9_mut0.001,0.9,0.001,test_5,4,14,456,52.013404759695824,49.9708284356323,60000,300,10.192883899999288,9.953125,True
cx0.9_mut0.001,0.9,0.001,test_5,4,15,457,49.67628825753315,48.12736893946435,60000,300,11.551507200001652,11.375,True
cx0.9_mut0.001,0.9,0.001,test_5,4,16,458,47.168655019571254,45.096891712767054,60000,300,13.291711500001838,12.5625,True
cx0.9_mut0.001,0.9,0.001,test_5,4,17,459,48.47220777924107,46.77949345333181,60000,300,13.27345140000034,12.546875,True
cx0.9_mut0.001,0.9,0.001,test_5,4,18,460,53.57969372068287,51.78796533043823,60000,300,9.189600899997458,8.640625,True
cx0.9_mut0.001,0.9,0.001,test_5,4,19,461,44.16172723852928,42.10573068517125,60000,300,9.35374789999696,9.109375,True
cx0.9_mut0.001,0.9,0.001,test_6,5,0,542,51.67306779881442,50.07212846365382,60000,300,9.747909699999582,9.578125,True
cx0.9_mut0.001,0.9,0.001,test_6,5,1,543,57.09347059113687,54.89164739664254,60000,300,11.473923399997147,11.21875,True
cx0.9_mut0.001,0.9,0.001,test_6,5,2,544,50.3432324030185,48.568777472683855,60000,300,12.470858199998474,11.4375,True
cx0.9_mut0.001,0.9,0.001,test_6,5,3,545,36.93803664317216,35.39698384999568,60000,300,12.907592800002021,12.421875,True
cx0.9_mut0.001,0.9,0.001,test_6,5,4,546,43.627378195800226,41.77112054500104,60000,300,12.1529655000013,11.375,True
cx0.9_mut0.001,0.9,0.001,test_6,5,5,547,53.28865307690715,51.0882396479874,60000,300,11.037958000000799,10.84375,True
cx0.9_mut0.001,0.9,0.001,test_6,5,6,548,45.01150984154682,43.41573340089732,60000,300,15.7758986000008,14.78125,True
cx0.9_mut0.001,0.9,0.001,test_6,5,7,549,46.525464558964295,44.98168573083238,60000,300,12.05049130000043,11.625,True
cx0.9_mut0.001,0.9,0.001,test_6,5,8,550,65.4811427662301,63.68502547751125,60000,300,15.398965600001247,14.34375,True
cx0.9_mut0.001,0.9,0.001,test_6,5,9,551,51.70860334288682,50.06744248172679,60000,300,12.472200400003203,11.90625,True
cx0.9_mut0.001,0.9,0.001,test_6,5,10,552,44.5589292613183,42.839693226917866,60000,300,10.966310899999371,10.5625,True
cx0.9_mut0.001,0.9,0.001,test_6,5,11,553,44.18431355859744,42.2053394299814,60000,300,11.677114000001893,11.328125,True
cx0.9_mut0.001,0.9,0.001,test_6,5,12,554,49.02827119145223,46.582363881590496,60000,300,13.312594800001534,13.0,True
cx0.9_mut0.001,0.9,0.001,test_6,5,13,555,43.15371321965216,41.21994018655609,60000,300,9.811474199999793,9.609375,True
cx0.9_mut0.001,0.9,0.001,test_6,5,14,556,45.75659106540083,43.9239273851727,60000,300,10.991832499999873,10.890625,True
cx0.9_mut0.001,0.9,0.001,test_6,5,15,557,44.755417110923325,43.23160548840336,60000,300,11.04045269999915,10.921875,True
cx0.9_mut0.001,0.9,0.001,test_6,5,16,558,46.69819221676926,44.89090159994993,60000,300,9.83718890000091,9.6875,True
cx0.9_mut0.001,0.9,0.001,test_6,5,17,559,52.867458950389604,51.25103997466144,60000,300,13.266864199998963,12.75,True
cx0.9_mut0.001,0.9,0.001,test_6,5,18,560,49.09021607375558,47.328277651350525,60000,300,9.836021099999925,9.59375,True
cx0.9_mut0.001,0.9,0.001,test_6,5,19,561,46.50458272236489,44.82962985053332,60000,300,10.425657399999182,10.296875,True
cx0.9_mut0.001,0.9,0.001,test_7,6,0,642,41.8579860040159,39.848551108698175,60000,300,10.069739200000186,9.84375,True
cx0.9_mut0.001,0.9,0.001,test_7,6,1,643,43.09397077392822,41.25982828855993,60000,300,13.817235100003018,13.453125,True
cx0.9_mut0.001,0.9,0.001,test_7,6,2,644,53.9166747976406,51.836560075779346,60000,300,10.842665100000886,10.640625,True
cx0.9_mut0.001,0.9,0.001,test_7,6,3,645,41.55626130272029,39.94175818701132,60000,300,10.328643500000908,10.015625,True
cx0.9_mut0.001,0.9,0.001,test_7,6,4,646,46.98203118988238,45.04421664567037,60000,300,10.362222299998393,10.0625,True
cx0.9_mut0.001,0.9,0.001,test_7,6,5,647,45.634991387413855,43.70476768466143,60000,300,10.608848500000022,10.25,True
cx0.9_mut0.001,0.9,0.001,test_7,6,6,648,45.68597593741202,43.757072072107505,60000,300,10.002015400001255,9.65625,True
cx0.9_mut0.001,0.9,0.001,test_7,6,7,649,46.10503627728934,44.22387676794014,60000,300,10.32628879999902,9.9375,True
cx0.9_mut0.001,0.9,0.001,test_7,6,8,650,59.45791957410061,57.40336801080946,60000,300,10.258942099997512,10.078125,True
cx0.9_mut0.001,0.9,0.001,test_7,6,9,651,55.090931006623165,53.15765794565214,60000,300,9.899150099998224,9.53125,True
cx0.9_mut0.001,0.9,0.001,test_7,6,10,652,40.85968887266078,39.27486197719499,60000,300,10.964980799999466,10.703125,True
cx0.9_mut0.001,0.9,0.001,test_7,6,11,653,59.84147084093899,57.836550982749884,60000,300,11.94961229999899,11.390625,True
cx0.9_mut0.001,0.9,0.001,test_7,6,12,654,49.953293404725486,47.636309700650926,60000,300,11.367985100001533,11.171875,True
cx0.9_mut0.001,0.9,0.001,test_7,6,13,655,50.07911589839638,47.793449346138786,60000,300,9.869419100003142,9.8125,True
cx0.9_mut0.001,0.9,0.001,test_7,6,14,656,45.251123831532134,43.25188358709907,60000,300,12.473758899999666,12.40625,True
cx0.9_mut0.001,0.9,0.001,test_7,6,15,657,48.19245884121685,46.53941125190777,60000,300,10.181209999998828,10.078125,True
cx0.9_mut0.001,0.9,0.001,test_7,6,16,658,41.48983194772168,39.71084207439877,60000,300,11.063191299999744,11.0,True
cx0.9_mut0.001,0.9,0.001,test_7,6,17,659,49.29346590982416,46.787288559911296,60000,300,11.947952099999384,11.734375,True
cx0.9_mut0.001,0.9,0.001,test_7,6,18,660,45.67113990435519,44.057086421170965,60000,300,9.696222399998078,9.515625,True
cx0.9_mut0.001,0.9,0.001,test_7,6,19,661,55.47544265444236,53.608770736715414,60000,300,10.204528900001606,10.078125,True
cx0.9_mut0.001,0.9,0.001,test_8,7,0,742,46.02912907175473,44.08896277800078,60000,300,10.72545099999843,10.375,True
cx0.9_mut0.001,0.9,0.001,test_8,7,1,743,43.7722368436738,41.80484666595149,60000,300,10.380063799999334,10.203125,True
cx0.9_mut0.001,0.9,0.001,test_8,7,2,744,48.61072273066541,46.61135757186161,60000,300,13.042869099997915,12.78125,True
cx0.9_mut0.001,0.9,0.001,test_8,7,3,745,45.17430476278845,43.15722339652353,60000,300,9.93940069999735,9.796875,True
cx0.9_mut0.001,0.9,0.001,test_8,7,4,746,46.74444871622821,45.11923059643931,60000,300,11.235587399998622,10.875,True
cx0.9_mut0.001,0.9,0.001,test_8,7,5,747,39.76489690820918,37.81587941976608,60000,300,13.35039560000223,12.875,True
cx0.9_mut0.001,0.9,0.001,test_8,7,6,748,45.17287053781457,43.45919883698016,60000,300,9.986607200000435,9.703125,True
cx0.9_mut0.001,0.9,0.001,test_8,7,7,749,42.6110865215611,40.584620112790006,60000,300,12.240962100000615,12.0,True
cx0.9_mut0.001,0.9,0.001,test_8,7,8,750,38.87747661608271,37.188894635493824,60000,300,10.374304999997548,9.890625,True
cx0.9_mut0.001,0.9,0.001,test_8,7,9,751,40.38078426304716,38.68322241400876,60000,300,9.82441319999998,9.453125,True
cx0.9_mut0.001,0.9,0.001,test_8,7,10,752,40.69612887285683,38.862366660920166,60000,300,10.627956699998322,10.15625,True
cx0.9_mut0.001,0.9,0.001,test_8,7,11,753,44.33010115843689,42.45896169560717,60000,300,12.325052200001664,12.171875,True
cx0.9_mut0.001,0.9,0.001,test_8,7,12,754,44.19918072481811,42.52825535713246,60000,300,12.212890499999048,11.984375,True
cx0.9_mut0.001,0.9,0.001,test_8,7,13,755,44.00415470533798,41.9296081718926,60000,300,10.751742299999023,10.59375,True
cx0.9_mut0.001,0.9,0.001,test_8,7,14,756,41.42495461852739,39.72321357653712,60000,300,11.565742599999794,11.296875,True
cx0.9_mut0.001,0.9,0.001,test_8,7,15,757,46.7802052829899,44.88722153898679,60000,300,9.973453400001745,9.890625,True
cx0.9_mut0.001,0.9,0.001,test_8,7,16,758,40.90633339531219,39.306314463512926,60000,300,9.83926540000175,9.78125,True
cx0.9_mut0.001,0.9,0.001,test_8,7,17,759,39.12636559978356,37.54909051011305,60000,300,8.81697069999791,8.75,True
cx0.9_mut0.001,0.9,0.001,test_8,7,18,760,46.096389334750455,44.37659651593916,60000,300,10.077819199999794,10.015625,True
cx0.9_mut0.001,0.9,0.001,test_8,7,19,761,44.116556462725214,42.10985498199677,60000,300,9.101228300001821,9.015625,True
cx0.9_mut0.001,0.9,0.001,test_9,8,0,842,51.296673672759795,48.8761401018379,60000,300,9.92055099999925,9.765625,True
cx0.9_mut0.001,0.9,0.001,test_9,8,1,843,46.446075814278736,44.84157174681456,60000,300,9.229978100000153,9.203125,True
cx0.9_mut0.001,0.9,0.001,test_9,8,2,844,41.93791093411946,40.54643737375224,60000,300,9.67000939999707,9.5625,True
cx0.9_mut0.001,0.9,0.001,test_9,8,3,845,49.447860835967134,47.6001470953346,60000,300,9.291802699997788,9.21875,True
cx0.9_mut0.001,0.9,0.001,test_9,8,4,846,42.739196476928534,41.1193398877748,60000,300,9.9844402000017,9.84375,True
cx0.9_mut0.001,0.9,0.001,test_9,8,5,847,46.97745514605567,44.852543523304924,60000,300,10.925530399999843,10.515625,True
cx0.9_mut0.001,0.9,0.001,test_9,8,6,848,46.04232658184283,44.54000065450269,60000,300,9.869285500000842,9.65625,True
cx0.9_mut0.001,0.9,0.001,test_9,8,7,849,43.48502267520776,41.7416385996361,60000,300,11.85948500000086,11.796875,True
cx0.9_mut0.001,0.9,0.001,test_9,8,8,850,48.9836340621542,46.976726370092834,60000,300,10.72300709999763,10.578125,True
cx0.9_mut0.001,0.9,0.001,test_9,8,9,851,45.27405962254491,43.869198418377884,60000,300,9.098573399998713,8.984375,True
cx0.9_mut0.001,0.9,0.001,test_9,8,10,852,44.19199081799953,42.289067513764486,60000,300,8.486955500000477,8.34375,True
cx0.9_mut0.001,0.9,0.001,test_9,8,11,853,49.52295714079024,47.65688793229514,60000,300,8.73432220000177,8.71875,True
cx0.9_mut0.001,0.9,0.001,test_9,8,12,854,38.011479030693756,36.726640790254244,60000,300,9.381300299999566,9.3125,True
cx0.9_mut0.001,0.9,0.001,test_9,8,13,855,42.797045767429594,41.111095170852806,60000,300,9.299802000001364,9.296875,True
cx0.9_mut0.001,0.9,0.001,test_9,8,14,856,48.269763355675636,46.612850642985386,60000,300,10.30696810000154,10.234375,True
cx0.9_mut0.001,0.9,0.001,test_9,8,15,857,51.59832487960347,50.31669142713659,60000,300,8.431867899998906,8.390625,True
cx0.9_mut0.001,0.9,0.001,test_9,8,16,858,49.10422686544517,47.49805680275948,60000,300,10.471234399999958,10.34375,True
cx0.9_mut0.001,0.9,0.001,test_9,8,17,859,46.3836930661463,44.37916580877806,60000,300,9.740019700002449,9.671875,True
cx0.9_mut0.001,0.9,0.001,test_9,8,18,860,53.5675501726227,51.54232242050733,60000,300,10.273911299998872,10.015625,True
cx0.9_mut0.001,0.9,0.001,test_9,8,19,861,47.81583263673077,45.62820506351195,60000,300,11.040654299999005,10.25,True
cx0.9_mut0.001,0.9,0.001,test_10,9,0,942,47.174333034583036,45.62986877883624,60000,300,10.739339799998561,10.40625,True
cx0.9_mut0.001,0.9,0.001,test_10,9,1,943,42.9981489765115,40.84181243758958,60000,300,10.121930199999042,9.6875,True
cx0.9_mut0.001,0.9,0.001,test_10,9,2,944,45.06115727137898,43.45610221135926,60000,300,10.89041250000082,10.84375,True
cx0.9_mut0.001,0.9,0.001,test_10,9,3,945,52.860649719705854,50.70221878761022,60000,300,8.957015500000125,8.390625,True
cx0.9_mut0.001,0.9,0.001,test_10,9,4,946,41.395408707972784,39.910783045795014,60000,300,13.009366400001454,12.5,True
cx0.9_mut0.001,0.9,0.001,test_10,9,5,947,50.29103068889195,48.3754036211657,60000,300,10.313865200001601,10.125,True
cx0.9_mut0.001,0.9,0.001,test_10,9,6,948,60.859006433900106,58.66300052765445,60000,300,10.695524700000533,10.5625,True
cx0.9_mut0.001,0.9,0.001,test_10,9,7,949,42.288849350599,40.54137852671532,60000,300,14.806725400001596,14.328125,True
cx0.9_mut0.001,0.9,0.001,test_10,9,8,950,38.34245818117186,37.02882885760467,60000,300,10.682992499998363,10.515625,True
cx0.9_mut0.001,0.9,0.001,test_10,9,9,951,38.7839444934872,37.306025947373634,60000,300,11.993197899999359,11.171875,True
cx0.9_mut0.001,0.9,0.001,test_10,9,10,952,45.67693322995995,43.922958232079864,60000,300,10.00050259999989,9.84375,True
cx0.9_mut0.001,0.9,0.001,test_10,9,11,953,48.42085836378247,46.52135561410641,60000,300,9.84845789999963,9.53125,True
cx0.9_mut0.001,0.9,0.001,test_10,9,12,954,52.39496777786811,50.584851619990154,60000,300,12.619166000000405,12.0,True
cx0.9_mut0.001,0.9,0.001,test_10,9,13,955,43.57035891918065,42.027476928519576,60000,300,9.425181899998279,9.296875,True
cx0.9_mut0.001,0.9,0.001,test_10,9,14,956,42.831887851971125,41.26032246848197,60000,300,8.616523600001528,8.5625,True
cx0.9_mut0.001,0.9,0.001,test_10,9,15,957,46.312285861212075,44.63144126568274,60000,300,10.959511900000507,10.25,True
cx0.9_mut0.001,0.9,0.001,test_10,9,16,958,52.72812074377773,50.58442629007071,60000,300,12.029496800001652,11.6875,True
cx0.9_mut0.001,0.9,0.001,test_10,9,17,959,46.88170165066623,45.19834793446806,60000,300,11.116462000001775,10.578125,True
cx0.9_mut0.001,0.9,0.001,test_10,9,18,960,42.84711533807041,41.143491874489236,60000,300,10.058532600000035,9.6875,True
cx0.9_mut0.001,0.9,0.001,test_10,9,19,961,43.10666607066649,41.29952822141397,60000,300,8.454960499999288,8.421875,True
cx0.9_mut0.01,0.9,0.01,test_1,0,0,42,42.88024270399951,41.34963231433106,60000,300,10.023165399998106,9.640625,True
cx0.9_mut0.01,0.9,0.01,test_1,0,1,43,44.361477518809714,42.51910413999951,60000,300,8.6204207999981,8.40625,True
cx0.9_mut0.01,0.9,0.01,test_1,0,2,44,46.260659075834006,44.55297041375504,60000,300,9.681995999999344,9.46875,True
cx0.9_mut0.01,0.9,0.01,test_1,0,3,45,45.253995753470036,43.652238965800755,60000,300,9.919673199998215,9.78125,True
cx0.9_mut0.01,0.9,0.01,test_1,0,4,46,42.59472149833243,40.55344853396161,60000,300,8.533872099997097,8.328125,True
cx0.9_mut0.01,0.9,0.01,test_1,0,5,47,45.43458569886083,43.42238570113909,60000,300,8.047982100000809,8.0,True
cx0.9_mut0.01,0.9,0.01,test_1,0,6,48,43.03705180648387,41.55979246275644,60000,300,8.73927729999923,8.640625,True
cx0.9_mut0.01,0.9,0.01,test_1,0,7,49,47.14093637628802,45.48808694287372,60000,300,8.281955400001607,8.21875,True
cx0.9_mut0.01,0.9,0.01,test_1,0,8,50,41.16122422387871,39.61920804203207,60000,300,9.147752200002287,9.015625,True
cx0.9_mut0.01,0.9,0.01,test_1,0,9,51,48.704077691419776,47.020875019672324,60000,300,8.926352499998757,8.890625,True
cx0.9_mut0.01,0.9,0.01,test_1,0,10,52,48.427989951506675,46.590863625721646,60000,300,8.4389869000006,8.375,True
cx0.9_mut0.01,0.9,0.01,test_1,0,11,53,41.13775018570827,39.64945435345807,60000,300,8.607238799999323,8.515625,True
cx0.9_mut0.01,0.9,0.01,test_1,0,12,54,43.69766458578492,42.17889717616542,60000,300,11.924098399998911,11.8125,True
cx0.9_mut0.01,0.9,0.01,test_1,0,13,55,37.83001214904375,36.13327839400522,60000,300,9.254136200001085,9.15625,True
cx0.9_mut0.01,0.9,0.01,test_1,0,14,56,45.93350498680373,44.13748765400314,60000,300,7.626396699997713,7.609375,True
cx0.9_mut0.01,0.9,0.01,test_1,0,15,57,42.67178910526141,41.082131212803475,60000,300,8.263532999997551,8.1875,True
cx0.9_mut0.01,0.9,0.01,test_1,0,16,58,42.246024312963314,40.556164539189645,60000,300,9.171016000000236,9.09375,True
cx0.9_mut0.01,0.9,0.01,test_1,0,17,59,41.96885188813646,40.505430828552576,60000,300,8.075434299997141,8.0625,True
cx0.9_mut0.01,0.9,0.01,test_1,0,18,60,38.84585106425305,37.23452658084899,60000,300,9.380610899999738,9.234375,True
cx0.9_mut0.01,0.9,0.01,test_1,0,19,61,42.82920694184719,41.00317713212701,60000,300,8.057351500003278,7.984375,True
cx0.9_mut0.01,0.9,0.01,test_2,1,0,142,39.17017503378367,37.68848620252509,60000,300,8.168613099998765,8.125,True
cx0.9_mut0.01,0.9,0.01,test_2,1,1,143,38.69742753554068,36.92598390282459,60000,300,9.49159150000196,9.375,True
cx0.9_mut0.01,0.9,0.01,test_2,1,2,144,40.30596699632373,38.55498543845869,60000,300,9.944809299999179,9.703125,True
cx0.9_mut0.01,0.9,0.01,test_2,1,3,145,36.76381966442645,35.300784100260444,60000,300,9.920464399998309,9.796875,True
cx0.9_mut0.01,0.9,0.01,test_2,1,4,146,44.476376208985236,42.88599062250458,60000,300,8.56298329999845,8.5,True
cx0.9_mut0.01,0.9,0.01,test_2,1,5,147,38.43064516261488,37.19505450834628,60000,300,11.633183300000383,11.609375,True
cx0.9_mut0.01,0.9,0.01,test_2,1,6,148,37.06305499008053,35.70753143472136,60000,300,10.852193399998214,10.78125,True
cx0.9_mut0.01,0.9,0.01,test_2,1,7,149,36.22206360271273,34.611867041808196,60000,300,9.444561799999065,9.234375,True
cx0.9_mut0.01,0.9,0.01,test_2,1,8,150,35.15915765779492,33.607851447838094,60000,300,8.470941600000515,8.375,True
cx0.9_mut0.01,0.9,0.01,test_2,1,9,151,38.67269413969987,37.10108721730764,60000,300,11.312963799999125,11.234375,True
cx0.9_mut0.01,0.9,0.01,test_2,1,10,152,38.215316123095526,36.731271232999184,60000,300,12.695508200002223,12.390625,True
cx0.9_mut0.01,0.9,0.01,test_2,1,11,153,38.53058985586974,36.878077350241654,60000,300,8.362931800002116,8.3125,True
cx0.9_mut0.01,0.9,0.01,test_2,1,12,154,46.58334068865408,45.0104757292194,60000,300,7.982548700001644,7.921875,True
cx0.9_mut0.01,0.9,0.01,test_2,1,13,155,36.60379722478353,35.07294970464898,60000,300,13.915634900000441,13.78125,True
cx0.9_mut0.01,0.9,0.01,test_2,1,14,156,40.39362396345894,38.72422839696194,60000,300,10.897678900000756,10.8125,True
cx0.9_mut0.01,0.9,0.01,test_2,1,15,157,37.28006304488512,35.39299774347991,60000,300,15.41102100000353,15.0625,True
cx0.9_mut0.01,0.9,0.01,test_2,1,16,158,38.74600647699079,36.80914143959861,60000,300,11.66776690000188,10.9375,True
cx0.9_mut0.01,0.9,0.01,test_2,1,17,159,39.915409694185215,38.34896220824505,60000,300,10.10765370000081,9.53125,True
cx0.9_mut0.01,0.9,0.01,test_2,1,18,160,38.406115640759744,36.9341004803081,60000,300,11.732621699997253,11.453125,True
cx0.9_mut0.01,0.9,0.01,test_2,1,19,161,36.06330228427582,34.4777666189648,60000,300,10.146889600000577,9.9375,True
cx0.9_mut0.01,0.9,0.01,test_3,2,0,242,35.27751045054478,33.681779620896435,60000,300,11.714783999999781,11.25,True
cx0.9_mut0.01,0.9,0.01,test_3,2,1,243,41.75356395734189,39.764843432296765,60000,300,16.51017850000062,16.234375,True
cx0.9_mut0.01,0.9,0.01,test_3,2,2,244,40.743548524380586,39.26317364627291,60000,300,10.205694100000983,9.9375,True
cx0.9_mut0.01,0.9,0.01,test_3,2,3,245,37.70498740277573,35.85200710616389,60000,300,13.894727700000658,13.359375,True
cx0.9_mut0.01,0.9,0.01,test_3,2,4,246,45.30884415363067,43.694039232474374,60000,300,13.023752600001899,12.6875,True
cx0.9_mut0.01,0.9,0.01,test_3,2,5,247,38.12701709681995,36.63587878560593,60000,300,11.19474469999841,10.734375,True
cx0.9_mut0.01,0.9,0.01,test_3,2,6,248,36.92871995719819,35.13556205059818,60000,300,10.22457310000027,10.015625,True
cx0.9_mut0.01,0.9,0.01,test_3,2,7,249,37.647293361558845,35.541290677926675,60000,300,15.472536799999943,14.703125,True
cx0.9_mut0.01,0.9,0.01,test_3,2,8,250,41.51407385770999,39.59877304295031,60000,300,11.269758899998124,10.921875,True
cx0.9_mut0.01,0.9,0.01,test_3,2,9,251,43.24513669975069,41.286420729013734,60000,300,12.13057839999965,11.6875,True
cx0.9_mut0.01,0.9,0.01,test_3,2,10,252,34.895597870538865,33.43094928493885,60000,300,9.885264600001392,9.84375,True
cx0.9_mut0.01,0.9,0.01,test_3,2,11,253,43.286310223761,41.504982303433096,60000,300,9.23087310000119,9.0625,True
cx0.9_mut0.01,0.9,0.01,test_3,2,12,254,42.96909352858823,41.00171786273134,60000,300,12.918534000000363,12.796875,True
cx0.9_mut0.01,0.9,0.01,test_3,2,13,255,37.0822157279799,35.128363399129825,60000,300,13.807926900000894,13.65625,True
cx0.9_mut0.01,0.9,0.01,test_3,2,14,256,37.25296940829901,35.68937799312059,60000,300,10.001812999998947,9.875,True
cx0.9_mut0.01,0.9,0.01,test_3,2,15,257,38.03369783703546,36.24752643862853,60000,300,11.618622599999071,11.234375,True
cx0.9_mut0.01,0.9,0.01,test_3,2,16,258,37.368392537002705,35.844966775750535,60000,300,10.050948500000231,9.859375,True
cx0.9_mut0.01,0.9,0.01,test_3,2,17,259,34.54011657535328,33.15223658040075,60000,300,9.00067620000118,8.828125,True
cx0.9_mut0.01,0.9,0.01,test_3,2,18,260,36.79101400767054,35.18536649117571,60000,300,10.96996819999913,10.8125,True
cx0.9_mut0.01,0.9,0.01,test_3,2,19,261,42.24784434749424,40.48350055556135,60000,300,10.73402730000089,10.5625,True
cx0.9_mut0.01,0.9,0.01,test_4,3,0,342,34.64688093433294,32.753534734242045,60000,300,13.877698999996937,13.765625,True
cx0.9_mut0.01,0.9,0.01,test_4,3,1,343,38.25801561692519,36.67251398467312,60000,300,12.999702400000388,12.875,True
cx0.9_mut0.01,0.9,0.01,test_4,3,2,344,43.448576192581776,42.241818555462395,60000,300,10.934739000000263,10.828125,True
cx0.9_mut0.01,0.9,0.01,test_4,3,3,345,30.07388249112504,28.550126619669552,60000,300,13.630819100002554,13.34375,True
cx0.9_mut0.01,0.9,0.01,test_4,3,4,346,36.417174496969665,34.79975377303348,60000,300,9.116334400001506,8.921875,True
cx0.9_mut0.01,0.9,0.01,test_4,3,5,347,35.132514431498755,33.47716989463437,60000,300,10.665783499996905,10.53125,True
cx0.9_mut0.01,0.9,0.01,test_4,3,6,348,34.30894527147072,32.694351562933214,60000,300,10.657182800001465,10.5,True
cx0.9_mut0.01,0.9,0.01,test_4,3,7,349,33.364512151946414,31.785504085152564,60000,300,10.258002399998077,9.765625,True
cx0.9_mut0.01,0.9,0.01,test_4,3,8,350,34.21237847952959,33.02297352045515,60000,300,13.87516659999892,13.6875,True
cx0.9_mut0.01,0.9,0.01,test_4,3,9,351,38.356394792122835,36.87227000013172,60000,300,9.754380800000945,9.390625,True
cx0.9_mut0.01,0.9,0.01,test_4,3,10,352,33.13827301312893,31.736718663510167,60000,300,9.290205200002674,9.03125,True
cx0.9_mut0.01,0.9,0.01,test_4,3,11,353,36.20477869263457,34.596004902156324,60000,300,10.797194900002069,10.53125,True
cx0.9_mut0.01,0.9,0.01,test_4,3,12,354,38.97008150748015,37.24001043401462,60000,300,11.364300699999148,11.15625,True
cx0.9_mut0.01,0.9,0.01,test_4,3,13,355,33.271850656489654,31.952906359115065,60000,300,10.805943299998034,10.625,True
cx0.9_mut0.01,0.9,0.01,test_4,3,14,356,43.14393925981445,41.58569483389246,60000,300,11.637852199997724,11.28125,True
cx0.9_mut0.01,0.9,0.01,test_4,3,15,357,36.51755747503677,34.69931525287592,60000,300,14.718940899998415,14.40625,True
cx0.9_mut0.01,0.9,0.01,test_4,3,16,358,31.28241194918585,29.92594588256462,60000,300,9.53694969999924,9.265625,True
cx0.9_mut0.01,0.9,0.01,test_4,3,17,359,32.63231215894251,30.999416876422984,60000,300,9.8461427000002,9.78125,True
cx0.9_mut0.01,0.9,0.01,test_4,3,18,360,31.75626429930496,30.594787942511495,60000,300,11.541616400001658,11.40625,True
cx0.9_mut0.01,0.9,0.01,test_4,3,19,361,33.246551740781925,31.572726315300933,60000,300,12.363845799998671,12.03125,True
cx0.9_mut0.01,0.9,0.01,test_5,4,0,442,40.29308046835409,38.667634886657616,60000,300,11.419066599999496,11.25,True
cx0.9_mut0.01,0.9,0.01,test_5,4,1,443,42.778745871843604,40.86070252248461,60000,300,10.251917499997944,9.984375,True
cx0.9_mut0.01,0.9,0.01,test_5,4,2,444,36.67632962005896,35.023918031422326,60000,300,10.751404200000252,10.609375,True
cx0.9_mut0.01,0.9,0.01,test_5,4,3,445,44.11990452827819,42.71286393732804,60000,300,11.248136800000793,10.8125,True
cx0.9_mut0.01,0.9,0.01,test_5,4,4,446,44.40961293428944,42.78669543705088,60000,300,11.805320100000245,11.6875,True
cx0.9_mut0.01,0.9,0.01,test_5,4,5,447,48.522745732757286,46.79906820655577,60000,300,9.891636300002574,9.75,True
cx0.9_mut0.01,0.9,0.01,test_5,4,6,448,36.09625277926427,34.56462232815854,60000,300,12.114769899999374,11.953125,True
cx0.9_mut0.01,0.9,0.01,test_5,4,7,449,37.56143703825469,36.00151921518859,60000,300,10.300900599999295,10.0,True
cx0.9_mut0.01,0.9,0.01,test_5,4,8,450,40.94127856229676,39.32135754209688,60000,300,11.83924499999921,11.53125,True
cx0.9_mut0.01,0.9,0.01,test_5,4,9,451,52.07767872107583,50.34978096853085,60000,300,15.039723199999571,14.765625,True
cx0.9_mut0.01,0.9,0.01,test_5,4,10,452,37.67548007415842,36.10621544821586,60000,300,10.36749829999826,10.15625,True
cx0.9_mut0.01,0.9,0.01,test_5,4,11,453,41.06128053494014,39.40806100811523,60000,300,10.748942199999874,10.4375,True
cx0.9_mut0.01,0.9,0.01,test_5,4,12,454,39.75285795450383,37.97992570629714,60000,300,10.483347299999878,10.140625,True
cx0.9_mut0.01,0.9,0.01,test_5,4,13,455,43.05163465391862,41.16996022986017,60000,300,13.165808599998854,12.390625,True
cx0.9_mut0.01,0.9,0.01,test_5,4,14,456,45.29829949368335,43.68831589625213,60000,300,10.206024899998738,9.890625,True
cx0.9_mut0.01,0.9,0.01,test_5,4,15,457,50.897368688787004,49.35434220890278,60000,300,10.667726899999252,10.1875,True
cx0.9_mut0.01,0.9,0.01,test_5,4,16,458,37.68468671432878,36.05488287992729,60000,300,9.629380599999422,9.234375,True
cx0.9_mut0.01,0.9,0.01,test_5,4,17,459,42.33300017182046,40.67938165512796,60000,300,9.9433695000007,9.484375,True
cx0.9_mut0.01,0.9,0.01,test_5,4,18,460,48.99657737535758,47.57476890413433,60000,300,12.669644199999311,12.03125,True
cx0.9_mut0.01,0.9,0.01,test_5,4,19,461,35.77988211522527,34.30151913286757,60000,300,12.783886299999722,12.265625,True
cx0.9_mut0.01,0.9,0.01,test_6,5,0,542,41.56490343843791,39.755236006140954,60000,300,11.567057000000204,11.265625,True
cx0.9_mut0.01,0.9,0.01,test_6,5,1,543,42.3546513331041,40.74636573448839,60000,300,13.22991820000243,12.84375,True
cx0.9_mut0.01,0.9,0.01,test_6,5,2,544,38.81725724443088,36.847340705997325,60000,300,16.89802320000308,15.359375,True
cx0.9_mut0.01,0.9,0.01,test_6,5,3,545,36.715628977602854,35.040523665297826,60000,300,13.305785199998354,12.875,True
cx0.9_mut0.01,0.9,0.01,test_6,5,4,546,44.02212625487259,42.583334301421274,60000,300,9.954985199998191,9.28125,True
cx0.9_mut0.01,0.9,0.01,test_6,5,5,547,39.94552250255633,38.218235737746404,60000,300,14.683515100001387,14.375,True
cx0.9_mut0.01,0.9,0.01,test_6,5,6,548,39.596709210888484,38.05248768630833,60000,300,11.440860900002008,10.5,True
cx0.9_mut0.01,0.9,0.01,test_6,5,7,549,34.1826822620252,32.51668720852785,60000,300,11.402757300002122,10.953125,True
cx0.9_mut0.01,0.9,0.01,test_6,5,8,550,44.052832237538354,42.588363298335906,60000,300,12.047241600001144,11.0625,True
cx0.9_mut0.01,0.9,0.01,test_6,5,9,551,44.60488661630031,43.22482768019601,60000,300,10.207934000001842,9.71875,True
cx0.9_mut0.01,0.9,0.01,test_6,5,10,552,44.647496025856725,42.954838959089564,60000,300,13.007097000001522,12.625,True
cx0.9_mut0.01,0.9,0.01,test_6,5,11,553,36.67114290024809,35.344931102502805,60000,300,12.632609199998114,12.328125,True
cx0.9_mut0.01,0.9,0.01,test_6,5,12,554,34.20195708166316,32.611614795850585,60000,300,12.792029899999761,12.59375,True
cx0.9_mut0.01,0.9,0.01,test_6,5,13,555,47.81867009803852,46.04264938712948,60000,300,11.816566599998623,11.5625,True
cx0.9_mut0.01,0.9,0.01,test_6,5,14,556,42.783539445874595,41.347549041885564,60000,300,14.728741899998568,14.53125,True
cx0.9_mut0.01,0.9,0.01,test_6,5,15,557,45.283283178266906,43.71720121364826,60000,300,12.2495471000002,12.125,True
cx0.9_mut0.01,0.9,0.01,test_6,5,16,558,33.153534346025126,32.01673365067633,60000,300,11.00284610000017,10.859375,True
cx0.9_mut0.01,0.9,0.01,test_6,5,17,559,49.61349595115855,48.0612896748353,60000,300,14.444331700000475,14.015625,True
cx0.9_mut0.01,0.9,0.01,test_6,5,18,560,41.07633793539995,39.355624059177956,60000,300,13.779493399997591,13.46875,True
cx0.9_mut0.01,0.9,0.01,test_6,5,19,561,37.56650523083432,35.76813306093398,60000,300,14.653151599999546,14.5625,True
cx0.9_mut0.01,0.9,0.01,test_7,6,0,642,41.50586525972722,39.76184928155224,60000,300,13.60680709999724,13.3125,True
cx0.9_mut0.01,0.9,0.01,test_7,6,1,643,39.797193932982445,38.28536868440069,60000,300,12.895506299999397,12.59375,True
cx0.9_mut0.01,0.9,0.01,test_7,6,2,644,43.82432859559955,42.08875253024423,60000,300,10.23374960000001,9.984375,True
cx0.9_mut0.01,0.9,0.01,test_7,6,3,645,32.64732189278416,31.07955610240365,60000,300,10.119797200000903,9.734375,True
cx0.9_mut0.01,0.9,0.01,test_7,6,4,646,41.58561552743769,39.44168865700014,60000,300,11.878204399999959,11.359375,True
cx0.9_mut0.01,0.9,0.01,test_7,6,5,647,45.04978193484605,42.67399942726809,60000,300,12.871073800000886,12.59375,True
cx0.9_mut0.01,0.9,0.01,test_7,6,6,648,43.788743250663956,41.927051359553005,60000,300,9.319962800000212,9.09375,True
cx0.9_mut0.01,0.9,0.01,test_7,6,7,649,35.337033168745506,33.70260882539337,60000,300,10.37199949999922,10.015625,True
cx0.9_mut0.01,0.9,0.01,test_7,6,8,650,39.237003499717524,37.480134980302964,60000,300,10.642060700000002,10.453125,True
cx0.9_mut0.01,0.9,0.01,test_7,6,9,651,43.60868115220961,41.863965833463524,60000,300,9.980530299999373,9.703125,True
cx0.9_mut0.01,0.9,0.01,test_7,6,10,652,41.403294251060764,39.60399732839264,60000,300,10.236632500000269,9.921875,True
cx0.9_mut0.01,0.9,0.01,test_7,6,11,653,39.111065357946885,37.541466838708054,60000,300,13.755867500000022,13.359375,True
cx0.9_mut0.01,0.9,0.01,test_7,6,12,654,44.16599394601346,42.19170158752438,60000,300,10.081005100000766,9.9375,True
cx0.9_mut0.01,0.9,0.01,test_7,6,13,655,37.28040857604049,35.34534870496197,60000,300,12.032548099999985,11.859375,True
cx0.9_mut0.01,0.9,0.01,test_7,6,14,656,45.547023440966015,43.31103074198721,60000,300,13.254469600000448,13.0625,True
cx0.9_mut0.01,0.9,0.01,test_7,6,15,657,43.116278343968375,41.09408727217482,60000,300,12.371318900000915,12.296875,True
cx0.9_mut0.01,0.9,0.01,test_7,6,16,658,34.30976957960206,32.64919618314782,60000,300,14.231372300000658,13.90625,True
cx0.9_mut0.01,0.9,0.01,test_7,6,17,659,39.578427430646876,37.99476050287351,60000,300,11.029767799998808,10.875,True
cx0.9_mut0.01,0.9,0.01,test_7,6,18,660,35.02807244942913,33.32387711386069,60000,300,13.360348899997916,13.125,True
cx0.9_mut0.01,0.9,0.01,test_7,6,19,661,37.97013765571881,36.498795099167964,60000,300,9.860818199998903,9.65625,True
cx0.9_mut0.01,0.9,0.01,test_8,7,0,742,35.83817030582488,33.735565891163965,60000,300,15.205709399997431,14.796875,True
cx0.9_mut0.01,0.9,0.01,test_8,7,1,743,30.762933816145775,29.02931559128355,60000,300,14.635577600001852,14.4375,True
cx0.9_mut0.01,0.9,0.01,test_8,7,2,744,40.335917815268765,38.54228098013233,60000,300,11.261828700000478,10.859375,True
cx0.9_mut0.01,0.9,0.01,test_8,7,3,745,33.74579254730619,32.021715043631595,60000,300,12.319200599999022,12.046875,True
cx0.9_mut0.01,0.9,0.01,test_8,7,4,746,36.72295586555045,35.0932903735117,60000,300,14.26568739999857,13.921875,True
cx0.9_mut0.01,0.9,0.01,test_8,7,5,747,38.34414778383678,36.43794497596826,60000,300,12.62512659999993,12.1875,True
cx0.9_mut0.01,0.9,0.01,test_8,7,6,748,40.94932559224456,39.010585791415615,60000,300,12.793635199999699,12.515625,True
cx0.9_mut0.01,0.9,0.01,test_8,7,7,749,34.67921469092263,32.94247511176759,60000,300,13.357656500000303,13.046875,True
cx0.9_mut0.01,0.9,0.01,test_8,7,8,750,36.448060523917974,34.55089958706853,60000,300,14.3267010999989,14.015625,True
cx0.9_mut0.01,0.9,0.01,test_8,7,9,751,37.51594624450223,35.951203872534414,60000,300,14.377253600003314,13.9375,True
cx0.9_mut0.01,0.9,0.01,test_8,7,10,752,33.776522730527795,32.13195154968778,60000,300,9.750674399998388,9.4375,True
cx0.9_mut0.01,0.9,0.01,test_8,7,11,753,39.84716051986287,37.952865463702906,60000,300,11.15758569999889,11.0,True
cx0.9_mut0.01,0.9,0.01,test_8,7,12,754,33.36840494180772,31.87256947542329,60000,300,13.110499700000219,12.921875,True
cx0.9_mut0.01,0.9,0.01,test_8,7,13,755,38.77938003912244,37.097884301161486,60000,300,12.216721799999505,11.984375,True
cx0.9_mut0.01,0.9,0.01,test_8,7,14,756,42.292762559812225,40.63116634789054,60000,300,11.281984199998988,11.125,True
cx0.9_mut0.01,0.9,0.01,test_8,7,15,757,36.566273743072216,35.0938812178594,60000,300,11.550284699998883,11.515625,True
cx0.9_mut0.01,0.9,0.01,test_8,7,16,758,36.11542587876505,34.56496057935423,60000,300,11.576852400001371,11.390625,True
cx0.9_mut0.01,0.9,0.01,test_8,7,17,759,38.54427114759452,36.96348509586007,60000,300,10.778399500002706,10.65625,True
cx0.9_mut0.01,0.9,0.01,test_8,7,18,760,38.74523129584655,37.32074473400724,60000,300,10.910553699999582,10.8125,True
cx0.9_mut0.01,0.9,0.01,test_8,7,19,761,35.487944553024455,33.84275510794786,60000,300,15.513725100001466,15.03125,True
cx0.9_mut0.01,0.9,0.01,test_9,8,0,842,43.20804303497442,41.498510380978615,60000,300,11.897126100000605,11.84375,True
cx0.9_mut0.01,0.9,0.01,test_9,8,1,843,40.51658668605207,39.08744555086754,60000,300,12.000080899997556,11.921875,True
cx0.9_mut0.01,0.9,0.01,test_9,8,2,844,37.82531283874777,36.15386802756641,60000,300,9.462355800002115,9.375,True
cx0.9_mut0.01,0.9,0.01,test_9,8,3,845,39.29429756801969,37.73803768973089,60000,300,11.996735600001557,11.921875,True
cx0.9_mut0.01,0.9,0.01,test_9,8,4,846,39.168348077921856,37.723462310979556,60000,300,9.884962300002371,9.359375,True
cx0.9_mut0.01,0.9,0.01,test_9,8,5,847,36.62861149069815,35.149800155194825,60000,300,10.530566500001441,10.046875,True
cx0.9_mut0.01,0.9,0.01,test_9,8,6,848,39.80457152749553,38.38526973680869,60000,300,11.236710599998332,11.09375,True
cx0.9_mut0.01,0.9,0.01,test_9,8,7,849,49.64091078397919,48.18224218779391,60000,300,11.58962099999917,11.421875,True
cx0.9_mut0.01,0.9,0.01,test_9,8,8,850,40.659292286874276,39.061358213816845,60000,300,9.736486100002367,9.578125,True
cx0.9_mut0.01,0.9,0.01,test_9,8,9,851,38.721226205804584,36.961054697480805,60000,300,10.728163299998414,10.625,True
cx0.9_mut0.01,0.9,0.01,test_9,8,10,852,37.09094413770346,35.44010228616443,60000,300,12.331257399997412,12.1875,True
cx0.9_mut0.01,0.9,0.01,test_9,8,11,853,41.28887198828401,39.732445148701835,60000,300,12.725297100001626,12.671875,True
cx0.9_mut0.01,0.9,0.01,test_9,8,12,854,38.83843526548217,37.493512656424556,60000,300,10.531980599997041,10.46875,True
cx0.9_mut0.01,0.9,0.01,test_9,8,13,855,35.1368359941817,33.701771706241516,60000,300,8.72478019999835,8.703125,True
cx0.9_mut0.01,0.9,0.01,test_9,8,14,856,42.28682163366305,40.9203634713263,60000,300,11.049573000000237,11.0,True
cx0.9_mut0.01,0.9,0.01,test_9,8,15,857,36.49603038537232,35.029114143553855,60000,300,10.923527799997828,10.859375,True
cx0.9_mut0.01,0.9,0.01,test_9,8,16,858,42.6579243287586,41.33424787668375,60000,300,8.577616200000193,8.53125,True
cx0.9_mut0.01,0.9,0.01,test_9,8,17,859,44.840342886615026,43.39382087819042,60000,300,11.518631500002812,11.140625,True
cx0.9_mut0.01,0.9,0.01,test_9,8,18,860,40.90054248159732,39.6848886712272,60000,300,10.599107199999708,10.1875,True
cx0.9_mut0.01,0.9,0.01,test_9,8,19,861,42.89652439696931,41.16667752185267,60000,300,13.42564620000121,12.3125,True
cx0.9_mut0.01,0.9,0.01,test_10,9,0,942,43.17939059191715,41.414791620816956,60000,300,11.057295499998872,10.59375,True
cx0.9_mut0.01,0.9,0.01,test_10,9,1,943,40.051887199110716,38.417719812940305,60000,300,12.29367739999725,11.828125,True
cx0.9_mut0.01,0.9,0.01,test_10,9,2,944,41.01541425821549,38.84379740241119,60000,300,9.382687199999054,9.25,True
cx0.9_mut0.01,0.9,0.01,test_10,9,3,945,37.970116267813125,36.27709720926642,60000,300,9.428590899999108,9.125,True
cx0.9_mut0.01,0.9,0.01,test_10,9,4,946,40.43375135485528,38.13781304802194,60000,300,10.945825999999215,10.4375,True
cx0.9_mut0.01,0.9,0.01,test_10,9,5,947,38.92856984598999,37.09739464375767,60000,300,12.20494790000157,12.0,True
cx0.9_mut0.01,0.9,0.01,test_10,9,6,948,43.68086310696652,42.47576719385247,60000,300,8.792248199999449,8.609375,True
cx0.9_mut0.01,0.9,0.01,test_10,9,7,949,38.049891229397666,36.4250380944189,60000,300,9.559663200001523,9.140625,True
cx0.9_mut0.01,0.9,0.01,test_10,9,8,950,42.855235271251125,41.20336879680111,60000,300,12.458970100000442,12.265625,True
cx0.9_mut0.01,0.9,0.01,test_10,9,9,951,33.77859011147012,32.16014294074513,60000,300,12.406855799999903,11.25,True
cx0.9_mut0.01,0.9,0.01,test_10,9,10,952,37.07671887359573,35.55102089442529,60000,300,11.822722599998087,11.6875,True
cx0.9_mut0.01,0.9,0.01,test_10,9,11,953,35.643896963727265,34.33837987155614,60000,300,9.953316400002223,9.609375,True
cx0.9_mut0.01,0.9,0.01,test_10,9,12,954,39.73890476610237,38.05965400524769,60000,300,11.627515699998185,10.84375,True
cx0.9_mut0.01,0.9,0.01,test_10,9,13,955,35.642577242538074,33.96358256244127,60000,300,9.246075500002917,9.078125,True
cx0.9_mut0.01,0.9,0.01,test_10,9,14,956,38.63720532918093,37.208338586441826,60000,300,9.157047299999249,9.109375,True
cx0.9_mut0.01,0.9,0.01,test_10,9,15,957,33.7260772281399,32.64061717306055,60000,300,10.808086599998205,10.109375,True
cx0.9_mut0.01,0.9,0.01,test_10,9,16,958,33.35679287931645,31.549143566544174,60000,300,11.027724400002626,10.703125,True
cx0.9_mut0.01,0.9,0.01,test_10,9,17,959,43.76638481617638,42.51364279309919,60000,300,13.718907700000273,13.0,True
cx0.9_mut0.01,0.9,0.01,test_10,9,18,960,33.96227831981281,32.356249505414254,60000,300,10.414151500001026,10.03125,True
cx0.9_mut0.01,0.9,0.01,test_10,9,19,961,39.2652525111884,37.55879757165911,60000,300,8.158612799998082,8.140625,True
cx0.9_mut0.05,0.9,0.05,test_1,0,0,42,41.18027810312352,39.43090154617379,60000,300,10.363991700000042,10.015625,True
cx0.9_mut0.05,0.9,0.05,test_1,0,1,43,36.43355574986475,34.946043380080866,60000,300,7.248838099996647,7.15625,True
cx0.9_mut0.05,0.9,0.05,test_1,0,2,44,32.65192134087942,31.331550393892613,60000,300,10.914817400000175,10.796875,True
cx0.9_mut0.05,0.9,0.05,test_1,0,3,45,48.00552112451784,46.51744718725924,60000,300,11.590993699999672,11.390625,True
cx0.9_mut0.05,0.9,0.05,test_1,0,4,46,33.52731866793607,32.186116618691614,60000,300,7.897419499997341,7.796875,True
cx0.9_mut0.05,0.9,0.05,test_1,0,5,47,44.060203499614204,41.99923459244557,60000,300,9.324971199999709,9.28125,True
cx0.9_mut0.05,0.9,0.05,test_1,0,6,48,38.401449787622234,37.105804161417,60000,300,8.21774699999878,8.09375,True
cx0.9_mut0.05,0.9,0.05,test_1,0,7,49,40.00675424031972,38.441967124012535,60000,300,7.850986699999339,7.796875,True
cx0.9_mut0.05,0.9,0.05,test_1,0,8,50,46.19462817184792,44.39522379749485,60000,300,8.619443200001115,8.515625,True
cx0.9_mut0.05,0.9,0.05,test_1,0,9,51,40.677011102768,39.138348986458176,60000,300,8.717180600000574,8.640625,True
cx0.9_mut0.05,0.9,0.05,test_1,0,10,52,39.87180025607357,38.1415255135243,60000,300,9.644603400000051,9.65625,True
cx0.9_mut0.05,0.9,0.05,test_1,0,11,53,39.146158733528225,37.78781814285499,60000,300,10.048459900001035,10.0,True
cx0.9_mut0.05,0.9,0.05,test_1,0,12,54,35.383862613697914,33.93514024410987,60000,300,7.674430399998528,7.625,True
cx0.9_mut0.05,0.9,0.05,test_1,0,13,55,34.61075869032425,33.15375519820166,60000,300,9.238917200000287,9.1875,True
cx0.9_mut0.05,0.9,0.05,test_1,0,14,56,39.64648788605873,37.96284103111338,60000,300,7.490388900001562,7.453125,True
cx0.9_mut0.05,0.9,0.05,test_1,0,15,57,37.21637935479556,35.812702446983245,60000,300,10.216799899997568,10.15625,True
cx0.9_mut0.05,0.9,0.05,test_1,0,16,58,38.12880103745051,36.415138166141105,60000,300,9.049393199999031,8.96875,True
cx0.9_mut0.05,0.9,0.05,test_1,0,17,59,41.37379298284621,39.235377020701385,60000,300,8.544956999998249,8.46875,True
cx0.9_mut0.05,0.9,0.05,test_1,0,18,60,37.49685566499053,36.23457689700291,60000,300,10.976664100002381,10.84375,True
cx0.9_mut0.05,0.9,0.05,test_1,0,19,61,44.594197306294205,43.1605896095079,60000,300,8.085301800001616,7.90625,True
cx0.9_mut0.05,0.9,0.05,test_2,1,0,142,35.58895669946137,34.254802452592045,60000,300,9.457249299997784,9.390625,True
cx0.9_mut0.05,0.9,0.05,test_2,1,1,143,34.84727349450939,33.40587536194384,60000,300,7.649229700000433,7.609375,True
cx0.9_mut0.05,0.9,0.05,test_2,1,2,144,33.651517965419686,31.97401766013057,60000,300,11.714651799997227,11.484375,True
cx0.9_mut0.05,0.9,0.05,test_2,1,3,145,36.49699070934264,35.153907999433436,60000,300,8.011945899997954,7.828125,True
cx0.9_mut0.05,0.9,0.05,test_2,1,4,146,34.58061084681552,33.06350340841675,60000,300,8.297408800000994,8.265625,True
cx0.9_mut0.05,0.9,0.05,test_2,1,5,147,34.609001754334635,33.1382442850997,60000,300,8.800852899999882,8.734375,True
cx0.9_mut0.05,0.9,0.05,test_2,1,6,148,35.885422184833146,34.347586546665724,60000,300,9.112594300000637,9.046875,True
cx0.9_mut0.05,0.9,0.05,test_2,1,7,149,32.590953612972854,30.99657520587044,60000,300,11.033967999999732,10.90625,True
cx0.9_mut0.05,0.9,0.05,test_2,1,8,150,37.93845174484221,36.28871739626903,60000,300,12.431847300002119,12.21875,True
cx0.9_mut0.05,0.9,0.05,test_2,1,9,151,41.02866312614666,39.65295700784317,60000,300,10.971237800000381,10.890625,True
cx0.9_mut0.05,0.9,0.05,test_2,1,10,152,39.17551084184733,37.45496126162597,60000,300,8.507885600000009,8.25,True
cx0.9_mut0.05,0.9,0.05,test_2,1,11,153,32.85394518683992,31.60904513691345,60000,300,8.618390200001159,8.515625,True
cx0.9_mut0.05,0.9,0.05,test_2,1,12,154,36.72177825156197,35.45077488252969,60000,300,9.176944700000604,9.09375,True
cx0.9_mut0.05,0.9,0.05,test_2,1,13,155,36.9961274399283,35.289929984431865,60000,300,9.10961849999876,9.078125,True
cx0.9_mut0.05,0.9,0.05,test_2,1,14,156,34.58627280204026,33.140467479480606,60000,300,9.40193790000194,9.390625,True
cx0.9_mut0.05,0.9,0.05,test_2,1,15,157,34.28612652760722,32.66846136255674,60000,300,12.804555399998208,12.421875,True
cx0.9_mut0.05,0.9,0.05,test_2,1,16,158,30.616998165654778,29.17417958090532,60000,300,12.639025600001332,11.921875,True
cx0.9_mut0.05,0.9,0.05,test_2,1,17,159,34.03142189520836,32.49712574186146,60000,300,8.817608699999255,8.25,True
cx0.9_mut0.05,0.9,0.05,test_2,1,18,160,39.71878873421682,38.41286913211079,60000,300,8.776699100002588,8.59375,True
cx0.9_mut0.05,0.9,0.05,test_2,1,19,161,34.029261968556554,32.69119946049458,60000,300,11.099614900002052,10.796875,True
cx0.9_mut0.05,0.9,0.05,test_3,2,0,242,36.29195498494957,34.56801270035051,60000,300,12.789205699999002,12.34375,True
cx0.9_mut0.05,0.9,0.05,test_3,2,1,243,34.10659947167048,32.52023873170347,60000,300,11.212876600002346,11.109375,True
cx0.9_mut0.05,0.9,0.05,test_3,2,2,244,34.50738915586716,32.98916090356739,60000,300,12.685357400001521,12.265625,True
cx0.9_mut0.05,0.9,0.05,test_3,2,3,245,35.81667556758367,34.56009426000493,60000,300,10.1831044999999,9.640625,True
cx0.9_mut0.05,0.9,0.05,test_3,2,4,246,37.67833776963356,36.2696499910539,60000,300,10.00245939999877,9.734375,True
cx0.9_mut0.05,0.9,0.05,test_3,2,5,247,34.92017781394543,33.13730572864511,60000,300,11.036335999997391,10.59375,True
cx0.9_mut0.05,0.9,0.05,test_3,2,6,248,44.98963132381333,43.24407231274225,60000,300,13.14246660000208,12.6875,True
cx0.9_mut0.05,0.9,0.05,test_3,2,7,249,36.531763116987605,34.87296384669939,60000,300,11.482559800002491,11.015625,True
cx0.9_mut0.05,0.9,0.05,test_3,2,8,250,37.717426245542335,36.27649477937523,60000,300,13.870027400000254,13.421875,True
cx0.9_mut0.05,0.9,0.05,test_3,2,9,251,35.52585398123893,33.96762658127096,60000,300,11.303508800003328,10.828125,True
cx0.9_mut0.05,0.9,0.05,test_3,2,10,252,37.83724027401054,35.92226496577786,60000,300,12.453622899996844,12.28125,True
cx0.9_mut0.05,0.9,0.05,test_3,2,11,253,33.62727126873278,31.974387008423804,60000,300,10.506697799999529,10.359375,True
cx0.9_mut0.05,0.9,0.05,test_3,2,12,254,30.817187010812113,29.526861486475678,60000,300,9.374057000000903,9.1875,True
cx0.9_mut0.05,0.9,0.05,test_3,2,13,255,32.34665840414722,30.978907884422313,60000,300,11.832135199998447,11.734375,True
cx0.9_mut0.05,0.9,0.05,test_3,2,14,256,36.14923018765879,34.486081803438886,60000,300,9.372873100001016,9.296875,True
cx0.9_mut0.05,0.9,0.05,test_3,2,15,257,34.604032525506234,33.249775362327554,60000,300,15.367313499999,14.75,True
cx0.9_mut0.05,0.9,0.05,test_3,2,16,258,34.45923453294745,32.64652139664672,60000,300,9.830065100002685,9.671875,True
cx0.9_mut0.05,0.9,0.05,test_3,2,17,259,39.253995310216396,37.57763061238607,60000,300,13.420904700000392,13.140625,True
cx0.9_mut0.05,0.9,0.05,test_3,2,18,260,41.91448870629905,40.40121843315949,60000,300,9.032402400000137,8.890625,True
cx0.9_mut0.05,0.9,0.05,test_3,2,19,261,40.42294081122865,38.53000948428376,60000,300,12.62468219999937,12.390625,True
cx0.9_mut0.05,0.9,0.05,test_4,3,0,342,30.625809514088516,29.11787768117314,60000,300,12.138116300000547,12.078125,True
cx0.9_mut0.05,0.9,0.05,test_4,3,1,343,29.489515694807938,28.185743909533052,60000,300,8.810001300000295,8.703125,True
cx0.9_mut0.05,0.9,0.05,test_4,3,2,344,38.15789879729666,36.545506785011305,60000,300,12.770369999998366,12.625,True
cx0.9_mut0.05,0.9,0.05,test_4,3,3,345,31.96014660760071,30.279327853612827,60000,300,10.214689700002054,10.0,True
cx0.9_mut0.05,0.9,0.05,test_4,3,4,346,34.12340474632443,32.41063275714283,60000,300,10.320277599999827,10.078125,True
cx0.9_mut0.05,0.9,0.05,test_4,3,5,347,36.92439209207581,35.69745718064122,60000,300,9.123533699999825,9.03125,True
cx0.9_mut0.05,0.9,0.05,test_4,3,6,348,28.815948978860185,27.44458358302825,60000,300,10.076776400001108,9.90625,True
cx0.9_mut0.05,0.9,0.05,test_4,3,7,349,30.572858270121284,29.227178188030017,60000,300,13.340711799999553,12.625,True
cx0.9_mut0.05,0.9,0.05,test_4,3,8,350,33.36961289955606,32.00507588532181,60000,300,12.79942889999802,12.609375,True
cx0.9_mut0.05,0.9,0.05,test_4,3,9,351,30.58447586535537,29.207690418917068,60000,300,11.467889700001251,11.171875,True
cx0.9_mut0.05,0.9,0.05,test_4,3,10,352,33.13497899776934,31.665056193694323,60000,300,9.327728600001137,9.09375,True
cx0.9_mut0.05,0.9,0.05,test_4,3,11,353,28.252350797974472,26.961601660973994,60000,300,11.56922399999894,11.125,True
cx0.9_mut0.05,0.9,0.05,test_4,3,12,354,31.489257159420802,29.653746341818373,60000,300,9.415975899999466,9.15625,True
cx0.9_mut0.05,0.9,0.05,test_4,3,13,355,29.290228472896295,27.914559744538664,60000,300,12.173255699999572,11.9375,True
cx0.9_mut0.05,0.9,0.05,test_4,3,14,356,30.24028497752277,28.72623839595155,60000,300,10.983443900000566,10.640625,True
cx0.9_mut0.05,0.9,0.05,test_4,3,15,357,29.119703529011723,27.7268315436059,60000,300,9.924027999997634,9.703125,True
cx0.9_mut0.05,0.9,0.05,test_4,3,16,358,31.731823589786014,30.215657541173844,60000,300,9.295689099999436,9.109375,True
cx0.9_mut0.05,0.9,0.05,test_4,3,17,359,29.724660885159814,28.268249914829738,60000,300,11.533964500002185,11.390625,True
cx0.9_mut0.05,0.9,0.05,test_4,3,18,360,31.041245531452702,29.705207725568734,60000,300,12.671819099999993,12.53125,True
cx0.9_mut0.05,0.9,0.05,test_4,3,19,361,32.55200622123825,31.035465945358236,60000,300,9.572500800000853,9.390625,True
cx0.9_mut0.05,0.9,0.05,test_5,4,0,442,41.83198950620825,40.5156957419218,60000,300,10.54683070000101,10.390625,True
cx0.9_mut0.05,0.9,0.05,test_5,4,1,443,41.70252445668956,40.45634478805796,60000,300,12.388820800002577,12.265625,True
cx0.9_mut0.05,0.9,0.05,test_5,4,2,444,46.9931380951261,45.11033873952945,60000,300,12.81614499999705,12.59375,True
cx0.9_mut0.05,0.9,0.05,test_5,4,3,445,42.50152884488935,40.86081932096535,60000,300,15.015692400000262,14.765625,True
cx0.9_mut0.05,0.9,0.05,test_5,4,4,446,36.41407323090201,35.134349992361486,60000,300,9.806699500000832,9.578125,True
cx0.9_mut0.05,0.9,0.05,test_5,4,5,447,37.53832594650685,35.590322164848146,60000,300,11.030129899998428,10.671875,True
cx0.9_mut0.05,0.9,0.05,test_5,4,6,448,38.52548973308375,37.11772869326242,60000,300,9.423261900003126,9.359375,True
cx0.9_mut0.05,0.9,0.05,test_5,4,7,449,38.268752272094034,36.67001538929042,60000,300,12.464572700002464,12.171875,True
cx0.9_mut0.05,0.9,0.05,test_5,4,8,450,39.20828495330575,37.96325047229736,60000,300,11.844512699997722,11.4375,True
cx0.9_mut0.05,0.9,0.05,test_5,4,9,451,39.083564812344996,37.685182616538015,60000,300,8.811755300001096,8.640625,True
cx0.9_mut0.05,0.9,0.05,test_5,4,10,452,37.019857887442924,35.429277715080524,60000,300,10.498731100000441,10.328125,True
cx0.9_mut0.05,0.9,0.05,test_5,4,11,453,43.19432519422494,41.722838474780545,60000,300,12.444696599999588,12.140625,True
cx0.9_mut0.05,0.9,0.05,test_5,4,12,454,34.07393818841313,32.61062286568967,60000,300,12.860761800002365,12.46875,True
cx0.9_mut0.05,0.9,0.05,test_5,4,13,455,40.07467605395047,38.22018105082949,60000,300,9.789577300001838,9.375,True
cx0.9_mut0.05,0.9,0.05,test_5,4,14,456,42.24085207808592,40.48119369288611,60000,300,9.334312099999806,9.171875,True
cx0.9_mut0.05,0.9,0.05,test_5,4,15,457,40.65724257265364,39.24981682174068,60000,300,11.863520099999732,11.265625,True
cx0.9_mut0.05,0.9,0.05,test_5,4,16,458,35.33292447512445,34.04182178778523,60000,300,9.668739900000219,9.203125,True
cx0.9_mut0.05,0.9,0.05,test_5,4,17,459,37.43777812980205,35.97471637522195,60000,300,9.18914980000045,8.734375,True
cx0.9_mut0.05,0.9,0.05,test_5,4,18,460,44.42984892903861,42.332307401555646,60000,300,14.127643299998454,13.453125,True
cx0.9_mut0.05,0.9,0.05,test_5,4,19,461,42.05398345985749,40.426879471557186,60000,300,11.275985000000219,10.875,True
cx0.9_mut0.05,0.9,0.05,test_6,5,0,542,44.42970740104219,42.670866437853476,60000,300,12.443122399999993,12.109375,True
cx0.9_mut0.05,0.9,0.05,test_6,5,1,543,39.189777856827305,37.68750463019989,60000,300,14.01070229999823,13.765625,True
cx0.9_mut0.05,0.9,0.05,test_6,5,2,544,38.73317866016514,37.12989409714827,60000,300,13.146421999997983,12.171875,True
cx0.9_mut0.05,0.9,0.05,test_6,5,3,545,40.38082722395909,38.92007997961811,60000,300,11.205836299999646,10.6875,True
cx0.9_mut0.05,0.9,0.05,test_6,5,4,546,35.280137524842715,33.99577210639552,60000,300,13.01926199999798,12.25,True
cx0.9_mut0.05,0.9,0.05,test_6,5,5,547,36.232337617683655,34.81911916131686,60000,300,12.102792900001077,11.8125,True
cx0.9_mut0.05,0.9,0.05,test_6,5,6,548,37.481264192668434,36.01586634059635,60000,300,12.281441799997992,11.25,True
cx0.9_mut0.05,0.9,0.05,test_6,5,7,549,33.881574658264284,32.205835021703294,60000,300,15.046317200001795,14.578125,True
cx0.9_mut0.05,0.9,0.05,test_6,5,8,550,33.461380922116916,31.602800148682437,60000,300,13.45936299999812,12.78125,True
cx0.9_mut0.05,0.9,0.05,test_6,5,9,551,40.936777665844374,39.29604277753748,60000,300,15.835374000002048,15.140625,True
cx0.9_mut0.05,0.9,0.05,test_6,5,10,552,35.123638123974715,33.60298282775036,60000,300,10.375017400001525,10.078125,True
cx0.9_mut0.05,0.9,0.05,test_6,5,11,553,39.03611442088239,37.15221071853292,60000,300,10.831949100000202,10.484375,True
cx0.9_mut0.05,0.9,0.05,test_6,5,12,554,39.305552690708545,37.628235848007066,60000,300,10.813548099999025,10.578125,True
cx0.9_mut0.05,0.9,0.05,test_6,5,13,555,42.111194450081356,40.36590962693726,60000,300,13.431678799999645,13.078125,True
cx0.9_mut0.05,0.9,0.05,test_6,5,14,556,35.387625069678776,34.0671153482865,60000,300,10.884541899999022,10.765625,True
cx0.9_mut0.05,0.9,0.05,test_6,5,15,557,40.997746820177284,39.4383982988345,60000,300,12.06970100000035,11.84375,True
cx0.9_mut0.05,0.9,0.05,test_6,5,16,558,31.04898767781597,29.615142225964483,60000,300,11.725374800000282,11.453125,True
cx0.9_mut0.05,0.9,0.05,test_6,5,17,559,46.86837438703875,45.53757023879155,60000,300,12.172646399998484,11.921875,True
cx0.9_mut0.05,0.9,0.05,test_6,5,18,560,38.97754882708044,37.26749806097289,60000,300,11.519568299998355,11.328125,True
cx0.9_mut0.05,0.9,0.05,test_6,5,19,561,36.52049815288272,34.975026498781936,60000,300,12.835429200000362,12.65625,True
cx0.9_mut0.05,0.9,0.05,test_7,6,0,642,30.222610213696925,28.535498790401192,60000,300,13.04665500000192,12.78125,True
cx0.9_mut0.05,0.9,0.05,test_7,6,1,643,35.728848612830745,33.999095971281506,60000,300,11.145055000000866,10.96875,True
cx0.9_mut0.05,0.9,0.05,test_7,6,2,644,30.340465494482515,28.67755353105713,60000,300,9.941731700000673,9.859375,True
cx0.9_mut0.05,0.9,0.05,test_7,6,3,645,32.36044755510982,30.524783428677154,60000,300,10.92442800000208,10.59375,True
cx0.9_mut0.05,0.9,0.05,test_7,6,4,646,33.67496176062461,32.40154852542526,60000,300,9.35531600000104,9.109375,True
cx0.9_mut0.05,0.9,0.05,test_7,6,5,647,38.27763912621366,36.50656745447007,60000,300,14.985671099999308,14.59375,True
cx0.9_mut0.05,0.9,0.05,test_7,6,6,648,37.18757489313308,35.70676282270364,60000,300,13.066442999999708,12.734375,True
cx0.9_mut0.05,0.9,0.05,test_7,6,7,649,31.671889472835076,30.15472648555131,60000,300,11.37484449999829,10.953125,True
cx0.9_mut0.05,0.9,0.05,test_7,6,8,650,39.30963763007451,37.84115608506,60000,300,11.291693600000144,11.125,True
cx0.9_mut0.05,0.9,0.05,test_7,6,9,651,38.66294006996402,36.9865896412841,60000,300,10.324304099998699,10.09375,True
cx0.9_mut0.05,0.9,0.05,test_7,6,10,652,34.25780568221594,32.714113547815735,60000,300,10.556976700001542,10.34375,True
cx0.9_mut0.05,0.9,0.05,test_7,6,11,653,40.55465192316335,39.035496660092235,60000,300,9.434872000001633,9.09375,True
cx0.9_mut0.05,0.9,0.05,test_7,6,12,654,39.69682384190394,37.94739654430259,60000,300,11.603799500000605,11.390625,True
cx0.9_mut0.05,0.9,0.05,test_7,6,13,655,38.26304290109282,36.541837083657725,60000,300,11.373542900000757,11.21875,True
cx0.9_mut0.05,0.9,0.05,test_7,6,14,656,38.58124924281595,36.855404549574246,60000,300,11.610656000000745,11.5,True
cx0.9_mut0.05,0.9,0.05,test_7,6,15,657,41.64441781784336,39.99683940095648,60000,300,11.110674100000324,10.96875,True
cx0.9_mut0.05,0.9,0.05,test_7,6,16,658,38.134644277222925,36.54088859010542,60000,300,13.147376700002496,12.84375,True
cx0.9_mut0.05,0.9,0.05,test_7,6,17,659,31.256728109484516,29.869998949052327,60000,300,11.31830009999976,11.25,True
cx0.9_mut0.05,0.9,0.05,test_7,6,18,660,32.61140693504867,30.842128485879403,60000,300,10.608392399997683,10.3125,True
cx0.9_mut0.05,0.9,0.05,test_7,6,19,661,42.678655499110796,40.608640233188424,60000,300,10.948851700002706,10.765625,True
cx0.9_mut0.05,0.9,0.05,test_8,7,0,742,33.32668969137387,31.448082450707872,60000,300,12.647140699999,12.359375,True
cx0.9_mut0.05,0.9,0.05,test_8,7,1,743,40.15125252785221,38.216760671194585,60000,300,12.557439400003204,12.171875,True
cx0.9_mut0.05,0.9,0.05,test_8,7,2,744,32.52718874319648,30.83372781260472,60000,300,12.236406199997873,11.90625,True
cx0.9_mut0.05,0.9,0.05,test_8,7,3,745,38.80701899895104,37.32847598350515,60000,300,11.47183589999986,11.203125,True
cx0.9_mut0.05,0.9,0.05,test_8,7,4,746,33.105783440809915,31.903095392737377,60000,300,11.289239699999598,10.953125,True
cx0.9_mut0.05,0.9,0.05,test_8,7,5,747,35.943588103760156,34.33710814987314,60000,300,11.211326699998608,10.890625,True
cx0.9_mut0.05,0.9,0.05,test_8,7,6,748,33.853670513912036,32.41062235118819,60000,300,10.54018509999878,10.296875,True
cx0.9_mut0.05,0.9,0.05,test_8,7,7,749,32.84515132574564,31.006082897828705,60000,300,12.690484199996718,12.296875,True
cx0.9_mut0.05,0.9,0.05,test_8,7,8,750,39.19075305865411,37.205705081790974,60000,300,12.742508899998938,12.328125,True
cx0.9_mut0.05,0.9,0.05,test_8,7,9,751,36.065133255917736,34.41373132087138,60000,300,12.686405600001308,12.25,True
cx0.9_mut0.05,0.9,0.05,test_8,7,10,752,30.172389210832385,28.512757311833077,60000,300,11.404618500000652,11.03125,True
cx0.9_mut0.05,0.9,0.05,test_8,7,11,753,29.498293617004453,27.87833968270077,60000,300,11.523128599998017,11.34375,True
cx0.9_mut0.05,0.9,0.05,test_8,7,12,754,31.207207987803358,29.60400860355451,60000,300,12.890172999999777,12.609375,True
cx0.9_mut0.05,0.9,0.05,test_8,7,13,755,33.048344405921405,31.521539562823403,60000,300,8.812162400001398,8.609375,True
cx0.9_mut0.05,0.9,0.05,test_8,7,14,756,35.64109444270857,33.92638987913956,60000,300,9.877829900000506,9.75,True
cx0.9_mut0.05,0.9,0.05,test_8,7,15,757,38.16354412156061,36.407635654459284,60000,300,9.590246499999921,9.546875,True
cx0.9_mut0.05,0.9,0.05,test_8,7,16,758,33.53575303357006,31.972819173546217,60000,300,10.080914599999232,10.015625,True
cx0.9_mut0.05,0.9,0.05,test_8,7,17,759,33.87713045882884,32.347773400935566,60000,300,12.93805070000235,12.734375,True
cx0.9_mut0.05,0.9,0.05,test_8,7,18,760,35.070210416785955,33.121640230641844,60000,300,8.323855500002537,8.28125,True
cx0.9_mut0.05,0.9,0.05,test_8,7,19,761,30.42183823579534,28.788291590826272,60000,300,11.826948100002483,11.6875,True
cx0.9_mut0.05,0.9,0.05,test_9,8,0,842,38.98673532237416,37.33733015998233,60000,300,12.146475599998666,11.9375,True
cx0.9_mut0.05,0.9,0.05,test_9,8,1,843,37.43110723909372,36.08989451506281,60000,300,13.569469499998377,13.453125,True
cx0.9_mut0.05,0.9,0.05,test_9,8,2,844,32.15477964281345,30.61990234482857,60000,300,11.714933400002337,11.625,True
cx0.9_mut0.05,0.9,0.05,test_9,8,3,845,32.851778615010645,31.439200330017954,60000,300,10.073518099998182,10.015625,True
cx0.9_mut0.05,0.9,0.05,test_9,8,4,846,37.50957221510577,35.848961510646916,60000,300,13.241903300000558,12.578125,True
cx0.9_mut0.05,0.9,0.05,test_9,8,5,847,39.423009377574594,37.713236469606024,60000,300,12.839011600000958,12.09375,True
cx0.9_mut0.05,0.9,0.05,test_9,8,6,848,32.444038075677504,31.253963027251743,60000,300,9.145430500000657,8.75,True
cx0.9_mut0.05,0.9,0.05,test_9,8,7,849,39.1119883268258,37.60847906655709,60000,300,10.96490790000098,10.84375,True
cx0.9_mut0.05,0.9,0.05,test_9,8,8,850,37.960925542816526,36.39677505461733,60000,300,11.377729600000748,11.21875,True
cx0.9_mut0.05,0.9,0.05,test_9,8,9,851,38.879519161491935,37.36526247244215,60000,300,10.60141400000066,10.515625,True
cx0.9_mut0.05,0.9,0.05,test_9,8,10,852,36.6300095946642,35.0711713498892,60000,300,10.505869199998415,10.421875,True
cx0.9_mut0.05,0.9,0.05,test_9,8,11,853,40.86798591516833,39.16123963422743,60000,300,9.11180349999995,9.0625,True
cx0.9_mut0.05,0.9,0.05,test_9,8,12,854,37.58360707397686,35.80430894536407,60000,300,11.691562299998623,11.578125,True
cx0.9_mut0.05,0.9,0.05,test_9,8,13,855,39.218842751592675,37.898347778741126,60000,300,9.305476699999417,9.234375,True
cx0.9_mut0.05,0.9,0.05,test_9,8,14,856,34.072402989598096,32.725987373315995,60000,300,8.849274900003365,8.796875,True
cx0.9_mut0.05,0.9,0.05,test_9,8,15,857,39.40537848497254,37.87954946373761,60000,300,9.784208699998999,9.71875,True
cx0.9_mut0.05,0.9,0.05,test_9,8,16,858,35.970314736904044,34.86921372712371,60000,300,11.284756400000333,11.21875,True
cx0.9_mut0.05,0.9,0.05,test_9,8,17,859,38.662046245196194,37.28863132447072,60000,300,8.305457200000092,8.234375,True
cx0.9_mut0.05,0.9,0.05,test_9,8,18,860,39.888056338022054,38.62497261967064,60000,300,9.14769460000025,8.96875,True
cx0.9_mut0.05,0.9,0.05,test_9,8,19,861,41.3838000530408,39.95928337913822,60000,300,11.59879440000077,10.59375,True
cx0.9_mut0.05,0.9,0.05,test_10,9,0,942,33.0889300402175,31.518749042680426,60000,300,12.23896650000097,11.984375,True
cx0.9_mut0.05,0.9,0.05,test_10,9,1,943,42.59455706932031,41.13462303372641,60000,300,9.421294800002215,9.0625,True
cx0.9_mut0.05,0.9,0.05,test_10,9,2,944,36.697248959040195,35.18634411148537,60000,300,12.523425499999576,12.359375,True
cx0.9_mut0.05,0.9,0.05,test_10,9,3,945,34.71862316279497,33.28393704509706,60000,300,10.430498499998066,10.046875,True
cx0.9_mut0.05,0.9,0.05,test_10,9,4,946,39.61108201103751,37.975137869960406,60000,300,12.058137900003203,11.71875,True
cx0.9_mut0.05,0.9,0.05,test_10,9,5,947,37.451870554028474,36.13673599678175,60000,300,11.383231499999965,11.21875,True
cx0.9_mut0.05,0.9,0.05,test_10,9,6,948,34.27458566837045,32.64475553104581,60000,300,9.302351100002852,9.09375,True
cx0.9_mut0.05,0.9,0.05,test_10,9,7,949,32.699106671438955,31.433961002562707,60000,300,9.24057990000074,8.875,True
cx0.9_mut0.05,0.9,0.05,test_10,9,8,950,36.25078141394189,34.66807446221316,60000,300,9.562746400002652,9.21875,True
cx0.9_mut0.05,0.9,0.05,test_10,9,9,951,34.147793034981895,32.51031454545794,60000,300,12.336583899999823,10.921875,True
cx0.9_mut0.05,0.9,0.05,test_10,9,10,952,31.911586671547518,30.561458801474288,60000,300,9.169323500002065,9.015625,True
cx0.9_mut0.05,0.9,0.05,test_10,9,11,953,32.59275284196682,31.395679070211074,60000,300,9.62535950000165,9.15625,True
cx0.9_mut0.05,0.9,0.05,test_10,9,12,954,33.459921638883394,32.0224872501438,60000,300,11.999943600003462,11.328125,True
cx0.9_mut0.05,0.9,0.05,test_10,9,13,955,33.362930397293205,31.794571183409126,60000,300,8.3256029999975,8.234375,True
cx0.9_mut0.05,0.9,0.05,test_10,9,14,956,31.375135546972995,29.812442563449373,60000,300,12.239461299999675,12.125,True
cx0.9_mut0.05,0.9,0.05,test_10,9,15,957,32.73117950857762,31.288454993379585,60000,300,10.765346199998021,10.234375,True
cx0.9_mut0.05,0.9,0.05,test_10,9,16,958,37.18428555103602,35.65746915594343,60000,300,10.397990199999185,10.0,True
cx0.9_mut0.05,0.9,0.05,test_10,9,17,959,38.08119530035678,36.5854718470089,60000,300,10.263112600001477,9.53125,True
cx0.9_mut0.05,0.9,0.05,test_10,9,18,960,35.34895992738662,33.75275306976388,60000,300,11.59616989999995,10.953125,True
cx0.9_mut0.05,0.9,0.05,test_10,9,19,961,32.82516571308237,31.38418755623687,60000,300,8.33812509999916,8.25,True
cx0.9_mut0.1,0.9,0.1,test_1,0,0,42,33.867497179515446,32.44950038177918,60000,300,7.769475299999613,7.4375,True
cx0.9_mut0.1,0.9,0.1,test_1,0,1,43,34.441017084704,32.895388950813334,60000,300,7.373920300000464,7.140625,True
cx0.9_mut0.1,0.9,0.1,test_1,0,2,44,37.38476868320207,35.79063803523984,60000,300,8.92809649999981,8.71875,True
cx0.9_mut0.1,0.9,0.1,test_1,0,3,45,31.909880837781163,30.501708390383406,60000,300,7.584350000000995,7.546875,True
cx0.9_mut0.1,0.9,0.1,test_1,0,4,46,36.88359424954389,35.35449804270645,60000,300,7.242538700000296,7.09375,True
cx0.9_mut0.1,0.9,0.1,test_1,0,5,47,38.25126508800305,37.06445997415648,60000,300,7.039437400002498,6.96875,True
cx0.9_mut0.1,0.9,0.1,test_1,0,6,48,36.00854685455512,34.330587310028676,60000,300,7.419566699998541,7.34375,True
cx0.9_mut0.1,0.9,0.1,test_1,0,7,49,38.29852833860532,36.690804008458606,60000,300,7.689637799998309,7.625,True
cx0.9_mut0.1,0.9,0.1,test_1,0,8,50,45.04081816505221,43.55772833971578,60000,300,9.12998339999831,9.078125,True
cx0.9_mut0.1,0.9,0.1,test_1,0,9,51,38.33123778217349,36.91418929838113,60000,300,7.496680700001889,7.5,True
cx0.9_mut0.1,0.9,0.1,test_1,0,10,52,42.84732311594903,41.23682996091889,60000,300,7.492666599999211,7.46875,True
cx0.9_mut0.1,0.9,0.1,test_1,0,11,53,36.422501887619724,34.67963506605595,60000,300,8.958722300001682,8.890625,True
cx0.9_mut0.1,0.9,0.1,test_1,0,12,54,39.81621665127609,38.0979541092443,60000,300,7.57061160000012,7.515625,True
cx0.9_mut0.1,0.9,0.1,test_1,0,13,55,32.01304309889126,30.703802209780207,60000,300,9.20874200000253,9.03125,True
cx0.9_mut0.1,0.9,0.1,test_1,0,14,56,49.62088716540329,47.87452439256122,60000,300,7.321919000001799,7.265625,True
cx0.9_mut0.1,0.9,0.1,test_1,0,15,57,34.00143291249297,32.466187932139995,60000,300,7.776667600002838,7.75,True
cx0.9_mut0.1,0.9,0.1,test_1,0,16,58,38.62927359581337,37.002830108141225,60000,300,7.978805000002467,7.96875,True
cx0.9_mut0.1,0.9,0.1,test_1,0,17,59,46.596381246660314,45.203378845264695,60000,300,7.922942400000466,7.875,True
cx0.9_mut0.1,0.9,0.1,test_1,0,18,60,34.704673178001585,32.99956769183988,60000,300,9.229651300000114,9.125,True
cx0.9_mut0.1,0.9,0.1,test_1,0,19,61,42.32863041257833,40.72411718967363,60000,300,7.048724299998867,6.953125,True
cx0.9_mut0.1,0.9,0.1,test_2,1,0,142,34.38258756515583,32.996720482143004,60000,300,7.0069762000021,6.9375,True
cx0.9_mut0.1,0.9,0.1,test_2,1,1,143,32.80729150875117,31.802915772251428,60000,300,8.358211400001892,8.265625,True
cx0.9_mut0.1,0.9,0.1,test_2,1,2,144,40.55759019364783,39.14274903768489,60000,300,7.245063000002119,7.078125,True
cx0.9_mut0.1,0.9,0.1,test_2,1,3,145,38.33477506985121,36.31466353499898,60000,300,7.681307599999855,7.484375,True
cx0.9_mut0.1,0.9,0.1,test_2,1,4,146,31.329190458795335,29.84346542913698,60000,300,9.1751669999976,9.015625,True
cx0.9_mut0.1,0.9,0.1,test_2,1,5,147,32.322935399280695,30.98553045906064,60000,300,7.67815630000041,7.59375,True
cx0.9_mut0.1,0.9,0.1,test_2,1,6,148,33.234554637977155,31.354656838892023,60000,300,8.94154989999879,8.875,True
cx0.9_mut0.1,0.9,0.1,test_2,1,7,149,32.5019368783599,30.866887900316673,60000,300,8.618956399997842,8.46875,True
cx0.9_mut0.1,0.9,0.1,test_2,1,8,150,34.31755908210968,32.708449046299656,60000,300,8.916768399998546,8.828125,True
cx0.9_mut0.1,0.9,0.1,test_2,1,9,151,35.38243070921234,33.718140937687934,60000,300,10.107513299997663,10.03125,True
cx0.9_mut0.1,0.9,0.1,test_2,1,10,152,33.60583651570716,32.06988968246215,60000,300,9.280345800001669,9.015625,True
cx0.9_mut0.1,0.9,0.1,test_2,1,11,153,33.20344094728663,31.56655750620395,60000,300,7.684127000000444,7.671875,True
cx0.9_mut0.1,0.9,0.1,test_2,1,12,154,38.68007216796341,36.7241675692879,60000,300,7.913364799998817,7.859375,True
cx0.9_mut0.1,0.9,0.1,test_2,1,13,155,31.415783034122835,29.622458393492607,60000,300,8.719340600000578,8.640625,True
cx0.9_mut0.1,0.9,0.1,test_2,1,14,156,31.52046070289573,29.84222263445806,60000,300,8.941159100002551,8.859375,True
cx0.9_mut0.1,0.9,0.1,test_2,1,15,157,37.09840994983886,35.4865996713782,60000,300,9.492940899999667,9.421875,True
cx0.9_mut0.1,0.9,0.1,test_2,1,16,158,33.42596108276507,31.74548326851949,60000,300,9.182009100000869,8.6875,True
cx0.9_mut0.1,0.9,0.1,test_2,1,17,159,34.48322547930183,32.95661194518688,60000,300,9.364237699999649,8.921875,True
cx0.9_mut0.1,0.9,0.1,test_2,1,18,160,29.897872060276143,28.714715238260176,60000,300,9.775199499999871,9.546875,True
cx0.9_mut0.1,0.9,0.1,test_2,1,19,161,41.72395644503327,40.18130841255856,60000,300,9.953830400001607,9.78125,True
cx0.9_mut0.1,0.9,0.1,test_3,2,0,242,36.09533244346555,34.180732595931474,60000,300,12.01179559999946,11.703125,True
cx0.9_mut0.1,0.9,0.1,test_3,2,1,243,34.85750471386152,33.02059607869329,60000,300,10.71537890000036,10.625,True
cx0.9_mut0.1,0.9,0.1,test_3,2,2,244,34.496322802883626,32.981407377522494,60000,300,8.977462499999092,8.734375,True
cx0.9_mut0.1,0.9,0.1,test_3,2,3,245,35.84253648304254,34.45898694013605,60000,300,9.393734500001301,8.859375,True
cx0.9_mut0.1,0.9,0.1,test_3,2,4,246,34.23543430913086,32.50355516115264,60000,300,11.173978999999235,10.90625,True
cx0.9_mut0.1,0.9,0.1,test_3,2,5,247,29.351212208355367,27.77525530743837,60000,300,9.837985599999229,9.484375,True
cx0.9_mut0.1,0.9,0.1,test_3,2,6,248,37.37694778384303,35.9034040684834,60000,300,10.612059499999305,10.375,True
cx0.9_mut0.1,0.9,0.1,test_3,2,7,249,43.022247644640885,41.51659488429377,60000,300,11.913474400000268,11.546875,True
cx0.9_mut0.1,0.9,0.1,test_3,2,8,250,37.57263963502062,35.7931983326883,60000,300,8.587074200000643,8.28125,True
cx0.9_mut0.1,0.9,0.1,test_3,2,9,251,34.44661143264858,32.93735941191186,60000,300,10.600836400000844,10.046875,True
cx0.9_mut0.1,0.9,0.1,test_3,2,10,252,36.746645089137765,35.19542036690357,60000,300,8.661666899999545,8.578125,True
cx0.9_mut0.1,0.9,0.1,test_3,2,11,253,46.82300709427792,45.38686129498856,60000,300,10.821423999997933,10.796875,True
cx0.9_mut0.1,0.9,0.1,test_3,2,12,254,32.11073314375224,30.5380186443087,60000,300,8.705375899997307,8.5,True
cx0.9_mut0.1,0.9,0.1,test_3,2,13,255,34.60372815484532,32.87652957656458,60000,300,8.7414174000005,8.5625,True
cx0.9_mut0.1,0.9,0.1,test_3,2,14,256,32.81025518944581,31.1314815103513,60000,300,10.332360799999151,10.15625,True
cx0.9_mut0.1,0.9,0.1,test_3,2,15,257,34.074916233076735,32.3279941115321,60000,300,11.042978500001482,10.515625,True
cx0.9_mut0.1,0.9,0.1,test_3,2,16,258,37.76462789126058,35.96557111666148,60000,300,9.694119100000535,9.59375,True
cx0.9_mut0.1,0.9,0.1,test_3,2,17,259,33.86373341225448,32.41396400424813,60000,300,9.161911700000928,8.859375,True
cx0.9_mut0.1,0.9,0.1,test_3,2,18,260,34.434447848210596,33.022564502875476,60000,300,9.100332800000615,9.0,True
cx0.9_mut0.1,0.9,0.1,test_3,2,19,261,36.32628556164885,34.69325223347978,60000,300,10.219947300000058,9.984375,True
cx0.9_mut0.1,0.9,0.1,test_4,3,0,342,29.204016417850905,27.713795022835562,60000,300,9.516006699999707,9.46875,True
cx0.9_mut0.1,0.9,0.1,test_4,3,1,343,27.197677443369642,25.914436975560797,60000,300,8.972937900001853,8.875,True
cx0.9_mut0.1,0.9,0.1,test_4,3,2,344,29.066587949711987,27.928526555489942,60000,300,11.20771479999894,11.125,True
cx0.9_mut0.1,0.9,0.1,test_4,3,3,345,31.646758371355688,30.166088602624786,60000,300,10.239842599999974,10.171875,True
cx0.9_mut0.1,0.9,0.1,test_4,3,4,346,29.106741637500008,27.645798038203846,60000,300,12.266133999997692,12.140625,True
cx0.9_mut0.1,0.9,0.1,test_4,3,5,347,27.7370801565666,26.274704881435415,60000,300,8.521099199999298,8.4375,True
cx0.9_mut0.1,0.9,0.1,test_4,3,6,348,32.107431713520945,30.475244477462258,60000,300,10.071823000002041,9.921875,True
cx0.9_mut0.1,0.9,0.1,test_4,3,7,349,26.66804718539288,25.40683916155511,60000,300,10.385982000003423,9.859375,True
cx0.9_mut0.1,0.9,0.1,test_4,3,8,350,28.13302558774608,26.659855585539134,60000,300,9.229424500001187,9.171875,True
cx0.9_mut0.1,0.9,0.1,test_4,3,9,351,27.39762144081676,26.171730800684344,60000,300,9.131669200000033,8.890625,True
cx0.9_mut0.1,0.9,0.1,test_4,3,10,352,28.605333073377054,27.377263939965424,60000,300,10.989349700001185,10.671875,True
cx0.9_mut0.1,0.9,0.1,test_4,3,11,353,27.089518500594462,25.711221876723148,60000,300,9.804285099999106,9.46875,True
cx0.9_mut0.1,0.9,0.1,test_4,3,12,354,33.10011930288422,31.666015907973517,60000,300,8.193577400001232,8.0,True
cx0.9_mut0.1,0.9,0.1,test_4,3,13,355,29.77688019386754,28.49010179866113,60000,300,10.928669199998694,10.671875,True
cx0.9_mut0.1,0.9,0.1,test_4,3,14,356,34.539542993545886,33.21308707546441,60000,300,10.756612799999857,10.46875,True
cx0.9_mut0.1,0.9,0.1,test_4,3,15,357,32.44996258929807,31.081866838705196,60000,300,9.230081000001519,8.890625,True
cx0.9_mut0.1,0.9,0.1,test_4,3,16,358,28.423738894983785,27.148885754047438,60000,300,9.054757999998401,8.828125,True
cx0.9_mut0.1,0.9,0.1,test_4,3,17,359,29.416025942227996,28.168426831767885,60000,300,9.452232499999809,9.390625,True
cx0.9_mut0.1,0.9,0.1,test_4,3,18,360,27.049174236932416,25.64570455844721,60000,300,10.970735599999898,10.75,True
cx0.9_mut0.1,0.9,0.1,test_4,3,19,361,33.775196422483965,31.73894610554589,60000,300,10.57714069999929,10.375,True
cx0.9_mut0.1,0.9,0.1,test_5,4,0,442,38.23923144616949,36.984889853019084,60000,300,10.13337660000252,9.9375,True
cx0.9_mut0.1,0.9,0.1,test_5,4,1,443,36.01991866551104,34.49412281271011,60000,300,9.108002699998906,8.984375,True
cx0.9_mut0.1,0.9,0.1,test_5,4,2,444,41.30084195510718,39.75520875873495,60000,300,9.129317400002037,9.078125,True
cx0.9_mut0.1,0.9,0.1,test_5,4,3,445,42.846650766902826,41.48050093219046,60000,300,9.930131400000391,9.640625,True
cx0.9_mut0.1,0.9,0.1,test_5,4,4,446,39.3158035912717,37.57772168613148,60000,300,10.358901999999944,10.1875,True
cx0.9_mut0.1,0.9,0.1,test_5,4,5,447,31.768542621718296,30.276375398772668,60000,300,9.508981899998616,9.34375,True
cx0.9_mut0.1,0.9,0.1,test_5,4,6,448,35.21588462700145,33.69869859165865,60000,300,9.28145289999884,9.03125,True
cx0.9_mut0.1,0.9,0.1,test_5,4,7,449,41.77710526148873,40.415089956984886,60000,300,10.531683100001828,10.1875,True
cx0.9_mut0.1,0.9,0.1,test_5,4,8,450,37.227437510151915,35.690124000759425,60000,300,8.569180299997242,8.359375,True
cx0.9_mut0.1,0.9,0.1,test_5,4,9,451,35.63255258500355,33.87034345311933,60000,300,9.94622629999867,9.859375,True
cx0.9_mut0.1,0.9,0.1,test_5,4,10,452,44.46842193135225,42.627658358063755,60000,300,10.521815799998876,10.265625,True
cx0.9_mut0.1,0.9,0.1,test_5,4,11,453,36.49952766860647,35.02359103163626,60000,300,9.117199399999663,8.6875,True
cx0.9_mut0.1,0.9,0.1,test_5,4,12,454,39.07961396726327,37.41297806313299,60000,300,10.236901199998101,10.109375,True
cx0.9_mut0.1,0.9,0.1,test_5,4,13,455,37.68374626945165,36.18928514251281,60000,300,9.844520200000261,9.390625,True
cx0.9_mut0.1,0.9,0.1,test_5,4,14,456,40.007807271070185,38.670127683583694,60000,300,9.579809299997578,9.296875,True
cx0.9_mut0.1,0.9,0.1,test_5,4,15,457,40.95221533875706,39.3788125287204,60000,300,10.53713290000087,10.15625,True
cx0.9_mut0.1,0.9,0.1,test_5,4,16,458,34.12897242514611,32.69418152673689,60000,300,10.537397299998702,10.046875,True
cx0.9_mut0.1,0.9,0.1,test_5,4,17,459,40.55274732497606,38.76298238315836,60000,300,9.970249999998487,9.34375,True
cx0.9_mut0.1,0.9,0.1,test_5,4,18,460,39.834389487546986,37.906525918409336,60000,300,12.04207630000019,11.46875,True
cx0.9_mut0.1,0.9,0.1,test_5,4,19,461,46.940643049445775,45.65524494059614,60000,300,10.83452540000144,10.453125,True
cx0.9_mut0.1,0.9,0.1,test_6,5,0,542,37.92497531853201,36.38057549795424,60000,300,9.835372300000017,9.5,True
cx0.9_mut0.1,0.9,0.1,test_6,5,1,543,32.460883986332455,30.99772301266585,60000,300,11.099248300000909,10.890625,True
cx0.9_mut0.1,0.9,0.1,test_6,5,2,544,36.3437598669157,35.00960365400974,60000,300,10.423848800000997,9.84375,True
cx0.9_mut0.1,0.9,0.1,test_6,5,3,545,37.85425804357881,36.31257238498347,60000,300,10.59811400000035,9.984375,True
cx0.9_mut0.1,0.9,0.1,test_6,5,4,546,33.698351261917594,32.29761380607658,60000,300,12.746095399998012,11.6875,True
cx0.9_mut0.1,0.9,0.1,test_6,5,5,547,38.94666587964537,37.3967147910654,60000,300,11.14852400000018,10.9375,True
cx0.9_mut0.1,0.9,0.1,test_6,5,6,548,38.3530295631147,36.7469194565778,60000,300,10.313480400000117,9.3125,True
cx0.9_mut0.1,0.9,0.1,test_6,5,7,549,33.12637627621004,31.633357935410217,60000,300,9.476220699998521,9.140625,True
cx0.9_mut0.1,0.9,0.1,test_6,5,8,550,39.27579961104503,37.45156914791377,60000,300,11.845140900000843,11.46875,True
cx0.9_mut0.1,0.9,0.1,test_6,5,9,551,39.789447919290225,38.2059508740206,60000,300,11.647264400002314,11.09375,True
cx0.9_mut0.1,0.9,0.1,test_6,5,10,552,37.629078345066844,36.076635763947564,60000,300,13.208756899999571,12.78125,True
cx0.9_mut0.1,0.9,0.1,test_6,5,11,553,45.85564874393266,44.46683307321628,60000,300,8.958702800002357,8.6875,True
cx0.9_mut0.1,0.9,0.1,test_6,5,12,554,35.01296385899448,33.28574435367498,60000,300,10.395112800000788,10.1875,True
cx0.9_mut0.1,0.9,0.1,test_6,5,13,555,37.92824471323941,36.46869818360506,60000,300,9.969957400000567,9.765625,True
cx0.9_mut0.1,0.9,0.1,test_6,5,14,556,39.95603067270285,38.266197489010636,60000,300,11.438687099998788,11.328125,True
cx0.9_mut0.1,0.9,0.1,test_6,5,15,557,34.727340323309654,33.05596305521141,60000,300,10.99985050000032,10.875,True
cx0.9_mut0.1,0.9,0.1,test_6,5,16,558,36.93528299683819,35.41786838931728,60000,300,10.328051000000414,10.171875,True
cx0.9_mut0.1,0.9,0.1,test_6,5,17,559,38.6868226477944,36.843304966418174,60000,300,11.839652700000443,11.421875,True
cx0.9_mut0.1,0.9,0.1,test_6,5,18,560,42.16574455505946,40.80327620759644,60000,300,9.01674169999751,8.796875,True
cx0.9_mut0.1,0.9,0.1,test_6,5,19,561,37.56300482402952,36.141269962830975,60000,300,10.005583000001934,9.859375,True
cx0.9_mut0.1,0.9,0.1,test_7,6,0,642,32.22729864734935,30.629867602111208,60000,300,9.592335000001185,9.453125,True
cx0.9_mut0.1,0.9,0.1,test_7,6,1,643,34.63317595092205,32.888499954772115,60000,300,9.63443279999774,9.25,True
cx0.9_mut0.1,0.9,0.1,test_7,6,2,644,33.37821861057445,31.866704082038865,60000,300,8.908151999999973,8.78125,True
cx0.9_mut0.1,0.9,0.1,test_7,6,3,645,32.52524209901818,30.620420139560597,60000,300,9.811049300002196,9.46875,True
cx0.9_mut0.1,0.9,0.1,test_7,6,4,646,27.107429241947695,25.70790651134139,60000,300,10.83635409999988,10.359375,True
cx0.9_mut0.1,0.9,0.1,test_7,6,5,647,32.54042727676538,30.684115244216024,60000,300,9.304371099999116,9.078125,True
cx0.9_mut0.1,0.9,0.1,test_7,6,6,648,34.824507853500684,33.27889889685218,60000,300,9.600415400000202,9.359375,True
cx0.9_mut0.1,0.9,0.1,test_7,6,7,649,31.764234138857578,30.182574281901935,60000,300,9.927939700002753,9.609375,True
cx0.9_mut0.1,0.9,0.1,test_7,6,8,650,39.40507276996265,37.81976313435242,60000,300,8.367854200001602,8.28125,True
cx0.9_mut0.1,0.9,0.1,test_7,6,9,651,36.34783761802485,34.62780183179842,60000,300,10.29134950000298,9.828125,True
cx0.9_mut0.1,0.9,0.1,test_7,6,10,652,37.00027048110128,35.00432621484898,60000,300,9.915087599998515,9.640625,True
cx0.9_mut0.1,0.9,0.1,test_7,6,11,653,32.188000011959055,30.699117037725504,60000,300,9.91700679999849,9.640625,True
cx0.9_mut0.1,0.9,0.1,test_7,6,12,654,31.772496355128432,30.18740316501651,60000,300,9.912032000000181,9.703125,True
cx0.9_mut0.1,0.9,0.1,test_7,6,13,655,35.12499386176245,33.334839484743085,60000,300,10.501459300001443,10.3125,True
cx0.9_mut0.1,0.9,0.1,test_7,6,14,656,32.72847989808009,31.018321481896713,60000,300,10.760745400002634,10.578125,True
cx0.9_mut0.1,0.9,0.1,test_7,6,15,657,34.823431125904804,33.268532069745966,60000,300,11.210723300002428,11.09375,True
cx0.9_mut0.1,0.9,0.1,test_7,6,16,658,37.74921762545893,36.210397015059954,60000,300,10.628463099998044,10.59375,True
cx0.9_mut0.1,0.9,0.1,test_7,6,17,659,32.869213778095414,31.27699006441771,60000,300,11.10447380000187,10.9375,True
cx0.9_mut0.1,0.9,0.1,test_7,6,18,660,41.96473000954595,40.508403707846995,60000,300,9.633124100000714,9.484375,True
cx0.9_mut0.1,0.9,0.1,test_7,6,19,661,43.4746821925603,41.67560556301825,60000,300,11.57507009999972,11.40625,True
cx0.9_mut0.1,0.9,0.1,test_8,7,0,742,41.42488874495544,39.72500064551512,60000,300,8.987355400000524,8.78125,True
cx0.9_mut0.1,0.9,0.1,test_8,7,1,743,31.12925312628717,29.69499956524093,60000,300,9.798176100001001,9.578125,True
cx0.9_mut0.1,0.9,0.1,test_8,7,2,744,39.1288598458332,37.41102976902898,60000,300,10.061419699999533,9.859375,True
cx0.9_mut0.1,0.9,0.1,test_8,7,3,745,29.90701883154308,28.323574352463247,60000,300,10.265031300001283,10.109375,True
cx0.9_mut0.1,0.9,0.1,test_8,7,4,746,32.328347244521595,30.5362941499505,60000,300,9.896251799997117,9.546875,True
cx0.9_mut0.1,0.9,0.1,test_8,7,5,747,30.12018393943884,28.569306098834772,60000,300,10.682462500000838,10.34375,True
cx0.9_mut0.1,0.9,0.1,test_8,7,6,748,34.990558828650286,33.21037836420709,60000,300,11.099833000000217,10.828125,True
cx0.9_mut0.1,0.9,0.1,test_8,7,7,749,30.541637048951106,28.997328320167362,60000,300,11.096032900000864,10.6875,True
cx0.9_mut0.1,0.9,0.1,test_8,7,8,750,36.42804025791592,34.80333328913291,60000,300,10.865168899999844,10.5,True
cx0.9_mut0.1,0.9,0.1,test_8,7,9,751,38.68842607907906,37.21873251495236,60000,300,9.447317999998631,9.171875,True
cx0.9_mut0.1,0.9,0.1,test_8,7,10,752,33.26960025253324,31.698825615499377,60000,300,11.176799999997456,10.75,True
cx0.9_mut0.1,0.9,0.1,test_8,7,11,753,34.490903937572426,32.63522836553309,60000,300,9.221393399999215,9.0625,True
cx0.9_mut0.1,0.9,0.1,test_8,7,12,754,34.04617448555224,32.39078101049776,60000,300,9.202530800001114,9.09375,True
cx0.9_mut0.1,0.9,0.1,test_8,7,13,755,29.596342162346268,27.981328798038753,60000,300,11.010666199999832,10.75,True
cx0.9_mut0.1,0.9,0.1,test_8,7,14,756,34.306411354780614,32.83841072997222,60000,300,9.840348699999595,9.625,True
cx0.9_mut0.1,0.9,0.1,test_8,7,15,757,35.16252456246751,33.505219548657685,60000,300,10.754781499999808,10.703125,True
cx0.9_mut0.1,0.9,0.1,test_8,7,16,758,31.62459229255642,29.830595008429686,60000,300,11.105513300000894,10.921875,True
cx0.9_mut0.1,0.9,0.1,test_8,7,17,759,36.952519653160174,35.40169390308837,60000,300,8.240075099998649,8.15625,True
cx0.9_mut0.1,0.9,0.1,test_8,7,18,760,33.63144042939343,32.035616569037124,60000,300,9.38496170000144,9.28125,True
cx0.9_mut0.1,0.9,0.1,test_8,7,19,761,34.48773188596133,32.55043317720172,60000,300,9.353686400001607,9.3125,True
cx0.9_mut0.1,0.9,0.1,test_9,8,0,842,37.62374941141515,36.00787806264983,60000,300,9.196772799998143,8.90625,True
cx0.9_mut0.1,0.9,0.1,test_9,8,1,843,31.99999388599439,30.811800241057405,60000,300,8.114487399998325,8.046875,True
cx0.9_mut0.1,0.9,0.1,test_9,8,2,844,33.91892199265356,32.72207236911281,60000,300,9.634934699999576,9.546875,True
cx0.9_mut0.1,0.9,0.1,test_9,8,3,845,32.20922484238214,30.91384965230014,60000,300,8.20969370000239,8.140625,True
cx0.9_mut0.1,0.9,0.1,test_9,8,4,846,38.68320490911625,37.25547719315586,60000,300,9.76692439999897,9.34375,True
cx0.9_mut0.1,0.9,0.1,test_9,8,5,847,36.51367862950788,34.878066197179365,60000,300,12.565431299997726,11.96875,True
cx0.9_mut0.1,0.9,0.1,test_9,8,6,848,37.73074781953247,36.4707317960521,60000,300,9.633460099998047,9.359375,True
cx0.9_mut0.1,0.9,0.1,test_9,8,7,849,36.688616440183495,35.31588583603015,60000,300,10.04533839999931,9.96875,True
cx0.9_mut0.1,0.9,0.1,test_9,8,8,850,41.73501341345505,39.868641420569425,60000,300,10.648753800000122,10.546875,True
cx0.9_mut0.1,0.9,0.1,test_9,8,9,851,36.397834747195155,34.79153794240701,60000,300,8.93212929999936,8.78125,True
cx0.9_mut0.1,0.9,0.1,test_9,8,10,852,35.25506931112133,33.751329113835816,60000,300,9.19781409999996,9.125,True
cx0.9_mut0.1,0.9,0.1,test_9,8,11,853,34.6475614433383,33.06410234391284,60000,300,8.345342000000528,8.296875,True
cx0.9_mut0.1,0.9,0.1,test_9,8,12,854,35.34535506524948,33.977309785474866,60000,300,10.032264299999952,10.015625,True
cx0.9_mut0.1,0.9,0.1,test_9,8,13,855,39.63758249673885,37.81837638545336,60000,300,7.540127199998096,7.5,True
cx0.9_mut0.1,0.9,0.1,test_9,8,14,856,39.33546675358377,37.49921528330065,60000,300,9.05046140000195,8.984375,True
cx0.9_mut0.1,0.9,0.1,test_9,8,15,857,34.42994071287196,32.7553909180917,60000,300,8.586879700000281,8.578125,True
cx0.9_mut0.1,0.9,0.1,test_9,8,16,858,39.10165480074139,37.66649239391188,60000,300,9.884461100002227,9.828125,True
cx0.9_mut0.1,0.9,0.1,test_9,8,17,859,39.660951783966354,38.30517601052711,60000,300,9.116443900002196,8.984375,True
cx0.9_mut0.1,0.9,0.1,test_9,8,18,860,33.311371021406515,31.92965741791168,60000,300,9.036539199998515,8.625,True
cx0.9_mut0.1,0.9,0.1,test_9,8,19,861,32.13864068474873,30.926095791194626,60000,300,11.504545100000541,10.53125,True
cx0.9_mut0.1,0.9,0.1,test_10,9,0,942,31.2641417018629,29.774791622498125,60000,300,10.683276100000512,10.34375,True
cx0.9_mut0.1,0.9,0.1,test_10,9,1,943,31.18719883072878,29.62664299705289,60000,300,9.752031299998634,9.125,True
cx0.9_mut0.1,0.9,0.1,test_10,9,2,944,35.17131029550453,33.76615348824272,60000,300,9.223123499999929,9.109375,True
cx0.9_mut0.1,0.9,0.1,test_10,9,3,945,39.655678540566875,37.93747050335044,60000,300,9.525318299998617,9.109375,True
cx0.9_mut0.1,0.9,0.1,test_10,9,4,946,34.10005032291941,32.79348885461863,60000,300,10.705460900000617,10.21875,True
cx0.9_mut0.1,0.9,0.1,test_10,9,5,947,31.376478273457433,30.122857625128887,60000,300,9.353236099999776,9.25,True
cx0.9_mut0.1,0.9,0.1,test_10,9,6,948,33.3668818502166,31.767747736764157,60000,300,8.885766399998829,8.796875,True
cx0.9_mut0.1,0.9,0.1,test_10,9,7,949,31.325823716225564,29.91769539287305,60000,300,9.866889400000218,9.515625,True
cx0.9_mut0.1,0.9,0.1,test_10,9,8,950,34.24617320621775,32.406412836250794,60000,300,9.540105100000801,9.34375,True
cx0.9_mut0.1,0.9,0.1,test_10,9,9,951,34.58772989420026,33.14523560975046,60000,300,11.111847899999702,9.5625,True
cx0.9_mut0.1,0.9,0.1,test_10,9,10,952,33.34227022671849,31.757773896276234,60000,300,9.174061500001699,9.015625,True
cx0.9_mut0.1,0.9,0.1,test_10,9,11,953,35.83705003131749,34.487989262532075,60000,300,12.065357200001017,11.5,True
cx0.9_mut0.1,0.9,0.1,test_10,9,12,954,34.41180504046797,32.93162781553435,60000,300,9.551431399999274,9.09375,True
cx0.9_mut0.1,0.9,0.1,test_10,9,13,955,34.1680184731822,32.53658490702789,60000,300,9.10578809999788,9.03125,True
cx0.9_mut0.1,0.9,0.1,test_10,9,14,956,35.39470198559555,33.9448005772291,60000,300,8.739344900001015,8.671875,True
cx0.9_mut0.1,0.9,0.1,test_10,9,15,957,33.43209539117007,31.820813048433035,60000,300,11.073391300000367,10.265625,True
cx0.9_mut0.1,0.9,0.1,test_10,9,16,958,33.22262239000836,31.501074242061403,60000,300,9.42754910000076,9.171875,True
cx0.9_mut0.1,0.9,0.1,test_10,9,17,959,37.09501396526874,35.68315339156928,60000,300,9.69954709999729,9.046875,True
cx0.9_mut0.1,0.9,0.1,test_10,9,18,960,38.977566574508614,37.84611091343505,60000,300,9.16814069999964,8.625,True
cx0.9_mut0.1,0.9,0.1,test_10,9,19,961,40.013151469477336,38.27365765060278,60000,300,7.765884299999016,7.65625,True
cx0.9_mut0.2,0.9,0.2,test_1,0,0,42,42.37029273495362,40.69712939481943,60000,300,8.156336800002464,7.875,True
cx0.9_mut0.2,0.9,0.2,test_1,0,1,43,46.51547745865063,44.56661031624697,60000,300,8.190613400001894,7.984375,True
cx0.9_mut0.2,0.9,0.2,test_1,0,2,44,36.82138920690805,35.41503782410953,60000,300,8.341424800000823,8.0,True
cx0.9_mut0.2,0.9,0.2,test_1,0,3,45,38.79916379264973,37.036589785235996,60000,300,7.5703881999979785,7.46875,True
cx0.9_mut0.2,0.9,0.2,test_1,0,4,46,32.0163976077515,30.7050361466185,60000,300,7.161057400000573,6.984375,True
cx0.9_mut0.2,0.9,0.2,test_1,0,5,47,47.98492135191826,45.89895410172944,60000,300,7.580901900000754,7.515625,True
cx0.9_mut0.2,0.9,0.2,test_1,0,6,48,35.08264836195211,33.7022145319685,60000,300,7.867038799999136,7.71875,True
cx0.9_mut0.2,0.9,0.2,test_1,0,7,49,36.643336437047225,35.00553288706019,60000,300,7.338236899999174,7.3125,True
cx0.9_mut0.2,0.9,0.2,test_1,0,8,50,44.94966169504742,43.146286903446104,60000,300,6.495067999996536,6.453125,True
cx0.9_mut0.2,0.9,0.2,test_1,0,9,51,35.30262906592006,33.4046776631175,60000,300,6.388954199999716,6.359375,True
cx0.9_mut0.2,0.9,0.2,test_1,0,10,52,37.78009834525363,36.257251716543074,60000,300,6.827792500000214,6.8125,True
cx0.9_mut0.2,0.9,0.2,test_1,0,11,53,33.917738690784866,32.54257122748416,60000,300,7.940279300000839,7.859375,True
cx0.9_mut0.2,0.9,0.2,test_1,0,12,54,35.8378640075534,34.191735156158614,60000,300,6.772784900000261,6.734375,True
cx0.9_mut0.2,0.9,0.2,test_1,0,13,55,36.909100675021286,35.27219261456692,60000,300,7.854612799997994,7.796875,True
cx0.9_mut0.2,0.9,0.2,test_1,0,14,56,45.481106805673704,43.96080919004242,60000,300,7.295767399999022,7.234375,True
cx0.9_mut0.2,0.9,0.2,test_1,0,15,57,41.338365269298784,39.84228974398032,60000,300,7.13207980000152,7.03125,True
cx0.9_mut0.2,0.9,0.2,test_1,0,16,58,43.38739368804428,41.390238741369615,60000,300,7.514552599997842,7.484375,True
cx0.9_mut0.2,0.9,0.2,test_1,0,17,59,46.108800245388544,44.30661900868777,60000,300,7.2855958999971335,7.28125,True
cx0.9_mut0.2,0.9,0.2,test_1,0,18,60,47.45843369588239,45.99296113752426,60000,300,7.778665599998931,7.71875,True
cx0.9_mut0.2,0.9,0.2,test_1,0,19,61,39.17766196125744,37.817876090359306,60000,300,6.989866500000062,6.828125,True
cx0.9_mut0.2,0.9,0.2,test_2,1,0,142,31.6977338535049,30.196869206196386,60000,300,7.766032400002587,7.671875,True
cx0.9_mut0.2,0.9,0.2,test_2,1,1,143,35.08560205326342,33.400190049769144,60000,300,6.877070400001685,6.78125,True
cx0.9_mut0.2,0.9,0.2,test_2,1,2,144,31.548955165741415,29.972574551446634,60000,300,9.558153199999651,9.390625,True
cx0.9_mut0.2,0.9,0.2,test_2,1,3,145,32.10510610660199,30.60479652514025,60000,300,7.5674603000006755,7.34375,True
cx0.9_mut0.2,0.9,0.2,test_2,1,4,146,33.84362603689824,32.317943924272036,60000,300,7.583016599997791,7.5,True
cx0.9_mut0.2,0.9,0.2,test_2,1,5,147,29.953381476854,28.50182011162959,60000,300,7.8636420000002545,7.828125,True
cx0.9_mut0.2,0.9,0.2,test_2,1,6,148,36.970076086576775,35.470781839773444,60000,300,6.609227799999644,6.515625,True
cx0.9_mut0.2,0.9,0.2,test_2,1,7,149,34.36647947554015,33.0288626099595,60000,300,8.52257280000049,8.375,True
cx0.9_mut0.2,0.9,0.2,test_2,1,8,150,35.790715694843946,34.289507398726265,60000,300,6.690596799999184,6.625,True
cx0.9_mut0.2,0.9,0.2,test_2,1,9,151,42.56215499260182,40.94657732521723,60000,300,7.451940999999351,7.34375,True
cx0.9_mut0.2,0.9,0.2,test_2,1,10,152,30.314071908650533,28.819839508183684,60000,300,8.582142600000225,8.3125,True
cx0.9_mut0.2,0.9,0.2,test_2,1,11,153,36.68596618850851,34.980476173698996,60000,300,7.8454265000000305,7.796875,True
cx0.9_mut0.2,0.9,0.2,test_2,1,12,154,36.756850770914525,35.225158061825084,60000,300,6.5249928000012005,6.4375,True
cx0.9_mut0.2,0.9,0.2,test_2,1,13,155,37.14915626968381,35.280336009823536,60000,300,8.121792999998434,8.078125,True
cx0.9_mut0.2,0.9,0.2,test_2,1,14,156,34.577048600587176,33.0513227223973,60000,300,7.585117099999479,7.484375,True
cx0.9_mut0.2,0.9,0.2,test_2,1,15,157,37.88126593707592,36.045684114658734,60000,300,8.040184900000895,7.90625,True
cx0.9_mut0.2,0.9,0.2,test_2,1,16,158,35.328901432550055,33.73378259425876,60000,300,10.62336779999896,10.25,True
cx0.9_mut0.2,0.9,0.2,test_2,1,17,159,38.16624759204408,36.469837696427966,60000,300,8.799453200001153,8.40625,True
cx0.9_mut0.2,0.9,0.2,test_2,1,18,160,35.6326954944876,33.85793492575214,60000,300,7.553253499998391,7.359375,True
cx0.9_mut0.2,0.9,0.2,test_2,1,19,161,29.68069194037006,28.41478720149183,60000,300,8.13243710000097,7.953125,True
cx0.9_mut0.2,0.9,0.2,test_3,2,0,242,41.2661714022725,39.599841600832534,60000,300,8.997621300000901,8.734375,True
cx0.9_mut0.2,0.9,0.2,test_3,2,1,243,31.501662733114085,29.772081178022315,60000,300,8.569902300001559,8.375,True
cx0.9_mut0.2,0.9,0.2,test_3,2,2,244,40.365419152603984,38.681580665378235,60000,300,8.281908100001601,8.09375,True
cx0.9_mut0.2,0.9,0.2,test_3,2,3,245,34.08624699667596,32.24501034070558,60000,300,8.924406199999794,8.625,True
cx0.9_mut0.2,0.9,0.2,test_3,2,4,246,32.708846966641644,31.131169806742868,60000,300,9.439139699999942,9.078125,True
cx0.9_mut0.2,0.9,0.2,test_3,2,5,247,32.2675421978882,30.60967824458843,60000,300,8.470285300001706,8.09375,True
cx0.9_mut0.2,0.9,0.2,test_3,2,6,248,40.75038350353788,38.7933307609442,60000,300,8.89591179999843,8.765625,True
cx0.9_mut0.2,0.9,0.2,test_3,2,7,249,37.40827006099059,35.82401091230136,60000,300,9.519544700000552,9.28125,True
cx0.9_mut0.2,0.9,0.2,test_3,2,8,250,36.67958522871791,34.918167895879215,60000,300,9.23837000000276,9.03125,True
cx0.9_mut0.2,0.9,0.2,test_3,2,9,251,31.357666986389997,29.68427148355734,60000,300,9.430377499997121,8.953125,True
cx0.9_mut0.2,0.9,0.2,test_3,2,10,252,34.01781814855863,32.37205322447036,60000,300,8.114771700002166,8.03125,True
cx0.9_mut0.2,0.9,0.2,test_3,2,11,253,37.79604961314021,36.27178378498048,60000,300,8.343086199998652,8.234375,True
cx0.9_mut0.2,0.9,0.2,test_3,2,12,254,44.96842341879918,42.85534064787749,60000,300,8.290147899999283,8.1875,True
cx0.9_mut0.2,0.9,0.2,test_3,2,13,255,30.894951049954475,29.31075664012307,60000,300,8.623699700001453,8.515625,True
cx0.9_mut0.2,0.9,0.2,test_3,2,14,256,35.27955168138604,33.58201329814056,60000,300,8.786219699999492,8.71875,True
cx0.9_mut0.2,0.9,0.2,test_3,2,15,257,38.59047662808934,36.666604708402076,60000,300,7.564035600000352,7.359375,True
cx0.9_mut0.2,0.9,0.2,test_3,2,16,258,36.3146426010992,34.87668435350674,60000,300,7.689479500000743,7.578125,True
cx0.9_mut0.2,0.9,0.2,test_3,2,17,259,33.969960989906866,31.99069342629469,60000,300,9.400743899997906,9.28125,True
cx0.9_mut0.2,0.9,0.2,test_3,2,18,260,36.498799390226175,34.81957480478593,60000,300,8.381394899999577,8.265625,True
cx0.9_mut0.2,0.9,0.2,test_3,2,19,261,35.39011550628836,33.804560879081336,60000,300,8.112147200001345,7.953125,True
cx0.9_mut0.2,0.9,0.2,test_4,3,0,342,30.90168448843818,29.379182298781693,60000,300,9.142207100001542,9.0625,True
cx0.9_mut0.2,0.9,0.2,test_4,3,1,343,32.83376428468203,31.29368412115486,60000,300,7.901574999999866,7.78125,True
cx0.9_mut0.2,0.9,0.2,test_4,3,2,344,29.854782439575537,28.040882639016118,60000,300,8.485871499997302,8.421875,True
cx0.9_mut0.2,0.9,0.2,test_4,3,3,345,32.07050955821279,30.693993860355945,60000,300,8.219912900000054,8.1875,True
cx0.9_mut0.2,0.9,0.2,test_4,3,4,346,40.4066154590749,38.59018960841074,60000,300,8.610713399997621,8.359375,True
cx0.9_mut0.2,0.9,0.2,test_4,3,5,347,35.99258987017148,33.96893796788988,60000,300,8.640229499997076,8.5625,True
cx0.9_mut0.2,0.9,0.2,test_4,3,6,348,29.60721091199928,28.089117640214553,60000,300,9.085816500002693,8.84375,True
cx0.9_mut0.2,0.9,0.2,test_4,3,7,349,30.6164016739466,29.189898200794794,60000,300,8.18109159999949,7.9375,True
cx0.9_mut0.2,0.9,0.2,test_4,3,8,350,33.843680423709436,32.12395505556175,60000,300,7.970544600000721,7.796875,True
cx0.9_mut0.2,0.9,0.2,test_4,3,9,351,33.73759715294639,32.26415270334507,60000,300,8.26950339999894,8.03125,True
cx0.9_mut0.2,0.9,0.2,test_4,3,10,352,32.83008673451609,31.098599695611696,60000,300,8.78664370000115,8.421875,True
cx0.9_mut0.2,0.9,0.2,test_4,3,11,353,28.206913777687337,26.96940032696248,60000,300,9.203283300001203,8.828125,True
cx0.9_mut0.2,0.9,0.2,test_4,3,12,354,28.648197472908226,27.18083795906077,60000,300,8.19372680000015,7.984375,True
cx0.9_mut0.2,0.9,0.2,test_4,3,13,355,37.73104701160248,36.19709153378262,60000,300,8.272444300000643,8.15625,True
cx0.9_mut0.2,0.9,0.2,test_4,3,14,356,29.035140766801558,27.800239997116766,60000,300,8.923952799999824,8.734375,True
cx0.9_mut0.2,0.9,0.2,test_4,3,15,357,30.779237431377037,29.21912356031282,60000,300,9.41435410000122,9.03125,True
cx0.9_mut0.2,0.9,0.2,test_4,3,16,358,34.02133235106811,32.67074974728786,60000,300,8.074328999999125,7.828125,True
cx0.9_mut0.2,0.9,0.2,test_4,3,17,359,30.671135639543124,29.398914686060436,60000,300,8.816858100002719,8.65625,True
cx0.9_mut0.2,0.9,0.2,test_4,3,18,360,34.10017798046114,32.44150134028388,60000,300,8.71073719999913,8.578125,True
cx0.9_mut0.2,0.9,0.2,test_4,3,19,361,33.22069978107462,31.62501444141236,60000,300,10.042366000001493,9.890625,True
cx0.9_mut0.2,0.9,0.2,test_5,4,0,442,42.61363086962245,40.76216815534386,60000,300,8.848014899998816,8.75,True
cx0.9_mut0.2,0.9,0.2,test_5,4,1,443,42.401909528407934,40.638389659290574,60000,300,8.53735880000022,8.359375,True
cx0.9_mut0.2,0.9,0.2,test_5,4,2,444,40.72719622378479,38.800374440144275,60000,300,8.388409900002443,8.34375,True
cx0.9_mut0.2,0.9,0.2,test_5,4,3,445,42.10196035122743,40.129110448238755,60000,300,9.442154899999878,9.078125,True
cx0.9_mut0.2,0.9,0.2,test_5,4,4,446,40.69627814457587,39.271148714004646,60000,300,9.8633144000014,9.765625,True
cx0.9_mut0.2,0.9,0.2,test_5,4,5,447,32.680678676976115,31.327187764666903,60000,300,8.79243580000184,8.546875,True
cx0.9_mut0.2,0.9,0.2,test_5,4,6,448,43.99036714098366,42.44491332153269,60000,300,8.483108399999765,8.328125,True
cx0.9_mut0.2,0.9,0.2,test_5,4,7,449,44.10000187258328,42.46370995906883,60000,300,8.701151799999934,8.3125,True
cx0.9_mut0.2,0.9,0.2,test_5,4,8,450,41.00665305130233,39.48387470108866,60000,300,8.02336060000016,7.984375,True
cx0.9_mut0.2,0.9,0.2,test_5,4,9,451,43.591182387935646,42.439480855305135,60000,300,8.315768399999797,8.09375,True
cx0.9_mut0.2,0.9,0.2,test_5,4,10,452,40.09904413828663,38.21007331240657,60000,300,8.29929280000215,8.1875,True
cx0.9_mut0.2,0.9,0.2,test_5,4,11,453,41.77163655233071,39.994567958498095,60000,300,9.123859499999526,8.890625,True
cx0.9_mut0.2,0.9,0.2,test_5,4,12,454,41.29575407891487,39.59127736694022,60000,300,8.556029299998045,8.359375,True
cx0.9_mut0.2,0.9,0.2,test_5,4,13,455,40.29877358957599,38.9057326821594,60000,300,8.03255949999948,7.671875,True
cx0.9_mut0.2,0.9,0.2,test_5,4,14,456,39.47299346404593,37.907036748110954,60000,300,8.295464200000424,8.0625,True
cx0.9_mut0.2,0.9,0.2,test_5,4,15,457,39.986132256955884,38.38062019842677,60000,300,9.245345800001814,8.90625,True
cx0.9_mut0.2,0.9,0.2,test_5,4,16,458,44.52592884051791,43.12615981340549,60000,300,7.817362100002356,7.46875,True
cx0.9_mut0.2,0.9,0.2,test_5,4,17,459,40.86332423451821,39.190732641669726,60000,300,9.780649799999082,9.265625,True
cx0.9_mut0.2,0.9,0.2,test_5,4,18,460,39.72549702655741,38.172842006474816,60000,300,9.423563100001047,9.109375,True
cx0.9_mut0.2,0.9,0.2,test_5,4,19,461,48.72608144660761,46.7576066944965,60000,300,8.945582899999863,8.703125,True
cx0.9_mut0.2,0.9,0.2,test_6,5,0,542,40.73191751676747,38.9458247253324,60000,300,8.923518199997488,8.796875,True
cx0.9_mut0.2,0.9,0.2,test_6,5,1,543,35.78099366548045,34.150063880718186,60000,300,8.842711499997677,8.53125,True
cx0.9_mut0.2,0.9,0.2,test_6,5,2,544,40.33166771928035,38.92737700757693,60000,300,10.59535550000146,9.984375,True
cx0.9_mut0.2,0.9,0.2,test_6,5,3,545,36.798064824892144,35.475480442604244,60000,300,8.59359250000125,8.078125,True
cx0.9_mut0.2,0.9,0.2,test_6,5,4,546,37.33147033583239,35.636944884201355,60000,300,8.303456199999346,7.96875,True
cx0.9_mut0.2,0.9,0.2,test_6,5,5,547,37.19204253018442,35.36751482087822,60000,300,9.086605299999064,8.984375,True
cx0.9_mut0.2,0.9,0.2,test_6,5,6,548,41.576044159631536,39.877728868755504,60000,300,9.248845899997832,8.359375,True
cx0.9_mut0.2,0.9,0.2,test_6,5,7,549,43.849256081380716,41.87920069015448,60000,300,9.477925499999401,9.125,True
cx0.9_mut0.2,0.9,0.2,test_6,5,8,550,34.41322653146042,32.996630030429024,60000,300,9.152674500001012,8.78125,True
cx0.9_mut0.2,0.9,0.2,test_6,5,9,551,39.02545640115843,37.21888918264251,60000,300,9.691070199998649,9.1875,True
cx0.9_mut0.2,0.9,0.2,test_6,5,10,552,38.76366089311021,37.57063507900567,60000,300,10.02288359999875,9.5625,True
cx0.9_mut0.2,0.9,0.2,test_6,5,11,553,35.05855370411047,33.44681287709662,60000,300,8.653360399999656,8.46875,True
cx0.9_mut0.2,0.9,0.2,test_6,5,12,554,38.04650292700538,36.18886213267132,60000,300,9.502240300000267,9.1875,True
cx0.9_mut0.2,0.9,0.2,test_6,5,13,555,34.87491933254671,33.37517888628793,60000,300,8.501665600000706,8.234375,True
cx0.9_mut0.2,0.9,0.2,test_6,5,14,556,37.64087304510973,35.933381751983724,60000,300,8.38904040000125,8.265625,True
cx0.9_mut0.2,0.9,0.2,test_6,5,15,557,35.3088662278444,33.61967041687268,60000,300,9.190196199997445,9.0,True
cx0.9_mut0.2,0.9,0.2,test_6,5,16,558,33.17838943633583,31.781386427444968,60000,300,9.065933699999732,8.859375,True
cx0.9_mut0.2,0.9,0.2,test_6,5,17,559,36.23186992490065,34.57738197916045,60000,300,9.555252899997868,9.328125,True
cx0.9_mut0.2,0.9,0.2,test_6,5,18,560,39.58825756066901,37.86403281327159,60000,300,8.824711500001285,8.6875,True
cx0.9_mut0.2,0.9,0.2,test_6,5,19,561,38.760345675759154,37.02295640872804,60000,300,8.951422099999036,8.78125,True
cx0.9_mut0.2,0.9,0.2,test_7,6,0,642,39.39013379002441,37.54603994914584,60000,300,8.721695699998236,8.625,True
cx0.9_mut0.2,0.9,0.2,test_7,6,1,643,36.2902328993555,34.140048086368836,60000,300,9.44119960000171,9.171875,True
cx0.9_mut0.2,0.9,0.2,test_7,6,2,644,34.73326252194198,33.1691346912955,60000,300,8.105756899996777,7.9375,True
cx0.9_mut0.2,0.9,0.2,test_7,6,3,645,29.442703846007678,27.683524661408526,60000,300,8.66854080000121,8.484375,True
cx0.9_mut0.2,0.9,0.2,test_7,6,4,646,30.802826808480702,29.211695449648694,60000,300,7.9020934000000125,7.453125,True
cx0.9_mut0.2,0.9,0.2,test_7,6,5,647,30.819447278589493,29.191245706699753,60000,300,9.488015499999165,9.25,True
cx0.9_mut0.2,0.9,0.2,test_7,6,6,648,35.43105494011208,33.94649684021005,60000,300,8.556228199999168,8.28125,True
cx0.9_mut0.2,0.9,0.2,test_7,6,7,649,38.899951460508554,36.71276556280471,60000,300,8.344709299999522,8.078125,True
cx0.9_mut0.2,0.9,0.2,test_7,6,8,650,35.53158866779824,34.003527474345525,60000,300,8.28044989999762,8.03125,True
cx0.9_mut0.2,0.9,0.2,test_7,6,9,651,38.51302497913208,36.55822680407239,60000,300,9.84890599999926,9.390625,True
cx0.9_mut0.2,0.9,0.2,test_7,6,10,652,36.88326774668591,35.130423029417486,60000,300,8.3168218000028,8.0625,True
cx0.9_mut0.2,0.9,0.2,test_7,6,11,653,38.29185876542305,36.370690346592326,60000,300,8.185770500000217,7.859375,True
cx0.9_mut0.2,0.9,0.2,test_7,6,12,654,37.81997885877828,36.18171626183429,60000,300,8.774519000002329,8.625,True
cx0.9_mut0.2,0.9,0.2,test_7,6,13,655,32.46230720835607,30.96710644919399,60000,300,8.639928300002794,8.46875,True
cx0.9_mut0.2,0.9,0.2,test_7,6,14,656,38.42475690188152,36.82267321529085,60000,300,8.516641000001982,8.390625,True
cx0.9_mut0.2,0.9,0.2,test_7,6,15,657,39.5049395539122,37.80331616491235,60000,300,8.470361700001376,8.265625,True
cx0.9_mut0.2,0.9,0.2,test_7,6,16,658,30.487823989837615,28.958275140056816,60000,300,8.288030399999116,8.234375,True
cx0.9_mut0.2,0.9,0.2,test_7,6,17,659,31.64850949316168,30.24981550286509,60000,300,8.615529599999718,8.515625,True
cx0.9_mut0.2,0.9,0.2,test_7,6,18,660,34.26876161218728,32.61890742902317,60000,300,8.58685940000214,8.46875,True
cx0.9_mut0.2,0.9,0.2,test_7,6,19,661,31.832890939195792,30.19446463198708,60000,300,8.025893300000462,7.828125,True
cx0.9_mut0.2,0.9,0.2,test_8,7,0,742,30.528911346047924,28.9343169573348,60000,300,9.25823699999819,9.03125,True
cx0.9_mut0.2,0.9,0.2,test_8,7,1,743,36.63051297376605,34.944670721451786,60000,300,8.471377199999552,8.359375,True
cx0.9_mut0.2,0.9,0.2,test_8,7,2,744,31.41946910824556,29.791274741736203,60000,300,9.201444100002846,8.96875,True
cx0.9_mut0.2,0.9,0.2,test_8,7,3,745,37.893476573590576,36.023869180838766,60000,300,8.88265920000049,8.71875,True
cx0.9_mut0.2,0.9,0.2,test_8,7,4,746,39.906877910805555,38.31695859249816,60000,300,9.514337599997816,9.0625,True
cx0.9_mut0.2,0.9,0.2,test_8,7,5,747,38.665268058917874,36.91543653763734,60000,300,8.856921100003092,8.640625,True
cx0.9_mut0.2,0.9,0.2,test_8,7,6,748,39.30272017131611,37.77398002167591,60000,300,9.685102299998107,9.46875,True
cx0.9_mut0.2,0.9,0.2,test_8,7,7,749,35.74428542176852,33.977902822220074,60000,300,9.326517800000147,9.1875,True
cx0.9_mut0.2,0.9,0.2,test_8,7,8,750,33.67745206975711,31.76727936081445,60000,300,9.75469030000022,9.359375,True
cx0.9_mut0.2,0.9,0.2,test_8,7,9,751,36.53092546179829,34.70086846999727,60000,300,8.62387370000215,8.453125,True
cx0.9_mut0.2,0.9,0.2,test_8,7,10,752,36.651874827916615,34.87089988147069,60000,300,9.388865000000806,9.15625,True
cx0.9_mut0.2,0.9,0.2,test_8,7,11,753,34.02181378663894,32.234926509335764,60000,300,10.838174399999843,10.453125,True
cx0.9_mut0.2,0.9,0.2,test_8,7,12,754,36.468509010088226,34.68964495991823,60000,300,9.482214999999997,9.328125,True
cx0.9_mut0.2,0.9,0.2,test_8,7,13,755,32.376713058466684,30.666692836392606,60000,300,8.881687500001135,8.75,True
cx0.9_mut0.2,0.9,0.2,test_8,7,14,756,39.37713056704676,37.68543362307927,60000,300,9.045945300000312,8.859375,True
cx0.9_mut0.2,0.9,0.2,test_8,7,15,757,33.134765494641435,31.40648383839467,60000,300,7.888742799997999,7.84375,True
cx0.9_mut0.2,0.9,0.2,test_8,7,16,758,34.292435294711986,32.55993985210877,60000,300,8.006313699999737,7.90625,True
cx0.9_mut0.2,0.9,0.2,test_8,7,17,759,33.15951705506384,31.336436005850317,60000,300,8.417921700001898,8.359375,True
cx0.9_mut0.2,0.9,0.2,test_8,7,18,760,39.295806613417646,37.640602574464225,60000,300,9.263969999999972,9.234375,True
cx0.9_mut0.2,0.9,0.2,test_8,7,19,761,36.8045441012556,35.04411965610771,60000,300,8.087483200000861,7.96875,True
cx0.9_mut0.2,0.9,0.2,test_9,8,0,842,37.21070204140533,35.84881045973676,60000,300,8.783800000001065,8.484375,True
cx0.9_mut0.2,0.9,0.2,test_9,8,1,843,37.674078265713305,36.20759371272754,60000,300,7.386132899999211,7.375,True
cx0.9_mut0.2,0.9,0.2,test_9,8,2,844,42.44464267778986,40.91224016408754,60000,300,7.969767499998852,7.90625,True
cx0.9_mut0.2,0.9,0.2,test_9,8,3,845,32.02453467733333,30.894600344994867,60000,300,8.046489599997585,8.015625,True
cx0.9_mut0.2,0.9,0.2,test_9,8,4,846,39.927300975355855,38.1953184266213,60000,300,8.40117580000151,7.84375,True
cx0.9_mut0.2,0.9,0.2,test_9,8,5,847,38.67921034147715,36.980575269279676,60000,300,7.763901700000133,7.609375,True
cx0.9_mut0.2,0.9,0.2,test_9,8,6,848,41.11519782165619,39.30468074077665,60000,300,7.656376499999169,7.0625,True
cx0.9_mut0.2,0.9,0.2,test_9,8,7,849,34.56285806161267,32.99693047898446,60000,300,7.714303300002939,7.59375,True
cx0.9_mut0.2,0.9,0.2,test_9,8,8,850,29.723716976069728,28.588044765525336,60000,300,10.27788970000256,10.046875,True
cx0.9_mut0.2,0.9,0.2,test_9,8,9,851,40.91837936678356,39.49164515787605,60000,300,7.674349100001564,7.484375,True
cx0.9_mut0.2,0.9,0.2,test_9,8,10,852,36.125450628545146,34.67772651158795,60000,300,7.760486000002857,7.734375,True
cx0.9_mut0.2,0.9,0.2,test_9,8,11,853,37.81008640241388,36.38597676604794,60000,300,8.013777000000118,7.96875,True
cx0.9_mut0.2,0.9,0.2,test_9,8,12,854,38.37361111262923,36.88371898787201,60000,300,9.05314720000024,8.96875,True
cx0.9_mut0.2,0.9,0.2,test_9,8,13,855,38.02513611104655,36.513979838333405,60000,300,7.557244600000558,7.515625,True
cx0.9_mut0.2,0.9,0.2,test_9,8,14,856,35.7306247138407,34.43416673596725,60000,300,8.030080000000453,7.9375,True
cx0.9_mut0.2,0.9,0.2,test_9,8,15,857,36.66310431824744,35.296178127950945,60000,300,8.001947200002178,7.953125,True
cx0.9_mut0.2,0.9,0.2,test_9,8,16,858,41.16391780970835,39.54955551738677,60000,300,8.531156900000497,8.484375,True
cx0.9_mut0.2,0.9,0.2,test_9,8,17,859,37.45261821165341,35.9590345832302,60000,300,8.079239399998187,7.953125,True
cx0.9_mut0.2,0.9,0.2,test_9,8,18,860,38.72652524376854,37.2381080511895,60000,300,9.0501594999987,8.84375,True
cx0.9_mut0.2,0.9,0.2,test_9,8,19,861,33.34018876511016,31.92575432970626,60000,300,9.148097900000721,8.515625,True
cx0.9_mut0.2,0.9,0.2,test_10,9,0,942,39.00492803045634,37.389897089183755,60000,300,8.46661049999966,8.28125,True
cx0.9_mut0.2,0.9,0.2,test_10,9,1,943,38.313507301740216,36.856529855389525,60000,300,8.550941599998623,8.03125,True
cx0.9_mut0.2,0.9,0.2,test_10,9,2,944,30.783232987194975,29.194707960122745,60000,300,7.971280999998271,7.859375,True
cx0.9_mut0.2,0.9,0.2,test_10,9,3,945,35.028797589894126,33.38157579162643,60000,300,8.954699099998834,8.59375,True
cx0.9_mut0.2,0.9,0.2,test_10,9,4,946,36.56680000984744,34.760963696924584,60000,300,9.375783600000432,9.078125,True
cx0.9_mut0.2,0.9,0.2,test_10,9,5,947,36.23014137196928,34.61268788359136,60000,300,8.214475400000083,8.125,True
cx0.9_mut0.2,0.9,0.2,test_10,9,6,948,33.577811601843734,32.32013259792094,60000,300,7.746434699998645,7.671875,True
cx0.9_mut0.2,0.9,0.2,test_10,9,7,949,34.959747634429455,33.63583748434377,60000,300,8.825096000000485,8.40625,True
cx0.9_mut0.2,0.9,0.2,test_10,9,8,950,34.198987971600225,32.35845283486744,60000,300,8.292105500000616,8.15625,True
cx0.9_mut0.2,0.9,0.2,test_10,9,9,951,32.03124301938464,30.611860053154487,60000,300,10.292810899998585,9.1875,True
cx0.9_mut0.2,0.9,0.2,test_10,9,10,952,34.775999726228946,33.08232174285294,60000,300,8.548348299998906,8.421875,True
cx0.9_mut0.2,0.9,0.2,test_10,9,11,953,33.49913216110124,31.9062343583268,60000,300,8.843368900001224,8.5,True
cx0.9_mut0.2,0.9,0.2,test_10,9,12,954,35.77346485678929,34.22506258790611,60000,300,9.500536100000318,8.921875,True
cx0.9_mut0.2,0.9,0.2,test_10,9,13,955,35.24175040480257,33.65066853548216,60000,300,9.511348199997883,9.34375,True
cx0.9_mut0.2,0.9,0.2,test_10,9,14,956,37.10733129225323,35.319068977548575,60000,300,8.628019399999175,8.5625,True
cx0.9_mut0.2,0.9,0.2,test_10,9,15,957,43.38906285390283,41.70819652691399,60000,300,9.69630270000198,9.09375,True
cx0.9_mut0.2,0.9,0.2,test_10,9,16,958,31.346492903901208,29.970319008394377,60000,300,9.331642000001011,9.0,True
cx0.9_mut0.2,0.9,0.2,test_10,9,17,959,40.26054241946272,38.70692099561249,60000,300,9.185856600000989,8.796875,True
cx0.9_mut0.2,0.9,0.2,test_10,9,18,960,38.14529471638608,36.38334566514979,60000,300,9.109547700001713,8.515625,True
cx0.9_mut0.2,0.9,0.2,test_10,9,19,961,38.602812068043505,36.80321087511651,60000,300,7.9929966000017885,7.953125,True
cx0.9_mut0.3,0.9,0.3,test_1,0,0,42,38.38477988836888,36.45768589005386,60000,300,8.004920300001686,7.546875,True
cx0.9_mut0.3,0.9,0.3,test_1,0,1,43,38.89645826377193,37.35681904000208,60000,300,8.029540499999712,7.734375,True
cx0.9_mut0.3,0.9,0.3,test_1,0,2,44,40.058345456384494,38.273932859407765,60000,300,7.930239100001927,7.734375,True
cx0.9_mut0.3,0.9,0.3,test_1,0,3,45,37.115005773275975,35.46570337147104,60000,300,7.380935799999861,7.265625,True
cx0.9_mut0.3,0.9,0.3,test_1,0,4,46,46.31014660131178,44.62061904261794,60000,300,7.6334624999981315,7.53125,True
cx0.9_mut0.3,0.9,0.3,test_1,0,5,47,37.22531254511203,35.83012316744995,60000,300,7.479339299999992,7.4375,True
cx0.9_mut0.3,0.9,0.3,test_1,0,6,48,36.81360019192608,35.30844309812918,60000,300,7.444349900000816,7.359375,True
cx0.9_mut0.3,0.9,0.3,test_1,0,7,49,44.250423230439694,42.74999904698086,60000,300,7.943912500002625,7.859375,True
cx0.9_mut0.3,0.9,0.3,test_1,0,8,50,44.03363056422082,42.223972830398075,60000,300,8.275160699999105,8.125,True
cx0.9_mut0.3,0.9,0.3,test_1,0,9,51,49.01234943849575,47.32984814591242,60000,300,8.087231000001339,8.03125,True
cx0.9_mut0.3,0.9,0.3,test_1,0,10,52,39.296101840567886,37.59625673844372,60000,300,7.572197099998448,7.5,True
cx0.9_mut0.3,0.9,0.3,test_1,0,11,53,40.80686647622357,39.156835952155255,60000,300,7.465721699998539,7.421875,True
cx0.9_mut0.3,0.9,0.3,test_1,0,12,54,40.13350655609889,38.359260066338265,60000,300,7.6211137999998755,7.5625,True
cx0.9_mut0.3,0.9,0.3,test_1,0,13,55,43.990434861643294,42.416197302801805,60000,300,7.749079299999721,7.671875,True
cx0.9_mut0.3,0.9,0.3,test_1,0,14,56,42.82052119349469,40.87333569032552,60000,300,7.248496100000921,7.15625,True
cx0.9_mut0.3,0.9,0.3,test_1,0,15,57,37.67440148016655,36.0387181646467,60000,300,7.664359200000035,7.578125,True
cx0.9_mut0.3,0.9,0.3,test_1,0,16,58,47.35389149079824,45.2731002217459,60000,300,7.169745499999408,7.109375,True
cx0.9_mut0.3,0.9,0.3,test_1,0,17,59,42.89838499308847,41.19481126621795,60000,300,7.455615399998351,7.40625,True
cx0.9_mut0.3,0.9,0.3,test_1,0,18,60,46.660934470559525,44.6723655395381,60000,300,8.542198299997835,8.46875,True
cx0.9_mut0.3,0.9,0.3,test_1,0,19,61,42.200493503995474,40.53736761359934,60000,300,7.360269600001629,7.203125,True
cx0.9_mut0.3,0.9,0.3,test_2,1,0,142,36.633964502000204,34.96879126196905,60000,300,7.754376599998068,7.640625,True
cx0.9_mut0.3,0.9,0.3,test_2,1,1,143,38.09106906175016,36.612028450066916,60000,300,8.187641200001963,8.09375,True
cx0.9_mut0.3,0.9,0.3,test_2,1,2,144,37.177138069183236,35.895883415751285,60000,300,8.38025700000071,8.25,True
cx0.9_mut0.3,0.9,0.3,test_2,1,3,145,41.84660687420296,40.069739015154994,60000,300,8.101863700001559,8.0,True
cx0.9_mut0.3,0.9,0.3,test_2,1,4,146,38.73115794379763,36.88765357932108,60000,300,7.2566703999982565,7.1875,True
cx0.9_mut0.3,0.9,0.3,test_2,1,5,147,41.68783267080327,39.856700704029805,60000,300,7.109545200000866,7.0625,True
cx0.9_mut0.3,0.9,0.3,test_2,1,6,148,31.001236185309114,29.576298123323213,60000,300,7.493190699999104,7.328125,True
cx0.9_mut0.3,0.9,0.3,test_2,1,7,149,37.1574035431251,35.33210907965137,60000,300,8.440004500000214,8.296875,True
cx0.9_mut0.3,0.9,0.3,test_2,1,8,150,38.32766621319386,36.62496551031107,60000,300,8.423357599996962,8.390625,True
cx0.9_mut0.3,0.9,0.3,test_2,1,9,151,35.45029124174392,33.661792797448946,60000,300,7.1953352999989875,7.078125,True
cx0.9_mut0.3,0.9,0.3,test_2,1,10,152,40.979226576871945,39.35709248273727,60000,300,7.387521100001322,7.296875,True
cx0.9_mut0.3,0.9,0.3,test_2,1,11,153,37.22540831281181,35.68229475081718,60000,300,6.906532900000457,6.828125,True
cx0.9_mut0.3,0.9,0.3,test_2,1,12,154,35.325108595041414,34.02919075787477,60000,300,7.6499667999996745,7.578125,True
cx0.9_mut0.3,0.9,0.3,test_2,1,13,155,37.57608061117307,35.567943991400234,60000,300,7.276491099997656,7.140625,True
cx0.9_mut0.3,0.9,0.3,test_2,1,14,156,36.49328391923914,35.16316525402254,60000,300,7.831825699999172,7.78125,True
cx0.9_mut0.3,0.9,0.3,test_2,1,15,157,30.845214611996205,29.540269988713,60000,300,7.921231600001192,7.734375,True
cx0.9_mut0.3,0.9,0.3,test_2,1,16,158,35.908391692120055,34.23124332922254,60000,300,9.992969999999332,9.515625,True
cx0.9_mut0.3,0.9,0.3,test_2,1,17,159,39.8619588583443,37.93461221164524,60000,300,8.876471699997637,8.515625,True
cx0.9_mut0.3,0.9,0.3,test_2,1,18,160,39.9101665928727,38.29417079636735,60000,300,8.394767099998717,8.140625,True
cx0.9_mut0.3,0.9,0.3,test_2,1,19,161,41.05914882273871,39.367464084576376,60000,300,7.952752799999871,7.8125,True
cx0.9_mut0.3,0.9,0.3,test_3,2,0,242,44.28761206004147,42.3260436867797,60000,300,9.543530399998417,9.390625,True
cx0.9_mut0.3,0.9,0.3,test_3,2,1,243,36.36287407262657,34.53408814069839,60000,300,8.621981699998287,8.4375,True
cx0.9_mut0.3,0.9,0.3,test_3,2,2,244,35.187363736756,33.560112870085625,60000,300,8.737575099999958,8.46875,True
cx0.9_mut0.3,0.9,0.3,test_3,2,3,245,41.30515593585959,39.62346012547058,60000,300,8.784559499999887,8.5,True
cx0.9_mut0.3,0.9,0.3,test_3,2,4,246,40.1197293318614,38.74370054047544,60000,300,9.16576079999868,8.71875,True
cx0.9_mut0.3,0.9,0.3,test_3,2,5,247,35.49156344428677,34.13956614763106,60000,300,8.96677329999875,8.609375,True
cx0.9_mut0.3,0.9,0.3,test_3,2,6,248,39.472184482084295,37.80036794283283,60000,300,8.567254199999297,8.375,True
cx0.9_mut0.3,0.9,0.3,test_3,2,7,249,39.14840324001359,37.44318044707224,60000,300,9.861703200000193,9.546875,True
cx0.9_mut0.3,0.9,0.3,test_3,2,8,250,45.21893469966796,43.69152593280741,60000,300,9.971310000000813,9.546875,True
cx0.9_mut0.3,0.9,0.3,test_3,2,9,251,34.56016585221347,32.97886354558463,60000,300,9.607152900000074,9.0625,True
cx0.9_mut0.3,0.9,0.3,test_3,2,10,252,45.45706540392742,43.50316189519126,60000,300,8.246313800002099,8.15625,True
cx0.9_mut0.3,0.9,0.3,test_3,2,11,253,33.85957872176095,32.06639385262146,60000,300,8.93791390000115,8.828125,True
cx0.9_mut0.3,0.9,0.3,test_3,2,12,254,38.51376081090155,36.832183017225326,60000,300,8.380691400001524,8.25,True
cx0.9_mut0.3,0.9,0.3,test_3,2,13,255,39.528941161894956,37.83509820902413,60000,300,9.087225300001592,8.953125,True
cx0.9_mut0.3,0.9,0.3,test_3,2,14,256,40.78950130359491,38.807211965188436,60000,300,8.822120100001484,8.765625,True
cx0.9_mut0.3,0.9,0.3,test_3,2,15,257,35.165924982721,33.66176934785581,60000,300,9.048626899999363,8.796875,True
cx0.9_mut0.3,0.9,0.3,test_3,2,16,258,35.60897041410385,33.90570819907579,60000,300,7.969324800000322,7.875,True
cx0.9_mut0.3,0.9,0.3,test_3,2,17,259,36.323809042709954,34.47192359894441,60000,300,8.916490799998428,8.8125,True
cx0.9_mut0.3,0.9,0.3,test_3,2,18,260,37.74508579140846,35.913977174493965,60000,300,8.822488099998736,8.671875,True
cx0.9_mut0.3,0.9,0.3,test_3,2,19,261,38.02829577332472,36.112443087711526,60000,300,8.488247299999784,8.453125,True
cx0.9_mut0.3,0.9,0.3,test_4,3,0,342,36.92805692367459,35.446611558962616,60000,300,7.858594599998469,7.78125,True
cx0.9_mut0.3,0.9,0.3,test_4,3,1,343,33.66327872707807,31.867017451266115,60000,300,8.472305600000254,8.421875,True
cx0.9_mut0.3,0.9,0.3,test_4,3,2,344,40.81882373129241,39.292198775624456,60000,300,8.375741699997889,8.328125,True
cx0.9_mut0.3,0.9,0.3,test_4,3,3,345,37.692866886571814,35.948129159892375,60000,300,7.857780499998626,7.8125,True
cx0.9_mut0.3,0.9,0.3,test_4,3,4,346,33.438591672280694,32.06587876718696,60000,300,8.477539199997409,8.34375,True
cx0.9_mut0.3,0.9,0.3,test_4,3,5,347,35.16615070189596,33.29368811829249,60000,300,8.240912799999933,8.1875,True
cx0.9_mut0.3,0.9,0.3,test_4,3,6,348,33.65625273450143,31.958926318873548,60000,300,8.660350900001504,8.40625,True
cx0.9_mut0.3,0.9,0.3,test_4,3,7,349,42.17587255680847,40.26593884889179,60000,300,8.070785399999295,7.90625,True
cx0.9_mut0.3,0.9,0.3,test_4,3,8,350,34.63402870475616,32.86525266165018,60000,300,9.233771100000013,9.046875,True
cx0.9_mut0.3,0.9,0.3,test_4,3,9,351,39.882314248940546,38.03181093240855,60000,300,9.607401200002641,9.34375,True
cx0.9_mut0.3,0.9,0.3,test_4,3,10,352,36.45004826475982,34.624123072312514,60000,300,9.331739500001277,9.03125,True
cx0.9_mut0.3,0.9,0.3,test_4,3,11,353,34.84026791736244,33.19108568278935,60000,300,9.717096399999718,9.34375,True
cx0.9_mut0.3,0.9,0.3,test_4,3,12,354,28.855471156157282,27.533231118314593,60000,300,9.061658599999646,8.78125,True
cx0.9_mut0.3,0.9,0.3,test_4,3,13,355,39.46349611518228,37.59133374226161,60000,300,9.032650500001182,8.8125,True
cx0.9_mut0.3,0.9,0.3,test_4,3,14,356,32.101530452288586,30.379783411344125,60000,300,8.176029799997195,7.890625,True
cx0.9_mut0.3,0.9,0.3,test_4,3,15,357,34.024093422357076,32.33169809105674,60000,300,9.80542350000178,9.59375,True
cx0.9_mut0.3,0.9,0.3,test_4,3,16,358,34.34029247456018,32.79633695722579,60000,300,8.665012000001298,8.546875,True
cx0.9_mut0.3,0.9,0.3,test_4,3,17,359,35.930304450076235,34.516830334035866,60000,300,9.014127300000837,8.9375,True
cx0.9_mut0.3,0.9,0.3,test_4,3,18,360,33.31498619743052,31.6112648193902,60000,300,8.95249799999874,8.765625,True
cx0.9_mut0.3,0.9,0.3,test_4,3,19,361,33.825874110113304,32.28501220919704,60000,300,10.174808399999165,9.796875,True
cx0.9_mut0.3,0.9,0.3,test_5,4,0,442,41.4595351184659,39.76180516377773,60000,300,8.054357600001822,7.953125,True
cx0.9_mut0.3,0.9,0.3,test_5,4,1,443,40.20522347704467,38.44418113209871,60000,300,8.445583699998679,8.40625,True
cx0.9_mut0.3,0.9,0.3,test_5,4,2,444,39.785935496870565,38.050554390989994,60000,300,8.378819900000963,8.203125,True
cx0.9_mut0.3,0.9,0.3,test_5,4,3,445,43.97355784072682,42.02966076547012,60000,300,8.88421450000169,8.5625,True
cx0.9_mut0.3,0.9,0.3,test_5,4,4,446,47.56247562334176,45.58675035868683,60000,300,8.30792609999844,8.15625,True
cx0.9_mut0.3,0.9,0.3,test_5,4,5,447,35.39758565311645,33.75301777009836,60000,300,8.740879900000436,8.5625,True
cx0.9_mut0.3,0.9,0.3,test_5,4,6,448,45.07009817743827,43.297011602778106,60000,300,8.72605289999774,8.59375,True
cx0.9_mut0.3,0.9,0.3,test_5,4,7,449,42.28908320642391,40.37685408865973,60000,300,9.350856400000339,9.15625,True
cx0.9_mut0.3,0.9,0.3,test_5,4,8,450,43.87864530720279,42.17007053611161,60000,300,8.725917300002038,8.546875,True
cx0.9_mut0.3,0.9,0.3,test_5,4,9,451,46.22375751408073,44.825816459812295,60000,300,8.952776899997843,8.765625,True
cx0.9_mut0.3,0.9,0.3,test_5,4,10,452,43.056515582576,41.27457769729109,60000,300,7.906152499999735,7.78125,True
cx0.9_mut0.3,0.9,0.3,test_5,4,11,453,43.79635210368452,42.013245884205354,60000,300,9.425927099997352,9.171875,True
cx0.9_mut0.3,0.9,0.3,test_5,4,12,454,51.12196968030772,49.11002202123127,60000,300,9.021903400000156,8.84375,True
cx0.9_mut0.3,0.9,0.3,test_5,4,13,455,45.33066001811847,43.56262617789511,60000,300,8.651043499998195,8.25,True
cx0.9_mut0.3,0.9,0.3,test_5,4,14,456,46.06343710687777,44.37535625748522,60000,300,8.460239099997125,8.125,True
cx0.9_mut0.3,0.9,0.3,test_5,4,15,457,46.838418981768626,45.01272355015585,60000,300,9.487903900000674,9.203125,True
cx0.9_mut0.3,0.9,0.3,test_5,4,16,458,41.4039313965835,39.890532573160584,60000,300,8.678218299999571,8.3125,True
cx0.9_mut0.3,0.9,0.3,test_5,4,17,459,35.93395916855001,34.18650877333404,60000,300,8.691584899999725,8.234375,True
cx0.9_mut0.3,0.9,0.3,test_5,4,18,460,45.11198127608957,43.20895109121081,60000,300,9.272229099999095,8.921875,True
cx0.9_mut0.3,0.9,0.3,test_5,4,19,461,43.29334367968309,41.527360360488935,60000,300,9.54169660000116,9.1875,True
cx0.9_mut0.3,0.9,0.3,test_6,5,0,542,39.91038874175663,37.99521389662242,60000,300,9.155104699999356,8.8125,True
cx0.9_mut0.3,0.9,0.3,test_6,5,1,543,37.16627840939143,35.635322335795614,60000,300,8.001051799998095,7.84375,True
cx0.9_mut0.3,0.9,0.3,test_6,5,2,544,42.059687400351834,40.68155084770665,60000,300,8.966843499998504,8.546875,True
cx0.9_mut0.3,0.9,0.3,test_6,5,3,545,41.78176417173833,39.8057502056486,60000,300,8.906263600001694,8.53125,True
cx0.9_mut0.3,0.9,0.3,test_6,5,4,546,43.96680611928695,42.50915725381237,60000,300,9.097052500001155,8.578125,True
cx0.9_mut0.3,0.9,0.3,test_6,5,5,547,38.742983371889906,37.033873631492774,60000,300,8.306485299999622,8.09375,True
cx0.9_mut0.3,0.9,0.3,test_6,5,6,548,36.54403873061507,34.91968312004738,60000,300,10.409476699998777,9.65625,True
cx0.9_mut0.3,0.9,0.3,test_6,5,7,549,38.36783961468034,36.80973634325042,60000,300,10.291659899998194,9.90625,True
cx0.9_mut0.3,0.9,0.3,test_6,5,8,550,36.31765270663933,34.735488885588154,60000,300,9.147897400001966,8.890625,True
cx0.9_mut0.3,0.9,0.3,test_6,5,9,551,35.450255572347075,34.01646446481621,60000,300,10.455437500000698,9.90625,True
cx0.9_mut0.3,0.9,0.3,test_6,5,10,552,39.23215179636141,37.85219807033139,60000,300,9.754476300000533,9.21875,True
cx0.9_mut0.3,0.9,0.3,test_6,5,11,553,32.95418020847231,31.662567755402566,60000,300,8.886878799999977,8.59375,True
cx0.9_mut0.3,0.9,0.3,test_6,5,12,554,48.00094715386577,46.307445830963154,60000,300,9.346198499999446,9.140625,True
cx0.9_mut0.3,0.9,0.3,test_6,5,13,555,39.29273698591551,37.679063708664394,60000,300,9.685194599998795,9.390625,True
cx0.9_mut0.3,0.9,0.3,test_6,5,14,556,40.294006132738154,38.84766079402838,60000,300,8.907404600002337,8.8125,True
cx0.9_mut0.3,0.9,0.3,test_6,5,15,557,39.47412648325284,37.82629791838568,60000,300,9.30310670000108,9.125,True
cx0.9_mut0.3,0.9,0.3,test_6,5,16,558,35.995267622965834,34.30091668691315,60000,300,9.272039200001018,9.15625,True
cx0.9_mut0.3,0.9,0.3,test_6,5,17,559,42.752530506379856,40.95092579204686,60000,300,8.595806000001176,8.375,True
cx0.9_mut0.3,0.9,0.3,test_6,5,18,560,42.47974852208364,40.73105394338427,60000,300,8.96935090000261,8.78125,True
cx0.9_mut0.3,0.9,0.3,test_6,5,19,561,33.17142691017167,31.47621810113971,60000,300,9.173645499999111,9.078125,True
cx0.9_mut0.3,0.9,0.3,test_7,6,0,642,32.44168155486267,31.067459101252293,60000,300,8.528337199997623,8.296875,True
cx0.9_mut0.3,0.9,0.3,test_7,6,1,643,41.44355568613835,39.41164912649471,60000,300,9.91637339999943,9.703125,True
cx0.9_mut0.3,0.9,0.3,test_7,6,2,644,38.416968787893644,36.579602988706554,60000,300,8.547340400000394,8.34375,True
cx0.9_mut0.3,0.9,0.3,test_7,6,3,645,33.578874618769476,31.85698902671665,60000,300,8.793261599999823,8.640625,True
cx0.9_mut0.3,0.9,0.3,test_7,6,4,646,36.37922491434367,34.80545196037549,60000,300,9.208595300002344,8.78125,True
cx0.9_mut0.3,0.9,0.3,test_7,6,5,647,40.70070446862584,38.83150624758142,60000,300,10.422167299999273,10.109375,True
cx0.9_mut0.3,0.9,0.3,test_7,6,6,648,42.194300298035444,40.45608735397177,60000,300,9.202744599999278,9.015625,True
cx0.9_mut0.3,0.9,0.3,test_7,6,7,649,35.99322680979997,34.42401668187961,60000,300,9.133199700001569,8.875,True
cx0.9_mut0.3,0.9,0.3,test_7,6,8,650,36.636853863771215,34.76117656879424,60000,300,9.004779700000654,8.65625,True
cx0.9_mut0.3,0.9,0.3,test_7,6,9,651,39.08163632897556,37.50457373008065,60000,300,9.606770599999436,9.234375,True
cx0.9_mut0.3,0.9,0.3,test_7,6,10,652,39.55072683960614,37.742911095713765,60000,300,8.854151100000308,8.53125,True
cx0.9_mut0.3,0.9,0.3,test_7,6,11,653,34.15965455235288,32.5464132428791,60000,300,9.252321399999346,8.96875,True
cx0.9_mut0.3,0.9,0.3,test_7,6,12,654,36.35492031869358,34.61664474540799,60000,300,8.841439399999217,8.671875,True
cx0.9_mut0.3,0.9,0.3,test_7,6,13,655,35.53609324668878,33.8545326583333,60000,300,8.683763199998793,8.484375,True
cx0.9_mut0.3,0.9,0.3,test_7,6,14,656,33.62522794952638,31.987713934611865,60000,300,8.77412650000042,8.671875,True
cx0.9_mut0.3,0.9,0.3,test_7,6,15,657,39.21131203775579,37.496148084910615,60000,300,8.911045199998625,8.8125,True
cx0.9_mut0.3,0.9,0.3,test_7,6,16,658,34.95729411078142,33.26778691126624,60000,300,8.623936399999366,8.53125,True
cx0.9_mut0.3,0.9,0.3,test_7,6,17,659,34.36887002467259,32.52199445882589,60000,300,8.889164000000164,8.703125,True
cx0.9_mut0.3,0.9,0.3,test_7,6,18,660,36.369415777350746,34.57770902846041,60000,300,8.95151359999727,8.8125,True
cx0.9_mut0.3,0.9,0.3,test_7,6,19,661,40.630708886316086,38.77604540361512,60000,300,8.47932149999906,8.40625,True
cx0.9_mut0.3,0.9,0.3,test_8,7,0,742,41.633082063598,39.6332753242862,60000,300,8.511664000001474,8.25,True
cx0.9_mut0.3,0.9,0.3,test_8,7,1,743,37.53899105655826,35.73931930815481,60000,300,9.447178900001745,9.34375,True
cx0.9_mut0.3,0.9,0.3,test_8,7,2,744,32.76511862013656,31.159831003397315,60000,300,9.524172900000849,9.34375,True
cx0.9_mut0.3,0.9,0.3,test_8,7,3,745,34.25520128633946,32.58612040540152,60000,300,9.237402899998415,9.09375,True
cx0.9_mut0.3,0.9,0.3,test_8,7,4,746,38.11081725733438,36.23704740098735,60000,300,9.883921599997848,9.40625,True
cx0.9_mut0.3,0.9,0.3,test_8,7,5,747,35.508861487211036,34.10116531240016,60000,300,8.876020899999276,8.6875,True
cx0.9_mut0.3,0.9,0.3,test_8,7,6,748,40.94975789891379,39.15191918751142,60000,300,9.066278300000704,8.8125,True
cx0.9_mut0.3,0.9,0.3,test_8,7,7,749,40.54732878601894,38.95470819039229,60000,300,8.631721699999616,8.390625,True
cx0.9_mut0.3,0.9,0.3,test_8,7,8,750,37.65225189009435,35.901107409850276,60000,300,10.490787799997634,9.96875,True
cx0.9_mut0.3,0.9,0.3,test_8,7,9,751,39.438223869817506,37.29305686120467,60000,300,9.031325500000094,8.828125,True
cx0.9_mut0.3,0.9,0.3,test_8,7,10,752,31.641983985490516,30.05797987848576,60000,300,9.283578499998839,9.03125,True
cx0.9_mut0.3,0.9,0.3,test_8,7,11,753,39.20662248664405,37.54399816047926,60000,300,10.252616400000989,9.65625,True
cx0.9_mut0.3,0.9,0.3,test_8,7,12,754,42.1177818191416,39.93549486280154,60000,300,8.877939399997558,8.75,True
cx0.9_mut0.3,0.9,0.3,test_8,7,13,755,42.72002000211913,40.7202164450441,60000,300,8.787474799999472,8.703125,True
cx0.9_mut0.3,0.9,0.3,test_8,7,14,756,36.591689680442855,34.86475917707046,60000,300,9.174060600002122,8.96875,True
cx0.9_mut0.3,0.9,0.3,test_8,7,15,757,37.128064876913825,35.45144557824299,60000,300,7.936551599999802,7.90625,True
cx0.9_mut0.3,0.9,0.3,test_8,7,16,758,37.75038978126043,36.01703088905488,60000,300,8.132228300000861,8.078125,True
cx0.9_mut0.3,0.9,0.3,test_8,7,17,759,40.27884872588756,38.312347505976895,60000,300,8.626636900000449,8.578125,True
cx0.9_mut0.3,0.9,0.3,test_8,7,18,760,34.3453206734105,32.87863942669392,60000,300,9.606023299998924,9.578125,True
cx0.9_mut0.3,0.9,0.3,test_8,7,19,761,40.91525223584,39.179941630228974,60000,300,8.660382100002607,8.53125,True
cx0.9_mut0.3,0.9,0.3,test_9,8,0,842,37.1649654596575,35.672636861741864,60000,300,9.142284300000028,8.609375,True
cx0.9_mut0.3,0.9,0.3,test_9,8,1,843,35.29571104751875,33.80530096239701,60000,300,8.507631000000401,8.484375,True
cx0.9_mut0.3,0.9,0.3,test_9,8,2,844,41.83232946183604,40.29665911685647,60000,300,7.792070700001204,7.75,True
cx0.9_mut0.3,0.9,0.3,test_9,8,3,845,39.3329955733944,37.945098075427566,60000,300,8.360343299998931,8.28125,True
cx0.9_mut0.3,0.9,0.3,test_9,8,4,846,41.7168847906712,40.18411181332955,60000,300,9.132125900003302,8.421875,True
cx0.9_mut0.3,0.9,0.3,test_9,8,5,847,42.35741703681421,41.09610947440366,60000,300,7.950311399999919,7.734375,True
cx0.9_mut0.3,0.9,0.3,test_9,8,6,848,43.56381112655444,42.164624574113994,60000,300,9.518090599998686,9.09375,True
cx0.9_mut0.3,0.9,0.3,test_9,8,7,849,41.128630096049974,39.587400791063104,60000,300,8.269183899999916,8.25,True
cx0.9_mut0.3,0.9,0.3,test_9,8,8,850,42.88873680821415,41.30062076324283,60000,300,8.92163349999828,8.796875,True
cx0.9_mut0.3,0.9,0.3,test_9,8,9,851,43.80103105343227,41.74093545701468,60000,300,8.145004699999845,7.921875,True
cx0.9_mut0.3,0.9,0.3,test_9,8,10,852,35.052870198545875,33.719435858093725,60000,300,8.522271500001807,8.484375,True
cx0.9_mut0.3,0.9,0.3,test_9,8,11,853,40.86665111501513,39.48651712803906,60000,300,8.583695900000748,8.546875,True
cx0.9_mut0.3,0.9,0.3,test_9,8,12,854,40.157431786483684,38.683828849226074,60000,300,9.449833099999523,9.359375,True
cx0.9_mut0.3,0.9,0.3,test_9,8,13,855,41.23611707780882,39.4990898280517,60000,300,8.130225699998846,8.125,True
cx0.9_mut0.3,0.9,0.3,test_9,8,14,856,40.73770920668656,39.298738857472514,60000,300,8.014683099998365,7.953125,True
cx0.9_mut0.3,0.9,0.3,test_9,8,15,857,38.43775588217482,36.83417651990688,60000,300,7.62718120000136,7.609375,True
cx0.9_mut0.3,0.9,0.3,test_9,8,16,858,42.46712493450537,41.18029827925863,60000,300,8.175562100001116,8.140625,True
cx0.9_mut0.3,0.9,0.3,test_9,8,17,859,40.60163392637544,39.16580214364635,60000,300,7.394046700002946,7.21875,True
cx0.9_mut0.3,0.9,0.3,test_9,8,18,860,38.525339678046876,37.02735038291399,60000,300,8.109598399998504,7.75,True
cx0.9_mut0.3,0.9,0.3,test_9,8,19,861,37.44477098524596,36.0227842002205,60000,300,9.59557429999768,8.984375,True
cx0.9_mut0.3,0.9,0.3,test_10,9,0,942,35.20681712493344,33.72267706689061,60000,300,9.184500000003027,8.96875,True
cx0.9_mut0.3,0.9,0.3,test_10,9,1,943,38.63059699380374,37.054064731402846,60000,300,9.389794599999732,8.890625,True
cx0.9_mut0.3,0.9,0.3,test_10,9,2,944,34.8092771820518,33.31549151674564,60000,300,8.423036399999546,8.3125,True
cx0.9_mut0.3,0.9,0.3,test_10,9,3,945,36.86740317096508,35.21521543060858,60000,300,8.795159699999203,8.515625,True
cx0.9_mut0.3,0.9,0.3,test_10,9,4,946,40.2122507950457,38.588083995090706,60000,300,9.088301300002058,8.859375,True
cx0.9_mut0.3,0.9,0.3,test_10,9,5,947,40.16095104259885,38.58875588552534,60000,300,9.26044130000082,9.140625,True
cx0.9_mut0.3,0.9,0.3,test_10,9,6,948,38.33594042069556,36.87117958186312,60000,300,7.931131699999241,7.796875,True
cx0.9_mut0.3,0.9,0.3,test_10,9,7,949,37.70544265253204,35.92300336081865,60000,300,9.380803399999422,9.0,True
cx0.9_mut0.3,0.9,0.3,test_10,9,8,950,37.63423547180811,35.86432449120162,60000,300,8.60869939999975,8.53125,True
cx0.9_mut0.3,0.9,0.3,test_10,9,9,951,41.03485253164571,39.22994315994738,60000,300,10.476911999998265,9.484375,True
cx0.9_mut0.3,0.9,0.3,test_10,9,10,952,38.321623101265814,36.73294231458984,60000,300,8.546246199999587,8.46875,True
cx0.9_mut0.3,0.9,0.3,test_10,9,11,953,38.58720744582795,37.020670840687266,60000,300,9.048200799999904,8.828125,True
cx0.9_mut0.3,0.9,0.3,test_10,9,12,954,35.111697843001565,33.62194597952748,60000,300,9.881013599999278,9.28125,True
cx0.9_mut0.3,0.9,0.3,test_10,9,13,955,35.522884125815224,33.95714882741741,60000,300,7.827735800001392,7.734375,True
cx0.9_mut0.3,0.9,0.3,test_10,9,14,956,40.830542977600935,39.19758933793347,60000,300,9.364171900000656,9.34375,True
cx0.9_mut0.3,0.9,0.3,test_10,9,15,957,38.675511249681584,37.032398745263045,60000,300,10.5583716000001,9.609375,True
cx0.9_mut0.3,0.9,0.3,test_10,9,16,958,36.21982351807685,34.68879756636655,60000,300,9.773873000001913,9.234375,True
cx0.9_mut0.3,0.9,0.3,test_10,9,17,959,47.36158672615786,45.58867466993257,60000,300,8.899128699998982,8.390625,True
cx0.9_mut0.3,0.9,0.3,test_10,9,18,960,34.382053841661204,32.87901751060268,60000,300,8.797188099997584,8.3125,True
cx0.9_mut0.3,0.9,0.3,test_10,9,19,961,37.11577969039848,35.3927657969907,60000,300,8.207195300001331,8.140625,True
cx0.9_mut0.5,0.9,0.5,test_1,0,0,42,47.875452968524286,45.876170826479076,60000,300,9.057406300002185,8.625,True
cx0.9_mut0.5,0.9,0.5,test_1,0,1,43,50.59033155682536,48.667979078994875,60000,300,9.166889500000252,9.0,True
cx0.9_mut0.5,0.9,0.5,test_1,0,2,44,46.627466480121576,44.913995536917156,60000,300,9.060123300001578,8.734375,True
cx0.9_mut0.5,0.9,0.5,test_1,0,3,45,47.5247077958003,45.96168330731686,60000,300,9.311048600000504,9.140625,True
cx0.9_mut0.5,0.9,0.5,test_1,0,4,46,48.28094088342767,46.30745330833913,60000,300,8.500171400002728,8.421875,True
cx0.9_mut0.5,0.9,0.5,test_1,0,5,47,58.3206276535924,56.563749084344124,60000,300,8.204491399999824,8.1875,True
cx0.9_mut0.5,0.9,0.5,test_1,0,6,48,43.820775486081146,42.073443199336054,60000,300,8.522915199999261,8.4375,True
cx0.9_mut0.5,0.9,0.5,test_1,0,7,49,47.22643141671273,45.5084458320134,60000,300,8.124068199998874,8.03125,True
cx0.9_mut0.5,0.9,0.5,test_1,0,8,50,48.164016411317164,46.19092250102358,60000,300,8.752826200001437,8.609375,True
cx0.9_mut0.5,0.9,0.5,test_1,0,9,51,48.323210635427245,46.593256580453286,60000,300,7.660804899998766,7.65625,True
cx0.9_mut0.5,0.9,0.5,test_1,0,10,52,46.14373583064599,44.396275997984816,60000,300,8.42247050000151,8.375,True
cx0.9_mut0.5,0.9,0.5,test_1,0,11,53,46.481658666986625,44.680135894688995,60000,300,7.801957499999844,7.78125,True
cx0.9_mut0.5,0.9,0.5,test_1,0,12,54,46.88972296198374,44.97147766157414,60000,300,8.934028399999079,8.84375,True
cx0.9_mut0.5,0.9,0.5,test_1,0,13,55,48.265508463432816,46.39717655658931,60000,300,9.607980400000088,9.5625,True
cx0.9_mut0.5,0.9,0.5,test_1,0,14,56,44.43649609120237,42.994082421749425,60000,300,8.51601749999827,8.4375,True
cx0.9_mut0.5,0.9,0.5,test_1,0,15,57,45.872452516212064,44.202549406304584,60000,300,7.8612700999983645,7.78125,True
cx0.9_mut0.5,0.9,0.5,test_1,0,16,58,46.54965440928382,44.5038639875741,60000,300,8.590405799997825,8.53125,True
cx0.9_mut0.5,0.9,0.5,test_1,0,17,59,46.96336586000429,45.180821746627686,60000,300,7.902372999997169,7.859375,True
cx0.9_mut0.5,0.9,0.5,test_1,0,18,60,47.33367261626112,45.6038882061604,60000,300,8.97275389999777,8.84375,True
cx0.9_mut0.5,0.9,0.5,test_1,0,19,61,53.443960621357654,51.35674388067298,60000,300,7.993962699998519,7.921875,True
cx0.9_mut0.5,0.9,0.5,test_2,1,0,142,42.2960577078661,40.43786276535916,60000,300,8.114562200000364,8.015625,True
cx0.9_mut0.5,0.9,0.5,test_2,1,1,143,40.99571193861449,39.45105223909861,60000,300,8.061588199998369,8.015625,True
cx0.9_mut0.5,0.9,0.5,test_2,1,2,144,41.067741869527424,39.548517839135904,60000,300,8.37555550000252,8.25,True
cx0.9_mut0.5,0.9,0.5,test_2,1,3,145,45.367563618786896,43.53563881949372,60000,300,8.96070569999938,8.890625,True
cx0.9_mut0.5,0.9,0.5,test_2,1,4,146,41.74140216931679,39.80555836579382,60000,300,7.956003100000089,7.90625,True
cx0.9_mut0.5,0.9,0.5,test_2,1,5,147,48.09300578203024,46.54013079390074,60000,300,8.361183200002415,8.3125,True
cx0.9_mut0.5,0.9,0.5,test_2,1,6,148,42.10487325910644,40.34579052248762,60000,300,8.511631900000793,8.46875,True
cx0.9_mut0.5,0.9,0.5,test_2,1,7,149,40.19510387407767,38.5272492052408,60000,300,8.966504299998633,8.84375,True
cx0.9_mut0.5,0.9,0.5,test_2,1,8,150,46.373357020943814,44.37855712427754,60000,300,8.393731200001639,8.296875,True
cx0.9_mut0.5,0.9,0.5,test_2,1,9,151,41.989077085716055,40.00376540728664,60000,300,7.322834499998862,7.21875,True
cx0.9_mut0.5,0.9,0.5,test_2,1,10,152,42.30874125284913,40.09496098537644,60000,300,8.400498899998638,8.1875,True
cx0.9_mut0.5,0.9,0.5,test_2,1,11,153,43.958738987616925,41.94330995030306,60000,300,8.460192400001688,8.4375,True
cx0.9_mut0.5,0.9,0.5,test_2,1,12,154,43.18582599501131,41.3138370553119,60000,300,8.635076200000185,8.578125,True
cx0.9_mut0.5,0.9,0.5,test_2,1,13,155,42.122942107699316,40.153932791745575,60000,300,8.320400799999334,8.25,True
cx0.9_mut0.5,0.9,0.5,test_2,1,14,156,52.30375849882995,50.35419000834625,60000,300,8.13231850000011,8.046875,True
cx0.9_mut0.5,0.9,0.5,test_2,1,15,157,51.698521676266196,50.08775049958094,60000,300,8.8430343,8.53125,True
cx0.9_mut0.5,0.9,0.5,test_2,1,16,158,42.65211539394445,40.70826958198723,60000,300,10.391400600001361,9.734375,True
cx0.9_mut0.5,0.9,0.5,test_2,1,17,159,46.18777036725274,44.574070945156805,60000,300,9.342077100001916,9.0,True
cx0.9_mut0.5,0.9,0.5,test_2,1,18,160,48.56500296325651,46.557635184989024,60000,300,8.422408300000825,8.234375,True
cx0.9_mut0.5,0.9,0.5,test_2,1,19,161,52.42915485609386,50.472712880783284,60000,300,9.592013200002839,9.453125,True
cx0.9_mut0.5,0.9,0.5,test_3,2,0,242,46.92772546374507,44.857379142818296,60000,300,9.423469099998329,9.1875,True
cx0.9_mut0.5,0.9,0.5,test_3,2,1,243,40.83731620567431,38.670741039751526,60000,300,8.933676200002083,8.84375,True
cx0.9_mut0.5,0.9,0.5,test_3,2,2,244,44.32661517011494,42.047492286076555,60000,300,9.410004400000616,9.15625,True
cx0.9_mut0.5,0.9,0.5,test_3,2,3,245,46.64211716175555,44.3851764431822,60000,300,10.188539099999616,9.828125,True
cx0.9_mut0.5,0.9,0.5,test_3,2,4,246,47.32836025132691,45.02720437534021,60000,300,10.424173499999597,10.109375,True
cx0.9_mut0.5,0.9,0.5,test_3,2,5,247,48.090088361141454,46.398432050827445,60000,300,10.236557100000937,9.84375,True
cx0.9_mut0.5,0.9,0.5,test_3,2,6,248,44.07884567762867,42.39307183037374,60000,300,9.645156499998848,9.390625,True
cx0.9_mut0.5,0.9,0.5,test_3,2,7,249,48.943879637951056,46.865960218397426,60000,300,10.10877949999849,9.921875,True
cx0.9_mut0.5,0.9,0.5,test_3,2,8,250,38.2987133228978,36.758056231734145,60000,300,9.45389140000043,8.96875,True
cx0.9_mut0.5,0.9,0.5,test_3,2,9,251,55.469880906431946,53.99216470041433,60000,300,10.247922299997299,9.65625,True
cx0.9_mut0.5,0.9,0.5,test_3,2,10,252,43.636424843412534,41.73436966240537,60000,300,9.227930899996863,9.046875,True
cx0.9_mut0.5,0.9,0.5,test_3,2,11,253,42.72888843410359,40.719690099210766,60000,300,9.112556199997925,9.015625,True
cx0.9_mut0.5,0.9,0.5,test_3,2,12,254,47.93100748296798,45.638256545621005,60000,300,10.187555500000599,10.015625,True
cx0.9_mut0.5,0.9,0.5,test_3,2,13,255,42.64494914893345,40.94098571724862,60000,300,9.378203200001735,9.265625,True
cx0.9_mut0.5,0.9,0.5,test_3,2,14,256,43.769960243433204,41.937874636339814,60000,300,9.812385299999733,9.65625,True
cx0.9_mut0.5,0.9,0.5,test_3,2,15,257,47.757238845758835,45.566103881956685,60000,300,9.220379200000025,8.875,True
cx0.9_mut0.5,0.9,0.5,test_3,2,16,258,49.36551851961573,47.04223848204654,60000,300,9.13060029999906,8.984375,True
cx0.9_mut0.5,0.9,0.5,test_3,2,17,259,45.78461572367668,43.89147431047173,60000,300,8.69230620000235,8.59375,True
cx0.9_mut0.5,0.9,0.5,test_3,2,18,260,45.130640912381246,43.52199266020493,60000,300,8.691113400000177,8.578125,True
cx0.9_mut0.5,0.9,0.5,test_3,2,19,261,56.05339165913164,53.615510467680146,60000,300,9.189851099999942,9.09375,True
cx0.9_mut0.5,0.9,0.5,test_4,3,0,342,44.222390136901936,42.44892409570817,60000,300,9.056860999997298,8.9375,True
cx0.9_mut0.5,0.9,0.5,test_4,3,1,343,40.17115833195398,38.1810198613257,60000,300,8.929531699999643,8.921875,True
cx0.9_mut0.5,0.9,0.5,test_4,3,2,344,43.445485533792315,41.643617560276034,60000,300,8.981255499998952,8.96875,True
cx0.9_mut0.5,0.9,0.5,test_4,3,3,345,39.979055702241965,38.21108639559198,60000,300,9.521580799999356,9.375,True
cx0.9_mut0.5,0.9,0.5,test_4,3,4,346,44.08714205815891,41.970249143039496,60000,300,9.683291900000768,9.375,True
cx0.9_mut0.5,0.9,0.5,test_4,3,5,347,41.786270035668075,39.8807587364439,60000,300,9.393481999999494,9.265625,True
cx0.9_mut0.5,0.9,0.5,test_4,3,6,348,42.37039507707786,40.70412547304764,60000,300,9.780322099999466,9.53125,True
cx0.9_mut0.5,0.9,0.5,test_4,3,7,349,40.57856790733244,38.97905734806407,60000,300,8.587641400001303,8.328125,True
cx0.9_mut0.5,0.9,0.5,test_4,3,8,350,40.34747572909403,38.39428461734789,60000,300,8.744192199999816,8.59375,True
cx0.9_mut0.5,0.9,0.5,test_4,3,9,351,42.5341594491564,41.15486538842579,60000,300,9.176946799998404,8.9375,True
cx0.9_mut0.5,0.9,0.5,test_4,3,10,352,41.77647333854023,40.327628558700816,60000,300,10.25899610000124,9.796875,True
cx0.9_mut0.5,0.9,0.5,test_4,3,11,353,44.113128204197956,42.49744569433967,60000,300,10.662865999998758,10.1875,True
cx0.9_mut0.5,0.9,0.5,test_4,3,12,354,44.97499590175223,42.9502669321184,60000,300,9.12732379999943,8.875,True
cx0.9_mut0.5,0.9,0.5,test_4,3,13,355,40.3692478656023,38.68354316840438,60000,300,9.214385699997365,8.96875,True
cx0.9_mut0.5,0.9,0.5,test_4,3,14,356,47.0835943706357,45.15139380756766,60000,300,9.581563800002186,9.34375,True
cx0.9_mut0.5,0.9,0.5,test_4,3,15,357,40.820454729074626,39.14981555226744,60000,300,10.445691299999453,10.09375,True
cx0.9_mut0.5,0.9,0.5,test_4,3,16,358,41.28471063290002,39.545363983759664,60000,300,9.974595600000612,9.71875,True
cx0.9_mut0.5,0.9,0.5,test_4,3,17,359,41.97627720869531,40.31077921038093,60000,300,9.702457900002628,9.625,True
cx0.9_mut0.5,0.9,0.5,test_4,3,18,360,37.93808492456954,36.08137403368155,60000,300,10.199185899997246,9.9375,True
cx0.9_mut0.5,0.9,0.5,test_4,3,19,361,46.52420971742741,44.85150601738429,60000,300,10.921510000000126,10.6875,True
cx0.9_mut0.5,0.9,0.5,test_5,4,0,442,47.24568469896906,45.1835419213338,60000,300,8.867784000001848,8.765625,True
cx0.9_mut0.5,0.9,0.5,test_5,4,1,443,48.20766592821787,46.00425168844944,60000,300,9.407949000000372,9.21875,True
cx0.9_mut0.5,0.9,0.5,test_5,4,2,444,45.21163182197678,43.3573683988889,60000,300,9.220102800001769,9.09375,True
cx0.9_mut0.5,0.9,0.5,test_5,4,3,445,56.664654819412455,54.76614940303294,60000,300,9.287425800001074,8.96875,True
cx0.9_mut0.5,0.9,0.5,test_5,4,4,446,47.60966820753097,45.78242852016841,60000,300,9.366597199998068,9.25,True
cx0.9_mut0.5,0.9,0.5,test_5,4,5,447,53.58317464134686,51.382641213430766,60000,300,9.71107800000027,9.46875,True
cx0.9_mut0.5,0.9,0.5,test_5,4,6,448,58.59924974998117,56.60884803638953,60000,300,9.234843999998702,9.015625,True
cx0.9_mut0.5,0.9,0.5,test_5,4,7,449,57.63644195567894,55.64663703002616,60000,300,10.66975249999814,10.25,True
cx0.9_mut0.5,0.9,0.5,test_5,4,8,450,46.17799922291619,44.329454263443964,60000,300,9.122699600000487,9.03125,True
cx0.9_mut0.5,0.9,0.5,test_5,4,9,451,51.16947892602177,49.04951148307364,60000,300,9.95404740000231,9.8125,True
cx0.9_mut0.5,0.9,0.5,test_5,4,10,452,52.512026334722634,50.76795751481694,60000,300,10.711722800002462,10.515625,True
cx0.9_mut0.5,0.9,0.5,test_5,4,11,453,49.564516477286205,47.88518681796085,60000,300,9.784736599998723,9.5,True
cx0.9_mut0.5,0.9,0.5,test_5,4,12,454,49.069208326886354,47.03444788554067,60000,300,8.726934799997252,8.421875,True
cx0.9_mut0.5,0.9,0.5,test_5,4,13,455,51.26865093346473,49.7881328215846,60000,300,9.658341800000926,9.0625,True
cx0.9_mut0.5,0.9,0.5,test_5,4,14,456,46.8749957970675,44.83786941633239,60000,300,9.059720799999923,8.671875,True
cx0.9_mut0.5,0.9,0.5,test_5,4,15,457,45.47982150629943,43.670353808944775,60000,300,10.180973999998969,9.8125,True
cx0.9_mut0.5,0.9,0.5,test_5,4,16,458,57.49433018250877,55.772675452678556,60000,300,9.525893400001223,9.09375,True
cx0.9_mut0.5,0.9,0.5,test_5,4,17,459,46.878669515735545,44.95895607177893,60000,300,9.15930920000028,8.515625,True
cx0.9_mut0.5,0.9,0.5,test_5,4,18,460,48.60586335601307,46.46023191690084,60000,300,11.759772400000656,11.1875,True
cx0.9_mut0.5,0.9,0.5,test_5,4,19,461,45.21594342754494,43.57122162469842,60000,300,10.075187200000073,9.703125,True
cx0.9_mut0.5,0.9,0.5,test_6,5,0,542,51.15543925205662,49.583367049956216,60000,300,9.569902999999613,9.328125,True
cx0.9_mut0.5,0.9,0.5,test_6,5,1,543,51.07029334536848,49.21216279127095,60000,300,9.322542799996882,9.03125,True
cx0.9_mut0.5,0.9,0.5,test_6,5,2,544,45.806708118905966,43.96572697421037,60000,300,9.75983460000134,9.3125,True
cx0.9_mut0.5,0.9,0.5,test_6,5,3,545,46.0933946640408,44.282210988287716,60000,300,10.353979100000288,9.828125,True
cx0.9_mut0.5,0.9,0.5,test_6,5,4,546,47.2729540383117,45.62342896622549,60000,300,8.790635800000018,8.4375,True
cx0.9_mut0.5,0.9,0.5,test_6,5,5,547,44.388100486603996,42.62345257691575,60000,300,9.35332550000021,9.125,True
cx0.9_mut0.5,0.9,0.5,test_6,5,6,548,47.21019978621269,45.37067295640784,60000,300,10.164845300001616,9.125,True
cx0.9_mut0.5,0.9,0.5,test_6,5,7,549,52.82259160858202,50.88679335037954,60000,300,10.164839299999585,9.75,True
cx0.9_mut0.5,0.9,0.5,test_6,5,8,550,44.85289432548692,43.37310959316625,60000,300,10.258740900000703,9.9375,True
cx0.9_mut0.5,0.9,0.5,test_6,5,9,551,44.02587428290825,42.50919183104721,60000,300,10.292273399998521,9.5625,True
cx0.9_mut0.5,0.9,0.5,test_6,5,10,552,44.874017101494225,43.101847145778414,60000,300,10.685254599997279,10.1875,True
cx0.9_mut0.5,0.9,0.5,test_6,5,11,553,41.19041193818771,39.65798333647256,60000,300,9.573596099999122,9.15625,True
cx0.9_mut0.5,0.9,0.5,test_6,5,12,554,47.25995089551047,44.908535502439584,60000,300,9.795179199998529,9.5,True
cx0.9_mut0.5,0.9,0.5,test_6,5,13,555,42.73666329904426,41.11937829210138,60000,300,9.565558400001464,9.421875,True
cx0.9_mut0.5,0.9,0.5,test_6,5,14,556,50.69443993395626,49.04441317892969,60000,300,9.953452500001731,9.828125,True
cx0.9_mut0.5,0.9,0.5,test_6,5,15,557,43.455867887827466,41.641532490131546,60000,300,9.566981100000703,9.453125,True
cx0.9_mut0.5,0.9,0.5,test_6,5,16,558,47.65018336778428,45.645148511227205,60000,300,9.566523000001325,9.390625,True
cx0.9_mut0.5,0.9,0.5,test_6,5,17,559,47.18969472949219,45.102946108975104,60000,300,10.372686800001247,10.0625,True
cx0.9_mut0.5,0.9,0.5,test_6,5,18,560,44.430886297903,42.78288146242568,60000,300,9.774759700001596,9.640625,True
cx0.9_mut0.5,0.9,0.5,test_6,5,19,561,42.61004728633274,40.81891867859014,60000,300,9.107349000001705,8.9375,True
cx0.9_mut0.5,0.9,0.5,test_7,6,0,642,44.748304506554625,42.91842803261787,60000,300,9.599193599999126,9.453125,True
cx0.9_mut0.5,0.9,0.5,test_7,6,1,643,46.85697928870962,45.45430236152166,60000,300,10.549978899998678,10.265625,True
cx0.9_mut0.5,0.9,0.5,test_7,6,2,644,52.921117029411654,50.94418533887121,60000,300,9.577664300002652,9.5,True
cx0.9_mut0.5,0.9,0.5,test_7,6,3,645,48.7338578227386,46.789273541947324,60000,300,9.66078280000147,9.4375,True
cx0.9_mut0.5,0.9,0.5,test_7,6,4,646,44.137530807510714,42.191911601462344,60000,300,10.043949599999905,9.578125,True
cx0.9_mut0.5,0.9,0.5,test_7,6,5,647,53.57201403600975,51.79531434749765,60000,300,10.19632189999902,9.828125,True
cx0.9_mut0.5,0.9,0.5,test_7,6,6,648,42.93756150955749,41.059882720277905,60000,300,9.890540200001851,9.640625,True
cx0.9_mut0.5,0.9,0.5,test_7,6,7,649,44.72074105835403,43.03271625970445,60000,300,9.198590300002252,8.984375,True
cx0.9_mut0.5,0.9,0.5,test_7,6,8,650,43.1043288383298,41.03441719825741,60000,300,10.067724000000453,9.8125,True
cx0.9_mut0.5,0.9,0.5,test_7,6,9,651,44.63011928239373,42.733916947544685,60000,300,11.466927900000883,11.078125,True
cx0.9_mut0.5,0.9,0.5,test_7,6,10,652,45.74483656663393,43.62744058865769,60000,300,10.110600700001669,9.765625,True
cx0.9_mut0.5,0.9,0.5,test_7,6,11,653,47.36411005624553,45.37731292610309,60000,300,11.060084100001404,10.640625,True
cx0.9_mut0.5,0.9,0.5,test_7,6,12,654,50.13625462066778,47.8233613648585,60000,300,9.890283600001567,9.6875,True
cx0.9_mut0.5,0.9,0.5,test_7,6,13,655,42.233041431043446,40.36919049580307,60000,300,10.130846399999427,10.015625,True
cx0.9_mut0.5,0.9,0.5,test_7,6,14,656,47.904081366840735,46.4390443122585,60000,300,10.00106120000055,9.84375,True
cx0.9_mut0.5,0.9,0.5,test_7,6,15,657,46.926153027492354,45.24184169535936,60000,300,9.688222000000678,9.546875,True
cx0.9_mut0.5,0.9,0.5,test_7,6,16,658,44.91906452150265,43.48603378071445,60000,300,9.980033199997706,9.8125,True
cx0.9_mut0.5,0.9,0.5,test_7,6,17,659,51.34886596290479,49.27399115504015,60000,300,9.597975399999996,9.484375,True
cx0.9_mut0.5,0.9,0.5,test_7,6,18,660,43.32937529143745,41.56085848686313,60000,300,9.375005800000508,9.140625,True
cx0.9_mut0.5,0.9,0.5,test_7,6,19,661,45.33297951619291,43.61499607191306,60000,300,9.713732000000164,9.546875,True
cx0.9_mut0.5,0.9,0.5,test_8,7,0,742,54.425802276305404,52.0540259851634,60000,300,8.56974899999841,8.296875,True
cx0.9_mut0.5,0.9,0.5,test_8,7,1,743,47.38732132959983,45.2504040479707,60000,300,9.424489500001073,9.0625,True
cx0.9_mut0.5,0.9,0.5,test_8,7,2,744,46.75775497313634,44.70457475154442,60000,300,10.125086100000772,9.875,True
cx0.9_mut0.5,0.9,0.5,test_8,7,3,745,44.805631251495015,42.680136145479054,60000,300,9.975232799999503,9.75,True
cx0.9_mut0.5,0.9,0.5,test_8,7,4,746,44.338040849621734,41.97039625835865,60000,300,10.678451300002052,10.421875,True
cx0.9_mut0.5,0.9,0.5,test_8,7,5,747,46.78900589333663,44.86961607168096,60000,300,9.664629300001252,9.359375,True
cx0.9_mut0.5,0.9,0.5,test_8,7,6,748,42.42352974568736,40.60766450861988,60000,300,9.672928600000887,9.421875,True
cx0.9_mut0.5,0.9,0.5,test_8,7,7,749,48.000390080849435,45.92334182465554,60000,300,9.986000799999601,9.65625,True
cx0.9_mut0.5,0.9,0.5,test_8,7,8,750,43.302088072520775,41.44230567272781,60000,300,11.06185639999967,10.5625,True
cx0.9_mut0.5,0.9,0.5,test_8,7,9,751,47.11075426871279,45.52871764594229,60000,300,8.990261600003578,8.828125,True
cx0.9_mut0.5,0.9,0.5,test_8,7,10,752,47.02664516403243,45.34623948730404,60000,300,9.24044049999793,8.96875,True
cx0.9_mut0.5,0.9,0.5,test_8,7,11,753,42.26441512339022,40.34755318821839,60000,300,9.310339999999997,8.8125,True
cx0.9_mut0.5,0.9,0.5,test_8,7,12,754,45.007247654574584,43.0790383193843,60000,300,9.919239499999094,9.796875,True
cx0.9_mut0.5,0.9,0.5,test_8,7,13,755,49.58792553012364,47.9694686758685,60000,300,10.017851399999927,9.875,True
cx0.9_mut0.5,0.9,0.5,test_8,7,14,756,50.49577037549633,48.551855567077986,60000,300,9.947581399999763,9.65625,True
cx0.9_mut0.5,0.9,0.5,test_8,7,15,757,48.35276272355597,46.33727477919647,60000,300,9.69625140000062,9.609375,True
cx0.9_mut0.5,0.9,0.5,test_8,7,16,758,43.138973108831046,41.27595472635184,60000,300,9.194037400000525,9.125,True
cx0.9_mut0.5,0.9,0.5,test_8,7,17,759,44.69155569552469,43.08984198458837,60000,300,8.510892300000705,8.4375,True
cx0.9_mut0.5,0.9,0.5,test_8,7,18,760,42.02083122724965,40.185016451747664,60000,300,9.229406499998731,9.171875,True
cx0.9_mut0.5,0.9,0.5,test_8,7,19,761,46.537316338417945,44.41067181341509,60000,300,8.172892999999021,8.15625,True
cx0.9_mut0.5,0.9,0.5,test_9,8,0,842,45.54154024875619,43.717645286945725,60000,300,9.623513400001684,9.171875,True
cx0.9_mut0.5,0.9,0.5,test_9,8,1,843,45.58327466517642,43.799988921913915,60000,300,9.290588500000013,9.21875,True
cx0.9_mut0.5,0.9,0.5,test_9,8,2,844,43.90500369098102,42.15041438906811,60000,300,9.66502070000206,9.578125,True
cx0.9_mut0.5,0.9,0.5,test_9,8,3,845,44.377223824121366,42.969550586849245,60000,300,9.18470989999696,9.09375,True
cx0.9_mut0.5,0.9,0.5,test_9,8,4,846,46.64086689885125,44.72349609662584,60000,300,9.82248570000229,9.0,True
cx0.9_mut0.5,0.9,0.5,test_9,8,5,847,44.6984844470872,43.05327429580169,60000,300,9.32585299999846,9.125,True
cx0.9_mut0.5,0.9,0.5,test_9,8,6,848,46.04414885603447,44.35272935289144,60000,300,11.565489000000525,11.0,True
cx0.9_mut0.5,0.9,0.5,test_9,8,7,849,43.521886116606424,42.11811761561519,60000,300,10.307105299998511,10.15625,True
cx0.9_mut0.5,0.9,0.5,test_9,8,8,850,46.219776912203976,44.33751109792093,60000,300,9.795940599997266,9.640625,True
cx0.9_mut0.5,0.9,0.5,test_9,8,9,851,41.363493411183065,39.94959460026624,60000,300,8.99149319999924,8.890625,True
cx0.9_mut0.5,0.9,0.5,test_9,8,10,852,43.456406990601366,41.741048123096256,60000,300,8.979687999999442,8.921875,True
cx0.9_mut0.5,0.9,0.5,test_9,8,11,853,43.688006423192306,42.06490553908043,60000,300,9.369660699998349,9.3125,True
cx0.9_mut0.5,0.9,0.5,test_9,8,12,854,42.22265364122608,40.49319085688086,60000,300,10.049511099998199,10.015625,True
cx0.9_mut0.5,0.9,0.5,test_9,8,13,855,44.69345361595298,43.205694245667985,60000,300,9.005649599999742,8.953125,True
cx0.9_mut0.5,0.9,0.5,test_9,8,14,856,44.88638112509688,43.32160134151371,60000,300,9.12021950000053,9.09375,True
cx0.9_mut0.5,0.9,0.5,test_9,8,15,857,48.287089964974435,46.47994766345305,60000,300,7.910970999997517,7.890625,True
cx0.9_mut0.5,0.9,0.5,test_9,8,16,858,49.76762648730874,47.756730366026645,60000,300,8.64148010000281,8.609375,True
cx0.9_mut0.5,0.9,0.5,test_9,8,17,859,45.02455278455546,43.158432209433116,60000,300,8.788038900001993,8.625,True
cx0.9_mut0.5,0.9,0.5,test_9,8,18,860,46.477506568692874,44.699561179175696,60000,300,8.829672299998492,8.625,True
cx0.9_mut0.5,0.9,0.5,test_9,8,19,861,52.052472525532075,50.548529605062,60000,300,10.774613400000817,9.984375,True
cx0.9_mut0.5,0.9,0.5,test_10,9,0,942,45.67513014241441,43.86514027211916,60000,300,10.035399899999902,9.75,True
cx0.9_mut0.5,0.9,0.5,test_10,9,1,943,43.52297319574849,42.10734581242803,60000,300,9.547722800001793,9.125,True
cx0.9_mut0.5,0.9,0.5,test_10,9,2,944,46.095964987088514,44.17466821951102,60000,300,9.27284040000086,9.1875,True
cx0.9_mut0.5,0.9,0.5,test_10,9,3,945,45.486647107579365,43.72467834872972,60000,300,10.125597700000071,9.796875,True
cx0.9_mut0.5,0.9,0.5,test_10,9,4,946,52.641039825544446,50.913244081383326,60000,300,9.573401500001637,9.40625,True
cx0.9_mut0.5,0.9,0.5,test_10,9,5,947,40.3290908426019,38.781254080234284,60000,300,9.082712999999785,8.921875,True
cx0.9_mut0.5,0.9,0.5,test_10,9,6,948,43.971692162372904,41.97635421541075,60000,300,9.78721680000308,9.609375,True
cx0.9_mut0.5,0.9,0.5,test_10,9,7,949,46.51538655955715,45.06594066451075,60000,300,9.918008600001485,9.625,True
cx0.9_mut0.5,0.9,0.5,test_10,9,8,950,48.973758425687684,47.31100910116287,60000,300,9.092048499998782,9.03125,True
cx0.9_mut0.5,0.9,0.5,test_10,9,9,951,38.39206419216022,37.03763010231786,60000,300,10.448335799999768,9.328125,True
cx0.9_mut0.5,0.9,0.5,test_10,9,10,952,45.46558413677763,43.89578992702558,60000,300,9.203415700001642,9.078125,True
cx0.9_mut0.5,0.9,0.5,test_10,9,11,953,42.515181521860114,40.88459749580625,60000,300,10.40369930000088,9.984375,True
cx0.9_mut0.5,0.9,0.5,test_10,9,12,954,40.005435009684504,38.152416578747406,60000,300,10.469142099998862,9.984375,True
cx0.9_mut0.5,0.9,0.5,test_10,9,13,955,42.374115473476465,40.79257674351677,60000,300,9.045477399999072,8.8125,True
cx0.9_mut0.5,0.9,0.5,test_10,9,14,956,40.13544611758197,38.32835028218197,60000,300,10.187171699999453,10.125,True
cx0.9_mut0.5,0.9,0.5,test_10,9,15,957,48.30177438079149,46.255929698892466,60000,300,11.125961999998253,10.15625,True
cx0.9_mut0.5,0.9,0.5,test_10,9,16,958,48.395530006816635,46.34109660733385,60000,300,9.694919100002153,9.34375,True
cx0.9_mut0.5,0.9,0.5,test_10,9,17,959,51.719832124098545,50.14588291726657,60000,300,9.926164900000003,9.203125,True
cx0.9_mut0.5,0.9,0.5,test_10,9,18,960,44.24156555852338,42.86017354794963,60000,300,10.243348899999546,9.5625,True
cx0.9_mut0.5,0.9,0.5,test_10,9,19,961,45.65771808376869,44.0704446485572,60000,300,8.760877000000619,8.65625,True
