combo,crossover_rate,mutation_rate,instance,n_runs,n_feasible,feasible_rate,fitness_mean,fitness_median,fitness_sd,fitness_min,fitness_max,evaluations_mean,evaluations_median,evaluations_sd,evaluations_min,evaluations_max,execution_time_mean,execution_time_median,execution_time_sd,execution_time_min,execution_time_max,cpu_time_mean,cpu_time_median,cpu_time_sd,cpu_time_min,cpu_time_max
cx0.9_mut0.5,0.9,0.5,test_1,20,20,1.0,47.956709466260016,47.28005201648692,3.171631589307325,43.820775486081146,58.3206276535924,60000.0,60000.0,0.0,60000.0,60000.0,8.548198239999692,8.519466349998766,0.5544211620020122,7.660804899998766,9.607980400000088,8.4390625,8.4375,0.5063560845640152,7.65625,9.5625
cx0.9_mut0.5,0.9,0.5,test_10,20,20,1.0,45.02079649270672,45.4761156221785,3.822166741566894,38.39206419216022,52.641039825544446,60000.0,60000.0,0.0,60000.0,60000.0,9.797173155000383,9.852612700002283,0.604938993889332,8.760877000000619,11.125961999998253,9.434375,9.375,0.44082383998002744,8.65625,10.15625
cx0.9_mut0.5,0.9,0.5,test_2,20,20,1.0,44.78182332124031,42.91897069447788,3.930534154657644,40.19510387407767,52.42915485609386,60000.0,60000.0,0.0,60000.0,60000.0,8.578186005000498,8.411453599999732,0.6559874226257953,7.322834499998862,10.391400600001361,8.43359375,8.3046875,0.5579557625995918,7.21875,9.734375
cx0.9_mut0.5,0.9,0.5,test_3,20,20,1.0,46.28730889860414,46.213366442716115,4.28637172453672,38.2987133228978,56.05339165913164,60000.0,60000.0,0.0,60000.0,60000.0,9.535752519999733,9.416736749999473,0.5409445307599428,8.691113400000177,10.424173499999597,9.3015625,9.171875,0.4718673753305221,8.578125,10.109375
cx0.9_mut0.5,0.9,0.5,test_4,20,20,1.0,42.31916384273867,41.881273622181695,2.3253182693555865,37.93808492456954,47.0835943706357,60000.0,60000.0,0.0,60000.0,60000.0,9.597184074999678,9.551572300000771,0.6512968609921816,8.587641400001303,10.921510000000126,9.3734375,9.359375,0.5842800021292514,8.328125,10.6875
cx0.9_mut0.5,0.9,0.5,test_5,20,20,1.0,50.25348379147906,48.83753584144971,4.434091643039302,45.21163182197678,58.59924974998117,60000.0,60000.0,0.0,60000.0,60000.0,9.674243665000176,9.466921200000797,0.7311760441714484,8.726934799997252,11.759772400000656,9.36796875,9.15625,0.6915527043447326,8.421875,11.1875
cx0.9_mut0.5,0.9,0.5,test_6,20,20,1.0,46.33953063230051,45.95005139147338,3.1681843985378237,41.19041193818771,52.82259160858202,60000.0,60000.0,0.0,60000.0,60000.0,9.799613005000174,9.767297150001468,0.4788909121094336,8.790635800000018,10.685254599997279,9.45078125,9.4375,0.42195951273376114,8.4375,10.1875
cx0.9_mut0.5,0.9,0.5,test_7,20,20,1.0,46.58006582702659,45.53890804141342,3.3094114863576456,42.233041431043446,53.57201403600975,60000.0,60000.0,0.0,60000.0,60000.0,9.989975895000498,9.935286699999779,0.5381591906091953,9.198590300002252,11.466927900000883,9.753125,9.6640625,0.4768650624956156,8.984375,11.078125
cx0.9_mut0.5,0.9,0.5,test_8,20,20,1.0,46.22318808412309,46.64753565577715,3.1055798439916122,42.02083122724965,54.425802276305404,60000.0,60000.0,0.0,60000.0,60000.0,9.569380940000155,9.66877895000107,0.7058049491617725,8.172892999999021,11.06185639999967,9.3421875,9.390625,0.6499916971888746,8.15625,10.5625
cx0.9_mut0.5,0.9,0.5,test_9,20,20,1.0,45.422592459906724,44.95546695482617,2.479387370570789,41.363493411183065,52.052472525532075,60000.0,60000.0,0.0,60000.0,60000.0,9.452085194999745,9.308220749999236,0.8065262571895526,7.910970999997517,11.565489000000525,9.2453125,9.109375,0.6794554012367087,7.890625,11.0
cx0.9_mut0.3,0.9,0.3,test_1,20,20,1.0,41.7967794409972,41.50367999010952,3.7201862790843805,36.81360019192608,49.01234943849575,60000.0,60000.0,0.0,60000.0,60000.0,7.702894379999998,7.6272881499990035,0.3602287483739354,7.169745499999408,8.542198299997835,7.58515625,7.5390625,0.3403115636012442,7.109375,8.46875
cx0.9_mut0.3,0.9,0.3,test_10,20,20,1.0,38.13632389527837,38.01353287689893,2.9600273202845213,34.382053841661204,47.36158672615786,60000.0,60000.0,0.0,60000.0,60000.0,9.07209524000009,9.068251050000981,0.7381644585907414,7.827735800001392,10.5583716000001,8.7421875,8.84375,0.535669983678826,7.734375,9.609375
cx0.9_mut0.3,0.9,0.3,test_2,20,20,1.0,37.56441774491594,37.40074446199244,3.035833938966788,30.845214611996205,41.84660687420296,60000.0,60000.0,0.0,60000.0,60000.0,7.926638649999586,7.876528650000182,0.7223856922601049,6.906532900000457,9.992969999999332,7.78359375,7.7578125,0.6434024954691945,6.828125,9.515625
cx0.9_mut0.3,0.9,0.3,test_3,20,20,1.0,38.60874601308795,38.27102829211314,3.4914419811869615,33.85957872176095,45.45706540392742,60000.0,60000.0,0.0,60000.0,60000.0,8.927352174999942,8.869489449998582,0.5169867881530288,7.969324800000322,9.971310000000813,8.7109375,8.6953125,0.43915628680849034,7.875,9.546875
cx0.9_mut0.3,0.9,0.3,test_4,20,20,1.0,35.5601300724044,34.7371483110593,3.2015877438981564,28.855471156157282,42.17587255680847,60000.0,60000.0,0.0,60000.0,60000.0,8.839311349999843,8.80875500000002,0.6673753607396609,7.857780499998626,10.174808399999165,8.65390625,8.65625,0.5951609577113418,7.78125,9.796875
cx0.9_mut0.3,0.9,0.3,test_5,20,20,1.0,43.38982332044755,43.83749870544365,3.742835575898357,35.39758565311645,51.12196968030772,60000.0,60000.0,0.0,60000.0,60000.0,8.785214179999638,8.725985099999889,0.46428229908253354,7.906152499999735,9.54169660000116,8.546875,8.5546875,0.4310497246624558,7.78125,9.203125
cx0.9_mut0.3,0.9,0.3,test_6,20,20,1.0,39.19774085804519,39.26244439113846,3.7011386426274906,32.95418020847231,48.00094715386577,60000.0,60000.0,0.0,60000.0,60000.0,9.231568700000206,9.151501050000661,0.640115819718429,8.001051799998095,10.455437500000698,8.921875,8.8515625,0.5460167137045686,7.84375,9.90625
cx0.9_mut0.3,0.9,0.3,test_7,20,20,1.0,37.08156255374801,36.37432034584721,2.8903596223390333,32.44168155486267,42.194300298035444,60000.0,60000.0,0.0,60000.0,60000.0,9.03121760499962,8.900104599999395,0.48556271854892274,8.47932149999906,10.422167299999273,8.8125,8.6875,0.44400127244661197,8.296875,10.109375
cx0.9_mut0.3,0.9,0.3,test_8,20,20,1.0,38.05478042415863,37.93060351929741,3.1568320602170763,31.641983985490516,42.72002000211913,60000.0,60000.0,0.0,60000.0,60000.0,9.101898319999965,9.048801900000399,0.647579084947206,7.936551599999802,10.490787799997634,8.8953125,8.8203125,0.542264399028691,7.90625,9.96875
cx0.9_mut0.3,0.9,0.3,test_9,20,20,1.0,40.23049586225158,40.802180160850845,2.5453267044950874,35.052870198545875,43.80103105343227,60000.0,60000.0,0.0,60000.0,60000.0,8.46706756500007,8.314763599999424,0.6379134281309053,7.394046700002946,9.59557429999768,8.27578125,8.265625,0.5423396286652155,7.21875,9.359375
cx0.9_mut0.2,0.9,0.2,test_1,20,20,1.0,40.19412405484785,38.98841287695359,4.995258209688323,32.0163976077515,47.98492135191826,60000.0,60000.0,0.0,60000.0,60000.0,7.4241008849996435,7.426394749998508,0.5569434099480801,6.388954199999716,8.341424800000823,7.32265625,7.390625,0.5056037491061527,6.359375,8.0
cx0.9_mut0.2,0.9,0.2,test_10,20,20,1.0,35.9418540460616,35.50760763079593,3.1134486433613033,30.783232987194975,43.38906285390283,60000.0,60000.0,0.0,60000.0,60000.0,8.851910239999961,8.834232450000854,0.6559422322589892,7.746434699998645,10.292810899998585,8.525,8.5078125,0.47707519337267895,7.671875,9.34375
cx0.9_mut0.2,0.9,0.2,test_2,20,20,1.0,34.80483635386494,35.207251742906735,3.237568814378707,29.68069194037006,42.56215499260182,60000.0,60000.0,0.0,60000.0,60000.0,7.914894090000052,7.805729450001309,0.9911662071391013,6.5249928000012005,10.62336779999896,7.76796875,7.734375,0.9269870388463609,6.4375,10.25
cx0.9_mut0.2,0.9,0.2,test_3,20,20,1.0,36.105629212814065,35.85237905369378,3.7522525786988843,30.894951049954475,44.96842341879918,60000.0,60000.0,0.0,60000.0,60000.0,8.653659660000267,8.596801000001506,0.5767851922156025,7.564035600000352,9.519544700000552,8.4578125,8.4453125,0.5348201439256792,7.359375,9.28125
cx0.9_mut0.2,0.9,0.2,test_4,20,20,1.0,32.45544026048981,32.45029814636444,3.1137996332863285,28.206913777687337,40.4066154590749,60000.0,60000.0,0.0,60000.0,60000.0,8.647308040000098,8.625471449997349,0.5462064799278947,7.901574999999866,10.042366000001493,8.4546875,8.421875,0.5290905219597414,7.78125,9.890625
cx0.9_mut0.2,0.9,0.2,test_5,20,20,1.0,41.533751193785534,41.1512035651086,3.024840801017871,32.680678676976115,48.72608144660761,60000.0,60000.0,0.0,60000.0,60000.0,8.745739345000402,8.62859054999899,0.5834088082721937,7.817362100002356,9.8633144000014,8.509375,8.359375,0.5578757289463026,7.46875,9.765625
cx0.9_mut0.2,0.9,0.2,test_6,20,20,1.0,37.72411892467299,37.48617169047106,2.67162721161513,33.17838943633583,43.849256081380716,60000.0,60000.0,0.0,60000.0,60000.0,9.128623099999459,9.076269499999398,0.5673647837842613,8.303456199999346,10.59535550000146,8.80859375,8.7890625,0.5105253951281206,7.96875,9.984375
cx0.9_mut0.2,0.9,0.2,test_7,20,20,1.0,35.0739661130685,35.481321803955154,3.386133002784928,29.442703846007678,39.5049395539122,60000.0,60000.0,0.0,60000.0,60000.0,8.58889751500028,8.536434600000575,0.4978092864541991,7.9020934000000125,9.84890599999926,8.37109375,8.3359375,0.4897404184116182,7.453125,9.390625
cx0.9_mut0.2,0.9,0.2,test_8,20,20,1.0,35.794150445263064,36.49971723594326,2.8364210846583675,30.528911346047924,39.906877910805555,60000.0,60000.0,0.0,60000.0,60000.0,9.043823945000259,9.123694700001579,0.6949561492390594,7.888742799997999,10.838174399999843,8.85546875,8.9140625,0.6189027215498218,7.84375,10.453125
cx0.9_mut0.2,0.9,0.2,test_9,20,20,1.0,37.384594226108014,37.742082334063596,3.1995315303877057,29.723716976069728,42.44464267778986,60000.0,60000.0,0.0,60000.0,60000.0,8.244976090000455,8.021928500000286,0.7100106009331891,7.386132899999211,10.27788970000256,8.06484375,7.9453125,0.6763691303218256,7.0625,10.046875
cx0.9_mut0.1,0.9,0.1,test_1,20,20,1.0,38.36987587639109,37.81801688560256,4.809935151223809,31.909880837781163,49.62088716540329,60000.0,60000.0,0.0,60000.0,60000.0,7.909156945000541,7.636993899999652,0.7444191668539079,7.039437400002498,9.229651300000114,7.81484375,7.53125,0.7367468521388558,6.953125,9.125
cx0.9_mut0.1,0.9,0.1,test_10,20,20,1.0,34.60878810898075,34.207095839699974,2.651557753599192,31.18719883072878,40.013151469477336,60000.0,60000.0,0.0,60000.0,60000.0,9.720877529999779,9.532711699999709,0.9790787445787418,7.765884299999016,12.065357200001017,9.32265625,9.1171875,0.7947238605937533,7.65625,11.5
cx0.9_mut0.1,0.9,0.1,test_2,20,20,1.0,34.51129349441661,33.51589879923611,3.2043553027249763,29.897872060276143,41.72395644503327,60000.0,60000.0,0.0,60000.0,60000.0,8.701811220000128,8.928963750000548,0.9054563980708574,7.0069762000021,10.107513299997663,8.54921875,8.7578125,0.8734018976361385,6.9375,10.03125
cx0.9_mut0.1,0.9,0.1,test_3,20,20,1.0,35.84275845374015,34.73061643435342,3.737479240344565,29.351212208355367,46.82300709427792,60000.0,60000.0,0.0,60000.0,60000.0,10.01526574999989,10.028966449999643,1.0844199046495562,8.587074200000643,12.01179559999946,9.75546875,9.7890625,1.0589175649378386,8.28125,11.703125
cx0.9_mut0.1,0.9,0.1,test_4,20,20,1.0,29.62452400270135,29.086664793605998,2.4434798729145895,26.66804718539288,34.539542993545886,60000.0,60000.0,0.0,60000.0,60000.0,9.975003795000157,9.938054050000574,1.0360359928564824,8.193577400001232,12.266133999997692,9.77890625,9.6640625,1.023787731355165,8.0,12.140625
cx0.9_mut0.1,0.9,0.1,test_5,20,20,1.0,38.974602688197095,39.19770877926749,3.6350212757662947,31.768542621718296,46.940643049445775,60000.0,60000.0,0.0,60000.0,60000.0,9.985944119999658,9.958238149998579,0.7794969965812666,8.569180299997242,12.04207630000019,9.69140625,9.75,0.7164019677525119,8.359375,11.46875
cx0.9_mut0.1,0.9,0.1,test_6,20,20,1.0,37.711685470377475,37.889616681055415,3.114978395242977,32.460883986332455,45.85564874393266,60000.0,60000.0,0.0,60000.0,60000.0,10.764720255000247,10.510981400000674,1.1353972046020218,8.958702800002357,13.208756899999571,10.38671875,10.1796875,1.0751816109406513,8.6875,12.78125
cx0.9_mut0.1,0.9,0.1,test_7,20,20,1.0,34.722447977325984,34.00569728074825,3.8048360679731874,27.107429241947695,43.4746821925603,60000.0,60000.0,0.0,60000.0,60000.0,10.071621930000584,9.916047199998502,0.7970424776435331,8.367854200001602,11.57507009999972,9.84296875,9.640625,0.7983888967079347,8.28125,11.40625
cx0.9_mut0.1,0.9,0.1,test_8,20,20,1.0,34.11277274817497,34.17629292016643,3.2540412840623345,29.596342162346268,41.42488874495544,60000.0,60000.0,0.0,60000.0,60000.0,10.074490334999973,9.978835749998325,0.8684467674505166,8.240075099998649,11.176799999997456,9.853125,9.7421875,0.8072069494315113,8.15625,10.921875
cx0.9_mut0.1,0.9,0.1,test_9,20,20,1.0,36.318229008260104,36.455756688351514,2.8478109793321162,31.99999388599439,41.73501341345505,60000.0,60000.0,0.0,60000.0,60000.0,9.45214019499981,9.197293449999052,1.1739960639198412,7.540127199998096,12.565431299997726,9.25390625,9.0546875,1.0322821165822165,7.5,11.96875
cx0.9_mut0.05,0.9,0.05,test_1,20,20,1.0,39.43038681572767,39.39632330979347,4.085962920611701,32.65192134087942,48.00552112451784,60000.0,60000.0,0.0,60000.0,60000.0,9.085815244999685,8.883286899999803,1.2707164382178981,7.248838099996647,11.590993699999672,8.9875,8.8046875,1.2459597534578886,7.15625,11.390625
cx0.9_mut0.05,0.9,0.05,test_10,20,20,1.0,35.02038458411378,34.21118935167617,2.8787287310456207,31.375135546972995,42.59455706932031,60000.0,60000.0,0.0,60000.0,60000.0,10.56091254500061,10.414244349998626,1.400072150660752,8.3256029999975,12.523425499999576,10.16640625,10.0234375,1.3207202149992123,8.234375,12.359375
cx0.9_mut0.05,0.9,0.05,test_2,20,20,1.0,35.51170369760698,34.72813762442201,2.5558674416511633,30.616998165654778,41.02866312614666,60000.0,60000.0,0.0,60000.0,60000.0,9.821663320000152,9.14476950000062,1.6226087842914336,7.649229700000433,12.804555399998208,9.634375,9.0859375,1.5377931497381494,7.609375,12.421875
cx0.9_mut0.05,0.9,0.05,test_3,20,20,1.0,36.47590442313956,35.98295287762123,3.311433236812966,30.817187010812113,44.98963132381333,60000.0,60000.0,0.0,60000.0,60000.0,11.57613280500027,11.39303430000291,1.707851617916529,9.032402400000137,15.367313499999,11.2671875,11.0625,1.6208900771704837,8.890625,14.75
cx0.9_mut0.05,0.9,0.05,test_4,20,20,1.0,31.560030181415954,30.83352752277061,2.594084362641421,28.252350797974472,38.15789879729666,60000.0,60000.0,0.0,60000.0,60000.0,10.876471250000032,10.651860750000196,1.4417662909142235,8.810001300000295,13.340711799999553,10.6453125,10.359375,1.3982236219128183,8.703125,12.625
cx0.9_mut0.05,0.9,0.05,test_5,20,20,1.0,39.9291549409872,39.64148050362811,3.2340614256521625,34.07393818841313,46.9931380951261,60000.0,60000.0,0.0,60000.0,60000.0,11.260076895000385,11.153057449999324,1.7390110975079256,8.811755300001096,15.015692400000262,10.94453125,10.7734375,1.7004972409770982,8.640625,14.765625
cx0.9_mut0.05,0.9,0.05,test_6,20,20,1.0,38.269212217186755,38.85536374362279,3.8276222323669744,31.04898767781597,46.86837438703875,60000.0,60000.0,0.0,60000.0,60000.0,12.460504444999605,12.227044099998238,1.4315412777769618,10.375017400001525,15.835374000002048,12.03671875,11.8828125,1.3484014792102954,10.078125,15.140625
cx0.9_mut0.05,0.9,0.05,test_7,20,20,1.0,36.255822052943365,37.661109585178004,3.909727414018294,30.222610213696925,42.678655499110796,60000.0,60000.0,0.0,60000.0,60000.0,11.358479205000549,11.218374300000505,1.3516443349925813,9.35531600000104,14.985671099999308,11.125,10.96875,1.321271986696512,9.09375,14.59375
cx0.9_mut0.05,0.9,0.05,test_8,20,20,1.0,34.3226017795492,33.69471177374105,3.0474852825498626,29.498293617004453,40.15125252785221,60000.0,60000.0,0.0,60000.0,60000.0,11.367045010000037,11.497482249998939,1.4097994174231856,8.323855500002537,12.93805070000235,11.11328125,11.2734375,1.3235444909527032,8.28125,12.734375
cx0.9_mut0.05,0.9,0.05,test_9,20,20,1.0,37.521794885095986,38.31148589400636,2.7268192945192986,32.15477964281345,41.3838000530408,60000.0,60000.0,0.0,60000.0,60000.0,10.762984570000118,10.78316095000082,1.5339487913176189,8.305457200000092,13.569469499998377,10.54296875,10.5546875,1.4355936569310703,8.234375,13.453125
cx0.9_mut0.01,0.9,0.01,test_1,20,20,1.0,43.620880875934276,42.95864725524169,2.8727932737577317,37.83001214904375,48.704077691419776,60000.0,60000.0,0.0,60000.0,60000.0,8.936062484999457,8.679849049998666,0.9620471542795279,7.626396699997713,11.924098399998911,8.82109375,8.578125,0.9257691919878742,7.609375,11.8125
cx0.9_mut0.01,0.9,0.01,test_10,20,20,1.0,38.53798990833827,38.78288758758546,3.4117980219039086,33.35679287931645,43.76638481617638,60000.0,60000.0,0.0,60000.0,60000.0,10.723246134999863,10.87695629999871,1.490798894440812,8.158612799998082,13.718907700000273,10.340625,10.2734375,1.3491000442058831,8.140625,13.0
cx0.9_mut0.01,0.9,0.01,test_2,20,20,1.0,38.78494729944606,38.48061750924231,2.7281092796988293,35.15915765779492,46.58334068865408,60000.0,60000.0,0.0,60000.0,60000.0,10.53612804500026,10.127271650000694,1.9594808119195524,7.982548700001644,15.41102100000353,10.34375,9.8671875,1.8995243734668783,7.921875,15.0625
cx0.9_mut0.01,0.9,0.01,test_3,20,20,1.0,39.13589737627173,37.869342619905595,3.1906848462254143,34.54011657535328,45.30884415363067,60000.0,60000.0,0.0,60000.0,60000.0,11.69299916000018,11.232251799998267,2.0346230328614814,9.00067620000118,16.51017850000062,11.403125,10.8671875,1.945657434806657,8.828125,16.234375
cx0.9_mut0.01,0.9,0.01,test_4,20,20,1.0,35.41916478056513,34.47791310290183,3.5927529898236448,30.07388249112504,43.448576192581776,60000.0,60000.0,0.0,60000.0,60000.0,11.38364008999979,10.870341149999149,1.6765498806374186,9.116334400001506,14.718940899998415,11.15625,10.7265625,1.685663901205975,8.921875,14.40625
cx0.9_mut0.01,0.9,0.01,test_5,20,20,1.0,42.30040670165983,41.6971403533803,4.932670855555164,35.77988211522527,52.07767872107583,60000.0,60000.0,0.0,60000.0,60000.0,11.266387449999637,10.750173200000063,1.361077427489253,9.629380599999422,15.039723199999571,10.928125,10.5234375,1.3229863826774635,9.234375,14.765625
cx0.9_mut0.01,0.9,0.01,test_6,20,20,1.0,40.93365811355615,41.32062068691893,4.588452544154277,33.153534346025126,49.61349595115855,60000.0,60000.0,0.0,60000.0,60000.0,12.792224610000266,12.712319549998938,1.7300508378093908,9.954985199998191,16.89802320000308,12.3453125,12.4609375,1.7003266484263204,9.28125,15.359375
cx0.9_mut0.01,0.9,0.01,test_7,20,20,1.0,40.19460196230533,40.600244092021605,3.820611771957733,32.64732189278416,45.547023440966015,60000.0,60000.0,0.0,60000.0,60000.0,11.606692029999795,11.453986099999383,1.5796121293957837,9.319962800000212,14.231372300000658,11.3421875,11.1171875,1.5685647104351061,9.09375,13.90625
cx0.9_mut0.01,0.9,0.01,test_8,20,20,1.0,36.9432921297478,36.64461480431133,2.8736088616564697,30.762933816145775,42.292762559812225,60000.0,60000.0,0.0,60000.0,60000.0,12.650782894999974,12.472163599999476,1.6452956656103082,9.750674399998388,15.513725100001466,12.38203125,12.1171875,1.5769355780210612,9.4375,15.03125
cx0.9_mut0.01,0.9,0.01,test_9,20,20,1.0,40.39502369995972,40.1605791067738,3.34115530102617,35.1368359941817,49.64091078397919,60000.0,60000.0,0.0,60000.0,60000.0,10.973511270000017,10.986550399999032,1.2777608987018303,8.577616200000193,13.42564620000121,10.7625,10.9296875,1.217279392771351,8.53125,12.671875
cx0.9_mut0.001,0.9,0.001,test_1,20,20,1.0,51.250281492293354,50.75658473711498,3.782313674405387,42.302034000148204,56.94728972968355,60000.0,60000.0,0.0,60000.0,60000.0,9.109530419999647,8.7087402499983,1.104772886673188,7.933875399998215,12.2822763999975,8.99453125,8.6171875,1.1087119845104227,7.859375,12.1875
cx0.9_mut0.001,0.9,0.001,test_10,20,20,1.0,46.241294133267864,45.369045250669465,5.473948799345391,38.34245818117186,60.859006433900106,60000.0,60000.0,0.0,60000.0,60000.0,10.766958295000222,10.689258599999448,1.550282115788299,8.454960499999288,14.806725400001596,10.41953125,10.328125,1.4443333276316677,8.390625,14.328125
cx0.9_mut0.001,0.9,0.001,test_2,20,20,1.0,45.711247545359996,46.64263482910988,4.795295496351706,39.266736072788596,53.426399437286214,60000.0,60000.0,0.0,60000.0,60000.0,9.145907314999931,9.142490399999588,0.9392379362063917,8.042815400000109,11.403069400003005,8.98828125,9.0,0.8391975596975378,7.90625,10.859375
cx0.9_mut0.001,0.9,0.001,test_3,20,20,1.0,44.80484312131503,44.26052779071426,3.323753304758292,38.02240206175978,51.56282707981438,60000.0,60000.0,0.0,60000.0,60000.0,11.21445923500014,10.901526800000283,1.4442250784290278,9.417931800002407,13.746454600001016,10.9359375,10.59375,1.371593230265158,9.203125,13.359375
cx0.9_mut0.001,0.9,0.001,test_4,20,20,1.0,38.78716046251891,38.29384925139223,3.1337377498539416,34.90022917020609,46.73502041873837,60000.0,60000.0,0.0,60000.0,60000.0,10.515395690000332,10.238239000000249,1.2245334926859526,9.067143600001145,13.69946980000168,10.28515625,9.984375,1.1886342726023569,8.875,13.234375
cx0.9_mut0.001,0.9,0.001,test_5,20,20,1.0,50.64860677196992,49.952814902927294,4.367808807327916,43.377222237904725,60.186200018238814,60000.0,60000.0,0.0,60000.0,60000.0,10.889994934999958,10.080092199999854,1.7896685981608456,9.118669399998907,14.861217900001066,10.5859375,9.84375,1.7301320195576648,8.640625,14.6875
cx0.9_mut0.001,0.9,0.001,test_6,20,20,1.0,48.414412229455046,46.61182838786678,6.041352767574294,36.93803664317216,65.4811427662301,60000.0,60000.0,0.0,60000.0,60000.0,11.83271371000028,11.57551869999952,1.7150377656534102,9.747909699999582,15.7758986000008,11.40859375,11.2734375,1.4744715946219646,9.578125,14.78125
cx0.9_mut0.001,0.9,0.001,test_7,20,20,1.0,48.27444051784202,46.54353373358586,5.832095173207954,40.85968887266078,59.84147084093899,60000.0,60000.0,0.0,60000.0,60000.0,10.811730549999993,10.34543289999965,1.0446262784578269,9.696222399998078,13.817235100003018,10.56796875,10.078125,1.0311786633021802,9.515625,13.453125
cx0.9_mut0.001,0.9,0.001,test_8,20,20,1.0,43.4409163563682,44.0603555840316,2.8267837220669376,38.87747661608271,48.61072273066541,60000.0,60000.0,0.0,60000.0,60000.0,10.819608819999667,10.504010249998828,1.2648450170568184,8.81697069999791,13.35039560000223,10.58046875,10.1796875,1.2129826744617616,8.75,12.875
cx0.9_mut0.001,0.9,0.001,test_9,20,20,1.0,46.69465397774981,46.7117654801672,3.776189041921455,38.011479030693756,53.5675501726227,60000.0,60000.0,0.0,60000.0,60000.0,9.836984924999888,9.804652600001646,0.8917856699364548,8.431867899998906,11.85948500000086,9.68515625,9.6640625,0.8207024449116023,8.34375,11.796875
cx0.7_mut0.5,0.7,0.5,test_1,20,20,1.0,46.409587940458664,45.59524157948627,3.209939949582074,42.72511190518403,53.21319999968075,60000.0,60000.0,0.0,60000.0,60000.0,8.312683129999822,8.290422450001643,0.5885998904503713,7.051883899999666,10.093306999999186,8.18359375,8.15625,0.5696023426407025,6.984375,9.84375
cx0.7_mut0.5,0.7,0.5,test_10,20,20,1.0,43.1356053668069,42.5042105321772,3.1223310678354466,38.71441437466767,50.896634369075905,60000.0,60000.0,0.0,60000.0,60000.0,9.728155625,9.764945050001188,0.62343039611464,8.39871690000291,11.05090349999955,9.42578125,9.4140625,0.5060508410641922,8.203125,10.46875
cx0.7_mut0.5,0.7,0.5,test_2,20,20,1.0,42.57233846588881,42.043648299756086,3.3411458624943573,35.72296176878591,47.52928417354284,60000.0,60000.0,0.0,60000.0,60000.0,8.587166135000189,8.503601099999287,0.7557702234355608,7.363306700000976,10.610346499997831,8.4578125,8.3984375,0.7093221056097003,7.3125,10.3125
cx0.7_mut0.5,0.7,0.5,test_3,20,20,1.0,45.527930204106106,44.072858687190994,4.468542980795317,39.00987928658801,53.65637297776595,60000.0,60000.0,0.0,60000.0,60000.0,9.594616510000014,9.453914199999417,0.667921600074635,8.798768599997857,11.043206099999225,9.35703125,9.328125,0.5695211254153861,8.578125,10.484375
cx0.7_mut0.5,0.7,0.5,test_4,20,20,1.0,40.29535304162941,40.55211777048609,2.8879983323419167,35.869489391767935,45.05542937418218,60000.0,60000.0,0.0,60000.0,60000.0,9.498223295000571,9.485069150001436,0.4592831424367407,8.860946800003148,10.51899770000091,9.32109375,9.3125,0.4275920797167707,8.75,10.296875
cx0.7_mut0.5,0.7,0.5,test_5,20,20,1.0,49.57813745528484,49.34496612093701,3.505614899848574,43.61055114352871,55.86109445321845,60000.0,60000.0,0.0,60000.0,60000.0,9.62896281500034,9.466473299999052,0.6264193621140828,8.483681999998225,10.839016599999013,9.3390625,9.21875,0.5648502618009298,8.328125,10.265625
cx0.7_mut0.5,0.7,0.5,test_6,20,20,1.0,46.108070567456444,45.80576820076034,3.843553758535555,40.322519582645114,53.21845974425737,60000.0,60000.0,0.0,60000.0,60000.0,9.78154483500075,9.802032000001418,0.6645215917717515,8.732713700002932,11.058996100000513,9.44296875,9.40625,0.5845520902160789,8.578125,10.46875
cx0.7_mut0.5,0.7,0.5,test_7,20,20,1.0,44.71682330025331,44.11256402352285,4.122007586274549,39.52866256722606,56.81245591105078,60000.0,60000.0,0.0,60000.0,60000.0,9.875242395000168,9.829133999999613,0.43337701407280654,9.133275799998955,10.853802000001451,9.64609375,9.59375,0.4435169826953019,8.5625,10.453125
cx0.7_mut0.5,0.7,0.5,test_8,20,20,1.0,45.12739951530581,44.79387253203038,2.6844097063153445,41.606196896158856,51.376917440076525,60000.0,60000.0,0.0,60000.0,60000.0,9.874535709999872,9.94584444999964,0.52939505639202,9.099794100002327,10.888227800001914,9.6390625,9.71875,0.5162575864422823,8.90625,10.75
cx0.7_mut0.5,0.7,0.5,test_9,20,20,1.0,44.7818264851653,45.35477780930081,3.031400504157485,37.85977675754381,50.1587381785415,60000.0,60000.0,0.0,60000.0,60000.0,9.192319380000118,9.342715299999327,0.7452436965032988,7.611223200001405,10.526321699999244,8.96640625,9.171875,0.7028649921306572,7.546875,9.953125
cx0.7_mut0.3,0.7,0.3,test_1,20,20,1.0,42.454813250895,41.4923331464435,5.698158280782773,32.803444234313304,54.88475991855369,60000.0,60000.0,0.0,60000.0,60000.0,7.633132344999831,7.518280050000612,0.5945494705424818,6.565702799998689,8.687305999999808,7.52421875,7.4140625,0.5408496785562582,6.53125,8.421875
cx0.7_mut0.3,0.7,0.3,test_10,20,20,1.0,37.64532078924274,38.64508410071771,3.320762141268372,32.51758237340024,45.51430487290611,60000.0,60000.0,0.0,60000.0,60000.0,8.788975364999896,8.81465604999903,0.8138720996961539,7.487857399999484,10.842597300001216,8.4984375,8.609375,0.6949525051217529,7.453125,10.53125
cx0.7_mut0.3,0.7,0.3,test_2,20,20,1.0,37.940398961669445,38.33324659986944,2.8244401980835034,32.78185301399949,44.319026568858874,60000.0,60000.0,0.0,60000.0,60000.0,7.8730933999999255,7.716821100000743,0.434982279469877,7.002203599997301,8.659985700000107,7.7609375,7.6328125,0.4125305261830871,6.875,8.484375
cx0.7_mut0.3,0.7,0.3,test_3,20,20,1.0,38.212067123345115,36.74472734856854,4.51288609269345,30.18364732603026,45.16881700966335,60000.0,60000.0,0.0,60000.0,60000.0,8.878406419999738,8.677419250001549,0.7841215898757778,7.488729599997896,10.324789900001633,8.61875,8.4765625,0.6597338603159371,7.40625,9.734375
cx0.7_mut0.3,0.7,0.3,test_4,20,20,1.0,33.74460873836391,33.95702455712552,2.551205357469948,29.65016750134022,39.17608912839764,60000.0,60000.0,0.0,60000.0,60000.0,8.682859459999964,8.699571399998604,0.41423199494378027,7.951479899998958,9.700849700002436,8.52890625,8.5234375,0.3946755451996214,7.671875,9.484375
cx0.7_mut0.3,0.7,0.3,test_5,20,20,1.0,43.30521286893252,44.15135057206392,3.2374366408069886,37.82324656825731,48.48806975285041,60000.0,60000.0,0.0,60000.0,60000.0,8.851211704999878,8.724180850000266,0.5588306468406277,7.931398299999273,9.872096700000839,8.58828125,8.4765625,0.4773680099249122,7.734375,9.453125
cx0.7_mut0.3,0.7,0.3,test_6,20,20,1.0,38.84477460575654,38.12049428703953,3.3666226505469488,33.97869223628236,45.10494440429617,60000.0,60000.0,0.0,60000.0,60000.0,9.282315449999988,9.181336150000789,0.7132145144905522,8.363936599998851,10.699380199999723,8.9765625,8.90625,0.6101336370818152,8.21875,10.484375
cx0.7_mut0.3,0.7,0.3,test_7,20,20,1.0,38.272865000409034,37.573395847032494,3.0601766033961457,32.94869120661648,44.94152507491298,60000.0,60000.0,0.0,60000.0,60000.0,9.054989335000027,9.075311850001526,0.40306622219954014,8.397141400000692,9.832194200000231,8.82109375,8.921875,0.4241524479907114,7.90625,9.5625
cx0.7_mut0.3,0.7,0.3,test_8,20,20,1.0,38.227797042951394,38.671150126076455,2.9284599441941555,31.920784225717213,43.71714800633554,60000.0,60000.0,0.0,60000.0,60000.0,9.14913455499991,9.10799495000174,0.7173801008818883,7.997992799999338,11.601864099997329,8.9171875,8.859375,0.6093033021248638,7.859375,10.984375
cx0.7_mut0.3,0.7,0.3,test_9,20,20,1.0,39.493252443239456,39.70637530668162,4.40863666177754,32.118569689627236,46.78870694537484,60000.0,60000.0,0.0,60000.0,60000.0,8.434764135000297,8.467064050000772,0.7304150594889166,7.441367400002491,10.822754900000291,8.2125,8.21875,0.6065830948739357,7.40625,9.84375
cx0.7_mut0.2,0.7,0.2,test_1,20,20,1.0,39.424372512362595,38.69374892750271,3.962771266500456,33.33191047228002,47.26329596319772,60000.0,60000.0,0.0,60000.0,60000.0,7.699857560000237,7.579895250000845,0.460363808901163,6.916498499998852,8.494492600002559,7.5953125,7.4453125,0.4122750333515237,6.875,8.3125
cx0.7_mut0.2,0.7,0.2,test_10,20,20,1.0,36.37526961414075,35.91794787834481,3.250870224098574,32.18919287887066,44.022872751686755,60000.0,60000.0,0.0,60000.0,60000.0,8.882191299999977,8.786351650000142,0.7040244482458428,7.6867439999987255,10.126148399998783,8.55703125,8.4296875,0.5850794155426905,7.546875,9.671875
cx0.7_mut0.2,0.7,0.2,test_2,20,20,1.0,34.76179656137977,35.005226903564086,3.797744251172554,27.181826577423266,42.29804225081432,60000.0,60000.0,0.0,60000.0,60000.0,7.7578916050000775,7.617009749999852,0.5238232253393285,6.845682700000907,8.75264409999727,7.6390625,7.484375,0.5069647529077238,6.703125,8.578125
cx0.7_mut0.2,0.7,0.2,test_3,20,20,1.0,36.70352245138554,36.95513395935838,3.4459818970007836,30.315487495925566,42.28902128952488,60000.0,60000.0,0.0,60000.0,60000.0,8.801448820000406,8.648446150000382,0.6535409157204591,7.938997299999755,10.700320200001443,8.553125,8.4296875,0.5537374879779274,7.828125,9.953125
cx0.7_mut0.2,0.7,0.2,test_4,20,20,1.0,30.733974075711878,30.012105269295624,3.6897642909610955,24.282647699332653,39.9134245802554,60000.0,60000.0,0.0,60000.0,60000.0,8.755520700000124,8.711510800001633,0.5661113899420144,7.788050300001487,9.755006100000173,8.57578125,8.4453125,0.5537809957390885,7.640625,9.578125
cx0.7_mut0.2,0.7,0.2,test_5,20,20,1.0,40.56970795717432,40.094608527426715,3.308870813548974,34.50576697159696,48.52725582124359,60000.0,60000.0,0.0,60000.0,60000.0,8.682217654999477,8.500668949998726,0.6705294209884675,7.143161899999541,9.898716700001387,8.45703125,8.375,0.611193621438013,6.921875,9.609375
cx0.7_mut0.2,0.7,0.2,test_6,20,20,1.0,38.098865130226315,37.84482990747392,4.167385787065863,30.795928076317164,46.583841177824986,60000.0,60000.0,0.0,60000.0,60000.0,9.603499249999732,9.501206349999848,1.0480797280866978,8.050458999998227,11.538530900001206,9.26328125,9.2578125,0.8680005967616717,7.828125,10.890625
cx0.7_mut0.2,0.7,0.2,test_7,20,20,1.0,36.684271101921794,36.855106077732216,3.007320580447969,30.351572258096496,41.274579945321975,60000.0,60000.0,0.0,60000.0,60000.0,8.868490595000003,8.72963659999914,0.6067821651311444,8.132056700000248,10.082480300003226,8.6546875,8.5703125,0.5933798188133803,7.6875,9.84375
cx0.7_mut0.2,0.7,0.2,test_8,20,20,1.0,35.00860574248996,34.495600456590005,2.4174380119741894,31.327990310252925,39.02823769231273,60000.0,60000.0,0.0,60000.0,60000.0,8.720093910000651,8.814195950000794,0.8117034815503227,7.11623630000031,10.434009800002968,8.5,8.5546875,0.7822197928180518,7.015625,10.078125
cx0.7_mut0.2,0.7,0.2,test_9,20,20,1.0,39.08812644330395,38.83607724346278,3.17575221550892,34.008559530041005,45.28571426368328,60000.0,60000.0,0.0,60000.0,60000.0,8.54984240000049,8.201953850000791,1.04352991872939,7.05659740000192,10.986477800001012,8.334375,8.1171875,0.9280831884078404,6.9375,10.21875
cx0.7_mut0.1,0.7,0.1,test_1,20,20,1.0,38.81243028356643,40.24629298722567,4.25593508932959,29.75044636469687,45.67717139626872,60000.0,60000.0,0.0,60000.0,60000.0,8.30170645499984,8.147091900000305,0.707350168459215,7.346039599997312,10.432812499999272,8.18515625,8.03125,0.6995114564858349,7.265625,10.265625
cx0.7_mut0.1,0.7,0.1,test_10,20,20,1.0,36.19151328092064,36.46744782970517,3.106865417094389,29.53101676358061,42.51448618786659,60000.0,60000.0,0.0,60000.0,60000.0,9.626942024999698,9.61838865000027,1.0324675381656137,7.479929699999047,11.307953100000304,9.2828125,9.4296875,0.8975149010088327,7.296875,10.65625
cx0.7_mut0.1,0.7,0.1,test_2,20,20,1.0,34.26197999957873,34.20217915537245,3.371452641954816,27.712883282701057,39.29662761886231,60000.0,60000.0,0.0,60000.0,60000.0,8.592204064999715,8.420415699998557,1.1410042560306481,6.912757800000691,11.226001399998495,8.434375,8.25,1.0763011365380777,6.890625,10.96875
cx0.7_mut0.1,0.7,0.1,test_3,20,20,1.0,35.989381346248976,37.06554246916163,2.564045628853798,30.725284629548415,39.525725806941054,60000.0,60000.0,0.0,60000.0,60000.0,10.489104724999743,10.606198449999283,1.0258833366943823,8.82774309999877,12.590571000000637,10.22578125,10.0859375,1.0077372727941636,8.53125,12.359375
cx0.7_mut0.1,0.7,0.1,test_4,20,20,1.0,31.924253714337816,31.26986444757673,3.501012821706602,26.78411868604382,37.20816922973846,60000.0,60000.0,0.0,60000.0,60000.0,10.2482231400003,10.14808235000055,0.8709216115710317,8.930139300002338,12.186508399998274,10.04609375,10.0078125,0.8692461635730773,8.828125,12.015625
cx0.7_mut0.1,0.7,0.1,test_5,20,20,1.0,40.582780127918845,39.57702442405809,3.5569142567590486,35.49506885908122,47.36317410463894,60000.0,60000.0,0.0,60000.0,60000.0,10.316418419999717,10.142250799999601,1.4928635221700859,8.34028380000018,12.878348400001414,10.028125,9.7734375,1.4368348003236324,8.25,12.40625
cx0.7_mut0.1,0.7,0.1,test_6,20,20,1.0,39.53796291558642,39.5064669838239,3.1795238051193166,33.43736189699192,46.01872934157083,60000.0,60000.0,0.0,60000.0,60000.0,10.746202989999802,10.802835549997326,0.9183304014494983,9.020534499999485,12.798683300003177,10.40390625,10.4921875,0.811349055134775,8.859375,12.125
cx0.7_mut0.1,0.7,0.1,test_7,20,20,1.0,35.731617109130504,33.78313548448561,4.663069954127386,28.967295860737284,45.974404065044375,60000.0,60000.0,0.0,60000.0,60000.0,9.730181425000229,9.56543690000035,0.9173001245740153,8.358619599999656,11.53709489999892,9.49140625,9.3984375,0.8767967191068369,8.125,11.28125
cx0.7_mut0.1,0.7,0.1,test_8,20,20,1.0,35.26973522986728,34.46813431638551,2.572482051118352,32.133181890479996,39.63482415302741,60000.0,60000.0,0.0,60000.0,60000.0,10.196619640000062,10.272787350000726,1.215196862229933,8.09700580000208,12.739177100000234,9.93984375,10.0703125,1.173505170976066,8.046875,12.34375
cx0.7_mut0.1,0.7,0.1,test_9,20,20,1.0,36.171802187463655,36.28711896417289,2.769216050585717,30.125149105941404,40.148524847459946,60000.0,60000.0,0.0,60000.0,60000.0,9.23013175500073,9.450097450000612,1.124662472445142,7.309546599997702,11.247189100002288,9.028125,9.0546875,1.098422818929367,7.28125,11.046875
cx0.7_mut0.05,0.7,0.05,test_1,20,20,1.0,40.76850089894869,41.42419586406753,3.3187408836051477,35.256112463644925,48.33621644352116,60000.0,60000.0,0.0,60000.0,60000.0,8.953198384999997,8.568319099998916,1.2460840226167875,7.275709599998663,11.647359099999449,8.8078125,8.4296875,1.2206999835485892,7.109375,11.421875
cx0.7_mut0.05,0.7,0.05,test_10,20,20,1.0,36.84433217200516,36.99472435827637,3.3043813398830895,30.67727636237055,43.43954636445519,60000.0,60000.0,0.0,60000.0,60000.0,10.678670570000032,10.141533800000616,1.7508310790691917,8.455495400001382,15.441277299996727,10.2703125,9.9453125,1.6634965911348016,8.40625,14.828125
cx0.7_mut0.05,0.7,0.05,test_2,20,20,1.0,34.84449184441203,35.050884800092206,4.253583840917655,26.932367981061148,42.40487221788391,60000.0,60000.0,0.0,60000.0,60000.0,10.121877989999485,9.886990449998848,1.612122873589221,8.046980500002974,14.37207970000236,9.94375,9.734375,1.4916020396663587,7.984375,13.71875
cx0.7_mut0.05,0.7,0.05,test_3,20,20,1.0,36.591928508401125,35.5858363062129,3.5601565988650505,29.11160217248189,41.46920922903648,60000.0,60000.0,0.0,60000.0,60000.0,11.650123610000264,11.34508575000109,1.7179573418374916,9.328115100001014,15.49939159999849,11.38125,11.0078125,1.6803760446149514,8.90625,14.96875
cx0.7_mut0.05,0.7,0.05,test_4,20,20,1.0,31.430422666437003,31.2945003981785,2.654411947210271,27.701562608652335,39.200220806958384,60000.0,60000.0,0.0,60000.0,60000.0,11.48011824500045,11.630631100000755,1.7668666354976745,8.787234700001136,14.906680700001743,11.23359375,11.2734375,1.6882192287342577,8.71875,14.5
cx0.7_mut0.05,0.7,0.05,test_5,20,20,1.0,41.264346933780686,41.00290273224615,3.8725812440579936,32.3735937566297,50.93089767427423,60000.0,60000.0,0.0,60000.0,60000.0,11.576232540000456,11.352894800002105,1.0771799878212027,9.676733899999817,14.065294399999402,11.2171875,10.9765625,0.97751631052148,9.46875,13.65625
cx0.7_mut0.05,0.7,0.05,test_6,20,20,1.0,37.7486297853368,38.40117019563898,3.6007936104532443,30.52015487527879,44.795063530295856,60000.0,60000.0,0.0,60000.0,60000.0,12.364420410000093,12.200479850000193,1.3666334239120552,10.28075489999901,15.90203079999992,11.9375,11.953125,1.2276789986328718,9.875,14.3125
cx0.7_mut0.05,0.7,0.05,test_7,20,20,1.0,36.99548584456293,37.540846232786095,4.214970484084259,30.300989667555182,45.80290253168678,60000.0,60000.0,0.0,60000.0,60000.0,11.16975919999968,10.899165799999537,1.8110270985234533,8.726157400000375,14.799138999998831,10.92578125,10.4609375,1.7735787823389264,8.609375,14.640625
cx0.7_mut0.05,0.7,0.05,test_8,20,20,1.0,35.6671834406651,35.341183189549895,3.5095640906823884,29.954415015713003,42.61151729667381,60000.0,60000.0,0.0,60000.0,60000.0,11.288786150000124,11.184255750000375,1.2843478898510403,9.022202700001799,13.96216650000133,11.046875,10.9296875,1.2440648569994464,8.796875,13.734375
cx0.7_mut0.05,0.7,0.05,test_9,20,20,1.0,38.76616041864631,39.28376875717609,2.5891941230265725,30.987939459172008,43.37795237096101,60000.0,60000.0,0.0,60000.0,60000.0,10.210882240000137,10.486381150001762,1.4687567342159396,7.818858899998304,12.734284900001512,9.95859375,9.9375,1.3685111074120653,7.734375,12.671875
cx0.7_mut0.01,0.7,0.01,test_1,20,20,1.0,43.53005646327934,43.279638409202896,3.8417268492955454,35.071472793956495,53.02210873978057,60000.0,60000.0,0.0,60000.0,60000.0,9.434535804999905,9.05074760000025,1.2810825303733815,7.8134084999983315,13.162656200001948,9.3109375,8.953125,1.2749252187176974,7.765625,13.015625
cx0.7_mut0.01,0.7,0.01,test_10,20,20,1.0,39.028384068197944,37.4019482136609,4.424654687810679,32.14328233128041,46.858205895498465,60000.0,60000.0,0.0,60000.0,60000.0,11.87987549999998,12.169448250000642,1.6857873703659985,9.304375700001401,14.925496300002123,11.45,11.8046875,1.5041711467834336,9.1875,14.6875
cx0.7_mut0.01,0.7,0.01,test_2,20,20,1.0,38.62484877424803,38.80863002076046,3.1689995563154256,30.12900100674775,43.83249866798396,60000.0,60000.0,0.0,60000.0,60000.0,10.077579114999754,9.529222749999462,1.5688561994194758,8.122154000000592,13.735593299999891,9.91171875,9.4375,1.5276060545893668,8.03125,13.484375
cx0.7_mut0.01,0.7,0.01,test_3,20,20,1.0,39.30820239401974,39.29850710874349,3.3711077281336634,34.09466478698136,48.04825950343242,60000.0,60000.0,0.0,60000.0,60000.0,11.963870150000002,12.385731750002378,1.5724458171241718,7.827583800000866,14.911473599997407,11.6234375,11.9765625,1.5288977300377138,7.671875,14.390625
cx0.7_mut0.01,0.7,0.01,test_4,20,20,1.0,33.320491030923456,32.45058094259667,2.8850957706969473,29.05814957708438,39.14231277974925,60000.0,60000.0,0.0,60000.0,60000.0,11.825573820000136,11.25933729999997,1.6600514920453664,9.68106009999974,15.088447300000553,11.5765625,10.9765625,1.5993588417768345,9.59375,14.6875
cx0.7_mut0.01,0.7,0.01,test_5,20,20,1.0,41.866337719510526,42.20229155561117,3.352538558052752,35.45745349543937,48.50372004826819,60000.0,60000.0,0.0,60000.0,60000.0,11.284883550000085,11.090149999999994,1.141518228919644,9.671644299996842,13.97189630000139,10.9828125,10.75,1.1233757920795084,9.109375,13.640625
cx0.7_mut0.01,0.7,0.01,test_6,20,20,1.0,40.7461283731422,41.08404653274039,4.049503491357603,34.574934974673575,48.10576055685243,60000.0,60000.0,0.0,60000.0,60000.0,12.708479869999792,12.969102299999577,2.378807670851255,9.611952700000984,19.01937899999757,12.2765625,12.453125,2.2499777274116926,9.421875,18.140625
cx0.7_mut0.01,0.7,0.01,test_7,20,20,1.0,39.68248369763625,39.720658559547516,4.030176447182397,31.18502620215015,45.74342080707866,60000.0,60000.0,0.0,60000.0,60000.0,10.937039205000474,10.65515885000059,1.0793754478461566,9.604126000001997,13.408628900000622,10.6890625,10.3671875,1.0296900581990425,9.390625,13.109375
cx0.7_mut0.01,0.7,0.01,test_8,20,20,1.0,38.68675002044158,38.171473064845344,3.781530437775071,32.77624544409635,47.592966761809855,60000.0,60000.0,0.0,60000.0,60000.0,12.173076980000406,12.068528750000041,1.8627344242422348,9.082223400000657,16.13543799999752,11.8828125,11.84375,1.77459007150243,9.0,15.65625
cx0.7_mut0.01,0.7,0.01,test_9,20,20,1.0,39.89019970859204,39.81246322152041,3.8214894762676366,34.894167091241094,49.17433920313872,60000.0,60000.0,0.0,60000.0,60000.0,11.028581435000342,10.852207500000077,1.7303232959731687,8.49801540000044,14.827190800002427,10.78359375,10.703125,1.5987109563125792,8.484375,13.765625
cx0.7_mut0.001,0.7,0.001,test_1,20,20,1.0,48.954959222467,48.37726651380292,5.094537700228707,40.67963224436777,59.611543494922124,60000.0,60000.0,0.0,60000.0,60000.0,8.989274269999987,8.66585915000178,0.8661235611494005,8.030210400000215,11.36889919999885,8.88046875,8.5546875,0.8023030909789691,7.96875,11.15625
cx0.7_mut0.001,0.7,0.001,test_10,20,20,1.0,44.7868682744447,43.82136004655766,3.546630580171949,38.27666329085414,53.57013141163289,60000.0,60000.0,0.0,60000.0,60000.0,10.58701708499957,10.198601050000434,1.2678912115703906,9.047166699998343,14.511711700000888,10.21953125,9.9453125,1.1534179733192937,9.0,14.03125
cx0.7_mut0.001,0.7,0.001,test_2,20,20,1.0,46.39086045527405,46.350457034142224,4.001643941364792,40.60140034374156,53.69328761415849,60000.0,60000.0,0.0,60000.0,60000.0,9.477375580000261,8.967414500000814,1.7860655120342173,7.607522599999356,15.368761000001541,9.30234375,8.8828125,1.6561357566731207,7.5625,14.796875
cx0.7_mut0.001,0.7,0.001,test_3,20,20,1.0,46.958293207422926,47.009164423213406,4.676160065529835,37.942252016158555,54.760609509515284,60000.0,60000.0,0.0,60000.0,60000.0,10.925521474999368,10.372564249999414,1.4339752860540844,9.318968899999163,14.45949169999949,10.671875,10.1171875,1.3484465050470797,9.15625,14.0625
cx0.7_mut0.001,0.7,0.001,test_4,20,20,1.0,42.4883345839299,41.61508436804655,4.737582620626463,35.86334290023085,53.71566265577923,60000.0,60000.0,0.0,60000.0,60000.0,10.63874713000023,10.359800399999585,1.0125429761267224,9.254074600001331,13.009004100000311,10.396875,10.015625,0.9661387770466301,9.171875,12.5
cx0.7_mut0.001,0.7,0.001,test_5,20,20,1.0,51.888624292714965,51.436695862842946,4.444960610702064,44.52270935335495,59.51379409212149,60000.0,60000.0,0.0,60000.0,60000.0,10.698405244999957,10.290697500000533,1.2554629669178128,9.347306499999831,14.045433200000843,10.3984375,10.1171875,1.1898403617076891,8.921875,13.578125
cx0.7_mut0.001,0.7,0.001,test_6,20,20,1.0,48.38153561493044,48.889839874885496,4.080229506452982,42.00881540210859,59.36306588972242,60000.0,60000.0,0.0,60000.0,60000.0,12.127250965000167,11.897577350000574,1.540875568492048,9.807691599999089,15.856740300001547,11.64921875,11.59375,1.3571610733699682,9.234375,14.296875
cx0.7_mut0.001,0.7,0.001,test_7,20,20,1.0,48.76746458521291,50.43074147525388,5.498394473780204,40.26378827675076,58.98114309822811,60000.0,60000.0,0.0,60000.0,60000.0,11.71473632499983,11.433637799998905,2.046341169890406,9.440173999999388,15.334793900001387,11.4453125,11.2578125,1.963020982431697,9.21875,14.890625
cx0.7_mut0.001,0.7,0.001,test_8,20,20,1.0,45.65247261227172,46.232074455227355,3.5156504101568036,39.52682475335499,50.847629476718865,60000.0,60000.0,0.0,60000.0,60000.0,11.266092000000208,10.778941599999598,1.6692673027854044,9.477682900000218,15.25082570000086,11.009375,10.5078125,1.6307653292888362,9.375,14.8125
cx0.7_mut0.001,0.7,0.001,test_9,20,20,1.0,48.629556813849945,49.022233396746394,3.745259261320777,40.41164400580596,57.00887742588798,60000.0,60000.0,0.0,60000.0,60000.0,10.310550340000555,10.022727000001396,1.8193482939257857,8.663167499998963,16.241333599999052,10.053125,9.5546875,1.6834014555436012,8.53125,15.40625
cx0.5_mut0.5,0.5,0.5,test_1,20,20,1.0,45.64753888544498,44.844593090313865,4.19601272301367,40.21174216933895,56.32829328167498,60000.0,60000.0,0.0,60000.0,60000.0,8.305942205000429,8.223411999999371,0.5189193224405595,7.540628900002048,9.648569000000862,8.165625,8.1015625,0.4818189135562513,7.3125,9.203125
cx0.5_mut0.5,0.5,0.5,test_10,20,20,1.0,43.36843221574802,42.77858781036355,4.192597616500793,37.47120038316607,50.98900434543953,60000.0,60000.0,0.0,60000.0,60000.0,9.671341035001024,9.490109050000683,0.6956110135786826,8.549315200001729,11.05262440000297,9.36328125,9.2734375,0.6083699327903667,8.34375,10.4375
cx0.5_mut0.5,0.5,0.5,test_2,20,20,1.0,42.108349834196844,41.50786975636519,4.583032634730036,34.68311766191503,52.76845128963159,60000.0,60000.0,0.0,60000.0,60000.0,8.510394449999694,8.575671849999708,0.68609988141061,7.201927499998419,10.404553099997429,8.371875,8.3359375,0.6256904081429611,7.125,10.15625
cx0.5_mut0.5,0.5,0.5,test_3,20,20,1.0,46.44463077137046,46.15220937705409,4.04845904663707,40.2864570808813,54.19530082870502,60000.0,60000.0,0.0,60000.0,60000.0,9.68078936999973,9.689938249999614,0.67962238481566,8.104151299998193,11.862747999999556,9.425,9.484375,0.4785596364695781,8.015625,10.53125
cx0.5_mut0.5,0.5,0.5,test_4,20,20,1.0,39.98187426441879,39.33832884745579,2.3681532898905933,35.64091695930923,44.73921055183399,60000.0,60000.0,0.0,60000.0,60000.0,9.635291310000321,9.64471444999981,0.6208169936419166,8.247393600002397,10.446807999996963,9.4484375,9.5,0.5771595779799096,8.15625,10.140625
cx0.5_mut0.5,0.5,0.5,test_5,20,20,1.0,48.9254299810298,48.28191031303233,4.3387453959807205,42.468333564506715,55.99248158991475,60000.0,60000.0,0.0,60000.0,60000.0,9.43684406500015,9.47410205000051,0.4058759878455387,8.944517100000667,10.654052199999569,9.1671875,9.1328125,0.2812545686763431,8.734375,9.703125
cx0.5_mut0.5,0.5,0.5,test_6,20,20,1.0,44.497883015208885,43.80738525173808,4.676009208608094,37.59991850718671,56.254802621485524,60000.0,60000.0,0.0,60000.0,60000.0,10.139684864999982,9.854839649999121,0.9137862826708415,8.893822899997758,12.576459899999463,9.79609375,9.5703125,0.7420680305507443,8.78125,11.59375
cx0.5_mut0.5,0.5,0.5,test_7,20,20,1.0,44.576780517626915,43.722558668850496,3.450979797856674,38.80799188954944,49.96823991936753,60000.0,60000.0,0.0,60000.0,60000.0,9.81271901,9.793940200001089,0.3561126093116056,9.158883700001752,10.508162599999196,9.603125,9.578125,0.3446981540916785,9.046875,10.21875
cx0.5_mut0.5,0.5,0.5,test_8,20,20,1.0,43.468294624924276,43.05940618434319,3.6687639058386026,38.07355144235889,50.25493267619622,60000.0,60000.0,0.0,60000.0,60000.0,9.652897520000078,9.706091349999042,0.6091868399281531,8.56242100000236,10.599346399998467,9.36328125,9.3828125,0.46866432879394776,8.453125,10.203125
cx0.5_mut0.5,0.5,0.5,test_9,20,20,1.0,44.4539283431834,45.05358634808096,3.684876338550537,38.29635666885482,52.63217416902702,60000.0,60000.0,0.0,60000.0,60000.0,9.642302315000233,9.095932700001867,1.3193673679981721,7.951822499999253,13.273711499998171,9.4390625,9.078125,1.113172244778881,7.78125,12.375
cx0.5_mut0.3,0.5,0.3,test_1,20,20,1.0,41.99240293764114,42.24365657077685,3.5486985241751645,34.49219763622768,50.533470449086074,60000.0,60000.0,0.0,60000.0,60000.0,7.741938710000068,7.56497219999801,0.651505826950825,6.966868700001214,9.574089300000196,7.61796875,7.4921875,0.5827732542874878,6.921875,9.296875
cx0.5_mut0.3,0.5,0.3,test_10,20,20,1.0,36.59658270693889,36.16596748205563,3.1497417459539543,32.015884722702374,45.829078194240715,60000.0,60000.0,0.0,60000.0,60000.0,8.934286685000734,8.902104950000648,0.5826579379371694,8.065515000002051,9.869148699999641,8.7046875,8.640625,0.5368776040007923,7.96875,9.546875
cx0.5_mut0.3,0.5,0.3,test_2,20,20,1.0,35.83496223978382,35.30834625025213,3.703850728785525,30.22030287033502,46.768838478645435,60000.0,60000.0,0.0,60000.0,60000.0,7.963467025000137,7.8715529999990395,0.5863208156015369,7.302140899999358,9.017483399999037,7.8453125,7.828125,0.5420226457628287,7.234375,8.703125
cx0.5_mut0.3,0.5,0.3,test_3,20,20,1.0,38.66790397278708,39.29355375451393,3.878368475124108,31.3918343502256,44.74841901938199,60000.0,60000.0,0.0,60000.0,60000.0,8.975684614999773,8.945631699998557,0.6808698060850576,8.122218800002884,10.729288600003201,8.734375,8.78125,0.5208936368598225,8.0,9.53125
cx0.5_mut0.3,0.5,0.3,test_4,20,20,1.0,34.63222099323106,34.145498574948505,3.0287367055542043,29.93901917610731,42.79520551424757,60000.0,60000.0,0.0,60000.0,60000.0,8.964687165000033,8.89694690000033,0.49696375365715206,7.995854600001621,9.927517299998726,8.74921875,8.75,0.41443782641725707,7.921875,9.453125
cx0.5_mut0.3,0.5,0.3,test_5,20,20,1.0,42.60462559568792,42.01798255474846,3.893560578394614,35.82113984067143,53.40278640702681,60000.0,60000.0,0.0,60000.0,60000.0,8.816834154999924,8.764768600001844,0.5097924869239469,7.974438699999155,9.992724600000656,8.57578125,8.53125,0.4268040211757339,7.890625,9.515625
cx0.5_mut0.3,0.5,0.3,test_6,20,20,1.0,39.58884446768697,39.35617403914701,3.2131228717680553,34.20210494626295,47.08439395022586,60000.0,60000.0,0.0,60000.0,60000.0,9.311661939999613,9.352451200002179,0.6399761401279774,8.38725340000019,11.001764599997841,9.00234375,8.9453125,0.5065178334312441,8.171875,9.828125
cx0.5_mut0.3,0.5,0.3,test_7,20,20,1.0,38.52491789788407,38.51739228187526,3.5971861945843964,31.15011095912932,45.78912685625032,60000.0,60000.0,0.0,60000.0,60000.0,9.01543830999999,9.087550999998712,0.36509298551901026,8.130156999999599,9.751574199999595,8.83515625,8.9375,0.3538249568972704,7.96875,9.421875
cx0.5_mut0.3,0.5,0.3,test_8,20,20,1.0,37.58815171362856,36.31163375775249,4.131178191392698,29.16966626551902,44.98570894393745,60000.0,60000.0,0.0,60000.0,60000.0,8.968299169999773,9.060059550000005,0.6565500740510072,7.602964699999575,10.17087729999912,8.74765625,8.90625,0.5397985535482926,7.578125,9.625
cx0.5_mut0.3,0.5,0.3,test_9,20,20,1.0,41.01455141841156,40.31071888056068,4.2665781412372175,32.52958501666628,50.932227315723246,60000.0,60000.0,0.0,60000.0,60000.0,8.479204964999917,8.646608500001093,0.7354489466911628,7.429189599999518,9.797493300000497,8.31171875,8.515625,0.6728682797055316,7.390625,9.171875
cx0.5_mut0.2,0.5,0.2,test_1,20,20,1.0,40.22942111740889,39.68230267933485,3.8980999573406407,32.25746920272772,46.81153094978597,60000.0,60000.0,0.0,60000.0,60000.0,7.492678784999953,7.423248449998937,0.41505211573058987,6.788040399998863,8.574909099999786,7.3953125,7.359375,0.37841441729551645,6.703125,8.46875
cx0.5_mut0.2,0.5,0.2,test_10,20,20,1.0,37.26304189710366,37.338280007217534,2.856136281837532,29.839057492861794,43.32595246811431,60000.0,60000.0,0.0,60000.0,60000.0,8.882280734999767,8.79118009999911,0.8146969971013645,7.37336950000099,10.851046800002223,8.62421875,8.6484375,0.7079326681424973,7.1875,9.96875
cx0.5_mut0.2,0.5,0.2,test_2,20,20,1.0,36.28884043634217,35.88734319584676,4.242658986603697,28.576102743511917,46.52311724621248,60000.0,60000.0,0.0,60000.0,60000.0,7.716768959999717,7.5960976499991375,0.687173682493822,6.594593499998155,9.196230800000194,7.60234375,7.5078125,0.672448022931444,6.484375,9.015625
cx0.5_mut0.2,0.5,0.2,test_3,20,20,1.0,37.127150317715234,37.330839517313244,3.8609817080012396,29.963148237125225,46.16508804332886,60000.0,60000.0,0.0,60000.0,60000.0,8.92863486500064,8.963344450001387,0.7058979571499489,7.590318900001876,10.726838799997495,8.6890625,8.7890625,0.5835758326619646,7.5,9.640625
cx0.5_mut0.2,0.5,0.2,test_4,20,20,1.0,31.79047868172657,32.34299915185387,2.8967668764555548,27.53756541373998,36.416618612095924,60000.0,60000.0,0.0,60000.0,60000.0,8.619137594999847,8.56669359999978,0.48481520515639626,7.958415700002661,9.564704299998994,8.42578125,8.3828125,0.436437708212376,7.765625,9.234375
cx0.5_mut0.2,0.5,0.2,test_5,20,20,1.0,41.89768608356857,43.07706850600555,3.187249207713389,34.197181490047555,45.76721241548568,60000.0,60000.0,0.0,60000.0,60000.0,8.890150600000378,8.823059050000666,0.7091987282700761,7.598432599999796,10.450153500001761,8.65625,8.65625,0.6566023490186751,7.515625,10.125
cx0.5_mut0.2,0.5,0.2,test_6,20,20,1.0,37.81326919055679,37.97639100975963,4.33178626234607,30.748217678437413,50.09510264136037,60000.0,60000.0,0.0,60000.0,60000.0,9.413686750000124,9.46892200000184,0.6540671577037919,8.032113200002641,10.403874099996756,9.0890625,9.1796875,0.5276849225315285,7.921875,9.953125
cx0.5_mut0.2,0.5,0.2,test_7,20,20,1.0,37.65685806932383,36.88299989650352,4.655398463002144,30.327844463362197,45.68758774876819,60000.0,60000.0,0.0,60000.0,60000.0,9.107346639999923,9.042307699999583,0.6889251418430866,8.021624999997584,10.455638700001145,8.9046875,8.9140625,0.6615524349419565,7.90625,10.265625
cx0.5_mut0.2,0.5,0.2,test_8,20,20,1.0,36.26292568090197,36.97355795641543,3.574231693360302,30.022293414411507,42.506588077384315,60000.0,60000.0,0.0,60000.0,60000.0,9.173318354999902,9.24568569999974,0.6236071198544153,8.166687299999467,10.156712100000732,8.95703125,9.0234375,0.5705940635168961,7.984375,10.015625
cx0.5_mut0.2,0.5,0.2,test_9,20,20,1.0,39.41943659507238,39.75551892758965,3.210298311222519,32.677516685361944,45.03346926523315,60000.0,60000.0,0.0,60000.0,60000.0,8.587280414999805,8.2026487000021,1.125092958507654,6.988842899998417,10.28094439999768,8.4,8.09375,1.0352593512459114,6.859375,10.140625
cx0.5_mut0.1,0.5,0.1,test_1,20,20,1.0,40.72342715604533,40.72414915749305,5.23386922917115,30.424567116059382,54.529920547456726,60000.0,60000.0,0.0,60000.0,60000.0,8.013868210000146,7.820472249999511,0.8390566278342211,6.904104799999914,9.194692600001872,7.90625,7.765625,0.7833032229888607,6.859375,9.125
cx0.5_mut0.1,0.5,0.1,test_10,20,20,1.0,36.97784379037234,37.72685140138245,3.9308059712721657,31.021810265443776,43.93017564297204,60000.0,60000.0,0.0,60000.0,60000.0,10.008267375000468,9.95630164999966,1.1922845927499537,8.297801299999264,12.24586449999697,9.7546875,9.6171875,1.106877284612341,8.21875,12.125
cx0.5_mut0.1,0.5,0.1,test_2,20,20,1.0,35.18390751510274,34.976808291374724,3.9789017978886583,29.049234716907407,45.870474698551135,60000.0,60000.0,0.0,60000.0,60000.0,8.828090625000186,8.575283899999704,0.8525459620910864,7.307568100000935,10.437360500000068,8.69453125,8.5078125,0.8040980531444679,7.171875,10.171875
cx0.5_mut0.1,0.5,0.1,test_3,20,20,1.0,36.989647705016154,36.2316516734045,4.093479614111369,30.91901676600008,44.59661379487189,60000.0,60000.0,0.0,60000.0,60000.0,10.360537395000392,10.464309450000655,0.9576151533474236,8.103108499999507,12.044857400000183,10.0921875,10.1015625,0.9400308492453291,8.015625,11.765625
cx0.5_mut0.1,0.5,0.1,test_4,20,20,1.0,30.99176369063276,30.33459745360844,3.9466531898975754,24.74533922592108,40.56112991013191,60000.0,60000.0,0.0,60000.0,60000.0,9.73852407999966,9.371774900002492,1.1227069726001755,8.103930099998252,12.245732399998815,9.5421875,9.15625,1.0431074192015992,8.015625,11.859375
cx0.5_mut0.1,0.5,0.1,test_5,20,20,1.0,39.424729940059834,38.67228922523016,4.150690188380343,32.22449394384539,47.25822010835011,60000.0,60000.0,0.0,60000.0,60000.0,10.50982708499996,10.326825500000268,1.5645091588501778,7.998697300001368,13.92235200000141,10.2109375,10.140625,1.462617551787224,7.640625,13.265625
cx0.5_mut0.1,0.5,0.1,test_6,20,20,1.0,37.537621502383764,37.873633960360046,3.763317565912046,29.228706973288606,44.83689294767796,60000.0,60000.0,0.0,60000.0,60000.0,11.192974365000191,11.168483550000019,1.2004272417417539,9.019519800000126,13.240652699998464,10.8,10.7734375,1.0860348190962728,8.90625,12.96875
cx0.5_mut0.1,0.5,0.1,test_7,20,20,1.0,34.50178423709594,35.39620736870433,4.149796578467865,28.234798334442775,41.173257039723154,60000.0,60000.0,0.0,60000.0,60000.0,10.206093865000366,9.97903695000059,1.045567354435155,8.682791799998085,13.293707700002415,9.97109375,9.8203125,1.0096964490391667,8.515625,13.109375
cx0.5_mut0.1,0.5,0.1,test_8,20,20,1.0,35.72174067471659,35.82423917710791,3.6173561256570497,29.29685591407936,43.69032857343939,60000.0,60000.0,0.0,60000.0,60000.0,10.54513095000002,10.534630599999218,1.0951224586239605,8.319160299997748,12.182152599998517,10.27265625,10.28125,1.0865774572105258,8.265625,11.8125
cx0.5_mut0.1,0.5,0.1,test_9,20,20,1.0,37.438182781452994,37.603466843743284,3.7945165543695842,28.93333102959643,43.012236135442414,60000.0,60000.0,0.0,60000.0,60000.0,9.647470170000451,9.618234949999533,1.1502463287785414,7.551040999998804,11.645121600002312,9.4359375,9.453125,1.1455530707887003,7.515625,11.59375
cx0.5_mut0.05,0.5,0.05,test_1,20,20,1.0,40.52529093697906,41.78163671905843,4.725702390083321,32.50187825989146,48.279120577293796,60000.0,60000.0,0.0,60000.0,60000.0,9.075117539999884,8.906176899999991,1.075410649773188,7.525929300001735,11.647674399999232,8.95,8.7421875,1.0411531080527467,7.484375,11.453125
cx0.5_mut0.05,0.5,0.05,test_10,20,20,1.0,38.07559700031574,37.32178613685787,3.54985221802301,33.54677722418312,45.057346545935054,60000.0,60000.0,0.0,60000.0,60000.0,11.14608200499988,11.010754650000308,1.2931933821593637,8.10458540000036,13.865041000000929,10.80703125,10.7890625,1.138559040603141,8.046875,13.265625
cx0.5_mut0.05,0.5,0.05,test_2,20,20,1.0,36.84901234936872,36.200635131548005,3.7854562845277706,30.39265241719215,45.26360322697713,60000.0,60000.0,0.0,60000.0,60000.0,9.807898715000373,9.8473603500006,1.2055357692684607,7.631166400002257,11.734527900000103,9.68046875,9.734375,1.1795360873552598,7.578125,11.609375
cx0.5_mut0.05,0.5,0.05,test_3,20,20,1.0,36.724254494714735,36.62882759939922,2.664433736466873,31.402383005382305,41.25163532078894,60000.0,60000.0,0.0,60000.0,60000.0,12.301602685000034,11.710225749999154,2.053404783888125,9.476100600000791,16.353014399999665,11.96796875,11.515625,1.8360151859263862,9.4375,14.984375
cx0.5_mut0.05,0.5,0.05,test_4,20,20,1.0,31.649137045764252,31.663133228385817,3.1044086930110213,25.143236121895573,36.60501225771759,60000.0,60000.0,0.0,60000.0,60000.0,10.868102804999761,10.6033344999978,1.702787876652882,8.56311629999982,14.22484489999988,10.65078125,10.3203125,1.6470330291577375,8.421875,13.875
cx0.5_mut0.05,0.5,0.05,test_5,20,20,1.0,40.5909201605934,40.85915784288508,3.8965129477290885,34.30461110892996,51.30141198431202,60000.0,60000.0,0.0,60000.0,60000.0,11.413402539999879,11.568837149998217,1.4942541160079135,9.007786099999066,14.047437299999729,11.06875,11.1875,1.4255744600400293,8.8125,13.671875
cx0.5_mut0.05,0.5,0.05,test_6,20,20,1.0,39.40998519492429,39.38448610565609,3.9457386317109493,32.55849628758485,47.85010808752854,60000.0,60000.0,0.0,60000.0,60000.0,12.044397284999468,12.191140099999757,1.836079511027104,9.072351800001343,15.080960300001607,11.62421875,11.46875,1.780149381517768,8.765625,14.796875
cx0.5_mut0.05,0.5,0.05,test_7,20,20,1.0,36.07353581751132,36.63685646791169,3.7523159017500585,27.358505408409375,41.882244817784624,60000.0,60000.0,0.0,60000.0,60000.0,11.160663185000157,10.690598700000919,1.52497857067138,9.10612730000139,14.311056999998982,10.90625,10.4765625,1.4788722449137774,9.015625,14.0625
cx0.5_mut0.05,0.5,0.05,test_8,20,20,1.0,36.18570373679839,35.53107445828887,2.887148838189883,31.586991570170785,44.595744448501684,60000.0,60000.0,0.0,60000.0,60000.0,11.06242782000063,11.090004500001669,1.1472436376059165,8.987236500001018,13.620253799999773,10.825,10.7734375,1.1141495200198788,8.796875,13.515625
cx0.5_mut0.05,0.5,0.05,test_9,20,20,1.0,37.49650815006418,37.60179383104215,2.8722545483757504,31.51317336308264,42.387236969926825,60000.0,60000.0,0.0,60000.0,60000.0,10.067486070000086,10.041563849999875,1.1927900461062446,8.028166000000056,12.669392299998435,9.80234375,9.84375,1.0820957461064968,7.9375,11.625
cx0.5_mut0.01,0.5,0.01,test_1,20,20,1.0,42.98400414993636,42.12743596703402,4.135456244806575,35.244450582445,49.26390831364292,60000.0,60000.0,0.0,60000.0,60000.0,9.884646400000202,9.604598100000658,1.3583820085317853,7.774147500000254,12.245905899999343,9.75234375,9.5078125,1.3489350221094252,7.703125,12.109375
cx0.5_mut0.01,0.5,0.01,test_10,20,20,1.0,39.95439620777118,39.9193922877121,4.565922535927288,31.820858335014393,47.6233691461605,60000.0,60000.0,0.0,60000.0,60000.0,11.860561204999613,11.76272870000139,1.4438497930790415,9.444747199999256,14.673620100002154,11.45625,11.375,1.2731975778992124,9.15625,14.125
cx0.5_mut0.01,0.5,0.01,test_2,20,20,1.0,38.41503168267833,37.95574058968781,3.600595614733432,31.67408433404505,45.84850668855961,60000.0,60000.0,0.0,60000.0,60000.0,10.14494463500032,10.164800750000722,1.143333852401746,7.826268699998764,12.827765699999873,9.98359375,10.0078125,1.0881845598553426,7.75,12.296875
cx0.5_mut0.01,0.5,0.01,test_3,20,20,1.0,38.94983913537244,40.02532720065827,4.2243563136413576,30.36119723766069,45.5569532463333,60000.0,60000.0,0.0,60000.0,60000.0,12.593602224999632,12.583332700000028,1.8661312897508053,9.722637099999702,17.487988900000346,12.2640625,12.28125,1.7795026921627497,9.4375,16.765625
cx0.5_mut0.01,0.5,0.01,test_4,20,20,1.0,33.923085003276135,33.747704510066264,2.461360146977731,30.04759686932127,40.231758202620185,60000.0,60000.0,0.0,60000.0,60000.0,11.8419851249997,11.962406499998906,1.6265524523316244,9.511835999997857,15.353810799999337,11.6265625,11.6328125,1.5864926028137967,9.453125,15.1875
cx0.5_mut0.01,0.5,0.01,test_5,20,20,1.0,42.868279043674455,42.22289315291782,4.301639046315642,35.783494457759666,52.01583291225833,60000.0,60000.0,0.0,60000.0,60000.0,10.997190330000194,10.763258599999972,1.2009812034853486,9.295264399999724,13.731953200000135,10.69609375,10.328125,1.1897428935509278,9.0625,13.515625
cx0.5_mut0.01,0.5,0.01,test_6,20,20,1.0,42.86446987783142,42.68198640754872,4.933909918042889,35.45040138394409,55.8774172370832,60000.0,60000.0,0.0,60000.0,60000.0,12.634323859999677,12.550437199999578,1.7780949791603016,9.432550800000172,15.149274100000184,12.1625,12.234375,1.6467687284697232,9.265625,14.578125
cx0.5_mut0.01,0.5,0.01,test_7,20,20,1.0,39.11855162204073,38.25500255477492,4.427023960373709,32.31889444347184,48.7551601332087,60000.0,60000.0,0.0,60000.0,60000.0,11.589208744999997,11.566611649999686,1.3356585928032612,9.504488999999012,15.16217019999749,11.346875,11.2734375,1.3341783489385204,9.203125,14.734375
cx0.5_mut0.01,0.5,0.01,test_8,20,20,1.0,38.90375180488337,38.67158457458531,1.8557725564695997,35.79791064450385,42.095421229531254,60000.0,60000.0,0.0,60000.0,60000.0,12.370289480000064,12.574998299998697,1.531457344286657,9.687979399997857,15.423251899999741,12.09765625,12.25,1.459049670362144,9.515625,14.96875
cx0.5_mut0.01,0.5,0.01,test_9,20,20,1.0,42.64703772747848,41.73176016149306,3.828581127760606,35.023445223180104,50.016156409581036,60000.0,60000.0,0.0,60000.0,60000.0,10.841856990000087,10.34402719999889,1.7871243540086108,9.024472599998262,15.279431700000714,10.59375,10.1953125,1.7488688778675445,8.640625,15.109375
cx0.5_mut0.001,0.5,0.001,test_1,20,20,1.0,53.99311988529547,52.80886596397604,5.465542047951606,44.40758479420286,66.7169671338001,60000.0,60000.0,0.0,60000.0,60000.0,9.29554096999982,9.043511550000403,1.1957673155992379,7.874387100000604,12.196590700001252,9.159375,8.84375,1.1655542256628502,7.875,12.09375
cx0.5_mut0.001,0.5,0.001,test_10,20,20,1.0,48.06286788582211,48.568626358064655,4.636324045087975,39.01835990584482,56.1811988192149,60000.0,60000.0,0.0,60000.0,60000.0,11.443863980000424,11.28995655000108,1.557625662232435,9.258364799999981,14.324507299999823,11.05546875,11.171875,1.3697799668885309,9.0625,13.65625
cx0.5_mut0.001,0.5,0.001,test_2,20,20,1.0,46.490559921018544,46.570700151605436,4.1358816533061225,40.394294098581476,55.01866907010478,60000.0,60000.0,0.0,60000.0,60000.0,9.615787665000244,9.29496884999935,1.161949859564625,8.050019400001474,11.686874999999418,9.4609375,9.203125,1.1273903242695402,7.90625,11.578125
cx0.5_mut0.001,0.5,0.001,test_3,20,20,1.0,47.9233287964755,48.026142647136005,4.4906375801367,38.943966558800376,56.64986430389293,60000.0,60000.0,0.0,60000.0,60000.0,10.95244617499975,10.69278249999843,1.3888107731287433,8.783071099998779,14.252621800002089,10.6734375,10.4921875,1.3183502527705842,8.5,13.828125
cx0.5_mut0.001,0.5,0.001,test_4,20,20,1.0,41.23065812843295,41.705646350143866,3.444879457469479,36.18283114225107,46.633956505879645,60000.0,60000.0,0.0,60000.0,60000.0,10.590772985000331,10.443304099999295,1.1120962194087747,9.309849299999769,12.866437100001349,10.378125,10.2265625,1.0961744745333295,9.171875,12.75
cx0.5_mut0.001,0.5,0.001,test_5,20,20,1.0,50.88010232833984,51.09140489794298,5.5486514849529485,42.28273300307072,59.54854580365317,60000.0,60000.0,0.0,60000.0,60000.0,10.82567392500041,10.253939100000935,1.539106735364524,8.911589500003174,14.859039700000721,10.51484375,10.0,1.4211968361781662,8.65625,14.171875
cx0.5_mut0.001,0.5,0.001,test_6,20,20,1.0,50.498279764970604,49.840285789114915,4.804364275002365,42.595148419155265,60.857253100658056,60000.0,60000.0,0.0,60000.0,60000.0,11.616414564999468,11.413703849999365,1.3042520146264105,9.524409500001639,14.951875499999005,11.21015625,11.1328125,1.144964875980315,9.390625,13.921875
cx0.5_mut0.001,0.5,0.001,test_7,20,20,1.0,50.381006562633345,48.93611385118284,7.067841200606976,40.13604338805563,73.21968342502491,60000.0,60000.0,0.0,60000.0,60000.0,11.005032754999956,10.526813549999133,1.4372168524570028,9.572984300000826,14.743255299999873,10.73671875,10.2734375,1.4271048177967232,9.046875,14.375
cx0.5_mut0.001,0.5,0.001,test_8,20,20,1.0,47.09777408174614,46.06500458829929,5.231420416467126,40.73261915714076,58.48502016454282,60000.0,60000.0,0.0,60000.0,60000.0,11.291469945000063,10.938031649999175,1.2781230809654356,9.474459400000342,14.312494899997546,11.0296875,10.7578125,1.2234841840088235,9.46875,13.875
cx0.5_mut0.001,0.5,0.001,test_9,20,20,1.0,49.749935363082116,50.0525337480955,3.821449527522021,42.52290517013192,57.25742375087367,60000.0,60000.0,0.0,60000.0,60000.0,10.521780235000005,10.534655950001252,1.115736475563948,8.685005999999703,12.378700199999003,10.26015625,10.1328125,1.004286083555555,8.65625,11.84375
cx0.3_mut0.5,0.3,0.5,test_1,20,20,1.0,44.42276029369461,44.16085215246725,2.468034289043897,40.74006142701171,48.055814565450845,60000.0,60000.0,0.0,60000.0,60000.0,8.436841630000163,8.492523200002324,0.41745231059752663,7.563828999998805,9.342494300002727,8.3140625,8.359375,0.4160600710597728,7.40625,9.328125
cx0.3_mut0.5,0.3,0.5,test_10,20,20,1.0,43.1053422825251,42.332022725840275,3.331292989291621,38.427009465221865,49.55598821050686,60000.0,60000.0,0.0,60000.0,60000.0,9.871591075000106,9.89053844999944,0.595740573620761,8.43906699999934,10.867814299999736,9.53046875,9.5,0.5034695361266317,8.328125,10.4375
cx0.3_mut0.5,0.3,0.5,test_2,20,20,1.0,42.42485092383974,40.81288891665118,4.021342189213705,36.969081762681014,52.30745580436079,60000.0,60000.0,0.0,60000.0,60000.0,8.652088144999652,8.384867450000456,0.7337563737193293,7.781662599998526,9.969909100000223,8.48984375,8.328125,0.6324042298971254,7.625,9.390625
cx0.3_mut0.5,0.3,0.5,test_3,20,20,1.0,44.77975510403787,44.22425319144298,4.607391358273341,37.60903672940356,53.85246637155021,60000.0,60000.0,0.0,60000.0,60000.0,9.88172523000012,9.734460050000052,0.703427912382893,9.131624400000874,12.031775999999809,9.609375,9.53125,0.59275366544184,8.9375,11.09375
cx0.3_mut0.5,0.3,0.5,test_4,20,20,1.0,39.19642611839667,39.796132013171174,3.600845033114327,32.98621049716299,45.71859499224006,60000.0,60000.0,0.0,60000.0,60000.0,9.600362835000123,9.549560149996978,0.5285801790202848,8.625241300000198,10.582700400002068,9.3515625,9.359375,0.4345678292174761,8.53125,10.15625
cx0.3_mut0.5,0.3,0.5,test_5,20,20,1.0,47.099742991075836,47.124115625021815,3.611813023225771,42.41240208492664,53.316008436460194,60000.0,60000.0,0.0,60000.0,60000.0,9.652004544999546,9.561031649998768,0.5955577840597565,8.666761500000575,11.315344700000423,9.40390625,9.3828125,0.4921326723848137,8.5,10.515625
cx0.3_mut0.5,0.3,0.5,test_6,20,20,1.0,44.397190558892355,43.388621855814144,4.178446993837577,39.175924806395365,54.24352817572484,60000.0,60000.0,0.0,60000.0,60000.0,9.899691834999794,9.653016749998642,0.7124236779409597,9.210114699999394,11.780433199997788,9.53515625,9.3671875,0.6336546134940569,8.734375,11.390625
cx0.3_mut0.5,0.3,0.5,test_7,20,20,1.0,43.695920688384014,43.47780245185332,3.5006846152563726,36.92715073772655,49.93081076975632,60000.0,60000.0,0.0,60000.0,60000.0,9.728403799999978,9.71218829999998,0.4842579919717586,8.872098599997116,10.696430500000133,9.5203125,9.53125,0.450725269886739,8.765625,10.375
cx0.3_mut0.5,0.3,0.5,test_8,20,20,1.0,42.64264071644631,42.08005429863775,3.964172518273773,33.615722826652735,49.68763714459821,60000.0,60000.0,0.0,60000.0,60000.0,9.702532565000364,9.807831600001009,0.7218103049457851,8.150262800001656,10.883380399998714,9.503125,9.6015625,0.6383162022173321,8.078125,10.53125
cx0.3_mut0.5,0.3,0.5,test_9,20,20,1.0,44.85287983985391,45.04797177423028,4.331405964450684,39.353648824201876,55.15974305527901,60000.0,60000.0,0.0,60000.0,60000.0,9.156255614999827,9.192220349999843,0.7042805778414495,7.953464299996995,10.260662400000001,9.0375,9.0625,0.6702838410938898,7.9375,10.140625
cx0.3_mut0.3,0.3,0.3,test_1,20,20,1.0,40.728897663268434,40.73865875777828,4.536610261717795,32.67838570285294,51.50314373925119,60000.0,60000.0,0.0,60000.0,60000.0,7.775070830000186,7.705738399999973,0.6099478164948107,6.417712400001619,8.975042199999734,7.64296875,7.6171875,0.5622778024224676,6.375,8.65625
cx0.3_mut0.3,0.3,0.3,test_10,20,20,1.0,36.79669192556859,36.46801552189183,3.079305117210577,32.83740332394797,43.214106368190336,60000.0,60000.0,0.0,60000.0,60000.0,9.227084389999618,9.443703599999935,0.6346558975102524,8.037295899997844,10.443462600000203,8.93125,9.0078125,0.5379893733053411,7.984375,9.71875
cx0.3_mut0.3,0.3,0.3,test_2,20,20,1.0,38.42397000642385,39.003770643255514,3.118360556572918,31.13214382041284,43.788469755579804,60000.0,60000.0,0.0,60000.0,60000.0,8.182025529999919,7.907783549999294,0.7793715693562728,6.883274900003016,9.772857199997816,8.04609375,7.8203125,0.6792733538628555,6.75,9.25
cx0.3_mut0.3,0.3,0.3,test_3,20,20,1.0,39.531787630484835,40.10854098462961,3.6162804521489336,31.174456866026265,44.463909889807745,60000.0,60000.0,0.0,60000.0,60000.0,9.051372755000557,8.893761449999147,0.7373231750131989,8.139389500000107,11.65125320000152,8.81171875,8.6953125,0.5291773373829146,8.0,10.5625
cx0.3_mut0.3,0.3,0.3,test_4,20,20,1.0,34.46568360406499,34.40727408810123,2.3442347766930984,29.779528680149866,40.24943396468712,60000.0,60000.0,0.0,60000.0,60000.0,8.85436565,8.717135050001161,0.4693676118078242,8.19777780000004,9.878745699999854,8.65078125,8.59375,0.4002040944675834,8.03125,9.453125
cx0.3_mut0.3,0.3,0.3,test_5,20,20,1.0,42.48024681330474,42.29392123951395,3.527427091351953,33.61258055496894,48.8463642115305,60000.0,60000.0,0.0,60000.0,60000.0,8.710738384999967,8.669115349999629,0.5672655266214827,7.7036193999992975,9.710341400001198,8.47109375,8.5390625,0.47871198810721866,7.5625,9.390625
cx0.3_mut0.3,0.3,0.3,test_6,20,20,1.0,41.27924546790975,39.90433000937018,4.534146486336967,35.38118442475815,50.43418599472825,60000.0,60000.0,0.0,60000.0,60000.0,9.54304264999937,9.512338099997578,0.7252561597771681,8.428499800000282,11.48713889999999,9.1859375,9.2265625,0.6064453869898886,7.90625,10.5625
cx0.3_mut0.3,0.3,0.3,test_7,20,20,1.0,37.5765142378724,38.46497808592905,3.686759199516915,30.000615513402856,43.301559695731314,60000.0,60000.0,0.0,60000.0,60000.0,9.033578874999694,8.94381174999944,0.42844870849699856,8.45470849999765,10.183049299997947,8.82265625,8.7734375,0.4380364134012839,8.171875,9.9375
cx0.3_mut0.3,0.3,0.3,test_8,20,20,1.0,38.184958238325684,38.630006060583796,3.88802294575391,30.431631530401358,44.514658115290906,60000.0,60000.0,0.0,60000.0,60000.0,9.204773255000328,9.256555699999808,0.6057864541823087,7.652422600000136,9.93551700000171,9.00234375,9.171875,0.5378908414912801,7.640625,9.546875
cx0.3_mut0.3,0.3,0.3,test_9,20,20,1.0,39.618636483731684,39.93759382424889,4.241176062620868,32.863590491727564,50.299856321527635,60000.0,60000.0,0.0,60000.0,60000.0,8.750544750000335,8.634168149999823,0.560881936690999,7.593438399999286,9.752584800000477,8.64765625,8.484375,0.5401840449568895,7.5625,9.65625
cx0.3_mut0.2,0.3,0.2,test_1,20,20,1.0,42.025393880292,42.59640011914327,4.243313148501132,35.43684367449932,53.48273556881744,60000.0,60000.0,0.0,60000.0,60000.0,7.498366019999958,7.435031950000848,0.5353259763053826,6.73532449999766,8.718346599998767,7.39765625,7.375,0.491798352844128,6.703125,8.640625
cx0.3_mut0.2,0.3,0.2,test_10,20,20,1.0,35.79723606153162,35.11079342690776,3.1790671376303123,30.469284584555247,42.181216878905445,60000.0,60000.0,0.0,60000.0,60000.0,9.446549470000354,9.369497150000825,1.0670233343174509,7.439276999997674,11.233955499999865,9.125,9.109375,1.0545123514412267,7.375,11.09375
cx0.3_mut0.2,0.3,0.2,test_2,20,20,1.0,36.24545965218364,36.16528152727391,3.3455589863154542,30.021106374362297,45.28722791073717,60000.0,60000.0,0.0,60000.0,60000.0,8.259236810000038,8.258583949998865,0.7790895388222301,6.838206000000355,9.458044700000755,8.12109375,8.1953125,0.736565444749936,6.71875,9.34375
cx0.3_mut0.2,0.3,0.2,test_3,20,20,1.0,37.35661838075603,37.1427325901885,4.5132511183600394,29.15602356570883,47.015800555271895,60000.0,60000.0,0.0,60000.0,60000.0,9.083048254999449,8.956020349998653,0.769264071624969,7.991449599998305,11.168402600000263,8.828125,8.7578125,0.6655435303490477,7.5,10.03125
cx0.3_mut0.2,0.3,0.2,test_4,20,20,1.0,32.111198517017684,31.46208426871556,3.5579487437758326,25.24602529591135,40.90732966416865,60000.0,60000.0,0.0,60000.0,60000.0,9.265218220000133,9.027254500000709,0.7881713735193326,8.470226500001445,11.732683700000052,9.04609375,8.875,0.6970124473552048,8.328125,11.265625
cx0.3_mut0.2,0.3,0.2,test_5,20,20,1.0,42.36255016199346,42.40168082700225,5.4207377788365445,31.294598581027635,51.40993333251295,60000.0,60000.0,0.0,60000.0,60000.0,8.928855759999896,8.937995849999425,0.5620418892064649,7.915006300001551,10.036169999999402,8.69453125,8.671875,0.4923728243411399,7.734375,9.40625
cx0.3_mut0.2,0.3,0.2,test_6,20,20,1.0,37.846790694254636,37.921935289932385,3.38965392735638,30.87190960497195,43.661630449370996,60000.0,60000.0,0.0,60000.0,60000.0,9.61807278500073,9.302133699999104,1.0664073015828568,7.715909099999408,11.833180500001617,9.29296875,8.984375,0.9276743185201239,7.59375,11.0
cx0.3_mut0.2,0.3,0.2,test_7,20,20,1.0,36.91197796443107,36.79746322959528,3.547330432847924,31.06774254446554,42.682135596349106,60000.0,60000.0,0.0,60000.0,60000.0,9.121689779999542,9.130579049999142,0.464370184258041,8.47474449999936,9.93394459999763,8.92109375,8.8515625,0.4285226435608834,8.296875,9.671875
cx0.3_mut0.2,0.3,0.2,test_8,20,20,1.0,35.66983669687305,34.48114083789146,4.678542815398798,26.877545445608984,43.89613810865755,60000.0,60000.0,0.0,60000.0,60000.0,9.780479385000763,9.603485150000779,0.7346514138504259,8.668733200000133,11.608989600001223,9.56015625,9.40625,0.6952552090530933,8.625,11.4375
cx0.3_mut0.2,0.3,0.2,test_9,20,20,1.0,39.4552140002522,40.157484580428765,4.542858994505444,31.47409514741238,47.87476237849207,60000.0,60000.0,0.0,60000.0,60000.0,8.391387614999985,8.4198049000006,0.701302948782041,7.3161979999968025,10.174301700000797,8.22578125,8.3203125,0.5403267497588234,7.234375,9.28125
cx0.3_mut0.1,0.3,0.1,test_1,20,20,1.0,40.66968508028303,40.98260726548177,3.1015398655873367,34.174318933810945,46.87039767440153,60000.0,60000.0,0.0,60000.0,60000.0,8.59736120000016,8.527605600002062,0.7938523752357549,7.4376903000011225,10.263404400000582,8.48046875,8.4375,0.7800793037820865,7.296875,10.125
cx0.3_mut0.1,0.3,0.1,test_10,20,20,1.0,36.51959213732003,36.56505635312918,3.3522587411667497,28.932535375784187,42.23072047374908,60000.0,60000.0,0.0,60000.0,60000.0,10.13821234499992,9.970393550000153,1.321730019517349,7.590113099999144,12.666490200001135,9.83125,9.6328125,1.2327406318688965,7.4375,12.296875
cx0.3_mut0.1,0.3,0.1,test_2,20,20,1.0,35.75388635243475,35.26444998444062,3.8665799478198615,30.510660176032513,47.82977267963064,60000.0,60000.0,0.0,60000.0,60000.0,9.214597350000258,8.938380850000613,1.0829136249942461,7.578074600001855,12.488619700001436,9.06875,8.8125,0.9924209086211461,7.53125,12.09375
cx0.3_mut0.1,0.3,0.1,test_3,20,20,1.0,38.637605320524564,38.32353879996013,3.0755284754768035,32.907972135449995,45.95263275327762,60000.0,60000.0,0.0,60000.0,60000.0,10.435062205000396,10.526669700000639,1.1869385889893862,8.425089000000298,13.31795670000065,10.13671875,10.1015625,1.0218354526187758,8.25,12.109375
cx0.3_mut0.1,0.3,0.1,test_4,20,20,1.0,32.086489219242026,31.73772108950306,3.091468380273137,27.443777581102683,37.77242592291832,60000.0,60000.0,0.0,60000.0,60000.0,9.999251795000783,9.936883000000307,1.3137746392856409,8.049938300002395,13.219052700002067,9.7625,9.828125,1.2665800084334025,7.859375,12.796875
cx0.3_mut0.1,0.3,0.1,test_5,20,20,1.0,40.47354514161954,41.49333526432454,3.060570584440894,35.23068010617655,45.347564647583575,60000.0,60000.0,0.0,60000.0,60000.0,10.3790477250006,10.097696800001358,1.0270724448975845,8.495314899999357,12.324554399998306,10.06953125,9.8984375,0.9215400679481504,8.28125,11.84375
cx0.3_mut0.1,0.3,0.1,test_6,20,20,1.0,37.87844074736749,38.05845250040218,4.573318967254992,28.68217306265746,44.75061587506664,60000.0,60000.0,0.0,60000.0,60000.0,11.45206612999973,11.230071999998472,1.394505964609261,9.106236100000388,13.73996740000075,11.0234375,10.890625,1.2561372772810302,8.765625,13.125
cx0.3_mut0.1,0.3,0.1,test_7,20,20,1.0,35.227583799435074,35.014640793344924,3.8321120715981927,30.07155434908605,41.90215530656741,60000.0,60000.0,0.0,60000.0,60000.0,10.201597354999649,10.320276100001138,1.26860436891317,8.547571499999322,13.228499999997439,10.0046875,10.0625,1.2517165434309336,8.296875,13.03125
cx0.3_mut0.1,0.3,0.1,test_8,20,20,1.0,36.265104429475954,35.068605358923456,4.295655091777737,28.361225899379406,45.90968228619389,60000.0,60000.0,0.0,60000.0,60000.0,10.475058790000185,10.369429899999886,1.3062231671850049,8.537709000000177,14.565298299999995,10.2171875,10.0859375,1.187033538925036,8.484375,14.0
cx0.3_mut0.1,0.3,0.1,test_9,20,20,1.0,38.5124895394829,37.778283821285925,3.3746329597364007,33.964852384024226,48.111160056051595,60000.0,60000.0,0.0,60000.0,60000.0,9.643273794999914,9.411919149999449,1.3606325989158288,8.201792200001364,14.34820469999977,9.49140625,9.109375,1.2396723336673274,8.171875,13.546875
cx0.3_mut0.05,0.3,0.05,test_1,20,20,1.0,42.70955956072273,42.08520708423145,4.831001048121219,33.53701120278851,50.84066235118737,60000.0,60000.0,0.0,60000.0,60000.0,8.919320805000462,8.853489650002302,1.0045587387344053,7.518796999996994,10.93326209999941,8.7828125,8.6953125,0.966451273123673,7.421875,10.890625
cx0.3_mut0.05,0.3,0.05,test_10,20,20,1.0,38.02442588036156,38.514633185327256,4.049512026662645,31.070466635959825,47.330251453066,60000.0,60000.0,0.0,60000.0,60000.0,11.228456245000052,10.91093495000132,1.7225863450456018,8.431387599997834,15.042814500000532,10.9015625,10.546875,1.636410627243036,8.3125,14.453125
cx0.3_mut0.05,0.3,0.05,test_2,20,20,1.0,35.9245955601595,35.957152516607934,3.231267710185433,28.466942509577162,40.995696335466704,60000.0,60000.0,0.0,60000.0,60000.0,9.692670354999791,9.681313600000067,1.3977642910931043,7.222985399999743,12.589974800001073,9.54296875,9.5546875,1.3242821242209872,7.171875,12.125
cx0.3_mut0.05,0.3,0.05,test_3,20,20,1.0,37.96612079795438,37.733958896737164,4.120628424655649,30.63249365976113,47.79070886763789,60000.0,60000.0,0.0,60000.0,60000.0,11.851563190000343,11.867220099999031,1.6814754217543848,8.48736590000044,14.932662100000016,11.53515625,11.7109375,1.6634330567635962,8.0625,14.546875
cx0.3_mut0.05,0.3,0.05,test_4,20,20,1.0,31.59052486214469,30.763622599109958,3.51805880315859,26.404962666106016,39.856859693864656,60000.0,60000.0,0.0,60000.0,60000.0,11.385982264999802,10.968855949999124,1.4474371160421138,9.615546200002427,15.692684699999518,11.14921875,10.7890625,1.4199123871895787,9.234375,15.25
cx0.3_mut0.05,0.3,0.05,test_5,20,20,1.0,41.644572239125274,41.225089670522706,4.550348886719258,34.42656118528949,52.329193973449094,60000.0,60000.0,0.0,60000.0,60000.0,11.63872243500009,12.138636099998621,2.21624613559257,8.810683499999868,16.084740800000873,11.2828125,11.8984375,2.122851685923355,8.5,15.59375
cx0.3_mut0.05,0.3,0.05,test_6,20,20,1.0,39.16396668311022,38.91401622170277,3.209429684873323,33.590913148643814,47.018664349559714,60000.0,60000.0,0.0,60000.0,60000.0,12.53624152500015,12.345545250000214,1.450439610205155,9.881779800001823,16.101051000001462,12.096875,11.90625,1.4384346932608083,9.6875,15.828125
cx0.3_mut0.05,0.3,0.05,test_7,20,20,1.0,37.19634090373559,37.41956177189613,4.750024739447349,26.96920636643947,44.74949638207812,60000.0,60000.0,0.0,60000.0,60000.0,11.655615395000314,11.770132249999733,1.4300380465244522,9.114511200001289,13.81741189999957,11.40390625,11.5703125,1.3914912200886795,8.953125,13.484375
cx0.3_mut0.05,0.3,0.05,test_8,20,20,1.0,36.91970199705709,36.687352257386316,4.650740351642527,29.906980926237566,46.590088386197515,60000.0,60000.0,0.0,60000.0,60000.0,11.292545640000025,11.231925549998778,1.2466020021524873,8.89547390000007,13.274360499999602,11.0375,10.9921875,1.2214502812123318,8.6875,13.09375
cx0.3_mut0.05,0.3,0.05,test_9,20,20,1.0,38.97228513632643,38.72512980363564,2.524312577670369,34.25529905022334,43.178730514713415,60000.0,60000.0,0.0,60000.0,60000.0,10.796002070000032,10.543710449999708,1.846276675897093,8.72533690000273,15.180601000000024,10.5609375,10.375,1.5725654416451416,8.671875,13.796875
cx0.3_mut0.01,0.3,0.01,test_1,20,20,1.0,45.06091087917768,44.84639042119962,4.473347355878909,35.80615767465362,51.73122622337161,60000.0,60000.0,0.0,60000.0,60000.0,9.366482660000292,9.421019299999898,1.2035792753072965,7.934297100000549,12.179528399999981,9.2234375,9.3359375,1.1040876595782125,7.921875,11.578125
cx0.3_mut0.01,0.3,0.01,test_10,20,20,1.0,42.02728564179356,42.76262927861376,4.097838569182872,35.05228014981468,51.84763308716075,60000.0,60000.0,0.0,60000.0,60000.0,10.946274315000483,11.063280750002377,1.2337002718953842,8.789146200000687,13.172698700000183,10.6203125,10.6171875,1.2367523741771813,8.53125,12.78125
cx0.3_mut0.01,0.3,0.01,test_2,20,20,1.0,40.47197218078454,39.4125599880243,4.220518367768149,35.182845064710904,54.01082470247581,60000.0,60000.0,0.0,60000.0,60000.0,9.771203004999553,9.434950999999273,1.295422372994207,8.204735499999515,12.959836200003338,9.625,9.34375,1.2245455151810405,8.171875,12.703125
cx0.3_mut0.01,0.3,0.01,test_3,20,20,1.0,39.83345647871595,40.3303067159935,3.8466507328914683,29.63957080969652,47.234780514488,60000.0,60000.0,0.0,60000.0,60000.0,11.98559188500003,11.80604674999995,1.6086402807242997,9.169429800000216,15.977668500003347,11.684375,11.2578125,1.5412419030179594,8.96875,15.421875
cx0.3_mut0.01,0.3,0.01,test_4,20,20,1.0,34.86192287773307,34.06618305690191,4.067202909792047,28.77742947365319,44.45602401914476,60000.0,60000.0,0.0,60000.0,60000.0,11.587171279999893,11.693457849998595,1.5907714241428854,9.258369799998036,14.698574999998527,11.346875,11.5859375,1.5214897721130882,9.140625,14.515625
cx0.3_mut0.01,0.3,0.01,test_5,20,20,1.0,44.88273882016785,44.1220978495418,3.8811042616862994,39.608673579655154,52.23778582230976,60000.0,60000.0,0.0,60000.0,60000.0,11.490315124999507,11.79946574999849,1.1716134380069205,9.635619900000165,13.652060399999755,11.18671875,11.4765625,1.1174876529070337,9.453125,13.15625
cx0.3_mut0.01,0.3,0.01,test_6,20,20,1.0,42.779298247658666,41.72695566520433,4.543731781262402,33.825057440246304,48.99804900400004,60000.0,60000.0,0.0,60000.0,60000.0,12.998952260000078,12.802370299998074,1.8822525895528364,9.8931502000014,17.07785689999946,12.534375,12.109375,1.7457405281932123,9.6875,16.875
cx0.3_mut0.01,0.3,0.01,test_7,20,20,1.0,39.24368444053894,38.736346551271396,4.100850496364915,32.90798746959161,47.58332976472351,60000.0,60000.0,0.0,60000.0,60000.0,12.165448350000043,11.673094650001076,2.0889970897010515,9.545759100001305,16.75102070000139,11.8984375,11.234375,2.018039659325813,9.421875,16.21875
cx0.3_mut0.01,0.3,0.01,test_8,20,20,1.0,40.88830794067066,40.26211466295585,3.5169535014207987,37.027164922959294,47.74263249732736,60000.0,60000.0,0.0,60000.0,60000.0,12.116736115000094,12.26390739999988,2.1667455097309776,8.032405099998869,16.15280669999993,11.83984375,12.0078125,2.1105648142904125,7.921875,15.984375
cx0.3_mut0.01,0.3,0.01,test_9,20,20,1.0,43.49032124264538,42.362123131436014,5.315832673223926,36.91233831633626,56.788397054974254,60000.0,60000.0,0.0,60000.0,60000.0,10.911901835000572,10.568042450000576,1.4815807850698837,8.868581700000504,14.580623099998775,10.69375,10.359375,1.3520475152717937,8.71875,13.59375
cx0.3_mut0.001,0.3,0.001,test_1,20,20,1.0,53.33730485402805,52.090778697805064,5.722891133781282,42.83614574686352,69.16971365745916,60000.0,60000.0,0.0,60000.0,60000.0,8.990272645000186,8.715650050000477,1.0518673404488885,7.627226500000688,11.706855700002052,8.86640625,8.546875,0.9970592424816553,7.578125,11.296875
cx0.3_mut0.001,0.3,0.001,test_10,20,20,1.0,49.20305262316329,48.06070821028922,5.978811392463035,41.529195946162126,61.14515032936259,60000.0,60000.0,0.0,60000.0,60000.0,11.034832469999674,10.92347460000019,1.60846961900492,9.059467799997947,15.820026599998528,10.71171875,10.5,1.5563569620159319,8.890625,15.28125
cx0.3_mut0.001,0.3,0.001,test_2,20,20,1.0,50.44344010049157,49.49872180232221,5.073810377949997,41.33948534832238,59.096042914162936,60000.0,60000.0,0.0,60000.0,60000.0,9.439488025000173,9.423807499999384,0.9519507060337268,7.965863100002025,10.733928199999355,9.30546875,9.3359375,0.8840648139074108,7.859375,10.578125
cx0.3_mut0.001,0.3,0.001,test_3,20,20,1.0,49.89699259452108,49.27630441587984,5.45355311556414,38.661912962820956,58.784228786570374,60000.0,60000.0,0.0,60000.0,60000.0,10.952389339999717,10.37316809999902,1.6828993154531922,9.211275699999533,15.132808600003045,10.690625,10.140625,1.5990832463065894,9.046875,14.53125
cx0.3_mut0.001,0.3,0.001,test_4,20,20,1.0,43.99359512657813,44.23266754502009,3.469892071702248,36.99590489147207,48.87122966361559,60000.0,60000.0,0.0,60000.0,60000.0,10.583277890000137,10.137258449998626,1.3258791245813788,9.108593000000837,14.322398899999826,10.3765625,10.0,1.2685192702439576,8.953125,13.96875
cx0.3_mut0.001,0.3,0.001,test_5,20,20,1.0,54.2662256084966,53.835272855235345,6.912597676289057,42.526556156997835,69.19246990522491,60000.0,60000.0,0.0,60000.0,60000.0,10.672930469999846,9.990225150000697,1.6670616431085574,8.763838900002156,15.892759499998647,10.3765625,9.6171875,1.6630083376476277,8.5625,15.734375
cx0.3_mut0.001,0.3,0.001,test_6,20,20,1.0,50.475902482753156,50.66346134757572,3.8159839176220265,42.12324979439129,59.75709249165853,60000.0,60000.0,0.0,60000.0,60000.0,11.920673285000339,11.57139079999979,1.8393356809620742,9.116164099999878,16.104870200000732,11.50234375,11.3125,1.7610325039753145,8.859375,15.828125
cx0.3_mut0.001,0.3,0.001,test_7,20,20,1.0,52.27497467794823,53.049884358166736,6.668226310554573,37.80701265238438,68.40153329888113,60000.0,60000.0,0.0,60000.0,60000.0,11.285814765000215,10.799344700000802,1.8352958975900941,9.391371399997297,16.301670799999556,11.00703125,10.5625,1.7661269008929017,9.234375,15.921875
cx0.3_mut0.001,0.3,0.001,test_8,20,20,1.0,47.84506539407827,47.53974339777514,3.6358630707859674,39.73299799955697,54.014311928800105,60000.0,60000.0,0.0,60000.0,60000.0,11.056973709999511,11.016209399998843,1.2944968613878205,9.347395999997389,14.8635065999988,10.81640625,10.484375,1.2767680252320444,9.171875,14.75
cx0.3_mut0.001,0.3,0.001,test_9,20,20,1.0,52.11503721927695,52.30408423498652,4.944890726982183,41.05839114790066,60.23777013643683,60000.0,60000.0,0.0,60000.0,60000.0,10.662779894999948,10.442783149999741,1.2137604649694536,8.996974600002432,13.387853199998062,10.4203125,10.34375,1.0523277085041172,8.84375,12.890625
cx0.1_mut0.5,0.1,0.5,test_1,20,20,1.0,48.000521265467185,48.10113705646661,3.2181485403899703,41.40869725369701,54.14337729703296,60000.0,60000.0,0.0,60000.0,60000.0,8.34890624000036,8.340968450000219,0.4306463619133924,7.700622199998179,9.460746200002177,8.2234375,8.1953125,0.3967156746087343,7.65625,9.203125
cx0.1_mut0.5,0.1,0.5,test_10,20,20,1.0,44.380660543508974,43.38530947895554,4.236372331634686,38.1807196336218,53.336248937379175,60000.0,60000.0,0.0,60000.0,60000.0,9.952895310000349,10.169021600000633,0.691682782658571,8.359982699999819,10.84378409999772,9.55859375,9.7734375,0.5967909273595053,8.203125,10.234375
cx0.1_mut0.5,0.1,0.5,test_2,20,20,1.0,41.49908407799116,41.19171703922271,3.80998746686992,35.04157907244395,48.21984888546514,60000.0,60000.0,0.0,60000.0,60000.0,8.691481469999598,8.373548699999446,0.7483402806748908,7.886080299998866,10.930597800001124,8.5296875,8.3203125,0.6421956035792982,7.8125,10.421875
cx0.1_mut0.5,0.1,0.5,test_3,20,20,1.0,46.276794270042835,45.729297092550176,4.284670157368308,39.606301274270145,56.69507810126502,60000.0,60000.0,0.0,60000.0,60000.0,9.704947550000725,9.576963600000454,0.6889572280129269,8.782530799999222,11.510082700002386,9.4734375,9.390625,0.6396534674244782,8.6875,11.109375
cx0.1_mut0.5,0.1,0.5,test_4,20,20,1.0,39.307977247747736,39.14857548585939,3.0137510541746506,34.01705273395897,43.37633143844854,60000.0,60000.0,0.0,60000.0,60000.0,9.633978454999124,9.610929299999043,0.5112849307875983,8.778379699997458,10.848786599999585,9.41796875,9.4765625,0.4222821804504505,8.640625,10.1875
cx0.1_mut0.5,0.1,0.5,test_5,20,20,1.0,46.449534034872975,45.62407469027637,4.696273889684277,37.03028347646572,55.84941382675179,60000.0,60000.0,0.0,60000.0,60000.0,9.485501635000038,9.34550064999894,0.48288140952977665,8.668735999999626,10.552004899996973,9.21953125,9.2109375,0.45634560439394073,8.421875,10.046875
cx0.1_mut0.5,0.1,0.5,test_6,20,20,1.0,43.29025329489029,43.31000745170694,3.69393025477422,37.202414626727865,53.36770063643175,60000.0,60000.0,0.0,60000.0,60000.0,9.99370886500019,9.987170199998218,0.6067842097372295,9.077760600001056,11.288693800001056,9.65390625,9.625,0.5610424051589266,8.53125,11.03125
cx0.1_mut0.5,0.1,0.5,test_7,20,20,1.0,42.719347714224725,41.04203092299592,4.663485746182244,36.47816513160955,51.88807893111589,60000.0,60000.0,0.0,60000.0,60000.0,9.616729490000399,9.643825450000804,0.31458275580054224,9.147606900001847,10.103708700000425,9.3921875,9.3359375,0.33288372569941943,8.828125,9.859375
cx0.1_mut0.5,0.1,0.5,test_8,20,20,1.0,43.761500998591075,43.69485611163205,3.639288926362027,37.98156805557678,50.10534372765569,60000.0,60000.0,0.0,60000.0,60000.0,9.859763684999962,9.90854649999892,0.5376857103227541,8.911241300000256,10.721249100002751,9.63203125,9.6640625,0.4705687031663613,8.765625,10.46875
cx0.1_mut0.5,0.1,0.5,test_9,20,20,1.0,45.846873780812935,45.69786242618727,4.136699790015524,39.96080159239624,53.171800901110124,60000.0,60000.0,0.0,60000.0,60000.0,8.985510590000377,9.15100910000001,0.7827806569340434,7.581203900001128,10.328269300000102,8.88828125,9.078125,0.7703562027210032,7.5,10.296875
cx0.1_mut0.3,0.1,0.3,test_1,20,20,1.0,40.86208779765718,40.85756040063504,4.23800254828008,32.598252428909916,49.81195691784268,60000.0,60000.0,0.0,60000.0,60000.0,7.5860334099998,7.643678249998629,0.43163035791978155,6.618350199998531,8.49268409999786,7.4734375,7.5625,0.39635922764018794,6.53125,8.203125
cx0.1_mut0.3,0.1,0.3,test_10,20,20,1.0,40.34706901237202,41.81308116271839,4.440410680624832,32.62720677783448,46.486084336777715,60000.0,60000.0,0.0,60000.0,60000.0,9.307453315000021,9.342182099999263,0.8901500121070022,7.397056800000428,11.239388800000597,8.92265625,8.984375,0.7271123061229678,7.234375,10.390625
cx0.1_mut0.3,0.1,0.3,test_2,20,20,1.0,37.068859575999035,37.77452057968263,3.3412340276457564,28.876264665052524,41.86652444926997,60000.0,60000.0,0.0,60000.0,60000.0,8.120081244999891,7.917194749999908,0.9704278682822217,7.066661900000327,11.015584900000249,7.9578125,7.7578125,0.85775265525598,7.0,10.28125
cx0.1_mut0.3,0.1,0.3,test_3,20,20,1.0,40.81644380802719,42.75683959873782,4.0528595920396455,31.955497847981672,44.944510135931694,60000.0,60000.0,0.0,60000.0,60000.0,9.2120788850003,9.152373850000004,0.7544914888130904,7.974233799999638,10.667628299997887,9.0046875,8.90625,0.7043228101433021,7.828125,10.359375
cx0.1_mut0.3,0.1,0.3,test_4,20,20,1.0,33.52759058659455,33.27772025235275,3.4695572198938742,28.263848946728615,38.99627536642599,60000.0,60000.0,0.0,60000.0,60000.0,9.270755439999812,9.206039650000093,0.6596759919607577,8.299857099998917,10.535759999998845,9.08359375,9.046875,0.5988629190783477,8.28125,10.109375
cx0.1_mut0.3,0.1,0.3,test_5,20,20,1.0,43.29560150633954,43.69920587167506,4.485929485923496,34.159842309901485,51.53827400702592,60000.0,60000.0,0.0,60000.0,60000.0,9.158155194999745,9.145487450001383,0.4686610202532548,8.21350529999836,10.310426299998653,8.9109375,8.921875,0.4684785398177133,8.03125,10.046875
cx0.1_mut0.3,0.1,0.3,test_6,20,20,1.0,40.52625545569511,40.44356604636103,5.369627449939863,33.2584476040505,53.24851224610825,60000.0,60000.0,0.0,60000.0,60000.0,9.6519489899998,9.63236925000092,0.660039354596916,8.314791799999512,10.723014299997885,9.3125,9.3671875,0.5675712553805121,8.0625,10.21875
cx0.1_mut0.3,0.1,0.3,test_7,20,20,1.0,38.39409958220316,38.139886738445156,3.241149625428421,32.0046336216511,45.99191107819723,60000.0,60000.0,0.0,60000.0,60000.0,9.264903604999745,9.18117334999988,0.4698995698315038,8.334239399999205,10.095170600001438,9.053125,9.0078125,0.47062126492541756,8.046875,9.8125
cx0.1_mut0.3,0.1,0.3,test_8,20,20,1.0,38.25359279932099,38.25766357606331,2.7034501444549353,32.792596764770074,43.290284150010635,60000.0,60000.0,0.0,60000.0,60000.0,9.23543374000019,9.21389100000124,0.7649699583246492,7.672732300001371,10.588911399998324,9.0421875,8.953125,0.724343580445699,7.609375,10.1875
cx0.1_mut0.3,0.1,0.3,test_9,20,20,1.0,39.8635542716834,39.88712352730484,4.062615126453078,32.874598761579385,46.99806552926332,60000.0,60000.0,0.0,60000.0,60000.0,8.589633580000191,8.417137799999182,0.7272716238931538,7.303065200001583,9.911179799997626,8.49375,8.1953125,0.7505035316284941,7.265625,9.875
cx0.1_mut0.2,0.1,0.2,test_1,20,20,1.0,41.637005538391534,41.42079003367239,4.388689090535088,33.07487924772625,49.785092331541115,60000.0,60000.0,0.0,60000.0,60000.0,7.964788869999575,7.808320549998825,0.5556091462730085,7.13930800000162,9.340072300001339,7.840625,7.7109375,0.5480508974394719,7.109375,9.140625
cx0.1_mut0.2,0.1,0.2,test_10,20,20,1.0,38.37146191790295,38.085293443482264,3.394639018255925,32.86834212432176,46.512981004456584,60000.0,60000.0,0.0,60000.0,60000.0,9.215449484999771,9.364293100001305,1.032893086322349,7.197653100000025,11.14046849999795,8.85078125,8.9140625,0.9480556382488637,7.0625,10.71875
cx0.1_mut0.2,0.1,0.2,test_2,20,20,1.0,36.23886967415938,36.523041210202635,3.200526715008568,29.52038236152139,41.20462582523645,60000.0,60000.0,0.0,60000.0,60000.0,7.951769169999897,7.926873799999157,0.8616331736697744,6.394245799998316,10.08646559999761,7.8015625,7.8203125,0.7611746327525981,6.3125,9.578125
cx0.1_mut0.2,0.1,0.2,test_3,20,20,1.0,37.10664949309617,36.85966708167903,3.433462736815084,29.192316635984344,42.44483900126998,60000.0,60000.0,0.0,60000.0,60000.0,9.115839779999442,9.085444299998926,0.56196301639514,7.927599900001951,10.149453000001813,8.9171875,8.921875,0.5030514411738677,7.8125,9.75
cx0.1_mut0.2,0.1,0.2,test_4,20,20,1.0,32.12330264599097,32.78061902336424,2.950019198660544,25.944023854281753,38.153050078667306,60000.0,60000.0,0.0,60000.0,60000.0,9.212811015000625,9.057243400000516,0.6908391013194707,8.230182600000262,10.865962700001546,8.99453125,8.8203125,0.614242850507575,8.171875,10.6875
cx0.1_mut0.2,0.1,0.2,test_5,20,20,1.0,42.45956330040642,43.023719583274286,4.507923766025814,32.9640660655822,50.66634018416898,60000.0,60000.0,0.0,60000.0,60000.0,9.30376249000019,9.116841999999451,0.7399058230572683,8.147813900002802,10.53669440000158,9.059375,8.9453125,0.6931140399446697,7.953125,10.359375
cx0.1_mut0.2,0.1,0.2,test_6,20,20,1.0,39.126904198361615,39.50787215235802,4.747608102056625,30.297885911906945,47.89546164297737,60000.0,60000.0,0.0,60000.0,60000.0,9.76826402000006,9.649012650001168,0.8959573215982148,8.766607199999271,12.07068369999979,9.4421875,9.4375,0.8718237109985083,8.140625,11.6875
cx0.1_mut0.2,0.1,0.2,test_7,20,20,1.0,37.257035897760304,37.52252268810611,3.775089837688613,30.587450805212384,44.4672421748121,60000.0,60000.0,0.0,60000.0,60000.0,9.371110235000197,9.30812375000096,0.6820889056478562,8.376163799999631,10.931752399999823,9.1671875,9.1328125,0.6512793425807151,8.109375,10.640625
cx0.1_mut0.2,0.1,0.2,test_8,20,20,1.0,37.54531091913996,37.41837779546685,3.6121872794977,31.424354948101634,44.94059762231419,60000.0,60000.0,0.0,60000.0,60000.0,9.69570039500013,9.611753950002822,0.8355992227420463,8.425202800000989,11.44512720000057,9.4703125,9.3125,0.8024572280165795,8.203125,11.1875
cx0.1_mut0.2,0.1,0.2,test_9,20,20,1.0,40.44154490803099,40.05354213543862,3.3831275065601605,33.244154552299925,47.17935160347251,60000.0,60000.0,0.0,60000.0,60000.0,8.737378189999799,8.727820500000234,0.7481741860599938,7.0986474999990605,10.204666499997984,8.6375,8.609375,0.7457665607667688,7.078125,10.09375
cx0.1_mut0.1,0.1,0.1,test_1,20,20,1.0,41.84455642497287,42.80513883482813,3.5435613814825597,35.13278899555428,48.7190684650058,60000.0,60000.0,0.0,60000.0,60000.0,8.258526340000026,8.096642749998864,0.747442703581753,7.344703099999606,10.073017999999138,8.128125,7.921875,0.7417237990512017,7.3125,9.9375
cx0.1_mut0.1,0.1,0.1,test_10,20,20,1.0,37.50925446047815,37.63406437688751,3.4931639563787615,29.62695341434648,42.831500440603065,60000.0,60000.0,0.0,60000.0,60000.0,10.035870154999975,10.00365740000052,0.762216605404464,8.375541800000065,11.345811900002445,9.628125,9.6171875,0.6842890026478117,8.265625,10.796875
cx0.1_mut0.1,0.1,0.1,test_2,20,20,1.0,35.184253421173324,35.14535612455569,3.009873618284731,29.91874284136333,42.681358956539825,60000.0,60000.0,0.0,60000.0,60000.0,8.744111600000178,8.624124899999515,1.039300151547229,7.281462900002225,10.974352499997622,8.60703125,8.5703125,0.969761184379236,7.234375,10.453125
cx0.1_mut0.1,0.1,0.1,test_3,20,20,1.0,36.89360312010079,36.69600725387012,3.7360495777067366,31.507029392344126,42.88703547325224,60000.0,60000.0,0.0,60000.0,60000.0,10.491740050000226,10.411250900000596,1.5434566888917491,7.989228300000832,14.437196999999287,10.20546875,10.1640625,1.355643462405521,7.875,13.015625
cx0.1_mut0.1,0.1,0.1,test_4,20,20,1.0,32.12074628080305,31.449707099665524,4.417897567538088,25.58220495533327,43.232897021944595,60000.0,60000.0,0.0,60000.0,60000.0,10.260905200000161,10.0646598000003,0.9254437124999504,8.63629629999923,12.055457800001022,10.0546875,9.8828125,0.8591357322416951,8.5625,11.625
cx0.1_mut0.1,0.1,0.1,test_5,20,20,1.0,41.29775831796474,40.89301703829986,3.3685105082226268,35.989483261414684,47.05879010017256,60000.0,60000.0,0.0,60000.0,60000.0,10.516910340000141,10.50626469999952,0.9750208663626182,9.084968800001661,12.222773500001495,10.209375,10.203125,0.9515450126947282,8.65625,11.59375
cx0.1_mut0.1,0.1,0.1,test_6,20,20,1.0,38.094016037512375,37.96746831698944,3.668022443066174,32.59469884151225,46.96119749719291,60000.0,60000.0,0.0,60000.0,60000.0,11.423404695000135,11.788180800000191,1.6143070603908563,8.710417899997992,13.805734500001563,11.0234375,11.3671875,1.4929203473900796,8.53125,13.0
cx0.1_mut0.1,0.1,0.1,test_7,20,20,1.0,35.335020927324535,35.91683377042466,3.547350496164839,28.66235907479039,41.37623633620941,60000.0,60000.0,0.0,60000.0,60000.0,10.510769744999743,10.527279050000288,1.1692136241543931,8.640200099998765,13.32696809999834,10.2828125,10.40625,1.1006117000601123,8.53125,12.890625
cx0.1_mut0.1,0.1,0.1,test_8,20,20,1.0,36.96410240436431,36.48052388397765,2.9920363644038566,32.383787340206595,44.02884952411451,60000.0,60000.0,0.0,60000.0,60000.0,10.772578979999889,10.615235250001206,1.3395818675511388,8.208579699999973,12.972557699999015,10.5421875,10.34375,1.3200372941925582,8.1875,12.734375
cx0.1_mut0.1,0.1,0.1,test_9,20,20,1.0,38.621254910162044,38.7697301594809,2.911332390718115,33.96146248371338,46.65876859504128,60000.0,60000.0,0.0,60000.0,60000.0,9.923384555000121,9.641724699999031,1.1459418357228182,8.246677300001465,13.451731000001018,9.79375,9.5703125,1.0794007040641629,8.15625,13.015625
cx0.1_mut0.05,0.1,0.05,test_1,20,20,1.0,41.71123649423989,40.834381153338526,4.9251995477006885,35.13230117986255,53.51407147109355,60000.0,60000.0,0.0,60000.0,60000.0,8.751185900000019,8.737226100000044,0.8611204078538344,7.342103299997689,10.36597239999901,8.6046875,8.515625,0.8297309403584742,7.3125,10.25
cx0.1_mut0.05,0.1,0.05,test_10,20,20,1.0,37.97116602506391,37.45071514210827,3.947469450466555,31.816169259135275,44.71933203994491,60000.0,60000.0,0.0,60000.0,60000.0,11.209813220000251,10.650561149999703,1.3490295851479264,9.064701700001024,14.538227600001846,10.7984375,10.4921875,1.2760333870121645,8.921875,14.140625
cx0.1_mut0.05,0.1,0.05,test_2,20,20,1.0,36.97129766370371,36.34990455674448,3.5471318181542033,31.50257406953755,44.991784126923505,60000.0,60000.0,0.0,60000.0,60000.0,9.531856559999687,9.482038250000187,1.061671378941339,7.968059499999072,11.453388199999608,9.340625,9.359375,1.0006756557906789,7.796875,11.09375
cx0.1_mut0.05,0.1,0.05,test_3,20,20,1.0,37.10038676712387,37.53671616331105,3.766963905400309,30.00921377377094,44.66451158199139,60000.0,60000.0,0.0,60000.0,60000.0,11.552849814999536,11.846455699998842,1.2368014737166517,8.683794799999305,13.367992700001196,11.2578125,11.4609375,1.184384981210546,8.53125,12.953125
cx0.1_mut0.05,0.1,0.05,test_4,20,20,1.0,31.735557112363722,31.879692954451073,2.028937535209852,26.9226164963402,36.09842709639118,60000.0,60000.0,0.0,60000.0,60000.0,11.136944569999468,11.200921999998172,1.432233924611326,9.016894199998205,14.020747000002302,10.87265625,10.8359375,1.3489540733100112,8.90625,13.609375
cx0.1_mut0.05,0.1,0.05,test_5,20,20,1.0,43.658256109025594,43.43144037519842,4.326245111545957,35.29325259313356,50.442009790024535,60000.0,60000.0,0.0,60000.0,60000.0,11.38561437499975,11.386620350000157,1.3897426491080063,9.185659900002065,14.354140799998277,11.103125,11.125,1.3512774931474447,8.890625,13.984375
cx0.1_mut0.05,0.1,0.05,test_6,20,20,1.0,39.61886829927985,39.0609991830462,5.608844334596069,30.665124555773637,52.97415273690605,60000.0,60000.0,0.0,60000.0,60000.0,12.203253855000549,12.373410349999176,1.2486460860142026,10.087051099999371,14.1433294999988,11.78984375,11.9375,1.1773335044563458,9.8125,13.5
cx0.1_mut0.05,0.1,0.05,test_7,20,20,1.0,37.996623320943634,38.437656291265284,3.435241548991856,32.09076809995777,46.080186212502696,60000.0,60000.0,0.0,60000.0,60000.0,11.68163027499977,11.805672799999229,1.4768661585889915,9.271819499997946,14.41521400000056,11.43125,11.5,1.4572125235585196,9.109375,14.109375
cx0.1_mut0.05,0.1,0.05,test_8,20,20,1.0,37.52038218059168,36.883611893839415,4.233922938790795,29.412013101392823,45.418214458685206,60000.0,60000.0,0.0,60000.0,60000.0,11.39244834000001,11.19823974999963,1.4817180357401811,9.245297000001301,14.015042300001369,11.13203125,11.0546875,1.3851716606253792,9.0625,13.5
cx0.1_mut0.05,0.1,0.05,test_9,20,20,1.0,40.589321260975694,41.12053521807084,3.8937264706448054,33.42183582009425,47.60342479698405,60000.0,60000.0,0.0,60000.0,60000.0,10.349882185000206,10.449829399998634,0.955683800639952,8.762052199999744,11.793487700000696,10.19375,10.28125,0.9593050827428757,8.15625,11.53125
cx0.1_mut0.01,0.1,0.01,test_1,20,20,1.0,47.28265330317925,47.29724922715534,4.6659410566778154,39.33768112270118,56.14724979610137,60000.0,60000.0,0.0,60000.0,60000.0,9.520256739999969,9.253646299999673,1.0397066595586968,8.241719199999352,11.565111399999296,9.3828125,9.078125,1.007839593169077,8.203125,11.359375
cx0.1_mut0.01,0.1,0.01,test_10,20,20,1.0,42.10066249094645,41.376608523340906,4.908642421659248,35.335124168308695,52.506677508311334,60000.0,60000.0,0.0,60000.0,60000.0,11.696457885000019,11.829451550000158,1.5416876758888254,9.187135899999703,14.080047499999637,11.24921875,11.6015625,1.380395318970806,9.046875,13.234375
cx0.1_mut0.01,0.1,0.01,test_2,20,20,1.0,40.57587211895476,39.584186605258196,3.6526025534820166,34.836815157040014,47.292853201794756,60000.0,60000.0,0.0,60000.0,60000.0,10.080838519999816,10.342179149998628,1.580816542406553,7.707722600000125,12.799404199999117,9.91171875,10.234375,1.5245243255528271,7.578125,12.296875
cx0.1_mut0.01,0.1,0.01,test_3,20,20,1.0,39.726606779187556,40.42109423555989,4.4191092535606735,30.740400979867996,48.0428409041332,60000.0,60000.0,0.0,60000.0,60000.0,11.900406924999334,11.908146600000691,1.5064732279257123,9.076060399998823,15.581010399997467,11.634375,11.75,1.4212142406277661,8.921875,15.0625
cx0.1_mut0.01,0.1,0.01,test_4,20,20,1.0,36.05342345956511,34.994753042858406,4.531889428222251,29.769789142703956,47.081946769276044,60000.0,60000.0,0.0,60000.0,60000.0,11.573963600000571,11.454455150000285,1.4520532411673603,9.600065900001937,14.4351768000015,11.31171875,11.125,1.423410237909828,9.390625,14.109375
cx0.1_mut0.01,0.1,0.01,test_5,20,20,1.0,43.81025546407271,43.89720884818277,4.4436042342389745,36.71843903485164,52.062174542557315,60000.0,60000.0,0.0,60000.0,60000.0,11.231168719999914,11.118917350000629,1.6378191513135254,9.428063700001076,14.880385000000388,10.896875,10.7578125,1.5055527022142854,9.265625,14.140625
cx0.1_mut0.01,0.1,0.01,test_6,20,20,1.0,43.681236689339855,43.03543706422289,4.697424300317547,36.229948254229264,51.14427489493136,60000.0,60000.0,0.0,60000.0,60000.0,12.683380089999991,12.529161649999878,1.7647051293622251,9.543533899999602,16.13468490000014,12.24375,12.1171875,1.6663621912125322,9.328125,15.78125
cx0.1_mut0.01,0.1,0.01,test_7,20,20,1.0,39.73847901364133,39.14126810091045,4.044049381492309,32.50022223366307,47.3604857219979,60000.0,60000.0,0.0,60000.0,60000.0,12.024983284999871,11.999417550001453,1.7094157676402735,9.524216300000262,16.387173499999335,11.74921875,11.765625,1.6612965801135688,9.3125,15.96875
cx0.1_mut0.01,0.1,0.01,test_8,20,20,1.0,39.053760200246515,39.58570224556793,3.7217286894429917,31.152807349905387,45.34456895608712,60000.0,60000.0,0.0,60000.0,60000.0,12.622840269999688,12.31123259999913,1.3952505402825797,10.0754737999996,15.63612600000124,12.35078125,12.1015625,1.3476026758039188,9.921875,15.25
cx0.1_mut0.01,0.1,0.01,test_9,20,20,1.0,42.99815189981694,41.619458152454605,4.605741378510317,36.88314052993667,55.477220274946966,60000.0,60000.0,0.0,60000.0,60000.0,10.424123080000026,9.979758799998308,1.1883358879617225,8.578017499999987,12.39722729999994,10.25859375,9.9140625,1.0828696964084235,8.53125,12.375
cx0.1_mut0.001,0.1,0.001,test_1,20,20,1.0,55.36102996751058,55.161073344070616,4.022882827456185,49.180641995149365,64.04216180625306,60000.0,60000.0,0.0,60000.0,60000.0,9.356915114999902,9.270400400000653,0.8054119119997774,7.950285099999746,10.938602599999285,9.22734375,9.1875,0.751514284753886,7.953125,10.5
cx0.1_mut0.001,0.1,0.001,test_10,20,20,1.0,51.96343374726585,51.43935041118607,5.5134773424927195,41.4130848551277,62.973056172527116,60000.0,60000.0,0.0,60000.0,60000.0,10.787610074999975,10.716224649999276,1.1064610133952963,8.649171099998057,12.92597670000032,10.40703125,10.34375,0.9523559100460661,8.578125,12.296875
cx0.1_mut0.001,0.1,0.001,test_2,20,20,1.0,50.969381458184856,50.75820404726258,4.717293106797926,44.24722257756633,63.87155815283821,60000.0,60000.0,0.0,60000.0,60000.0,9.986922365000101,9.67072885000016,1.676695235901245,7.745845099998405,13.892524599999888,9.80546875,9.5234375,1.5955185218018715,7.6875,13.734375
cx0.1_mut0.001,0.1,0.001,test_3,20,20,1.0,51.14034640032448,51.19163854995139,5.207481156024166,42.25254145594021,65.04009299914173,60000.0,60000.0,0.0,60000.0,60000.0,10.794429970000419,10.466426550001415,1.353482155299028,9.171155800002452,15.281511299999693,10.5171875,10.171875,1.2757312547613624,9.0,14.828125
cx0.1_mut0.001,0.1,0.001,test_4,20,20,1.0,46.77347479484646,47.06250886934907,5.844568392309616,33.7817792722988,53.803617032855314,60000.0,60000.0,0.0,60000.0,60000.0,10.551124490000438,10.654412100000627,0.8614629982216561,9.055336500001431,11.766776000000391,10.296875,10.21875,0.8851328234404027,8.765625,11.71875
cx0.1_mut0.001,0.1,0.001,test_5,20,20,1.0,56.48361132514774,56.76835590203886,6.533311737270855,46.5734040997202,69.37787963578302,60000.0,60000.0,0.0,60000.0,60000.0,11.106628734999685,10.699724300000526,1.4395480916407126,9.277160800000274,15.253631499999756,10.79921875,10.5234375,1.41841662085606,8.78125,14.875
cx0.1_mut0.001,0.1,0.001,test_6,20,20,1.0,53.391411995060956,52.15956453377928,4.852269914387617,43.3521651319619,62.58790573717015,60000.0,60000.0,0.0,60000.0,60000.0,11.55520318999952,11.334376200000406,1.2756050011422795,9.318644000002678,13.424817700000858,11.14609375,11.09375,1.234809789765076,9.09375,13.078125
cx0.1_mut0.001,0.1,0.001,test_7,20,20,1.0,53.46426892497192,53.64599154977439,4.308381124996169,45.37474525968804,61.862550703190344,60000.0,60000.0,0.0,60000.0,60000.0,11.012222419999853,10.720846649999658,1.2130861062417575,9.079135199997836,13.696468500002084,10.79375,10.5,1.1679770699184393,8.765625,13.453125
cx0.1_mut0.001,0.1,0.001,test_8,20,20,1.0,49.3189065828646,49.31525352008808,3.8754435327765684,42.55547120600573,56.41725769935746,60000.0,60000.0,0.0,60000.0,60000.0,10.992472174999966,10.877930849997938,1.171903475808029,9.303345000000263,13.359117299998616,10.76328125,10.6640625,1.1651867804549791,9.28125,13.125
cx0.1_mut0.001,0.1,0.001,test_9,20,20,1.0,52.87443249366002,50.935615944071756,6.629959893069436,42.85377492663165,68.18601075965837,60000.0,60000.0,0.0,60000.0,60000.0,10.270738515000085,9.873185350001222,1.1857427044621265,8.849389200000587,13.682912599997508,10.09296875,9.78125,1.1749080814235673,8.8125,13.5
