variant,label,n_runs,feasible_runs,instance,fitness_n,fitness_median,fitness_mean,fitness_std,fitness_iqr,fitness_q1,fitness_q3,fitness_min,fitness_max,fitness_mean_ci_low,fitness_mean_ci_high,fitness_median_ci_low,fitness_median_ci_high,distance_n,distance_median,distance_mean,distance_std,distance_iqr,distance_q1,distance_q3,distance_min,distance_max,distance_mean_ci_low,distance_mean_ci_high,distance_median_ci_low,distance_median_ci_high,time_n,time_median,time_mean,time_std,time_iqr,time_q1,time_q3,time_min,time_max,time_mean_ci_low,time_mean_ci_high,time_median_ci_low,time_median_ci_high,cpu_n,cpu_median,cpu_mean,cpu_std,cpu_iqr,cpu_q1,cpu_q3,cpu_min,cpu_max,cpu_mean_ci_low,cpu_mean_ci_high,cpu_median_ci_low,cpu_median_ci_high,evals_n,evals_median,evals_mean,evals_std,evals_iqr,evals_q1,evals_q3,evals_min,evals_max,evals_mean_ci_low,evals_mean_ci_high,evals_median_ci_low,evals_median_ci_high
ga_ls00,GA no LS,10,10,test_1,10,38.0083456781763,38.94900501942722,4.20445405571112,4.129876222928893,36.31841757673502,40.448293799663915,33.034213730727394,46.289089381733724,36.59704943334592,41.545577328483304,35.92528296591596,42.62522477591712,10,36.57586794002461,37.37188096981733,4.11794704405711,4.025954050523374,34.70280175489724,38.72875580542061,31.60593408611561,44.520535793527635,35.064880945568696,39.91699007746042,34.36856891859223,40.925832075631064,10,9.53330970001116,9.522736860005534,0.8359460036071305,1.0700575000155368,8.821282374992734,9.89133987500827,8.566690899984678,11.349421699997038,9.06618471700327,10.032598914757546,8.789106999989599,9.952506900008302,10,9.359375,9.321875,0.8318411118817504,1.0390625,8.65625,9.6953125,8.296875,11.125,8.8640625,9.83125,8.609375,9.75,10,60000.0,60000.0,0.0,0.0,60000.0,60000.0,60000.0,60000.0,60000.0,60000.0,60000.0,60000.0
ga_ls00,GA no LS,10,10,test_2,10,33.98572916515979,34.51098896776454,3.647629451997028,1.4511233577455016,33.00439242707662,34.45551578482212,30.66039691103405,44.225983669438804,32.79347326997022,36.98185563790724,32.75035196592829,34.666169961956065,10,32.37441397748768,32.96403215353016,3.6106815595755353,1.411879167164102,31.467679549087585,32.87955871625169,29.19905400146181,42.61750682595986,31.279136336462788,35.40245304217543,31.31322460498257,33.0527181343264,10,8.492365700003575,8.249671169999056,0.9485922025130741,1.1601585500029614,7.559505924997211,8.719664475000172,6.827126499993028,9.653552099975059,7.688762015996763,8.802496439995593,7.348249150003539,9.023308050003834,10,8.3828125,8.175,0.9521938757854586,1.1640625,7.49609375,8.66015625,6.765625,9.609375,7.6124609375,8.731289062499998,7.265625,8.953125,10,60000.0,60000.0,0.0,0.0,60000.0,60000.0,60000.0,60000.0,60000.0,60000.0,60000.0,60000.0
ga_ls00,GA no LS,10,10,test_3,10,36.33737529350007,35.99812440617818,4.583635226109256,5.204257535137735,32.81102751886237,38.0152850540001,29.530177862549,44.55676861096116,33.334812997281546,38.71242354967207,32.11256688216115,38.71876131024541,10,34.45467202668301,34.31959021075447,4.628953096530885,4.969011886528158,31.27612317843593,36.24513506496409,27.747043552426405,43.076578622879154,31.646904456734852,37.08335169925281,30.686118004959482,37.09698971951499,10,8.237524700001813,8.341211670002668,0.7921946508548516,0.9784375749950414,7.997227175008447,8.975664750003489,7.054053200001363,9.504376800003229,7.862931059751718,8.803770365253513,7.697981599994819,9.017984000005526,10,8.1875,8.28125,0.7798598743435331,0.9609375,7.93359375,8.89453125,7.015625,9.40625,7.809375,8.734375,7.6640625,8.9375,10,60000.0,60000.0,0.0,0.0,60000.0,60000.0,60000.0,60000.0,60000.0,60000.0,60000.0,60000.0
ga_ls00,GA no LS,10,10,test_4,10,31.499766864744657,31.959257868865564,3.3069676218808635,4.606677936137281,29.69288486152508,34.29956279766236,27.534932256755873,37.60919689016189,30.073591108848508,33.92563519949224,29.212349626099584,34.77702080340788,10,30.016408268998795,30.518797316034828,3.2299757994194445,4.429473057686398,28.39291708743512,32.82239014512152,26.27051524410596,36.24097954177523,28.69081429310846,32.442161652432176,27.878259404647885,33.34353346656788,10,7.9374226499930955,7.911554810003144,0.6594000103114355,0.7469774499841151,7.449505125005089,8.196482574989204,7.1234381000103895,9.372223500016844,7.543491270003142,8.335698207253735,7.378581500001019,8.238662499992643,10,7.6875,7.7984375,0.6523715583726892,0.7421875,7.37890625,8.12109375,7.0625,9.265625,7.4453125,8.2234375,7.3125,8.171875,10,60000.0,60000.0,0.0,0.0,60000.0,60000.0,60000.0,60000.0,60000.0,60000.0,60000.0,60000.0
ga_ls00,GA no LS,10,10,test_5,10,38.839795692524795,39.41150613899267,2.272815241278744,1.9682426396004473,38.46735120936058,40.43559384896103,35.976176401976396,44.27899503324159,38.15899556305183,40.80901761991595,37.9712100121604,40.642012674827235,10,37.211131799000384,37.777668973559706,2.336956544408998,1.891111918145704,36.68230172378786,38.57341364193356,34.40265728641062,42.84063498084203,36.50799925360378,39.23309288901355,36.297437506939474,39.151574218318274,10,8.033774900002754,8.228030649994617,0.5502903891861917,0.48715407499548746,7.929343899995729,8.416497974991216,7.5475187999836635,9.4050966000068,7.932164663747317,8.57051276699116,7.910862449993147,8.50718039998901,10,7.90625,8.096875,0.5377865838064596,0.52734375,7.77734375,8.3046875,7.453125,9.28125,7.8109375,8.4296875,7.765625,8.390625,10,60000.0,60000.0,0.0,0.0,60000.0,60000.0,60000.0,60000.0,60000.0,60000.0,60000.0,60000.0
ga_ls00,GA no LS,10,10,test_6,10,40.22761568659423,38.88538605151339,3.954771988414362,2.899973197338433,38.24516336540754,41.145136562745975,30.602929619989762,43.410022224995814,36.33924935908461,40.97362812584758,36.573902208631864,41.30026848426847,10,38.55775672053504,37.3194369688239,3.8594035506585787,2.8564386019177093,36.799089197563575,39.655527799481284,29.3638430491372,41.64257535590346,34.83553653001863,39.35592650821162,35.01661132162255,39.95383997935382,10,8.093482600001153,8.299378869999781,0.740598502851023,1.080189975000394,7.751455049990909,8.831645024991303,7.216092999995453,9.389068100019358,7.876810139246227,8.734526900004422,7.698127599986037,9.054903800002648,10,8.0625,8.25625,0.7332919022387256,1.0703125,7.703125,8.7734375,7.1875,9.359375,7.8375,8.6859375,7.65625,8.9921875,10,60000.0,60000.0,0.0,0.0,60000.0,60000.0,60000.0,60000.0,60000.0,60000.0,60000.0,60000.0
ga_ls00,GA no LS,10,10,test_7,10,33.15029768578043,33.01849528037891,3.8099327660918654,4.6568151583330994,30.061976771972173,34.71879193030527,27.9021942411311,41.25317534628992,30.955250901748155,35.39824726761822,29.78915662035832,34.85391704548283,10,31.68653196581002,31.497289175261624,3.917832939832326,4.5410657156686725,28.536579912001756,33.07764562767043,26.300470646459566,40.01512089627535,29.38474522769266,33.95304628364478,28.283413163017524,33.25649103086572,10,7.249123149988009,7.64532452999556,0.9461100101325982,0.7330625250033336,7.029702874991926,7.76276539999526,6.898030900018057,9.89533559998381,7.1704944399988015,8.27468236649067,7.021261699992465,8.139128850001725,10,7.1953125,7.6078125,0.9493878807369924,0.76171875,6.98828125,7.75,6.875,9.84375,7.128125,8.2359765625,6.9765625,8.125,10,60000.0,60000.0,0.0,0.0,60000.0,60000.0,60000.0,60000.0,60000.0,60000.0,60000.0,60000.0
ga_ls00,GA no LS,10,10,test_8,10,33.898617089362546,33.7803926002713,2.575818645681489,1.8972443296484087,32.90650246074416,34.803746790392566,28.38319678829737,38.427586066495564,32.20606055004203,35.22531520317827,32.72452678839639,35.04953465715065,10,32.269100127049384,32.163029502522704,2.6596826736226675,2.0947272668383263,31.106663505516714,33.20139077235504,26.739736619903628,36.96956377479421,30.54971387718025,33.67165301819945,30.97796069803225,33.58134533955972,10,8.159529349999502,8.165988159997505,0.636095124104847,0.6533673750091111,7.886362474993803,8.539729850002914,6.946551899978658,9.171179500001017,7.78128784924178,8.53489138999721,7.816940299991984,8.621185099997092,10,8.0546875,8.0703125,0.6401060737020684,0.65625,7.6953125,8.3515625,6.9375,9.140625,7.690625,8.45,7.609375,8.4609375,10,60000.0,60000.0,0.0,0.0,60000.0,60000.0,60000.0,60000.0,60000.0,60000.0,60000.0,60000.0
ga_ls00,GA no LS,10,10,test_9,10,36.266866084321165,37.30134189815017,2.932540495483766,3.8948787094761173,35.15219418673462,39.047072896210736,34.65199307215721,43.83157801335797,35.74277465281012,39.129129057463,35.09133692968073,39.58400454542192,10,34.8800376292843,35.823656694889664,2.9432182514640766,3.7985250119503746,33.624608243993535,37.42313325594391,33.05682074742177,42.45595827642385,34.26243725527308,37.67152158404087,33.60894743175227,37.84422850797612,10,7.725399049988482,7.706410449993564,0.7080528105015236,1.0516548750238144,7.0529436499782605,8.104598525002075,6.924461700022221,9.101236599992262,7.316533469244533,8.138267453997686,6.959738099976676,8.174127200007206,10,7.671875,7.634375,0.6886511826671677,1.0234375,6.99609375,8.01953125,6.828125,8.984375,7.25625,8.053125,6.90625,8.09375,10,60000.0,60000.0,0.0,0.0,60000.0,60000.0,60000.0,60000.0,60000.0,60000.0,60000.0,60000.0
ga_ls00,GA no LS,10,10,test_10,10,34.9830921473005,35.87443053320464,3.7282472677427863,5.401403409309367,32.87309230744612,38.27449571675549,32.07052557399681,42.30177083238581,33.795394093627905,38.22932200830348,32.77446872365762,39.10205726182355,10,33.4136936731659,34.3054343130521,3.7444662699000926,5.593240996597309,31.182615575321798,36.77585657191911,30.65320888771008,40.624092096794215,32.20825791428,36.67365312703506,31.058275454739622,37.67331648773707,10,7.647256650001509,7.650318889998016,0.6496405991832114,1.123128875005932,7.032716274996346,8.155845150002278,6.918025499995565,8.638331800000742,7.270438275751367,8.039953080500418,7.020428799994988,8.278307900007349,10,7.6015625,7.6078125,0.645558157102355,1.11328125,6.98828125,8.1015625,6.90625,8.609375,7.23125,7.996875,6.96875,8.21875,10,60000.0,60000.0,0.0,0.0,60000.0,60000.0,60000.0,60000.0,60000.0,60000.0,60000.0,60000.0
ga_ls10_offspring,GA 10% LS [LS on offspring],10,10,test_1,10,37.795506765335006,38.24137458964109,3.070823936826233,4.551441892476987,35.96204506131523,40.51348695379222,34.08469472734808,43.72262382408138,36.48159344361344,40.10304213044092,35.61982121628627,40.661417236269116,10,36.27072425784293,36.693011599800045,3.0422298210118,4.701279567146351,34.35726349884533,39.05854306599168,32.518166509970435,42.0271825687935,34.93805946615864,38.52405183039312,33.98731146547028,39.24563329815841,10,9.642854299992905,9.973890699999174,0.9238971136809527,0.9499834250018466,9.317484025006706,10.267467450008553,9.132510000024922,11.982091299985768,9.487059796005779,10.549697742738717,9.31436630000826,10.401322899982915,10,9.40625,9.75,0.870835825355286,0.88671875,9.171875,10.05859375,8.921875,11.609375,9.2890625,10.289101562499999,9.1484375,10.140625,10,76248.0,76237.2,342.9962098915963,312.0,76107.0,76419.0,75570.0,76782.0,76023.6,76426.8,76065.0,76458.0
ga_ls10_offspring,GA 10% LS [LS on offspring],10,10,test_2,10,35.65718011482204,34.71881894776521,3.5494769304817826,6.0392663244902955,31.16300597945322,37.202272303943516,29.928225488877523,39.361576655438085,32.67229321702536,36.79566845901368,31.03985987348436,37.926576684737356,10,34.16740386290898,33.17696431428639,3.5253430547476348,5.954400729285709,29.630340234118734,35.58474096340444,28.44163503536625,37.883208979384385,31.155627245191884,35.21420864100166,29.540719815080475,36.323686820348755,10,8.847269550009514,9.121943780005676,1.4288092483587882,1.60652160000609,8.097614374986733,9.704135974992823,7.610386100015603,12.190941600012593,8.362308744007604,10.012063316503918,7.973654999979772,9.886629699991317,10,8.8125,9.0390625,1.3870262032016756,1.55859375,8.046875,9.60546875,7.5,11.96875,8.2953125,9.9046875,7.921875,9.796875,10,76098.0,76084.2,420.24802200605296,496.5,75817.5,76314.0,75510.0,76806.0,75841.785,76330.815,75690.0,76404.0
ga_ls10_offspring,GA 10% LS [LS on offspring],10,10,test_3,10,35.78791071937495,36.53316186011879,3.0773552014020757,4.228312230044622,34.68457440275097,38.91288663279559,31.985315561832056,41.81695629725568,34.766803799978355,38.360246859736435,34.105822734371145,39.131085192824216,10,34.03637774330649,34.98702511486629,3.0221513535155187,4.3044204447236325,33.20011961065279,37.504540055376424,30.625761021318603,40.10876536151902,33.266828696161525,36.78763465501694,32.72357614263544,37.77274914283941,10,9.284229400000186,8.83466351000825,0.8877859245470817,1.5347493249937543,7.992569225010811,9.527318550004566,7.493901500012726,9.62887720001163,8.278238241507715,9.311851587005293,7.719550800014986,9.570461600000272,10,9.1953125,8.7546875,0.8745053785529597,1.48828125,7.9375,9.42578125,7.4375,9.578125,8.20625,9.225039062499999,7.671875,9.484375,10,76155.0,76280.4,333.4210551239978,276.0,76075.5,76351.5,75996.0,77058.0,76107.6,76492.815,76068.0,76452.0
ga_ls10_offspring,GA 10% LS [LS on offspring],10,10,test_4,10,30.288471849801887,30.68441924899752,2.353598003893774,2.4019394884680594,29.768280645981342,32.1702201344494,26.07778276855783,34.734194689306904,29.308887933079934,32.02629236837748,29.623994302481037,32.54587335658229,10,29.015533887379526,29.275230526111823,2.354202842813336,2.508873075958995,28.23856533030776,30.747438406266756,24.562375256571002,33.355163086087636,27.896260428588697,30.614209192035528,28.187011472257197,31.104465169709083,10,9.130921250005485,8.93549130000756,0.569811755877873,0.44500749999861,8.818266425012553,9.263273925011163,7.759864399995422,9.682899999985239,8.575100415758426,9.244692158505275,8.51561965001747,9.270587700011674,10,8.984375,8.8375,0.5729261362853757,0.5,8.69140625,9.19140625,7.6875,9.625,8.4796875,9.15625,8.4140625,9.203125,10,76377.0,76294.8,293.45936686362563,280.5,76123.5,76404.0,75834.0,76746.0,76120.8,76459.8,76050.0,76479.0
ga_ls10_offspring,GA 10% LS [LS on offspring],10,10,test_5,10,38.898476655864314,38.8332042674631,3.0887165007335518,3.7512599905389123,36.391766518161006,40.14302650869992,34.62841001791839,44.286463909888525,37.04033362997419,40.654606487949664,36.10738999966922,41.32735694647631,10,37.31361087654578,37.33832899543042,3.090932712962339,3.8430180195917316,34.980166385790675,38.823184405382406,32.98322113895396,42.84691347860532,35.543248247087696,39.16541086063724,34.81977737352079,39.79653996375436,10,8.589509650002583,8.942060070001753,1.099892258785373,1.3574190750077832,8.324990624998463,9.682409700006247,7.433577099989634,10.935189800016815,8.317668280997095,9.596770595996858,8.174989350009128,9.877848600008292,10,8.40625,8.8015625,1.081304440264037,1.3203125,8.2421875,9.5625,7.296875,10.765625,8.1905859375,9.446875,8.0703125,9.75,10,76107.0,76167.6,283.49532624013403,492.0,75933.0,76425.0,75828.0,76542.0,76004.4,76338.6,75915.0,76452.0
ga_ls10_offspring,GA 10% LS [LS on offspring],10,10,test_6,10,36.65976896240309,37.05731916840618,3.083604730988482,5.066777040433578,34.750215403134256,39.816992443567834,32.6444904540068,41.000099344555494,35.24835646630147,38.88963592054617,34.49784101892922,40.1462494458714,10,34.97199710322039,35.44494035631802,2.9826778869585007,5.1828665072167865,33.23909835579249,38.42196486300928,31.107401575163834,39.263441699967125,33.69430860952704,37.21117859961574,32.97639907902695,38.77555424798599,10,9.079847650005831,9.350713790001464,0.9296276584262648,1.4540937000128906,8.549411474996305,10.003505175009195,8.367176700005075,10.941726999997627,8.827281792250142,9.922097954251731,8.484439199994085,10.194958649997716,10,9.0390625,9.3109375,0.9069516560564908,1.4453125,8.53125,9.9765625,8.359375,10.84375,8.8,9.86875,8.484375,10.140625,10,76263.0,76264.2,300.99900332060906,414.0,76090.5,76504.5,75708.0,76680.0,76079.4,76440.0,76074.0,76524.0
ga_ls10_offspring,GA 10% LS [LS on offspring],10,10,test_7,10,35.081196838740205,33.32788454094753,3.609862921243203,3.03672369278717,32.65876303534365,35.69548672813082,26.276049729468756,36.15192254241231,30.99313674856616,35.2670394984189,30.54023637160724,35.80253673296276,10,33.29145702687963,31.751006267110974,3.504361917634852,3.0737490844402373,31.074418616432013,34.14816770087225,24.979627754161317,34.60535968604296,29.487195600585785,33.643987120658416,28.91164470095402,34.2371227256215,10,8.39591654999822,8.514125029998832,0.7683032772680655,1.2574219750022166,7.8307643750013085,9.088186350003525,7.54419849999249,9.779192700021667,8.06435571274902,8.978108733753615,7.71380890000728,9.15831514999445,10,8.3515625,8.459375,0.757421326589252,1.2890625,7.765625,9.0546875,7.515625,9.671875,8.0155859375,8.9171875,7.640625,9.109375,10,76203.0,76190.4,311.81019867861926,229.5,76096.5,76326.0,75690.0,76722.0,76003.8,76372.2,75936.0,76398.0
ga_ls10_offspring,GA 10% LS [LS on offspring],10,10,test_8,10,36.065476715997164,35.411389587551966,2.6247556938163354,3.2410519499805943,34.13268038417248,37.373732334153075,30.008919564910403,38.3263931023268,33.80264537272719,36.837966544433755,34.05595036911917,37.61744162584396,10,34.38615819795773,33.77141022377882,2.5716912739674593,3.163762190720824,32.48194629377951,35.64570848450033,28.637507284929246,36.83031994104146,32.20374006808932,35.17470936928963,32.474783655265156,35.886725199136535,10,8.945996299997205,9.144620550001855,1.0457751738113936,1.2108769749975181,8.595317450010043,9.806194425007561,7.72613409999758,10.767779399990104,8.546321228499364,9.77117130100829,8.326364950000425,9.990259100013645,10,8.8984375,9.0578125,1.0538364622001364,1.078125,8.51953125,9.59765625,7.5625,10.703125,8.45625,9.690625,8.2578125,9.90625,10,76410.0,76297.8,322.5901424408378,468.0,76065.0,76533.0,75654.0,76686.0,76096.8,76478.4,76038.0,76554.0
ga_ls10_offspring,GA 10% LS [LS on offspring],10,10,test_9,10,37.22936332840257,37.42642851037498,3.170645140757322,4.380780376720502,35.26585024398215,39.64663062070265,33.19697880109823,42.826268902642084,35.60341167333398,39.32925714978322,34.78037089699123,40.28092372835458,10,35.79185770968823,35.96600252883005,3.0725021706931335,4.3231287887590355,33.94034339156737,38.2634721803264,31.88304441004822,41.06118094428686,34.180254756974385,37.802303927146305,33.506126308972725,38.90133947001638,10,7.91472969998722,8.141964509995887,0.7353388878728911,0.7820006499969168,7.574950175003323,8.35695082500024,7.482802699989406,9.70805859999382,7.757812612241541,8.620636093245775,7.552230700006476,8.642974150003283,10,7.8515625,8.040625,0.7679492781102149,0.796875,7.4453125,8.2421875,7.328125,9.640625,7.6421875,8.5421875,7.4375,8.5859375,10,76455.0,76347.0,320.4652867316521,372.0,76173.0,76545.0,75636.0,76722.0,76145.4,76516.2,76110.0,76551.0
ga_ls10_offspring,GA 10% LS [LS on offspring],10,10,test_10,10,33.450104713567406,33.21751148923951,1.7678209021312288,2.111807864441456,31.98884108141846,34.100648945859916,29.9362341332886,35.6251019414551,32.15805270650098,34.23486327469455,31.78231010368899,34.7208984341478,10,31.737932827858614,31.73041812286358,1.7460939613280884,1.8705471382949632,30.653394722769715,32.52394186106468,28.53551844129272,34.33347425368733,30.6980328351943,32.741928716644566,30.45550126330393,33.14849470300219,10,7.765875600016443,8.049571300004027,0.597911985696449,0.7996610250047524,7.590116524988844,8.389777549993596,7.531744100007927,9.140059900004417,7.7230655985059995,8.425051398254945,7.562892699992517,8.500920200007386,10,7.703125,8.003125,0.5934666721663671,0.77734375,7.56640625,8.34375,7.46875,9.109375,7.678125,8.375,7.546875,8.453125,10,76170.0,76149.6,269.31320056766623,442.5,75918.0,76360.5,75804.0,76572.0,75990.6,76310.4,75888.0,76398.0
ga_ls50_offspring,GA 50% LS [LS on offspring],10,10,test_1,10,39.66394185030144,39.86648349644216,3.227282817693482,4.595465830913071,37.95886038325713,42.5543262141702,35.38745556251451,44.54100139569058,37.98107369460988,41.757263946293314,36.855045231557966,42.92042284632417,10,38.02236067769694,38.279989643877684,3.2200004348659115,4.640791001649234,36.40871351287774,41.04950451452697,33.6458174060434,42.71712411180928,36.38713728952749,40.15169598473398,35.43412029260638,41.47893263644823,10,14.198334749991773,13.939917570003308,1.2708609796688068,1.9083415999921272,12.94116560000839,14.849507200000517,11.930968600005144,15.401034700014861,13.207124627006051,14.669594274251795,12.639853900007438,15.031837900009123,10,13.875,13.63125,1.2594521102668237,1.9140625,12.6640625,14.578125,11.578125,15.0625,12.909375,14.3515625,12.359375,14.6875,10,141072.0,141082.2,435.79857732672787,541.5,140815.5,141357.0,140250.0,141666.0,140820.6,141328.2,140778.0,141462.0
ga_ls50_offspring,GA 50% LS [LS on offspring],10,10,test_2,10,32.36181790656044,32.86951643892318,3.2114668959216868,4.000428267133053,30.73701578803437,34.73744405516742,28.3489030991251,37.89160201736154,31.070117817222453,34.79888574751912,30.44188474754762,35.053559972803484,10,30.738150522881725,31.300571142516315,3.1368043979666314,3.819553215151796,29.172973307659436,32.99252652281123,26.992510568391094,36.39941979559162,29.55787491205994,33.188530160078976,28.947386372234803,33.44407367414256,10,12.01605185000517,12.567265799996676,2.3971250351451734,3.0635823999909917,10.793373699998483,13.856956099989475,9.597697699995479,16.52612890000455,11.222948005494398,14.029093593749858,10.556226899992907,14.827082449992304,10,11.9375,12.4921875,2.3853853937178577,3.06640625,10.703125,13.76953125,9.53125,16.453125,11.1577734375,13.95,10.453125,14.7421875,10,141015.0,141184.2,491.30886415777195,690.0,140940.0,141630.0,140364.0,141918.0,140899.185,141474.015,140850.0,141648.0
ga_ls50_offspring,GA 50% LS [LS on offspring],10,10,test_3,10,33.981076427136074,33.89505760025564,2.820672602991329,2.658914472002685,32.37847765723974,35.03739212924243,28.462324163464217,38.26961480465073,32.14309153633368,35.56967079375782,32.1108227357245,35.96089956146724,10,32.34189254368891,32.296057133994125,2.780148845666638,2.916451114602843,30.716954405099834,33.63340551970268,26.909732685447374,36.54971806229865,30.555665899642822,33.934030247119786,30.34812025234467,34.22351126750354,10,11.446865099991555,11.630288279999514,1.5602896780329807,2.350993300009577,10.496657599993341,12.847650900002918,9.561097500001779,14.199474299995927,10.714492212502737,12.555681560251978,10.257558850003988,12.9097463000071,10,11.3515625,11.5390625,1.5322638721136521,2.30859375,10.4140625,12.72265625,9.53125,14.046875,10.6390625,12.4469140625,10.1953125,12.8203125,10,141021.0,140955.6,459.23588709942953,696.0,140527.5,141223.5,140394.0,141672.0,140692.2,141228.015,140508.0,141318.0
ga_ls50_offspring,GA 50% LS [LS on offspring],10,10,test_4,10,30.68963088894698,31.32610509618945,2.738439366192653,3.5464964778937222,29.608140400993047,33.15463687888677,27.05006379917989,35.79933433570431,29.763353690730128,32.970639538212765,29.51661120995699,33.54372757550323,10,29.199875812401956,29.894121150832724,2.7540398366773573,3.1492684509826,28.24114600245419,31.39041445343679,25.743422756239497,34.579070960018036,28.34313799543536,31.575406258148096,28.045227533685793,32.09464312825427,10,11.032839950014022,11.329577770002652,1.0536792946334,1.3711868499958655,10.847238725007628,12.218425575003494,9.970186199992895,12.992621799989138,10.722028168502002,11.951183162004018,10.481379599994398,12.527970499999356,10,10.9453125,11.1953125,1.0465316082747123,1.3203125,10.76171875,12.08203125,9.75,12.859375,10.5828125,11.8109375,10.3671875,12.390625,10,140976.0,140833.8,581.0958612828008,696.0,140517.0,141213.0,139656.0,141666.0,140476.785,141154.8,140472.0,141216.0
ga_ls50_offspring,GA 50% LS [LS on offspring],10,10,test_5,10,39.73392458010237,39.49194016982416,3.2583607380411945,4.214726811399856,36.98560989981365,41.20033671121351,34.81388379833301,45.993073209435174,37.626490550493585,41.449723588974805,36.77528586982313,41.37332365956341,10,38.00765392118083,37.91956880082743,3.22477321170566,4.451128418430024,35.40180374076203,39.85293215919205,33.25141274525413,44.28270981676323,36.07530517755766,39.86187197598429,35.22081078179689,40.046787069902656,10,11.4097344000038,11.627631799998927,1.199800646880889,1.8923092750046635,10.673000749986386,12.56531002499105,10.189127100020414,13.466808400000446,10.9476573020043,12.346604379494964,10.526894049995462,12.774969999998575,10,11.21875,11.4234375,1.2182257152224159,2.01953125,10.3828125,12.40234375,9.953125,13.171875,10.7343359375,12.153125,10.328125,12.640625,10,140937.0,141003.6,473.2120032289967,588.0,140709.0,141297.0,140292.0,141792.0,140733.0,141282.0,140643.0,141378.0
ga_ls50_offspring,GA 50% LS [LS on offspring],10,10,test_6,10,35.74598863635545,36.074542954230836,2.2059634045081826,3.4769768265605663,34.5812169530883,38.05819377964887,33.097511495178786,39.34798800873369,34.803579122248124,37.369355787499195,34.10959663485957,38.12174413766182,10,34.26833271171586,34.61039286058,2.25107908958938,3.573140867180072,32.99538724293531,36.56852811011538,31.759222531163886,38.18696169838272,33.32351362574411,35.9533173823931,32.528758292764635,36.68119471802387,10,12.632021249999525,12.654219550002017,1.7541637647467896,3.175967125003808,11.097380300001532,14.27334742500534,10.090608099999372,14.896573100006208,11.614223050003057,13.677254711505084,10.867719200003194,14.329983100004029,10,12.578125,12.565625,1.7520573224387126,3.21875,10.9921875,14.2109375,10.046875,14.765625,11.525,13.586015624999998,10.765625,14.296875,10,141081.0,140950.8,361.1514917593446,478.5,140749.5,141228.0,140292.0,141294.0,140726.4,141148.8,140676.0,141231.0
ga_ls50_offspring,GA 50% LS [LS on offspring],10,10,test_7,10,34.803514905024855,34.492174794597325,2.4205501757616132,3.442136409456502,33.05909847271346,36.50123488216996,30.457479018519432,37.66571322891253,33.053778296829925,35.884542712342196,32.409107927260834,36.98286803988769,10,33.07687212971872,32.8520508496352,2.37191032045935,3.2976833232917784,31.51986121519618,34.81754453848796,28.91870564934747,36.11224000135452,31.444258848223868,34.21303708521014,30.92183605889695,35.34676565799898,10,11.911473600004683,12.083496880004532,1.0790279512886192,1.3445529249729589,11.323628725018352,12.668181649991311,10.434320600004867,14.02606500001275,11.462990194005906,12.71951393100564,11.261316500022076,12.891297750000376,10,11.8515625,12.0171875,1.0855958445358989,1.3359375,11.25390625,12.58984375,10.34375,13.984375,11.3921484375,12.6578125,11.1875,12.8359375,10,141078.0,140914.2,388.46415536056867,436.5,140718.0,141154.5,140160.0,141450.0,140675.985,141124.815,140601.0,141168.0
ga_ls50_offspring,GA 50% LS [LS on offspring],10,10,test_8,10,33.373035484528515,33.25118044379089,2.554917445671784,2.5778064132158462,31.70074885047643,34.278555263692276,28.398393139128785,37.36948224779648,31.67937328321927,34.692863594633465,31.30946480556574,35.13946912360642,10,31.70484275618459,31.62594152651197,2.5750851245377575,2.619384140302639,30.10484351294163,32.72422765324427,26.829269667982935,35.86841447014615,30.06349979755205,33.08464389149602,29.760938236986547,33.49594974704511,10,12.556528250002884,12.511374599995907,1.5564941510091181,2.071984900016105,11.40183059998526,13.473815500001365,9.826704499981133,15.020205200009514,11.619637354741135,13.454772844002655,11.166219299979275,13.659138249990065,10,12.4375,12.378125,1.5702550604475412,2.16015625,11.19140625,13.3515625,9.75,14.9375,11.48125,13.3312890625,10.90625,13.4765625,10,141000.0,140998.2,552.4856559223958,432.0,140835.0,141267.0,139812.0,141816.0,140661.57,141309.0,140757.0,141339.0
ga_ls50_offspring,GA 50% LS [LS on offspring],10,10,test_9,10,38.0236176594603,38.21042844573553,2.652177673706324,3.34908326764252,36.76910969944589,40.11819296708841,33.09667370859533,42.451049744143084,36.59460676854688,39.73330062842431,36.75889791409329,40.3297194013897,10,36.380200216053474,36.699159094532206,2.615729336528059,3.605338729294921,35.09847416289569,38.70381289219061,31.890725168167307,40.958642203221196,35.104402019451896,38.20620507539512,35.08568512161422,38.854500688925995,10,10.547097850008868,10.821531579995645,1.1967119472169283,1.9714305000015884,9.771242899994832,11.74267339999642,9.45212529998389,12.823221400001785,10.144696190740943,11.541274469994823,9.727612699993188,11.916865749983117,10,10.4296875,10.6765625,1.197102304713924,1.95703125,9.59765625,11.5546875,9.296875,12.703125,10.0,11.3984375,9.515625,11.75,10,140664.0,140859.6,635.9823896932996,406.5,140571.0,140977.5,139986.0,142122.0,140517.0,141264.015,140484.0,141309.0
ga_ls50_offspring,GA 50% LS [LS on offspring],10,10,test_10,10,33.36430574304595,33.97160852785153,3.531265661963059,2.8773258963213806,32.50393312352877,35.38125901985015,29.226538126393816,41.48015916791766,31.990570241453277,36.11588348250773,31.316861468632666,35.954666129078184,10,31.707105899397654,32.436446575529814,3.5006237418533566,2.483493021860472,31.12368825293102,33.60718127479149,27.8760507004745,39.965566496873784,30.489001852951343,34.58189572370208,29.85856464511145,34.378659515420004,10,11.37674479999987,11.675676090008347,1.9917787813833556,3.1189295750154997,10.070090300003358,13.189019875018857,8.990293600014411,14.69298410002375,10.554251999257321,12.845057490257604,9.841590700001689,13.420096500020009,10,11.3046875,11.5953125,1.989984825327752,3.10546875,10.0,13.10546875,8.9375,14.59375,10.4765234375,12.762539062499998,9.78125,13.359375,10,140823.0,140973.0,683.8435493590621,943.5,140590.5,141534.0,139812.0,141984.0,140572.785,141375.0,140490.0,141579.0
ga_ls100_offspring,GA 100% LS [LS on offspring],10,10,test_1,10,37.185126635795854,38.6055771805665,4.024132381188748,5.297986362726853,35.62533689927506,40.923323262001915,34.295678445593076,45.49893620865438,36.35905881658628,41.04376304191779,35.53878627688262,42.44210573156257,10,35.663791692528285,37.09543945369409,4.024840406003322,4.927467969883111,34.26731050418099,39.1947784740641,32.761231058321535,44.13683519937715,34.86645936105596,39.556099993997364,34.018880463996965,40.880850823242966,10,14.994229749994702,15.284290129994043,0.7319799160213641,0.7588830250169849,14.790970824986289,15.549853850003274,14.608807699987665,16.688842000003206,14.896199016987595,15.750013111748485,14.734190149989445,15.82681529999536,10,14.640625,14.9171875,0.7210504399687768,0.66015625,14.44921875,15.109375,14.234375,16.28125,14.5328125,15.378125,14.40625,15.4296875,10,222000.0,222000.0,0.0,0.0,222000.0,222000.0,222000.0,222000.0,222000.0,222000.0,222000.0,222000.0
ga_ls100_offspring,GA 100% LS [LS on offspring],10,10,test_2,10,34.08041884702419,33.67340088291889,2.2694179970207324,2.1134036224894217,32.83942807316509,34.95283169565451,29.60767233361383,37.336208240846496,32.303388187353455,34.98315349930404,32.126552899914074,35.02521919310738,10,32.54327124621467,32.16453833542151,2.242401564642452,1.9712420547975213,31.37948307387014,33.35072512866766,28.033348639311043,35.84327128564694,30.817259658288165,33.463682561066065,30.727521005837666,33.485168916861625,10,15.10035649999918,15.05582028000499,2.3622928621327937,3.931549749984697,13.016309750011715,16.94785949999641,11.61146230000304,18.432222300005378,13.648074967753637,16.402646671749753,12.394432800007053,16.9994633999886,10,14.9921875,14.9546875,2.3563716858130404,3.91796875,12.90234375,16.8203125,11.546875,18.359375,13.5515625,16.296875,12.28125,16.859375,10,222000.0,222000.0,0.0,0.0,222000.0,222000.0,222000.0,222000.0,222000.0,222000.0,222000.0,222000.0
ga_ls100_offspring,GA 100% LS [LS on offspring],10,10,test_3,10,34.48074435532504,35.18152259251565,3.165480034390976,4.249539267302097,33.486645406247746,37.73618467354984,30.980411486311098,40.12334393175536,33.38268163855799,37.14179468569295,32.629669576327316,38.43338454360852,10,32.878580021674395,33.56485816501202,3.1348812294042254,3.982506910766155,32.02429157475675,36.00679848552291,29.387916258567223,38.44955956397581,31.785691813830674,35.50952370184451,31.0234575958527,36.73291263944935,10,16.699260649998905,16.410066869997536,2.37994093675592,3.3518629250029335,14.653413975000149,18.005276900003082,12.241529199993238,20.13202160000219,15.00058311199551,17.824638924252213,14.544058800005587,18.28670470000361,10,16.5625,16.2765625,2.3617945421228725,3.3046875,14.55078125,17.85546875,12.125,20.0,14.8765625,17.6828125,14.4375,18.125,10,222000.0,222000.0,0.0,0.0,222000.0,222000.0,222000.0,222000.0,222000.0,222000.0,222000.0,222000.0
ga_ls100_offspring,GA 100% LS [LS on offspring],10,10,test_4,10,29.55219753911161,29.553275123626143,1.554637522788956,1.3515200268311816,29.19936644885535,30.550886475686532,26.233393847991547,31.732832175383916,28.606472524411625,30.421950474799203,28.76146330113693,30.73232689685524,10,28.037763742774786,28.164240321112857,1.517455235332912,1.6122401478389357,27.595177201323345,29.20741734916228,25.135041482867738,30.484329154426213,27.251460623792035,29.026638968716146,27.32659211442828,29.377367936699414,10,17.069183700004942,16.724986149999314,2.365164638420547,1.2551179999936721,16.788965974999883,18.044083974993555,12.532608200010145,19.45480549999047,15.224077500498097,18.00342838799537,14.768009999999776,18.364300949993776,10,16.9453125,16.5109375,2.3527725638019428,1.25390625,16.51953125,17.7734375,12.328125,19.234375,15.0171484375,17.778125,14.5625,18.109375,10,222000.0,222000.0,0.0,0.0,222000.0,222000.0,222000.0,222000.0,222000.0,222000.0,222000.0,222000.0
ga_ls100_offspring,GA 100% LS [LS on offspring],10,10,test_5,10,40.767127532455156,40.249690040972965,3.554900574814312,3.9239927165393382,37.8049094112506,41.72890212778994,34.31540338256161,46.35621507202094,38.17519098265538,42.28249942061159,37.22403248171417,42.65568277814868,10,39.171605177336886,38.644128404852154,3.5328765684641543,4.073337265063394,36.31485751085018,40.388194775913576,32.757074518696044,44.60464030947651,36.58749146803303,40.65574006032879,35.80680936842451,40.98295259694929,10,14.473832300005597,14.885675669999909,2.8400066920761655,4.9420457250016625,12.347655974997906,17.28970169999957,11.821311199979391,19.420075700007146,13.257820616249592,16.59125630850278,12.254058799997438,17.699378599994816,10,14.28125,14.6796875,2.806303455473301,4.84765625,12.19140625,17.0390625,11.65625,19.109375,13.0703125,16.359453124999998,12.09375,17.4375,10,222000.0,222000.0,0.0,0.0,222000.0,222000.0,222000.0,222000.0,222000.0,222000.0,222000.0,222000.0
ga_ls100_offspring,GA 100% LS [LS on offspring],10,10,test_6,10,36.028838340557016,35.39723835414456,2.271072259771844,3.0734148268337194,33.869912823713996,36.943327650547715,31.730374708422964,38.24257874902631,34.01345977354231,36.69032312618427,33.432659904341065,37.206739021028,10,34.556740128302636,34.002644119800955,2.2565352522524753,2.9065670239728973,32.51142084539494,35.417987869367835,30.272849456209524,36.96238931818367,32.636283406527426,35.28693901830806,32.112853191732356,35.79558415815572,10,15.631057100006728,15.709718889999204,1.349644227335697,1.460028824978508,15.072274925005331,16.53230374998384,13.612592300021788,18.134940799995093,14.929120693251681,16.513068536000862,14.602570799994282,16.61758579997695,10,15.5390625,15.59375,1.37272934356866,1.4609375,14.94921875,16.41015625,13.421875,18.046875,14.7968359375,16.412539062500002,14.4921875,16.5,10,222000.0,222000.0,0.0,0.0,222000.0,222000.0,222000.0,222000.0,222000.0,222000.0,222000.0,222000.0
ga_ls100_offspring,GA 100% LS [LS on offspring],10,10,test_7,10,33.509088967417526,33.30222727400819,2.6885732535529803,3.5047856992844686,31.537151324610633,35.0419370238951,28.790567293050827,37.44922930999256,31.698179962161163,34.85860612752507,31.26613610263663,35.38617852525816,10,32.06520565312657,31.6676992108604,2.6839340606020095,3.498432022395111,29.933201796430208,33.43163381882532,27.07768582680572,35.80732178580293,30.063319910909232,33.218151785714724,29.523565765762207,33.62646455495522,10,14.84978964999027,14.685432429995853,2.2880722509538214,2.47894720001932,12.803157499984081,15.282104700003401,12.0052805999876,19.221540500002448,13.405509011246467,16.05593671774419,12.527074399986304,16.1475577000092,10,14.765625,14.584375,2.2691148887776094,2.4375,12.734375,15.171875,11.9375,19.109375,13.3171875,15.9484765625,12.46875,16.0078125,10,222000.0,222000.0,0.0,0.0,222000.0,222000.0,222000.0,222000.0,222000.0,222000.0,222000.0,222000.0
ga_ls100_offspring,GA 100% LS [LS on offspring],10,10,test_8,10,33.52737104320484,33.79190256972636,4.366023800589537,2.8921156846977354,32.30836416660746,35.2004798513052,25.741253032039115,43.084602779846705,31.259323774696472,36.420564142239506,31.921775577646198,35.548128320070845,10,31.69908190582689,32.10209969197537,4.367799789362612,2.9371526465090945,30.569381928853456,33.50653457536255,24.14324739158501,41.49223676326485,29.584616387003667,34.727790275397766,30.30445568107411,33.822683511895484,10,16.773032500001136,17.107712990001893,2.2821720556113863,2.322854374993767,15.86086712499673,18.183721499990497,14.149889299995266,22.051405600010185,15.854834969505681,18.50965321625845,15.510642199995345,18.24653970001964,10,16.6796875,16.9421875,2.239608163622043,2.33984375,15.671875,18.01171875,14.015625,21.703125,15.7046484375,18.3094140625,15.359375,18.09375,10,222000.0,222000.0,0.0,0.0,222000.0,222000.0,222000.0,222000.0,222000.0,222000.0,222000.0,222000.0
ga_ls100_offspring,GA 100% LS [LS on offspring],10,10,test_9,10,35.999411649999175,36.405876111822586,3.542581405543092,3.9112679655235496,34.38239515058379,38.29366311610734,31.078145625120495,42.197443491103755,34.410133445575575,38.57009427531093,34.18176816229147,38.94340888214755,10,34.64659230402111,34.97476545242948,3.483856402694609,3.9447738156231438,32.885945019371526,36.83071883499467,29.865203947447164,40.631623743403715,33.01609812189893,37.10869881910939,32.742767613722584,37.477861283439026,10,16.017178800015245,15.699599590004073,2.54535232799594,1.9529756999836536,14.940293949999614,16.893269649983267,11.651603000005707,20.50371560000349,14.254482147003873,17.194460408755475,13.922868900015601,17.055723699973896,10,15.75,15.4921875,2.506266560107384,1.84375,14.81640625,16.66015625,11.484375,20.1875,14.0625,16.9609375,13.777734375000003,16.84375,10,222000.0,222000.0,0.0,0.0,222000.0,222000.0,222000.0,222000.0,222000.0,222000.0,222000.0,222000.0
ga_ls100_offspring,GA 100% LS [LS on offspring],10,10,test_10,10,33.01625588509146,34.67491899864422,4.604810897531314,3.935197134823511,32.00204907927049,35.937246214094,30.17652190083578,46.02437898421756,32.349511212543206,37.67489858963236,31.823422963684752,36.42833260016549,10,31.49973659220357,33.11005659517837,4.595209449080775,4.003840484396676,30.309964085544514,34.31380456994119,28.72268874359049,44.47407356676875,30.789401524360116,36.0966358749434,30.09188696563359,34.79070941439572,10,13.06335665001825,13.477977819999797,1.3752319256020016,2.4009550000046147,12.264598249996197,14.665553250000812,12.038656899996568,15.527197399991564,12.704721657750705,14.312142377744529,12.241510299994843,14.783300849987427,10,12.9375,13.3875,1.3698768192797484,2.328125,12.21484375,14.54296875,11.921875,15.515625,12.621875,14.217226562499999,12.203125,14.6796875,10,222000.0,222000.0,0.0,0.0,222000.0,222000.0,222000.0,222000.0,222000.0,222000.0,222000.0,222000.0
ga_sched_offspring,GA scheduled LS [LS on offspring],10,10,test_1,10,38.28052162664986,38.11851722256718,3.1277878126539584,5.142420528548733,35.22806483279833,40.370485361347065,34.23100358679202,43.553437491602054,36.338000457593196,39.980796912637096,34.80575621124224,40.79907314396415,10,36.67210717928951,36.57422381891401,3.089766090823468,5.183043184547117,33.65639057292599,38.83943375747311,32.67614628845651,41.86043077600064,34.80748092487658,38.410793332112966,33.21290476313576,39.208855797882116,10,12.190900649991818,13.238793109991821,1.60582173535263,2.649677650006197,12.0953066249931,14.744984274999297,11.875962599995546,15.73138129999279,12.375176669991925,14.216717408493713,12.041077849979047,15.120329400000628,10,11.84375,12.9078125,1.588694494014661,2.6484375,11.74609375,14.39453125,11.609375,15.375,12.053125,13.8766015625,11.734375,14.765625,10,146529.0,146517.0,271.0018450121696,309.0,146299.5,146608.5,146178.0,147090.0,146368.8,146683.8,146295.0,146670.0
ga_sched_offspring,GA scheduled LS [LS on offspring],10,10,test_2,10,35.832683533249245,34.43343642111324,3.0422781409009954,4.634758616383923,31.30091973924792,35.93567835563184,30.616203953537916,39.28154034260658,32.695632295022634,36.17165367987442,31.025649126622636,36.45437287767271,10,34.21203582115166,32.922599039797646,3.058380791512679,4.775843950148694,29.75004271848137,34.525886668630065,29.096025433331327,37.80231822254134,31.189637921186424,34.66753727319819,29.41380993718834,34.99204526864111,10,11.956010850000894,12.812859659999958,2.2615982393573697,2.80508165001811,11.584864549986378,14.389946200004488,9.739434399991296,16.96838679999928,11.588219065998782,14.20620222675243,11.531947399984347,15.095215200009989,10,11.890625,12.721875,2.2594900174351045,2.84765625,11.46875,14.31640625,9.625,16.875,11.5,14.109414062499999,11.4375,15.015625,10,146334.0,146425.2,354.8610995868665,405.0,146232.0,146637.0,145974.0,147084.0,146226.0,146644.2,146175.0,146718.0
ga_sched_offspring,GA scheduled LS [LS on offspring],10,10,test_3,10,35.52211488021797,36.114877762271384,3.2382868774539304,5.024997574119617,33.7351032314569,38.76010080557651,31.927459192384838,41.63646112371146,34.23332692746543,38.05478971765338,33.38915782042727,38.95024466758342,10,33.81278135584408,34.533814800649836,3.2274426374591476,5.181946758674272,32.11406811473657,37.29601487341084,30.563996244834538,39.90362105073095,32.652632215604385,36.46857868824243,31.7539618073326,37.51612139869857,10,12.998339199999464,12.22513502999791,1.568888334958729,2.040823649993399,11.186440500008757,13.227264150002156,9.666792600008193,13.514569399994798,11.224883916244654,13.108518979995278,10.59852560001309,13.281439699989278,10,12.9296875,12.14375,1.5666230324154067,2.0546875,11.12890625,13.18359375,9.578125,13.390625,11.1405859375,13.029726562499999,10.546875,13.21875,10,146247.0,146242.8,303.773599906246,480.0,146007.0,146487.0,145818.0,146700.0,146068.785,146422.215,145962.0,146496.0
ga_sched_offspring,GA scheduled LS [LS on offspring],10,10,test_4,10,29.580921328058395,29.89473547052024,2.422368719204827,2.279786815865677,28.58708285011359,30.866869665979266,25.75345967088637,34.57035804171037,28.508695011143296,31.34460479019975,28.502979703743556,31.433519908452503,10,28.105970721901244,28.511047960750904,2.427304602607697,2.259248798951681,27.278211055424403,29.537459854376085,24.260462759279577,33.21461996721088,27.122667968185958,29.946885968465843,27.13398191327565,29.95117711291293,10,12.909554049998405,12.324416539995582,1.5437726388256638,2.5043888249856536,11.007928175007692,13.512316999993345,9.904338899999857,14.091539299988654,11.392390151497528,13.196352584995182,10.650518800015561,13.557217199995648,10,12.8046875,12.1671875,1.5445856726558131,2.5390625,10.81640625,13.35546875,9.734375,13.90625,11.2390625,13.04375,10.515625,13.421875,10,146415.0,146415.6,389.4632203430768,406.5,146293.5,146700.0,145494.0,146868.0,146169.0,146620.8,146274.0,146748.0
ga_sched_offspring,GA scheduled LS [LS on offspring],10,10,test_5,10,39.21407850027042,38.42265839238056,3.1675796695033984,4.997325392655306,35.55435103795129,40.5516764306066,33.87840849517309,42.71665356033269,36.52266468414277,40.23377055553132,35.397383929858826,41.226981402597595,10,37.701884309886516,36.956680838573526,3.1643449592523307,4.914996109900855,34.218811556331914,39.13380766623277,32.26620875376239,41.37382224459666,35.05406206561259,38.76747005740344,33.9603046091371,39.627020327122764,10,12.264969999989262,12.641103089996614,2.177164540840004,2.847144674982701,11.205512225002167,14.052656899984868,9.744198100001086,16.423406299989438,11.377975503248381,13.933559339991188,10.901294700001017,14.369963499979349,10,12.0625,12.4296875,2.1247478659651855,2.84765625,10.97265625,13.8203125,9.609375,16.078125,11.1983984375,13.6921875,10.765625,14.140625,10,146361.0,146400.6,168.4862012154111,195.0,146299.5,146494.5,146172.0,146682.0,146304.6,146505.6,146271.0,146544.0
ga_sched_offspring,GA scheduled LS [LS on offspring],10,10,test_6,10,36.58789043057388,36.66491994116114,3.624952452113757,5.5962810104740015,34.15893293356797,39.75521394404197,31.521255896887883,41.621466279695795,34.53506556995267,38.836293439949245,33.841489506365335,40.029935643425134,10,35.15031028036394,35.039657294330844,3.503645671415595,5.329928006820566,32.66721763093686,37.99714563775743,29.99851019343207,40.05731605736293,32.992281536706066,37.114685966826556,32.31462580569389,38.3202081501926,10,13.113603299992974,13.219254769993132,1.4485615529123683,1.3546126499786624,12.760592699996778,14.11520534997544,10.96273930001189,15.33660539999255,12.3815920117512,14.081771726985972,12.011763350004912,14.353225699975155,10,13.0078125,13.1328125,1.4365986379992808,1.37109375,12.671875,14.04296875,10.9375,15.234375,12.303125,13.9875390625,11.9375,14.296875,10,146454.0,146557.8,354.2434191343574,390.0,146418.0,146808.0,146058.0,147126.0,146356.8,146772.015,146301.0,146904.0
ga_sched_offspring,GA scheduled LS [LS on offspring],10,10,test_7,10,33.811232430952266,32.58974077079318,3.4880699880872,3.5106533333418923,31.57855796444629,35.08921129778818,26.230047435825995,35.95334517072454,30.367725553402767,34.50224937909235,29.41718626929637,35.28114365932569,10,32.05090910652919,31.036538637823185,3.450690068655685,3.8813287444339792,29.750564104411637,33.63189284884562,24.937765305113402,34.67782085852632,28.85252703884841,32.936275583448875,27.955547356423043,33.9165118110295,10,11.030105950005236,11.310791780002182,1.6455243381585773,2.9725471749843564,9.774814350013912,12.747361524998269,9.693979500007117,13.687533499993151,10.36822715925533,12.31467732500154,9.753174900019076,13.137885000003735,10,10.96875,11.2390625,1.6264358306692341,2.8984375,9.71875,12.6171875,9.65625,13.59375,10.3077734375,12.2282421875,9.6875,12.984375,10,146256.0,146307.6,449.97066571055495,558.0,146001.0,146559.0,145692.0,147246.0,146058.585,146582.4,145944.0,146598.0
ga_sched_offspring,GA scheduled LS [LS on offspring],10,10,test_8,10,35.29276963191566,35.172015753830614,2.105636721427944,3.3845073861453443,33.61184116735765,36.996348553503,31.620500175349047,38.17135629471328,33.93927383499104,36.396495661270194,33.59099134797855,37.44739106316833,10,33.54913268425132,33.53336182296753,2.1156111474261716,3.4355512715918195,31.92543152230926,35.36098279390108,30.172331021815694,36.67218304899372,32.31169896065482,34.770924384331416,31.906773482971907,35.807648791130134,10,12.61630184999376,13.02202492999495,1.9137556393109931,2.566674849957053,12.019438125018496,14.58611297497555,10.018146199989133,16.172225999995135,11.930028261493863,14.16352727549769,11.75696295000671,15.14367909997236,10,12.546875,12.8828125,1.8927294015980232,2.55078125,11.85546875,14.40625,9.90625,16.03125,11.7983984375,14.014101562499999,11.6015625,14.9375,10,146472.0,146496.0,391.35661486679896,592.5,146173.5,146766.0,145968.0,147168.0,146271.0,146731.215,146148.0,146820.0
ga_sched_offspring,GA scheduled LS [LS on offspring],10,10,test_9,10,36.77112504442967,36.309546014167424,2.64380864540872,5.033365120173826,33.702742812567166,38.73610793274099,33.23439377395,39.66069030199904,34.78242590926777,37.835045556542546,33.48628628884075,39.079057162471344,10,35.36377754017322,34.87237291391831,2.586226818343034,5.087810032746461,32.15534271741928,37.24315275016574,31.924178790218217,38.175280662227365,33.38296661577419,36.36046345652835,32.11033413880635,37.554010371125365,10,10.720054399993387,10.682372179999948,0.7657941652368067,0.9186098499849322,10.074017225000716,10.992627074985649,9.727205700008199,12.275977700017393,10.259552246248932,11.165847227998238,9.972452999994857,11.099609950004378,10,10.6640625,10.553125,0.7912622322207025,1.0546875,9.8515625,10.90625,9.640625,12.21875,10.1171875,11.053164062499999,9.71875,10.953125,10,146460.0,146463.6,309.350286891737,316.5,146287.5,146604.0,145956.0,147042.0,146283.6,146652.0,146259.0,146664.0
ga_sched_offspring,GA scheduled LS [LS on offspring],10,10,test_10,10,33.13414741651277,33.04606897910912,1.3539809743582458,2.088909597968076,31.944878539866636,34.03378813783471,30.879479573225723,35.25401572727238,32.236166181617534,33.83713473028947,31.76807126697821,34.0947324955027,10,31.455058675995648,31.546255751634078,1.3059844462574974,1.608976025946781,30.609840914829363,32.218816940776144,29.48986427319831,34.05203019713559,30.784443548498633,32.32825325619036,30.440977689301825,32.39781109567886,10,10.158060550005757,10.822075909998967,1.387870421897603,1.9319567499842378,9.716465550001885,11.648422299986123,9.663721899996744,13.406054699997185,10.060690738999037,11.680998130498702,9.682420500001172,11.910938899993198,10,10.125,10.75,1.377641087249425,1.91796875,9.6484375,11.56640625,9.5625,13.3125,9.9890625,11.598476562499998,9.609375,11.8515625,10,146310.0,146421.6,438.79106645418386,484.5,146143.5,146628.0,145896.0,147366.0,146187.0,146701.23,146112.0,146676.0
rlga_offspring,RL-GA [LS on offspring],10,10,test_1,10,37.94695465474275,38.335925800706626,3.1983382769380406,5.308672607058256,35.87041359439117,41.17908620144942,33.35535726152216,42.91831130153749,36.42348055753002,40.15801085303404,35.76049866932209,41.28329622217285,10,36.30759925051794,36.73519557776779,3.168956545824361,5.350284420619538,34.326195955580836,39.676480376200374,31.938857973122786,41.15058273037141,34.84824272957045,38.5461270206034,34.15350447401497,39.740184621451014,10,12.295173350008554,12.48724417000194,1.654036299223375,1.656934424987412,11.861038600007305,13.517973024994717,9.589909300004365,15.320198900008108,11.50562012799761,13.447694974255283,11.333775049992255,13.621249599993462,10,12.09375,12.2046875,1.601805113737571,1.59375,11.58984375,13.18359375,9.375,14.96875,11.25625,13.137539062499998,11.0859375,13.3125,10,128856.0,123984.6,34009.727837781946,45024.0,99769.5,144793.5,69858.0,182262.0,103970.08499999999,144022.905,96816.0,149952.0
rlga_offspring,RL-GA [LS on offspring],10,10,test_2,10,33.08781316807641,33.991318695120434,4.142026864895663,4.068531433648516,31.208427460038443,35.27695889368696,29.907657468995463,44.20932532662456,31.919515048348693,36.663070704729726,31.059285851482507,35.571665985066964,10,31.543045780289404,32.49971735443216,4.062491045256194,4.029993060884252,29.774951297228462,33.804944358112714,28.62506327201752,42.583096232826676,30.487687546393623,35.13356408377768,29.60489923111055,34.15830328884543,10,11.75173014999018,12.382750959999976,2.6417070360277064,3.007615299989993,10.91005435000261,13.917669649992604,8.90996129999985,17.287626100005582,10.871284182496384,13.978164842256955,10.431942499999423,14.401379199989606,10,11.671875,12.2984375,2.60719043201388,3.02734375,10.8359375,13.86328125,8.875,17.171875,10.810898437499999,13.875,10.375,14.359375,10,139122.0,141894.0,32424.79804100559,32568.0,123603.0,156171.0,90486.0,209268.0,123200.295,162060.81,121842.0,158520.0
rlga_offspring,RL-GA [LS on offspring],10,10,test_3,10,34.24783575259143,36.082742488727334,5.920339467967527,5.572135455834108,33.10487286207095,38.677008317905056,27.559568183619167,45.88194778583741,32.779308645957485,39.671147219539705,32.59150663756636,40.42284568210309,10,32.65059116648864,34.54311036602219,5.9198921967148745,5.713023499998098,31.469629100103386,37.182652600101484,25.977523226618437,44.52494511568229,31.25243271189765,38.12133633272138,31.245745494764574,38.77477973190195,10,11.323997550003696,11.197647340004915,2.1112728080628873,2.6063863250019494,9.877637375007907,12.484023700009857,7.660069700010354,14.59002380000311,9.940030731504448,12.41842712425605,9.64028624999628,12.797571750008501,10,11.1953125,11.1046875,2.0665607384227247,2.51953125,9.83984375,12.359375,7.609375,14.421875,9.8687109375,12.300078124999999,9.6171875,12.6796875,10,121488.0,119089.2,28547.170759989505,48486.0,93538.5,142024.5,82440.0,162780.0,102167.79,135587.46,90792.0,143382.0
rlga_offspring,RL-GA [LS on offspring],10,10,test_4,10,30.461728240257422,30.478526885717933,3.9800335036398686,4.163152538016625,28.30613516667873,32.469287704695354,23.57555769986391,36.381037223426695,28.11241804968546,32.798409812295354,28.04822102401743,33.80901288602729,10,29.04036727183173,29.070994201226938,3.928871408408313,4.3611618526911435,26.830593362128248,31.19175521481939,22.133340480045195,34.76644711552475,26.723707277904236,31.343632980780367,26.589739984679774,32.469717867891305,10,11.303188550009509,11.977961169998162,2.8548261313354715,4.834123925000313,9.707424449996324,14.541548374996637,8.061753999994835,16.390763700008392,10.356245704996619,13.643028704998576,9.69161599999643,14.859558299998753,10,11.1171875,11.85625,2.8306302209784784,4.73828125,9.6171875,14.35546875,8.03125,16.25,10.25,13.503203124999999,9.609375,14.640625,10,126285.0,124803.0,32288.06903486178,44953.5,102717.0,147670.5,80202.0,176340.0,106321.59,143799.87,95205.0,154026.0
rlga_offspring,RL-GA [LS on offspring],10,10,test_5,10,40.025760582375696,40.77277343179822,3.2633984304540586,4.0641171018160875,37.98081647129459,42.044933573110676,37.601702382130895,47.121956860895565,39.00427651774278,42.787778311928605,37.73149819839533,43.249877183743344,10,38.37145689363852,39.25060368786301,3.260752901674117,4.071434922665567,36.51590941767058,40.587344340336145,36.098807070683,45.61320602935503,37.492032238934925,41.258521152077314,36.177312735746,41.669876616819906,10,10.921938800005591,11.410990450001554,2.738409459095949,3.548989299990353,9.351737725017301,12.900727025007654,8.23387189998175,17.14309840000351,9.884124148500195,13.116605373495403,9.212388500003726,13.120385399990482,10,10.7578125,11.225,2.673810418256646,3.453125,9.203125,12.65625,8.171875,16.796875,9.7359375,12.887539062499998,9.0546875,12.90625,10,117786.0,122385.6,39329.52409577314,49279.5,98301.0,147580.5,73170.0,198960.0,100474.11,146454.64500000002,89409.0,155886.0
rlga_offspring,RL-GA [LS on offspring],10,10,test_6,10,35.18664101318862,35.258182631451376,2.291590564343629,3.9908235350634413,33.37244888020497,37.36327241526841,31.92898706669103,38.34379453401562,33.92058846931047,36.58579229757518,33.2132467601558,37.712795356015945,10,33.813254704924006,33.781258702418995,2.330960572491024,4.005747764495197,31.748064649971063,35.75381241446626,30.49063965330054,37.05874564481975,32.41784128745446,35.129464646660864,31.618868132185174,36.077070988076095,10,11.21188180000172,12.003086360005545,3.645631149426124,3.574099549987295,9.291720075008925,12.86581962499622,8.514682699984405,18.347073100012494,10.01540555450083,14.267083843007349,9.022342450014548,15.180451850013924,10,11.09375,11.925,3.630419798958058,3.54296875,9.265625,12.80859375,8.40625,18.28125,9.943710937499999,14.179765624999998,8.984375,15.0703125,10,132876.0,132421.8,43107.70261101837,66088.5,101866.5,167955.0,74994.0,194022.0,107039.805,157208.44499999998,90579.0,172476.0
rlga_offspring,RL-GA [LS on offspring],10,10,test_7,10,32.41909157687776,32.64397589915785,5.469619555016239,4.980957254225213,28.88982256067145,33.870779814896665,26.497841419162707,45.21802755406202,29.809006726440344,36.18362976817776,28.46641208512255,35.10730856893258,10,30.759598136670526,31.026028818499203,5.508594402323855,4.986175099152387,27.291469275886403,32.27764437503879,24.816711221969413,43.75752557469813,28.172395536329482,34.597863679781256,26.86909517122673,33.453073309970684,10,11.233965649997117,11.665473789998213,2.499304619149997,2.7357762999963597,10.22232937499939,12.95810567499575,8.750191400002223,16.95218640001258,10.294643674501785,13.230229743504534,9.604540749991429,13.230735199991614,10,11.1796875,11.6109375,2.4937905741965163,2.77734375,10.12890625,12.90625,8.71875,16.90625,10.2437109375,13.175,9.5625,13.171875,10,134904.0,142194.6,34486.79903383322,50050.5,116461.5,166512.0,101982.0,194616.0,121874.79,162647.505,111867.0,174213.0
rlga_offspring,RL-GA [LS on offspring],10,10,test_8,10,33.49834610359163,33.18517525151412,3.103740278220033,2.817884738846871,31.282703865513213,34.100588604360084,28.879818595835697,40.17351514888711,31.49375945573947,35.08412530174025,30.839676227904075,34.1360901778498,10,31.995180307429138,31.58888563993587,3.074848846319252,2.9575110713098383,29.58020167015335,32.53771274146319,27.495171772092295,38.48458635880557,29.924673385826807,33.47369302180576,29.15879515448399,32.636967551617616,10,12.48050425000838,12.644528189999983,2.118401350582251,1.959366975017474,11.249463424996065,13.20883040001354,9.74972570000682,16.199236299988115,11.425848915751486,13.906331957496876,10.921963100001449,14.445586699992418,10,12.3671875,12.534375,2.089272783503602,2.06640625,11.1015625,13.16796875,9.703125,16.03125,11.334375,13.778203124999997,10.765625,14.3046875,10,136677.0,133463.4,18774.072003697012,10134.0,130960.5,141094.5,94746.0,162576.0,121694.01,143825.78999999998,123333.0,142860.0
rlga_offspring,RL-GA [LS on offspring],10,10,test_9,10,36.442609016441054,37.13350661022319,4.858566051240661,5.264542973083323,34.667422768638446,39.93196574172177,28.875233468632867,46.56898344197479,34.32033919311288,40.02994682113554,34.3401360107199,40.52259369514317,10,35.00943525122048,35.627004759749205,4.777691977975549,5.434161014199383,33.02740405132669,38.461565065526074,27.749688606690732,45.0626019846919,32.88816418183325,38.48196231561509,32.847664091733215,39.06277751330253,10,11.030225050009903,10.691222240004572,1.8197207965409605,1.376559050018841,9.812235374993179,11.18879442501202,7.518510399997467,14.009196099999826,9.594111382499468,11.75238798024962,9.456070099986391,11.613149400000111,10,10.828125,10.53125,1.8103735131028749,1.37109375,9.69921875,11.0703125,7.296875,13.890625,9.4468359375,11.5859375,9.359375,11.390625,10,124245.0,118080.6,34747.54005105973,54729.0,85056.0,139785.0,70944.0,172566.0,97102.77,138219.12,76722.0,142668.0
rlga_offspring,RL-GA [LS on offspring],10,10,test_10,10,36.569928614517366,36.34481733503408,3.0193073764623355,3.0735459454709257,34.532437113219245,37.60598305869017,30.870361899179954,42.06439815137218,34.562545974587565,38.084944071342406,34.126146625099324,38.0052978312724,10,34.89922775596693,34.77232543773984,2.964496109246515,3.0486576425076635,32.98516139509349,36.033819037601155,29.482407705006743,40.48089706843242,33.0337090970667,36.48854248993092,32.556385504781254,36.393955043881256,10,11.950052899992443,11.965925799997057,2.9947405894659838,3.0876222000078997,10.128550199995516,13.216172400003416,7.404517399991164,17.896252000005916,10.28968832624225,13.780955488997714,9.842018199997256,13.78029085000162,10,11.8828125,11.8953125,2.959690581407727,3.03515625,10.09375,13.12890625,7.390625,17.765625,10.2421484375,13.6906640625,9.796875,13.6640625,10,133989.0,131634.6,26532.747381302222,24997.5,123457.5,148455.0,73614.0,164706.0,115327.605,146135.55,117300.0,152316.0
ga_ls10_elites,GA 10% LS [LS on elites],10,10,test_1,10,39.55887359981193,39.858823383433155,3.5094216556269533,5.059220974315444,37.69306926418122,42.75229023849666,34.33182190784933,45.21406617708243,37.8124671351962,41.926158140149546,37.23927661541999,43.16347459360587,10,37.99701546771494,38.25288835874047,3.42484462634674,4.775056271724367,36.08976106291581,40.86481733464018,32.95388496458469,43.670694401383216,36.26430926692179,40.283686904134214,35.63722211819667,41.27682382553432,10,9.945955250004772,9.959463890001643,0.7078443205102247,0.8189064749894897,9.667131225010962,10.486037700000452,8.844989500008523,11.001055200002156,9.549010579254901,10.367033849752625,9.35530194999592,10.627709399996093,10,9.7890625,9.7484375,0.6717114626552833,0.76953125,9.4375,10.20703125,8.671875,10.765625,9.353125,10.132851562499999,9.1875,10.3125,10,63738.0,63703.8,130.50823728791988,162.0,63616.5,63778.5,63480.0,63870.0,63625.2,63777.6,63597.0,63816.0
ga_ls10_elites,GA 10% LS [LS on elites],10,10,test_2,10,35.49549171322788,34.94215104752256,1.9362913793197734,2.4557721283756138,33.63056748703883,36.086339615414445,31.381155261091774,38.01877784326375,33.77117404056574,36.04710822090609,33.49622158040935,36.16443408471805,10,34.03545121474204,33.361181027077926,2.0665515470792215,2.5592444549945697,31.984702925533824,34.543947380528394,29.49674664866507,36.65331001261769,32.108448852136604,34.530386430224404,31.787544594025825,34.5674368942112,10,7.924247449991526,8.380059089997667,1.2235872669438717,1.7626251750043593,7.450820449994353,9.213445624998712,7.040985300001921,10.45659000001615,7.68860518924972,9.125698901751749,7.335263599990867,9.41942844998266,10,7.859375,8.3234375,1.2049848089320232,1.734375,7.39453125,9.12890625,7.015625,10.40625,7.6421875,9.0640625,7.265625,9.3359375,10,63522.0,63538.8,195.95509689722286,246.0,63378.0,63624.0,63366.0,63996.0,63435.6,63663.615,63372.0,63654.0
ga_ls10_elites,GA 10% LS [LS on elites],10,10,test_3,10,34.738664590996905,35.118258845821565,3.17634892188203,3.7926093148464872,33.41778989020697,37.210399205053456,29.24997804531486,40.47598537783069,33.205715569209744,36.93584824455688,33.18107902197687,37.44978475534029,10,33.0790682444469,33.38499135414709,3.0825331716655833,3.7516324557547023,31.659305304556348,35.41093776031105,27.78515678070342,38.68980455174742,31.542173201463086,35.16827982194852,31.451530875303483,35.59610738677233,10,8.005713599995943,8.083890099998097,0.5853886100070501,0.4053788000019267,7.784556650010927,8.189935450012854,7.180630299990298,9.398561099980725,7.773942139248684,8.453999265242455,7.729839800012996,8.343548349992489,10,7.9375,8.0203125,0.5927005528194655,0.3828125,7.72265625,8.10546875,7.125,9.40625,7.7125,8.4046875,7.65625,8.234375,10,63597.0,63620.4,161.5227538150585,301.5,63478.5,63780.0,63402.0,63822.0,63526.2,63715.2,63468.0,63783.0
ga_ls10_elites,GA 10% LS [LS on elites],10,10,test_4,10,30.661161656311215,31.011743885179317,2.3024916669190656,2.741624965787892,29.405832293300605,32.1474572590885,27.741474508834123,34.82579932228754,29.74353815629964,32.449381051921506,29.10241106396231,32.87930529392033,10,29.152290237624122,29.492762602303706,2.228698952270513,2.490855712983741,27.88669043299846,30.3775461459822,26.32909823253782,33.24878159854484,28.278586455094,30.895010447970392,27.67328308214288,31.423866808491823,10,8.167103250001674,8.293848060001618,0.616892438706306,0.7820778999885079,7.979936275005457,8.762014174993965,7.286963599995943,9.297906199994031,7.9338822599995185,8.65667432875198,7.87399269999878,8.79258835001383,10,8.078125,8.1875,0.6259107946957511,0.69140625,7.8671875,8.55859375,7.140625,9.25,7.825,8.559414062499998,7.8125,8.6796875,10,63621.0,63604.2,117.98474477660235,160.5,63525.0,63685.5,63402.0,63756.0,63531.6,63672.6,63504.0,63696.0
ga_ls10_elites,GA 10% LS [LS on elites],10,10,test_5,10,39.825279322349964,39.34366119547705,3.498688961298361,4.166648670988295,37.26515154628854,41.43180021727684,32.53780692712617,44.122100068239426,37.19232446229149,41.285044063943396,36.69615187249768,42.11300263064486,10,38.30597717256451,37.80641188023098,3.4276611401011263,4.152353236841954,35.738829879185204,39.89118311602716,31.272160091311505,42.532467990250844,35.712383368900696,39.713752183778446,35.12726286810924,40.3647890023978,10,8.448711100005312,8.630614120000974,0.8603182432473722,1.193303525011288,7.996079599994118,9.189383125005406,7.306358400004683,9.987567399977706,8.138369034501666,9.133790646748675,7.869097999995574,9.398751600005198,10,8.3203125,8.459375,0.8258518329579466,1.18359375,7.83203125,9.015625,7.171875,9.703125,7.98125,8.9390625,7.734375,9.2265625,10,63549.0,63522.6,116.0155162036527,130.5,63469.5,63600.0,63306.0,63702.0,63452.4,63589.2,63432.0,63612.0
ga_ls10_elites,GA 10% LS [LS on elites],10,10,test_6,10,36.75652139620851,35.97659389113538,2.3307252591822176,2.674922780189661,34.677344038086794,37.352266818276455,31.9538312673722,38.89409525335249,34.52412749983105,37.26333404562364,34.05665619926432,37.484199266371675,10,35.14863463786455,34.441871715682886,2.254655560882897,2.670588092973013,33.08121826104257,35.751806354015585,30.600215141345732,37.258441353934046,33.04699616950551,35.69458254648315,32.464592452198325,35.915762488345614,10,8.155061149984249,8.400988649995998,0.6383365252100347,0.9844265249848831,7.9899849250068655,8.974411449991749,7.617444599978626,9.335974899993744,8.040188375756697,8.786599268498248,7.914803900013794,9.139121799991699,10,8.125,8.3625,0.6276765604858392,1.0078125,7.9296875,8.9375,7.5625,9.28125,8.0046875,8.74375,7.90625,9.09375,10,63573.0,63565.8,74.13770970295751,64.5,63528.0,63592.5,63450.0,63720.0,63522.6,63610.8,63510.0,63600.0
ga_ls10_elites,GA 10% LS [LS on elites],10,10,test_7,10,33.45979883476812,34.313408562619514,3.4000387542014354,4.876799339508146,31.79488285763709,36.67168219714524,29.929529778669274,40.87614519792529,32.40475188283543,36.38673927430483,31.747901879202765,36.974062950031154,10,31.66200990949318,32.60034091255144,3.4898829117329235,4.802229666732522,30.17070834257069,34.97293800930321,27.974774905368093,39.41970454302095,30.639357010360193,34.72847002576651,30.08252637139862,35.31976516521718,10,8.420787499999278,8.535800920001929,0.6382157250518385,0.9160863250144757,8.080131474991504,8.99621780000598,7.503568300016923,9.598398000001907,8.169419851251003,8.918923862503142,7.996283899992704,9.059359500010032,10,8.40625,8.484375,0.6222160217945033,0.921875,8.03515625,8.95703125,7.46875,9.53125,8.128125,8.85625,7.953125,9.0,10,63585.0,63582.0,100.5186549850325,81.0,63535.5,63616.5,63402.0,63756.0,63523.8,63642.0,63516.0,63654.0
ga_ls10_elites,GA 10% LS [LS on elites],10,10,test_8,10,34.45446201130947,35.472939520054375,3.081237481677114,4.332758416265861,33.21171452077343,37.54447293703929,31.188888715629837,40.09141949557958,33.689130433924774,37.30702554179033,32.99454731167201,38.473723739293746,10,32.94213313056623,33.8090453218449,3.0670624643819044,4.396770775151882,31.62311353226315,36.01988430741503,29.391369543738456,38.35028893218249,32.033462489908246,35.62145618450678,31.476259467688593,36.681538644832386,10,8.569412950004335,8.585133400000633,1.073005777664972,0.8579967500118073,7.997605349984951,8.855602099996759,7.176043600018602,10.735180499992566,7.987226074252031,9.227690648245916,7.845753799978411,9.164049300001352,10,8.4765625,8.5,1.0590733141394049,0.84765625,7.921875,8.76953125,7.125,10.671875,7.9140625,9.140625,7.765625,9.046875,10,63555.0,63566.4,132.94209265691586,117.0,63477.0,63594.0,63396.0,63876.0,63496.2,63652.8,63468.0,63624.0
ga_ls10_elites,GA 10% LS [LS on elites],10,10,test_9,10,36.69129251235823,37.54445420829673,3.7708463348786756,6.106332862402709,34.47965126758227,40.58598412998498,32.69785789517861,43.61258100050886,35.36768141695807,39.77574077906311,33.91420954979194,40.8282721795417,10,35.36432457227661,36.041744916905884,3.6628788363466542,6.05011660801145,33.025937086357494,39.076053694368944,31.269479568824856,41.97551622179486,33.93779131706273,38.209600558806535,32.48387563668386,39.22277373690719,10,7.33113439999579,7.76091666999564,0.8502893142690823,0.6354285749985138,7.224330950004514,7.859759525003028,7.1048277000081725,9.569477799988817,7.308925022497715,8.299724927746938,7.19243074998667,8.40224304998992,10,7.265625,7.6484375,0.8548095268870981,0.71484375,7.0703125,7.78515625,6.96875,9.453125,7.1953125,8.1875,7.046875,8.2421875,10,63591.0,63561.0,91.61877536837086,108.0,63520.5,63628.5,63408.0,63672.0,63503.4,63611.4,63474.0,63630.0
ga_ls10_elites,GA 10% LS [LS on elites],10,10,test_10,10,35.940738203015655,36.14165437155114,3.300329651465877,4.545484641460227,33.915300528007414,38.46078516946764,32.083985105108695,41.935597751128476,34.21282687316662,38.109426679508246,33.0349188338143,38.67701174804154,10,34.343499931234525,34.61897249074085,3.2872620235264334,4.617228031455156,32.41577337336078,37.033001404815934,30.608292759060486,40.405516805397056,32.71471718976848,36.56001331251028,31.617055606455914,37.27447314968399,10,7.967805449996376,7.8503368199977555,0.644873535918612,0.5143068999968818,7.644637424993562,8.158944324990443,6.482207000022754,8.877976199990371,7.442033228751679,8.21598425973658,7.590228600005503,8.201896449987544,10,7.90625,7.8015625,0.6380176445498545,0.4765625,7.62109375,8.09765625,6.46875,8.828125,7.4,8.1640625,7.5,8.1484375,10,63549.0,63558.6,141.03758364350972,208.5,63456.0,63664.5,63360.0,63792.0,63477.585,63640.8,63438.0,63690.0
ga_ls50_elites,GA 50% LS [LS on elites],10,10,test_1,10,39.57437801442933,40.61886043858036,6.311561323639473,10.460225827767054,35.937881644416954,46.39810747218401,31.77592203799025,48.84324478869102,36.968047522017024,44.41176792118419,35.48033716270305,46.983903127583424,10,38.21955108458823,39.134665714231275,6.273953482240045,10.541955174915167,34.46699258871078,45.00894776362595,30.2829943721351,47.21039217963363,35.502019729267666,42.88146620916407,34.03607686195792,45.61202986718401,10,10.478725400011172,10.828898929999559,1.3200139426228379,1.9037121750006918,9.841680974997871,11.745393149998563,9.336496000003535,12.853541899996344,10.079718099746096,11.62606947799839,9.751235099989572,11.995860099996207,10,10.171875,10.5859375,1.2739087190529652,1.75390625,9.625,11.37890625,9.109375,12.6875,9.865585937499999,11.3578125,9.578125,11.625,10,77988.0,78022.2,281.8801163615483,349.5,77917.5,78267.0,77466.0,78378.0,77851.2,78178.8,77850.0,78270.0
ga_ls50_elites,GA 50% LS [LS on elites],10,10,test_2,10,33.812934941801714,34.18905998389228,3.150112847710974,4.599953330751148,32.2588911408772,36.85884447162835,28.396398214848343,38.16220794467519,32.31023885549946,35.96952962746252,32.017678526063335,37.088432572212874,10,32.309522088883696,32.75961831773973,3.1426986201061284,4.873574239709619,30.811438334977062,35.68501257468668,27.0937427560581,36.67720906038283,30.88755035593664,34.5541191302069,30.552310376452027,36.07081958492234,10,9.448351600003662,9.790390460001072,1.7529069931189845,2.4794345750196953,8.300205974992423,10.779640550012118,7.699413499998627,13.225198300002376,8.815675103746836,10.85997059250505,7.960931999987224,10.824809600017034,10,9.40625,9.7328125,1.739294044059655,2.453125,8.26953125,10.72265625,7.625,13.125,8.7640625,10.79375,7.9375,10.765625,10,78000.0,78060.6,297.32742893988103,199.5,77875.5,78075.0,77700.0,78594.0,77898.0,78250.2,77862.0,78315.0
ga_ls50_elites,GA 50% LS [LS on elites],10,10,test_3,10,34.90332717608101,35.96723254839701,5.065687597067807,3.9335402776174675,33.68765523395627,37.62119551157374,28.975071127414854,46.69120236761491,33.193542283545916,39.181633710176605,32.48754502923673,38.13815954395612,10,33.04321076565094,34.375490911988685,5.028939730461821,3.9700335731913086,32.203706702602986,36.173740275794295,27.458256931255654,44.96417005168808,31.620412493003382,37.57635225618819,30.984896039498246,36.55977616641427,10,9.351563000003807,9.370308650002698,0.8521980048986558,1.1496639500037418,8.863307449995773,10.012971399999515,7.799713800020982,10.677863500022795,8.864609144259084,9.847844105754266,8.824280999993789,10.155856299999868,10,9.2734375,9.30625,0.8472855452200804,1.125,8.8125,9.9375,7.703125,10.59375,8.8015625,9.7796875,8.796875,10.0625,10,78198.0,78076.8,355.4692673073159,454.5,77818.5,78273.0,77484.0,78594.0,77860.785,78279.0,77772.0,78327.0
ga_ls50_elites,GA 50% LS [LS on elites],10,10,test_4,10,29.71342994805653,30.071387126238015,2.1106426181135225,1.5871658471057088,28.860535065941924,30.447700913047633,27.60661579408177,34.24012354115781,28.922106375850216,31.34291058654044,28.557066180966572,31.57884911901983,10,28.233937215057388,28.63945249102098,2.102755531949127,1.6212431476207314,27.42741697746736,29.04866012508809,26.13780767158913,32.83013046118215,27.49563086498955,29.91292672250132,27.12599576785452,30.18864747939997,10,9.208247549991938,9.106828289997065,1.0180382581021128,1.618600925001374,8.139664799993625,9.758265724994999,7.880319999996573,10.959591799997725,8.514646599244152,9.701314237993573,7.925951499986695,9.86575329999323,10,9.109375,8.9875,1.0034067404624885,1.61328125,8.0234375,9.63671875,7.796875,10.8125,8.4062109375,9.5734765625,7.875,9.75,10,78060.0,78016.2,308.8047927089215,277.5,77902.5,78180.0,77316.0,78450.0,77824.8,78181.815,77886.0,78204.0
ga_ls50_elites,GA 50% LS [LS on elites],10,10,test_5,10,40.14755365611474,39.79092358697589,4.051992831370999,5.982307652752063,36.374621899569256,42.35692955232132,33.95496703422762,46.98017097224029,37.4440189374186,42.148996211553126,35.56053846597995,42.52816249657662,10,38.47605960802849,38.249987876029834,4.029544480841602,5.909947828316156,34.95163055831194,40.861578386628096,32.468813986704525,45.268683856908105,35.90009124614659,40.58941489390924,34.13427622728764,41.06163761739757,10,9.605356550018769,9.36011557999882,1.191227116238011,2.226216300005035,8.130653899985191,10.356870199990226,7.862557499989634,10.871789299999364,8.64384616749223,10.04066982199729,7.98049709998304,10.498713699984364,10,9.375,9.2015625,1.1588149572018485,2.1875,8.0234375,10.2109375,7.765625,10.6875,8.5078125,9.8671875,7.859375,10.359375,10,77892.0,77999.4,375.17409292220594,366.0,77757.0,78123.0,77598.0,78858.0,77806.2,78235.8,77748.0,78180.0
ga_ls50_elites,GA 50% LS [LS on elites],10,10,test_6,10,34.31191580736622,35.67843804544445,2.9910840482263032,4.1607655115082665,33.9114519825819,38.07221749409017,31.67106255657323,40.82497134830269,34.008787062351445,37.490734973467866,33.570228865185555,38.449369170425115,10,32.88564685413895,34.15171653661205,2.9021678819734866,4.245427000986965,32.315735661435205,36.56116266242217,30.343579744124252,39.21960295993094,32.541073035015756,35.9136304087882,32.057992867336466,36.92426375386892,10,9.639927700001863,9.744619499999681,1.0108775970999373,1.067459849997249,9.271604324996588,10.339064174993837,7.8108263000031,11.170558999991044,9.13488797325117,10.329774513245866,9.197233850005432,10.549099850002676,10,9.5859375,9.675,0.9959717041245031,1.0078125,9.24609375,10.25390625,7.78125,11.140625,9.0749609375,10.2515625,9.1171875,10.3984375,10,78078.0,78062.4,170.32204789750503,159.0,78004.5,78163.5,77718.0,78318.0,77958.6,78157.2,77958.0,78180.0
ga_ls50_elites,GA 50% LS [LS on elites],10,10,test_7,10,33.460207817464735,33.317059617900625,4.191318458920451,4.705173561424065,30.992876442533895,35.69805000395796,26.33328976919959,40.281730384722586,30.76405291700975,35.775641445974415,30.471842015621405,36.106403965178785,10,32.012295642852116,31.804765522962516,4.145919115217694,4.893876863054054,29.370827973069858,34.26470483612391,24.98585664519292,38.69914002297536,29.27678727328382,34.2432474282403,28.893460599656244,34.69045496267524,10,8.88085954998678,9.05297226999537,1.1558509222457434,0.7488208499999018,8.258253199986939,9.00707404998684,7.797714400017867,11.167235300003085,8.437200506247608,9.773389133743912,8.117384499986656,9.968321699998342,10,8.84375,9.00625,1.1424001597513895,0.765625,8.21875,8.984375,7.765625,11.109375,8.3953125,9.715625,8.09375,9.90625,10,77904.0,77958.0,157.175061635108,138.0,77857.5,77995.5,77820.0,78336.0,77879.985,78060.6,77844.0,78018.0
ga_ls50_elites,GA 50% LS [LS on elites],10,10,test_8,10,36.089020046011946,35.16864527679844,3.4270360540052236,4.952516204335623,33.10319488690711,38.055711091242735,28.42321599145772,38.51834152079173,33.02817865911896,37.074460428762414,33.08540868790067,38.11218752894477,10,34.338942832217754,33.44148292982645,3.3725896347437265,4.9753377732067,31.371466794018335,36.346804567225035,26.862188875250357,36.636530127447756,31.3472886974812,35.320581574421105,31.310797385587968,36.41131818080547,10,9.892669050008408,10.152163230002042,1.2538682285176823,1.3982722750297398,9.530545449983038,10.928817725012777,7.840410999982851,11.9936017,9.40284491449478,10.88936152000424,9.507870799978264,11.1635886500153,10,9.796875,10.0609375,1.2303457004170502,1.28515625,9.49609375,10.78125,7.75,11.921875,9.3234375,10.7859375,9.4609375,11.0,10,77994.0,77971.8,224.92754388913775,285.0,77796.0,78081.0,77628.0,78318.0,77841.6,78102.6,77760.0,78159.0
ga_ls50_elites,GA 50% LS [LS on elites],10,10,test_9,10,36.513671985690024,36.93205950503362,3.644967437858917,3.0322811795668656,34.66888141420792,37.70116259377478,32.58424673307174,44.60897220180354,35.00074982780478,39.14912859963895,34.22233106976939,38.778083916555694,10,35.0138349860694,35.45407877438096,3.601458723493932,2.589026829953781,33.28182861477778,35.87085544473156,31.40315352919356,43.1265622841861,33.55509001687086,37.67453472485028,32.857641427679276,37.46658293526653,10,9.664707999996608,9.513868210001965,1.345691034096996,2.290140649987734,8.3251191250165,10.615259775004233,7.6316606999898795,11.379231200000504,8.72446285275284,10.296250729251478,8.107802400016226,10.727484800008824,10,9.5703125,9.3640625,1.2966354782158536,2.12109375,8.27734375,10.3984375,7.546875,11.046875,8.5968359375,10.1109375,8.078125,10.484375,10,77937.0,77929.2,299.5436529122258,427.5,77665.5,78093.0,77574.0,78516.0,77757.585,78109.2,77604.0,78108.0
ga_ls50_elites,GA 50% LS [LS on elites],10,10,test_10,10,34.887418245528224,34.881797713330876,1.867843515306172,2.1310310403300505,33.801092864091146,35.932123904421196,32.26728749514837,37.997583700315815,33.79835718031173,35.97215948231374,33.25018095625401,36.22696844452469,10,33.215525315700546,33.32525829352708,1.8439204892733503,1.8941700440983098,32.335984467607695,34.230154511706004,30.609958259018622,36.43336044636994,32.26723626425589,34.41588246641825,31.928558303396784,34.64199053225796,10,9.545604450002429,9.352602880002815,1.5747369803672993,1.4780724000156624,8.236263024991786,9.714335425007448,7.129421799996635,12.668898100004299,8.474633739999263,10.299384450001744,7.969577799987746,10.089807249998557,10,9.4921875,9.3234375,1.5702939295474625,1.4609375,8.23046875,9.69140625,7.109375,12.65625,8.451523437499999,10.271914062499999,7.96875,10.0390625,10,77988.0,78023.4,177.6839891492759,244.5,77913.0,78157.5,77808.0,78288.0,77920.8,78132.0,77877.0,78204.0
ga_ls100_elites,GA 100% LS [LS on elites],10,10,test_1,10,38.274583951501754,38.102792108275295,3.792867927823305,3.085976849685686,36.678904566370896,39.76488141605658,30.9441148915378,45.39066066074837,35.86203939642006,40.30499830942794,35.94494584623919,39.7921173324185,10,36.942543152139656,36.56822725428289,3.7765329589669574,3.075356638193952,35.18946808115731,38.26482471935126,29.260759237616405,43.75248740615448,34.329285457624785,38.748122866450444,34.54731106898291,38.355477863166946,10,12.679337299996405,12.50007756999985,1.581607941725208,2.301034325013461,11.076078399994003,13.377112725007464,10.613061699987156,15.554376500018407,11.608809660498082,13.436570015749748,10.808940799994161,13.546353600017028,10,12.4296875,12.2296875,1.5268156100584165,2.17578125,10.8359375,13.01171875,10.359375,15.140625,11.3671875,13.134375,10.5625,13.140625,10,96000.0,96000.0,0.0,0.0,96000.0,96000.0,96000.0,96000.0,96000.0,96000.0,96000.0,96000.0
ga_ls100_elites,GA 100% LS [LS on elites],10,10,test_2,10,34.85434601199255,34.6197336785302,3.825127944052671,4.538605008315081,32.8938293613048,37.432434369619884,26.781962249384307,39.57563570529797,32.2451015838262,36.75292038371937,32.22558896038183,37.69334861115496,10,33.38248353977444,33.14111609790681,3.6950039675912976,4.594402878975902,31.451120218323833,36.045523097299736,25.619227918383473,37.82966461739157,30.84802416118394,35.19797270005258,30.77759940908399,36.23523353653391,10,11.5471069500054,11.310743699999875,1.4469482158793519,1.9124465999775566,10.303602700012561,12.216049299990118,8.626694699982181,13.451494599983562,10.435966761990567,12.129901411997633,9.961192400020082,12.294147099979455,10,11.484375,11.2328125,1.4261031076975892,1.86328125,10.23046875,12.09375,8.59375,13.359375,10.36875,12.040625,9.921875,12.1875,10,96000.0,96000.0,0.0,0.0,96000.0,96000.0,96000.0,96000.0,96000.0,96000.0,96000.0,96000.0
ga_ls100_elites,GA 100% LS [LS on elites],10,10,test_3,10,37.4117721221894,36.48075564803899,2.692698725340292,2.845580304274371,35.07224720521128,37.917827509485655,31.6920795982597,41.0228197081635,34.85583412524229,37.989125896984,34.248534026376035,38.0137733217777,10,35.536462148862476,34.852239730169096,2.6328681224340933,2.898573257488607,33.38372605422941,36.28229931171802,30.239979280540346,39.47850487723572,33.28472458127383,36.35791945899168,32.8343936402991,36.33440289374195,10,10.244133749991306,10.277123179991031,1.3673409264706677,1.6990772999997716,9.22910902500007,10.928186324999842,8.539553699985845,13.132829799986212,9.524974389737908,11.137469175491496,8.91165500000352,11.077743000001647,10,10.1875,10.2109375,1.3376648798294613,1.58984375,9.203125,10.79296875,8.5,13.015625,9.4765625,11.0546875,8.890625,10.921875,10,96000.0,96000.0,0.0,0.0,96000.0,96000.0,96000.0,96000.0,96000.0,96000.0,96000.0,96000.0
ga_ls100_elites,GA 100% LS [LS on elites],10,10,test_4,10,29.1542632531144,30.326134140522942,3.7959981400581975,5.378991455756104,27.429810963778163,32.80880241953427,26.213425466172552,36.655225068696964,28.175750996485878,32.69222989464539,27.37116162202346,33.663620680894525,10,27.848377676440137,28.977465760471183,3.7065480722419513,5.0812252084750575,26.147971019612967,31.229196228088025,24.7652526021156,35.40461086350251,26.868679251449496,31.290949167599642,26.03790072482442,32.21315873714608,10,10.109348999991198,10.212643239999306,1.4725511257878359,1.4105208499895525,9.200126124997041,10.610646974986594,8.422034600022016,13.200219700025627,9.402219014749935,11.124365099999704,9.02027989999624,11.1224991499912,10,10.0078125,10.078125,1.4977377327063048,1.33203125,8.98046875,10.3125,8.265625,13.140625,9.2515625,11.0109375,8.765625,11.0625,10,96000.0,96000.0,0.0,0.0,96000.0,96000.0,96000.0,96000.0,96000.0,96000.0,96000.0,96000.0
ga_ls100_elites,GA 100% LS [LS on elites],10,10,test_5,10,40.25461074641508,39.38086047556839,3.3942305498989147,4.9724578722496275,37.330595050705355,42.30305292295498,33.91579804756971,43.13124163755641,37.24728896593858,41.27732031623777,36.28555298457339,42.595074291295724,10,38.69294193437387,37.841296819498226,3.394169174562033,4.649673877057609,36.047943271811626,40.697617148869234,32.25200531972955,41.57383747447814,35.68778133406594,39.73269720830581,34.73241280798617,41.01009361642497,10,10.490612749999855,10.484884920006152,0.7323168522001037,0.2705404249863932,10.358857100007299,10.629397524993692,8.768640700000105,11.579182200017385,10.025785960257272,10.879914832757567,10.34102520000306,10.913893150005606,10,10.3046875,10.315625,0.6881625595259694,0.19140625,10.23828125,10.4296875,8.6875,11.328125,9.8875,10.6859375,10.21875,10.703125,10,96000.0,96000.0,0.0,0.0,96000.0,96000.0,96000.0,96000.0,96000.0,96000.0,96000.0,96000.0
ga_ls100_elites,GA 100% LS [LS on elites],10,10,test_6,10,37.199415716217516,37.229731586163226,3.899621844518483,1.4366892511836369,36.78412539363198,38.22081464481562,28.795944665635144,44.32356275499064,34.839439909513814,39.47325223591954,35.90435111983668,38.970369083045505,10,35.60171132213593,35.77945013125878,3.939804530247476,1.4460111358271988,35.33497155238315,36.78098268821035,27.360860799309883,43.14603043591199,33.383963665174086,38.057066472769684,34.54864405533323,37.40094653166645,10,11.465066200005822,11.57565281999705,1.2160698997206407,1.5980034749954939,10.510098649989231,12.108102124984725,10.237723100028234,13.52210329999798,10.88752189874831,12.308274015748175,10.472393649994046,12.76175894998596,10,11.375,11.5015625,1.2159969350318875,1.56640625,10.4609375,12.02734375,10.171875,13.453125,10.8124609375,12.2359375,10.390625,12.6953125,10,96000.0,96000.0,0.0,0.0,96000.0,96000.0,96000.0,96000.0,96000.0,96000.0,96000.0,96000.0
ga_ls100_elites,GA 100% LS [LS on elites],10,10,test_7,10,34.355937703671074,34.33257361709313,3.558754287722037,5.6666731643480155,31.188838588711835,36.85551175305985,29.975175613777548,39.760513518671914,32.24315361761764,36.48611967170852,30.89084180461404,37.49126890454272,10,32.59102115268699,32.72830084578341,3.5241287021517347,4.918203800754906,29.920893006584482,34.83909680733939,28.547059946441347,38.28601953671933,30.66725936510257,34.870401499842686,29.261439342951896,35.963889948592424,10,10.318101699987892,10.319171479993383,1.5538727646651622,3.0148726500046905,8.706014049996156,11.720886700000847,8.615398499998264,12.473607699997956,9.451817251994798,11.222882663749042,8.676427099999273,11.722250499995425,10,10.265625,10.2421875,1.5484130611088567,3.03125,8.62109375,11.65234375,8.5625,12.3125,9.38125,11.1328125,8.609375,11.65625,10,96000.0,96000.0,0.0,0.0,96000.0,96000.0,96000.0,96000.0,96000.0,96000.0,96000.0,96000.0
ga_ls100_elites,GA 100% LS [LS on elites],10,10,test_8,10,34.47191756524251,32.5266914278136,4.322327840313127,5.748837674168989,29.610034204528517,35.35887187869751,25.85064290233819,37.54346632169325,29.84058036449633,34.923553790587775,28.205554787000978,35.90798740854487,10,32.797455923971,30.91813930445676,4.219009029583242,5.5495732635252,28.121430105501094,33.671003369026295,24.290337020426126,35.757471870472585,28.293029133684225,33.25525954347576,26.757197476295957,34.259147905344136,10,10.746681950011407,10.473731910003698,1.4018576514052437,2.5471014250069857,9.02302829999826,11.570129725005245,8.704036699986318,12.188895400002366,9.635943525997572,11.29632147325785,8.789730499993311,11.71373915001459,10,10.6875,10.378125,1.4144398859521115,2.56640625,8.8984375,11.46484375,8.5625,12.125,9.529648437499999,11.2015625,8.65625,11.625,10,96000.0,96000.0,0.0,0.0,96000.0,96000.0,96000.0,96000.0,96000.0,96000.0,96000.0,96000.0
ga_ls100_elites,GA 100% LS [LS on elites],10,10,test_9,10,35.828669131742906,35.655686177157136,2.1049496870581508,2.348691823078177,34.03037134877076,36.379063171848934,33.06056805601108,39.9495194153904,34.50117261196105,36.961433006968385,33.962341608761754,36.88703060773974,10,34.19853167347062,34.14061213450428,1.9680993970537028,1.9981021416492055,32.75756886752772,34.75567100917693,31.656550338481768,38.26172663727688,33.06681773632888,35.3685228570069,32.66196931427193,35.232944666369555,10,10.126503349994891,9.992356439997092,1.1349254602269618,1.2866207499973825,9.017752274994564,10.304373024991946,8.492138400004478,12.095590499986429,9.34392154975365,10.669196579995333,8.772560999990674,10.727771050005686,10,10.015625,9.8734375,1.132748441675404,1.19140625,8.9296875,10.12109375,8.375,12.03125,9.2265625,10.551640624999997,8.703125,10.609375,10,96000.0,96000.0,0.0,0.0,96000.0,96000.0,96000.0,96000.0,96000.0,96000.0,96000.0,96000.0
ga_ls100_elites,GA 100% LS [LS on elites],10,10,test_10,10,34.19496628260668,33.32675901535376,2.73770217682011,3.654084834336011,31.489297791454845,35.143382625790856,27.972743897968016,36.8228360217325,31.647132543705293,34.83915676727192,31.008212788375744,35.209250108210725,10,32.490667153611085,31.738364824864988,2.6078802200524778,3.5792587599516423,29.975049902976927,33.55430866292857,26.605651754456442,34.89122580931079,30.11491655003763,33.16822090184292,29.590707278611447,33.68453627449773,10,9.775610900003812,9.857602410000982,1.1454627396144454,1.8958052999951178,8.779162000006181,10.674967300001299,8.685325400001602,11.64899289997993,9.220099822753909,10.539986304750053,8.761077200004365,10.850393100001384,10,9.7265625,9.80625,1.1299370834254445,1.85546875,8.75390625,10.609375,8.625,11.578125,9.1796875,10.4796875,8.734375,10.78125,10,96000.0,96000.0,0.0,0.0,96000.0,96000.0,96000.0,96000.0,96000.0,96000.0,96000.0,96000.0
ga_sched_elites,GA scheduled LS [LS on elites],10,10,test_1,10,40.25984415177581,39.82744403654221,3.562345242394587,5.130789741593119,37.39479656468234,42.52558630627546,34.15707940684332,45.18628604971914,37.731274176915704,41.93219024367217,37.037835863554854,42.802534116835055,10,38.55534456817335,38.22993078049476,3.454202105630507,4.646765227527858,35.873146437596766,40.519911665124624,32.80223433210209,43.64813775384617,36.2083528493721,40.27773132839778,35.44179483906415,40.757479523646296,10,11.188710999980685,11.231310479997774,1.2024060816960231,1.8267958250289666,10.206360074989789,12.033155900018755,9.534029999980703,12.98877039999934,10.539088507499327,11.935481939497258,9.95102079998469,12.280813650009804,10,11.03125,10.990625,1.1680191193616842,1.66015625,10.01171875,11.671875,9.328125,12.765625,10.3171875,11.6703125,9.796875,11.984375,10,79275.0,79256.4,156.33809516557378,222.0,79161.0,79383.0,78972.0,79434.0,79158.6,79344.6,79143.0,79398.0
ga_sched_elites,GA scheduled LS [LS on elites],10,10,test_2,10,34.9230735606607,34.56171374969746,2.0134827782731777,2.5524015391004298,33.30333635085019,35.85573788995062,31.006679247380774,37.90821534632234,33.3482095937929,35.70848869379905,33.103156344310214,35.956698156519984,10,33.305363319493615,32.99468763139273,2.1226395286771687,2.5706028791936077,31.69857769769809,34.2691805768917,29.429807782382763,36.53238429700638,31.714967589935426,34.20181923883846,31.42307822442538,34.3989721348368,10,8.999408649993711,9.543890869998723,1.7729319687195415,2.255359099988709,8.242761275010707,10.498120374999417,7.92404230000102,13.487622799992096,8.589766370003417,10.68687094574605,8.13763400001335,10.829218700004276,10,8.984375,9.4828125,1.7611630875665503,2.25,8.140625,10.390625,7.875,13.421875,8.5375,10.61875,8.015625,10.71875,10,79224.0,79226.4,125.06638237352193,207.0,79137.0,79344.0,79020.0,79374.0,79152.6,79297.8,79128.0,79350.0
ga_sched_elites,GA scheduled LS [LS on elites],10,10,test_3,10,34.688852556591286,34.97815532952761,3.256556424667155,3.7126983833136933,33.5003930057508,37.213091389064495,28.76621884758846,40.17915814213132,32.97565748399743,36.82572852174421,33.15768296482531,37.75467071772113,10,33.08149084957248,33.28567205148754,3.197582594004612,3.6836773518650325,31.737938375166873,35.421615727031906,27.255894475098383,38.42150246119951,31.330272857336826,35.11144914714722,31.4470441245358,35.963894787334446,10,9.127899250001065,9.115974239999195,0.8016850911033928,0.6938449249937548,8.652749325010518,9.346594250004273,8.12104879997787,10.900588399992557,8.684968775741364,9.622892907251078,8.541634199995315,9.42338925000513,10,9.03125,9.0578125,0.794746271639397,0.625,8.6015625,9.2265625,8.078125,10.84375,8.6343359375,9.565625,8.5,9.40625,10,79212.0,79198.8,148.2916046173889,171.0,79137.0,79308.0,78888.0,79380.0,79105.2,79279.8,79110.0,79314.0
ga_sched_elites,GA scheduled LS [LS on elites],10,10,test_4,10,31.428524169105422,31.171012714204426,1.9688342841939828,1.2508291997514078,30.52233298221514,31.773162181966548,27.638887767102666,34.0898437380334,30.023882291850853,32.31935442547105,29.845257121208192,32.661374632580774,10,29.894187633848674,29.65135127082602,1.8999736788434165,1.1767014644593417,28.968954603868397,30.14565606832774,26.222769355970385,32.52823057240845,28.54980066848592,30.777891092919514,28.398789390680527,31.070248752041667,10,9.781952549994458,9.71100860000006,0.7679156424588557,0.7512801500051864,9.38323804999527,10.134518200000457,8.084849700011546,10.76852080001845,9.24077471049728,10.1410841600009,9.286248249991331,10.274234700002125,10,9.578125,9.575,0.7613008558090261,0.75,9.26953125,10.01953125,8.015625,10.703125,9.1140625,10.009375,9.1953125,10.140625,10,79218.0,79230.0,129.3986089569745,84.0,79203.0,79287.0,79014.0,79416.0,79152.0,79305.6,79134.0,79335.0
ga_sched_elites,GA scheduled LS [LS on elites],10,10,test_5,10,39.78246278348034,39.49414505080987,3.7560121292292714,4.533971683757876,37.62740485689698,42.16137654065486,32.04427750830139,44.03947978003404,37.184570408316645,41.57649645228335,37.04311022134435,42.43182144539884,10,38.36098749746479,37.964293376700965,3.6753045213846174,4.368636800236821,36.14399730348356,40.51263410372038,30.81131911744305,42.474892347128105,35.6948283254908,40.00264335634923,35.627709688176736,40.87610304642689,10,9.530643300007796,9.643478729997877,1.2373303406521177,1.6824541250098264,8.702888474988868,10.385342599998694,8.08613080001669,11.974817899987102,8.960384812744014,10.378785881745062,8.467643099982524,10.570442600001115,10,9.375,9.515625,1.2244790558981944,1.65234375,8.609375,10.26171875,7.96875,11.796875,8.840625,10.24375,8.40625,10.4375,10,79197.0,79212.6,106.82509068566242,105.0,79170.0,79275.0,78990.0,79368.0,79146.6,79273.815,79167.0,79293.0
ga_sched_elites,GA scheduled LS [LS on elites],10,10,test_6,10,36.028831227686986,35.52213682921813,2.1288456298848515,2.6186847388376435,34.078565629136065,36.69725036797371,32.29051691464706,38.79591654755616,34.2470684594276,36.733987666010414,33.57216152740335,36.83723936382049,10,34.27636033192321,33.960596439129915,2.015059179626971,2.678178168191266,32.421377354020834,35.0995555222121,31.09045238034232,37.12723021027294,32.77342078833507,35.123728966462615,31.922028674247688,35.38281947085879,10,9.435802000007243,9.661212179996074,0.9804959103732086,1.6287953499922878,8.940070750009909,10.568866100002197,8.407180799986236,11.106854599987855,9.103022120749301,10.255179520489982,8.889986849986599,10.860236100008478,10,9.375,9.5890625,0.9613022963848169,1.58203125,8.88671875,10.46875,8.375,11.015625,9.04375,10.1703125,8.8359375,10.765625,10,79212.0,79200.0,215.14646174176326,343.5,79056.0,79399.5,78852.0,79452.0,79068.6,79325.4,79029.0,79428.0
ga_sched_elites,GA scheduled LS [LS on elites],10,10,test_7,10,33.43061351670638,33.142523327546876,2.3724719729464367,2.6360638568034602,31.584046029808135,34.220109886611596,28.95679932244229,37.20943191660198,31.71441612018762,34.533742917777715,31.481367264811723,34.77562048162707,10,31.6531483439707,31.425699588803138,2.401439024624981,2.635884425613746,29.873591312433057,32.5094757380468,27.05058838598697,35.55144478104376,29.979288173542813,32.82887128943728,29.81518757082261,33.13269112982101,10,9.64490830001887,9.730910429998767,0.8397470385982917,1.2306213999981992,9.214101324985677,10.444722724983876,8.135866800002987,10.724729999987176,9.241226318758855,10.211754088242232,9.164060699986294,10.547055600007297,10,9.59375,9.68125,0.8425982365246467,1.20703125,9.203125,10.41015625,8.0625,10.65625,9.1890234375,10.1671875,9.15625,10.5,10,79170.0,79172.4,150.49784051606852,160.5,79083.0,79243.5,78924.0,79452.0,79085.4,79263.0,79065.0,79275.0
ga_sched_elites,GA scheduled LS [LS on elites],10,10,test_8,10,34.30021406516018,34.89812107465024,2.46576060330846,3.0155239489296974,33.76850063236094,36.78402458129064,31.094623515323313,39.131047289554175,33.482113580563635,36.355665958178804,33.33999179481312,37.46509474344198,10,32.722683095447266,33.25968875204522,2.4657866575325067,3.077875210995842,32.07814902899966,35.1560242399955,29.301468719287335,37.270269739654125,31.81862966467979,34.697775556291596,31.69209829785631,35.771390878551415,10,9.655726450000657,9.78393878999923,1.4594697610317355,0.31562909999047406,9.478126924994285,9.79375602498476,7.789935900014825,12.793133600003785,8.953699111247769,10.651350517746831,8.742874549992848,10.598459450004157,10,9.5625,9.703125,1.4470545994843764,0.2890625,9.40625,9.6953125,7.734375,12.71875,8.88125,10.5625,8.6953125,10.484375,10,79161.0,79234.2,200.73963235993034,292.5,79099.5,79392.0,79020.0,79614.0,79124.4,79359.0,79068.0,79428.0
ga_sched_elites,GA scheduled LS [LS on elites],10,10,test_9,10,36.30908085323182,36.94720557701009,3.7511632887457402,5.396273539901628,34.23175219198536,39.628025731886986,31.924581401356715,43.345954624561045,34.833466582163105,39.21997727876174,33.65787002481699,40.604005236897606,10,34.93207876385219,35.471262806118986,3.633821799992249,5.409293712879368,32.779273457882404,38.18856717076177,30.568437057450865,41.730923135202254,33.42530259529755,37.67478962844717,32.22706756259761,39.10918171512093,10,8.094009250009549,8.630723360003321,1.0763043749231387,1.1662739749954198,7.943403925011808,9.109677900007227,7.790430499997456,10.894948200002545,8.070174922250807,9.311656855751497,7.9298569499951554,9.388367700012168,10,8.046875,8.5171875,1.0638637591770281,1.19921875,7.79296875,8.9921875,7.71875,10.84375,7.9671875,9.196875,7.765625,9.265625,10,79209.0,79165.2,174.23662072021486,169.5,79104.0,79273.5,78750.0,79368.0,79055.4,79256.4,79086.0,79278.0
ga_sched_elites,GA scheduled LS [LS on elites],10,10,test_10,10,37.46975002106457,36.495225576533734,3.0389003491978763,4.091985915001608,34.375939336727676,38.467925251729284,30.94315871139102,41.16486344205353,34.65072318133716,38.19648089055169,34.0673136377035,38.62549754625791,10,35.969264222634465,34.94309249168296,2.9993112830481343,4.158579647375035,32.62800987268057,36.78658952005561,29.556184747154422,39.67383542894793,33.1303304539007,36.640058041975244,32.5634029609679,36.99912324958743,10,9.038710699984222,8.745578299989575,0.8887193608680384,1.1807798250083579,8.01770422498521,9.198484049993567,7.2833473999926355,10.268143099994631,8.220040788487967,9.275180646989176,7.996535499987658,9.283402749992092,10,8.953125,8.6875,0.8836072197249183,1.16015625,7.9765625,9.13671875,7.265625,10.234375,8.165625,9.215664062499998,7.9453125,9.2265625,10,79068.0,79081.8,124.77339459997071,156.0,78984.0,79140.0,78924.0,79344.0,79011.6,79158.6,78978.0,79155.0
rlga_elites,RL-GA [LS on elites],10,10,test_1,10,35.68209538171365,37.0646075433796,3.691302221433281,6.719699012285673,34.054792791946255,40.77449180423193,32.766984712252025,42.1372100395057,34.948679017499686,39.23299123731826,33.88793612105146,41.02790106042532,10,34.27415678677332,35.53770107961877,3.6207363601215268,6.506425004815064,32.60328236064973,39.10970736546479,31.35085961776191,40.75726492923359,33.47250843081021,37.66802058252225,32.37351324289365,39.393651250080126,10,11.501689500000793,11.485335499999929,1.2987519899280795,1.6083575249940623,10.529328400007216,12.137685925001279,9.679660299996613,14.228611799975624,10.770389423000669,12.27698953299914,10.47029840000323,12.186738899996271,10,11.265625,11.196875,1.2256128002395825,1.64453125,10.26953125,11.9140625,9.453125,13.65625,10.5109375,11.934375,10.1875,11.96875,10,86793.0,87301.8,3007.349730244223,4663.5,84844.5,89508.0,83802.0,92952.0,85637.37,89161.8,84576.0,90210.0
rlga_elites,RL-GA [LS on elites],10,10,test_2,10,32.635303375739596,32.986105032290936,2.5793844661758367,3.378996098932852,31.66525767219163,35.04425377112448,28.92618440145922,36.73212155029098,31.47350551504236,34.50590960954639,31.102389803967323,35.58613195386961,10,31.22950628871204,31.497818747955144,2.4379631805856223,3.369361172708892,30.14560477639995,33.51496594910884,27.681270022905977,35.19924379426871,30.06502916954686,32.9304145853205,29.668766503935288,34.02064201304679,10,11.441978299990296,10.923547140002484,1.9366060168413979,3.0830727250213386,9.119392175001849,12.202464900023188,8.271351000003051,13.389663699985249,9.795679409999575,12.054127434508844,8.731318300007842,12.59029720001854,10,11.3125,10.8390625,1.9427579026294466,3.1015625,9.05859375,12.16015625,8.171875,13.296875,9.7108984375,11.968789062499999,8.671875,12.5234375,10,86931.0,86652.0,5211.282375768943,4300.5,85059.0,89359.5,77334.0,93294.0,83467.14,89633.43,82875.0,91122.0
rlga_elites,RL-GA [LS on elites],10,10,test_3,10,38.10169618931167,36.37286488160365,5.010799801147337,6.337972609199994,32.60914342163167,38.947116030831666,28.85972752713318,43.254735335599,33.21807021935397,39.19514855270908,31.59733980832429,40.48802893634047,10,36.366678860728825,34.73035660757776,4.958914579564222,6.36667906691364,31.057304876867285,37.423983943780925,27.16165331263998,41.4014296150229,31.606023014090702,37.535281566505375,30.002399861764086,38.89197028095437,10,9.888651400004164,9.915774810002768,1.3668587531125658,1.7628321750016767,9.06800907500292,10.830841250004596,7.950117600004887,12.16689170000609,9.12107673800274,10.705201584504684,8.8348285999964,11.030352600006154,10,9.828125,9.8328125,1.3502959503922958,1.7109375,8.9765625,10.6875,7.890625,12.109375,9.054609375,10.6109375,8.765625,10.859375,10,84954.0,85381.8,2940.036802490744,2158.5,84418.5,86577.0,80154.0,91644.0,83737.74,87153.6,83961.0,86700.0
rlga_elites,RL-GA [LS on elites],10,10,test_4,10,30.3142182505392,31.197466232512376,3.6024915596051525,4.438307779077682,28.402168804104804,32.840476583182486,27.784653551320577,38.94244334977569,29.235701789948553,33.50529243062247,28.26737121407787,33.32847112239146,10,28.964372665344733,29.691618151092875,3.5774603206322504,4.223464021242236,26.927074398640364,31.1505384198826,26.16855981237434,37.420415960321044,27.745600966833535,31.984334073195605,26.813737152650614,31.756016828721386,10,10.033401900000172,10.167595650002477,1.6609491710189188,1.8255542499755393,8.976943250010663,10.802497499986202,8.182295500009786,13.733989100001054,9.258107396752676,11.182625140008167,8.786335300013889,11.003861800010782,10,9.8671875,10.028125,1.588905354542694,1.734375,8.890625,10.625,8.15625,13.40625,9.157734375,11.0031640625,8.6875,10.875,10,86388.0,86134.8,3790.871984121859,4728.0,83641.5,88369.5,79344.0,91968.0,83862.585,88394.415,82950.0,88860.0
rlga_elites,RL-GA [LS on elites],10,10,test_5,10,40.381899434986835,39.71096262817739,4.435191347083417,5.2250135763711825,36.21764183090232,41.442655407273506,33.20847232907244,48.00236713164044,37.129923131560936,42.38807190853289,34.85864733514876,41.916888928627046,10,38.8331711123885,38.163804105740674,4.3686889771221535,5.119341337151177,34.72111968399732,39.8404610211485,31.812839163298687,46.5513988690293,35.64295024967497,40.820141821815575,33.50843764128359,40.3056476929746,10,9.41560644999845,9.603236709997873,1.108711658891358,1.6712307999987388,8.727666799997678,10.398897599996417,8.130571599991526,11.677004900004249,8.96957004074844,10.263632665998083,8.608755199995358,10.418419599998742,10,9.2421875,9.4328125,1.0956592958281888,1.6328125,8.56640625,10.19921875,7.9375,11.4375,8.8046875,10.078164062499999,8.453125,10.28125,10,89106.0,88467.6,4125.583788992777,6022.5,85579.5,91602.0,81972.0,94158.0,86006.295,90811.2,84825.0,91914.0
rlga_elites,RL-GA [LS on elites],10,10,test_6,10,35.68075039761564,36.2630953791037,3.67908951032117,4.71649598497936,33.36658632782448,38.08308231280384,31.98471923203017,42.33736282882896,34.21792708864861,38.547500060292265,33.06096368326594,38.967205037031924,10,34.21717621390158,34.71009556289623,3.6819465566341756,4.777619910168614,31.656489307390206,36.43410921755882,30.550756344661607,41.050081965055334,32.669743035882654,36.98074945063369,31.27533250586993,37.326473519424404,10,10.254007050010841,10.810032310002134,1.5025493726414625,2.27666482499626,9.749387075004051,12.026051900000311,9.022010599990608,13.335758000001078,9.98310590100744,11.714824238002256,9.69794670000556,12.400471000000834,10,10.171875,10.7421875,1.4942789117650805,2.2421875,9.69140625,11.93359375,8.984375,13.21875,9.9171875,11.6359375,9.671875,12.28125,10,87381.0,85102.2,6575.50548627252,10255.5,79299.0,89554.5,74226.0,93120.0,81193.8,88912.5,78660.0,90675.0
rlga_elites,RL-GA [LS on elites],10,10,test_7,10,35.397099674017284,35.53790385346627,4.450495823918918,6.906333382415461,32.27987043265789,39.18620381507335,29.577552299605546,42.91349634280276,33.02355886798354,38.20165956865217,31.483608860889042,39.73854035710369,10,33.66612253382543,33.91940067726277,4.403860359158593,7.017809912305822,30.485226195329055,37.50303610763488,28.117307730921308,41.35584475253142,31.439044737144382,36.56056092410049,30.06055138297223,38.00061474602008,10,9.875797000000603,10.078884980001021,0.9856301360290922,0.607686424998974,9.692040299996734,10.299726724995708,8.436167300009402,12.248224200011464,9.511568784998598,10.700059761004304,9.638722450006753,10.555292699995334,10,9.7890625,10.0234375,0.9726972115984444,0.58984375,9.64453125,10.234375,8.40625,12.15625,9.465625,10.634375,9.609375,10.515625,10,87006.0,87525.0,4550.3232852183155,5583.0,85521.0,91104.0,78024.0,93852.0,84692.985,90034.83,85506.0,91764.0
rlga_elites,RL-GA [LS on elites],10,10,test_8,10,34.875812485663715,34.2728938826869,3.3353037260573823,5.681496331288432,31.134946238559888,36.81644256984832,29.575712633451975,38.475006521678914,32.27019585370162,36.15768040779455,30.12024756948591,37.005246906243684,10,33.36619039823459,32.6687496810101,3.28158746733613,5.893070920277637,29.459961442881635,35.35303236315927,28.108897216696278,36.72575495116913,30.701163569958897,34.52919682087391,28.511415711455733,35.413237352805716,10,9.567785949999234,10.031805030006216,1.6352961975557894,2.981367999978829,8.620637600019109,11.602005599997938,7.9622732999851,12.394868000003044,9.074696820011013,11.020268030503066,8.418074300017906,11.61330780001299,10,9.4375,9.9375,1.5907515366608604,2.92578125,8.5546875,11.48046875,7.953125,12.203125,9.009375,10.890625,8.359375,11.515625,10,84969.0,83377.2,5264.820452778993,5245.5,80589.0,85834.5,74928.0,92070.0,80220.585,86415.0,79245.0,86343.0
rlga_elites,RL-GA [LS on elites],10,10,test_9,10,37.25262566629117,37.31797049652453,2.97828886648285,3.149204432421527,35.08881077043561,38.238015202857135,33.484022597821955,43.83044315687917,35.68308964724305,39.126182984135355,34.60132368893914,38.69897854478518,10,35.57598156956265,35.85093884504313,2.9191216656590013,3.19457959556577,33.6626497381657,36.85722933373147,32.22487116824601,42.29049593635283,34.26397503606069,37.62529935264196,33.243032160803736,37.22675107234841,10,9.188886150004691,9.054331090001506,0.9089915125924443,1.5254561249894323,8.223672625004838,9.74912874999427,7.789589599997271,10.160531400004402,8.515614958003498,9.567556214500582,8.00402620001114,9.827259700003196,10,9.109375,8.9296875,0.8926861505411942,1.3828125,8.18359375,9.56640625,7.609375,10.078125,8.3983984375,9.43125,7.984375,9.640625,10,84435.0,83553.6,4353.639580856458,3667.5,81417.0,85084.5,76662.0,91776.0,81086.775,86073.63,80109.0,85866.0
rlga_elites,RL-GA [LS on elites],10,10,test_10,10,35.00685973867058,35.031195774617075,2.8820371938669664,4.252992897143365,32.5053031123024,36.758296009445765,31.52557694330745,39.93833245606224,33.415911692354825,36.78558407246792,32.32887490494649,36.97771939794657,10,33.43932447180232,33.46702071460992,2.869751577301237,4.057636771597931,30.89248663120816,34.95012340280609,30.244080249234635,38.677668646627794,31.872166560470546,35.23358943360709,30.811594392845564,35.42030939350979,10,8.85681489999115,9.610639769994304,2.128923344500836,2.673555099987425,7.997594649998064,10.671149749985489,7.361819099984132,13.089229099976365,8.450020873994582,10.94079146149561,7.970967050001491,11.594376350010862,10,8.8203125,9.55,2.0998408504508674,2.65625,7.9375,10.59375,7.3125,12.96875,8.403125,10.8640625,7.921875,11.5,10,87825.0,87099.0,4724.321961932738,4674.0,85063.5,89737.5,77004.0,94032.0,84253.63500000001,89731.26,84714.0,90138.0
