variant,label,split,instance,instance_index,seed,run_seed,agent_seed,best_fitness,total_distance,execution_time,cpu_time,evaluations,generations,feasible,mean_ls_rate,final_mutation_rate,final_crossover_rate
ga_ls00,GA no LS,test,test_1,0,0,42,-1,37.58246248805981,35.794937714425,8.789106999989599,8.609375,60000,300,1,0.0,0.1,0.8
ga_ls10_offspring,GA 10% LS [LS on offspring],test,test_1,0,0,42,-1,37.65509841565512,36.09458164474708,11.982091299985768,11.609375,76218,300,1,0.09999999999999999,0.1,0.8
ga_ls50_offspring,GA 50% LS [LS on offspring],test,test_1,0,0,42,-1,38.77851401074157,37.07007139708378,15.372987100010505,14.984375,141210,300,1,0.5,0.1,0.8
ga_ls100_offspring,GA 100% LS [LS on offspring],test,test_1,0,0,42,-1,35.53878627688262,34.177656610798685,14.788005199981853,14.40625,222000,300,1,1.0,0.1,0.8
ga_sched_offspring,GA scheduled LS [LS on offspring],test,test_1,0,0,42,-1,41.07839330078666,39.55656616626396,15.73138129999279,15.375,146304,300,1,0.5333333333333333,0.1,0.8
rlga_offspring,RL-GA [LS on offspring],test,test_1,0,0,42,0,35.432411074292745,33.533662905942265,13.208143299998483,12.796875,158184,300,1,0.6038333333333332,0.08687500000000001,0.825
ga_ls10_elites,GA 10% LS [LS on elites],test,test_1,0,0,42,-1,41.51873717316904,39.62879786195775,9.034202899987577,8.84375,63870,300,1,0.09999999999999999,0.1,0.8
ga_ls50_elites,GA 50% LS [LS on elites],test,test_1,0,0,42,-1,33.4527131736105,31.950481430432987,9.623057099990547,9.546875,78258,300,1,0.5,0.1,0.8
ga_ls100_elites,GA 100% LS [LS on elites],test,test_1,0,0,42,-1,30.9441148915378,29.260759237616405,12.516855099995155,12.25,96000,300,1,1.0,0.1,0.8
ga_sched_elites,GA scheduled LS [LS on elites],test,test_1,0,0,42,-1,41.44063710248647,39.550397609717,9.827472500008298,9.609375,79338,300,1,0.5333333333333333,0.1,0.8
rlga_elites,RL-GA [LS on elites],test,test_1,0,0,42,0,42.1372100395057,40.75726492923359,12.294711599999573,11.96875,84576,300,1,0.6824843750000001,0.0974555206298828,0.6574203491210937
ga_ls00,GA no LS,test,test_1,0,1,43,-1,33.034213730727394,31.60593408611561,9.406396300008055,9.21875,60000,300,1,0.0,0.1,0.8
ga_ls10_offspring,GA 10% LS [LS on offspring],test,test_1,0,1,43,-1,43.72262382408138,42.0271825687935,9.326837200002046,9.171875,75570,300,1,0.09999999999999999,0.1,0.8
ga_ls50_offspring,GA 50% LS [LS on offspring],test,test_1,0,1,43,-1,38.180086538738024,36.79593559617306,15.401034700014861,15.0625,140760,300,1,0.5,0.1,0.8
ga_ls100_offspring,GA 100% LS [LS on offspring],test,test_1,0,1,43,-1,40.62956902212853,38.97681606428166,14.994294200005243,14.625,222000,300,1,1.0,0.1,0.8
ga_sched_offspring,GA scheduled LS [LS on offspring],test,test_1,0,1,43,-1,43.553437491602054,41.86043077600064,12.090225599997211,11.796875,146586,300,1,0.5333333333333333,0.1,0.8
rlga_offspring,RL-GA [LS on offspring],test,test_1,0,1,43,1,38.41223672671776,36.79524648504702,9.589909300004365,9.375,69858,300,1,0.05961465708414714,0.09125503199672153,0.7453127056360245
ga_ls10_elites,GA 10% LS [LS on elites],test,test_1,0,1,43,-1,34.33182190784933,32.95388496458469,10.793306499981554,10.484375,63606,300,1,0.09999999999999999,0.1,0.8
ga_ls50_elites,GA 50% LS [LS on elites],test,test_1,0,1,43,-1,48.84324478869102,47.21039217963363,10.030819100007648,9.765625,77904,300,1,0.5,0.1,0.8
ga_ls100_elites,GA 100% LS [LS on elites],test,test_1,0,1,43,-1,34.78053279095728,33.21898568607675,13.546353600017028,13.140625,96000,300,1,1.0,0.1,0.8
ga_sched_elites,GA scheduled LS [LS on elites],test,test_1,0,1,43,-1,34.15707940684332,32.80223433210209,12.730155400000513,12.4375,79098,300,1,0.5333333333333333,0.1,0.8
rlga_elites,RL-GA [LS on elites],test,test_1,0,1,43,1,34.14625756772154,32.56393597152087,10.410671999998158,10.09375,90210,300,1,0.8413333333333333,0.16499999999999998,0.759375
ga_ls00,GA no LS,test,test_1,0,2,44,-1,40.23521277923027,38.38840289778978,10.09776580001926,9.75,60000,300,1,0.0,0.1,0.8
ga_ls10_offspring,GA 10% LS [LS on offspring],test,test_1,0,2,44,-1,34.74402796927872,33.312479761241974,9.132510000024922,8.921875,76596,300,1,0.09999999999999999,0.1,0.8
ga_ls50_offspring,GA 50% LS [LS on offspring],test,test_1,0,2,44,-1,42.92042284632417,41.47893263644823,11.930968600005144,11.578125,141612,300,1,0.5,0.1,0.8
ga_ls100_offspring,GA 100% LS [LS on offspring],test,test_1,0,2,44,-1,44.25464244099661,42.78488558220427,15.259087399987038,14.78125,222000,300,1,1.0,0.1,0.8
ga_sched_offspring,GA scheduled LS [LS on offspring],test,test_1,0,2,44,-1,34.576752527022514,33.16510440027927,12.110549699980766,11.703125,147090,300,1,0.5333333333333333,0.1,0.8
rlga_offspring,RL-GA [LS on offspring],test,test_1,0,2,44,2,36.2001583695984,34.844270400278425,14.03297410000232,13.65625,98928,300,1,0.245,0.08140625,0.2
ga_ls10_elites,GA 10% LS [LS on elites],test,test_1,0,2,44,-1,39.36132116044658,37.86531394578153,10.627709399996093,10.3125,63546,300,1,0.09999999999999999,0.1,0.8
ga_ls50_elites,GA 50% LS [LS on elites],test,test_1,0,2,44,-1,38.53336134096545,37.240273768696454,11.995860099996207,11.578125,78378,300,1,0.5,0.1,0.8
ga_ls100_elites,GA 100% LS [LS on elites],test,test_1,0,2,44,-1,37.1093589015211,35.87563645188906,10.632041700009722,10.359375,96000,300,1,1.0,0.1,0.8
ga_sched_elites,GA scheduled LS [LS on elites],test,test_1,0,2,44,-1,39.07905120106514,37.5602915266297,12.100383900018642,11.71875,79152,300,1,0.5333333333333333,0.1,0.8
rlga_elites,RL-GA [LS on elites],test,test_1,0,2,44,2,41.02790106042532,39.393651250080126,14.228611799975624,13.65625,86340,300,1,0.7326666666666667,0.0775,0.765625
ga_ls00,GA no LS,test,test_1,0,3,45,-1,45.01523677260396,43.46326125347235,8.917808500002138,8.796875,60000,300,1,0.0,0.1,0.8
ga_ls10_offspring,GA 10% LS [LS on offspring],test,test_1,0,3,45,-1,37.9359151150149,36.44686687093878,9.77909309999086,9.515625,76302,300,1,0.09999999999999999,0.1,0.8
ga_ls50_offspring,GA 50% LS [LS on offspring],test,test_1,0,3,45,-1,41.45603631770829,39.761220148763215,14.079097699985141,13.671875,140778,300,1,0.5,0.1,0.8
ga_ls100_offspring,GA 100% LS [LS on offspring],test,test_1,0,3,45,-1,45.49893620865438,44.13683519937715,14.608807699987665,14.3125,222000,300,1,1.0,0.1,0.8
ga_sched_offspring,GA scheduled LS [LS on offspring],test,test_1,0,3,45,-1,37.88696174730531,36.40077508881352,12.235103899991373,11.890625,146526,300,1,0.5333333333333333,0.1,0.8
rlga_offspring,RL-GA [LS on offspring],test,test_1,0,3,45,0,41.232019576962216,39.740184621451014,15.320198900008108,14.96875,182262,300,1,0.7514583333333333,0.08984375,0.7796875000000001
ga_ls10_elites,GA 10% LS [LS on elites],test,test_1,0,3,45,-1,39.05444721046491,37.44737789707323,11.001055200002156,10.765625,63480,300,1,0.09999999999999999,0.1,0.8
ga_ls50_elites,GA 50% LS [LS on elites],test,test_1,0,3,45,-1,40.6153946878932,39.19882840048002,12.853541899996344,12.6875,78270,300,1,0.5,0.1,0.8
ga_ls100_elites,GA 100% LS [LS on elites],test,test_1,0,3,45,-1,38.84001203020505,37.31576907164942,15.554376500018407,15.140625,96000,300,1,1.0,0.1,0.8
ga_sched_elites,GA scheduled LS [LS on elites],test,test_1,0,3,45,-1,38.465678668064804,37.16720123319461,12.98877039999934,12.765625,79434,300,1,0.5333333333333333,0.1,0.8
rlga_elites,RL-GA [LS on elites],test,test_1,0,3,45,0,36.253408086659896,34.91925081719497,9.679660299996613,9.453125,87402,300,1,0.7628255208333334,0.13421875,0.7921875
ga_ls00,GA no LS,test,test_1,0,4,46,-1,40.519320806475136,38.84220677463089,8.779609600023832,8.546875,60000,300,1,0.0,0.1,0.8
ga_ls10_offspring,GA 10% LS [LS on offspring],test,test_1,0,4,46,-1,36.98871659640212,35.46711959897046,9.50661549999495,9.296875,76086,300,1,0.09999999999999999,0.1,0.8
ga_ls50_offspring,GA 50% LS [LS on offspring],test,test_1,0,4,46,-1,37.885118331430164,36.27963948511263,14.69068870000774,14.390625,141372,300,1,0.5,0.1,0.8
ga_ls100_offspring,GA 100% LS [LS on offspring],test,test_1,0,4,46,-1,36.63289090994949,35.052079086079026,16.39454320000368,16.078125,222000,300,1,1.0,0.1,0.8
ga_sched_offspring,GA scheduled LS [LS on offspring],test,test_1,0,4,46,-1,36.49499069746661,34.986848002296696,12.146697399992263,11.734375,146298,300,1,0.5333333333333333,0.1,0.8
rlga_offspring,RL-GA [LS on offspring],test,test_1,0,4,46,1,35.76049866932209,34.15350447401497,12.000322800013237,11.734375,102294,300,1,0.2613366038004557,0.09717574089765549,0.925
ga_ls10_elites,GA 10% LS [LS on elites],test,test_1,0,4,46,-1,43.33951265718978,41.27682382553432,10.06102260001353,9.890625,63774,300,1,0.09999999999999999,0.1,0.8
ga_ls50_elites,GA 50% LS [LS on elites],test,test_1,0,4,46,-1,37.31051508955867,35.75973976896937,12.820074399991427,12.46875,77958,300,1,0.5,0.1,0.8
ga_ls100_elites,GA 100% LS [LS on elites],test,test_1,0,4,46,-1,40.24337514760801,38.355477863166946,12.869390099978773,12.625,96000,300,1,1.0,0.1,0.8
ga_sched_elites,GA scheduled LS [LS on elites],test,test_1,0,4,46,-1,42.802534116835055,40.757479523646296,11.189149499987252,11.03125,78972,300,1,0.5333333333333333,0.1,0.8
rlga_elites,RL-GA [LS on elites],test,test_1,0,4,46,1,40.014264035651735,38.257875711618794,11.57215960000758,11.28125,83802,300,1,0.6660625,0.11094814300537108,0.75625
ga_ls00,GA no LS,test,test_1,0,5,47,-1,46.289089381733724,44.520535793527635,9.660223100014264,9.5,60000,300,1,0.0,0.1,0.8
ga_ls10_offspring,GA 10% LS [LS on offspring],test,test_1,0,5,47,-1,40.06969610636151,38.49727236949148,10.30217830001493,10.09375,76278,300,1,0.09999999999999999,0.1,0.8
ga_ls50_offspring,GA 50% LS [LS on offspring],test,test_1,0,5,47,-1,43.43682634703505,42.00420070999339,14.902446699998109,14.640625,141666,300,1,0.5,0.1,0.8
ga_ls100_offspring,GA 100% LS [LS on offspring],test,test_1,0,5,47,-1,35.8849887664524,34.53627218432791,15.646776000008686,15.21875,222000,300,1,1.0,0.1,0.8
ga_sched_offspring,GA scheduled LS [LS on offspring],test,test_1,0,5,47,-1,38.6740815059944,36.94343926976551,13.618948899995303,13.28125,146754,300,1,0.5333333333333333,0.1,0.8
rlga_offspring,RL-GA [LS on offspring],test,test_1,0,5,47,2,37.481672582767736,35.819952015988854,13.621249599993462,13.3125,129060,300,1,0.424,0.061279296875,0.8999999999999999
ga_ls10_elites,GA 10% LS [LS on elites],test,test_1,0,5,47,-1,45.21406617708243,43.670694401383216,8.844989500008523,8.671875,63762,300,1,0.09999999999999999,0.1,0.8
ga_ls50_elites,GA 50% LS [LS on elites],test,test_1,0,5,47,-1,48.5524924708223,46.85613903987147,9.829103600000963,9.578125,77466,300,1,0.5,0.1,0.8
ga_ls100_elites,GA 100% LS [LS on elites],test,test_1,0,5,47,-1,37.70915587279846,36.56931723262989,13.7404455000069,13.5,96000,300,1,1.0,0.1,0.8
ga_sched_elites,GA scheduled LS [LS on elites],test,test_1,0,5,47,-1,45.18628604971914,43.64813775384617,9.534029999980703,9.328125,79398,300,1,0.5333333333333333,0.1,0.8
rlga_elites,RL-GA [LS on elites],test,test_1,0,5,47,2,41.53534804707657,39.75808325663843,10.529129600006854,10.265625,84450,300,1,0.6810625000000001,0.0721875,0.6371093749999999
ga_ls00,GA no LS,test,test_1,0,6,48,-1,35.92528296591596,34.36856891859223,9.707838800008176,9.53125,60000,300,1,0.0,0.1,0.8
ga_ls10_offspring,GA 10% LS [LS on offspring],test,test_1,0,6,48,-1,34.08469472734808,32.518166509970435,11.023552699974971,10.765625,75912,300,1,0.09999999999999999,0.1,0.8
ga_ls50_offspring,GA 50% LS [LS on offspring],test,test_1,0,6,48,-1,35.38745556251451,33.6458174060434,12.219425799994497,11.96875,140934,300,1,0.5,0.1,0.8
ga_ls100_offspring,GA 100% LS [LS on offspring],test,test_1,0,6,48,-1,34.561676031405945,32.98568184191491,16.688842000003206,16.28125,222000,300,1,1.0,0.1,0.8
ga_sched_offspring,GA scheduled LS [LS on offspring],test,test_1,0,6,48,-1,34.23100358679202,32.67614628845651,15.120329400000628,14.765625,146286,300,1,0.5333333333333333,0.1,0.8
rlga_offspring,RL-GA [LS on offspring],test,test_1,0,6,48,0,41.020286074911034,39.48536764044846,11.917945299996063,11.625,129318,300,1,0.42353125,0.0874493408203125,0.7895996093750001
ga_ls10_elites,GA 10% LS [LS on elites],test,test_1,0,6,48,-1,39.756426039177285,38.128716989648346,9.676401000004262,9.40625,63780,300,1,0.09999999999999999,0.1,0.8
ga_ls50_elites,GA 50% LS [LS on elites],test,test_1,0,6,48,-1,31.77592203799025,30.2829943721351,10.99399230000563,10.578125,77958,300,1,0.5,0.1,0.8
ga_ls100_elites,GA 100% LS [LS on elites],test,test_1,0,6,48,-1,39.7921173324185,38.38022901482836,10.808940799994161,10.5625,96000,300,1,1.0,0.1,0.8
ga_sched_elites,GA scheduled LS [LS on elites],test,test_1,0,6,48,-1,41.694742874596656,39.8072080895596,9.95102079998469,9.796875,79434,300,1,0.5333333333333333,0.1,0.8
rlga_elites,RL-GA [LS on elites],test,test_1,0,6,48,0,34.02430453335449,32.72132152803631,10.529924800008303,10.28125,90390,300,1,0.8450416666666666,0.11875000000000001,0.73125
ga_ls00,GA no LS,test,test_1,0,7,49,-1,34.95718099204097,33.67266383018335,11.349421699997038,11.125,60000,300,1,0.0,0.1,0.8
ga_ls10_offspring,GA 10% LS [LS on offspring],test,test_1,0,7,49,-1,40.661417236269116,39.24563329815841,10.163334899989422,9.953125,76782,300,1,0.09999999999999999,0.1,0.8
ga_ls50_offspring,GA 50% LS [LS on offspring],test,test_1,0,7,49,-1,44.54100139569058,42.71712411180928,12.639853900007438,12.359375,141312,300,1,0.5,0.1,0.8
ga_ls100_offspring,GA 100% LS [LS on offspring],test,test_1,0,7,49,-1,41.02124134195971,39.26743261065825,14.99416529998416,14.65625,222000,300,1,1.0,0.1,0.8
ga_sched_offspring,GA scheduled LS [LS on offspring],test,test_1,0,7,49,-1,39.08472201349579,37.7311676362461,15.487126299994998,15.140625,146616,300,1,0.5333333333333333,0.1,0.8
rlga_offspring,RL-GA [LS on offspring],test,test_1,0,7,49,1,41.546306369434674,39.890326531012754,10.749604799988447,10.546875,91338,300,1,0.19237491861979167,0.07628906249941793,0.8375
ga_ls10_elites,GA 10% LS [LS on elites],test,test_1,0,7,49,-1,43.16347459360587,41.78552890033255,9.664041300013196,9.53125,63858,300,1,0.09999999999999999,0.1,0.8
ga_ls50_elites,GA 50% LS [LS on elites],test,test_1,0,7,49,-1,35.48033716270305,34.03607686195792,10.926631700014696,10.78125,78270,300,1,0.5,0.1,0.8
ga_ls100_elites,GA 100% LS [LS on elites],test,test_1,0,7,49,-1,45.39066066074837,43.75248740615448,11.877491199993528,11.65625,96000,300,1,1.0,0.1,0.8
ga_sched_elites,GA scheduled LS [LS on elites],test,test_1,0,7,49,-1,42.908782996507995,41.53691341681118,10.972377900005085,10.65625,79188,300,1,0.5333333333333333,0.1,0.8
rlga_elites,RL-GA [LS on elites],test,test_1,0,7,49,1,33.62961467438138,32.025704957750996,11.9905270000163,11.75,92952,300,1,0.9124166666666665,0.1425,0.5
ga_ls00,GA no LS,test,test_1,0,8,50,-1,37.4978214091922,35.705500263812255,9.952506900008302,9.84375,60000,300,1,0.0,0.1,0.8
ga_ls10_offspring,GA 10% LS [LS on offspring],test,test_1,0,8,50,-1,35.61982121628627,33.98731146547028,9.31436630000826,9.171875,76458,300,1,0.09999999999999999,0.1,0.8
ga_ls50_offspring,GA 50% LS [LS on offspring],test,test_1,0,8,50,-1,35.5300039243779,34.07230498903971,14.317571799998404,14.078125,140928,300,1,0.5,0.1,0.8
ga_ls100_offspring,GA 100% LS [LS on offspring],test,test_1,0,8,50,-1,34.295678445593076,32.761231058321535,14.668512599979294,14.234375,222000,300,1,1.0,0.1,0.8
ga_sched_offspring,GA scheduled LS [LS on offspring],test,test_1,0,8,50,-1,34.80575621124224,33.21290476313576,11.971605999977328,11.78125,146532,300,1,0.5333333333333333,0.1,0.8
rlga_offspring,RL-GA [LS on offspring],test,test_1,0,8,50,2,33.35535726152216,31.938857973122786,11.842069700011052,11.578125,149952,300,1,0.5548333333333334,0.0965625,0.5749999999999997
ga_ls10_elites,GA 10% LS [LS on elites],test,test_1,0,8,50,-1,35.60915029992634,34.134522682912426,10.002501300012227,9.8125,63648,300,1,0.09999999999999999,0.1,0.8
ga_ls50_elites,GA 50% LS [LS on elites],test,test_1,0,8,50,-1,44.640720505985755,43.19970145295174,9.336496000003535,9.109375,78018,300,1,0.5,0.1,0.8
ga_ls100_elites,GA 100% LS [LS on elites],test,test_1,0,8,50,-1,39.68317366697084,37.99286528790421,12.841819499997655,12.609375,96000,300,1,1.0,0.1,0.8
ga_sched_elites,GA scheduled LS [LS on elites],test,test_1,0,8,50,-1,35.501812085748654,34.02764948037686,11.831471900019096,11.53125,79338,300,1,0.5333333333333333,0.1,0.8
rlga_elites,RL-GA [LS on elites],test,test_1,0,8,50,2,32.766984712252025,31.35085961776191,12.186738899996271,11.96875,87246,300,1,0.7479999999999999,0.08156250000000001,0.8500000000000001
ga_ls00,GA no LS,test,test_1,0,9,51,-1,38.43422886829278,37.35679816562422,8.566690899984678,8.296875,60000,300,1,0.0,0.1,0.8
ga_ls10_offspring,GA 10% LS [LS on offspring],test,test_1,0,9,51,-1,40.93173468971371,39.33350191021802,9.208327700005611,9.0,76170,300,1,0.09999999999999999,0.1,0.8
ga_ls50_offspring,GA 50% LS [LS on offspring],test,test_1,0,9,51,-1,40.549369689861315,38.974649958310096,13.845100700011244,13.578125,140250,300,1,0.5,0.1,0.8
ga_ls100_offspring,GA 100% LS [LS on offspring],test,test_1,0,9,51,-1,37.73736236164223,36.275504298977545,14.799867699999595,14.578125,222000,300,1,1.0,0.1,0.8
ga_sched_offspring,GA scheduled LS [LS on offspring],test,test_1,0,9,51,-1,40.79907314396415,39.208855797882116,11.875962599995546,11.609375,146178,300,1,0.5333333333333333,0.1,0.8
rlga_offspring,RL-GA [LS on offspring],test,test_1,0,9,51,0,42.91831130153749,41.15058273037141,12.590023900003871,12.453125,128652,300,1,0.42214973958333335,0.035879390239715564,0.95
ga_ls10_elites,GA 10% LS [LS on elites],test,test_1,0,9,51,-1,37.23927661541999,35.63722211819667,9.889409199997317,9.765625,63714,300,1,0.09999999999999999,0.1,0.8
ga_ls50_elites,GA 50% LS [LS on elites],test,test_1,0,9,51,-1,46.983903127583424,45.61202986718401,9.879413099988597,9.765625,77742,300,1,0.5,0.1,0.8
ga_ls100_elites,GA 100% LS [LS on elites],test,test_1,0,9,51,-1,36.53541978798749,34.960745290913394,10.613061699987156,10.453125,96000,300,1,1.0,0.1,0.8
ga_sched_elites,GA scheduled LS [LS on elites],test,test_1,0,9,51,-1,37.037835863554854,35.44179483906415,11.188272499974119,11.03125,79212,300,1,0.5333333333333333,0.1,0.8
rlga_elites,RL-GA [LS on elites],test,test_1,0,9,51,0,35.1107826767674,33.629062756351665,11.431219399994006,11.25,85650,300,1,0.7114583333333333,0.14625,0.7546875
ga_ls00,GA no LS,test,test_2,1,0,142,-1,35.091657418543285,33.53105891321113,8.522142000001622,8.34375,60000,300,1,0.0,0.1,0.8
ga_ls10_offspring,GA 10% LS [LS on offspring],test,test_2,1,0,142,-1,39.361576655438085,37.883208979384385,12.190941600012593,11.96875,76098,300,1,0.09999999999999999,0.1,0.8
ga_ls50_offspring,GA 50% LS [LS on offspring],test,test_2,1,0,142,-1,31.45967904392169,29.849734113933337,13.896727299987106,13.796875,141576,300,1,0.5,0.1,0.8
ga_ls100_offspring,GA 100% LS [LS on offspring],test,test_2,1,0,142,-1,33.13837121477402,31.775227416385206,14.92483259999426,14.765625,222000,300,1,1.0,0.1,0.8
ga_sched_offspring,GA scheduled LS [LS on offspring],test,test_2,1,0,142,-1,39.28154034260658,37.80231822254134,16.96838679999928,16.875,146310,300,1,0.5333333333333333,0.1,0.8
rlga_offspring,RL-GA [LS on offspring],test,test_2,1,0,142,0,44.20932532662456,42.583096232826676,12.466541000001598,12.375,127734,300,1,0.41886328125,0.10874988079071045,0.7265603065490722
ga_ls10_elites,GA 10% LS [LS on elites],test,test_2,1,0,142,-1,36.30216836290194,34.5674368942112,10.061607599986019,9.953125,63528,300,1,0.09999999999999999,0.1,0.8
ga_ls50_elites,GA 50% LS [LS on elites],test,test_2,1,0,142,-1,37.91925004727914,36.41040475888418,11.374242999998387,11.296875,77862,300,1,0.5,0.1,0.8
ga_ls100_elites,GA 100% LS [LS on elites],test,test_2,1,0,142,-1,37.542414002238665,36.23523353653391,12.294147099979455,12.15625,96000,300,1,1.0,0.1,0.8
ga_sched_elites,GA scheduled LS [LS on elites],test,test_2,1,0,142,-1,34.97794150272104,33.2444021630085,11.066031599999405,10.984375,79200,300,1,0.5333333333333333,0.1,0.8
rlga_elites,RL-GA [LS on elites],test,test_2,1,0,142,0,33.41861922288909,31.99793775729499,11.075657699984731,10.9375,84612,300,1,0.6840846354166666,0.100643310546875,0.799102783203125
ga_ls00,GA no LS,test,test_2,1,1,143,-1,32.15877432288313,30.74394166134492,9.653552099975059,9.609375,60000,300,1,0.0,0.1,0.8
ga_ls10_offspring,GA 10% LS [LS on offspring],test,test_2,1,1,143,-1,38.73826313469484,37.08915000825006,9.15665479999734,9.03125,76098,300,1,0.09999999999999999,0.1,0.8
ga_ls50_offspring,GA 50% LS [LS on offspring],test,test_2,1,1,143,-1,37.49671062560032,35.823380539967275,16.52612890000455,16.453125,140940,300,1,0.5,0.1,0.8
ga_ls100_offspring,GA 100% LS [LS on offspring],test,test_2,1,1,143,-1,29.60767233361383,28.033348639311043,16.79304780001985,16.703125,222000,300,1,1.0,0.1,0.8
ga_sched_offspring,GA scheduled LS [LS on offspring],test,test_2,1,1,143,-1,35.93675303529003,34.31870416746309,15.519058100006077,15.390625,146394,300,1,0.5333333333333333,0.1,0.8
rlga_offspring,RL-GA [LS on offspring],test,test_2,1,1,143,1,36.02001824179642,34.352184006951546,9.735608399991179,9.703125,90486,300,1,0.18577063620090484,0.12143920898438408,0.5218749999999999
ga_ls10_elites,GA 10% LS [LS on elites],test,test_2,1,1,143,-1,33.06567943593374,31.339753232224094,10.45659000001615,10.40625,63366,300,1,0.09999999999999999,0.1,0.8
ga_ls50_elites,GA 50% LS [LS on elites],test,test_2,1,1,143,-1,34.12031522415967,32.48965707961457,13.225198300002376,13.125,78078,300,1,0.5,0.1,0.8
ga_ls100_elites,GA 100% LS [LS on elites],test,test_2,1,1,143,-1,26.781962249384307,25.619227918383473,11.699711599998409,11.671875,96000,300,1,1.0,0.1,0.8
ga_sched_elites,GA scheduled LS [LS on elites],test,test_2,1,1,143,-1,33.103156344310214,31.446677902949165,13.487622799992096,13.421875,79092,300,1,0.5333333333333333,0.1,0.8
rlga_elites,RL-GA [LS on elites],test,test_2,1,1,143,1,36.21355738948791,34.264305139185204,12.218249000026844,12.1875,93078,300,1,0.9179999999999999,0.2687500000000001,0.7625000000000002
ga_ls00,GA no LS,test,test_2,1,2,144,-1,30.66039691103405,29.19905400146181,8.744407899997896,8.6875,60000,300,1,0.0,0.1,0.8
ga_ls10_offspring,GA 10% LS [LS on offspring],test,test_2,1,2,144,-1,29.928225488877523,28.44163503536625,9.886629699991317,9.796875,76548,300,1,0.09999999999999999,0.1,0.8
ga_ls50_offspring,GA 50% LS [LS on offspring],test,test_2,1,2,144,-1,29.424090451173548,28.071538524908842,12.034310500021093,11.9375,141648,300,1,0.5,0.1,0.8
ga_ls100_offspring,GA 100% LS [LS on offspring],test,test_2,1,2,144,-1,33.55417050638188,32.12812391400478,18.432222300005378,18.359375,222000,300,1,1.0,0.1,0.8
ga_sched_offspring,GA scheduled LS [LS on offspring],test,test_2,1,2,144,-1,30.773373354107488,29.214002485335456,11.745592399995076,11.65625,146718,300,1,0.5333333333333333,0.1,0.8
rlga_offspring,RL-GA [LS on offspring],test,test_2,1,2,144,2,29.907657468995463,28.62506327201752,12.369686299993191,12.28125,149124,300,1,0.5521041666666666,0.0803515625,0.2
ga_ls10_elites,GA 10% LS [LS on elites],test,test_2,1,2,144,-1,35.78364242560433,34.473478839479995,8.777249299979303,8.71875,63654,300,1,0.09999999999999999,0.1,0.8
ga_ls50_elites,GA 50% LS [LS on elites],test,test_2,1,2,144,-1,32.017678526063335,30.552310376452027,9.318027900008019,9.265625,78564,300,1,0.5,0.1,0.8
ga_ls100_elites,GA 100% LS [LS on elites],test,test_2,1,2,144,-1,38.28420175054637,36.625094954633866,13.451494599983562,13.359375,96000,300,1,1.0,0.1,0.8
ga_sched_elites,GA scheduled LS [LS on elites],test,test_2,1,2,144,-1,35.55285709024251,34.28317897407743,9.504825399984838,9.40625,79374,300,1,0.5333333333333333,0.1,0.8
rlga_elites,RL-GA [LS on elites],test,test_2,1,2,144,2,36.73212155029098,35.19924379426871,13.389663699985249,13.296875,79350,300,1,0.5357721354166667,0.09501556396484376,0.8223632812500001
ga_ls00,GA no LS,test,test_2,1,3,145,-1,34.52712687797321,32.98128583652169,9.401181900000665,9.328125,60000,300,1,0.0,0.1,0.8
ga_ls10_offspring,GA 10% LS [LS on offspring],test,test_2,1,3,145,-1,37.114890234779864,35.59358007372344,10.561870700010331,10.484375,76806,300,1,0.09999999999999999,0.1,0.8
ga_ls50_offspring,GA 50% LS [LS on offspring],test,test_2,1,3,145,-1,28.3489030991251,26.992510568391094,10.556226899992907,10.453125,141060,300,1,0.5,0.1,0.8
ga_ls100_offspring,GA 100% LS [LS on offspring],test,test_2,1,3,145,-1,32.739780359295445,31.247568293031787,14.8819406000257,14.765625,222000,300,1,1.0,0.1,0.8
ga_sched_offspring,GA scheduled LS [LS on offspring],test,test_2,1,3,145,-1,36.97629143868815,35.479337095664135,15.095215200009989,15.015625,147084,300,1,0.5333333333333333,0.1,0.8
rlga_offspring,RL-GA [LS on offspring],test,test_2,1,3,145,0,35.571665985066964,34.15830328884543,10.837313600000925,10.765625,122226,300,1,0.38213216145833334,0.09960857629776002,0.8005945205688477
ga_ls10_elites,GA 10% LS [LS on elites],test,test_2,1,3,145,-1,34.03360520692727,32.57617792005782,7.335263599990867,7.265625,63366,300,1,0.09999999999999999,0.1,0.8
ga_ls50_elites,GA 50% LS [LS on elites],test,test_2,1,3,145,-1,38.16220794467519,36.67720906038283,10.644133399997372,10.59375,77826,300,1,0.5,0.1,0.8
ga_ls100_elites,GA 100% LS [LS on elites],test,test_2,1,3,145,-1,31.12813345951168,29.66686476930631,12.530085000005784,12.46875,96000,300,1,1.0,0.1,0.8
ga_sched_elites,GA scheduled LS [LS on elites],test,test_2,1,3,145,-1,33.903876370470094,32.454277081944866,7.932573500002036,7.875,79164,300,1,0.5333333333333333,0.1,0.8
rlga_elites,RL-GA [LS on elites],test,test_2,1,3,145,0,33.05197399696435,31.708409425699898,8.276724600000307,8.171875,86400,300,1,0.7317916666666666,0.1370458984375,0.7967773437500001
ga_ls00,GA no LS,test,test_2,1,4,146,-1,44.225983669438804,42.61750682595986,6.827126499993028,6.765625,60000,300,1,0.0,0.1,0.8
ga_ls10_offspring,GA 10% LS [LS on offspring],test,test_2,1,4,146,-1,37.231399660331405,35.55822363244746,7.675268300023163,7.640625,76260,300,1,0.09999999999999999,0.1,0.8
ga_ls50_offspring,GA 50% LS [LS on offspring],test,test_2,1,4,146,-1,30.49612803607193,28.947386372234803,11.50481410001521,11.453125,140760,300,1,0.5,0.1,0.8
ga_ls100_offspring,GA 100% LS [LS on offspring],test,test_2,1,4,146,-1,37.336208240846496,35.84327128564694,12.111479999992298,12.03125,222000,300,1,1.0,0.1,0.8
ga_sched_offspring,GA scheduled LS [LS on offspring],test,test_2,1,4,146,-1,35.783408780986335,34.10536747484022,11.34477780002635,11.3125,146046,300,1,0.5333333333333333,0.1,0.8
rlga_offspring,RL-GA [LS on offspring],test,test_2,1,4,146,1,30.92091783583247,29.557560890494308,14.401379199989606,14.359375,135528,300,1,0.4670371805826823,0.065,0.7374999999999999
ga_ls10_elites,GA 10% LS [LS on elites],test,test_2,1,4,146,-1,33.49622158040935,31.787544594025825,7.797491000004811,7.78125,63996,300,1,0.09999999999999999,0.1,0.8
ga_ls50_elites,GA 50% LS [LS on elites],test,test_2,1,4,146,-1,37.088432572212874,36.07081958492234,7.699413499998627,7.625,77700,300,1,0.5,0.1,0.8
ga_ls100_elites,GA 100% LS [LS on elites],test,test_2,1,4,146,-1,39.57563570529797,37.82966461739157,9.837019800004782,9.796875,96000,300,1,1.0,0.1,0.8
ga_sched_elites,GA scheduled LS [LS on elites],test,test_2,1,4,146,-1,31.006679247380774,29.429807782382763,8.55814310000278,8.515625,79326,300,1,0.5333333333333333,0.1,0.8
rlga_elites,RL-GA [LS on elites],test,test_2,1,4,146,1,31.509049445498736,30.018243167555106,13.025481800024863,12.96875,93294,300,1,0.9259999999999998,0.13999999999999999,1.0
ga_ls00,GA no LS,test,test_2,1,5,147,-1,33.819597466543215,32.17619691533874,8.462589400005527,8.421875,60000,300,1,0.0,0.1,0.8
ga_ls10_offspring,GA 10% LS [LS on offspring],test,test_2,1,5,147,-1,36.30855303306487,34.66256937777706,8.469492500007618,8.421875,75540,300,1,0.09999999999999999,0.1,0.8
ga_ls50_offspring,GA 50% LS [LS on offspring],test,test_2,1,5,147,-1,33.80673484395032,32.183107650936655,15.916522399988025,15.796875,141918,300,1,0.5,0.1,0.8
ga_ls100_offspring,GA 100% LS [LS on offspring],test,test_2,1,5,147,-1,34.606667187666496,32.95841857842457,15.275880400004098,15.21875,222000,300,1,1.0,0.1,0.8
ga_sched_offspring,GA scheduled LS [LS on offspring],test,test_2,1,5,147,-1,35.93245431665728,34.53293107763407,11.531947399984347,11.4375,146304,300,1,0.5333333333333333,0.1,0.8
rlga_offspring,RL-GA [LS on offspring],test,test_2,1,5,147,2,31.655852285706253,30.285107495582196,8.90996129999985,8.875,115950,300,1,0.34445833333333337,0.0955322265625,0.7312500000000001
ga_ls10_elites,GA 10% LS [LS on elites],test,test_2,1,5,147,-1,36.02669980653417,34.64645970001349,7.040985300001921,7.015625,63534,300,1,0.09999999999999999,0.1,0.8
ga_ls50_elites,GA 50% LS [LS on elites],test,test_2,1,5,147,-1,31.528153495046855,30.05623870839849,7.960931999987224,7.9375,77952,300,1,0.5,0.1,0.8
ga_ls100_elites,GA 100% LS [LS on elites],test,test_2,1,5,147,-1,35.05742642828149,33.49360433498059,11.981755900022108,11.90625,96000,300,1,1.0,0.1,0.8
ga_sched_elites,GA scheduled LS [LS on elites],test,test_2,1,5,147,-1,35.98451817285639,34.570758884339085,7.92404230000102,7.921875,79350,300,1,0.5333333333333333,0.1,0.8
rlga_elites,RL-GA [LS on elites],test,test_2,1,5,147,2,35.58613195386961,34.02064201304679,11.808298899995862,11.6875,87420,300,1,0.7575,0.0775,0.7625000000000001
ga_ls00,GA no LS,test,test_2,1,6,148,-1,33.34192960897345,31.931044381402625,7.089812800026266,7.0,60000,300,1,0.0,0.1,0.8
ga_ls10_offspring,GA 10% LS [LS on offspring],test,test_2,1,6,148,-1,35.00580719657921,33.67223834804089,8.741090399998939,8.734375,75810,300,1,0.09999999999999999,0.1,0.8
ga_ls50_offspring,GA 50% LS [LS on offspring],test,test_2,1,6,148,-1,32.11322649311424,30.41153423744561,9.597697699995479,9.53125,140364,300,1,0.5,0.1,0.8
ga_ls100_offspring,GA 100% LS [LS on offspring],test,test_2,1,6,148,-1,35.0017653069497,33.36216929601694,16.9994633999886,16.859375,222000,300,1,1.0,0.1,0.8
ga_sched_offspring,GA scheduled LS [LS on offspring],test,test_2,1,6,148,-1,35.881958285512155,34.50475344161807,12.166429300006712,12.125,146208,300,1,0.5333333333333333,0.1,0.8
rlga_offspring,RL-GA [LS on offspring],test,test_2,1,6,148,0,32.239884013296226,30.5856549272747,17.287626100005582,17.171875,209268,300,1,0.9233333333333333,0.095,0.925
ga_ls10_elites,GA 10% LS [LS on elites],test,test_2,1,6,148,-1,31.381155261091774,29.49674664866507,7.892835100006778,7.828125,63372,300,1,0.09999999999999999,0.1,0.8
ga_ls50_elites,GA 50% LS [LS on elites],test,test_2,1,6,148,-1,28.396398214848343,27.0937427560581,10.824809600017034,10.765625,78066,300,1,0.5,0.1,0.8
ga_ls100_elites,GA 100% LS [LS on elites],test,test_2,1,6,148,-1,33.32304446125198,31.88833404886167,8.626694699982181,8.59375,96000,300,1,1.0,0.1,0.8
ga_sched_elites,GA scheduled LS [LS on elites],test,test_2,1,6,148,-1,32.35498964755094,30.391879366905894,9.042013400001451,9.03125,79362,300,1,0.5333333333333333,0.1,0.8
rlga_elites,RL-GA [LS on elites],test,test_2,1,6,148,0,28.92618440145922,27.681270022905977,8.271351000003051,8.171875,89424,300,1,0.8136250000000002,0.10265625,0.72578125
ga_ls00,GA no LS,test,test_2,1,7,149,-1,34.240682505368845,32.572631039636605,7.606685499980813,7.53125,60000,300,1,0.0,0.1,0.8
ga_ls10_offspring,GA 10% LS [LS on offspring],test,test_2,1,7,149,-1,31.03985987348436,29.429116381560334,8.95344870002009,8.890625,75510,300,1,0.09999999999999999,0.1,0.8
ga_ls50_offspring,GA 50% LS [LS on offspring],test,test_2,1,7,149,-1,35.047680458906456,33.26233281343609,13.737642499996582,13.6875,141666,300,1,0.5,0.1,0.8
ga_ls100_offspring,GA 100% LS [LS on offspring],test,test_2,1,7,149,-1,35.24440752444582,33.65394520710342,17.133440600009635,17.015625,222000,300,1,1.0,0.1,0.8
ga_sched_offspring,GA scheduled LS [LS on offspring],test,test_2,1,7,149,-1,31.025649126622636,29.41380993718834,12.274139199987985,12.21875,146856,300,1,0.5333333333333333,0.1,0.8
rlga_offspring,RL-GA [LS on offspring],test,test_2,1,7,149,1,33.93574232285659,32.50043663330411,11.128276600007666,11.0625,142716,300,1,0.5103050371805828,0.0934765625,0.727734375
ga_ls10_elites,GA 10% LS [LS on elites],test,test_2,1,7,149,-1,38.01877784326375,36.65331001261769,7.955659799976274,7.890625,63516,300,1,0.09999999999999999,0.1,0.8
ga_ls50_elites,GA 50% LS [LS on elites],test,test_2,1,7,149,-1,32.9825289853188,31.58882221055216,9.557523499999661,9.53125,77916,300,1,0.5,0.1,0.8
ga_ls100_elites,GA 100% LS [LS on elites],test,test_2,1,7,149,-1,34.651265595703606,33.2713627445683,9.961192400020082,9.921875,96000,300,1,1.0,0.1,0.8
ga_sched_elites,GA scheduled LS [LS on elites],test,test_2,1,7,149,-1,37.90821534632234,36.53238429700638,8.956803899985971,8.9375,79128,300,1,0.5333333333333333,0.1,0.8
rlga_elites,RL-GA [LS on elites],test,test_2,1,7,149,1,30.07089725566434,28.809843404936093,10.283613799983868,10.21875,86442,300,1,0.7363045527140298,0.12644546725554393,0.6870603531133384
ga_ls00,GA no LS,test,test_2,1,8,150,-1,34.15186086377636,32.57437735544166,7.543779400002677,7.484375,60000,300,1,0.0,0.1,0.8
ga_ls10_offspring,GA 10% LS [LS on offspring],test,test_2,1,8,150,-1,30.927169903042127,29.540719815080475,7.973654999979772,7.921875,75840,300,1,0.09999999999999999,0.1,0.8
ga_ls50_offspring,GA 50% LS [LS on offspring],test,test_2,1,8,150,-1,37.89160201736154,36.39941979559162,11.997793199989246,11.9375,140970,300,1,0.5,0.1,0.8
ga_ls100_offspring,GA 100% LS [LS on offspring],test,test_2,1,8,150,-1,30.698935293446276,29.32691809767055,11.61146230000304,11.546875,222000,300,1,1.0,0.1,0.8
ga_sched_offspring,GA scheduled LS [LS on offspring],test,test_2,1,8,150,-1,32.12673157712377,30.758741062360464,11.743615999992471,11.5625,146358,300,1,0.5333333333333333,0.1,0.8
rlga_offspring,RL-GA [LS on offspring],test,test_2,1,8,150,2,34.39283761954695,32.74486756591457,15.55734310002299,15.34375,158520,300,1,0.6071666666666666,0.10625000000000001,0.35000000000000003
ga_ls10_elites,GA 10% LS [LS on elites],test,test_2,1,8,150,-1,35.20734100085142,33.695202748657586,7.124064800009364,7.109375,63396,300,1,0.09999999999999999,0.1,0.8
ga_ls50_elites,GA 50% LS [LS on elites],test,test_2,1,8,150,-1,33.50555465944376,32.12938709815282,9.339179700007662,9.28125,78594,300,1,0.5,0.1,0.8
ga_ls100_elites,GA 100% LS [LS on elites],test,test_2,1,8,150,-1,37.10249547176355,35.47639177959721,11.330833599990001,11.15625,96000,300,1,1.0,0.1,0.8
ga_sched_elites,GA scheduled LS [LS on elites],test,test_2,1,8,150,-1,34.868205618600356,33.36632447597873,8.13763400001335,8.015625,79248,300,1,0.5333333333333333,0.1,0.8
rlga_elites,RL-GA [LS on elites],test,test_2,1,8,150,2,32.133882352270305,30.527689602934483,12.155112600012217,12.078125,89166,300,1,0.814,0.0875,0.4749999999999999
ga_ls00,GA no LS,test,test_2,1,9,151,-1,32.89188003311101,31.31322460498257,8.645434200007003,8.578125,60000,300,1,0.0,0.1,0.8
ga_ls10_offspring,GA 10% LS [LS on offspring],test,test_2,1,9,151,-1,31.532444297359802,29.899201491233512,7.610386100015603,7.5,76332,300,1,0.09999999999999999,0.1,0.8
ga_ls50_offspring,GA 50% LS [LS on offspring],test,test_2,1,9,151,-1,32.61040932000664,31.064766808317835,9.90479449997656,9.875,140940,300,1,0.5,0.1,0.8
ga_ls100_offspring,GA 100% LS [LS on offspring],test,test_2,1,9,151,-1,34.806030861768946,33.31639262661984,12.394432800007053,12.28125,222000,300,1,1.0,0.1,0.8
ga_sched_offspring,GA scheduled LS [LS on offspring],test,test_2,1,9,151,-1,30.616203953537916,29.096025433331327,9.739434399991296,9.625,145974,300,1,0.5333333333333333,0.1,0.8
rlga_offspring,RL-GA [LS on offspring],test,test_2,1,9,151,0,31.059285851482507,29.60489923111055,11.13377399998717,11.046875,167388,300,1,0.6629583333333333,0.08515625,0.80625
ga_ls10_elites,GA 10% LS [LS on elites],test,test_2,1,9,151,-1,36.106219551707866,34.37569968082649,9.358844400005182,9.265625,63660,300,1,0.09999999999999999,0.1,0.8
ga_ls50_elites,GA 50% LS [LS on elites],test,test_2,1,9,151,-1,36.170080169874794,34.527591543979696,7.960443699994357,7.90625,78048,300,1,0.5,0.1,0.8
ga_ls100_elites,GA 100% LS [LS on elites],test,test_2,1,9,151,-1,32.75075766132241,31.305382274811222,11.394502300012391,11.296875,96000,300,1,1.0,0.1,0.8
ga_sched_elites,GA scheduled LS [LS on elites],test,test_2,1,9,151,-1,35.956698156519984,34.227185385334515,10.829218700004276,10.71875,79020,300,1,0.5333333333333333,0.1,0.8
rlga_elites,RL-GA [LS on elites],test,test_2,1,9,151,0,32.218632754514836,30.750603151724185,8.731318300007842,8.671875,77334,300,1,0.4824863313622772,0.130712890625,0.7351562498137354
ga_ls00,GA no LS,test,test_3,2,0,242,-1,32.11256688216115,30.686118004959482,7.329156499996316,7.265625,60000,300,1,0.0,0.1,0.8
ga_ls10_offspring,GA 10% LS [LS on offspring],test,test_3,2,0,242,-1,34.697976906317265,33.095286942296774,9.397889400017448,9.21875,76164,300,1,0.09999999999999999,0.1,0.8
ga_ls50_offspring,GA 50% LS [LS on offspring],test,test_3,2,0,242,-1,37.405621486284296,35.63632577914609,12.672001800005091,12.59375,140586,300,1,0.5,0.1,0.8
ga_ls100_offspring,GA 100% LS [LS on offspring],test,test_3,2,0,242,-1,35.64458506337383,33.82845602374358,17.160993500001496,17.046875,222000,300,1,1.0,0.1,0.8
ga_sched_offspring,GA scheduled LS [LS on offspring],test,test_3,2,0,242,-1,34.677760841982014,33.06638569771792,13.027465899998788,12.9375,145818,300,1,0.5333333333333333,0.1,0.8
rlga_offspring,RL-GA [LS on offspring],test,test_3,2,0,242,0,35.24986158393293,33.742564634504234,14.59002380000311,14.421875,162780,300,1,0.6336666666666666,0.095625,0.8390625
ga_ls10_elites,GA 10% LS [LS on elites],test,test_3,2,0,242,-1,36.82423943032545,34.85542888092721,8.533721499989042,8.375,63468,300,1,0.09999999999999999,0.1,0.8
ga_ls50_elites,GA 50% LS [LS on elites],test,test_3,2,0,242,-1,37.99681391616668,36.55977616641427,7.799713800020982,7.703125,78282,300,1,0.5,0.1,0.8
ga_ls100_elites,GA 100% LS [LS on elites],test,test_3,2,0,242,-1,35.04180110728217,33.24386069580771,11.187608799984446,11.125,96000,300,1,1.0,0.1,0.8
ga_sched_elites,GA scheduled LS [LS on elites],test,test_3,2,0,242,-1,37.75467071772113,35.963894787334446,9.111820799997076,9.0,79146,300,1,0.5333333333333333,0.1,0.8
rlga_elites,RL-GA [LS on elites],test,test_3,2,0,242,0,38.9475640651733,37.403135568801495,9.518061200011289,9.421875,85116,300,1,0.6970000000000001,0.1,0.8093750000000001
ga_ls00,GA no LS,test,test_3,2,1,243,-1,40.24228782333857,38.78798584352621,8.123961200006306,8.0625,60000,300,1,0.0,0.1,0.8
ga_ls10_offspring,GA 10% LS [LS on offspring],test,test_3,2,1,243,-1,39.131085192824216,37.77274914283941,7.493901500012726,7.4375,75996,300,1,0.09999999999999999,0.1,0.8
ga_ls50_offspring,GA 50% LS [LS on offspring],test,test_3,2,1,243,-1,34.51617763665018,32.78663108173799,11.739305900002364,11.65625,140910,300,1,0.5,0.1,0.8
ga_ls100_offspring,GA 100% LS [LS on offspring],test,test_3,2,1,243,-1,40.12334393175536,38.44955956397581,20.13202160000219,20.0,222000,300,1,1.0,0.1,0.8
ga_sched_offspring,GA scheduled LS [LS on offspring],test,test_3,2,1,243,-1,39.075788613196046,37.6572017298716,9.666792600008193,9.625,146700,300,1,0.5333333333333333,0.1,0.8
rlga_offspring,RL-GA [LS on offspring],test,test_3,2,1,243,1,31.889948459046717,30.36151952162173,7.660069700010354,7.609375,83718,300,1,0.14590057523721284,0.14440971344708942,0.85
ga_ls10_elites,GA 10% LS [LS on elites],test,test_3,2,1,243,-1,32.82634598856347,31.17923781367572,7.948707200004719,7.9375,63654,300,1,0.09999999999999999,0.1,0.8
ga_ls50_elites,GA 50% LS [LS on elites],test,test_3,2,1,243,-1,46.69120236761491,44.96417005168808,8.760887499985984,8.734375,77484,300,1,0.5,0.1,0.8
ga_ls100_elites,GA 100% LS [LS on elites],test,test_3,2,1,243,-1,38.086480375166424,36.125988565646225,10.21263649998582,10.140625,96000,300,1,1.0,0.1,0.8
ga_sched_elites,GA scheduled LS [LS on elites],test,test_3,2,1,243,-1,32.53184995342276,30.89817256103444,9.630362199997762,9.609375,79290,300,1,0.5333333333333333,0.1,0.8
rlga_elites,RL-GA [LS on elites],test,test_3,2,1,243,1,29.63558199065615,28.137935433397416,10.232307199999923,10.171875,86934,300,1,0.7469583333333333,0.11217529296875,0.71279296875
ga_ls00,GA no LS,test,test_3,2,2,244,-1,35.47951578984787,33.50335045786226,9.017984000005526,8.9375,60000,300,1,0.0,0.1,0.8
ga_ls10_offspring,GA 10% LS [LS on offspring],test,test_3,2,2,244,-1,33.51366856242502,31.93253466955005,9.19391309999628,9.171875,76098,300,1,0.09999999999999999,0.1,0.8
ga_ls50_offspring,GA 50% LS [LS on offspring],test,test_3,2,2,244,-1,35.211130293439844,33.90764177431657,9.561097500001779,9.53125,141672,300,1,0.5,0.1,0.8
ga_ls100_offspring,GA 100% LS [LS on offspring],test,test_3,2,2,244,-1,34.682945487787606,33.10331697339232,14.462851199990837,14.328125,222000,300,1,1.0,0.1,0.8
ga_sched_offspring,GA scheduled LS [LS on offspring],test,test_3,2,2,244,-1,33.54660940499178,31.92802595846162,12.96921250000014,12.921875,146496,300,1,0.5333333333333333,0.1,0.8
rlga_offspring,RL-GA [LS on offspring],test,test_3,2,2,244,2,33.86773576309757,32.25473043134512,9.715988000010839,9.671875,137952,300,1,0.4828333333333332,0.16494140625,0.7947265625000001
ga_ls10_elites,GA 10% LS [LS on elites],test,test_3,2,2,244,-1,33.3784491684792,31.637799093764716,9.398561099980725,9.40625,63786,300,1,0.09999999999999999,0.1,0.8
ga_ls50_elites,GA 50% LS [LS on elites],test,test_3,2,2,244,-1,33.9020219462719,32.392225930417354,10.27846309999586,10.203125,78246,300,1,0.5,0.1,0.8
ga_ls100_elites,GA 100% LS [LS on elites],test,test_3,2,2,244,-1,35.16358549899864,33.80332212949451,10.181471099989722,10.15625,96000,300,1,1.0,0.1,0.8
ga_sched_elites,GA scheduled LS [LS on elites],test,test_3,2,2,244,-1,33.40601868225845,31.651945937543445,10.900588399992557,10.84375,79074,300,1,0.5333333333333333,0.1,0.8
rlga_elites,RL-GA [LS on elites],test,test_3,2,2,244,2,33.55909762599243,31.866864290130756,12.16689170000609,12.109375,84792,300,1,0.6815833333333333,0.12203125000000001,0.8281250000000001
ga_ls00,GA no LS,test,test_3,2,3,245,-1,38.25652538971683,36.43890537003332,8.066806699993322,8.0625,60000,300,1,0.0,0.1,0.8
ga_ls10_offspring,GA 10% LS [LS on offspring],test,test_3,2,3,245,-1,39.672396787511815,38.04786811581778,9.62887720001163,9.578125,76068,300,1,0.09999999999999999,0.1,0.8
ga_ls50_offspring,GA 50% LS [LS on offspring],test,test_3,2,3,245,-1,31.831289606284972,30.34812025234467,10.763320700003533,10.71875,140436,300,1,0.5,0.1,0.8
ga_ls100_offspring,GA 100% LS [LS on offspring],test,test_3,2,3,245,-1,31.18928679041849,29.57744891287623,16.79273449999164,16.65625,222000,300,1,1.0,0.1,0.8
ga_sched_offspring,GA scheduled LS [LS on offspring],test,test_3,2,3,245,-1,38.95024466758342,37.51612139869857,13.514569399994798,13.390625,145962,300,1,0.5333333333333333,0.1,0.8
rlga_offspring,RL-GA [LS on offspring],test,test_3,2,3,245,0,45.88194778583741,44.52494511568229,12.47605240001576,12.359375,145074,300,1,0.5252845052083334,0.10859375,0.6953125
ga_ls10_elites,GA 10% LS [LS on elites],test,test_3,2,3,245,-1,38.07533008035513,36.22441860805507,7.680516499996884,7.640625,63822,300,1,0.09999999999999999,0.1,0.8
ga_ls50_elites,GA 50% LS [LS on elites],test,test_3,2,3,245,-1,31.073068112201558,29.577566148579137,9.322484700009227,9.234375,78192,300,1,0.5,0.1,0.8
ga_ls100_elites,GA 100% LS [LS on elites],test,test_3,2,3,245,-1,41.0228197081635,39.47850487723572,10.275630999996793,10.21875,96000,300,1,1.0,0.1,0.8
ga_sched_elites,GA scheduled LS [LS on elites],test,test_3,2,3,245,-1,35.58835340309459,33.79477854612428,8.159089799999492,8.140625,79260,300,1,0.5333333333333333,0.1,0.8
rlga_elites,RL-GA [LS on elites],test,test_3,2,3,245,0,43.254735335599,41.4014296150229,8.15159599998151,8.109375,83292,300,1,0.6472662760416668,0.07068878173828125,0.7071571350097656
ga_ls00,GA no LS,test,test_3,2,4,246,-1,30.410193430239044,28.83996381173242,9.504376800003229,9.40625,60000,300,1,0.0,0.1,0.8
ga_ls10_offspring,GA 10% LS [LS on offspring],test,test_3,2,4,246,-1,34.680106901562205,33.51461761572083,8.811624499998288,8.734375,76146,300,1,0.09999999999999999,0.1,0.8
ga_ls50_offspring,GA 50% LS [LS on offspring],test,test_3,2,4,246,-1,38.26961480465073,36.54971806229865,11.154424299980747,11.046875,141132,300,1,0.5,0.1,0.8
ga_ls100_offspring,GA 100% LS [LS on offspring],test,test_3,2,4,246,-1,39.12049661588471,37.56976192259747,16.60578680000617,16.46875,222000,300,1,1.0,0.1,0.8
ga_sched_offspring,GA scheduled LS [LS on offspring],test,test_3,2,4,246,-1,36.36646891845393,34.55917701397025,13.384893099981127,13.265625,146142,300,1,0.5333333333333333,0.1,0.8
rlga_offspring,RL-GA [LS on offspring],test,test_3,2,4,246,1,39.81939056256243,38.3293485886339,10.362585499999113,10.34375,90792,300,1,0.19217855160931746,0.16781123161824324,0.95
ga_ls10_elites,GA 10% LS [LS on elites],test,test_3,2,4,246,-1,34.768622680196884,33.221641306608966,8.202122200018493,8.109375,63540,300,1,0.09999999999999999,0.1,0.8
ga_ls50_elites,GA 50% LS [LS on elites],test,test_3,2,4,246,-1,33.616199663184396,32.14086695999819,9.380641299998388,9.3125,78408,300,1,0.5,0.1,0.8
ga_ls100_elites,GA 100% LS [LS on elites],test,test_3,2,4,246,-1,37.421774395341224,35.73896601391001,8.91165500000352,8.890625,96000,300,1,1.0,0.1,0.8
ga_sched_elites,GA scheduled LS [LS on elites],test,test_3,2,4,246,-1,34.627726885306814,33.09711094643895,9.389986900001531,9.234375,78888,300,1,0.5333333333333333,0.1,0.8
rlga_elites,RL-GA [LS on elites],test,test_3,2,4,246,1,32.29249202017809,30.787451739112797,8.91799170000013,8.828125,84348,300,1,0.6794900512695311,0.12582537669688462,0.994580125808716
ga_ls00,GA no LS,test,test_3,2,5,247,-1,29.530177862549,27.747043552426405,8.35108819999732,8.3125,60000,300,1,0.0,0.1,0.8
ga_ls10_offspring,GA 10% LS [LS on offspring],test,test_3,2,5,247,-1,31.985315561832056,30.625761021318603,7.575419900007546,7.5,76374,300,1,0.09999999999999999,0.1,0.8
ga_ls50_offspring,GA 50% LS [LS on offspring],test,test_3,2,5,247,-1,28.462324163464217,26.909732685447374,10.407769899989944,10.3125,141174,300,1,0.5,0.1,0.8
ga_ls100_offspring,GA 100% LS [LS on offspring],test,test_3,2,5,247,-1,33.29217642091828,31.87590000673261,18.892508899996756,18.6875,222000,300,1,1.0,0.1,0.8
ga_sched_offspring,GA scheduled LS [LS on offspring],test,test_3,2,5,247,-1,31.927459192384838,30.563996244834538,9.718029599986039,9.578125,146460,300,1,0.5333333333333333,0.1,0.8
rlga_offspring,RL-GA [LS on offspring],test,test_3,2,5,247,2,27.559568183619167,25.977523226618437,13.119091100001242,13.0,114480,300,1,0.3378125,0.05500000000000001,0.25
ga_ls10_elites,GA 10% LS [LS on elites],test,test_3,2,5,247,-1,29.24997804531486,27.78515678070342,8.014812999987043,7.921875,63462,300,1,0.09999999999999999,0.1,0.8
ga_ls50_elites,GA 50% LS [LS on elites],test,test_3,2,5,247,-1,36.49434029779492,35.015632603934385,8.855185099993832,8.796875,77772,300,1,0.5,0.1,0.8
ga_ls100_elites,GA 100% LS [LS on elites],test,test_3,2,5,247,-1,31.6920795982597,30.239979280540346,13.132829799986212,13.015625,96000,300,1,1.0,0.1,0.8
ga_sched_elites,GA scheduled LS [LS on elites],test,test_3,2,5,247,-1,28.76621884758846,27.255894475098383,8.924178599991137,8.90625,79338,300,1,0.5333333333333333,0.1,0.8
rlga_elites,RL-GA [LS on elites],test,test_3,2,5,247,2,28.85972752713318,27.16165331263998,11.413127300009364,11.28125,86700,300,1,0.7433333333333333,0.09,1.0
ga_ls00,GA no LS,test,test_3,2,6,248,-1,44.55676861096116,43.076578622879154,9.141949100012425,9.09375,60000,300,1,0.0,0.1,0.8
ga_ls10_offspring,GA 10% LS [LS on offspring],test,test_3,2,6,248,-1,38.258290952709714,36.69991279298747,9.580451400019228,9.5,75996,300,1,0.09999999999999999,0.1,0.8
ga_ls50_offspring,GA 50% LS [LS on offspring],test,test_3,2,6,248,-1,33.18144242178546,31.823456863365326,14.199474299995927,14.046875,141504,300,1,0.5,0.1,0.8
ga_ls100_offspring,GA 100% LS [LS on offspring],test,test_3,2,6,248,-1,34.27854322286247,32.65384306995647,18.28670470000361,18.125,222000,300,1,1.0,0.1,0.8
ga_sched_offspring,GA scheduled LS [LS on offspring],test,test_3,2,6,248,-1,38.18966921955581,36.635695297547635,13.177986299997428,13.078125,145842,300,1,0.5333333333333333,0.1,0.8
rlga_offspring,RL-GA [LS on offspring],test,test_3,2,6,248,0,45.59582978027324,43.80699482929967,12.025883099995553,11.875,143382,300,1,0.5116666666666667,0.06781249999999998,1.0
ga_ls10_elites,GA 10% LS [LS on elites],test,test_3,2,6,248,-1,37.33911912996279,35.59610738677233,7.729839800012996,7.65625,63402,300,1,0.09999999999999999,0.1,0.8
ga_ls50_elites,GA 50% LS [LS on elites],test,test_3,2,6,248,-1,41.11695370115888,39.55999279629792,8.887674500001594,8.859375,77628,300,1,0.5,0.1,0.8
ga_ls100_elites,GA 100% LS [LS on elites],test,test_3,2,6,248,-1,37.62999007260953,36.33440289374195,8.539553699985845,8.5,96000,300,1,1.0,0.1,0.8
ga_sched_elites,GA scheduled LS [LS on elites],test,test_3,2,6,248,-1,38.39406245964896,36.71163435935878,8.562272900016978,8.5,79164,300,1,0.5333333333333333,0.1,0.8
rlga_elites,RL-GA [LS on elites],test,test_3,2,6,248,0,38.945771927806746,37.43093340210741,9.763543900015065,9.6875,80154,300,1,0.5625625000000001,0.10056030273437501,0.799603271484375
ga_ls00,GA no LS,test,test_3,2,7,249,-1,34.90640942896603,33.046138698865285,7.974034000013489,7.890625,60000,300,1,0.0,0.1,0.8
ga_ls10_offspring,GA 10% LS [LS on offspring],test,test_3,2,7,249,-1,41.81695629725568,40.10876536151902,9.374545700004091,9.25,76620,300,1,0.09999999999999999,0.1,0.8
ga_ls50_offspring,GA 50% LS [LS on offspring],test,test_3,2,7,249,-1,33.458664542916864,31.89715400563983,9.751797000004444,9.671875,140508,300,1,0.5,0.1,0.8
ga_ls100_offspring,GA 100% LS [LS on offspring],test,test_3,2,7,249,-1,34.07005236223615,32.469466278829174,14.544058800005587,14.4375,222000,300,1,1.0,0.1,0.8
ga_sched_offspring,GA scheduled LS [LS on offspring],test,test_3,2,7,249,-1,41.63646112371146,39.90362105073095,12.950185199995758,12.875,146514,300,1,0.5333333333333333,0.1,0.8
rlga_offspring,RL-GA [LS on offspring],test,test_3,2,7,249,1,33.293064816086,32.14127991611983,8.917986999993445,8.890625,101778,300,1,0.2585021375020348,0.11753906250000001,0.8250000000000001
ga_ls10_elites,GA 10% LS [LS on elites],test,test_3,2,7,249,-1,33.53581205539028,31.723823936931243,7.996614200004842,7.9375,63510,300,1,0.09999999999999999,0.1,0.8
ga_ls50_elites,GA 50% LS [LS on elites],test,test_3,2,7,249,-1,28.975071127414854,27.458256931255654,10.677863500022795,10.59375,78594,300,1,0.5,0.1,0.8
ga_ls100_elites,GA 100% LS [LS on elites],test,test_3,2,7,249,-1,33.33348255375342,31.865465151103685,11.077743000001647,10.921875,96000,300,1,1.0,0.1,0.8
ga_sched_elites,GA scheduled LS [LS on elites],test,test_3,2,7,249,-1,33.78351597622787,31.99591568803716,9.143977700005053,9.0625,79314,300,1,0.5333333333333333,0.1,0.8
rlga_elites,RL-GA [LS on elites],test,test_3,2,7,249,1,38.799869999975,36.91594439263603,11.030352600006154,10.859375,91644,300,1,0.876,0.12605468749999998,0.790625
ga_ls00,GA no LS,test,test_3,2,8,250,-1,37.19523479715226,35.405993595503766,8.848706999997376,8.765625,60000,300,1,0.0,0.1,0.8
ga_ls10_offspring,GA 10% LS [LS on offspring],test,test_3,2,8,250,-1,35.88720563630732,34.05520939297949,9.570461600000272,9.484375,76284,300,1,0.09999999999999999,0.1,0.8
ga_ls50_offspring,GA 50% LS [LS on offspring],test,test_3,2,8,250,-1,32.1108227357245,30.291094079783758,12.906200600002194,12.765625,141240,300,1,0.5,0.1,0.8
ga_ls100_offspring,GA 100% LS [LS on offspring],test,test_3,2,8,250,-1,38.43338454360852,36.73291263944935,12.241529199993238,12.125,222000,300,1,1.0,0.1,0.8
ga_sched_offspring,GA scheduled LS [LS on offspring],test,test_3,2,8,250,-1,32.4777309300023,30.8357290311038,13.243690100003732,13.21875,146190,300,1,0.5333333333333333,0.1,0.8
rlga_offspring,RL-GA [LS on offspring],test,test_3,2,8,250,2,34.62793574208528,33.04645190163215,10.622112000011839,10.515625,82440,300,1,0.13943750000000002,0.1042425537109375,0.81207275390625
ga_ls10_elites,GA 10% LS [LS on elites],test,test_3,2,8,250,-1,40.47598537783069,38.68980455174742,8.153375199995935,8.09375,63780,300,1,0.09999999999999999,0.1,0.8
ga_ls50_elites,GA 50% LS [LS on elites],test,test_3,2,8,250,-1,34.64728896540866,32.83463081330285,9.584316699998453,9.5625,78204,300,1,0.5,0.1,0.8
ga_ls100_elites,GA 100% LS [LS on elites],test,test_3,2,8,250,-1,38.0137733217777,36.357949410395946,10.47951629999443,10.40625,96000,300,1,1.0,0.1,0.8
ga_sched_elites,GA scheduled LS [LS on elites],test,test_3,2,8,250,-1,40.17915814213132,38.42150246119951,9.216416300012497,9.203125,79134,300,1,0.5333333333333333,0.1,0.8
rlga_elites,RL-GA [LS on elites],test,test_3,2,8,250,2,42.03028594487419,40.38080499310724,7.950117600004887,7.890625,84630,300,1,0.6819583333333333,0.12679687499999998,0.8832031250000001
ga_ls00,GA no LS,test,test_3,2,9,251,-1,37.29156404684991,35.663824149756394,7.054053200001363,7.015625,60000,300,1,0.0,0.1,0.8
ga_ls10_offspring,GA 10% LS [LS on offspring],test,test_3,2,9,251,-1,35.68861580244258,34.01754609363348,7.719550800014986,7.671875,77058,300,1,0.09999999999999999,0.1,0.8
ga_ls50_offspring,GA 50% LS [LS on offspring],test,test_3,2,9,251,-1,34.50348831135528,32.810696755860995,13.147490800009109,13.046875,140394,300,1,0.5,0.1,0.8
ga_ls100_offspring,GA 100% LS [LS on offspring],test,test_3,2,9,251,-1,30.980411486311098,29.387916258567223,14.981479499983834,14.890625,222000,300,1,1.0,0.1,0.8
ga_sched_offspring,GA scheduled LS [LS on offspring],test,test_3,2,9,251,-1,34.30058471085225,32.6721945835614,10.59852560001309,10.546875,146304,300,1,0.5333333333333333,0.1,0.8
rlga_offspring,RL-GA [LS on offspring],test,test_3,2,9,251,0,33.04214221073259,31.245745494764574,12.486680800007889,12.359375,128496,300,1,0.42463564867774645,0.07718135802948381,0.9
ga_ls10_elites,GA 10% LS [LS on elites],test,test_3,2,9,251,-1,34.70870650179693,32.93649518228484,7.180630299990298,7.125,63780,300,1,0.09999999999999999,0.1,0.8
ga_ls50_elites,GA 50% LS [LS on elites],test,test_3,2,9,251,-1,35.15936538675336,33.25179071799903,10.155856299999868,10.0625,77958,300,1,0.5,0.1,0.8
ga_ls100_elites,GA 100% LS [LS on elites],test,test_3,2,9,251,-1,37.40176984903757,35.333958283814944,8.772586599981878,8.734375,96000,300,1,1.0,0.1,0.8
ga_sched_elites,GA scheduled LS [LS on elites],test,test_3,2,9,251,-1,34.74997822787575,33.06587075270601,8.12104879997787,8.078125,79380,300,1,0.5333333333333333,0.1,0.8
rlga_elites,RL-GA [LS on elites],test,test_3,2,9,251,0,37.403522378648326,35.817413328821615,10.013758899993263,9.96875,86208,300,1,0.7284166666666667,0.11484375000000001,0.8003173828125001
ga_ls00,GA no LS,test,test_4,3,0,342,-1,37.60919689016189,36.24097954177523,8.238662499992643,8.171875,60000,300,1,0.0,0.1,0.8
ga_ls10_offspring,GA 10% LS [LS on offspring],test,test_4,3,0,342,-1,26.07778276855783,24.562375256571002,9.167355100013083,9.125,75858,300,1,0.09999999999999999,0.1,0.8
ga_ls50_offspring,GA 50% LS [LS on offspring],test,test_4,3,0,342,-1,29.833060881345812,28.264172732869458,10.834161700011464,10.75,139656,300,1,0.5,0.1,0.8
ga_ls100_offspring,GA 100% LS [LS on offspring],test,test_4,3,0,342,-1,31.05023911580208,29.666291665806874,16.990682200004812,16.921875,222000,300,1,1.0,0.1,0.8
ga_sched_offspring,GA scheduled LS [LS on offspring],test,test_4,3,0,342,-1,25.75345967088637,24.260462759279577,12.609007799997926,12.5625,145494,300,1,0.5333333333333333,0.1,0.8
rlga_offspring,RL-GA [LS on offspring],test,test_4,3,0,342,0,30.769678329354143,29.136576992247758,15.187176399980672,15.078125,176340,300,1,0.7186666666666667,0.03374999999999999,1.0
ga_ls10_elites,GA 10% LS [LS on elites],test,test_4,3,0,342,-1,30.682666018937393,29.216615009015413,8.886289500020212,8.859375,63738,300,1,0.09999999999999999,0.1,0.8
ga_ls50_elites,GA 50% LS [LS on elites],test,test_4,3,0,342,-1,29.45827133334497,27.92102736577825,9.357656499982113,9.296875,78294,300,1,0.5,0.1,0.8
ga_ls100_elites,GA 100% LS [LS on elites],test,test_4,3,0,342,-1,29.71390578945846,28.431752216673782,11.868103899993002,11.8125,96000,300,1,1.0,0.1,0.8
ga_sched_elites,GA scheduled LS [LS on elites],test,test_4,3,0,342,-1,31.77703417322902,30.198759362788515,10.188657899998361,10.140625,79218,300,1,0.5333333333333333,0.1,0.8
rlga_elites,RL-GA [LS on elites],test,test_4,3,0,342,0,38.94244334977569,37.420415960321044,9.548767100000987,9.5,86898,300,1,0.7463203125,0.10455078125,0.7698486328125
ga_ls00,GA no LS,test,test_4,3,1,343,-1,34.77702080340788,33.34353346656788,7.378581500001019,7.3125,60000,300,1,0.0,0.1,0.8
ga_ls10_offspring,GA 10% LS [LS on offspring],test,test_4,3,1,343,-1,31.043260468050732,29.67635811593977,9.270587700011674,9.203125,76554,300,1,0.09999999999999999,0.1,0.8
ga_ls50_offspring,GA 50% LS [LS on offspring],test,test_4,3,1,343,-1,31.987364789037386,30.44439456053757,11.003315500012832,10.953125,141204,300,1,0.5,0.1,0.8
ga_ls100_offspring,GA 100% LS [LS on offspring],test,test_4,3,1,343,-1,30.0065652121804,28.69756558655088,18.918572599999607,18.703125,222000,300,1,1.0,0.1,0.8
ga_sched_offspring,GA scheduled LS [LS on offspring],test,test_4,3,1,343,-1,28.25686767517402,27.13398191327565,13.57325449999189,13.515625,146778,300,1,0.5333333333333333,0.1,0.8
rlga_offspring,RL-GA [LS on offspring],test,test_4,3,1,343,1,31.737513323089093,30.611403373754776,9.703231599996798,9.640625,102576,300,1,0.2610599191983541,0.1229815673828125,0.75069580078125
ga_ls10_elites,GA 10% LS [LS on elites],test,test_4,3,1,343,-1,34.82579932228754,33.24878159854484,8.121660600008909,8.078125,63402,300,1,0.09999999999999999,0.1,0.8
ga_ls50_elites,GA 50% LS [LS on elites],test,test_4,3,1,343,-1,30.280322630448484,28.995003485999362,7.925951499986695,7.875,78054,300,1,0.5,0.1,0.8
ga_ls100_elites,GA 100% LS [LS on elites],test,test_4,3,1,343,-1,26.569148822205953,25.45416859368872,10.376894399989396,10.3125,96000,300,1,1.0,0.1,0.8
ga_sched_elites,GA scheduled LS [LS on elites],test,test_4,3,1,343,-1,34.0898437380334,32.52823057240845,9.383392399991862,9.328125,79056,300,1,0.5333333333333333,0.1,0.8
rlga_elites,RL-GA [LS on elites],test,test_4,3,1,343,1,33.03373447396761,31.336022784386927,8.786335300013889,8.6875,79344,300,1,0.5401637685873563,0.10161648833192885,0.8000488521531225
ga_ls00,GA no LS,test,test_4,3,2,344,-1,32.59506784079842,31.101939799063842,7.1234381000103895,7.078125,60000,300,1,0.0,0.1,0.8
ga_ls10_offspring,GA 10% LS [LS on offspring],test,test_4,3,2,344,-1,32.54587335658229,31.104465169709083,9.682899999985239,9.625,76344,300,1,0.09999999999999999,0.1,0.8
ga_ls50_offspring,GA 50% LS [LS on offspring],test,test_4,3,2,344,-1,35.79933433570431,34.579070960018036,11.062364400015213,10.9375,140652,300,1,0.5,0.1,0.8
ga_ls100_offspring,GA 100% LS [LS on offspring],test,test_4,3,2,344,-1,29.347248872767842,27.72142179417945,17.14768520000507,16.96875,222000,300,1,1.0,0.1,0.8
ga_sched_offspring,GA scheduled LS [LS on offspring],test,test_4,3,2,344,-1,32.38580570731563,30.92592758180321,13.557217199995648,13.421875,146352,300,1,0.5333333333333333,0.1,0.8
rlga_offspring,RL-GA [LS on offspring],test,test_4,3,2,344,2,32.713212498564104,31.385205828507598,11.938033000013093,11.859375,128604,300,1,0.4263333333333333,0.160625,0.2
ga_ls10_elites,GA 10% LS [LS on elites],test,test_4,3,2,344,-1,28.683869747756194,27.51259327510179,7.286963599995943,7.140625,63588,300,1,0.09999999999999999,0.1,0.8
ga_ls50_elites,GA 50% LS [LS on elites],test,test_4,3,2,344,-1,32.87737560759117,31.38229147280058,9.058838600001764,8.953125,78204,300,1,0.5,0.1,0.8
ga_ls100_elites,GA 100% LS [LS on elites],test,test_4,3,2,344,-1,26.213425466172552,24.7652526021156,9.88981789999525,9.8125,96000,300,1,1.0,0.1,0.8
ga_sched_elites,GA scheduled LS [LS on elites],test,test_4,3,2,344,-1,28.60333116722698,27.433665957740793,9.749494299991056,9.65625,79218,300,1,0.5333333333333333,0.1,0.8
rlga_elites,RL-GA [LS on elites],test,test_4,3,2,344,2,29.01083495500681,27.6395758063644,11.565851000021212,11.453125,85716,300,1,0.7106666666666667,0.1,0.5
ga_ls00,GA no LS,test,test_4,3,3,345,-1,30.404465888690897,28.93087673893375,8.06994279997889,7.96875,60000,300,1,0.0,0.1,0.8
ga_ls10_offspring,GA 10% LS [LS on offspring],test,test_4,3,3,345,-1,30.15807636596113,28.825247051120353,9.293631900014589,9.21875,75834,300,1,0.09999999999999999,0.1,0.8
ga_ls50_offspring,GA 50% LS [LS on offspring],test,test_4,3,3,345,-1,33.54372757550323,31.705754417736532,11.289790800015908,11.15625,140472,300,1,0.5,0.1,0.8
ga_ls100_offspring,GA 100% LS [LS on offspring],test,test_4,3,3,345,-1,26.233393847991547,25.135041482867738,16.7373563000001,16.453125,222000,300,1,1.0,0.1,0.8
ga_sched_offspring,GA scheduled LS [LS on offspring],test,test_4,3,3,345,-1,29.348530859663565,28.009916978694953,13.210100299998885,13.046875,146274,300,1,0.5333333333333333,0.1,0.8
rlga_offspring,RL-GA [LS on offspring],test,test_4,3,3,345,0,36.381037223426695,34.76644711552475,9.663228999997955,9.609375,128556,300,1,0.4248953450520833,0.10010743089020252,0.6475227151066064
ga_ls10_elites,GA 10% LS [LS on elites],test,test_4,3,3,345,-1,30.639657293685037,29.08796546623283,8.077396900014719,8.03125,63648,300,1,0.09999999999999999,0.1,0.8
ga_ls50_elites,GA 50% LS [LS on elites],test,test_4,3,3,345,-1,27.666835369587613,26.33096416993079,7.880319999996573,7.828125,78066,300,1,0.5,0.1,0.8
ga_ls100_elites,GA 100% LS [LS on elites],test,test_4,3,3,345,-1,27.37116162202346,26.03790072482442,9.739664799999446,9.625,96000,300,1,1.0,0.1,0.8
ga_sched_elites,GA scheduled LS [LS on elites],test,test_4,3,3,345,-1,30.334049617890386,28.83730186395111,10.576370299997507,10.4375,79296,300,1,0.5333333333333333,0.1,0.8
rlga_elites,RL-GA [LS on elites],test,test_4,3,3,345,0,28.26737121407787,26.813737152650614,8.182295500009786,8.15625,86670,300,1,0.736,0.1130859375,0.7992187500000001
ga_ls00,GA no LS,test,test_4,3,4,346,-1,27.534932256755873,26.27051524410596,8.239681400009431,8.171875,60000,300,1,0.0,0.1,0.8
ga_ls10_offspring,GA 10% LS [LS on offspring],test,test_4,3,4,346,-1,32.90266699506684,31.29439513410658,8.81351460001315,8.703125,76404,300,1,0.09999999999999999,0.1,0.8
ga_ls50_offspring,GA 50% LS [LS on offspring],test,test_4,3,4,346,-1,34.934909357119594,33.74489169597097,12.65260760000092,12.390625,141216,300,1,0.5,0.1,0.8
ga_ls100_offspring,GA 100% LS [LS on offspring],test,test_4,3,4,346,-1,30.73232689685524,29.377367936699414,12.592225000000326,12.328125,222000,300,1,1.0,0.1,0.8
ga_sched_offspring,GA scheduled LS [LS on offspring],test,test_4,3,4,346,-1,30.481234109589373,28.976426644022652,12.080156299984083,11.71875,146868,300,1,0.5333333333333333,0.1,0.8
rlga_offspring,RL-GA [LS on offspring],test,test_4,3,4,346,1,29.079877594662634,27.553153494473662,10.668344100005925,10.375,87270,300,1,0.16729692862446888,0.11,0.9
ga_ls10_elites,GA 10% LS [LS on elites],test,test_4,3,4,346,-1,34.26934453300997,32.79147880379285,8.78305649998947,8.578125,63504,300,1,0.09999999999999999,0.1,0.8
ga_ls50_elites,GA 50% LS [LS on elites],test,test_4,3,4,346,-1,28.664947757140723,27.26288018136373,9.435803000000305,9.265625,77952,300,1,0.5,0.1,0.8
ga_ls100_elites,GA 100% LS [LS on elites],test,test_4,3,4,346,-1,33.210853569070366,31.51147008942955,9.02027989999624,8.765625,96000,300,1,1.0,0.1,0.8
ga_sched_elites,GA scheduled LS [LS on elites],test,test_4,3,4,346,-1,33.56120305698242,32.154151319137924,9.972099100006744,9.65625,79410,300,1,0.5333333333333333,0.1,0.8
rlga_elites,RL-GA [LS on elites],test,test_4,3,4,346,1,32.26070291082711,30.594085326369623,10.359212999988813,10.125,90318,300,1,0.8419166666666665,0.15925781249999998,0.8250000000000001
ga_ls00,GA no LS,test,test_4,3,5,347,-1,28.6097026111682,27.146996865075195,7.949331599986181,7.6875,60000,300,1,0.0,0.1,0.8
ga_ls10_offspring,GA 10% LS [LS on offspring],test,test_4,3,5,347,-1,29.926676860390963,28.393226904459457,9.094487399997888,8.84375,76746,300,1,0.09999999999999999,0.1,0.8
ga_ls50_offspring,GA 50% LS [LS on offspring],test,test_4,3,5,347,-1,30.839492830480925,29.294517197747364,9.970186199992895,9.75,140304,300,1,0.5,0.1,0.8
ga_ls100_offspring,GA 100% LS [LS on offspring],test,test_4,3,5,347,-1,31.732832175383916,30.484329154426213,17.810029299987946,17.515625,222000,300,1,1.0,0.1,0.8
ga_sched_offspring,GA scheduled LS [LS on offspring],test,test_4,3,5,347,-1,28.502979703743556,26.951749891750023,13.377616399986437,13.15625,146256,300,1,0.5333333333333333,0.1,0.8
rlga_offspring,RL-GA [LS on offspring],test,test_4,3,5,347,2,28.04822102401743,26.589739984679774,14.859558299998753,14.640625,124014,300,1,0.39433333333333337,0.08499999999999999,0.6
ga_ls10_elites,GA 10% LS [LS on elites],test,test_4,3,5,347,-1,32.36685432717443,30.48464325691267,8.698887200007448,8.5,63756,300,1,0.09999999999999999,0.1,0.8
ga_ls50_elites,GA 50% LS [LS on elites],test,test_4,3,5,347,-1,29.447296992345528,28.042706429950425,8.780804700014414,8.46875,77886,300,1,0.5,0.1,0.8
ga_ls100_elites,GA 100% LS [LS on elites],test,test_4,3,5,347,-1,28.594620716770336,27.265003136206488,10.68856449998566,10.3125,96000,300,1,1.0,0.1,0.8
ga_sched_elites,GA scheduled LS [LS on elites],test,test_4,3,5,347,-1,31.76154620817913,29.905179049091846,9.814410799997859,9.5,79416,300,1,0.5333333333333333,0.1,0.8
rlga_elites,RL-GA [LS on elites],test,test_4,3,5,347,2,31.617601546071587,30.289169524325064,13.733989100001054,13.40625,88860,300,1,0.8,0.03499999999999999,1.0
ga_ls00,GA no LS,test,test_4,3,6,348,-1,29.81499664103097,28.609521944220578,7.92551370000001,7.6875,60000,300,1,0.0,0.1,0.8
ga_ls10_offspring,GA 10% LS [LS on offspring],test,test_4,3,6,348,-1,29.715481907844804,28.187011472257197,8.83252190001076,8.6875,76050,300,1,0.09999999999999999,0.1,0.8
ga_ls50_offspring,GA 50% LS [LS on offspring],test,test_4,3,6,348,-1,29.200161538568167,27.826282334502128,12.992621799989138,12.859375,141666,300,1,0.5,0.1,0.8
ga_ls100_offspring,GA 100% LS [LS on offspring],test,test_4,3,6,348,-1,29.694793835329033,28.164890864777302,12.532608200010145,12.40625,222000,300,1,1.0,0.1,0.8
ga_sched_offspring,GA scheduled LS [LS on offspring],test,test_4,3,6,348,-1,29.813311796453224,28.202024465107534,14.091539299988654,13.90625,146418,300,1,0.5333333333333333,0.1,0.8
rlga_offspring,RL-GA [LS on offspring],test,test_4,3,6,348,0,23.57555769986391,22.133340480045195,16.390763700008392,16.25,163302,300,1,0.6374166666666666,0.05437499999999999,0.8406250000000001
ga_ls10_elites,GA 10% LS [LS on elites],test,test_4,3,6,348,-1,29.10241106396231,27.67328308214288,7.626324799988652,7.546875,63462,300,1,0.09999999999999999,0.1,0.8
ga_ls50_elites,GA 50% LS [LS on elites],test,test_4,3,6,348,-1,29.968588562768083,28.42516800016435,10.959591799997725,10.8125,77832,300,1,0.5,0.1,0.8
ga_ls100_elites,GA 100% LS [LS on elites],test,test_4,3,6,348,-1,35.72459239086308,34.043942830228715,10.328880099987146,10.203125,96000,300,1,1.0,0.1,0.8
ga_sched_elites,GA scheduled LS [LS on elites],test,test_4,3,6,348,-1,31.549242043656353,29.98634618494541,8.084849700011546,8.015625,79200,300,1,0.5333333333333333,0.1,0.8
rlga_elites,RL-GA [LS on elites],test,test_4,3,6,348,0,28.80656157418561,27.267086136609617,10.441872600000352,10.296875,82950,300,1,0.6379166666666667,0.159697265625,0.8484252929687501
ga_ls00,GA no LS,test,test_4,3,7,349,-1,35.72782604119258,33.963933911316786,9.372223500016844,9.265625,60000,300,1,0.0,0.1,0.8
ga_ls10_offspring,GA 10% LS [LS on offspring],test,test_4,3,7,349,-1,30.41886733364265,29.205820723638702,9.241332600009628,9.15625,76404,300,1,0.09999999999999999,0.1,0.8
ga_ls50_offspring,GA 50% LS [LS on offspring],test,test_4,3,7,349,-1,29.533166907542125,28.233470425649102,10.88646979999612,10.796875,140826,300,1,0.5,0.1,0.8
ga_ls100_offspring,GA 100% LS [LS on offspring],test,test_4,3,7,349,-1,29.150072307551188,27.553095670371313,16.943794999999227,16.71875,222000,300,1,1.0,0.1,0.8
ga_sched_offspring,GA scheduled LS [LS on offspring],test,test_4,3,7,349,-1,30.99541485144256,29.724470924493897,10.190415899996879,10.09375,146412,300,1,0.5333333333333333,0.1,0.8
rlga_offspring,RL-GA [LS on offspring],test,test_4,3,7,349,1,30.1537781511607,28.944157551415703,9.720002999994904,9.578125,80202,300,1,0.12410591634114584,0.08407958984375001,0.80625
ga_ls10_elites,GA 10% LS [LS on elites],test,test_4,3,7,349,-1,27.741474508834123,26.32909823253782,8.212545899994439,8.078125,63594,300,1,0.09999999999999999,0.1,0.8
ga_ls50_elites,GA 50% LS [LS on elites],test,test_4,3,7,349,-1,34.24012354115781,32.83013046118215,9.915759800001979,9.828125,78450,300,1,0.5,0.1,0.8
ga_ls100_elites,GA 100% LS [LS on elites],test,test_4,3,7,349,-1,31.60264897092597,30.382374644063443,13.200219700025627,13.140625,96000,300,1,1.0,0.1,0.8
ga_sched_elites,GA scheduled LS [LS on elites],test,test_4,3,7,349,-1,27.638887767102666,26.222769355970385,9.383186599996407,9.25,79212,300,1,0.5333333333333333,0.1,0.8
rlga_elites,RL-GA [LS on elites],test,test_4,3,7,349,1,34.39623933395581,32.91794833107315,8.427336299995659,8.3125,91968,300,1,0.8861666666666668,0.075,0.7250000000000001
ga_ls00,GA no LS,test,test_4,3,8,350,-1,29.652180935023118,28.320715468506634,7.15589700001874,7.0625,60000,300,1,0.0,0.1,0.8
ga_ls10_offspring,GA 10% LS [LS on offspring],test,test_4,3,8,350,-1,29.32131174457111,28.148242347228408,8.19871740002418,8.125,76404,300,1,0.09999999999999999,0.1,0.8
ga_ls50_offspring,GA 50% LS [LS on offspring],test,test_4,3,8,350,-1,30.539768947413034,29.10523442705655,10.076289399992675,9.9375,141216,300,1,0.5,0.1,0.8
ga_ls100_offspring,GA 100% LS [LS on offspring],test,test_4,3,8,350,-1,29.409601242894183,27.910636620772266,18.122102199995425,17.859375,222000,300,1,1.0,0.1,0.8
ga_sched_offspring,GA scheduled LS [LS on offspring],test,test_4,3,8,350,-1,28.839392289223692,27.710898481870665,10.650518800015561,10.515625,146556,300,1,0.5333333333333333,0.1,0.8
rlga_offspring,RL-GA [LS on offspring],test,test_4,3,8,350,2,26.445880564075136,25.261884829592283,8.061753999994835,8.03125,103140,300,1,0.2644583333333333,0.01,0.4691406249999998
ga_ls10_elites,GA 10% LS [LS on elites],test,test_4,3,8,350,-1,31.489266054830694,30.0562548131908,9.297906199994031,9.25,63654,300,1,0.09999999999999999,0.1,0.8
ga_ls50_elites,GA 50% LS [LS on elites],test,test_4,3,8,350,-1,27.60661579408177,26.13780767158913,9.86575329999323,9.75,78108,300,1,0.5,0.1,0.8
ga_ls100_elites,GA 100% LS [LS on elites],test,test_4,3,8,350,-1,27.605758989042272,26.4781819039786,8.59197259999928,8.53125,96000,300,1,1.0,0.1,0.8
ga_sched_elites,GA scheduled LS [LS on elites],test,test_4,3,8,350,-1,31.307806294554496,29.883196218605505,10.76852080001845,10.703125,79260,300,1,0.5333333333333333,0.1,0.8
rlga_elites,RL-GA [LS on elites],test,test_4,3,8,350,2,27.784653551320577,26.16855981237434,10.922705799981486,10.734375,86106,300,1,0.7246666666666667,0.09,0.32500000000000007
ga_ls00,GA no LS,test,test_4,3,9,351,-1,32.86718878042582,31.258960180782452,7.6622760000173,7.578125,60000,300,1,0.0,0.1,0.8
ga_ls10_offspring,GA 10% LS [LS on offspring],test,test_4,3,9,351,-1,34.734194689306904,33.355163086087636,7.759864399995422,7.6875,76350,300,1,0.09999999999999999,0.1,0.8
ga_ls50_offspring,GA 50% LS [LS on offspring],test,test_4,3,9,351,-1,27.05006379917989,25.743422756239497,12.527970499999356,12.421875,141126,300,1,0.5,0.1,0.8
ga_ls100_offspring,GA 100% LS [LS on offspring],test,test_4,3,9,351,-1,28.17567772950602,26.93176243467711,19.45480549999047,19.234375,222000,300,1,1.0,0.1,0.8
ga_sched_offspring,GA scheduled LS [LS on offspring],test,test_4,3,9,351,-1,34.57035804171037,33.21461996721088,9.904338899999857,9.734375,146748,300,1,0.5333333333333333,0.1,0.8
rlga_offspring,RL-GA [LS on offspring],test,test_4,3,9,351,0,35.88051244896549,34.32803236202784,13.58751859999029,13.5,154026,300,1,0.57875,0.08056640625,0.6929687499999999
ga_ls10_elites,GA 10% LS [LS on elites],test,test_4,3,9,351,-1,30.316095981315495,28.526912485565198,7.94744940000237,7.8125,63696,300,1,0.09999999999999999,0.1,0.8
ga_ls50_elites,GA 50% LS [LS on elites],test,test_4,3,9,351,-1,30.503493673914015,29.066545671451003,7.887803699995857,7.796875,77316,300,1,0.5,0.1,0.8
ga_ls100_elites,GA 100% LS [LS on elites],test,test_4,3,9,351,-1,36.655225068696964,35.40461086350251,8.422034600022016,8.265625,96000,300,1,1.0,0.1,0.8
ga_sched_elites,GA scheduled LS [LS on elites],test,test_4,3,9,351,-1,31.0871830751894,29.363912823620257,9.1891040999908,9.0625,79014,300,1,0.5333333333333333,0.1,0.8
rlga_elites,RL-GA [LS on elites],test,test_4,3,9,351,0,27.854519415935112,26.46958067645399,9.70759080001153,9.609375,82518,300,1,0.6291666666666667,0.07968749999999998,0.9109375000000002
ga_ls00,GA no LS,test,test_5,4,0,442,-1,37.402448931820274,35.75259262445273,7.8619351999950595,7.765625,60000,300,1,0.0,0.1,0.8
ga_ls10_offspring,GA 10% LS [LS on offspring],test,test_5,4,0,442,-1,37.244896073636355,35.43886880418156,9.09609300000011,9.0,76200,300,1,0.09999999999999999,0.1,0.8
ga_ls50_offspring,GA 50% LS [LS on offspring],test,test_5,4,0,442,-1,37.616581989785224,35.94478261765744,10.255193399993004,10.109375,141558,300,1,0.5,0.1,0.8
ga_ls100_offspring,GA 100% LS [LS on offspring],test,test_5,4,0,442,-1,36.47614419053145,34.6386681121821,19.420075700007146,19.109375,222000,300,1,1.0,0.1,0.8
ga_sched_offspring,GA scheduled LS [LS on offspring],test,test_5,4,0,442,-1,36.025252362228706,34.46972780282616,11.163738100003684,10.90625,146454,300,1,0.5333333333333333,0.1,0.8
rlga_offspring,RL-GA [LS on offspring],test,test_5,4,0,442,0,38.72877128999237,37.531699463444305,17.14309840000351,16.796875,198960,300,1,0.8575833333333333,0.080625,0.80625
ga_ls10_elites,GA 10% LS [LS on elites],test,test_5,4,0,442,-1,35.7987624464584,34.1962524273239,9.71773309999844,9.53125,63474,300,1,0.09999999999999999,0.1,0.8
ga_ls50_elites,GA 50% LS [LS on elites],test,test_5,4,0,442,-1,35.19286646744584,33.526217998318884,9.297713600011775,9.125,78858,300,1,0.5,0.1,0.8
ga_ls100_elites,GA 100% LS [LS on elites],test,test_5,4,0,442,-1,40.55538916317307,39.12933566456924,10.292038500017952,10.234375,96000,300,1,1.0,0.1,0.8
ga_sched_elites,GA scheduled LS [LS on elites],test,test_5,4,0,442,-1,35.52010838428026,33.92149923902109,11.974817899987102,11.796875,79182,300,1,0.5333333333333333,0.1,0.8
rlga_elites,RL-GA [LS on elites],test,test_5,4,0,442,0,33.20847232907244,31.812839163298687,8.130571599991526,7.9375,81972,300,1,0.6160699203809102,0.10376472747768276,0.806236076593632
ga_ls00,GA no LS,test,test_5,4,1,443,-1,38.44314458164727,36.84228238942621,7.5475187999836635,7.453125,60000,300,1,0.0,0.1,0.8
ga_ls10_offspring,GA 10% LS [LS on offspring],test,test_5,4,1,443,-1,35.46374069745666,34.20068594286003,7.433577099989634,7.296875,76344,300,1,0.09999999999999999,0.1,0.8
ga_ls50_offspring,GA 50% LS [LS on offspring],test,test_5,4,1,443,-1,36.77528586982313,35.22081078179689,11.757436499989126,11.609375,141120,300,1,0.5,0.1,0.8
ga_ls100_offspring,GA 100% LS [LS on offspring],test,test_5,4,1,443,-1,39.966758627620536,38.48712026860357,12.107490399997914,11.875,222000,300,1,1.0,0.1,0.8
ga_sched_offspring,GA scheduled LS [LS on offspring],test,test_5,4,1,443,-1,35.397383929858826,34.135172807500496,9.744198100001086,9.609375,146334,300,1,0.5333333333333333,0.1,0.8
rlga_offspring,RL-GA [LS on offspring],test,test_5,4,1,443,1,39.949969048241364,38.19634826995422,8.23387189998175,8.171875,73170,300,1,0.08111265551531688,0.09999996192582104,0.753323739772901
ga_ls10_elites,GA 10% LS [LS on elites],test,test_5,4,1,443,-1,41.4279723687131,39.50199597517836,8.37702439998975,8.125,63468,300,1,0.09999999999999999,0.1,0.8
ga_ls50_elites,GA 50% LS [LS on elites],test,test_5,4,1,443,-1,42.73732020116657,41.423035611920085,8.581124299991643,8.515625,77598,300,1,0.5,0.1,0.8
ga_ls100_elites,GA 100% LS [LS on elites],test,test_5,4,1,443,-1,33.91579804756971,32.25200531972955,11.579182200017385,11.328125,96000,300,1,1.0,0.1,0.8
ga_sched_elites,GA scheduled LS [LS on elites],test,test_5,4,1,443,-1,41.35004182642291,39.42222727560084,9.461688500014134,9.296875,79164,300,1,0.5333333333333333,0.1,0.8
rlga_elites,RL-GA [LS on elites],test,test_5,4,1,443,1,41.03361540249914,39.5298428385597,8.465952400001697,8.34375,90666,300,1,0.8513333333333335,0.096123046875,0.9306640625000002
ga_ls00,GA no LS,test,test_5,4,2,444,-1,40.510708614036574,38.58413558458639,8.144450699997833,8.046875,60000,300,1,0.0,0.1,0.8
ga_ls10_offspring,GA 10% LS [LS on offspring],test,test_5,4,2,444,-1,38.73000140853927,37.13189251130295,10.262431099981768,10.046875,75828,300,1,0.09999999999999999,0.1,0.8
ga_ls50_offspring,GA 50% LS [LS on offspring],test,test_5,4,2,444,-1,40.68137586616382,39.27136742706024,10.189127100020414,9.953125,140292,300,1,0.5,0.1,0.8
ga_ls100_offspring,GA 100% LS [LS on offspring],test,test_5,4,2,444,-1,39.547540199859895,37.83900193812719,15.900566099997377,15.71875,222000,300,1,1.0,0.1,0.8
ga_sched_offspring,GA scheduled LS [LS on offspring],test,test_5,4,2,444,-1,38.72580292475399,37.13799862309215,15.276458400010597,15.046875,146322,300,1,0.5333333333333333,0.1,0.8
rlga_offspring,RL-GA [LS on offspring],test,test_5,4,2,444,2,41.366171414137426,39.76118507153192,9.581378500006394,9.4375,122664,300,1,0.3888958333333333,0.19828124999999996,0.4874999999999999
ga_ls10_elites,GA 10% LS [LS on elites],test,test_5,4,2,444,-1,44.122100068239426,42.532467990250844,9.079770100011956,8.921875,63546,300,1,0.09999999999999999,0.1,0.8
ga_ls50_elites,GA 50% LS [LS on elites],test,test_5,4,2,444,-1,38.81687220033716,37.40369355138483,10.871789299999364,10.6875,78354,300,1,0.5,0.1,0.8
ga_ls100_elites,GA 100% LS [LS on elites],test,test_5,4,2,444,-1,41.42698881793275,39.760187746202035,8.768640700000105,8.6875,96000,300,1,1.0,0.1,0.8
ga_sched_elites,GA scheduled LS [LS on elites],test,test_5,4,2,444,-1,44.03947978003404,42.474892347128105,10.570442600001115,10.4375,79368,300,1,0.5333333333333333,0.1,0.8
rlga_elites,RL-GA [LS on elites],test,test_5,4,2,444,2,42.80016245475495,41.08145254738951,9.377835599996615,9.203125,89310,300,1,0.8106666666666666,0.075,0.9375000000000002
ga_ls00,GA no LS,test,test_5,4,3,445,-1,35.976176401976396,34.40265728641062,7.9789128999982495,7.890625,60000,300,1,0.0,0.1,0.8
ga_ls10_offspring,GA 10% LS [LS on offspring],test,test_5,4,3,445,-1,36.10738999966922,34.82726557966038,8.570557900005952,8.359375,75960,300,1,0.09999999999999999,0.1,0.8
ga_ls50_offspring,GA 50% LS [LS on offspring],test,test_5,4,3,445,-1,38.92360472462626,37.33940800518835,12.56309159999364,12.390625,141792,300,1,0.5,0.1,0.8
ga_ls100_offspring,GA 100% LS [LS on offspring],test,test_5,4,3,445,-1,43.59159043063927,41.871048849372706,17.91765889999806,17.734375,222000,300,1,1.0,0.1,0.8
ga_sched_offspring,GA scheduled LS [LS on offspring],test,test_5,4,3,445,-1,34.76972197180772,33.450881415448045,12.94643109999015,12.75,146508,300,1,0.5333333333333333,0.1,0.8
rlga_offspring,RL-GA [LS on offspring],test,test_5,4,3,445,0,47.121956860895565,45.61320602935503,13.482816699979594,13.34375,155886,300,1,0.5896666666666667,0.098505859375,0.8389648437500001
ga_ls10_elites,GA 10% LS [LS on elites],test,test_5,4,3,445,-1,42.79803289257661,41.22758202961723,8.4731987999985,8.34375,63702,300,1,0.09999999999999999,0.1,0.8
ga_ls50_elites,GA 50% LS [LS on elites],test,test_5,4,3,445,-1,33.95496703422762,32.468813986704525,10.498713699984364,10.359375,77736,300,1,0.5,0.1,0.8
ga_ls100_elites,GA 100% LS [LS on elites],test,test_5,4,3,445,-1,42.595074291295724,41.01009361642497,10.412352800020017,10.25,96000,300,1,1.0,0.1,0.8
ga_sched_elites,GA scheduled LS [LS on elites],test,test_5,4,3,445,-1,42.43182144539884,40.87610304642689,9.599598100001458,9.453125,79170,300,1,0.5333333333333333,0.1,0.8
rlga_elites,RL-GA [LS on elites],test,test_5,4,3,445,0,40.3794582360928,39.093066937752035,9.453377300000284,9.28125,83184,300,1,0.6376838014324506,0.14770584370940923,0.6686645440757274
ga_ls00,GA no LS,test,test_5,4,4,446,-1,38.8228835481107,37.11103481583804,7.959789699991234,7.8125,60000,300,1,0.0,0.1,0.8
ga_ls10_offspring,GA 10% LS [LS on offspring],test,test_5,4,4,446,-1,34.62841001791839,32.98322113895396,8.28646309999749,8.203125,75870,300,1,0.09999999999999999,0.1,0.8
ga_ls50_offspring,GA 50% LS [LS on offspring],test,test_5,4,4,446,-1,41.37332365956341,40.046787069902656,10.79859469999792,10.546875,140718,300,1,0.5,0.1,0.8
ga_ls100_offspring,GA 100% LS [LS on offspring],test,test_5,4,4,446,-1,37.22403248171417,35.80680936842451,13.047098500013817,12.84375,222000,300,1,1.0,0.1,0.8
ga_sched_offspring,GA scheduled LS [LS on offspring],test,test_5,4,4,446,-1,33.87840849517309,32.26620875376239,11.330834599997615,11.171875,146220,300,1,0.5333333333333333,0.1,0.8
rlga_offspring,RL-GA [LS on offspring],test,test_5,4,4,446,1,45.13358295334926,43.578568162107885,8.843398500001058,8.671875,79284,300,1,0.11675361124674481,0.09691733602434169,0.8203285217285157
ga_ls10_elites,GA 10% LS [LS on elites],test,test_5,4,4,446,-1,36.69615187249768,35.12726286810924,7.306358400004683,7.171875,63390,300,1,0.09999999999999999,0.1,0.8
ga_ls50_elites,GA 50% LS [LS on elites],test,test_5,4,4,446,-1,35.56053846597995,34.13427622728764,7.98049709998304,7.859375,77946,300,1,0.5,0.1,0.8
ga_ls100_elites,GA 100% LS [LS on elites],test,test_5,4,4,446,-1,39.95383232965709,38.2565482041785,10.34102520000306,10.1875,96000,300,1,1.0,0.1,0.8
ga_sched_elites,GA scheduled LS [LS on elites],test,test_5,4,4,446,-1,37.04311022134435,35.627709688176736,8.191235499980394,8.078125,78990,300,1,0.5333333333333333,0.1,0.8
rlga_elites,RL-GA [LS on elites],test,test_5,4,4,446,1,41.579002075531626,39.94400041534476,10.418419599998742,10.1875,91914,300,1,0.8840000000000001,0.09125,0.20000000000000007
ga_ls00,GA no LS,test,test_5,4,5,447,-1,38.85670783693889,37.31122878216273,8.088636900007259,7.921875,60000,300,1,0.0,0.1,0.8
ga_ls10_offspring,GA 10% LS [LS on offspring],test,test_5,4,5,447,-1,40.149474771380625,38.69463763320154,7.909405500016874,7.78125,76452,300,1,0.09999999999999999,0.1,0.8
ga_ls50_offspring,GA 50% LS [LS on offspring],test,test_5,4,5,447,-1,34.81388379833301,33.25141274525413,12.98684840000351,12.890625,141330,300,1,0.5,0.1,0.8
ga_ls100_offspring,GA 100% LS [LS on offspring],test,test_5,4,5,447,-1,41.567496437289776,39.8560900860702,16.060671000013826,15.84375,222000,300,1,1.0,0.1,0.8
ga_sched_offspring,GA scheduled LS [LS on offspring],test,test_5,4,5,447,-1,39.70235407578685,38.26576999668088,10.471754800004419,10.359375,146634,300,1,0.5333333333333333,0.1,0.8
rlga_offspring,RL-GA [LS on offspring],test,test_5,4,5,447,2,40.10155211651002,38.54656551732283,11.659736500005238,11.515625,119760,300,1,0.36866666666666664,0.105,1.0
ga_ls10_elites,GA 10% LS [LS on elites],test,test_5,4,5,447,-1,32.53780692712617,31.272160091311505,7.845246800017776,7.734375,63612,300,1,0.09999999999999999,0.1,0.8
ga_ls50_elites,GA 50% LS [LS on elites],test,test_5,4,5,447,-1,40.983322228092746,39.30070825929092,7.862557499989634,7.765625,77952,300,1,0.5,0.1,0.8
ga_ls100_elites,GA 100% LS [LS on elites],test,test_5,4,5,447,-1,34.277886554486614,32.67959139690508,10.577796099998523,10.34375,96000,300,1,1.0,0.1,0.8
ga_sched_elites,GA scheduled LS [LS on elites],test,test_5,4,5,447,-1,32.04427750830139,30.81131911744305,8.467643099982524,8.40625,79284,300,1,0.5333333333333333,0.1,0.8
rlga_elites,RL-GA [LS on elites],test,test_5,4,5,447,2,40.294625318163014,38.573275287024956,8.608755199995358,8.453125,86466,300,1,0.7404166666666666,0.0728125,0.775
ga_ls00,GA no LS,test,test_5,4,6,448,-1,41.07377579592009,39.76190062266146,9.4050966000068,9.28125,60000,300,1,0.0,0.1,0.8
ga_ls10_offspring,GA 10% LS [LS on offspring],test,test_5,4,6,448,-1,40.12368172065781,38.86603332944269,8.440573200001381,8.359375,76542,300,1,0.09999999999999999,0.1,0.8
ga_ls50_offspring,GA 50% LS [LS on offspring],test,test_5,4,6,448,-1,36.47102826609327,35.06747407462152,10.631136099982541,10.328125,140706,300,1,0.5,0.1,0.8
ga_ls100_offspring,GA 100% LS [LS on offspring],test,test_5,4,6,448,-1,34.31540338256161,32.757074518696044,12.254058799997438,12.09375,222000,300,1,1.0,0.1,0.8
ga_sched_offspring,GA scheduled LS [LS on offspring],test,test_5,4,6,448,-1,40.53557432642055,39.213186087582955,11.583508899988374,11.375,146292,300,1,0.5333333333333333,0.1,0.8
rlga_offspring,RL-GA [LS on offspring],test,test_5,4,6,448,0,37.601702382130895,36.13961379521404,9.275190800020937,9.125,99534,300,1,0.24606250000000002,0.09081339448690415,0.7970703125
ga_ls10_elites,GA 10% LS [LS on elites],test,test_5,4,6,448,-1,39.51378863664576,37.82648895714003,9.225920800003223,9.046875,63552,300,1,0.09999999999999999,0.1,0.8
ga_ls50_elites,GA 50% LS [LS on elites],test,test_5,4,6,448,-1,39.31178508413673,37.65141095676606,9.912999500025762,9.625,78180,300,1,0.5,0.1,0.8
ga_ls100_elites,GA 100% LS [LS on elites],test,test_5,4,6,448,-1,37.009720262720414,35.80217962272641,10.479902799997944,10.359375,96000,300,1,1.0,0.1,0.8
ga_sched_elites,GA scheduled LS [LS on elites],test,test_5,4,6,448,-1,39.38028876355487,37.69286014940401,10.844563599996036,10.765625,79212,300,1,0.5333333333333333,0.1,0.8
rlga_elites,RL-GA [LS on elites],test,test_5,4,6,448,0,34.56893536498987,33.18456154558562,9.08440160000464,8.90625,88902,300,1,0.7969999999999999,0.095,0.875
ga_ls00,GA no LS,test,test_5,4,7,449,-1,40.21024955373438,38.54124781397508,8.50718039998901,8.390625,60000,300,1,0.0,0.1,0.8
ga_ls10_offspring,GA 10% LS [LS on offspring],test,test_5,4,7,449,-1,42.53103217229481,40.89844229430719,9.877848600008292,9.75,75924,300,1,0.09999999999999999,0.1,0.8
ga_ls50_offspring,GA 50% LS [LS on offspring],test,test_5,4,7,449,-1,40.544244435578484,38.67589983717331,13.466808400000446,13.171875,140754,300,1,0.5,0.1,0.8
ga_ls100_offspring,GA 100% LS [LS on offspring],test,test_5,4,7,449,-1,41.71977512565809,40.094856344525866,12.62844749999931,12.484375,222000,300,1,1.0,0.1,0.8
ga_sched_offspring,GA scheduled LS [LS on offspring],test,test_5,4,7,449,-1,41.91838847877464,40.358368252063315,14.369963499979349,14.140625,146172,300,1,0.5333333333333333,0.1,0.8
rlga_offspring,RL-GA [LS on offspring],test,test_5,4,7,449,1,37.721342428228176,36.177312735746,10.184141100005945,10.0,97890,300,1,0.23378460957660957,0.01,0.7875000000000001
ga_ls10_elites,GA 10% LS [LS on elites],test,test_5,4,7,449,-1,40.13677000805417,38.785465387989,9.987567399977706,9.703125,63306,300,1,0.09999999999999999,0.1,0.8
ga_ls50_elites,GA 50% LS [LS on elites],test,test_5,4,7,449,-1,41.84323071955542,40.26140069431966,10.710497799998848,10.515625,77748,300,1,0.5,0.1,0.8
ga_ls100_elites,GA 100% LS [LS on elites],test,test_5,4,7,449,-1,38.29321941466017,36.78523421906726,10.501322700001765,10.265625,96000,300,1,1.0,0.1,0.8
ga_sched_elites,GA scheduled LS [LS on elites],test,test_5,4,7,449,-1,40.06760854234798,38.68227602248152,9.83004259999143,9.734375,79248,300,1,0.5333333333333333,0.1,0.8
rlga_elites,RL-GA [LS on elites],test,test_5,4,7,449,1,40.38434063388087,38.359165812138514,11.677004900004249,11.4375,94158,300,1,0.9486666666666668,0.135,0.45
ga_ls00,GA no LS,test,test_5,4,8,450,-1,38.539971092500515,36.62897483524174,8.867589999979828,8.65625,60000,300,1,0.0,0.1,0.8
ga_ls10_offspring,GA 10% LS [LS on offspring],test,test_5,4,8,450,-1,39.066951903189356,37.49532924178861,10.935189800016815,10.765625,76542,300,1,0.09999999999999999,0.1,0.8
ga_ls50_offspring,GA 50% LS [LS on offspring],test,test_5,4,8,450,-1,41.72699987883974,40.095035632856494,12.566049499990186,12.40625,140568,300,1,0.5,0.1,0.8
ga_ls100_offspring,GA 100% LS [LS on offspring],test,test_5,4,8,450,-1,41.73194446183389,40.48597425304281,11.821311199979391,11.65625,222000,300,1,1.0,0.1,0.8
ga_sched_offspring,GA scheduled LS [LS on offspring],test,test_5,4,8,450,-1,40.557043798668616,38.89567240218221,16.423406299989438,16.078125,146682,300,1,0.5333333333333333,0.1,0.8
rlga_offspring,RL-GA [LS on offspring],test,test_5,4,8,450,2,42.27118762610176,40.86273076327089,12.75795410000137,12.46875,160896,300,1,0.6204791666666667,0.094375,0.675
ga_ls10_elites,GA 10% LS [LS on elites],test,test_5,4,8,450,-1,38.97215056766114,37.57353091241308,8.424223400012124,8.296875,63564,300,1,0.09999999999999999,0.1,0.8
ga_ls50_elites,GA 50% LS [LS on elites],test,test_5,4,8,450,-1,46.98017097224029,45.268683856908105,7.9539232999959495,7.796875,77838,300,1,0.5,0.1,0.8
ga_ls100_elites,GA 100% LS [LS on elites],test,test_5,4,8,450,-1,42.649454236631996,41.16395493070115,10.646597999992082,10.453125,96000,300,1,1.0,0.1,0.8
ga_sched_elites,GA scheduled LS [LS on elites],test,test_5,4,8,450,-1,39.497317024612705,38.039698972448065,9.408624600007897,9.21875,79338,300,1,0.5333333333333333,0.1,0.8
rlga_elites,RL-GA [LS on elites],test,test_5,4,8,450,2,48.00236713164044,46.5513988690293,10.34033159998944,10.203125,85284,300,1,0.7019166666666667,0.055624999999999994,0.6875
ga_ls00,GA no LS,test,test_5,4,9,451,-1,44.27899503324159,42.84063498084203,7.919195299997227,7.75,60000,300,1,0.0,0.1,0.8
ga_ls10_offspring,GA 10% LS [LS on offspring],test,test_5,4,9,451,-1,44.286463909888525,42.84691347860532,8.608461399999214,8.453125,76014,300,1,0.09999999999999999,0.1,0.8
ga_ls50_offspring,GA 50% LS [LS on offspring],test,test_5,4,9,451,-1,45.993073209435174,44.28270981676323,11.062032300018473,10.828125,141198,300,1,0.5,0.1,0.8
ga_ls100_offspring,GA 100% LS [LS on offspring],test,test_5,4,9,451,-1,46.35621507202094,44.60464030947651,17.699378599994816,17.4375,222000,300,1,1.0,0.1,0.8
ga_sched_offspring,GA scheduled LS [LS on offspring],test,test_5,4,9,451,-1,42.71665356033269,41.37382224459666,13.100737100001425,12.859375,146388,300,1,0.5333333333333333,0.1,0.8
rlga_offspring,RL-GA [LS on offspring],test,test_5,4,9,451,0,37.73149819839533,36.098807070683,12.948318000009749,12.71875,115812,300,1,0.34457096354166666,0.100625,0.8476684793946334
ga_ls10_elites,GA 10% LS [LS on elites],test,test_5,4,9,451,-1,41.43307616679808,40.02091216297676,7.869097999995574,7.71875,63612,300,1,0.09999999999999999,0.1,0.8
ga_ls50_elites,GA 50% LS [LS on elites],test,test_5,4,9,451,-1,42.52816249657662,41.06163761739757,9.931339700007811,9.765625,77784,300,1,0.5,0.1,0.8
ga_ls100_elites,GA 100% LS [LS on elites],test,test_5,4,9,451,-1,43.13124163755641,41.57383747447814,11.24999020001269,11.046875,96000,300,1,1.0,0.1,0.8
ga_sched_elites,GA scheduled LS [LS on elites],test,test_5,4,9,451,-1,43.56739701180131,42.09434790887936,8.08613080001669,7.96875,79170,300,1,0.5333333333333333,0.1,0.8
rlga_elites,RL-GA [LS on elites],test,test_5,4,9,451,0,34.85864733514876,33.50843764128359,10.475717299996177,10.375,92820,300,1,0.9141666666666667,0.1087890625,0.81171875
ga_ls00,GA no LS,test,test_6,5,0,542,-1,37.744883157680775,36.31093523155677,9.297376900009112,9.234375,60000,300,1,0.0,0.1,0.8
ga_ls10_offspring,GA 10% LS [LS on offspring],test,test_6,5,0,542,-1,33.63821508509922,32.171292657538594,8.744328300002962,8.671875,76446,300,1,0.09999999999999999,0.1,0.8
ga_ls50_offspring,GA 50% LS [LS on offspring],test,test_6,5,0,542,-1,38.14136099545463,36.752666266567054,10.867719200003194,10.6875,140424,300,1,0.5,0.1,0.8
ga_ls100_offspring,GA 100% LS [LS on offspring],test,test_6,5,0,542,-1,32.20533890516725,31.089446619165685,13.612592300021788,13.421875,222000,300,1,1.0,0.1,0.8
ga_sched_offspring,GA scheduled LS [LS on offspring],test,test_6,5,0,542,-1,31.521255896887883,29.99851019343207,12.7553545999981,12.65625,146058,300,1,0.5333333333333333,0.1,0.8
rlga_offspring,RL-GA [LS on offspring],test,test_6,5,0,542,0,38.34379453401562,37.05874564481975,10.163032200012822,10.046875,149748,300,1,0.5557500000000001,0.057706604003906245,0.7564456939697266
ga_ls10_elites,GA 10% LS [LS on elites],test,test_6,5,0,542,-1,36.92392113649187,35.10638838528297,9.139121799991699,9.09375,63594,300,1,0.09999999999999999,0.1,0.8
ga_ls50_elites,GA 50% LS [LS on elites],test,test_6,5,0,542,-1,39.227589637654596,37.375360239362564,10.005394200008595,9.84375,78318,300,1,0.5,0.1,0.8
ga_ls100_elites,GA 100% LS [LS on elites],test,test_6,5,0,542,-1,44.32356275499064,43.14603043591199,10.480883699987317,10.4375,96000,300,1,1.0,0.1,0.8
ga_sched_elites,GA scheduled LS [LS on elites],test,test_6,5,0,542,-1,36.27395166177647,34.396058969098405,10.953338099992834,10.859375,79038,300,1,0.5333333333333333,0.1,0.8
rlga_elites,RL-GA [LS on elites],test,test_6,5,0,542,0,38.81570271134239,37.10820671167762,10.259061100019608,10.1875,77976,300,1,0.5016458333333333,0.057499999999999996,0.8339797973632813
ga_ls00,GA no LS,test,test_6,5,1,543,-1,30.602929619989762,29.3638430491372,7.911437400005525,7.84375,60000,300,1,0.0,0.1,0.8
ga_ls10_offspring,GA 10% LS [LS on offspring],test,test_6,5,1,543,-1,37.51141148957311,35.75572993496877,9.901563599996734,9.859375,75708,300,1,0.09999999999999999,0.1,0.8
ga_ls50_offspring,GA 50% LS [LS on offspring],test,test_6,5,1,543,-1,38.12174413766182,36.68119471802387,13.27931849999004,13.25,141294,300,1,0.5,0.1,0.8
ga_ls100_offspring,GA 100% LS [LS on offspring],test,test_6,5,1,543,-1,31.730374708422964,30.272849456209524,18.134940799995093,18.046875,222000,300,1,1.0,0.1,0.8
ga_sched_offspring,GA scheduled LS [LS on offspring],test,test_6,5,1,543,-1,38.93104884589247,37.027958100451904,13.401144299976295,13.28125,146436,300,1,0.5333333333333333,0.1,0.8
rlga_offspring,RL-GA [LS on offspring],test,test_6,5,1,543,1,32.874295493624366,31.45030000145647,9.345797400019364,9.3125,101652,300,1,0.2604146321614583,0.09890625,0.8031250000000001
ga_ls10_elites,GA 10% LS [LS on elites],test,test_6,5,1,543,-1,36.589121655925155,34.931095687575315,8.480280399991898,8.46875,63612,300,1,0.09999999999999999,0.1,0.8
ga_ls50_elites,GA 50% LS [LS on elites],test,test_6,5,1,543,-1,33.92680013642778,32.59199898993085,7.8108263000031,7.78125,78222,300,1,0.5,0.1,0.8
ga_ls100_elites,GA 100% LS [LS on elites],test,test_6,5,1,543,-1,36.944750761542764,35.52304342771088,11.519456800015178,11.421875,96000,300,1,1.0,0.1,0.8
ga_sched_elites,GA scheduled LS [LS on elites],test,test_6,5,1,543,-1,35.7837107935975,34.15666169474801,9.610884099995019,9.578125,79452,300,1,0.5333333333333333,0.1,0.8
rlga_elites,RL-GA [LS on elites],test,test_6,5,1,543,1,31.98471923203017,30.550756344661607,9.022010599990608,8.984375,87798,300,1,0.7695,0.1272900390625,0.709375
ga_ls00,GA no LS,test,test_6,5,2,544,-1,39.74600398858785,38.263551095584,8.098987500008661,8.078125,60000,300,1,0.0,0.1,0.8
ga_ls10_offspring,GA 10% LS [LS on offspring],test,test_6,5,2,544,-1,35.80812643523306,34.188264271472015,9.019351700000698,9.015625,76242,300,1,0.09999999999999999,0.1,0.8
ga_ls50_offspring,GA 50% LS [LS on offspring],test,test_6,5,2,544,-1,33.268660429084,31.759222531163886,14.390013600001112,14.296875,141228,300,1,0.5,0.1,0.8
ga_ls100_offspring,GA 100% LS [LS on offspring],test,test_6,5,2,544,-1,37.05639875503056,35.557706261474635,15.757640099996934,15.734375,222000,300,1,1.0,0.1,0.8
ga_sched_offspring,GA scheduled LS [LS on offspring],test,test_6,5,2,544,-1,34.18350606361901,32.71259788711951,13.172201099980157,13.109375,146904,300,1,0.5333333333333333,0.1,0.8
rlga_offspring,RL-GA [LS on offspring],test,test_6,5,2,544,2,37.712795356015945,36.077070988076095,13.066061299992725,13.015625,154392,300,1,0.582,0.09000000000000001,0.2
ga_ls10_elites,GA 10% LS [LS on elites],test,test_6,5,2,544,-1,34.05665619926432,32.464592452198325,8.00013850000687,8.0,63558,300,1,0.09999999999999999,0.1,0.8
ga_ls50_elites,GA 50% LS [LS on elites],test,test_6,5,2,544,-1,33.90633593129994,32.29521983780101,9.241999399993801,9.234375,78048,300,1,0.5,0.1,0.8
ga_ls100_elites,GA 100% LS [LS on elites],test,test_6,5,2,544,-1,34.85200165319887,33.574244682955566,10.237723100028234,10.171875,96000,300,1,1.0,0.1,0.8
ga_sched_elites,GA scheduled LS [LS on elites],test,test_6,5,2,544,-1,33.57216152740335,31.922028674247688,9.694756099983351,9.546875,79128,300,1,0.5333333333333333,0.1,0.8
rlga_elites,RL-GA [LS on elites],test,test_6,5,2,544,2,34.28345426150009,32.79995971195103,12.789034100016579,12.78125,89082,300,1,0.8061666666666667,0.065,0.65
ga_ls00,GA no LS,test,test_6,5,3,545,-1,40.12594037597578,38.453097634992396,7.698127599986037,7.65625,60000,300,1,0.0,0.1,0.8
ga_ls10_offspring,GA 10% LS [LS on offspring],test,test_6,5,3,545,-1,40.1462494458714,38.77555424798599,8.367176700005075,8.359375,76074,300,1,0.09999999999999999,0.1,0.8
ga_ls50_offspring,GA 50% LS [LS on offspring],test,test_6,5,3,545,-1,35.209531304435366,33.941802340193036,10.813451900001382,10.765625,140676,300,1,0.5,0.1,0.8
ga_ls100_offspring,GA 100% LS [LS on offspring],test,test_6,5,3,545,-1,34.65998090351488,33.136259764299034,16.933645299985074,16.84375,222000,300,1,1.0,0.1,0.8
ga_sched_offspring,GA scheduled LS [LS on offspring],test,test_6,5,3,545,-1,41.621466279695795,40.05731605736293,11.247219700017013,11.15625,146472,300,1,0.5333333333333333,0.1,0.8
rlga_offspring,RL-GA [LS on offspring],test,test_6,5,3,545,0,37.97066624425547,36.570762297538494,12.260731399990618,12.140625,194022,300,1,0.8270000000000001,0.12499999999999999,1.0
ga_ls10_elites,GA 10% LS [LS on elites],test,test_6,5,3,545,-1,31.9538312673722,30.600215141345732,9.335974899993744,9.28125,63528,300,1,0.09999999999999999,0.1,0.8
ga_ls50_elites,GA 50% LS [LS on elites],test,test_6,5,3,545,-1,36.94076246508534,35.471859388081924,9.034048600005917,8.953125,78108,300,1,0.5,0.1,0.8
ga_ls100_elites,GA 100% LS [LS on elites],test,test_6,5,3,545,-1,38.31090282341038,36.957025413757684,10.347043799993116,10.25,96000,300,1,1.0,0.1,0.8
ga_sched_elites,GA scheduled LS [LS on elites],test,test_6,5,3,545,-1,32.29051691464706,31.097833950267557,10.860236100008478,10.765625,79314,300,1,0.5333333333333333,0.1,0.8
rlga_elites,RL-GA [LS on elites],test,test_6,5,3,545,0,42.33736282882896,41.050081965055334,9.903708199999528,9.75,74226,300,1,0.3960806440880769,0.13121866226196288,0.7929687500000467
ga_ls00,GA no LS,test,test_6,5,4,546,-1,41.512980439568416,40.013848728109004,8.812430699996185,8.75,60000,300,1,0.0,0.1,0.8
ga_ls10_offspring,GA 10% LS [LS on offspring],test,test_6,5,4,546,-1,35.50733855574935,34.027196186089135,10.941726999997627,10.84375,76680,300,1,0.09999999999999999,0.1,0.8
ga_ls50_offspring,GA 50% LS [LS on offspring],test,test_6,5,4,546,-1,34.95053284063515,33.284029682806576,14.103440400009276,13.953125,141234,300,1,0.5,0.1,0.8
ga_ls100_offspring,GA 100% LS [LS on offspring],test,test_6,5,4,546,-1,36.2678071413457,34.94358231298673,15.504474100016523,15.34375,222000,300,1,1.0,0.1,0.8
ga_sched_offspring,GA scheduled LS [LS on offspring],test,test_6,5,4,546,-1,35.36321405382078,33.8685330234343,15.33660539999255,15.234375,147042,300,1,0.5333333333333333,0.1,0.8
rlga_offspring,RL-GA [LS on offspring],test,test_6,5,4,546,1,31.92898706669103,30.49063965330054,12.265094600006705,12.1875,116004,300,1,0.34564388020833337,0.09281935334205628,0.9374145507812501
ga_ls10_elites,GA 10% LS [LS on elites],test,test_6,5,4,546,-1,36.539407554554224,35.190880890446124,7.617444599978626,7.5625,63588,300,1,0.09999999999999999,0.1,0.8
ga_ls50_elites,GA 50% LS [LS on elites],test,test_6,5,4,546,-1,34.520364177193436,33.179294718347045,11.092805499996757,10.953125,77718,300,1,0.5,0.1,0.8
ga_ls100_elites,GA 100% LS [LS on elites],test,test_6,5,4,546,-1,37.44213084596053,35.680379216560965,12.080266999982996,12.015625,96000,300,1,1.0,0.1,0.8
ga_sched_elites,GA scheduled LS [LS on elites],test,test_6,5,4,546,-1,36.35806671675,35.00631355705527,8.938178400014294,8.921875,79110,300,1,0.5333333333333333,0.1,0.8
rlga_elites,RL-GA [LS on elites],test,test_6,5,4,546,1,35.711401791080256,34.411816735202436,12.400471000000834,12.28125,93120,300,1,0.9203333333333334,0.139375,0.7125
ga_ls00,GA no LS,test,test_6,5,5,547,-1,43.410022224995814,41.64257535590346,9.389068100019358,9.359375,60000,300,1,0.0,0.1,0.8
ga_ls10_offspring,GA 10% LS [LS on offspring],test,test_6,5,5,547,-1,40.990198418386946,38.822927202888685,10.037485700013349,10.015625,76140,300,1,0.09999999999999999,0.1,0.8
ga_ls50_offspring,GA 50% LS [LS on offspring],test,test_6,5,5,547,-1,33.097511495178786,31.77348690272269,11.98472400000901,11.90625,140292,300,1,0.5,0.1,0.8
ga_ls100_offspring,GA 100% LS [LS on offspring],test,test_6,5,5,547,-1,37.8093637049568,36.59233562326403,14.080175799987046,13.953125,222000,300,1,1.0,0.1,0.8
ga_sched_offspring,GA scheduled LS [LS on offspring],test,test_6,5,5,547,-1,40.715698971815904,38.566552527192165,14.353225699975155,14.296875,146184,300,1,0.5333333333333333,0.1,0.8
rlga_offspring,RL-GA [LS on offspring],test,test_6,5,5,547,2,34.798520780140436,33.33718266567824,8.514682699984405,8.40625,78648,300,1,0.11299739583333335,0.09718750000000001,0.775
ga_ls10_elites,GA 10% LS [LS on elites],test,test_6,5,5,547,-1,36.9564694739908,35.2599379510255,7.829469300020719,7.828125,63450,300,1,0.09999999999999999,0.1,0.8
ga_ls50_elites,GA 50% LS [LS on elites],test,test_6,5,5,547,-1,38.449369170425115,36.92426375386892,10.450287499988917,10.390625,77898,300,1,0.5,0.1,0.8
ga_ls100_elites,GA 100% LS [LS on elites],test,test_6,5,5,547,-1,36.9567005864745,35.4565933048055,12.117380499985302,12.03125,96000,300,1,1.0,0.1,0.8
ga_sched_elites,GA scheduled LS [LS on elites],test,test_6,5,5,547,-1,36.81031158504828,35.13063617726438,8.834225899976445,8.75,78852,300,1,0.5333333333333333,0.1,0.8
rlga_elites,RL-GA [LS on elites],test,test_6,5,5,547,2,42.04918895687567,40.24113030364637,13.335758000001078,13.21875,81216,300,1,0.5922916666666667,0.058583984374999995,0.8001953125000001
ga_ls00,GA no LS,test,test_6,5,6,548,-1,40.679740798178486,38.662415806077675,8.838049799989676,8.78125,60000,300,1,0.0,0.1,0.8
ga_ls10_offspring,GA 10% LS [LS on offspring],test,test_6,5,6,548,-1,32.6444904540068,31.107401575163834,8.484439199994085,8.484375,76284,300,1,0.09999999999999999,0.1,0.8
ga_ls50_offspring,GA 50% LS [LS on offspring],test,test_6,5,6,548,-1,37.867542705610006,36.23052828638993,11.786363599996548,11.671875,141060,300,1,0.5,0.1,0.8
ga_ls100_offspring,GA 100% LS [LS on offspring],test,test_6,5,6,548,-1,35.789869539768326,34.16989794361854,16.276457600004505,16.140625,222000,300,1,1.0,0.1,0.8
ga_sched_offspring,GA scheduled LS [LS on offspring],test,test_6,5,6,548,-1,32.31976495890988,30.760718587953477,10.96273930001189,10.9375,147126,300,1,0.5333333333333333,0.1,0.8
rlga_offspring,RL-GA [LS on offspring],test,test_6,5,6,548,0,33.2132467601558,31.618868132185174,18.347073100012494,18.28125,179772,300,1,0.7396145833333333,0.086796875,0.846875
ga_ls10_elites,GA 10% LS [LS on elites],test,test_6,5,6,548,-1,37.484199266371675,35.915762488345614,8.255963899980998,8.21875,63720,300,1,0.09999999999999999,0.1,0.8
ga_ls50_elites,GA 50% LS [LS on elites],test,test_6,5,6,548,-1,34.103467437539,32.37728313233781,11.170558999991044,11.140625,78000,300,1,0.5,0.1,0.8
ga_ls100_elites,GA 100% LS [LS on elites],test,test_6,5,6,548,-1,28.795944665635144,27.360860799309883,10.597743499994976,10.53125,96000,300,1,1.0,0.1,0.8
ga_sched_elites,GA scheduled LS [LS on elites],test,test_6,5,6,548,-1,37.31641201089097,35.75932538466232,9.260719900019467,9.203125,79434,300,1,0.5333333333333333,0.1,0.8
rlga_elites,RL-GA [LS on elites],test,test_6,5,6,548,0,35.88522111718818,34.34914182409593,10.902794599998742,10.890625,89712,300,1,0.8263333333333333,0.08249999999999999,0.8
ga_ls00,GA no LS,test,test_6,5,7,549,-1,33.401800428675884,31.769671547661098,7.64423999999417,7.625,60000,300,1,0.0,0.1,0.8
ga_ls10_offspring,GA 10% LS [LS on offspring],test,test_6,5,7,549,-1,34.49784101892922,32.97639907902695,10.488353699998697,10.421875,76524,300,1,0.09999999999999999,0.1,0.8
ga_ls50_offspring,GA 50% LS [LS on offspring],test,test_6,5,7,549,-1,39.34798800873369,38.18696169838272,10.090608099999372,10.046875,141228,300,1,0.5,0.1,0.8
ga_ls100_offspring,GA 100% LS [LS on offspring],test,test_6,5,7,549,-1,33.606556797113704,32.30314120576024,16.61758579997695,16.5,222000,300,1,1.0,0.1,0.8
ga_sched_offspring,GA scheduled LS [LS on offspring],test,test_6,5,7,549,-1,34.15074189021762,32.652090878875974,15.132745099981548,15.03125,146520,300,1,0.5333333333333333,0.1,0.8
rlga_offspring,RL-GA [LS on offspring],test,test_6,5,7,549,1,35.574761246236804,34.28932674416978,9.273694300005445,9.25,74994,300,1,0.0927062750293444,0.01,0.7484375
ga_ls10_elites,GA 10% LS [LS on elites],test,test_6,5,7,549,-1,32.49790512098943,31.166535438397464,8.0541583999875,8.03125,63528,300,1,0.09999999999999999,0.1,0.8
ga_ls50_elites,GA 50% LS [LS on elites],test,test_6,5,7,549,-1,31.67106255657323,30.343579744124252,9.878000299999258,9.84375,78114,300,1,0.5,0.1,0.8
ga_ls100_elites,GA 100% LS [LS on elites],test,test_6,5,7,549,-1,36.73058360432839,35.29443096824237,11.410675599996466,11.328125,96000,300,1,1.0,0.1,0.8
ga_sched_elites,GA scheduled LS [LS on elites],test,test_6,5,7,549,-1,32.42254260017721,31.09045238034232,8.407180799986236,8.375,79428,300,1,0.5333333333333333,0.1,0.8
rlga_elites,RL-GA [LS on elites],test,test_6,5,7,549,1,33.06096368326594,31.27533250586993,9.69794670000556,9.671875,92268,300,1,0.901,0.056249999999999994,0.5499999999999999
ga_ls00,GA no LS,test,test_6,5,8,550,-1,41.30026848426847,39.95383997935382,7.216092999995453,7.1875,60000,300,1,0.0,0.1,0.8
ga_ls10_offspring,GA 10% LS [LS on offspring],test,test_6,5,8,550,-1,41.000099344555494,39.263441699967125,8.382368399994448,8.375,75972,300,1,0.09999999999999999,0.1,0.8
ga_ls50_offspring,GA 50% LS [LS on offspring],test,test_6,5,8,550,-1,34.45811165723936,32.89917309631156,14.329983100004029,14.3125,141102,300,1,0.5,0.1,0.8
ga_ls100_offspring,GA 100% LS [LS on offspring],test,test_6,5,8,550,-1,36.60411433709919,34.99883269304742,15.054711300006602,14.921875,222000,300,1,1.0,0.1,0.8
ga_sched_offspring,GA scheduled LS [LS on offspring],test,test_6,5,8,550,-1,40.029935643425134,38.3202081501926,12.776306999992812,12.71875,146418,300,1,0.5333333333333333,0.1,0.8
rlga_offspring,RL-GA [LS on offspring],test,test_6,5,8,550,2,33.850055240352496,32.13565420332873,8.698887500009732,8.65625,102510,300,1,0.26416666666666666,0.1446875,0.75625
ga_ls10_elites,GA 10% LS [LS on elites],test,test_6,5,8,550,-1,37.870331983041716,36.52486736827781,7.986600400006864,7.90625,63492,300,1,0.09999999999999999,0.1,0.8
ga_ls50_elites,GA 50% LS [LS on elites],test,test_6,5,8,550,-1,33.21365759394333,31.738702602335128,9.401855100004468,9.328125,78018,300,1,0.5,0.1,0.8
ga_ls100_elites,GA 100% LS [LS on elites],test,test_6,5,8,550,-1,37.95055010903132,36.25285451156836,13.52210329999798,13.453125,96000,300,1,1.0,0.1,0.8
ga_sched_elites,GA scheduled LS [LS on elites],test,test_6,5,8,550,-1,35.59777793433422,33.91942339334026,8.945747799996752,8.875,78948,300,1,0.5333333333333333,0.1,0.8
rlga_elites,RL-GA [LS on elites],test,test_6,5,8,550,2,32.852840204774374,31.229318923094834,9.54058579998673,9.5,86964,300,1,0.7516666666666667,0.0875,0.675
ga_ls00,GA no LS,test,test_6,5,9,551,-1,40.329290997212674,38.760591259863666,8.087977699993644,8.046875,60000,300,1,0.0,0.1,0.8
ga_ls10_offspring,GA 10% LS [LS on offspring],test,test_6,5,9,551,-1,38.82922143665715,37.36119670807917,9.140343600010965,9.0625,76572,300,1,0.09999999999999999,0.1,0.8
ga_ls50_offspring,GA 50% LS [LS on offspring],test,test_6,5,9,551,-1,36.28244596827553,34.594863083238685,14.896573100006208,14.765625,140970,300,1,0.5,0.1,0.8
ga_ls100_offspring,GA 100% LS [LS on offspring],test,test_6,5,9,551,-1,38.24257874902631,36.96238931818367,15.124965800001519,15.03125,222000,300,1,1.0,0.1,0.8
ga_sched_offspring,GA scheduled LS [LS on offspring],test,test_6,5,9,551,-1,37.81256680732698,36.43208753729358,13.055005500005791,12.90625,146418,300,1,0.5333333333333333,0.1,0.8
rlga_offspring,RL-GA [LS on offspring],test,test_6,5,9,551,0,36.31470359302581,34.78403669363675,18.095809100021143,17.953125,172476,300,1,0.6943333333333334,0.075,0.9
ga_ls10_elites,GA 10% LS [LS on elites],test,test_6,5,9,551,-1,38.89409525335249,37.258441353934046,9.310734300001059,9.234375,63588,300,1,0.09999999999999999,0.1,0.8
ga_ls50_elites,GA 50% LS [LS on elites],test,test_6,5,9,551,-1,40.82497134830269,39.21960295993094,9.360419100004947,9.28125,78180,300,1,0.5,0.1,0.8
ga_ls100_elites,GA 100% LS [LS on elites],test,test_6,5,9,551,-1,39.99018805705969,38.549038551764546,13.443250899988925,13.375,96000,300,1,1.0,0.1,0.8
ga_sched_elites,GA scheduled LS [LS on elites],test,test_6,5,9,551,-1,38.79591654755616,37.12723021027294,11.106854599987855,11.015625,79296,300,1,0.5333333333333333,0.1,0.8
rlga_elites,RL-GA [LS on elites],test,test_6,5,9,551,0,35.65009900415102,34.085210603707225,10.248953000002075,10.15625,78660,300,1,0.519740477203081,0.10328125380474369,0.8136718750119144
ga_ls00,GA no LS,test,test_7,6,0,642,-1,41.25317534628992,40.01512089627535,7.013393100001849,6.953125,60000,300,1,0.0,0.1,0.8
ga_ls10_offspring,GA 10% LS [LS on offspring],test,test_7,6,0,642,-1,35.24715154997454,33.88130262662451,7.54419849999249,7.515625,76152,300,1,0.09999999999999999,0.1,0.8
ga_ls50_offspring,GA 50% LS [LS on offspring],test,test_7,6,0,642,-1,35.056335409016775,33.02446508694308,11.98797950000153,11.9375,140160,300,1,0.5,0.1,0.8
ga_ls100_offspring,GA 100% LS [LS on offspring],test,test_7,6,0,642,-1,33.3262136034552,31.889328988674535,12.128387100005057,12.015625,222000,300,1,1.0,0.1,0.8
ga_sched_offspring,GA scheduled LS [LS on offspring],test,test_7,6,0,642,-1,35.28114365932569,33.9165118110295,9.693979500007117,9.65625,145854,300,1,0.5333333333333333,0.1,0.8
rlga_offspring,RL-GA [LS on offspring],test,test_7,6,0,642,0,31.4671958872226,29.711219794561796,16.95218640001258,16.90625,194616,300,1,0.8317395833333333,0.061796875,0.8625
ga_ls10_elites,GA 10% LS [LS on elites],test,test_7,6,0,642,-1,40.87614519792529,39.41970454302095,8.477938399999402,8.453125,63540,300,1,0.09999999999999999,0.1,0.8
ga_ls50_elites,GA 50% LS [LS on elites],test,test_7,6,0,642,-1,40.281730384722586,38.69914002297536,8.680859299987787,8.59375,78090,300,1,0.5,0.1,0.8
ga_ls100_elites,GA 100% LS [LS on elites],test,test_7,6,0,642,-1,38.64237197266857,37.281073306541124,12.473607699997956,12.3125,96000,300,1,1.0,0.1,0.8
ga_sched_elites,GA scheduled LS [LS on elites],test,test_7,6,0,642,-1,33.89066690752577,32.43637217692041,9.721206500020344,9.65625,78924,300,1,0.5333333333333333,0.1,0.8
rlga_elites,RL-GA [LS on elites],test,test_7,6,0,642,0,36.013499658046165,34.124016039088275,10.304189699993003,10.234375,85668,300,1,0.712125,0.100625,0.7
ga_ls00,GA no LS,test,test_7,6,1,643,-1,35.15560014098605,33.70180683964787,7.055026399990311,7.0,60000,300,1,0.0,0.1,0.8
ga_ls10_offspring,GA 10% LS [LS on offspring],test,test_7,6,1,643,-1,26.276049729468756,24.979627754161317,7.71380890000728,7.640625,75744,300,1,0.09999999999999999,0.1,0.8
ga_ls50_offspring,GA 50% LS [LS on offspring],test,test_7,6,1,643,-1,37.29498820699797,35.49333834429252,12.41500310000265,12.390625,140736,300,1,0.5,0.1,0.8
ga_ls100_offspring,GA 100% LS [LS on offspring],test,test_7,6,1,643,-1,28.790567293050827,27.07768582680572,15.345940200000769,15.234375,222000,300,1,1.0,0.1,0.8
ga_sched_offspring,GA scheduled LS [LS on offspring],test,test_7,6,1,643,-1,26.230047435825995,24.937765305113402,9.749397700012196,9.6875,145944,300,1,0.5333333333333333,0.1,0.8
rlga_offspring,RL-GA [LS on offspring],test,test_7,6,1,643,1,45.21802755406202,43.75752557469813,11.003952500002924,10.953125,101982,300,1,0.25762500000000005,0.07750000000000001,0.8750000000000001
ga_ls10_elites,GA 10% LS [LS on elites],test,test_7,6,1,643,-1,31.935825792940065,30.314750354725042,9.00268320000032,9.0,63612,300,1,0.09999999999999999,0.1,0.8
ga_ls50_elites,GA 50% LS [LS on elites],test,test_7,6,1,643,-1,34.47298812029549,32.98745445646993,8.906490299996221,8.890625,77898,300,1,0.5,0.1,0.8
ga_ls100_elites,GA 100% LS [LS on elites],test,test_7,6,1,643,-1,34.95082624039754,33.41096999606909,8.676427099999273,8.59375,96000,300,1,1.0,0.1,0.8
ga_sched_elites,GA scheduled LS [LS on elites],test,test_7,6,1,643,-1,31.2881763018727,29.685450073574607,10.40131700001075,10.375,79038,300,1,0.5333333333333333,0.1,0.8
rlga_elites,RL-GA [LS on elites],test,test_7,6,1,643,1,34.78069968998841,33.208229028562585,8.436167300009402,8.40625,89124,300,1,0.8106666666666666,0.12589843750000004,0.784375
ga_ls00,GA no LS,test,test_7,6,2,644,-1,29.78915662035832,28.283413163017524,7.793693599989638,7.78125,60000,300,1,0.0,0.1,0.8
ga_ls10_offspring,GA 10% LS [LS on offspring],test,test_7,6,2,644,-1,34.91524212750587,32.934631291721935,9.359228199988138,9.296875,76308,300,1,0.09999999999999999,0.1,0.8
ga_ls50_offspring,GA 50% LS [LS on offspring],test,test_7,6,2,644,-1,33.11903875665143,31.42216128617227,11.244584100000793,11.1875,140712,300,1,0.5,0.1,0.8
ga_ls100_offspring,GA 100% LS [LS on offspring],test,test_7,6,2,644,-1,33.69196433137984,32.241082317578595,13.631406799977412,13.53125,222000,300,1,1.0,0.1,0.8
ga_sched_offspring,GA scheduled LS [LS on offspring],test,test_7,6,2,644,-1,31.528405363457995,29.60775611945024,13.137885000003735,12.984375,146172,300,1,0.5333333333333333,0.1,0.8
rlga_offspring,RL-GA [LS on offspring],test,test_7,6,2,644,2,29.381358417142142,27.81041515053792,8.750191400002223,8.75,121146,300,1,0.37558854166666666,0.12206298828125,0.6546874999999999
ga_ls10_elites,GA 10% LS [LS on elites],test,test_7,6,2,644,-1,31.58820583621106,29.8503023880722,7.96510760000092,7.921875,63618,300,1,0.09999999999999999,0.1,0.8
ga_ls50_elites,GA 50% LS [LS on elites],test,test_7,6,2,644,-1,28.492194467932432,26.98937471955735,8.85522879997734,8.828125,77898,300,1,0.5,0.1,0.8
ga_ls100_elites,GA 100% LS [LS on elites],test,test_7,6,2,644,-1,37.02729372527418,34.90322687957128,11.722250499995425,11.65625,96000,300,1,1.0,0.1,0.8
ga_sched_elites,GA scheduled LS [LS on elites],test,test_7,6,2,644,-1,31.553875297160598,29.81518757082261,9.164060699986294,9.15625,79452,300,1,0.5333333333333333,0.1,0.8
rlga_elites,RL-GA [LS on elites],test,test_7,6,2,644,2,42.91349634280276,41.35584475253142,10.286337800003821,10.234375,78024,300,1,0.5030625,0.12694129943847657,1.0
ga_ls00,GA no LS,test,test_7,6,3,645,-1,29.736460226393678,28.025291798358438,7.021261699992465,6.984375,60000,300,1,0.0,0.1,0.8
ga_ls10_offspring,GA 10% LS [LS on offspring],test,test_7,6,3,645,-1,35.80253673296276,34.54918464746256,8.957402100000763,8.890625,75690,300,1,0.09999999999999999,0.1,0.8
ga_ls50_offspring,GA 50% LS [LS on offspring],test,test_7,6,3,645,-1,34.88187983385246,33.129279172494364,12.752574499987531,12.65625,140466,300,1,0.5,0.1,0.8
ga_ls100_offspring,GA 100% LS [LS on offspring],test,test_7,6,3,645,-1,37.44922930999256,35.80732178580293,19.221540500002448,19.109375,222000,300,1,1.0,0.1,0.8
ga_sched_offspring,GA scheduled LS [LS on offspring],test,test_7,6,3,645,-1,35.93421446492462,34.67782085852632,11.57579109998187,11.515625,145692,300,1,0.5333333333333333,0.1,0.8
rlga_offspring,RL-GA [LS on offspring],test,test_7,6,3,645,0,26.497841419162707,24.816711221969413,13.758326199982548,13.671875,160608,300,1,0.6193333333333334,0.08499999999999999,0.7625
ga_ls10_elites,GA 10% LS [LS on elites],test,test_7,6,3,645,-1,29.929529778669274,27.974774905368093,7.503568300016923,7.46875,63696,300,1,0.09999999999999999,0.1,0.8
ga_ls50_elites,GA 50% LS [LS on elites],test,test_7,6,3,645,-1,26.33328976919959,24.98585664519292,8.92255849999492,8.859375,77946,300,1,0.5,0.1,0.8
ga_ls100_elites,GA 100% LS [LS on elites],test,test_7,6,3,645,-1,33.761049166944616,31.77107230930489,8.659953999973368,8.609375,96000,300,1,1.0,0.1,0.8
ga_sched_elites,GA scheduled LS [LS on elites],test,test_7,6,3,645,-1,28.95679932244229,27.05058838598697,8.135866800002987,8.0625,79320,300,1,0.5333333333333333,0.1,0.8
rlga_elites,RL-GA [LS on elites],test,test_7,6,3,645,0,29.577552299605546,28.117307730921308,10.824247599986847,10.796875,93852,300,1,0.9420000000000001,0.135,0.7953125000000001
ga_ls00,GA no LS,test,test_7,6,4,646,-1,34.85391704548283,33.166469096199386,7.118688299990026,7.046875,60000,300,1,0.0,0.1,0.8
ga_ls10_offspring,GA 10% LS [LS on offspring],test,test_7,6,4,646,-1,27.4654976331261,26.079400262768623,7.682174899993697,7.625,76488,300,1,0.09999999999999999,0.1,0.8
ga_ls50_offspring,GA 50% LS [LS on offspring],test,test_7,6,4,646,-1,31.699177097870248,30.030711115525992,11.834967700007837,11.765625,141114,300,1,0.5,0.1,0.8
ga_ls100_offspring,GA 100% LS [LS on offspring],test,test_7,6,4,646,-1,35.14092517523025,33.574170673168815,15.007549999980256,14.90625,222000,300,1,1.0,0.1,0.8
ga_sched_offspring,GA scheduled LS [LS on offspring],test,test_7,6,4,646,-1,27.105356771181572,25.732106653550264,9.753174900019076,9.65625,146598,300,1,0.5333333333333333,0.1,0.8
rlga_offspring,RL-GA [LS on offspring],test,test_7,6,4,646,1,27.55146575310296,25.927775191915536,10.451111099973787,10.375,102588,300,1,0.26672005216564626,0.10125,0.8250000000000001
ga_ls10_elites,GA 10% LS [LS on elites],test,test_7,6,4,646,-1,32.47632583413757,30.669700938212532,9.141897399997106,9.046875,63492,300,1,0.09999999999999999,0.1,0.8
ga_ls50_elites,GA 50% LS [LS on elites],test,test_7,6,4,646,-1,36.106403965178785,34.69045496267524,9.035245899984147,9.015625,77844,300,1,0.5,0.1,0.8
ga_ls100_elites,GA 100% LS [LS on elites],test,test_7,6,4,646,-1,29.975175613777548,28.547059946441347,10.290531899983762,10.25,96000,300,1,1.0,0.1,0.8
ga_sched_elites,GA scheduled LS [LS on elites],test,test_7,6,4,646,-1,33.38566693752038,31.438741216653774,10.692794200003846,10.65625,79080,300,1,0.5333333333333333,0.1,0.8
rlga_elites,RL-GA [LS on elites],test,test_7,6,4,646,1,39.73854035710369,38.00061474602008,9.896602699998766,9.78125,91764,300,1,0.8806666666666666,0.1375,0.8125000000000001
ga_ls00,GA no LS,test,test_7,6,5,647,-1,34.31341658477259,32.81117522208356,9.89533559998381,9.84375,60000,300,1,0.0,0.1,0.8
ga_ls10_offspring,GA 10% LS [LS on offspring],test,test_7,6,5,647,-1,36.09110759320621,34.2371227256215,9.779192700021667,9.671875,76128,300,1,0.09999999999999999,0.1,0.8
ga_ls50_offspring,GA 50% LS [LS on offspring],test,test_7,6,5,647,-1,33.03911837806747,31.81296100226791,11.261316500022076,11.171875,141180,300,1,0.5,0.1,0.8
ga_ls100_offspring,GA 100% LS [LS on offspring],test,test_7,6,5,647,-1,34.74497256988966,33.00402325579481,14.692029300000286,14.625,222000,300,1,1.0,0.1,0.8
ga_sched_offspring,GA scheduled LS [LS on offspring],test,test_7,6,5,647,-1,34.513414213175636,32.7089032312336,13.610211499995785,13.546875,146442,300,1,0.5333333333333333,0.1,0.8
rlga_offspring,RL-GA [LS on offspring],test,test_7,6,5,647,2,36.76836272219904,35.007661624544184,12.140217100008158,12.109375,168480,300,1,0.6685,0.11843750000000001,0.8500000000000001
ga_ls10_elites,GA 10% LS [LS on elites],test,test_7,6,5,647,-1,31.747901879202765,30.12269433851924,8.976821600022959,8.828125,63756,300,1,0.09999999999999999,0.1,0.8
ga_ls50_elites,GA 50% LS [LS on elites],test,test_7,6,5,647,-1,30.506672068941736,28.895255137508098,7.797714400017867,7.765625,78336,300,1,0.5,0.1,0.8
ga_ls100_elites,GA 100% LS [LS on elites],test,test_7,6,5,647,-1,31.495384892191293,29.941568406419346,10.345671499992022,10.28125,96000,300,1,1.0,0.1,0.8
ga_sched_elites,GA scheduled LS [LS on elites],test,test_7,6,5,647,-1,31.67455822775075,30.0488025372644,10.459191299974918,10.421875,79230,300,1,0.5333333333333333,0.1,0.8
rlga_elites,RL-GA [LS on elites],test,test_7,6,5,647,2,39.75396574599727,38.05642272869737,9.786228300014045,9.75,85506,300,1,0.7016666666666667,0.07765625,0.8398437500000001
ga_ls00,GA no LS,test,test_7,6,6,648,-1,30.880437226813736,29.296080158954442,7.379557999985991,7.34375,60000,300,1,0.0,0.1,0.8
ga_ls10_offspring,GA 10% LS [LS on offspring],test,test_7,6,6,648,-1,35.374336713634996,33.64828276203731,8.181630799983395,8.140625,76086,300,1,0.09999999999999999,0.1,0.8
ga_ls50_offspring,GA 50% LS [LS on offspring],test,test_7,6,6,648,-1,36.98286803988769,35.34676565799898,14.02606500001275,13.984375,141168,300,1,0.5,0.1,0.8
ga_ls100_offspring,GA 100% LS [LS on offspring],test,test_7,6,6,648,-1,31.26613610263663,29.787341875138544,12.527074399986304,12.46875,222000,300,1,1.0,0.1,0.8
ga_sched_offspring,GA scheduled LS [LS on offspring],test,test_7,6,6,648,-1,34.39460666968742,32.778035962293956,9.839732699998422,9.8125,146214,300,1,0.5333333333333333,0.1,0.8
rlga_offspring,RL-GA [LS on offspring],test,test_7,6,6,648,0,33.370987266532914,31.89848499539718,11.46397879999131,11.40625,148404,300,1,0.5458419596354167,0.09435180664062501,0.7999450683593751
ga_ls10_elites,GA 10% LS [LS on elites],test,test_7,6,6,648,-1,34.44327183539867,32.65431888077382,8.363636599999154,8.359375,63402,300,1,0.09999999999999999,0.1,0.8
ga_ls50_elites,GA 50% LS [LS on elites],test,test_7,6,6,648,-1,32.63853364072692,31.390872126792004,8.117384499986656,8.09375,78012,300,1,0.5,0.1,0.8
ga_ls100_elites,GA 100% LS [LS on elites],test,test_7,6,6,648,-1,31.086656487552016,29.914001206639526,11.896303399989847,11.859375,96000,300,1,1.0,0.1,0.8
ga_sched_elites,GA scheduled LS [LS on elites],test,test_7,6,6,648,-1,34.32992421297354,32.5338435917556,9.364223199983826,9.34375,79092,300,1,0.5333333333333333,0.1,0.8
rlga_elites,RL-GA [LS on elites],test,test_7,6,6,648,0,32.80486413955632,31.340398416167464,9.491216599999461,9.46875,88344,300,1,0.7871250000000001,0.1140625,0.8271484375
ga_ls00,GA no LS,test,test_7,6,7,649,-1,32.36462366423039,30.70896187683918,8.608276899991324,8.59375,60000,300,1,0.0,0.1,0.8
ga_ls10_offspring,GA 10% LS [LS on offspring],test,test_7,6,7,649,-1,33.61497511008838,31.74388913913942,8.33221069999854,8.328125,76722,300,1,0.09999999999999999,0.1,0.8
ga_ls50_offspring,GA 50% LS [LS on offspring],test,test_7,6,7,649,-1,30.457479018519432,28.91870564934747,11.51056540000718,11.453125,141072,300,1,0.5,0.1,0.8
ga_ls100_offspring,GA 100% LS [LS on offspring],test,test_7,6,7,649,-1,32.350196990532645,30.3707815603052,15.0905982000113,14.984375,222000,300,1,1.0,0.1,0.8
ga_sched_offspring,GA scheduled LS [LS on offspring],test,test_7,6,7,649,-1,33.22785819221711,31.392914981824788,11.365694200008875,11.296875,147246,300,1,0.5333333333333333,0.1,0.8
rlga_offspring,RL-GA [LS on offspring],test,test_7,6,7,649,1,33.44625441566611,31.807976478779253,8.757970400009071,8.71875,121404,300,1,0.37771875,0.1269806093815714,0.76875
ga_ls10_elites,GA 10% LS [LS on elites],test,test_7,6,7,649,-1,35.76453993848748,33.93245654156132,7.996283899992704,7.953125,63534,300,1,0.09999999999999999,0.1,0.8
ga_ls50_elites,GA 50% LS [LS on elites],test,test_7,6,7,649,-1,37.60541220449581,35.9779815197869,11.167235300003085,11.109375,77820,300,1,0.5,0.1,0.8
ga_ls100_elites,GA 100% LS [LS on elites],test,test_7,6,7,649,-1,30.286298717036793,28.58131027948445,8.615398499998264,8.5625,96000,300,1,1.0,0.1,0.8
ga_sched_elites,GA scheduled LS [LS on elites],test,test_7,6,7,649,-1,35.66057405572837,33.82901008272161,9.077104500000132,8.984375,79164,300,1,0.5333333333333333,0.1,0.8
rlga_elites,RL-GA [LS on elites],test,test_7,6,7,649,1,32.104872530358406,30.20016878838292,12.248224200011464,12.15625,91920,300,1,0.8842499999999999,0.17773437499999997,0.73125
ga_ls00,GA no LS,test,test_7,6,8,650,-1,33.93597170733046,32.664102054780855,7.669980800012127,7.65625,60000,300,1,0.0,0.1,0.8
ga_ls10_offspring,GA 10% LS [LS on offspring],test,test_7,6,8,650,-1,36.15192254241231,34.60535968604296,9.131781100004446,9.109375,76332,300,1,0.09999999999999999,0.1,0.8
ga_ls50_offspring,GA 50% LS [LS on offspring],test,test_7,6,8,650,-1,34.725149976197244,33.22988117995489,10.434320600004867,10.34375,141084,300,1,0.5,0.1,0.8
ga_ls100_offspring,GA 100% LS [LS on offspring],test,test_7,6,8,650,-1,36.027384480626665,34.24890585411563,12.0052805999876,11.9375,222000,300,1,1.0,0.1,0.8
ga_sched_offspring,GA scheduled LS [LS on offspring],test,test_7,6,8,650,-1,35.95334517072454,34.43458339591395,13.687533499993151,13.59375,146298,300,1,0.5333333333333333,0.1,0.8
rlga_offspring,RL-GA [LS on offspring],test,test_7,6,8,650,2,34.01228828130685,32.404030834919325,10.146068800007924,10.046875,114900,300,1,0.33991666666666664,0.0828125,0.5
ga_ls10_elites,GA 10% LS [LS on elites],test,test_7,6,8,650,-1,37.39827658319182,35.744941070044035,8.331674199987901,8.28125,63564,300,1,0.09999999999999999,0.1,0.8
ga_ls50_elites,GA 50% LS [LS on elites],test,test_7,6,8,650,-1,34.28188199420256,32.63371915891223,11.014084900001762,10.921875,77910,300,1,0.5,0.1,0.8
ga_ls100_elites,GA 100% LS [LS on elites],test,test_7,6,8,650,-1,36.34016583641688,34.64670659064373,8.794774899986805,8.65625,96000,300,1,1.0,0.1,0.8
ga_sched_elites,GA scheduled LS [LS on elites],test,test_7,6,8,650,-1,37.20943191660198,35.55144478104376,9.568610100017395,9.53125,79176,300,1,0.5333333333333333,0.1,0.8
rlga_elites,RL-GA [LS on elites],test,test_7,6,8,650,2,37.52919418898234,36.01030019247928,9.854991300002439,9.796875,85482,300,1,0.7063333333333334,0.08875,0.68125
ga_ls00,GA no LS,test,test_7,6,9,651,-1,27.9021942411311,26.300470646459566,6.898030900018057,6.875,60000,300,1,0.0,0.1,0.8
ga_ls10_offspring,GA 10% LS [LS on offspring],test,test_7,6,9,651,-1,32.340025677095404,30.851261775529544,8.459622399997897,8.375,76254,300,1,0.09999999999999999,0.1,0.8
ga_ls50_offspring,GA 50% LS [LS on offspring],test,test_7,6,9,651,-1,37.66571322891253,36.11224000135452,13.367592399998102,13.28125,141450,300,1,0.5,0.1,0.8
ga_ls100_offspring,GA 100% LS [LS on offspring],test,test_7,6,9,651,-1,30.23468288328758,28.676349971219217,17.204517200007103,17.03125,222000,300,1,1.0,0.1,0.8
ga_sched_offspring,GA scheduled LS [LS on offspring],test,test_7,6,9,651,-1,31.729015767411166,30.178988059295822,10.694517700001597,10.640625,146616,300,1,0.5333333333333333,0.1,0.8
rlga_offspring,RL-GA [LS on offspring],test,test_7,6,9,651,0,28.725977275181222,27.11848731766923,13.230735199991614,13.171875,187818,300,1,0.7894166666666668,0.06999999999999999,1.0
ga_ls10_elites,GA 10% LS [LS on elites],test,test_7,6,9,651,-1,36.974062950031154,35.31976516521718,9.598398000001907,9.53125,63606,300,1,0.09999999999999999,0.1,0.8
ga_ls50_elites,GA 50% LS [LS on elites],test,test_7,6,9,651,-1,32.451489563310375,30.797546479755137,8.032920800003922,7.984375,77826,300,1,0.5,0.1,0.8
ga_ls100_elites,GA 100% LS [LS on elites],test,test_7,6,9,651,-1,39.760513518671914,38.28601953671933,11.716795300017111,11.640625,96000,300,1,1.0,0.1,0.8
ga_sched_elites,GA scheduled LS [LS on elites],test,test_7,6,9,651,-1,33.475560095892384,31.867555471287623,10.724729999987176,10.625,79248,300,1,0.5333333333333333,0.1,0.8
rlga_elites,RL-GA [LS on elites],test,test_7,6,9,651,0,30.16235358222176,28.780704349776993,9.660644299990963,9.609375,85566,300,1,0.7181666666666666,0.1325,0.75
ga_ls00,GA no LS,test,test_8,7,0,742,-1,32.842199329994685,31.0452144732801,7.568661299999803,7.5,60000,300,1,0.0,0.1,0.8
ga_ls10_offspring,GA 10% LS [LS on offspring],test,test_8,7,0,742,-1,32.84310522923813,31.217578532074153,8.94918600001256,8.90625,76554,300,1,0.09999999999999999,0.1,0.8
ga_ls50_offspring,GA 50% LS [LS on offspring],test,test_8,7,0,742,-1,34.20195678422802,32.77167898083186,12.640332500013756,12.578125,141618,300,1,0.5,0.1,0.8
ga_ls100_offspring,GA 100% LS [LS on offspring],test,test_8,7,0,742,-1,32.21175227682303,30.415489050956396,16.58212479998474,16.5,222000,300,1,1.0,0.1,0.8
ga_sched_offspring,GA scheduled LS [LS on offspring],test,test_8,7,0,742,-1,33.616187405262785,31.906773482971907,12.697021899977699,12.59375,147168,300,1,0.5333333333333333,0.1,0.8
rlga_offspring,RL-GA [LS on offspring],test,test_8,7,0,742,0,34.23789849095478,32.77159195407576,9.74972570000682,9.703125,94746,300,1,0.20970473306377732,0.09811887665186078,0.7562499997438863
ga_ls10_elites,GA 10% LS [LS on elites],test,test_8,7,0,742,-1,33.8632161480777,32.235524349413666,7.240800900006434,7.1875,63504,300,1,0.09999999999999999,0.1,0.8
ga_ls50_elites,GA 50% LS [LS on elites],test,test_8,7,0,742,-1,34.70848278385245,32.910792478361714,9.59856939999736,9.53125,78042,300,1,0.5,0.1,0.8
ga_ls100_elites,GA 100% LS [LS on elites],test,test_8,7,0,742,-1,25.85064290233819,24.524094933732236,10.501994100020966,10.453125,96000,300,1,1.0,0.1,0.8
ga_sched_elites,GA scheduled LS [LS on elites],test,test_8,7,0,742,-1,33.66766845886052,32.03848090991429,7.789935900014825,7.734375,79032,300,1,0.5333333333333333,0.1,0.8
rlga_elites,RL-GA [LS on elites],test,test_8,7,0,742,0,29.795383483061656,28.274770257853955,7.9622732999851,7.953125,75606,300,1,0.4341162574685938,0.1197511310896158,0.7686950743207945
ga_ls00,GA no LS,test,test_8,7,1,743,-1,32.34964172380021,30.66491079383794,9.171179500001017,9.140625,60000,300,1,0.0,0.1,0.8
ga_ls10_offspring,GA 10% LS [LS on offspring],test,test_8,7,1,743,-1,35.76381879686821,34.09818277226255,9.254000399989309,9.1875,75654,300,1,0.09999999999999999,0.1,0.8
ga_ls50_offspring,GA 50% LS [LS on offspring],test,test_8,7,1,743,-1,31.230765953759253,29.490969561905946,15.020205200009514,14.9375,141060,300,1,0.5,0.1,0.8
ga_ls100_offspring,GA 100% LS [LS on offspring],test,test_8,7,1,743,-1,32.59819983596076,31.031060562544635,18.343068300018786,18.234375,222000,300,1,1.0,0.1,0.8
ga_sched_offspring,GA scheduled LS [LS on offspring],test,test_8,7,1,743,-1,35.6029818507127,33.886538773481625,12.913414599985117,12.8125,146250,300,1,0.5333333333333333,0.1,0.8
rlga_offspring,RL-GA [LS on offspring],test,test_8,7,1,743,1,33.06611681117934,31.85848321554184,13.107145699992543,13.015625,111318,300,1,0.3167282888988654,0.101251220703125,0.8000244140625
ga_ls10_elites,GA 10% LS [LS on elites],test,test_8,7,1,743,-1,32.977522952699836,31.476259467688593,8.453160000004573,8.421875,63468,300,1,0.09999999999999999,0.1,0.8
ga_ls50_elites,GA 50% LS [LS on elites],test,test_8,7,1,743,-1,32.07812497845251,30.33036117596812,9.390568000002531,9.390625,78084,300,1,0.5,0.1,0.8
ga_ls100_elites,GA 100% LS [LS on elites],test,test_8,7,1,743,-1,29.31766214000037,27.831806801048234,9.722921700013103,9.625,96000,300,1,1.0,0.1,0.8
ga_sched_elites,GA scheduled LS [LS on elites],test,test_8,7,1,743,-1,32.59207117552642,31.101988034778447,9.466907499998342,9.390625,79104,300,1,0.5333333333333333,0.1,0.8
rlga_elites,RL-GA [LS on elites],test,test_8,7,1,743,1,34.179042245781815,32.87863092898117,9.249577800015686,9.203125,74928,300,1,0.41799228292402324,0.09820259869103912,1.0
ga_ls00,GA no LS,test,test_8,7,2,744,-1,33.13385416177144,31.291010602226557,8.826311699987855,8.828125,60000,300,1,0.0,0.1,0.8
ga_ls10_offspring,GA 10% LS [LS on offspring],test,test_8,7,2,744,-1,36.64260445908042,34.92265834059174,10.767779399990104,10.703125,76362,300,1,0.09999999999999999,0.1,0.8
ga_ls50_offspring,GA 50% LS [LS on offspring],test,test_8,7,2,744,-1,28.398393139128785,26.829269667982935,12.108664500003215,12.046875,139812,300,1,0.5,0.1,0.8
ga_ls100_offspring,GA 100% LS [LS on offspring],test,test_8,7,2,744,-1,34.00147109757671,31.993609381877633,18.150011100020492,17.953125,222000,300,1,1.0,0.1,0.8
ga_sched_offspring,GA scheduled LS [LS on offspring],test,test_8,7,2,744,-1,35.643221024506985,34.02098480221392,16.172225999995135,16.03125,146124,300,1,0.5333333333333333,0.1,0.8
rlga_offspring,RL-GA [LS on offspring],test,test_8,7,2,744,2,30.839676227904075,29.15879515448399,12.54138629999943,12.5,135348,300,1,0.46649999999999997,0.11249999999999998,0.8125000000000002
ga_ls10_elites,GA 10% LS [LS on elites],test,test_8,7,2,744,-1,32.99454731167201,31.26780682036478,10.735180499992566,10.671875,63528,300,1,0.09999999999999999,0.1,0.8
ga_ls50_elites,GA 50% LS [LS on elites],test,test_8,7,2,744,-1,33.08540868790067,31.553475019309435,7.840410999982851,7.75,77718,300,1,0.5,0.1,0.8
ga_ls100_elites,GA 100% LS [LS on elites],test,test_8,7,2,744,-1,33.7754841607366,32.08011571170756,12.188895400002366,12.125,96000,300,1,1.0,0.1,0.8
ga_sched_elites,GA scheduled LS [LS on elites],test,test_8,7,2,744,-1,34.087912414099826,32.28220856093417,12.793133600003785,12.71875,79020,300,1,0.5333333333333333,0.1,0.8
rlga_elites,RL-GA [LS on elites],test,test_8,7,2,744,2,30.12024756948591,28.511415711455733,11.591996700008167,11.5625,85836,300,1,0.7146666666666666,0.06640625,0.9203125000000002
ga_ls00,GA no LS,test,test_8,7,3,745,-1,38.427586066495564,36.96956377479421,8.14649620000273,8.015625,60000,300,1,0.0,0.1,0.8
ga_ls10_offspring,GA 10% LS [LS on offspring],test,test_8,7,3,745,-1,38.12565766367406,36.46877867951184,8.94280659998185,8.890625,76686,300,1,0.09999999999999999,0.1,0.8
ga_ls50_offspring,GA 50% LS [LS on offspring],test,test_8,7,3,745,-1,37.36948224779648,35.86841447014615,9.826704499981133,9.75,140652,300,1,0.5,0.1,0.8
ga_ls100_offspring,GA 100% LS [LS on offspring],test,test_8,7,3,745,-1,34.15753444500826,32.55808776576376,14.149889299995266,14.015625,222000,300,1,1.0,0.1,0.8
ga_sched_offspring,GA scheduled LS [LS on offspring],test,test_8,7,3,745,-1,37.45977459939072,35.868817863494115,12.535581800009822,12.5,146568,300,1,0.5333333333333333,0.1,0.8
rlga_offspring,RL-GA [LS on offspring],test,test_8,7,3,745,0,28.879818595835697,27.495171772092295,16.199236299988115,16.03125,162576,300,1,0.6319999999999999,0.055,0.9
ga_ls10_elites,GA 10% LS [LS on elites],test,test_8,7,3,745,-1,34.9935060923732,33.64874191171881,8.93347069999436,8.84375,63582,300,1,0.09999999999999999,0.1,0.8
ga_ls50_elites,GA 50% LS [LS on elites],test,test_8,7,3,745,-1,38.11218752894477,36.479009142976174,9.507870799978264,9.484375,77904,300,1,0.5,0.1,0.8
ga_ls100_elites,GA 100% LS [LS on elites],test,test_8,7,3,745,-1,37.54346632169325,35.757471870472585,10.991369800001848,10.921875,96000,300,1,1.0,0.1,0.8
ga_sched_elites,GA scheduled LS [LS on elites],test,test_8,7,3,745,-1,34.51251571622054,33.16315762996037,9.511785199982114,9.46875,79122,300,1,0.5333333333333333,0.1,0.8
rlga_elites,RL-GA [LS on elites],test,test_8,7,3,745,0,35.531186296292866,33.85374986748801,8.346977800014429,8.328125,79824,300,1,0.5478333333333334,0.13710693359374998,0.70001220703125
ga_ls00,GA no LS,test,test_8,7,4,746,-1,35.300842397049415,34.014031073598545,6.946551899978658,6.9375,60000,300,1,0.0,0.1,0.8
ga_ls10_offspring,GA 10% LS [LS on offspring],test,test_8,7,4,746,-1,34.05595036911917,32.474783655265156,10.635827200021595,10.625,76038,300,1,0.09999999999999999,0.1,0.8
ga_ls50_offspring,GA 50% LS [LS on offspring],test,test_8,7,4,746,-1,31.30946480556574,29.760938236986547,14.074303899978986,13.953125,140826,300,1,0.5,0.1,0.8
ga_ls100_offspring,GA 100% LS [LS on offspring],test,test_8,7,4,746,-1,25.741253032039115,24.14324739158501,16.943291000003228,16.859375,222000,300,1,1.0,0.1,0.8
ga_sched_offspring,GA scheduled LS [LS on offspring],test,test_8,7,4,746,-1,33.56579529069432,31.981405640321324,15.211245499987854,15.0,146376,300,1,0.5333333333333333,0.1,0.8
rlga_offspring,RL-GA [LS on offspring],test,test_8,7,4,746,1,34.1360901778498,32.636967551617616,13.242725300020538,13.21875,129498,300,1,0.4286905854893848,0.06453857421875,0.5875
ga_ls10_elites,GA 10% LS [LS on elites],test,test_8,7,4,746,-1,36.90560452112212,35.19840969658816,7.176043600018602,7.125,63594,300,1,0.09999999999999999,0.1,0.8
ga_ls50_elites,GA 50% LS [LS on elites],test,test_8,7,4,746,-1,37.46955730817144,35.7670931860738,11.9936017,11.921875,77946,300,1,0.5,0.1,0.8
ga_ls100_elites,GA 100% LS [LS on elites],test,test_8,7,4,746,-1,25.923959175888992,24.290337020426126,11.259055900009116,11.21875,96000,300,1,1.0,0.1,0.8
ga_sched_elites,GA scheduled LS [LS on elites],test,test_8,7,4,746,-1,34.740814094836615,33.30992432432776,7.973963900003582,7.9375,79284,300,1,0.5333333333333333,0.1,0.8
rlga_elites,RL-GA [LS on elites],test,test_8,7,4,746,1,36.801487510611516,35.44302449227173,8.418074300017906,8.359375,92070,300,1,0.88625,0.14083984374999997,0.8515625000000001
ga_ls00,GA no LS,test,test_8,7,5,747,-1,28.38319678829737,26.739736619903628,8.172562499996275,8.09375,60000,300,1,0.0,0.1,0.8
ga_ls10_offspring,GA 10% LS [LS on offspring],test,test_8,7,5,747,-1,36.36713463512613,34.674133623652914,8.798821400007,8.71875,76584,300,1,0.09999999999999999,0.1,0.8
ga_ls50_offspring,GA 50% LS [LS on offspring],test,test_8,7,5,747,-1,33.04372656315792,31.253733706810458,13.550429800001439,13.46875,140976,300,1,0.5,0.1,0.8
ga_ls100_offspring,GA 100% LS [LS on offspring],test,test_8,7,5,747,-1,31.245351319331633,29.577850799603585,15.620447900000727,15.40625,222000,300,1,1.0,0.1,0.8
ga_sched_offspring,GA scheduled LS [LS on offspring],test,test_8,7,5,747,-1,34.98255741311863,33.21172659502102,12.032727600017097,11.890625,146148,300,1,0.5333333333333333,0.1,0.8
rlga_offspring,RL-GA [LS on offspring],test,test_8,7,5,747,2,33.994083883890944,32.2399483109999,12.41962220001733,12.234375,147564,300,1,0.54,0.0875,0.6124999999999998
ga_ls10_elites,GA 10% LS [LS on elites],test,test_8,7,5,747,-1,40.09141949557958,38.16466759307662,8.606451200001175,8.546875,63654,300,1,0.09999999999999999,0.1,0.8
ga_ls50_elites,GA 50% LS [LS on elites],test,test_8,7,5,747,-1,37.88628177813661,36.15326372648371,9.625199700007215,9.53125,78072,300,1,0.5,0.1,0.8
ga_ls100_elites,GA 100% LS [LS on elites],test,test_8,7,5,747,-1,35.384223392527495,33.514796136234445,11.673821000003954,11.546875,96000,300,1,1.0,0.1,0.8
ga_sched_elites,GA scheduled LS [LS on elites],test,test_8,7,5,747,-1,39.131047289554175,37.270269739654125,9.752519100002246,9.65625,79428,300,1,0.5333333333333333,0.1,0.8
rlga_elites,RL-GA [LS on elites],test,test_8,7,5,747,2,38.475006521678914,36.72575495116913,11.605341899994528,11.46875,84870,300,1,0.6906666666666668,0.09000000000000001,0.3
ga_ls00,GA no LS,test,test_8,7,6,748,-1,34.79822691725189,33.14865960552088,7.816940299991984,7.609375,60000,300,1,0.0,0.1,0.8
ga_ls10_offspring,GA 10% LS [LS on offspring],test,test_8,7,6,748,-1,30.008919564910403,28.637507284929246,7.8539084999938495,7.796875,76146,300,1,0.09999999999999999,0.1,0.8
ga_ls50_offspring,GA 50% LS [LS on offspring],test,test_8,7,6,748,-1,33.70234440589912,32.15595180555872,11.166219299979275,10.90625,141336,300,1,0.5,0.1,0.8
ga_ls100_offspring,GA 100% LS [LS on offspring],test,test_8,7,6,748,-1,43.084602779846705,41.49223676326485,14.43915960000595,14.25,222000,300,1,1.0,0.1,0.8
ga_sched_offspring,GA scheduled LS [LS on offspring],test,test_8,7,6,748,-1,31.620500175349047,30.172331021815694,12.015008300018962,11.84375,146934,300,1,0.5333333333333333,0.1,0.8
rlga_offspring,RL-GA [LS on offspring],test,test_8,7,6,748,0,40.17351514888711,38.48458635880557,15.784027699992293,15.59375,136308,300,1,0.47101041666666676,0.07154296875,0.9719726562500002
ga_ls10_elites,GA 10% LS [LS on elites],test,test_8,7,6,748,-1,33.91541793024573,32.063675725986826,8.532374700007495,8.34375,63468,300,1,0.09999999999999999,0.1,0.8
ga_ls50_elites,GA 50% LS [LS on elites],test,test_8,7,6,748,-1,33.156553483926444,31.310797385587968,10.480982900015078,10.3125,77628,300,1,0.5,0.1,0.8
ga_ls100_elites,GA 100% LS [LS on elites],test,test_8,7,6,748,-1,35.16835096974842,33.67417474139843,8.737071599985939,8.5625,96000,300,1,1.0,0.1,0.8
ga_sched_elites,GA scheduled LS [LS on elites],test,test_8,7,6,748,-1,34.07099715286221,32.19715338625577,9.558933799999068,9.453125,79098,300,1,0.5333333333333333,0.1,0.8
rlga_elites,RL-GA [LS on elites],test,test_8,7,6,748,0,29.575712633451975,28.108897216696278,9.885994099982781,9.671875,85830,300,1,0.7158333333333333,0.1575,0.6749999999999999
ga_ls00,GA no LS,test,test_8,7,7,749,-1,34.80558674810612,33.0939824316139,8.295364100020379,8.234375,60000,300,1,0.0,0.1,0.8
ga_ls10_offspring,GA 10% LS [LS on offspring],test,test_8,7,7,749,-1,37.61744162584396,35.886725199136535,9.990259100013645,9.734375,76458,300,1,0.09999999999999999,0.1,0.8
ga_ls50_offspring,GA 50% LS [LS on offspring],test,test_8,7,7,749,-1,34.304088090180365,32.58187367048151,12.472723999992013,12.296875,141024,300,1,0.5,0.1,0.8
ga_ls100_offspring,GA 100% LS [LS on offspring],test,test_8,7,7,749,-1,33.053270988832956,31.404554429776148,18.1949582999805,18.03125,222000,300,1,1.0,0.1,0.8
ga_sched_offspring,GA scheduled LS [LS on offspring],test,test_8,7,7,749,-1,37.44739106316833,35.807648791130134,15.14367909997236,14.9375,146820,300,1,0.5333333333333333,0.1,0.8
rlga_offspring,RL-GA [LS on offspring],test,test_8,7,7,749,1,32.61178677834063,30.84442121716144,10.921963100001449,10.765625,138156,300,1,0.4849022115071614,0.11717329166829586,0.825
ga_ls10_elites,GA 10% LS [LS on elites],test,test_8,7,7,749,-1,37.75742907567834,36.29370917769066,9.706102299998747,9.546875,63594,300,1,0.09999999999999999,0.1,0.8
ga_ls50_elites,GA 50% LS [LS on elites],test,test_8,7,7,749,-1,38.248298706350084,36.41131818080547,11.84619440001552,11.6875,78246,300,1,0.5,0.1,0.8
ga_ls100_elites,GA 100% LS [LS on elites],test,test_8,7,7,749,-1,35.28281733720753,33.66148925190988,12.168422400020063,12.03125,96000,300,1,1.0,0.1,0.8
ga_sched_elites,GA scheduled LS [LS on elites],test,test_8,7,7,749,-1,37.61846618577686,36.160845336788526,11.407764800009318,11.296875,79440,300,1,0.5333333333333333,0.1,0.8
rlga_elites,RL-GA [LS on elites],test,test_8,7,7,749,1,36.82142758959392,35.17241739421994,9.228327500022715,9.140625,86856,300,1,0.7459986979166666,0.12576950073242188,0.8250564575195314
ga_ls00,GA no LS,test,test_8,7,8,750,-1,33.099411852992574,31.44421782248487,8.094628999999259,7.953125,60000,300,1,0.0,0.1,0.8
ga_ls10_offspring,GA 10% LS [LS on offspring],test,test_8,7,8,750,-1,34.36287042933242,32.503434209322556,8.527482800011057,8.453125,76470,300,1,0.09999999999999999,0.1,0.8
ga_ls50_offspring,GA 50% LS [LS on offspring],test,test_8,7,8,750,-1,32.8746009852085,31.13655934080688,13.243972600001143,13.0,141816,300,1,0.5,0.1,0.8
ga_ls100_offspring,GA 100% LS [LS on offspring],test,test_8,7,8,750,-1,35.548128320070845,33.822683511895484,16.602773999999044,16.46875,222000,300,1,1.0,0.1,0.8
ga_sched_offspring,GA scheduled LS [LS on offspring],test,test_8,7,8,750,-1,33.61039242138927,31.80520821023185,11.481198299996322,11.3125,146604,300,1,0.5333333333333333,0.1,0.8
rlga_offspring,RL-GA [LS on offspring],test,test_8,7,8,750,2,29.982191004294936,28.267013465263837,10.247485200001393,10.171875,137046,300,1,0.4773333333333333,0.135,0.6968749999999999
ga_ls10_elites,GA 10% LS [LS on elites],test,test_8,7,8,750,-1,31.188888715629837,29.391369543738456,8.621996300003957,8.53125,63876,300,1,0.09999999999999999,0.1,0.8
ga_ls50_elites,GA 50% LS [LS on elites],test,test_8,7,8,750,-1,28.42321599145772,26.862188875250357,10.1601384000096,10.0625,77760,300,1,0.5,0.1,0.8
ga_ls100_elites,GA 100% LS [LS on elites],test,test_8,7,8,750,-1,30.48715039811296,28.990300018859674,8.704036699986318,8.640625,96000,300,1,1.0,0.1,0.8
ga_sched_elites,GA scheduled LS [LS on elites],test,test_8,7,8,750,-1,31.094623515323313,29.301468719287335,9.789154099998996,9.671875,79614,300,1,0.5333333333333333,0.1,0.8
rlga_elites,RL-GA [LS on elites],test,test_8,7,8,750,2,37.20900630187585,35.413237352805716,11.634618900017813,11.484375,85068,300,1,0.694,0.1045703125,0.8918457031250001
ga_ls00,GA no LS,test,test_8,7,9,751,-1,34.66338001695365,33.21896782796643,8.621185099997092,8.390625,60000,300,1,0.0,0.1,0.8
ga_ls10_offspring,GA 10% LS [LS on offspring],test,test_8,7,9,751,-1,38.3263931023268,36.83031994104146,7.72613409999758,7.5625,76026,300,1,0.09999999999999999,0.1,0.8
ga_ls50_offspring,GA 50% LS [LS on offspring],test,test_8,7,9,751,-1,36.07698146298482,34.41002582360871,11.010189699998591,10.84375,140862,300,1,0.5,0.1,0.8
ga_ls100_offspring,GA 100% LS [LS on offspring],test,test_8,7,9,751,-1,36.27746160177362,34.58217726248617,22.051405600010185,21.703125,222000,300,1,1.0,0.1,0.8
ga_sched_offspring,GA scheduled LS [LS on offspring],test,test_8,7,9,751,-1,38.17135629471328,36.67218304899372,10.018146199989133,9.90625,145968,300,1,0.5333333333333333,0.1,0.8
rlga_offspring,RL-GA [LS on offspring],test,test_8,7,9,751,0,33.93057539600392,32.13187739931644,12.231964399979915,12.109375,142074,300,1,0.5044166666666666,0.08693359375000001,0.751953125
ga_ls10_elites,GA 10% LS [LS on elites],test,test_8,7,9,751,-1,40.04184295746537,38.35028893218249,7.845753799978411,7.78125,63396,300,1,0.09999999999999999,0.1,0.8
ga_ls50_elites,GA 50% LS [LS on elites],test,test_8,7,9,751,-1,38.51834152079173,36.636530127447756,11.07809600001201,10.9375,78318,300,1,0.5,0.1,0.8
ga_ls100_elites,GA 100% LS [LS on elites],test,test_8,7,9,751,-1,36.53315747988221,34.85680655877839,8.789730499993311,8.65625,96000,300,1,1.0,0.1,0.8
ga_sched_elites,GA scheduled LS [LS on elites],test,test_8,7,9,751,-1,37.46509474344198,35.771390878551415,9.795289999980014,9.703125,79200,300,1,0.5333333333333333,0.1,0.8
rlga_elites,RL-GA [LS on elites],test,test_8,7,9,751,0,34.22043867503456,32.30559863715935,12.394868000003044,12.203125,82884,300,1,0.6348750000000001,0.12875,0.7877441406250001
ga_ls00,GA no LS,test,test_9,8,0,842,-1,35.33476595789627,33.671590680717344,7.896012499986682,7.765625,60000,300,1,0.0,0.1,0.8
ga_ls10_offspring,GA 10% LS [LS on offspring],test,test_9,8,0,842,-1,40.28092372835458,38.90133947001638,8.292862800008152,8.21875,76536,300,1,0.09999999999999999,0.1,0.8
ga_ls50_offspring,GA 50% LS [LS on offspring],test,test_9,8,0,842,-1,39.48361366418453,38.25174950198445,9.637539299990749,9.484375,140370,300,1,0.5,0.1,0.8
ga_ls100_offspring,GA 100% LS [LS on offspring],test,test_9,8,0,842,-1,31.078145625120495,29.865203947447164,11.651603000005707,11.484375,222000,300,1,1.0,0.1,0.8
ga_sched_offspring,GA scheduled LS [LS on offspring],test,test_9,8,0,842,-1,39.66069030199904,38.175280662227365,10.812412499974016,10.71875,146742,300,1,0.5333333333333333,0.1,0.8
rlga_offspring,RL-GA [LS on offspring],test,test_9,8,0,842,0,28.875233468632867,27.749688606690732,12.076272400008747,11.78125,172566,300,1,0.6936666666666667,0.04781249999999998,0.95
ga_ls10_elites,GA 10% LS [LS on elites],test,test_9,8,0,842,-1,36.17597642095325,34.853217630777095,7.329211200005375,7.265625,63624,300,1,0.09999999999999999,0.1,0.8
ga_ls50_elites,GA 50% LS [LS on elites],test,test_9,8,0,842,-1,44.60897220180354,43.1265622841861,11.379231200000504,11.046875,78144,300,1,0.5,0.1,0.8
ga_ls100_elites,GA 100% LS [LS on elites],test,test_9,8,0,842,-1,36.12186358088203,34.500170345246175,10.127705099992454,10.0,96000,300,1,1.0,0.1,0.8
ga_sched_elites,GA scheduled LS [LS on elites],test,test_9,8,0,842,-1,36.70008721685513,35.426723537684296,8.009850000002189,7.875,79194,300,1,0.5333333333333333,0.1,0.8
rlga_elites,RL-GA [LS on elites],test,test_9,8,0,842,0,43.83044315687917,42.29049593635283,7.8603007000056095,7.734375,81138,300,1,0.5774166666666667,0.1144427490234375,0.8244384765625001
ga_ls00,GA no LS,test,test_9,8,1,843,-1,39.58400454542192,37.84422850797612,7.332560299983015,7.265625,60000,300,1,0.0,0.1,0.8
ga_ls10_offspring,GA 10% LS [LS on offspring],test,test_9,8,1,843,-1,33.19697880109823,31.88304441004822,8.378313499997603,8.25,76494,300,1,0.09999999999999999,0.1,0.8
ga_ls50_offspring,GA 50% LS [LS on offspring],test,test_9,8,1,843,-1,33.09667370859533,31.890725168167307,9.727612699993188,9.515625,140874,300,1,0.5,0.1,0.8
ga_ls100_offspring,GA 100% LS [LS on offspring],test,test_9,8,1,843,-1,42.197443491103755,40.631623743403715,16.23480050000944,15.796875,222000,300,1,1.0,0.1,0.8
ga_sched_offspring,GA scheduled LS [LS on offspring],test,test_9,8,1,843,-1,33.239796526984435,31.924178790218217,11.000280799984466,10.765625,146526,300,1,0.5333333333333333,0.1,0.8
rlga_offspring,RL-GA [LS on offspring],test,test_9,8,1,843,1,34.909440435355094,33.44554442010839,7.518510399997467,7.296875,75264,300,1,0.09455541161185746,0.11103820746760902,0.5279052734374998
ga_ls10_elites,GA 10% LS [LS on elites],test,test_9,8,1,843,-1,33.28426432103695,31.871877502601848,7.254140599980019,6.96875,63516,300,1,0.09999999999999999,0.1,0.8
ga_ls50_elites,GA 50% LS [LS on elites],test,test_9,8,1,843,-1,36.68057023399634,35.39251723055698,7.82029230002081,7.59375,77574,300,1,0.5,0.1,0.8
ga_ls100_elites,GA 100% LS [LS on elites],test,test_9,8,1,843,-1,34.234460568797765,33.044367527295094,10.34591899998486,10.109375,96000,300,1,1.0,0.1,0.8
ga_sched_elites,GA scheduled LS [LS on elites],test,test_9,8,1,843,-1,33.21072914314398,31.797553661764365,7.930916600016644,7.734375,79224,300,1,0.5333333333333333,0.1,0.8
rlga_elites,RL-GA [LS on elites],test,test_9,8,1,843,1,33.484022597821955,32.22487116824601,7.789589599997271,7.609375,77964,300,1,0.5040871717174595,0.13325050880268216,0.7996093751897206
ga_ls00,GA no LS,test,test_9,8,2,844,-1,36.69697449110213,35.223911598091604,8.29864809999708,8.21875,60000,300,1,0.0,0.1,0.8
ga_ls10_offspring,GA 10% LS [LS on offspring],test,test_9,8,2,844,-1,37.657415169067576,36.27174427817351,7.676278999977512,7.328125,76566,300,1,0.09999999999999999,0.1,0.8
ga_ls50_offspring,GA 50% LS [LS on offspring],test,test_9,8,2,844,-1,40.3297194013897,38.854500688925995,11.744756400003098,11.53125,141012,300,1,0.5,0.1,0.8
ga_ls100_offspring,GA 100% LS [LS on offspring],test,test_9,8,2,844,-1,36.49924692362737,34.8892914896616,16.40590750001138,16.109375,222000,300,1,1.0,0.1,0.8
ga_sched_offspring,GA scheduled LS [LS on offspring],test,test_9,8,2,844,-1,37.429794595775775,36.02219787512617,9.829765999980737,9.65625,146154,300,1,0.5333333333333333,0.1,0.8
rlga_offspring,RL-GA [LS on offspring],test,test_9,8,2,844,2,46.56898344197479,45.0626019846919,11.05533450000803,10.78125,76722,300,1,0.10379166666666667,0.20820312499999996,0.9
ga_ls10_elites,GA 10% LS [LS on elites],test,test_9,8,2,844,-1,43.61258100050886,41.97551622179486,7.832486900006188,7.609375,63630,300,1,0.09999999999999999,0.1,0.8
ga_ls50_elites,GA 50% LS [LS on elites],test,test_9,8,2,844,-1,37.3068088615373,35.67022526426305,10.727484800008824,10.484375,78108,300,1,0.5,0.1,0.8
ga_ls100_elites,GA 100% LS [LS on elites],test,test_9,8,2,844,-1,33.4617418128591,32.08309114831793,8.772560999990674,8.703125,96000,300,1,1.0,0.1,0.8
ga_sched_elites,GA scheduled LS [LS on elites],test,test_9,8,2,844,-1,43.345954624561045,41.730923135202254,8.273608499992406,8.171875,79278,300,1,0.5333333333333333,0.1,0.8
rlga_elites,RL-GA [LS on elites],test,test_9,8,2,844,2,36.55127201492502,34.92150247025159,9.554636799992295,9.296875,84156,300,1,0.6747916666666667,0.08869140625000001,0.9
ga_ls00,GA no LS,test,test_9,8,3,845,-1,37.43627794857717,36.159847499847274,6.924461700022221,6.828125,60000,300,1,0.0,0.1,0.8
ga_ls10_offspring,GA 10% LS [LS on offspring],test,test_9,8,3,845,-1,34.78037089699123,33.506126308972725,7.552230700006476,7.40625,76080,300,1,0.09999999999999999,0.1,0.8
ga_ls50_offspring,GA 50% LS [LS on offspring],test,test_9,8,3,845,-1,40.64590245721981,39.00077133030944,10.328412300004857,10.1875,139986,300,1,0.5,0.1,0.8
ga_ls100_offspring,GA 100% LS [LS on offspring],test,test_9,8,3,845,-1,36.013645906265616,34.69413661138119,17.091712599998573,16.84375,222000,300,1,1.0,0.1,0.8
ga_sched_offspring,GA scheduled LS [LS on offspring],test,test_9,8,3,845,-1,33.23439377395,32.015314711595174,9.727205700008199,9.640625,145956,300,1,0.5333333333333333,0.1,0.8
rlga_offspring,RL-GA [LS on offspring],test,test_9,8,3,845,0,35.100264427125595,33.46782872986321,11.201717100018868,11.0,123780,300,1,0.3981432291666667,0.087376708984375,0.8498779296875001
ga_ls10_elites,GA 10% LS [LS on elites],test,test_9,8,3,845,-1,40.7205235116978,39.22277373690719,7.333057599986205,7.265625,63600,300,1,0.09999999999999999,0.1,0.8
ga_ls50_elites,GA 50% LS [LS on elites],test,test_9,8,3,845,-1,34.22233106976939,32.857641427679276,10.27858469999046,10.140625,77880,300,1,0.5,0.1,0.8
ga_ls100_elites,GA 100% LS [LS on elites],test,test_9,8,3,845,-1,33.962341608761754,32.66196931427193,8.492138400004478,8.375,96000,300,1,1.0,0.1,0.8
ga_sched_elites,GA scheduled LS [LS on elites],test,test_9,8,3,845,-1,40.604005236897606,39.10918171512093,7.878847999993013,7.765625,79368,300,1,0.5333333333333333,0.1,0.8
rlga_elites,RL-GA [LS on elites],test,test_9,8,3,845,0,34.60132368893914,33.170244298581544,9.813959399994928,9.640625,84918,300,1,0.6925,0.1020703125,0.82685546875
ga_ls00,GA no LS,test,test_9,8,4,846,-1,39.645850471487975,38.1384729398899,7.872676099999808,7.796875,60000,300,1,0.0,0.1,0.8
ga_ls10_offspring,GA 10% LS [LS on offspring],test,test_9,8,4,846,-1,40.80588918747182,39.181973630293626,7.643108599993866,7.5625,75636,300,1,0.09999999999999999,0.1,0.8
ga_ls50_offspring,GA 50% LS [LS on offspring],test,test_9,8,4,846,-1,38.08473719195721,36.40071833926187,11.736424399976386,11.5625,141744,300,1,0.5,0.1,0.8
ga_ls100_offspring,GA 100% LS [LS on offspring],test,test_9,8,4,846,-1,34.98427611546076,33.315477236318344,20.50371560000349,20.1875,222000,300,1,1.0,0.1,0.8
ga_sched_offspring,GA scheduled LS [LS on offspring],test,test_9,8,4,846,-1,39.20650425997246,37.554010371125365,9.972452999994857,9.71875,146364,300,1,0.5333333333333333,0.1,0.8
rlga_offspring,RL-GA [LS on offspring],test,test_9,8,4,846,1,34.58675021306623,32.888023928399456,8.559248600009596,8.515625,70944,300,1,0.06820857216914494,0.07983890056610107,0.5500455796718595
ga_ls10_elites,GA 10% LS [LS on elites],test,test_9,8,4,846,-1,40.182365984846506,38.635893566754206,9.569477799988817,9.453125,63408,300,1,0.09999999999999999,0.1,0.8
ga_ls50_elites,GA 50% LS [LS on elites],test,test_9,8,4,846,-1,32.85414832828172,31.42276427874504,9.387884600000689,9.296875,77604,300,1,0.5,0.1,0.8
ga_ls100_elites,GA 100% LS [LS on elites],test,test_9,8,4,846,-1,36.14576019503778,34.51629293755103,9.753326100006234,9.609375,96000,300,1,1.0,0.1,0.8
ga_sched_elites,GA scheduled LS [LS on elites],test,test_9,8,4,846,-1,36.071029987207126,34.77080688811523,9.981229700002586,9.703125,79284,300,1,0.5333333333333333,0.1,0.8
rlga_elites,RL-GA [LS on elites],test,test_9,8,4,846,1,37.29134998671954,35.56394352539012,10.160531400004402,10.078125,91776,300,1,0.8876666666666667,0.12859375,0.5281249999999998
ga_ls00,GA no LS,test,test_9,8,5,847,-1,34.903879874280086,33.60894743175227,9.101236599992262,8.984375,60000,300,1,0.0,0.1,0.8
ga_ls10_offspring,GA 10% LS [LS on offspring],test,test_9,8,5,847,-1,42.826268902642084,41.06118094428686,9.70805859999382,9.640625,76548,300,1,0.09999999999999999,0.1,0.8
ga_ls50_offspring,GA 50% LS [LS on offspring],test,test_9,8,5,847,-1,37.96249812696338,36.35968209284508,12.097307099989848,11.96875,140562,300,1,0.5,0.1,0.8
ga_ls100_offspring,GA 100% LS [LS on offspring],test,test_9,8,5,847,-1,41.38757084066773,39.98793356309989,14.77719029999571,14.640625,222000,300,1,1.0,0.1,0.8
ga_sched_offspring,GA scheduled LS [LS on offspring],test,test_9,8,5,847,-1,39.079057162471344,37.61610704431927,11.229554000019561,11.0,146394,300,1,0.5333333333333333,0.1,0.8
rlga_offspring,RL-GA [LS on offspring],test,test_9,8,5,847,2,40.52259369514317,39.06277751330253,10.880731200013543,10.71875,124710,300,1,0.401,0.060937500000000006,0.2
ga_ls10_elites,GA 10% LS [LS on elites],test,test_9,8,5,847,-1,41.4741783742369,39.57726235556042,7.130720899993321,7.015625,63582,300,1,0.09999999999999999,0.1,0.8
ga_ls50_elites,GA 50% LS [LS on elites],test,test_9,8,5,847,-1,37.83261383785395,35.9377321715544,10.88714069998241,10.734375,78048,300,1,0.5,0.1,0.8
ga_ls100_elites,GA 100% LS [LS on elites],test,test_9,8,5,847,-1,35.535474682603784,33.89689300169506,8.7554805999971,8.640625,96000,300,1,1.0,0.1,0.8
ga_sched_elites,GA scheduled LS [LS on elites],test,test_9,8,5,847,-1,41.45726772251529,39.552692719928395,9.388367700012168,9.265625,79260,300,1,0.5333333333333333,0.1,0.8
rlga_elites,RL-GA [LS on elites],test,test_9,8,5,847,2,37.21390134586281,35.58801961373518,10.099882600014098,9.90625,85140,300,1,0.6933333333333335,0.0725,0.65
ga_ls00,GA no LS,test,test_9,8,6,848,-1,34.65199307215721,33.05682074742177,6.959738099976676,6.90625,60000,300,1,0.0,0.1,0.8
ga_ls10_offspring,GA 10% LS [LS on offspring],test,test_9,8,6,848,-1,36.72228828495492,35.31197114120295,7.5397232999966945,7.46875,76110,300,1,0.09999999999999999,0.1,0.8
ga_ls50_offspring,GA 50% LS [LS on offspring],test,test_9,8,6,848,-1,36.49144719330528,35.13684128674011,9.45212529998389,9.296875,140712,300,1,0.5,0.1,0.8
ga_ls100_offspring,GA 100% LS [LS on offspring],test,test_9,8,6,848,-1,32.83968481302193,31.544311039160178,12.046180700010154,11.859375,222000,300,1,1.0,0.1,0.8
ga_sched_offspring,GA scheduled LS [LS on offspring],test,test_9,8,6,848,-1,36.112455493083566,34.70535720522027,10.378709900018293,10.25,146262,300,1,0.5333333333333333,0.1,0.8
rlga_offspring,RL-GA [LS on offspring],test,test_9,8,6,848,0,41.055933347635374,39.13482915630331,11.005115600011777,10.875,110058,300,1,0.30615885416666666,0.09927993774414062,0.7839843750000001
ga_ls10_elites,GA 10% LS [LS on elites],test,test_9,8,6,848,-1,37.19960245327963,35.87543151377612,7.868850400001975,7.84375,63534,300,1,0.09999999999999999,0.1,0.8
ga_ls50_elites,GA 50% LS [LS on elites],test,test_9,8,6,848,-1,40.875597599115046,39.540648639976084,7.6316606999898795,7.546875,77574,300,1,0.5,0.1,0.8
ga_ls100_elites,GA 100% LS [LS on elites],test,test_9,8,6,848,-1,37.6283010204417,35.94959639518808,11.275806999998167,11.109375,96000,300,1,1.0,0.1,0.8
ga_sched_elites,GA scheduled LS [LS on elites],test,test_9,8,6,848,-1,31.924581401356715,30.568437057450865,8.178168500016909,8.140625,78750,300,1,0.5333333333333333,0.1,0.8
rlga_elites,RL-GA [LS on elites],test,test_9,8,6,848,0,37.83133360485028,36.26758593780547,8.882611899985932,8.78125,76662,300,1,0.4653828125,0.14880420684814452,0.7602214813232422
ga_ls00,GA no LS,test,test_9,8,7,849,-1,43.83157801335797,42.45595827642385,8.174127200007206,8.09375,60000,300,1,0.0,0.1,0.8
ga_ls10_offspring,GA 10% LS [LS on offspring],test,test_9,8,7,849,-1,37.743751297746854,36.34987031125645,8.153180399996927,8.140625,76722,300,1,0.09999999999999999,0.1,0.8
ga_ls50_offspring,GA 50% LS [LS on offspring],test,test_9,8,7,849,-1,42.451049744143084,40.958642203221196,12.823221400001785,12.703125,140616,300,1,0.5,0.1,0.8
ga_ls100_offspring,GA 100% LS [LS on offspring],test,test_9,8,7,849,-1,38.891801846933994,37.477861283439026,17.055723699973896,16.953125,222000,300,1,1.0,0.1,0.8
ga_sched_offspring,GA scheduled LS [LS on offspring],test,test_9,8,7,849,-1,37.707260243549946,36.31057988728688,10.969665899989195,10.953125,146610,300,1,0.5333333333333333,0.1,0.8
rlga_offspring,RL-GA [LS on offspring],test,test_9,8,7,849,1,33.77083158608472,32.24978376335804,14.009196099999826,13.890625,131136,300,1,0.43941604614257823,0.01,0.9414062500000002
ga_ls10_elites,GA 10% LS [LS on elites],test,test_9,8,7,849,-1,32.69785789517861,31.269479568824856,7.214394400012679,7.140625,63630,300,1,0.09999999999999999,0.1,0.8
ga_ls50_elites,GA 50% LS [LS on elites],test,test_9,8,7,849,-1,36.008532447523486,34.55439017607329,8.107802400016226,8.078125,78516,300,1,0.5,0.1,0.8
ga_ls100_elites,GA 100% LS [LS on elites],test,test_9,8,7,849,-1,33.06056805601108,31.656550338481768,10.179735100013204,10.125,96000,300,1,1.0,0.1,0.8
ga_sched_elites,GA scheduled LS [LS on elites],test,test_9,8,7,849,-1,36.54713171925651,35.093350639589154,7.790430499997456,7.71875,79086,300,1,0.5333333333333333,0.1,0.8
rlga_elites,RL-GA [LS on elites],test,test_9,8,7,849,1,38.37357573552609,37.05377713237347,8.00402620001114,7.984375,82254,300,1,0.6212187499999999,0.11410247802734376,0.8626464843750001
ga_ls00,GA no LS,test,test_9,8,8,850,-1,35.09133692968073,33.540625606299585,6.926521899993531,6.90625,60000,300,1,0.0,0.1,0.8
ga_ls10_offspring,GA 10% LS [LS on offspring],test,test_9,8,8,850,-1,33.44908734768498,31.949780154698527,8.993085499998415,8.953125,76416,300,1,0.09999999999999999,0.1,0.8
ga_ls50_offspring,GA 50% LS [LS on offspring],test,test_9,8,8,850,-1,36.7997450555037,35.08568512161422,9.902133499999763,9.84375,142122,300,1,0.5,0.1,0.8
ga_ls100_offspring,GA 100% LS [LS on offspring],test,test_9,8,8,850,-1,35.985177393732734,34.59904799666103,15.799557100021048,15.703125,222000,300,1,1.0,0.1,0.8
ga_sched_offspring,GA scheduled LS [LS on offspring],test,test_9,8,8,850,-1,33.692731733190534,32.11033413880635,12.275977700017393,12.21875,147042,300,1,0.5333333333333333,0.1,0.8
rlga_offspring,RL-GA [LS on offspring],test,test_9,8,8,850,2,38.160081881457565,36.65792772219671,9.456070099986391,9.359375,142668,300,1,0.5131666666666667,0.01,0.2937499999999998
ga_ls10_elites,GA 10% LS [LS on elites],test,test_9,8,8,850,-1,36.18298257143683,34.65212143537839,7.1048277000081725,7.046875,63414,300,1,0.09999999999999999,0.1,0.8
ga_ls50_elites,GA 50% LS [LS on elites],test,test_9,8,8,850,-1,36.3467737373837,34.635152741581805,8.97706930001732,8.875,77850,300,1,0.5,0.1,0.8
ga_ls100_elites,GA 100% LS [LS on elites],test,test_9,8,8,850,-1,36.45683083078598,34.83546369971889,10.125301599997329,10.03125,96000,300,1,1.0,0.1,0.8
ga_sched_elites,GA scheduled LS [LS on elites],test,test_9,8,8,850,-1,35.95339869349047,34.435891143736775,7.980865899997298,7.953125,79050,300,1,0.5333333333333333,0.1,0.8
rlga_elites,RL-GA [LS on elites],test,test_9,8,8,850,2,39.56662348472007,38.18591620689135,9.410329700011062,9.34375,84714,300,1,0.6829999999999999,0.1074609375,0.828125
ga_ls00,GA no LS,test,test_9,8,9,851,-1,35.8367576775402,34.536163660477,7.5781219999771565,7.578125,60000,300,1,0.0,0.1,0.8
ga_ls10_offspring,GA 10% LS [LS on offspring],test,test_9,8,9,851,-1,36.80131148773757,35.24299463935128,7.482802699989406,7.4375,76362,300,1,0.09999999999999999,0.1,0.8
ga_ls50_offspring,GA 50% LS [LS on offspring],test,test_9,8,9,851,-1,36.75889791409329,35.05227521225244,10.765783400012879,10.671875,140598,300,1,0.5,0.1,0.8
ga_ls100_offspring,GA 100% LS [LS on offspring],test,test_9,8,9,851,-1,34.18176816229147,32.742767613722584,15.429604900011327,15.34375,222000,300,1,1.0,0.1,0.8
ga_sched_offspring,GA scheduled LS [LS on offspring],test,test_9,8,9,851,-1,33.73277605069707,32.29036845325807,10.627696300012758,10.609375,146586,300,1,0.5333333333333333,0.1,0.8
rlga_offspring,RL-GA [LS on offspring],test,test_9,8,9,851,0,37.78495360575651,36.551041772577754,11.150026399991475,11.09375,152958,300,1,0.5715,0.0972265625,0.8234375
ga_ls10_elites,GA 10% LS [LS on elites],test,test_9,8,9,851,-1,33.91420954979194,32.48387563668386,8.971999199973652,8.875,63672,300,1,0.09999999999999999,0.1,0.8
ga_ls50_elites,GA 50% LS [LS on elites],test,test_9,8,9,851,-1,32.58424673307174,31.40315352919356,9.941531399992527,9.84375,77994,300,1,0.5,0.1,0.8
ga_ls100_elites,GA 100% LS [LS on elites],test,test_9,8,9,851,-1,39.9495194153904,38.26172663727688,12.095590499986429,12.03125,96000,300,1,1.0,0.1,0.8
ga_sched_elites,GA scheduled LS [LS on elites],test,test_9,8,9,851,-1,33.65787002481699,32.22706756259761,10.894948200002545,10.84375,79158,300,1,0.5333333333333333,0.1,0.8
rlga_elites,RL-GA [LS on elites],test,test_9,8,9,851,0,34.43585934900124,33.243032160803736,8.967442599998321,8.921875,86814,300,1,0.7451666666666668,0.108046875,0.6005859374999999
ga_ls00,GA no LS,test,test_10,9,0,942,-1,39.10205726182355,37.67331648773707,7.788456899987068,7.75,60000,300,1,0.0,0.1,0.8
ga_ls10_offspring,GA 10% LS [LS on offspring],test,test_10,9,0,942,-1,29.9362341332886,28.53551844129272,8.49489229999017,8.4375,76104,300,1,0.09999999999999999,0.1,0.8
ga_ls50_offspring,GA 50% LS [LS on offspring],test,test_10,9,0,942,-1,29.226538126393816,27.8760507004745,14.225915699993493,14.1875,140814,300,1,0.5,0.1,0.8
ga_ls100_offspring,GA 100% LS [LS on offspring],test,test_10,9,0,942,-1,33.113046004442445,31.79593297805624,12.241510299994843,12.203125,222000,300,1,1.0,0.1,0.8
ga_sched_offspring,GA scheduled LS [LS on offspring],test,test_10,9,0,942,-1,32.92618906477856,31.246244789003878,13.406054699997185,13.3125,146484,300,1,0.5333333333333333,0.1,0.8
rlga_offspring,RL-GA [LS on offspring],test,test_10,9,0,942,0,33.843775225518144,32.29904534092833,11.077883699996164,11.015625,148494,300,1,0.5395,0.10015625,1.0
ga_ls10_elites,GA 10% LS [LS on elites],test,test_10,9,0,942,-1,37.358374413217895,35.978547940079125,8.174301499995636,8.109375,63588,300,1,0.09999999999999999,0.1,0.8
ga_ls50_elites,GA 50% LS [LS on elites],test,test_10,9,0,942,-1,33.700439877963476,32.1978639243029,9.424773300008383,9.390625,77940,300,1,0.5,0.1,0.8
ga_ls100_elites,GA 100% LS [LS on elites],test,test_10,9,0,942,-1,32.93255280069215,31.128077776073372,8.761077200004365,8.75,96000,300,1,1.0,0.1,0.8
ga_sched_elites,GA scheduled LS [LS on elites],test,test_10,9,0,942,-1,37.2965682968482,35.912384605049866,9.222674499993445,9.15625,79002,300,1,0.5333333333333333,0.1,0.8
rlga_elites,RL-GA [LS on elites],test,test_10,9,0,942,0,36.322677345927616,34.35384575831531,7.917234599997755,7.921875,83292,300,1,0.6501666666666666,0.08613769531249998,0.775146484375
ga_ls00,GA no LS,test,test_10,9,1,943,-1,42.30177083238581,40.624092096794215,8.638331800000742,8.609375,60000,300,1,0.0,0.1,0.8
ga_ls10_offspring,GA 10% LS [LS on offspring],test,test_10,9,1,943,-1,35.6251019414551,34.096220262100694,9.140059900004417,9.109375,75888,300,1,0.09999999999999999,0.1,0.8
ga_ls50_offspring,GA 50% LS [LS on offspring],test,test_10,9,1,943,-1,29.685110245347897,28.17524750792707,10.93338390000281,10.859375,140358,300,1,0.5,0.1,0.8
ga_ls100_offspring,GA 100% LS [LS on offspring],test,test_10,9,1,943,-1,37.828795533604094,36.225753139089946,13.659260900021764,13.5,222000,300,1,1.0,0.1,0.8
ga_sched_offspring,GA scheduled LS [LS on offspring],test,test_10,9,1,943,-1,31.690546296641656,30.416118756756212,12.746923500002595,12.640625,146058,300,1,0.5333333333333333,0.1,0.8
rlga_offspring,RL-GA [LS on offspring],test,test_10,9,1,943,1,36.67433576320151,34.82378343635546,14.426926699990872,14.328125,148338,300,1,0.5434847855896999,0.1253125000046566,0.925
ga_ls10_elites,GA 10% LS [LS on elites],test,test_10,9,1,943,-1,33.980052492952254,32.35829463814668,7.762869900005171,7.75,63588,300,1,0.09999999999999999,0.1,0.8
ga_ls50_elites,GA 50% LS [LS on elites],test,test_10,9,1,943,-1,32.26728749514837,30.609958259018622,9.036318700003903,9.015625,77814,300,1,0.5,0.1,0.8
ga_ls100_elites,GA 100% LS [LS on elites],test,test_10,9,1,943,-1,31.008212788375744,29.590707278611447,10.148689900001045,10.09375,96000,300,1,1.0,0.1,0.8
ga_sched_elites,GA scheduled LS [LS on elites],test,test_10,9,1,943,-1,34.39357007444015,32.82183060781858,7.959645199996885,7.890625,78978,300,1,0.5333333333333333,0.1,0.8
rlga_elites,RL-GA [LS on elites],test,test_10,9,1,943,1,39.93833245606224,38.677668646627794,8.024699500005227,8.0,89220,300,1,0.8105638020833333,0.1271051025390625,0.7500244140625
ga_ls00,GA no LS,test,test_10,9,2,944,-1,35.21728267191257,33.653698245038576,8.49530819998472,8.4375,60000,300,1,0.0,0.1,0.8
ga_ls10_offspring,GA 10% LS [LS on offspring],test,test_10,9,2,944,-1,31.78231010368899,30.45550126330393,7.562892699992517,7.53125,76236,300,1,0.09999999999999999,0.1,0.8
ga_ls50_offspring,GA 50% LS [LS on offspring],test,test_10,9,2,944,-1,32.35570660073254,30.984290409809418,12.495790000015404,12.34375,141570,300,1,0.5,0.1,0.8
ga_ls100_offspring,GA 100% LS [LS on offspring],test,test_10,9,2,944,-1,32.53792742602771,30.96419544527729,15.126204599975608,14.96875,222000,300,1,1.0,0.1,0.8
ga_sched_offspring,GA scheduled LS [LS on offspring],test,test_10,9,2,944,-1,31.76807126697821,30.440977689301825,9.67238410000573,9.5625,146172,300,1,0.5333333333333333,0.1,0.8
rlga_offspring,RL-GA [LS on offspring],test,test_10,9,2,944,2,36.46552146583321,34.974672075578404,9.080095099983737,9.03125,107736,300,1,0.29783333333333334,0.109375,0.9664062500000001
ga_ls10_elites,GA 10% LS [LS on elites],test,test_10,9,2,944,-1,37.81210543374597,36.30858617021177,7.261383200006094,7.171875,63510,300,1,0.09999999999999999,0.1,0.8
ga_ls50_elites,GA 50% LS [LS on elites],test,test_10,9,2,944,-1,34.818290871869436,32.940031892358796,9.670381600008113,9.59375,78288,300,1,0.5,0.1,0.8
ga_ls100_elites,GA 100% LS [LS on elites],test,test_10,9,2,944,-1,34.99143469304609,33.40380015001578,8.833416400011629,8.765625,96000,300,1,1.0,0.1,0.8
ga_sched_elites,GA scheduled LS [LS on elites],test,test_10,9,2,944,-1,37.64293174528093,36.14898833146014,8.081210399977863,8.0,79092,300,1,0.5333333333333333,0.1,0.8
rlga_elites,RL-GA [LS on elites],test,test_10,9,2,944,2,32.505129548811695,30.877801725052322,10.217179400002351,10.125,86112,300,1,0.7306666666666666,0.09375,0.6000000000000001
ga_ls00,GA no LS,test,test_10,9,3,945,-1,35.79181108155129,34.083476824465215,7.020428799994988,6.9375,60000,300,1,0.0,0.1,0.8
ga_ls10_offspring,GA 10% LS [LS on offspring],test,test_10,9,3,945,-1,33.43176032590818,31.74648803461684,7.671787999977823,7.640625,76248,300,1,0.09999999999999999,0.1,0.8
ga_ls50_offspring,GA 50% LS [LS on offspring],test,test_10,9,3,945,-1,41.48015916791766,39.965566496873784,14.69298410002375,14.59375,141732,300,1,0.5,0.1,0.8
ga_ls100_offspring,GA 100% LS [LS on offspring],test,test_10,9,3,945,-1,31.4333117518444,29.948695456043186,12.038656899996568,11.921875,222000,300,1,1.0,0.1,0.8
ga_sched_offspring,GA scheduled LS [LS on offspring],test,test_10,9,3,945,-1,33.342105768246974,31.663872562987418,9.818600700004026,9.765625,146448,300,1,0.5333333333333333,0.1,0.8
rlga_offspring,RL-GA [LS on offspring],test,test_10,9,3,945,0,37.49874229472278,35.99528387283546,12.822222099988721,12.75,156294,300,1,0.5923333333333333,0.08171875,0.9500000000000001
ga_ls10_elites,GA 10% LS [LS on elites],test,test_10,9,3,945,-1,32.089785174676344,30.608292759060486,8.290920100000221,8.234375,63438,300,1,0.09999999999999999,0.1,0.8
ga_ls50_elites,GA 50% LS [LS on elites],test,test_10,9,3,945,-1,37.997583700315815,36.43336044636994,9.666435599996476,9.609375,77970,300,1,0.5,0.1,0.8
ga_ls100_elites,GA 100% LS [LS on elites],test,test_10,9,3,945,-1,30.549426933118813,29.21310060674739,8.685325400001602,8.625,96000,300,1,1.0,0.1,0.8
ga_sched_elites,GA scheduled LS [LS on elites],test,test_10,9,3,945,-1,37.99520836814339,36.02614384021907,9.440892799990252,9.375,79188,300,1,0.5333333333333333,0.1,0.8
rlga_elites,RL-GA [LS on elites],test,test_10,9,3,945,0,32.15192600711846,30.68664743601545,8.035147899994627,7.984375,84714,300,1,0.6879583333333333,0.0834765625,0.80078125
ga_ls00,GA no LS,test,test_10,9,4,946,-1,41.17988133493258,39.74960146875374,7.617516600003,7.578125,60000,300,1,0.0,0.1,0.8
ga_ls10_offspring,GA 10% LS [LS on offspring],test,test_10,9,4,946,-1,33.46844910122663,31.72937762110039,7.691179000015836,7.625,76572,300,1,0.09999999999999999,0.1,0.8
ga_ls50_offspring,GA 50% LS [LS on offspring],test,test_10,9,4,946,-1,36.530340284628814,35.27828801652058,9.841590700001689,9.78125,141984,300,1,0.5,0.1,0.8
ga_ls100_offspring,GA 100% LS [LS on offspring],test,test_10,9,4,946,-1,34.46398705587955,32.88309003657759,14.740605300001334,14.59375,222000,300,1,1.0,0.1,0.8
ga_sched_offspring,GA scheduled LS [LS on offspring],test,test_10,9,4,946,-1,34.0947324955027,32.24139646518784,10.117870199988829,10.09375,147366,300,1,0.5333333333333333,0.1,0.8
rlga_offspring,RL-GA [LS on offspring],test,test_10,9,4,946,1,37.641729980012634,36.04666409252305,17.896252000005916,17.765625,136512,300,1,0.47025000000000006,0.12093750000000002,0.7515625
ga_ls10_elites,GA 10% LS [LS on elites],test,test_10,9,4,946,-1,39.06281306413437,37.27447314968399,8.877976199990371,8.828125,63510,300,1,0.09999999999999999,0.1,0.8
ga_ls50_elites,GA 50% LS [LS on elites],test,test_10,9,4,946,-1,37.09603357316635,35.681119026298035,7.718056300014723,7.703125,77808,300,1,0.5,0.1,0.8
ga_ls100_elites,GA 100% LS [LS on elites],test,test_10,9,4,946,-1,27.972743897968016,26.605651754456442,10.129967599990778,10.0625,96000,300,1,1.0,0.1,0.8
ga_sched_elites,GA scheduled LS [LS on elites],test,test_10,9,4,946,-1,38.77933795579848,36.99912324958743,10.268143099994631,10.234375,78978,300,1,0.5333333333333333,0.1,0.8
rlga_elites,RL-GA [LS on elites],test,test_10,9,4,946,1,31.52557694330745,30.244080249234635,9.678481899987673,9.640625,94032,300,1,0.9440000000000002,0.4500000000000002,0.5
ga_ls00,GA no LS,test,test_10,9,5,947,-1,32.78313750544013,31.058275454739622,6.918025499995565,6.90625,60000,300,1,0.0,0.1,0.8
ga_ls10_offspring,GA 10% LS [LS on offspring],test,test_10,9,5,947,-1,31.7140999918239,30.32809100734486,7.531744100007927,7.46875,75804,300,1,0.09999999999999999,0.1,0.8
ga_ls50_offspring,GA 50% LS [LS on offspring],test,test_10,9,5,947,-1,35.378991973527555,33.64989802828218,9.581011600006605,9.484375,139812,300,1,0.5,0.1,0.8
ga_ls100_offspring,GA 100% LS [LS on offspring],test,test_10,9,5,947,-1,36.42833260016549,34.79070941439572,14.440397099999245,14.390625,222000,300,1,1.0,0.1,0.8
ga_sched_offspring,GA scheduled LS [LS on offspring],test,test_10,9,5,947,-1,30.879479573225723,29.48986427319831,9.663721899996744,9.5625,145896,300,1,0.5333333333333333,0.1,0.8
rlga_offspring,RL-GA [LS on offspring],test,test_10,9,5,947,2,34.126146625099324,32.556385504781254,13.243678200000431,13.171875,122322,300,1,0.38392708333333336,0.11994140625000001,0.8491210937500001
ga_ls10_elites,GA 10% LS [LS on elites],test,test_10,9,5,947,-1,32.083985105108695,30.645901633908753,7.919074000004912,7.828125,63708,300,1,0.09999999999999999,0.1,0.8
ga_ls50_elites,GA 50% LS [LS on elites],test,test_10,9,5,947,-1,34.95654561918702,33.49101873904229,9.728986700007226,9.71875,78006,300,1,0.5,0.1,0.8
ga_ls100_elites,GA 100% LS [LS on elites],test,test_10,9,5,947,-1,36.8228360217325,34.89122580931079,11.383805699995719,11.3125,96000,300,1,1.0,0.1,0.8
ga_sched_elites,GA scheduled LS [LS on elites],test,test_10,9,5,947,-1,30.94315871139102,29.556184747154422,8.992100699979346,8.921875,79044,300,1,0.5333333333333333,0.1,0.8
rlga_elites,RL-GA [LS on elites],test,test_10,9,5,947,2,36.90350223061848,35.14888261763635,13.089229099976365,12.96875,88386,300,1,0.7873333333333333,0.0775,0.7125000000000001
ga_ls00,GA no LS,test,test_10,9,6,948,-1,33.14295671346409,31.555635937068327,7.676996700000018,7.625,60000,300,1,0.0,0.1,0.8
ga_ls10_offspring,GA 10% LS [LS on offspring],test,test_10,9,6,948,-1,33.90181054713596,32.20076914390369,7.84057220001705,7.765625,76008,300,1,0.09999999999999999,0.1,0.8
ga_ls50_offspring,GA 50% LS [LS on offspring],test,test_10,9,6,948,-1,35.38201470195768,33.47903101431943,13.420096500020009,13.359375,140622,300,1,0.5,0.1,0.8
ga_ls100_offspring,GA 100% LS [LS on offspring],test,test_10,9,6,948,-1,31.823422963684752,30.09188696563359,12.467452400014736,12.375,222000,300,1,1.0,0.1,0.8
ga_sched_offspring,GA scheduled LS [LS on offspring],test,test_10,9,6,948,-1,33.85095506483076,32.15107836754106,10.198250900022686,10.15625,146166,300,1,0.5333333333333333,0.1,0.8
rlga_offspring,RL-GA [LS on offspring],test,test_10,9,6,948,0,42.06439815137218,40.48089706843242,13.133655000012368,13.0,131466,300,1,0.44097135416666666,0.08428356170654297,0.8281009674072266
ga_ls10_elites,GA 10% LS [LS on elites],test,test_10,9,6,948,-1,41.935597751128476,40.405516805397056,8.016536899987841,7.984375,63792,300,1,0.09999999999999999,0.1,0.8
ga_ls50_elites,GA 50% LS [LS on elites],test,test_10,9,6,948,-1,34.10305182247414,32.75034609752207,12.668898100004299,12.65625,78204,300,1,0.5,0.1,0.8
ga_ls100_elites,GA 100% LS [LS on elites],test,test_10,9,6,948,-1,33.39849787216727,31.71119746865492,11.64899289997993,11.578125,96000,300,1,1.0,0.1,0.8
ga_sched_elites,GA scheduled LS [LS on elites],test,test_10,9,6,948,-1,41.16486344205353,39.67383542894793,9.085320699989097,8.984375,79146,300,1,0.5333333333333333,0.1,0.8
rlga_elites,RL-GA [LS on elites],test,test_10,9,6,948,0,32.505823802774515,30.936541349675675,7.988559699995676,7.921875,77004,300,1,0.47006250000000005,0.159000244140625,0.812109375
ga_ls00,GA no LS,test,test_10,9,7,949,-1,34.748901622688436,33.17368910129323,7.06957870000042,7.046875,60000,300,1,0.0,0.1,0.8
ga_ls10_offspring,GA 10% LS [LS on offspring],test,test_10,9,7,949,-1,32.60843401460688,31.247075101167074,8.074433300003875,8.0625,76398,300,1,0.09999999999999999,0.1,0.8
ga_ls50_offspring,GA 50% LS [LS on offspring],test,test_10,9,7,949,-1,32.94861269191744,31.568838841269077,11.82010569999693,11.75,140832,300,1,0.5,0.1,0.8
ga_ls100_offspring,GA 100% LS [LS on offspring],test,test_10,9,7,949,-1,46.02437898421756,44.47407356676875,12.20463120000204,12.15625,222000,300,1,1.0,0.1,0.8
ga_sched_offspring,GA scheduled LS [LS on offspring],test,test_10,9,7,949,-1,32.47530035853191,31.11643059141197,11.074954299983801,11.0625,146814,300,1,0.5333333333333333,0.1,0.8
rlga_offspring,RL-GA [LS on offspring],test,test_10,9,7,949,1,30.870361899179954,29.482407705006743,7.404517399991164,7.390625,73614,300,1,0.08419401041666667,0.09549613952636726,0.7998017311095961
ga_ls10_elites,GA 10% LS [LS on elites],test,test_10,9,7,949,-1,33.89371653969247,32.58820957900307,8.112872799974866,8.0625,63690,300,1,0.09999999999999999,0.1,0.8
ga_ls50_elites,GA 50% LS [LS on elites],test,test_10,9,7,949,-1,32.39731009003389,31.106770509271495,7.969577799987746,7.96875,77904,300,1,0.5,0.1,0.8
ga_ls100_elites,GA 100% LS [LS on elites],test,test_10,9,7,949,-1,35.05337571311657,33.604478167232834,8.713101700006519,8.703125,96000,300,1,1.0,0.1,0.8
ga_sched_elites,GA scheduled LS [LS on elites],test,test_10,9,7,949,-1,33.74105720096685,32.45670409953363,9.125912699993933,9.078125,79122,300,1,0.5333333333333333,0.1,0.8
rlga_elites,RL-GA [LS on elites],test,test_10,9,7,949,1,35.510168861684015,33.97452836708252,12.971573300019372,12.875,91056,300,1,0.86425,0.1019921875,0.736328125
ga_ls00,GA no LS,test,test_10,9,8,950,-1,32.405980733851145,30.65320888771008,7.000237800006289,6.96875,60000,300,1,0.0,0.1,0.8
ga_ls10_offspring,GA 10% LS [LS on offspring],test,test_10,9,8,950,-1,34.166928412101235,32.63166610011834,7.5607444000197574,7.546875,75816,300,1,0.09999999999999999,0.1,0.8
ga_ls50_offspring,GA 50% LS [LS on offspring],test,test_10,9,8,950,-1,33.51933222073543,31.845372957526227,10.755589100008365,10.65625,141426,300,1,0.5,0.1,0.8
ga_ls100_offspring,GA 100% LS [LS on offspring],test,test_10,9,8,950,-1,30.17652190083578,28.72268874359049,15.527197399991564,15.515625,222000,300,1,1.0,0.1,0.8
ga_sched_offspring,GA scheduled LS [LS on offspring],test,test_10,9,8,950,-1,34.179294175082376,32.64454382381667,9.682420500001172,9.609375,146136,300,1,0.5333333333333333,0.1,0.8
rlga_offspring,RL-GA [LS on offspring],test,test_10,9,8,950,2,35.75130857757902,34.2714890660302,10.603941300010774,10.5625,126864,300,1,0.4155729166666667,0.1054052734375,0.68046875
ga_ls10_elites,GA 10% LS [LS on elites],test,test_10,9,8,950,-1,34.52310199281341,32.708451922389926,7.605226599989692,7.578125,63402,300,1,0.09999999999999999,0.1,0.8
ga_ls50_elites,GA 50% LS [LS on elites],test,test_10,9,8,950,-1,36.123530767267255,34.43925200286871,10.51317890000064,10.46875,78282,300,1,0.5,0.1,0.8
ga_ls100_elites,GA 100% LS [LS on elites],test,test_10,9,8,950,-1,35.173384930015615,33.27013683856725,10.850393100001384,10.78125,96000,300,1,1.0,0.1,0.8
ga_sched_elites,GA scheduled LS [LS on elites],test,test_10,9,8,950,-1,34.37006242415685,32.5634029609679,7.996535499987658,7.96875,79344,300,1,0.5333333333333333,0.1,0.8
rlga_elites,RL-GA [LS on elites],test,test_10,9,8,950,2,38.44526993420912,36.86609041993706,10.822473199979868,10.75,87264,300,1,0.759,0.095,0.47500000000000003
ga_ls00,GA no LS,test,test_10,9,9,951,-1,32.07052557399681,30.82934862692093,8.278307900007349,8.21875,60000,300,1,0.0,0.1,0.8
ga_ls10_offspring,GA 10% LS [LS on offspring],test,test_10,9,9,951,-1,35.539986321159645,34.33347425368733,8.927407100010896,8.84375,76422,300,1,0.09999999999999999,0.1,0.8
ga_ls50_offspring,GA 50% LS [LS on offspring],test,test_10,9,9,951,-1,33.20927926535648,31.54188178229583,8.990293600014411,8.9375,140580,300,1,0.5,0.1,0.8
ga_ls100_offspring,GA 100% LS [LS on offspring],test,test_10,9,9,951,-1,32.919465765740476,31.2035402063509,12.33386210000026,12.25,222000,300,1,1.0,0.1,0.8
ga_sched_offspring,GA scheduled LS [LS on offspring],test,test_10,9,9,951,-1,35.25401572727238,34.05203019713559,11.839578299986897,11.734375,146676,300,1,0.5333333333333333,0.1,0.8
rlga_offspring,RL-GA [LS on offspring],test,test_10,9,9,951,0,38.51185336782203,36.792626214927054,9.97008649999043,9.9375,164706,300,1,0.6499270833333334,0.06958984375,0.72265625
ga_ls10_elites,GA 10% LS [LS on elites],test,test_10,9,9,951,-1,38.67701174804154,37.31345030952766,6.482207000022754,6.46875,63360,300,1,0.09999999999999999,0.1,0.8
ga_ls50_elites,GA 50% LS [LS on elites],test,test_10,9,9,951,-1,35.35790331588302,33.60286203821788,7.129421799996635,7.109375,78018,300,1,0.5,0.1,0.8
ga_ls100_elites,GA 100% LS [LS on elites],test,test_10,9,9,951,-1,35.36512450330487,33.96527239897968,9.421254200016847,9.390625,96000,300,1,1.0,0.1,0.8
ga_sched_elites,GA scheduled LS [LS on elites],test,test_10,9,9,951,-1,38.62549754625791,37.27232704609064,7.2833473999926355,7.265625,78924,300,1,0.5333333333333333,0.1,0.8
rlga_elites,RL-GA [LS on elites],test,test_10,9,9,951,0,34.50355061565714,32.90412057652213,7.361819099984132,7.3125,89910,300,1,0.8310000000000001,0.164375,1.0
