variant,label,split,instance,instance_index,seed,run_seed,agent_seed,best_fitness,total_distance,execution_time,cpu_time,evaluations,generations,feasible,mean_ls_rate,final_mutation_rate,final_crossover_rate
ga_ls00,GA no LS,test,test_1,0,0,42,-1,37.58246248805981,35.794937714425,6.725616900017485,6.625,60000,300,1,0.0,0.1,0.8
ga_ls10_offspring,GA 10% LS [LS on offspring],test,test_1,0,0,42,-1,37.65509841565512,36.09458164474708,8.968331499985652,8.734375,76218,300,1,0.09999999999999999,0.1,0.8
ga_ls50_offspring,GA 50% LS [LS on offspring],test,test_1,0,0,42,-1,38.77851401074157,37.07007139708378,12.271549299999606,12.0625,141210,300,1,0.5,0.1,0.8
ga_ls100_offspring,GA 100% LS [LS on offspring],test,test_1,0,0,42,-1,35.53878627688262,34.177656610798685,13.498827900009928,13.25,222000,300,1,1.0,0.1,0.8
ga_sched_offspring,GA scheduled LS [LS on offspring],test,test_1,0,0,42,-1,41.07839330078666,39.55656616626396,13.011994999978924,12.78125,146304,300,1,0.5333333333333333,0.1,0.8
ga_ls10_elites,GA 10% LS [LS on elites],test,test_1,0,0,42,-1,41.51873717316904,39.62879786195775,6.389381899993168,6.171875,63870,300,1,0.09999999999999999,0.1,0.8
ga_ls50_elites,GA 50% LS [LS on elites],test,test_1,0,0,42,-1,33.4527131736105,31.950481430432987,6.480560500000138,6.265625,78258,300,1,0.5,0.1,0.8
ga_ls100_elites,GA 100% LS [LS on elites],test,test_1,0,0,42,-1,30.9441148915378,29.260759237616405,9.493567199999234,9.296875,96000,300,1,1.0,0.1,0.8
ga_sched_elites,GA scheduled LS [LS on elites],test,test_1,0,0,42,-1,41.44063710248647,39.550397609717,7.2185326000035275,7.140625,79338,300,1,0.5333333333333333,0.1,0.8
ga_ls00,GA no LS,test,test_1,0,1,43,-1,33.034213730727394,31.60593408611561,7.054180999984965,6.90625,60000,300,1,0.0,0.1,0.8
ga_ls10_offspring,GA 10% LS [LS on offspring],test,test_1,0,1,43,-1,43.72262382408138,42.0271825687935,7.040517999994336,6.9375,75570,300,1,0.09999999999999999,0.1,0.8
ga_ls50_offspring,GA 50% LS [LS on offspring],test,test_1,0,1,43,-1,38.180086538738024,36.79593559617306,12.39043010000023,12.171875,140760,300,1,0.5,0.1,0.8
ga_ls100_offspring,GA 100% LS [LS on offspring],test,test_1,0,1,43,-1,40.62956902212853,38.97681606428166,13.271135699993465,13.125,222000,300,1,1.0,0.1,0.8
ga_sched_offspring,GA scheduled LS [LS on offspring],test,test_1,0,1,43,-1,43.553437491602054,41.86043077600064,9.808306999999331,9.6875,146586,300,1,0.5333333333333333,0.1,0.8
ga_ls10_elites,GA 10% LS [LS on elites],test,test_1,0,1,43,-1,34.33182190784933,32.95388496458469,7.516192299983231,7.328125,63606,300,1,0.09999999999999999,0.1,0.8
ga_ls50_elites,GA 50% LS [LS on elites],test,test_1,0,1,43,-1,48.84324478869102,47.21039217963363,6.569800700002816,6.421875,77904,300,1,0.5,0.1,0.8
ga_ls100_elites,GA 100% LS [LS on elites],test,test_1,0,1,43,-1,34.78053279095728,33.21898568607675,9.543331599998055,9.421875,96000,300,1,1.0,0.1,0.8
ga_sched_elites,GA scheduled LS [LS on elites],test,test_1,0,1,43,-1,34.15707940684332,32.80223433210209,8.586995899997419,8.421875,79098,300,1,0.5333333333333333,0.1,0.8
ga_ls00,GA no LS,test,test_1,0,2,44,-1,40.23521277923027,38.38840289778978,6.808579499978805,6.703125,60000,300,1,0.0,0.1,0.8
ga_ls10_offspring,GA 10% LS [LS on offspring],test,test_1,0,2,44,-1,34.74402796927872,33.312479761241974,6.380851099995198,6.265625,76596,300,1,0.09999999999999999,0.1,0.8
ga_ls50_offspring,GA 50% LS [LS on offspring],test,test_1,0,2,44,-1,42.92042284632417,41.47893263644823,9.220333300007042,9.171875,141612,300,1,0.5,0.1,0.8
ga_ls100_offspring,GA 100% LS [LS on offspring],test,test_1,0,2,44,-1,44.25464244099661,42.78488558220427,12.814828400005354,12.625,222000,300,1,1.0,0.1,0.8
ga_sched_offspring,GA scheduled LS [LS on offspring],test,test_1,0,2,44,-1,34.576752527022514,33.16510440027927,9.746024699998088,9.53125,147090,300,1,0.5333333333333333,0.1,0.8
ga_ls10_elites,GA 10% LS [LS on elites],test,test_1,0,2,44,-1,39.36132116044658,37.86531394578153,8.591773299995111,8.359375,63546,300,1,0.09999999999999999,0.1,0.8
ga_ls50_elites,GA 50% LS [LS on elites],test,test_1,0,2,44,-1,38.53336134096545,37.240273768696454,8.969936200010125,8.796875,78378,300,1,0.5,0.1,0.8
ga_ls100_elites,GA 100% LS [LS on elites],test,test_1,0,2,44,-1,37.1093589015211,35.87563645188906,8.489728599990485,8.25,96000,300,1,1.0,0.1,0.8
ga_sched_elites,GA scheduled LS [LS on elites],test,test_1,0,2,44,-1,39.07905120106514,37.5602915266297,9.05067679999047,8.796875,79152,300,1,0.5333333333333333,0.1,0.8
ga_ls00,GA no LS,test,test_1,0,3,45,-1,45.01523677260396,43.46326125347235,7.101292800012743,6.9375,60000,300,1,0.0,0.1,0.8
ga_ls10_offspring,GA 10% LS [LS on offspring],test,test_1,0,3,45,-1,37.9359151150149,36.44686687093878,7.601884200004861,7.34375,76302,300,1,0.09999999999999999,0.1,0.8
ga_ls50_offspring,GA 50% LS [LS on offspring],test,test_1,0,3,45,-1,41.45603631770829,39.761220148763215,11.612860699999146,11.453125,140778,300,1,0.5,0.1,0.8
ga_ls100_offspring,GA 100% LS [LS on offspring],test,test_1,0,3,45,-1,45.49893620865438,44.13683519937715,12.802234799979487,12.59375,222000,300,1,1.0,0.1,0.8
ga_sched_offspring,GA scheduled LS [LS on offspring],test,test_1,0,3,45,-1,37.88696174730531,36.40077508881352,10.110418399999617,9.921875,146526,300,1,0.5333333333333333,0.1,0.8
ga_ls10_elites,GA 10% LS [LS on elites],test,test_1,0,3,45,-1,39.05444721046491,37.44737789707323,8.352774300001329,8.125,63480,300,1,0.09999999999999999,0.1,0.8
ga_ls50_elites,GA 50% LS [LS on elites],test,test_1,0,3,45,-1,40.6153946878932,39.19882840048002,9.996992700005649,9.78125,78270,300,1,0.5,0.1,0.8
ga_ls100_elites,GA 100% LS [LS on elites],test,test_1,0,3,45,-1,38.84001203020505,37.31576907164942,12.442790900007822,12.203125,96000,300,1,1.0,0.1,0.8
ga_sched_elites,GA scheduled LS [LS on elites],test,test_1,0,3,45,-1,38.465678668064804,37.16720123319461,9.48572540000896,9.265625,79434,300,1,0.5333333333333333,0.1,0.8
ga_ls00,GA no LS,test,test_1,0,4,46,-1,40.519320806475136,38.84220677463089,6.3259195999999065,6.125,60000,300,1,0.0,0.1,0.8
ga_ls10_offspring,GA 10% LS [LS on offspring],test,test_1,0,4,46,-1,36.98871659640212,35.46711959897046,6.808655899978476,6.734375,76086,300,1,0.09999999999999999,0.1,0.8
ga_ls50_offspring,GA 50% LS [LS on offspring],test,test_1,0,4,46,-1,37.885118331430164,36.27963948511263,11.284859799983678,11.125,141372,300,1,0.5,0.1,0.8
ga_ls100_offspring,GA 100% LS [LS on offspring],test,test_1,0,4,46,-1,36.63289090994949,35.052079086079026,13.264049100020202,13.140625,222000,300,1,1.0,0.1,0.8
ga_sched_offspring,GA scheduled LS [LS on offspring],test,test_1,0,4,46,-1,36.49499069746661,34.986848002296696,10.040400300000329,9.9375,146298,300,1,0.5333333333333333,0.1,0.8
ga_ls10_elites,GA 10% LS [LS on elites],test,test_1,0,4,46,-1,43.33951265718978,41.27682382553432,7.8155186000221875,7.703125,63774,300,1,0.09999999999999999,0.1,0.8
ga_ls50_elites,GA 50% LS [LS on elites],test,test_1,0,4,46,-1,37.31051508955867,35.75973976896937,9.370792500005336,9.21875,77958,300,1,0.5,0.1,0.8
ga_ls100_elites,GA 100% LS [LS on elites],test,test_1,0,4,46,-1,40.24337514760801,38.355477863166946,10.461982700013323,10.34375,96000,300,1,1.0,0.1,0.8
ga_sched_elites,GA scheduled LS [LS on elites],test,test_1,0,4,46,-1,42.802534116835055,40.757479523646296,8.540644900000188,8.484375,78972,300,1,0.5333333333333333,0.1,0.8
ga_ls00,GA no LS,test,test_1,0,5,47,-1,46.289089381733724,44.520535793527635,7.4270073999941815,7.34375,60000,300,1,0.0,0.1,0.8
ga_ls10_offspring,GA 10% LS [LS on offspring],test,test_1,0,5,47,-1,40.06969610636151,38.49727236949148,8.052467000001343,7.9375,76278,300,1,0.09999999999999999,0.1,0.8
ga_ls50_offspring,GA 50% LS [LS on offspring],test,test_1,0,5,47,-1,43.43682634703505,42.00420070999339,11.926728100021137,11.71875,141666,300,1,0.5,0.1,0.8
ga_ls100_offspring,GA 100% LS [LS on offspring],test,test_1,0,5,47,-1,35.8849887664524,34.53627218432791,13.989243899995927,13.296875,222000,300,1,1.0,0.1,0.8
ga_sched_offspring,GA scheduled LS [LS on offspring],test,test_1,0,5,47,-1,38.6740815059944,36.94343926976551,11.577074300003005,11.3125,146754,300,1,0.5333333333333333,0.1,0.8
ga_ls10_elites,GA 10% LS [LS on elites],test,test_1,0,5,47,-1,45.21406617708243,43.670694401383216,6.71338589998777,6.671875,63762,300,1,0.09999999999999999,0.1,0.8
ga_ls50_elites,GA 50% LS [LS on elites],test,test_1,0,5,47,-1,48.5524924708223,46.85613903987147,7.738683699979447,7.5625,77466,300,1,0.5,0.1,0.8
ga_ls100_elites,GA 100% LS [LS on elites],test,test_1,0,5,47,-1,37.70915587279846,36.56931723262989,10.048475799994776,9.796875,96000,300,1,1.0,0.1,0.8
ga_sched_elites,GA scheduled LS [LS on elites],test,test_1,0,5,47,-1,45.18628604971914,43.64813775384617,6.979822300025262,6.90625,79398,300,1,0.5333333333333333,0.1,0.8
ga_ls00,GA no LS,test,test_1,0,6,48,-1,35.92528296591596,34.36856891859223,6.7925312999868765,6.609375,60000,300,1,0.0,0.1,0.8
ga_ls10_offspring,GA 10% LS [LS on offspring],test,test_1,0,6,48,-1,34.08469472734808,32.518166509970435,9.249507400003495,8.96875,75912,300,1,0.09999999999999999,0.1,0.8
ga_ls50_offspring,GA 50% LS [LS on offspring],test,test_1,0,6,48,-1,35.38745556251451,33.6458174060434,10.734516399999848,10.21875,140934,300,1,0.5,0.1,0.8
ga_ls100_offspring,GA 100% LS [LS on offspring],test,test_1,0,6,48,-1,34.561676031405945,32.98568184191491,15.070052199997008,14.109375,222000,300,1,1.0,0.1,0.8
ga_sched_offspring,GA scheduled LS [LS on offspring],test,test_1,0,6,48,-1,34.23100358679202,32.67614628845651,13.683938099973602,13.15625,146286,300,1,0.5333333333333333,0.1,0.8
ga_ls10_elites,GA 10% LS [LS on elites],test,test_1,0,6,48,-1,39.756426039177285,38.128716989648346,7.713423799985321,7.375,63780,300,1,0.09999999999999999,0.1,0.8
ga_ls50_elites,GA 50% LS [LS on elites],test,test_1,0,6,48,-1,31.77592203799025,30.2829943721351,10.420424299984006,9.859375,77958,300,1,0.5,0.1,0.8
ga_ls100_elites,GA 100% LS [LS on elites],test,test_1,0,6,48,-1,39.7921173324185,38.38022901482836,8.665775600005873,8.125,96000,300,1,1.0,0.1,0.8
ga_sched_elites,GA scheduled LS [LS on elites],test,test_1,0,6,48,-1,41.694742874596656,39.8072080895596,8.673557200003415,8.09375,79434,300,1,0.5333333333333333,0.1,0.8
ga_ls00,GA no LS,test,test_1,0,7,49,-1,34.95718099204097,33.67266383018335,10.430227000004379,9.484375,60000,300,1,0.0,0.1,0.8
ga_ls10_offspring,GA 10% LS [LS on offspring],test,test_1,0,7,49,-1,40.661417236269116,39.24563329815841,8.45114679998369,7.921875,76782,300,1,0.09999999999999999,0.1,0.8
ga_ls50_offspring,GA 50% LS [LS on offspring],test,test_1,0,7,49,-1,44.54100139569058,42.71712411180928,11.439472700003535,10.828125,141312,300,1,0.5,0.1,0.8
ga_ls100_offspring,GA 100% LS [LS on offspring],test,test_1,0,7,49,-1,41.02124134195971,39.26743261065825,13.53099219998694,12.78125,222000,300,1,1.0,0.1,0.8
ga_sched_offspring,GA scheduled LS [LS on offspring],test,test_1,0,7,49,-1,39.08472201349579,37.7311676362461,12.734560099983355,12.0,146616,300,1,0.5333333333333333,0.1,0.8
ga_ls10_elites,GA 10% LS [LS on elites],test,test_1,0,7,49,-1,43.16347459360587,41.78552890033255,8.252663499995833,7.78125,63858,300,1,0.09999999999999999,0.1,0.8
ga_ls50_elites,GA 50% LS [LS on elites],test,test_1,0,7,49,-1,35.48033716270305,34.03607686195792,10.188637799990829,9.6875,78270,300,1,0.5,0.1,0.8
ga_ls100_elites,GA 100% LS [LS on elites],test,test_1,0,7,49,-1,45.39066066074837,43.75248740615448,11.314639499993064,10.765625,96000,300,1,1.0,0.1,0.8
ga_sched_elites,GA scheduled LS [LS on elites],test,test_1,0,7,49,-1,42.908782996507995,41.53691341681118,9.324150300002657,8.671875,79188,300,1,0.5333333333333333,0.1,0.8
ga_ls00,GA no LS,test,test_1,0,8,50,-1,37.4978214091922,35.705500263812255,8.972359800012782,8.265625,60000,300,1,0.0,0.1,0.8
ga_ls10_offspring,GA 10% LS [LS on offspring],test,test_1,0,8,50,-1,35.61982121628627,33.98731146547028,8.853524600010132,8.375,76458,300,1,0.09999999999999999,0.1,0.8
ga_ls50_offspring,GA 50% LS [LS on offspring],test,test_1,0,8,50,-1,35.5300039243779,34.07230498903971,12.48117309997906,11.765625,140928,300,1,0.5,0.1,0.8
ga_ls100_offspring,GA 100% LS [LS on offspring],test,test_1,0,8,50,-1,34.295678445593076,32.761231058321535,12.834101600019494,12.21875,222000,300,1,1.0,0.1,0.8
ga_sched_offspring,GA scheduled LS [LS on offspring],test,test_1,0,8,50,-1,34.80575621124224,33.21290476313576,10.623908000008669,10.015625,146532,300,1,0.5333333333333333,0.1,0.8
ga_ls10_elites,GA 10% LS [LS on elites],test,test_1,0,8,50,-1,35.60915029992634,34.134522682912426,8.576707300002454,8.046875,63648,300,1,0.09999999999999999,0.1,0.8
ga_ls50_elites,GA 50% LS [LS on elites],test,test_1,0,8,50,-1,44.640720505985755,43.19970145295174,8.62752409998211,8.203125,78018,300,1,0.5,0.1,0.8
ga_ls100_elites,GA 100% LS [LS on elites],test,test_1,0,8,50,-1,39.68317366697084,37.99286528790421,10.975914600014221,10.5625,96000,300,1,1.0,0.1,0.8
ga_sched_elites,GA scheduled LS [LS on elites],test,test_1,0,8,50,-1,35.501812085748654,34.02764948037686,10.131276500003878,9.953125,79338,300,1,0.5333333333333333,0.1,0.8
ga_ls00,GA no LS,test,test_1,0,9,51,-1,38.43422886829278,37.35679816562422,7.216162500000792,7.0,60000,300,1,0.0,0.1,0.8
ga_ls10_offspring,GA 10% LS [LS on offspring],test,test_1,0,9,51,-1,40.93173468971371,39.33350191021802,8.278053200017894,7.984375,76170,300,1,0.09999999999999999,0.1,0.8
ga_ls50_offspring,GA 50% LS [LS on offspring],test,test_1,0,9,51,-1,40.549369689861315,38.974649958310096,11.057467399979942,10.703125,140250,300,1,0.5,0.1,0.8
ga_ls100_offspring,GA 100% LS [LS on offspring],test,test_1,0,9,51,-1,37.73736236164223,36.275504298977545,13.426809099997627,13.140625,222000,300,1,1.0,0.1,0.8
ga_sched_offspring,GA scheduled LS [LS on offspring],test,test_1,0,9,51,-1,40.79907314396415,39.208855797882116,9.600147200020729,9.4375,146178,300,1,0.5333333333333333,0.1,0.8
ga_ls10_elites,GA 10% LS [LS on elites],test,test_1,0,9,51,-1,37.23927661541999,35.63722211819667,8.32905960001517,8.078125,63714,300,1,0.09999999999999999,0.1,0.8
ga_ls50_elites,GA 50% LS [LS on elites],test,test_1,0,9,51,-1,46.983903127583424,45.61202986718401,8.436779700015904,8.265625,77742,300,1,0.5,0.1,0.8
ga_ls100_elites,GA 100% LS [LS on elites],test,test_1,0,9,51,-1,36.53541978798749,34.960745290913394,8.633345600013854,8.375,96000,300,1,1.0,0.1,0.8
ga_sched_elites,GA scheduled LS [LS on elites],test,test_1,0,9,51,-1,37.037835863554854,35.44179483906415,9.41116720001446,9.203125,79212,300,1,0.5333333333333333,0.1,0.8
ga_ls00,GA no LS,test,test_2,1,0,142,-1,35.091657418543285,33.53105891321113,7.234924699994735,7.0625,60000,300,1,0.0,0.1,0.8
ga_ls10_offspring,GA 10% LS [LS on offspring],test,test_2,1,0,142,-1,39.361576655438085,37.883208979384385,9.58903389997431,9.296875,76098,300,1,0.09999999999999999,0.1,0.8
ga_ls50_offspring,GA 50% LS [LS on offspring],test,test_2,1,0,142,-1,31.45967904392169,29.849734113933337,11.201763299992308,10.640625,141576,300,1,0.5,0.1,0.8
ga_ls100_offspring,GA 100% LS [LS on offspring],test,test_2,1,0,142,-1,33.13837121477402,31.775227416385206,12.281083400011994,11.859375,222000,300,1,1.0,0.1,0.8
ga_sched_offspring,GA scheduled LS [LS on offspring],test,test_2,1,0,142,-1,39.28154034260658,37.80231822254134,14.111007700004848,13.6875,146310,300,1,0.5333333333333333,0.1,0.8
ga_ls10_elites,GA 10% LS [LS on elites],test,test_2,1,0,142,-1,36.30216836290194,34.5674368942112,8.3312855999975,8.078125,63528,300,1,0.09999999999999999,0.1,0.8
ga_ls50_elites,GA 50% LS [LS on elites],test,test_2,1,0,142,-1,37.91925004727914,36.41040475888418,9.735561999987112,9.46875,77862,300,1,0.5,0.1,0.8
ga_ls100_elites,GA 100% LS [LS on elites],test,test_2,1,0,142,-1,37.542414002238665,36.23523353653391,9.971107599994866,9.578125,96000,300,1,1.0,0.1,0.8
ga_sched_elites,GA scheduled LS [LS on elites],test,test_2,1,0,142,-1,34.97794150272104,33.2444021630085,9.143426399998134,8.8125,79200,300,1,0.5333333333333333,0.1,0.8
ga_ls00,GA no LS,test,test_2,1,1,143,-1,32.15877432288313,30.74394166134492,8.184523300005822,7.875,60000,300,1,0.0,0.1,0.8
ga_ls10_offspring,GA 10% LS [LS on offspring],test,test_2,1,1,143,-1,38.73826313469484,37.08915000825006,7.6266137000056915,7.390625,76098,300,1,0.09999999999999999,0.1,0.8
ga_ls50_offspring,GA 50% LS [LS on offspring],test,test_2,1,1,143,-1,37.49671062560032,35.823380539967275,14.54443569999421,13.53125,140940,300,1,0.5,0.1,0.8
ga_ls100_offspring,GA 100% LS [LS on offspring],test,test_2,1,1,143,-1,29.60767233361383,28.033348639311043,16.975519800005713,15.671875,222000,300,1,1.0,0.1,0.8
ga_sched_offspring,GA scheduled LS [LS on offspring],test,test_2,1,1,143,-1,35.93675303529003,34.31870416746309,15.137101700005587,13.9375,146394,300,1,0.5333333333333333,0.1,0.8
ga_ls10_elites,GA 10% LS [LS on elites],test,test_2,1,1,143,-1,33.06567943593374,31.339753232224094,8.776869799999986,8.5,63366,300,1,0.09999999999999999,0.1,0.8
ga_ls50_elites,GA 50% LS [LS on elites],test,test_2,1,1,143,-1,34.12031522415967,32.48965707961457,12.245042800001102,11.328125,78078,300,1,0.5,0.1,0.8
ga_ls100_elites,GA 100% LS [LS on elites],test,test_2,1,1,143,-1,26.781962249384307,25.619227918383473,10.545357399998466,9.734375,96000,300,1,1.0,0.1,0.8
ga_sched_elites,GA scheduled LS [LS on elites],test,test_2,1,1,143,-1,33.103156344310214,31.446677902949165,12.330740800010972,11.359375,79092,300,1,0.5333333333333333,0.1,0.8
ga_ls00,GA no LS,test,test_2,1,2,144,-1,30.66039691103405,29.19905400146181,7.568969799991464,7.359375,60000,300,1,0.0,0.1,0.8
ga_ls10_offspring,GA 10% LS [LS on offspring],test,test_2,1,2,144,-1,29.928225488877523,28.44163503536625,9.213139500003308,8.5625,76548,300,1,0.09999999999999999,0.1,0.8
ga_ls50_offspring,GA 50% LS [LS on offspring],test,test_2,1,2,144,-1,29.424090451173548,28.071538524908842,10.656910899997456,9.828125,141648,300,1,0.5,0.1,0.8
ga_ls100_offspring,GA 100% LS [LS on offspring],test,test_2,1,2,144,-1,33.55417050638188,32.12812391400478,21.68826940000872,19.03125,222000,300,1,1.0,0.1,0.8
ga_sched_offspring,GA scheduled LS [LS on offspring],test,test_2,1,2,144,-1,30.773373354107488,29.214002485335456,11.451432800007751,10.59375,146718,300,1,0.5333333333333333,0.1,0.8
ga_ls10_elites,GA 10% LS [LS on elites],test,test_2,1,2,144,-1,35.78364242560433,34.473478839479995,8.363294300012058,7.765625,63654,300,1,0.09999999999999999,0.1,0.8
ga_ls50_elites,GA 50% LS [LS on elites],test,test_2,1,2,144,-1,32.017678526063335,30.552310376452027,9.07646849998855,8.1875,78564,300,1,0.5,0.1,0.8
ga_ls100_elites,GA 100% LS [LS on elites],test,test_2,1,2,144,-1,38.28420175054637,36.625094954633866,14.442316399974516,12.546875,96000,300,1,1.0,0.1,0.8
ga_sched_elites,GA scheduled LS [LS on elites],test,test_2,1,2,144,-1,35.55285709024251,34.28317897407743,9.610098000004655,8.703125,79374,300,1,0.5333333333333333,0.1,0.8
ga_ls00,GA no LS,test,test_2,1,3,145,-1,34.52712687797321,32.98128583652169,9.102665999991586,8.328125,60000,300,1,0.0,0.1,0.8
ga_ls10_offspring,GA 10% LS [LS on offspring],test,test_2,1,3,145,-1,37.114890234779864,35.59358007372344,10.754069199989317,9.390625,76806,300,1,0.09999999999999999,0.1,0.8
ga_ls50_offspring,GA 50% LS [LS on offspring],test,test_2,1,3,145,-1,28.3489030991251,26.992510568391094,12.662690700002713,10.953125,141060,300,1,0.5,0.1,0.8
ga_ls100_offspring,GA 100% LS [LS on offspring],test,test_2,1,3,145,-1,32.739780359295445,31.247568293031787,18.456772100005765,15.390625,222000,300,1,1.0,0.1,0.8
ga_sched_offspring,GA scheduled LS [LS on offspring],test,test_2,1,3,145,-1,36.97629143868815,35.479337095664135,19.85010290000355,17.15625,147084,300,1,0.5333333333333333,0.1,0.8
ga_ls10_elites,GA 10% LS [LS on elites],test,test_2,1,3,145,-1,34.03360520692727,32.57617792005782,11.227743600000395,9.203125,63366,300,1,0.09999999999999999,0.1,0.8
ga_ls50_elites,GA 50% LS [LS on elites],test,test_2,1,3,145,-1,38.16220794467519,36.67720906038283,14.326796799985459,11.765625,77826,300,1,0.5,0.1,0.8
ga_ls100_elites,GA 100% LS [LS on elites],test,test_2,1,3,145,-1,31.12813345951168,29.66686476930631,18.187215699988883,15.53125,96000,300,1,1.0,0.1,0.8
ga_sched_elites,GA scheduled LS [LS on elites],test,test_2,1,3,145,-1,33.903876370470094,32.454277081944866,12.384515200013993,9.75,79164,300,1,0.5333333333333333,0.1,0.8
ga_ls00,GA no LS,test,test_2,1,4,146,-1,44.225983669438804,42.61750682595986,8.836171200004173,7.359375,60000,300,1,0.0,0.1,0.8
ga_ls10_offspring,GA 10% LS [LS on offspring],test,test_2,1,4,146,-1,37.231399660331405,35.55822363244746,10.107252600020729,7.515625,76260,300,1,0.09999999999999999,0.1,0.8
ga_ls50_offspring,GA 50% LS [LS on offspring],test,test_2,1,4,146,-1,30.49612803607193,28.947386372234803,16.063434300012887,12.90625,140760,300,1,0.5,0.1,0.8
ga_ls100_offspring,GA 100% LS [LS on offspring],test,test_2,1,4,146,-1,37.336208240846496,35.84327128564694,15.642043300002115,13.5,222000,300,1,1.0,0.1,0.8
ga_sched_offspring,GA scheduled LS [LS on offspring],test,test_2,1,4,146,-1,35.783408780986335,34.10536747484022,15.688540200004354,12.625,146046,300,1,0.5333333333333333,0.1,0.8
ga_ls10_elites,GA 10% LS [LS on elites],test,test_2,1,4,146,-1,33.49622158040935,31.787544594025825,10.653857900004368,8.3125,63996,300,1,0.09999999999999999,0.1,0.8
ga_ls50_elites,GA 50% LS [LS on elites],test,test_2,1,4,146,-1,37.088432572212874,36.07081958492234,10.391756599972723,7.859375,77700,300,1,0.5,0.1,0.8
ga_ls100_elites,GA 100% LS [LS on elites],test,test_2,1,4,146,-1,39.57563570529797,37.82966461739157,13.613703000009991,11.015625,96000,300,1,1.0,0.1,0.8
ga_sched_elites,GA scheduled LS [LS on elites],test,test_2,1,4,146,-1,31.006679247380774,29.429807782382763,11.082018100016285,8.765625,79326,300,1,0.5333333333333333,0.1,0.8
ga_ls00,GA no LS,test,test_2,1,5,147,-1,33.819597466543215,32.17619691533874,11.956640399992466,10.484375,60000,300,1,0.0,0.1,0.8
ga_ls10_offspring,GA 10% LS [LS on offspring],test,test_2,1,5,147,-1,36.30855303306487,34.66256937777706,12.912874200002989,11.4375,75540,300,1,0.09999999999999999,0.1,0.8
ga_ls50_offspring,GA 50% LS [LS on offspring],test,test_2,1,5,147,-1,33.80673484395032,32.183107650936655,21.25403609999921,17.875,141918,300,1,0.5,0.1,0.8
ga_ls100_offspring,GA 100% LS [LS on offspring],test,test_2,1,5,147,-1,34.606667187666496,32.95841857842457,20.522972500009928,16.890625,222000,300,1,1.0,0.1,0.8
ga_sched_offspring,GA scheduled LS [LS on offspring],test,test_2,1,5,147,-1,35.93245431665728,34.53293107763407,15.65131260000635,13.59375,146304,300,1,0.5333333333333333,0.1,0.8
ga_ls10_elites,GA 10% LS [LS on elites],test,test_2,1,5,147,-1,36.02669980653417,34.64645970001349,8.615550900023663,7.15625,63534,300,1,0.09999999999999999,0.1,0.8
ga_ls50_elites,GA 50% LS [LS on elites],test,test_2,1,5,147,-1,31.528153495046855,30.05623870839849,11.691756399988662,9.828125,77952,300,1,0.5,0.1,0.8
ga_ls100_elites,GA 100% LS [LS on elites],test,test_2,1,5,147,-1,35.05742642828149,33.49360433498059,17.92226479999954,15.875,96000,300,1,1.0,0.1,0.8
ga_sched_elites,GA scheduled LS [LS on elites],test,test_2,1,5,147,-1,35.98451817285639,34.570758884339085,9.698595199995907,9.09375,79350,300,1,0.5333333333333333,0.1,0.8
ga_ls00,GA no LS,test,test_2,1,6,148,-1,33.34192960897345,31.931044381402625,8.026592199981678,7.15625,60000,300,1,0.0,0.1,0.8
ga_ls10_offspring,GA 10% LS [LS on offspring],test,test_2,1,6,148,-1,35.00580719657921,33.67223834804089,9.88849250000203,8.84375,75810,300,1,0.09999999999999999,0.1,0.8
ga_ls50_offspring,GA 50% LS [LS on offspring],test,test_2,1,6,148,-1,32.11322649311424,30.41153423744561,12.296955500001786,10.796875,140364,300,1,0.5,0.1,0.8
ga_ls100_offspring,GA 100% LS [LS on offspring],test,test_2,1,6,148,-1,35.0017653069497,33.36216929601694,20.410536399984267,18.296875,222000,300,1,1.0,0.1,0.8
ga_sched_offspring,GA scheduled LS [LS on offspring],test,test_2,1,6,148,-1,35.881958285512155,34.50475344161807,15.983672999980627,14.046875,146208,300,1,0.5333333333333333,0.1,0.8
ga_ls10_elites,GA 10% LS [LS on elites],test,test_2,1,6,148,-1,31.381155261091774,29.49674664866507,9.735729500011075,8.484375,63372,300,1,0.09999999999999999,0.1,0.8
ga_ls50_elites,GA 50% LS [LS on elites],test,test_2,1,6,148,-1,28.396398214848343,27.0937427560581,13.564898900018306,12.171875,78066,300,1,0.5,0.1,0.8
ga_ls100_elites,GA 100% LS [LS on elites],test,test_2,1,6,148,-1,33.32304446125198,31.88833404886167,11.769326199981151,10.4375,96000,300,1,1.0,0.1,0.8
ga_sched_elites,GA scheduled LS [LS on elites],test,test_2,1,6,148,-1,32.35498964755094,30.391879366905894,11.032158499991056,9.515625,79362,300,1,0.5333333333333333,0.1,0.8
ga_ls00,GA no LS,test,test_2,1,7,149,-1,34.240682505368845,32.572631039636605,9.50126530000125,7.984375,60000,300,1,0.0,0.1,0.8
ga_ls10_offspring,GA 10% LS [LS on offspring],test,test_2,1,7,149,-1,31.03985987348436,29.429116381560334,11.780054500006372,10.1875,75510,300,1,0.09999999999999999,0.1,0.8
ga_ls50_offspring,GA 50% LS [LS on offspring],test,test_2,1,7,149,-1,35.047680458906456,33.26233281343609,16.376189200003864,15.09375,141666,300,1,0.5,0.1,0.8
ga_ls100_offspring,GA 100% LS [LS on offspring],test,test_2,1,7,149,-1,35.24440752444582,33.65394520710342,20.341981199977454,18.09375,222000,300,1,1.0,0.1,0.8
ga_sched_offspring,GA scheduled LS [LS on offspring],test,test_2,1,7,149,-1,31.025649126622636,29.41380993718834,14.303727399994386,13.09375,146856,300,1,0.5333333333333333,0.1,0.8
ga_ls10_elites,GA 10% LS [LS on elites],test,test_2,1,7,149,-1,38.01877784326375,36.65331001261769,9.986414800019702,8.984375,63516,300,1,0.09999999999999999,0.1,0.8
ga_ls50_elites,GA 50% LS [LS on elites],test,test_2,1,7,149,-1,32.9825289853188,31.58882221055216,13.550725200009765,12.34375,77916,300,1,0.5,0.1,0.8
ga_ls100_elites,GA 100% LS [LS on elites],test,test_2,1,7,149,-1,34.651265595703606,33.2713627445683,13.30213840000215,12.046875,96000,300,1,1.0,0.1,0.8
ga_sched_elites,GA scheduled LS [LS on elites],test,test_2,1,7,149,-1,37.90821534632234,36.53238429700638,11.043047899991507,9.75,79128,300,1,0.5333333333333333,0.1,0.8
ga_ls00,GA no LS,test,test_2,1,8,150,-1,34.15186086377636,32.57437735544166,9.39599449999514,8.4375,60000,300,1,0.0,0.1,0.8
ga_ls10_offspring,GA 10% LS [LS on offspring],test,test_2,1,8,150,-1,30.927169903042127,29.540719815080475,10.354188500001328,9.0,75840,300,1,0.09999999999999999,0.1,0.8
ga_ls50_offspring,GA 50% LS [LS on offspring],test,test_2,1,8,150,-1,37.89160201736154,36.39941979559162,14.483213400002569,13.046875,140970,300,1,0.5,0.1,0.8
ga_ls100_offspring,GA 100% LS [LS on offspring],test,test_2,1,8,150,-1,30.698935293446276,29.32691809767055,13.956224699999439,12.734375,222000,300,1,1.0,0.1,0.8
ga_sched_offspring,GA scheduled LS [LS on offspring],test,test_2,1,8,150,-1,32.12673157712377,30.758741062360464,14.17150650001713,13.234375,146358,300,1,0.5333333333333333,0.1,0.8
ga_ls10_elites,GA 10% LS [LS on elites],test,test_2,1,8,150,-1,35.20734100085142,33.695202748657586,8.159743500000332,7.46875,63396,300,1,0.09999999999999999,0.1,0.8
ga_ls50_elites,GA 50% LS [LS on elites],test,test_2,1,8,150,-1,33.50555465944376,32.12938709815282,10.848152499995194,9.921875,78594,300,1,0.5,0.1,0.8
ga_ls100_elites,GA 100% LS [LS on elites],test,test_2,1,8,150,-1,37.10249547176355,35.47639177959721,12.581838700018125,11.796875,96000,300,1,1.0,0.1,0.8
ga_sched_elites,GA scheduled LS [LS on elites],test,test_2,1,8,150,-1,34.868205618600356,33.36632447597873,8.38042349999887,7.84375,79248,300,1,0.5333333333333333,0.1,0.8
ga_ls00,GA no LS,test,test_2,1,9,151,-1,32.89188003311101,31.31322460498257,10.226110199990217,9.515625,60000,300,1,0.0,0.1,0.8
ga_ls10_offspring,GA 10% LS [LS on offspring],test,test_2,1,9,151,-1,31.532444297359802,29.899201491233512,10.535238999989815,10.078125,76332,300,1,0.09999999999999999,0.1,0.8
ga_ls50_offspring,GA 50% LS [LS on offspring],test,test_2,1,9,151,-1,32.61040932000664,31.064766808317835,11.459795299975667,10.71875,140940,300,1,0.5,0.1,0.8
ga_ls100_offspring,GA 100% LS [LS on offspring],test,test_2,1,9,151,-1,34.806030861768946,33.31639262661984,14.248206199990818,13.59375,222000,300,1,1.0,0.1,0.8
ga_sched_offspring,GA scheduled LS [LS on offspring],test,test_2,1,9,151,-1,30.616203953537916,29.096025433331327,10.803718400013167,10.140625,145974,300,1,0.5333333333333333,0.1,0.8
ga_ls10_elites,GA 10% LS [LS on elites],test,test_2,1,9,151,-1,36.106219551707866,34.37569968082649,9.549637999996776,8.953125,63660,300,1,0.09999999999999999,0.1,0.8
ga_ls50_elites,GA 50% LS [LS on elites],test,test_2,1,9,151,-1,36.170080169874794,34.527591543979696,9.141546200000448,8.703125,78048,300,1,0.5,0.1,0.8
ga_ls100_elites,GA 100% LS [LS on elites],test,test_2,1,9,151,-1,32.75075766132241,31.305382274811222,12.988657299982151,12.4375,96000,300,1,1.0,0.1,0.8
ga_sched_elites,GA scheduled LS [LS on elites],test,test_2,1,9,151,-1,35.956698156519984,34.227185385334515,11.836322500021197,11.3125,79020,300,1,0.5333333333333333,0.1,0.8
ga_ls00,GA no LS,test,test_3,2,0,242,-1,32.11256688216115,30.686118004959482,7.270662599999923,6.84375,60000,300,1,0.0,0.1,0.8
ga_ls10_offspring,GA 10% LS [LS on offspring],test,test_3,2,0,242,-1,34.697976906317265,33.095286942296774,10.211840299976757,9.71875,76164,300,1,0.09999999999999999,0.1,0.8
ga_ls50_offspring,GA 50% LS [LS on offspring],test,test_3,2,0,242,-1,37.405621486284296,35.63632577914609,14.687012899987167,14.140625,140586,300,1,0.5,0.1,0.8
ga_ls100_offspring,GA 100% LS [LS on offspring],test,test_3,2,0,242,-1,35.64458506337383,33.82845602374358,18.634588700020686,17.921875,222000,300,1,1.0,0.1,0.8
ga_sched_offspring,GA scheduled LS [LS on offspring],test,test_3,2,0,242,-1,34.677760841982014,33.06638569771792,14.388460300018778,13.921875,145818,300,1,0.5333333333333333,0.1,0.8
ga_ls10_elites,GA 10% LS [LS on elites],test,test_3,2,0,242,-1,36.82423943032545,34.85542888092721,9.968593300000066,9.53125,63468,300,1,0.09999999999999999,0.1,0.8
ga_ls50_elites,GA 50% LS [LS on elites],test,test_3,2,0,242,-1,37.99681391616668,36.55977616641427,7.743108399998164,7.453125,78282,300,1,0.5,0.1,0.8
ga_ls100_elites,GA 100% LS [LS on elites],test,test_3,2,0,242,-1,35.04180110728217,33.24386069580771,12.763916900003096,12.375,96000,300,1,1.0,0.1,0.8
ga_sched_elites,GA scheduled LS [LS on elites],test,test_3,2,0,242,-1,37.75467071772113,35.963894787334446,9.483437100017909,9.203125,79146,300,1,0.5333333333333333,0.1,0.8
ga_ls00,GA no LS,test,test_3,2,1,243,-1,40.24228782333857,38.78798584352621,8.721473700017668,8.40625,60000,300,1,0.0,0.1,0.8
ga_ls10_offspring,GA 10% LS [LS on offspring],test,test_3,2,1,243,-1,39.131085192824216,37.77274914283941,9.070406200014986,8.8125,75996,300,1,0.09999999999999999,0.1,0.8
ga_ls50_offspring,GA 50% LS [LS on offspring],test,test_3,2,1,243,-1,34.51617763665018,32.78663108173799,13.139889100013534,12.625,140910,300,1,0.5,0.1,0.8
ga_ls100_offspring,GA 100% LS [LS on offspring],test,test_3,2,1,243,-1,40.12334393175536,38.44955956397581,22.875288899987936,22.15625,222000,300,1,1.0,0.1,0.8
ga_sched_offspring,GA scheduled LS [LS on offspring],test,test_3,2,1,243,-1,39.075788613196046,37.6572017298716,9.437078199989628,8.984375,146700,300,1,0.5333333333333333,0.1,0.8
ga_ls10_elites,GA 10% LS [LS on elites],test,test_3,2,1,243,-1,32.82634598856347,31.17923781367572,9.715466299996478,9.3125,63654,300,1,0.09999999999999999,0.1,0.8
ga_ls50_elites,GA 50% LS [LS on elites],test,test_3,2,1,243,-1,46.69120236761491,44.96417005168808,9.881272700004047,9.734375,77484,300,1,0.5,0.1,0.8
ga_ls100_elites,GA 100% LS [LS on elites],test,test_3,2,1,243,-1,38.086480375166424,36.125988565646225,11.629244900017511,11.171875,96000,300,1,1.0,0.1,0.8
ga_sched_elites,GA scheduled LS [LS on elites],test,test_3,2,1,243,-1,32.53184995342276,30.89817256103444,10.053198800014798,9.796875,79290,300,1,0.5333333333333333,0.1,0.8
ga_ls00,GA no LS,test,test_3,2,2,244,-1,35.47951578984787,33.50335045786226,9.503489399998216,9.21875,60000,300,1,0.0,0.1,0.8
ga_ls10_offspring,GA 10% LS [LS on offspring],test,test_3,2,2,244,-1,33.51366856242502,31.93253466955005,9.356253499980085,9.046875,76098,300,1,0.09999999999999999,0.1,0.8
ga_ls50_offspring,GA 50% LS [LS on offspring],test,test_3,2,2,244,-1,35.211130293439844,33.90764177431657,10.145258100004867,9.71875,141672,300,1,0.5,0.1,0.8
ga_ls100_offspring,GA 100% LS [LS on offspring],test,test_3,2,2,244,-1,34.682945487787606,33.10331697339232,16.762898900022265,16.140625,222000,300,1,1.0,0.1,0.8
ga_sched_offspring,GA scheduled LS [LS on offspring],test,test_3,2,2,244,-1,33.54660940499178,31.92802595846162,14.436153699993156,13.90625,146496,300,1,0.5333333333333333,0.1,0.8
ga_ls10_elites,GA 10% LS [LS on elites],test,test_3,2,2,244,-1,33.3784491684792,31.637799093764716,9.312575599993579,8.984375,63786,300,1,0.09999999999999999,0.1,0.8
ga_ls50_elites,GA 50% LS [LS on elites],test,test_3,2,2,244,-1,33.9020219462719,32.392225930417354,11.592453399993246,11.109375,78246,300,1,0.5,0.1,0.8
ga_ls100_elites,GA 100% LS [LS on elites],test,test_3,2,2,244,-1,35.16358549899864,33.80332212949451,10.728922499984037,10.28125,96000,300,1,1.0,0.1,0.8
ga_sched_elites,GA scheduled LS [LS on elites],test,test_3,2,2,244,-1,33.40601868225845,31.651945937543445,11.83998389999033,11.484375,79074,300,1,0.5333333333333333,0.1,0.8
ga_ls00,GA no LS,test,test_3,2,3,245,-1,38.25652538971683,36.43890537003332,9.336023499985458,8.890625,60000,300,1,0.0,0.1,0.8
ga_ls10_offspring,GA 10% LS [LS on offspring],test,test_3,2,3,245,-1,39.672396787511815,38.04786811581778,10.913478700007545,10.65625,76068,300,1,0.09999999999999999,0.1,0.8
ga_ls50_offspring,GA 50% LS [LS on offspring],test,test_3,2,3,245,-1,31.831289606284972,30.34812025234467,11.3342386999866,10.796875,140436,300,1,0.5,0.1,0.8
ga_ls100_offspring,GA 100% LS [LS on offspring],test,test_3,2,3,245,-1,31.18928679041849,29.57744891287623,18.796748699998716,18.0625,222000,300,1,1.0,0.1,0.8
ga_sched_offspring,GA scheduled LS [LS on offspring],test,test_3,2,3,245,-1,38.95024466758342,37.51612139869857,15.076804399985122,14.546875,145962,300,1,0.5333333333333333,0.1,0.8
ga_ls10_elites,GA 10% LS [LS on elites],test,test_3,2,3,245,-1,38.07533008035513,36.22441860805507,8.169321800000034,7.90625,63822,300,1,0.09999999999999999,0.1,0.8
ga_ls50_elites,GA 50% LS [LS on elites],test,test_3,2,3,245,-1,31.073068112201558,29.577566148579137,9.921191800007364,9.53125,78192,300,1,0.5,0.1,0.8
ga_ls100_elites,GA 100% LS [LS on elites],test,test_3,2,3,245,-1,41.0228197081635,39.47850487723572,11.652534699998796,11.390625,96000,300,1,1.0,0.1,0.8
ga_sched_elites,GA scheduled LS [LS on elites],test,test_3,2,3,245,-1,35.58835340309459,33.79477854612428,8.94973189997836,8.53125,79260,300,1,0.5333333333333333,0.1,0.8
ga_ls00,GA no LS,test,test_3,2,4,246,-1,30.410193430239044,28.83996381173242,10.956030900008045,10.609375,60000,300,1,0.0,0.1,0.8
ga_ls10_offspring,GA 10% LS [LS on offspring],test,test_3,2,4,246,-1,34.680106901562205,33.51461761572083,9.375610300019616,9.0,76146,300,1,0.09999999999999999,0.1,0.8
ga_ls50_offspring,GA 50% LS [LS on offspring],test,test_3,2,4,246,-1,38.26961480465073,36.54971806229865,11.646793600026285,11.0,141132,300,1,0.5,0.1,0.8
ga_ls100_offspring,GA 100% LS [LS on offspring],test,test_3,2,4,246,-1,39.12049661588471,37.56976192259747,19.184622300002957,18.359375,222000,300,1,1.0,0.1,0.8
ga_sched_offspring,GA scheduled LS [LS on offspring],test,test_3,2,4,246,-1,36.36646891845393,34.55917701397025,14.971273300005123,14.3125,146142,300,1,0.5333333333333333,0.1,0.8
ga_ls10_elites,GA 10% LS [LS on elites],test,test_3,2,4,246,-1,34.768622680196884,33.221641306608966,8.575293199974112,8.265625,63540,300,1,0.09999999999999999,0.1,0.8
ga_ls50_elites,GA 50% LS [LS on elites],test,test_3,2,4,246,-1,33.616199663184396,32.14086695999819,10.217731200013077,9.84375,78408,300,1,0.5,0.1,0.8
ga_ls100_elites,GA 100% LS [LS on elites],test,test_3,2,4,246,-1,37.421774395341224,35.73896601391001,10.030778799991822,9.59375,96000,300,1,1.0,0.1,0.8
ga_sched_elites,GA scheduled LS [LS on elites],test,test_3,2,4,246,-1,34.627726885306814,33.09711094643895,10.6461175000004,10.34375,78888,300,1,0.5333333333333333,0.1,0.8
ga_ls00,GA no LS,test,test_3,2,5,247,-1,29.530177862549,27.747043552426405,9.021679500001483,8.640625,60000,300,1,0.0,0.1,0.8
ga_ls10_offspring,GA 10% LS [LS on offspring],test,test_3,2,5,247,-1,31.985315561832056,30.625761021318603,8.40690890001133,8.3125,76374,300,1,0.09999999999999999,0.1,0.8
ga_ls50_offspring,GA 50% LS [LS on offspring],test,test_3,2,5,247,-1,28.462324163464217,26.909732685447374,12.156957700004568,11.640625,141174,300,1,0.5,0.1,0.8
ga_ls100_offspring,GA 100% LS [LS on offspring],test,test_3,2,5,247,-1,33.29217642091828,31.87590000673261,22.633941500011133,21.375,222000,300,1,1.0,0.1,0.8
ga_sched_offspring,GA scheduled LS [LS on offspring],test,test_3,2,5,247,-1,31.927459192384838,30.563996244834538,10.934053600009065,10.34375,146460,300,1,0.5333333333333333,0.1,0.8
ga_ls10_elites,GA 10% LS [LS on elites],test,test_3,2,5,247,-1,29.24997804531486,27.78515678070342,8.800557800015667,8.3125,63462,300,1,0.09999999999999999,0.1,0.8
ga_ls50_elites,GA 50% LS [LS on elites],test,test_3,2,5,247,-1,36.49434029779492,35.015632603934385,8.82023820001632,8.40625,77772,300,1,0.5,0.1,0.8
ga_ls100_elites,GA 100% LS [LS on elites],test,test_3,2,5,247,-1,31.6920795982597,30.239979280540346,14.91237020000699,14.0,96000,300,1,1.0,0.1,0.8
ga_sched_elites,GA scheduled LS [LS on elites],test,test_3,2,5,247,-1,28.76621884758846,27.255894475098383,9.738725600007456,9.328125,79338,300,1,0.5333333333333333,0.1,0.8
ga_ls00,GA no LS,test,test_3,2,6,248,-1,44.55676861096116,43.076578622879154,11.050075100007234,10.484375,60000,300,1,0.0,0.1,0.8
ga_ls10_offspring,GA 10% LS [LS on offspring],test,test_3,2,6,248,-1,38.258290952709714,36.69991279298747,10.549513999983901,10.09375,75996,300,1,0.09999999999999999,0.1,0.8
ga_ls50_offspring,GA 50% LS [LS on offspring],test,test_3,2,6,248,-1,33.18144242178546,31.823456863365326,17.315399899991462,15.984375,141504,300,1,0.5,0.1,0.8
ga_ls100_offspring,GA 100% LS [LS on offspring],test,test_3,2,6,248,-1,34.27854322286247,32.65384306995647,22.263429399987217,20.65625,222000,300,1,1.0,0.1,0.8
ga_sched_offspring,GA scheduled LS [LS on offspring],test,test_3,2,6,248,-1,38.18966921955581,36.635695297547635,15.814389000006486,14.984375,145842,300,1,0.5333333333333333,0.1,0.8
ga_ls10_elites,GA 10% LS [LS on elites],test,test_3,2,6,248,-1,37.33911912996279,35.59610738677233,8.166358599992236,7.578125,63402,300,1,0.09999999999999999,0.1,0.8
ga_ls50_elites,GA 50% LS [LS on elites],test,test_3,2,6,248,-1,41.11695370115888,39.55999279629792,11.150525799981551,10.4375,77628,300,1,0.5,0.1,0.8
ga_ls100_elites,GA 100% LS [LS on elites],test,test_3,2,6,248,-1,37.62999007260953,36.33440289374195,11.002857000014046,10.40625,96000,300,1,1.0,0.1,0.8
ga_sched_elites,GA scheduled LS [LS on elites],test,test_3,2,6,248,-1,38.39406245964896,36.71163435935878,11.047503300011158,10.421875,79164,300,1,0.5333333333333333,0.1,0.8
ga_ls00,GA no LS,test,test_3,2,7,249,-1,34.90640942896603,33.046138698865285,11.076684400002705,10.359375,60000,300,1,0.0,0.1,0.8
ga_ls10_offspring,GA 10% LS [LS on offspring],test,test_3,2,7,249,-1,41.81695629725568,40.10876536151902,11.440092900011223,10.671875,76620,300,1,0.09999999999999999,0.1,0.8
ga_ls50_offspring,GA 50% LS [LS on offspring],test,test_3,2,7,249,-1,33.458664542916864,31.89715400563983,12.587121500022477,11.703125,140508,300,1,0.5,0.1,0.8
ga_ls100_offspring,GA 100% LS [LS on offspring],test,test_3,2,7,249,-1,34.07005236223615,32.469466278829174,17.80027269999846,16.4375,222000,300,1,1.0,0.1,0.8
ga_sched_offspring,GA scheduled LS [LS on offspring],test,test_3,2,7,249,-1,41.63646112371146,39.90362105073095,16.025070800009416,14.71875,146514,300,1,0.5333333333333333,0.1,0.8
ga_ls10_elites,GA 10% LS [LS on elites],test,test_3,2,7,249,-1,33.53581205539028,31.723823936931243,9.936091599985957,9.09375,63510,300,1,0.09999999999999999,0.1,0.8
ga_ls50_elites,GA 50% LS [LS on elites],test,test_3,2,7,249,-1,28.975071127414854,27.458256931255654,13.410814300004859,12.625,78594,300,1,0.5,0.1,0.8
ga_ls100_elites,GA 100% LS [LS on elites],test,test_3,2,7,249,-1,33.33348255375342,31.865465151103685,13.941827700007707,12.859375,96000,300,1,1.0,0.1,0.8
ga_sched_elites,GA scheduled LS [LS on elites],test,test_3,2,7,249,-1,33.78351597622787,31.99591568803716,12.112147000007099,11.421875,79314,300,1,0.5333333333333333,0.1,0.8
ga_ls00,GA no LS,test,test_3,2,8,250,-1,37.19523479715226,35.405993595503766,11.031286899989937,10.15625,60000,300,1,0.0,0.1,0.8
ga_ls10_offspring,GA 10% LS [LS on offspring],test,test_3,2,8,250,-1,35.88720563630732,34.05520939297949,11.677892199979397,10.828125,76284,300,1,0.09999999999999999,0.1,0.8
ga_ls50_offspring,GA 50% LS [LS on offspring],test,test_3,2,8,250,-1,32.1108227357245,30.291094079783758,16.030149800004438,14.90625,141240,300,1,0.5,0.1,0.8
ga_ls100_offspring,GA 100% LS [LS on offspring],test,test_3,2,8,250,-1,38.43338454360852,36.73291263944935,15.505245400010608,14.59375,222000,300,1,1.0,0.1,0.8
ga_sched_offspring,GA scheduled LS [LS on offspring],test,test_3,2,8,250,-1,32.4777309300023,30.8357290311038,16.064612699992722,15.15625,146190,300,1,0.5333333333333333,0.1,0.8
ga_ls10_elites,GA 10% LS [LS on elites],test,test_3,2,8,250,-1,40.47598537783069,38.68980455174742,9.135235699999612,8.46875,63780,300,1,0.09999999999999999,0.1,0.8
ga_ls50_elites,GA 50% LS [LS on elites],test,test_3,2,8,250,-1,34.64728896540866,32.83463081330285,11.296023800008697,10.5,78204,300,1,0.5,0.1,0.8
ga_ls100_elites,GA 100% LS [LS on elites],test,test_3,2,8,250,-1,38.0137733217777,36.357949410395946,12.090565400023479,11.375,96000,300,1,1.0,0.1,0.8
ga_sched_elites,GA scheduled LS [LS on elites],test,test_3,2,8,250,-1,40.17915814213132,38.42150246119951,10.598849300004076,9.875,79134,300,1,0.5333333333333333,0.1,0.8
ga_ls00,GA no LS,test,test_3,2,9,251,-1,37.29156404684991,35.663824149756394,8.084151799994288,7.390625,60000,300,1,0.0,0.1,0.8
ga_ls10_offspring,GA 10% LS [LS on offspring],test,test_3,2,9,251,-1,35.68861580244258,34.01754609363348,9.298828600003617,8.8125,77058,300,1,0.09999999999999999,0.1,0.8
ga_ls50_offspring,GA 50% LS [LS on offspring],test,test_3,2,9,251,-1,34.50348831135528,32.810696755860995,14.936695799988229,14.234375,140394,300,1,0.5,0.1,0.8
ga_ls100_offspring,GA 100% LS [LS on offspring],test,test_3,2,9,251,-1,30.980411486311098,29.387916258567223,16.93747840001015,16.171875,222000,300,1,1.0,0.1,0.8
ga_sched_offspring,GA scheduled LS [LS on offspring],test,test_3,2,9,251,-1,34.30058471085225,32.6721945835614,11.518696399987675,10.953125,146304,300,1,0.5333333333333333,0.1,0.8
ga_ls10_elites,GA 10% LS [LS on elites],test,test_3,2,9,251,-1,34.70870650179693,32.93649518228484,8.111798199999612,7.78125,63780,300,1,0.09999999999999999,0.1,0.8
ga_ls50_elites,GA 50% LS [LS on elites],test,test_3,2,9,251,-1,35.15936538675336,33.25179071799903,10.796880600013537,10.28125,77958,300,1,0.5,0.1,0.8
ga_ls100_elites,GA 100% LS [LS on elites],test,test_3,2,9,251,-1,37.40176984903757,35.333958283814944,9.690396800026065,9.390625,96000,300,1,1.0,0.1,0.8
ga_sched_elites,GA scheduled LS [LS on elites],test,test_3,2,9,251,-1,34.74997822787575,33.06587075270601,8.404340000008233,8.09375,79380,300,1,0.5333333333333333,0.1,0.8
ga_ls00,GA no LS,test,test_4,3,0,342,-1,37.60919689016189,36.24097954177523,8.78228390001459,8.46875,60000,300,1,0.0,0.1,0.8
ga_ls10_offspring,GA 10% LS [LS on offspring],test,test_4,3,0,342,-1,26.07778276855783,24.562375256571002,9.655503100017086,9.296875,75858,300,1,0.09999999999999999,0.1,0.8
ga_ls50_offspring,GA 50% LS [LS on offspring],test,test_4,3,0,342,-1,29.833060881345812,28.264172732869458,11.535904799995478,11.21875,139656,300,1,0.5,0.1,0.8
ga_ls100_offspring,GA 100% LS [LS on offspring],test,test_4,3,0,342,-1,31.05023911580208,29.666291665806874,18.528761499997927,18.046875,222000,300,1,1.0,0.1,0.8
ga_sched_offspring,GA scheduled LS [LS on offspring],test,test_4,3,0,342,-1,25.75345967088637,24.260462759279577,13.128246599982958,12.859375,145494,300,1,0.5333333333333333,0.1,0.8
ga_ls10_elites,GA 10% LS [LS on elites],test,test_4,3,0,342,-1,30.682666018937393,29.216615009015413,9.61763309998787,9.359375,63738,300,1,0.09999999999999999,0.1,0.8
ga_ls50_elites,GA 50% LS [LS on elites],test,test_4,3,0,342,-1,29.45827133334497,27.92102736577825,10.007299000018975,9.734375,78294,300,1,0.5,0.1,0.8
ga_ls100_elites,GA 100% LS [LS on elites],test,test_4,3,0,342,-1,29.71390578945846,28.431752216673782,12.460362100013299,12.125,96000,300,1,1.0,0.1,0.8
ga_sched_elites,GA scheduled LS [LS on elites],test,test_4,3,0,342,-1,31.77703417322902,30.198759362788515,10.865463299996918,10.484375,79218,300,1,0.5333333333333333,0.1,0.8
ga_ls00,GA no LS,test,test_4,3,1,343,-1,34.77702080340788,33.34353346656788,7.818610399990575,7.609375,60000,300,1,0.0,0.1,0.8
ga_ls10_offspring,GA 10% LS [LS on offspring],test,test_4,3,1,343,-1,31.043260468050732,29.67635811593977,9.535685999988345,9.25,76554,300,1,0.09999999999999999,0.1,0.8
ga_ls50_offspring,GA 50% LS [LS on offspring],test,test_4,3,1,343,-1,31.987364789037386,30.44439456053757,11.188223399978597,11.046875,141204,300,1,0.5,0.1,0.8
ga_ls100_offspring,GA 100% LS [LS on offspring],test,test_4,3,1,343,-1,30.0065652121804,28.69756558655088,19.83718149998458,19.296875,222000,300,1,1.0,0.1,0.8
ga_sched_offspring,GA scheduled LS [LS on offspring],test,test_4,3,1,343,-1,28.25686767517402,27.13398191327565,13.871631200017873,13.546875,146778,300,1,0.5333333333333333,0.1,0.8
ga_ls10_elites,GA 10% LS [LS on elites],test,test_4,3,1,343,-1,34.82579932228754,33.24878159854484,8.58642599999439,8.359375,63402,300,1,0.09999999999999999,0.1,0.8
ga_ls50_elites,GA 50% LS [LS on elites],test,test_4,3,1,343,-1,30.280322630448484,28.995003485999362,8.652923399989959,8.40625,78054,300,1,0.5,0.1,0.8
ga_ls100_elites,GA 100% LS [LS on elites],test,test_4,3,1,343,-1,26.569148822205953,25.45416859368872,11.160102800000459,10.859375,96000,300,1,1.0,0.1,0.8
ga_sched_elites,GA scheduled LS [LS on elites],test,test_4,3,1,343,-1,34.0898437380334,32.52823057240845,10.130454500002088,9.75,79056,300,1,0.5333333333333333,0.1,0.8
ga_ls00,GA no LS,test,test_4,3,2,344,-1,32.59506784079842,31.101939799063842,7.58157989999745,7.515625,60000,300,1,0.0,0.1,0.8
ga_ls10_offspring,GA 10% LS [LS on offspring],test,test_4,3,2,344,-1,32.54587335658229,31.104465169709083,10.114383800013456,9.921875,76344,300,1,0.09999999999999999,0.1,0.8
ga_ls50_offspring,GA 50% LS [LS on offspring],test,test_4,3,2,344,-1,35.79933433570431,34.579070960018036,12.253800800011959,11.984375,140652,300,1,0.5,0.1,0.8
ga_ls100_offspring,GA 100% LS [LS on offspring],test,test_4,3,2,344,-1,29.347248872767842,27.72142179417945,18.204281299986178,17.71875,222000,300,1,1.0,0.1,0.8
ga_sched_offspring,GA scheduled LS [LS on offspring],test,test_4,3,2,344,-1,32.38580570731563,30.92592758180321,14.333870400005253,13.984375,146352,300,1,0.5333333333333333,0.1,0.8
ga_ls10_elites,GA 10% LS [LS on elites],test,test_4,3,2,344,-1,28.683869747756194,27.51259327510179,7.583189800003311,7.34375,63588,300,1,0.09999999999999999,0.1,0.8
ga_ls50_elites,GA 50% LS [LS on elites],test,test_4,3,2,344,-1,32.87737560759117,31.38229147280058,9.816639500000747,9.578125,78204,300,1,0.5,0.1,0.8
ga_ls100_elites,GA 100% LS [LS on elites],test,test_4,3,2,344,-1,26.213425466172552,24.7652526021156,10.794579700013855,10.5,96000,300,1,1.0,0.1,0.8
ga_sched_elites,GA scheduled LS [LS on elites],test,test_4,3,2,344,-1,28.60333116722698,27.433665957740793,10.358806800009916,10.015625,79218,300,1,0.5333333333333333,0.1,0.8
ga_ls00,GA no LS,test,test_4,3,3,345,-1,30.404465888690897,28.93087673893375,8.704232100018999,8.4375,60000,300,1,0.0,0.1,0.8
ga_ls10_offspring,GA 10% LS [LS on offspring],test,test_4,3,3,345,-1,30.15807636596113,28.825247051120353,9.985420799988788,9.796875,75834,300,1,0.09999999999999999,0.1,0.8
ga_ls50_offspring,GA 50% LS [LS on offspring],test,test_4,3,3,345,-1,33.54372757550323,31.705754417736532,12.310660599992843,12.0,140472,300,1,0.5,0.1,0.8
ga_ls100_offspring,GA 100% LS [LS on offspring],test,test_4,3,3,345,-1,26.233393847991547,25.135041482867738,18.137021400005324,17.609375,222000,300,1,1.0,0.1,0.8
ga_sched_offspring,GA scheduled LS [LS on offspring],test,test_4,3,3,345,-1,29.348530859663565,28.009916978694953,14.19408580000163,13.640625,146274,300,1,0.5333333333333333,0.1,0.8
ga_ls10_elites,GA 10% LS [LS on elites],test,test_4,3,3,345,-1,30.639657293685037,29.08796546623283,8.31020290000015,8.03125,63648,300,1,0.09999999999999999,0.1,0.8
ga_ls50_elites,GA 50% LS [LS on elites],test,test_4,3,3,345,-1,27.666835369587613,26.33096416993079,8.499373700004071,8.3125,78066,300,1,0.5,0.1,0.8
ga_ls100_elites,GA 100% LS [LS on elites],test,test_4,3,3,345,-1,27.37116162202346,26.03790072482442,10.57661069999449,10.28125,96000,300,1,1.0,0.1,0.8
ga_sched_elites,GA scheduled LS [LS on elites],test,test_4,3,3,345,-1,30.334049617890386,28.83730186395111,12.335744100011652,11.9375,79296,300,1,0.5333333333333333,0.1,0.8
ga_ls00,GA no LS,test,test_4,3,4,346,-1,27.534932256755873,26.27051524410596,8.731377999996766,8.453125,60000,300,1,0.0,0.1,0.8
ga_ls10_offspring,GA 10% LS [LS on offspring],test,test_4,3,4,346,-1,32.90266699506684,31.29439513410658,9.07740609999746,8.828125,76404,300,1,0.09999999999999999,0.1,0.8
ga_ls50_offspring,GA 50% LS [LS on offspring],test,test_4,3,4,346,-1,34.934909357119594,33.74489169597097,13.305120699980762,12.859375,141216,300,1,0.5,0.1,0.8
ga_ls100_offspring,GA 100% LS [LS on offspring],test,test_4,3,4,346,-1,30.73232689685524,29.377367936699414,13.402765500009991,13.0,222000,300,1,1.0,0.1,0.8
ga_sched_offspring,GA scheduled LS [LS on offspring],test,test_4,3,4,346,-1,30.481234109589373,28.976426644022652,13.120933300000615,12.640625,146868,300,1,0.5333333333333333,0.1,0.8
ga_ls10_elites,GA 10% LS [LS on elites],test,test_4,3,4,346,-1,34.26934453300997,32.79147880379285,8.519665200001327,8.3125,63504,300,1,0.09999999999999999,0.1,0.8
ga_ls50_elites,GA 50% LS [LS on elites],test,test_4,3,4,346,-1,28.664947757140723,27.26288018136373,10.108623999985866,9.921875,77952,300,1,0.5,0.1,0.8
ga_ls100_elites,GA 100% LS [LS on elites],test,test_4,3,4,346,-1,33.210853569070366,31.51147008942955,9.609889500017744,9.1875,96000,300,1,1.0,0.1,0.8
ga_sched_elites,GA scheduled LS [LS on elites],test,test_4,3,4,346,-1,33.56120305698242,32.154151319137924,10.413317900005495,9.9375,79410,300,1,0.5333333333333333,0.1,0.8
ga_ls00,GA no LS,test,test_4,3,5,347,-1,28.6097026111682,27.146996865075195,8.407597299985355,8.109375,60000,300,1,0.0,0.1,0.8
ga_ls10_offspring,GA 10% LS [LS on offspring],test,test_4,3,5,347,-1,29.926676860390963,28.393226904459457,9.968448600004194,9.625,76746,300,1,0.09999999999999999,0.1,0.8
ga_ls50_offspring,GA 50% LS [LS on offspring],test,test_4,3,5,347,-1,30.839492830480925,29.294517197747364,10.724929899995914,10.515625,140304,300,1,0.5,0.1,0.8
ga_ls100_offspring,GA 100% LS [LS on offspring],test,test_4,3,5,347,-1,31.732832175383916,30.484329154426213,18.78025229999912,18.1875,222000,300,1,1.0,0.1,0.8
ga_sched_offspring,GA scheduled LS [LS on offspring],test,test_4,3,5,347,-1,28.502979703743556,26.951749891750023,15.47909909998998,14.859375,146256,300,1,0.5333333333333333,0.1,0.8
ga_ls10_elites,GA 10% LS [LS on elites],test,test_4,3,5,347,-1,32.36685432717443,30.48464325691267,9.378106399992248,9.046875,63756,300,1,0.09999999999999999,0.1,0.8
ga_ls50_elites,GA 50% LS [LS on elites],test,test_4,3,5,347,-1,29.447296992345528,28.042706429950425,9.542365900008008,9.109375,77886,300,1,0.5,0.1,0.8
ga_ls100_elites,GA 100% LS [LS on elites],test,test_4,3,5,347,-1,28.594620716770336,27.265003136206488,11.402811800013296,10.984375,96000,300,1,1.0,0.1,0.8
ga_sched_elites,GA scheduled LS [LS on elites],test,test_4,3,5,347,-1,31.76154620817913,29.905179049091846,9.725324200000614,9.4375,79416,300,1,0.5333333333333333,0.1,0.8
ga_ls00,GA no LS,test,test_4,3,6,348,-1,29.81499664103097,28.609521944220578,8.250987000006717,7.859375,60000,300,1,0.0,0.1,0.8
ga_ls10_offspring,GA 10% LS [LS on offspring],test,test_4,3,6,348,-1,29.715481907844804,28.187011472257197,9.520564500009641,9.171875,76050,300,1,0.09999999999999999,0.1,0.8
ga_ls50_offspring,GA 50% LS [LS on offspring],test,test_4,3,6,348,-1,29.200161538568167,27.826282334502128,13.897045699995942,13.40625,141666,300,1,0.5,0.1,0.8
ga_ls100_offspring,GA 100% LS [LS on offspring],test,test_4,3,6,348,-1,29.694793835329033,28.164890864777302,13.16977959999349,12.609375,222000,300,1,1.0,0.1,0.8
ga_sched_offspring,GA scheduled LS [LS on offspring],test,test_4,3,6,348,-1,29.813311796453224,28.202024465107534,15.713153399992734,15.140625,146418,300,1,0.5333333333333333,0.1,0.8
ga_ls10_elites,GA 10% LS [LS on elites],test,test_4,3,6,348,-1,29.10241106396231,27.67328308214288,8.582766100007575,8.125,63462,300,1,0.09999999999999999,0.1,0.8
ga_ls50_elites,GA 50% LS [LS on elites],test,test_4,3,6,348,-1,29.968588562768083,28.42516800016435,11.232152200012933,11.0,77832,300,1,0.5,0.1,0.8
ga_ls100_elites,GA 100% LS [LS on elites],test,test_4,3,6,348,-1,35.72459239086308,34.043942830228715,11.150556000007782,10.84375,96000,300,1,1.0,0.1,0.8
ga_sched_elites,GA scheduled LS [LS on elites],test,test_4,3,6,348,-1,31.549242043656353,29.98634618494541,8.845765900012339,8.640625,79200,300,1,0.5333333333333333,0.1,0.8
ga_ls00,GA no LS,test,test_4,3,7,349,-1,35.72782604119258,33.963933911316786,9.67580190001172,9.375,60000,300,1,0.0,0.1,0.8
ga_ls10_offspring,GA 10% LS [LS on offspring],test,test_4,3,7,349,-1,30.41886733364265,29.205820723638702,9.973970300023211,9.640625,76404,300,1,0.09999999999999999,0.1,0.8
ga_ls50_offspring,GA 50% LS [LS on offspring],test,test_4,3,7,349,-1,29.533166907542125,28.233470425649102,11.903455199993914,11.5625,140826,300,1,0.5,0.1,0.8
ga_ls100_offspring,GA 100% LS [LS on offspring],test,test_4,3,7,349,-1,29.150072307551188,27.553095670371313,18.148850900004618,17.671875,222000,300,1,1.0,0.1,0.8
ga_sched_offspring,GA scheduled LS [LS on offspring],test,test_4,3,7,349,-1,30.99541485144256,29.724470924493897,11.215015399997355,10.859375,146412,300,1,0.5333333333333333,0.1,0.8
ga_ls10_elites,GA 10% LS [LS on elites],test,test_4,3,7,349,-1,27.741474508834123,26.32909823253782,9.001550799992401,8.671875,63594,300,1,0.09999999999999999,0.1,0.8
ga_ls50_elites,GA 50% LS [LS on elites],test,test_4,3,7,349,-1,34.24012354115781,32.83013046118215,10.672558799997205,10.375,78450,300,1,0.5,0.1,0.8
ga_ls100_elites,GA 100% LS [LS on elites],test,test_4,3,7,349,-1,31.60264897092597,30.382374644063443,14.225294300005771,13.703125,96000,300,1,1.0,0.1,0.8
ga_sched_elites,GA scheduled LS [LS on elites],test,test_4,3,7,349,-1,27.638887767102666,26.222769355970385,10.115519500017399,9.65625,79212,300,1,0.5333333333333333,0.1,0.8
ga_ls00,GA no LS,test,test_4,3,8,350,-1,29.652180935023118,28.320715468506634,7.6931243000144605,7.5,60000,300,1,0.0,0.1,0.8
ga_ls10_offspring,GA 10% LS [LS on offspring],test,test_4,3,8,350,-1,29.32131174457111,28.148242347228408,8.757089699996868,8.5625,76404,300,1,0.09999999999999999,0.1,0.8
ga_ls50_offspring,GA 50% LS [LS on offspring],test,test_4,3,8,350,-1,30.539768947413034,29.10523442705655,10.530309900001157,10.265625,141216,300,1,0.5,0.1,0.8
ga_ls100_offspring,GA 100% LS [LS on offspring],test,test_4,3,8,350,-1,29.409601242894183,27.910636620772266,20.193866500019794,19.453125,222000,300,1,1.0,0.1,0.8
ga_sched_offspring,GA scheduled LS [LS on offspring],test,test_4,3,8,350,-1,28.839392289223692,27.710898481870665,11.292293700011214,11.125,146556,300,1,0.5333333333333333,0.1,0.8
ga_ls10_elites,GA 10% LS [LS on elites],test,test_4,3,8,350,-1,31.489266054830694,30.0562548131908,9.528015299991239,9.40625,63654,300,1,0.09999999999999999,0.1,0.8
ga_ls50_elites,GA 50% LS [LS on elites],test,test_4,3,8,350,-1,27.60661579408177,26.13780767158913,10.199837899999693,9.984375,78108,300,1,0.5,0.1,0.8
ga_ls100_elites,GA 100% LS [LS on elites],test,test_4,3,8,350,-1,27.605758989042272,26.4781819039786,8.91338949999772,8.703125,96000,300,1,1.0,0.1,0.8
ga_sched_elites,GA scheduled LS [LS on elites],test,test_4,3,8,350,-1,31.307806294554496,29.883196218605505,11.141172200004803,10.984375,79260,300,1,0.5333333333333333,0.1,0.8
ga_ls00,GA no LS,test,test_4,3,9,351,-1,32.86718878042582,31.258960180782452,7.895695199986221,7.75,60000,300,1,0.0,0.1,0.8
ga_ls10_offspring,GA 10% LS [LS on offspring],test,test_4,3,9,351,-1,34.734194689306904,33.355163086087636,8.447615200013388,8.28125,76350,300,1,0.09999999999999999,0.1,0.8
ga_ls50_offspring,GA 50% LS [LS on offspring],test,test_4,3,9,351,-1,27.05006379917989,25.743422756239497,14.304665799980285,13.859375,141126,300,1,0.5,0.1,0.8
ga_ls100_offspring,GA 100% LS [LS on offspring],test,test_4,3,9,351,-1,28.17567772950602,26.93176243467711,21.605128700000932,20.703125,222000,300,1,1.0,0.1,0.8
ga_sched_offspring,GA scheduled LS [LS on offspring],test,test_4,3,9,351,-1,34.57035804171037,33.21461996721088,10.697023899992928,10.453125,146748,300,1,0.5333333333333333,0.1,0.8
ga_ls10_elites,GA 10% LS [LS on elites],test,test_4,3,9,351,-1,30.316095981315495,28.526912485565198,8.562182900001062,8.375,63696,300,1,0.09999999999999999,0.1,0.8
ga_ls50_elites,GA 50% LS [LS on elites],test,test_4,3,9,351,-1,30.503493673914015,29.066545671451003,8.236323599994648,8.03125,77316,300,1,0.5,0.1,0.8
ga_ls100_elites,GA 100% LS [LS on elites],test,test_4,3,9,351,-1,36.655225068696964,35.40461086350251,9.176393700006884,9.015625,96000,300,1,1.0,0.1,0.8
ga_sched_elites,GA scheduled LS [LS on elites],test,test_4,3,9,351,-1,31.0871830751894,29.363912823620257,9.563377899990883,9.375,79014,300,1,0.5333333333333333,0.1,0.8
ga_ls00,GA no LS,test,test_5,4,0,442,-1,37.402448931820274,35.75259262445273,8.261270899994997,8.140625,60000,300,1,0.0,0.1,0.8
ga_ls10_offspring,GA 10% LS [LS on offspring],test,test_5,4,0,442,-1,37.244896073636355,35.43886880418156,9.67028140000184,9.546875,76200,300,1,0.09999999999999999,0.1,0.8
ga_ls50_offspring,GA 50% LS [LS on offspring],test,test_5,4,0,442,-1,37.616581989785224,35.94478261765744,11.610498099995311,10.75,141558,300,1,0.5,0.1,0.8
ga_ls100_offspring,GA 100% LS [LS on offspring],test,test_5,4,0,442,-1,36.47614419053145,34.6386681121821,21.95048410000163,21.375,222000,300,1,1.0,0.1,0.8
ga_sched_offspring,GA scheduled LS [LS on offspring],test,test_5,4,0,442,-1,36.025252362228706,34.46972780282616,12.75015269999858,12.3125,146454,300,1,0.5333333333333333,0.1,0.8
ga_ls10_elites,GA 10% LS [LS on elites],test,test_5,4,0,442,-1,35.7987624464584,34.1962524273239,11.266457300022012,10.8125,63474,300,1,0.09999999999999999,0.1,0.8
ga_ls50_elites,GA 50% LS [LS on elites],test,test_5,4,0,442,-1,35.19286646744584,33.526217998318884,10.887363999994704,10.453125,78858,300,1,0.5,0.1,0.8
ga_ls100_elites,GA 100% LS [LS on elites],test,test_5,4,0,442,-1,40.55538916317307,39.12933566456924,12.035810500005027,11.703125,96000,300,1,1.0,0.1,0.8
ga_sched_elites,GA scheduled LS [LS on elites],test,test_5,4,0,442,-1,35.52010838428026,33.92149923902109,13.666863200021908,12.890625,79182,300,1,0.5333333333333333,0.1,0.8
ga_ls00,GA no LS,test,test_5,4,1,443,-1,38.44314458164727,36.84228238942621,9.34460680000484,8.984375,60000,300,1,0.0,0.1,0.8
ga_ls10_offspring,GA 10% LS [LS on offspring],test,test_5,4,1,443,-1,35.46374069745666,34.20068594286003,9.001573499990627,8.546875,76344,300,1,0.09999999999999999,0.1,0.8
ga_ls50_offspring,GA 50% LS [LS on offspring],test,test_5,4,1,443,-1,36.77528586982313,35.22081078179689,13.850953899993328,13.0625,141120,300,1,0.5,0.1,0.8
ga_ls100_offspring,GA 100% LS [LS on offspring],test,test_5,4,1,443,-1,39.966758627620536,38.48712026860357,13.598799800005509,12.984375,222000,300,1,1.0,0.1,0.8
ga_sched_offspring,GA scheduled LS [LS on offspring],test,test_5,4,1,443,-1,35.397383929858826,34.135172807500496,11.426500100002158,10.9375,146334,300,1,0.5333333333333333,0.1,0.8
ga_ls10_elites,GA 10% LS [LS on elites],test,test_5,4,1,443,-1,41.4279723687131,39.50199597517836,8.980515200004447,8.53125,63468,300,1,0.09999999999999999,0.1,0.8
ga_ls50_elites,GA 50% LS [LS on elites],test,test_5,4,1,443,-1,42.73732020116657,41.423035611920085,10.134148599987384,9.328125,77598,300,1,0.5,0.1,0.8
ga_ls100_elites,GA 100% LS [LS on elites],test,test_5,4,1,443,-1,33.91579804756971,32.25200531972955,13.797215800004778,12.921875,96000,300,1,1.0,0.1,0.8
ga_sched_elites,GA scheduled LS [LS on elites],test,test_5,4,1,443,-1,41.35004182642291,39.42222727560084,10.762097099999664,10.125,79164,300,1,0.5333333333333333,0.1,0.8
ga_ls00,GA no LS,test,test_5,4,2,444,-1,40.510708614036574,38.58413558458639,10.318135999987135,9.5625,60000,300,1,0.0,0.1,0.8
ga_ls10_offspring,GA 10% LS [LS on offspring],test,test_5,4,2,444,-1,38.73000140853927,37.13189251130295,11.938483000005363,11.34375,75828,300,1,0.09999999999999999,0.1,0.8
ga_ls50_offspring,GA 50% LS [LS on offspring],test,test_5,4,2,444,-1,40.68137586616382,39.27136742706024,12.12025989999529,11.53125,140292,300,1,0.5,0.1,0.8
ga_ls100_offspring,GA 100% LS [LS on offspring],test,test_5,4,2,444,-1,39.547540199859895,37.83900193812719,16.961215699993772,16.453125,222000,300,1,1.0,0.1,0.8
ga_sched_offspring,GA scheduled LS [LS on offspring],test,test_5,4,2,444,-1,38.72580292475399,37.13799862309215,16.573704600014025,16.0,146322,300,1,0.5333333333333333,0.1,0.8
ga_ls10_elites,GA 10% LS [LS on elites],test,test_5,4,2,444,-1,44.122100068239426,42.532467990250844,8.937028999993345,8.609375,63546,300,1,0.09999999999999999,0.1,0.8
ga_ls50_elites,GA 50% LS [LS on elites],test,test_5,4,2,444,-1,38.81687220033716,37.40369355138483,11.787734799989266,11.484375,78354,300,1,0.5,0.1,0.8
ga_ls100_elites,GA 100% LS [LS on elites],test,test_5,4,2,444,-1,41.42698881793275,39.760187746202035,9.368375799997011,9.09375,96000,300,1,1.0,0.1,0.8
ga_sched_elites,GA scheduled LS [LS on elites],test,test_5,4,2,444,-1,44.03947978003404,42.474892347128105,11.23109139999724,10.921875,79368,300,1,0.5333333333333333,0.1,0.8
ga_ls00,GA no LS,test,test_5,4,3,445,-1,35.976176401976396,34.40265728641062,8.29089869998279,8.078125,60000,300,1,0.0,0.1,0.8
ga_ls10_offspring,GA 10% LS [LS on offspring],test,test_5,4,3,445,-1,36.10738999966922,34.82726557966038,9.356365900021046,9.109375,75960,300,1,0.09999999999999999,0.1,0.8
ga_ls50_offspring,GA 50% LS [LS on offspring],test,test_5,4,3,445,-1,38.92360472462626,37.33940800518835,13.466750100022182,12.984375,141792,300,1,0.5,0.1,0.8
ga_ls100_offspring,GA 100% LS [LS on offspring],test,test_5,4,3,445,-1,43.59159043063927,41.871048849372706,18.668361799995182,18.125,222000,300,1,1.0,0.1,0.8
ga_sched_offspring,GA scheduled LS [LS on offspring],test,test_5,4,3,445,-1,34.76972197180772,33.450881415448045,13.695769799989648,13.0625,146508,300,1,0.5333333333333333,0.1,0.8
ga_ls10_elites,GA 10% LS [LS on elites],test,test_5,4,3,445,-1,42.79803289257661,41.22758202961723,9.298299199988833,8.953125,63702,300,1,0.09999999999999999,0.1,0.8
ga_ls50_elites,GA 50% LS [LS on elites],test,test_5,4,3,445,-1,33.95496703422762,32.468813986704525,11.717470500007039,11.515625,77736,300,1,0.5,0.1,0.8
ga_ls100_elites,GA 100% LS [LS on elites],test,test_5,4,3,445,-1,42.595074291295724,41.01009361642497,11.938544800010277,11.65625,96000,300,1,1.0,0.1,0.8
ga_sched_elites,GA scheduled LS [LS on elites],test,test_5,4,3,445,-1,42.43182144539884,40.87610304642689,10.484268299973337,10.140625,79170,300,1,0.5333333333333333,0.1,0.8
ga_ls00,GA no LS,test,test_5,4,4,446,-1,38.8228835481107,37.11103481583804,8.834600999980466,8.546875,60000,300,1,0.0,0.1,0.8
ga_ls10_offspring,GA 10% LS [LS on offspring],test,test_5,4,4,446,-1,34.62841001791839,32.98322113895396,9.391724099987186,9.0,75870,300,1,0.09999999999999999,0.1,0.8
ga_ls50_offspring,GA 50% LS [LS on offspring],test,test_5,4,4,446,-1,41.37332365956341,40.046787069902656,11.685296599986032,11.234375,140718,300,1,0.5,0.1,0.8
ga_ls100_offspring,GA 100% LS [LS on offspring],test,test_5,4,4,446,-1,37.22403248171417,35.80680936842451,14.231484399992041,13.84375,222000,300,1,1.0,0.1,0.8
ga_sched_offspring,GA scheduled LS [LS on offspring],test,test_5,4,4,446,-1,33.87840849517309,32.26620875376239,12.0917040000204,11.703125,146220,300,1,0.5333333333333333,0.1,0.8
ga_ls10_elites,GA 10% LS [LS on elites],test,test_5,4,4,446,-1,36.69615187249768,35.12726286810924,7.769418899988523,7.53125,63390,300,1,0.09999999999999999,0.1,0.8
ga_ls50_elites,GA 50% LS [LS on elites],test,test_5,4,4,446,-1,35.56053846597995,34.13427622728764,8.29957070000819,8.03125,77946,300,1,0.5,0.1,0.8
ga_ls100_elites,GA 100% LS [LS on elites],test,test_5,4,4,446,-1,39.95383232965709,38.2565482041785,11.181366100005107,10.8125,96000,300,1,1.0,0.1,0.8
ga_sched_elites,GA scheduled LS [LS on elites],test,test_5,4,4,446,-1,37.04311022134435,35.627709688176736,8.45829650000087,8.21875,78990,300,1,0.5333333333333333,0.1,0.8
ga_ls00,GA no LS,test,test_5,4,5,447,-1,38.85670783693889,37.31122878216273,8.607337900000857,8.375,60000,300,1,0.0,0.1,0.8
ga_ls10_offspring,GA 10% LS [LS on offspring],test,test_5,4,5,447,-1,40.149474771380625,38.69463763320154,8.45256320000044,8.1875,76452,300,1,0.09999999999999999,0.1,0.8
ga_ls50_offspring,GA 50% LS [LS on offspring],test,test_5,4,5,447,-1,34.81388379833301,33.25141274525413,13.78131890000077,13.4375,141330,300,1,0.5,0.1,0.8
ga_ls100_offspring,GA 100% LS [LS on offspring],test,test_5,4,5,447,-1,41.567496437289776,39.8560900860702,17.09585730000981,16.53125,222000,300,1,1.0,0.1,0.8
ga_sched_offspring,GA scheduled LS [LS on offspring],test,test_5,4,5,447,-1,39.70235407578685,38.26576999668088,10.95032109998283,10.59375,146634,300,1,0.5333333333333333,0.1,0.8
ga_ls10_elites,GA 10% LS [LS on elites],test,test_5,4,5,447,-1,32.53780692712617,31.272160091311505,8.252699100004975,8.015625,63612,300,1,0.09999999999999999,0.1,0.8
ga_ls50_elites,GA 50% LS [LS on elites],test,test_5,4,5,447,-1,40.983322228092746,39.30070825929092,8.71142839998356,8.5,77952,300,1,0.5,0.1,0.8
ga_ls100_elites,GA 100% LS [LS on elites],test,test_5,4,5,447,-1,34.277886554486614,32.67959139690508,10.965411000011954,10.640625,96000,300,1,1.0,0.1,0.8
ga_sched_elites,GA scheduled LS [LS on elites],test,test_5,4,5,447,-1,32.04427750830139,30.81131911744305,9.037173999997322,8.859375,79284,300,1,0.5333333333333333,0.1,0.8
ga_ls00,GA no LS,test,test_5,4,6,448,-1,41.07377579592009,39.76190062266146,10.385373299999628,10.171875,60000,300,1,0.0,0.1,0.8
ga_ls10_offspring,GA 10% LS [LS on offspring],test,test_5,4,6,448,-1,40.12368172065781,38.86603332944269,9.221106800017878,8.84375,76542,300,1,0.09999999999999999,0.1,0.8
ga_ls50_offspring,GA 50% LS [LS on offspring],test,test_5,4,6,448,-1,36.47102826609327,35.06747407462152,11.022475200006738,10.6875,140706,300,1,0.5,0.1,0.8
ga_ls100_offspring,GA 100% LS [LS on offspring],test,test_5,4,6,448,-1,34.31540338256161,32.757074518696044,12.861828799999785,12.53125,222000,300,1,1.0,0.1,0.8
ga_sched_offspring,GA scheduled LS [LS on offspring],test,test_5,4,6,448,-1,40.53557432642055,39.213186087582955,12.516619100002572,12.203125,146292,300,1,0.5333333333333333,0.1,0.8
ga_ls10_elites,GA 10% LS [LS on elites],test,test_5,4,6,448,-1,39.51378863664576,37.82648895714003,9.925035999971442,9.640625,63552,300,1,0.09999999999999999,0.1,0.8
ga_ls50_elites,GA 50% LS [LS on elites],test,test_5,4,6,448,-1,39.31178508413673,37.65141095676606,10.867457899992587,10.640625,78180,300,1,0.5,0.1,0.8
ga_ls100_elites,GA 100% LS [LS on elites],test,test_5,4,6,448,-1,37.009720262720414,35.80217962272641,11.046281799994176,10.6875,96000,300,1,1.0,0.1,0.8
ga_sched_elites,GA scheduled LS [LS on elites],test,test_5,4,6,448,-1,39.38028876355487,37.69286014940401,11.451835400017444,11.09375,79212,300,1,0.5333333333333333,0.1,0.8
ga_ls00,GA no LS,test,test_5,4,7,449,-1,40.21024955373438,38.54124781397508,8.806904900004156,8.546875,60000,300,1,0.0,0.1,0.8
ga_ls10_offspring,GA 10% LS [LS on offspring],test,test_5,4,7,449,-1,42.53103217229481,40.89844229430719,10.433311600005254,10.1875,75924,300,1,0.09999999999999999,0.1,0.8
ga_ls50_offspring,GA 50% LS [LS on offspring],test,test_5,4,7,449,-1,40.544244435578484,38.67589983717331,14.524861999991117,14.0625,140754,300,1,0.5,0.1,0.8
ga_ls100_offspring,GA 100% LS [LS on offspring],test,test_5,4,7,449,-1,41.71977512565809,40.094856344525866,12.931293500005268,12.5625,222000,300,1,1.0,0.1,0.8
ga_sched_offspring,GA scheduled LS [LS on offspring],test,test_5,4,7,449,-1,41.91838847877464,40.358368252063315,15.663960599980783,15.296875,146172,300,1,0.5333333333333333,0.1,0.8
ga_ls10_elites,GA 10% LS [LS on elites],test,test_5,4,7,449,-1,40.13677000805417,38.785465387989,10.839438599999994,10.625,63306,300,1,0.09999999999999999,0.1,0.8
ga_ls50_elites,GA 50% LS [LS on elites],test,test_5,4,7,449,-1,41.84323071955542,40.26140069431966,11.688790400017751,11.296875,77748,300,1,0.5,0.1,0.8
ga_ls100_elites,GA 100% LS [LS on elites],test,test_5,4,7,449,-1,38.29321941466017,36.78523421906726,11.347943200002192,10.96875,96000,300,1,1.0,0.1,0.8
ga_sched_elites,GA scheduled LS [LS on elites],test,test_5,4,7,449,-1,40.06760854234798,38.68227602248152,10.674058299977332,10.40625,79248,300,1,0.5333333333333333,0.1,0.8
ga_ls00,GA no LS,test,test_5,4,8,450,-1,38.539971092500515,36.62897483524174,9.712868000002345,9.5,60000,300,1,0.0,0.1,0.8
ga_ls10_offspring,GA 10% LS [LS on offspring],test,test_5,4,8,450,-1,39.066951903189356,37.49532924178861,11.954402000003029,11.765625,76542,300,1,0.09999999999999999,0.1,0.8
ga_ls50_offspring,GA 50% LS [LS on offspring],test,test_5,4,8,450,-1,41.72699987883974,40.095035632856494,13.131842600007076,12.8125,140568,300,1,0.5,0.1,0.8
ga_ls100_offspring,GA 100% LS [LS on offspring],test,test_5,4,8,450,-1,41.73194446183389,40.48597425304281,13.022864200000186,12.578125,222000,300,1,1.0,0.1,0.8
ga_sched_offspring,GA scheduled LS [LS on offspring],test,test_5,4,8,450,-1,40.557043798668616,38.89567240218221,17.22825469999225,16.828125,146682,300,1,0.5333333333333333,0.1,0.8
ga_ls10_elites,GA 10% LS [LS on elites],test,test_5,4,8,450,-1,38.97215056766114,37.57353091241308,9.209211899986258,8.890625,63564,300,1,0.09999999999999999,0.1,0.8
ga_ls50_elites,GA 50% LS [LS on elites],test,test_5,4,8,450,-1,46.98017097224029,45.268683856908105,8.22831189999124,7.984375,77838,300,1,0.5,0.1,0.8
ga_ls100_elites,GA 100% LS [LS on elites],test,test_5,4,8,450,-1,42.649454236631996,41.16395493070115,11.516765099979239,11.171875,96000,300,1,1.0,0.1,0.8
ga_sched_elites,GA scheduled LS [LS on elites],test,test_5,4,8,450,-1,39.497317024612705,38.039698972448065,10.353811899985885,9.984375,79338,300,1,0.5333333333333333,0.1,0.8
ga_ls00,GA no LS,test,test_5,4,9,451,-1,44.27899503324159,42.84063498084203,8.711430499999551,8.5625,60000,300,1,0.0,0.1,0.8
ga_ls10_offspring,GA 10% LS [LS on offspring],test,test_5,4,9,451,-1,44.286463909888525,42.84691347860532,8.765097399998922,8.46875,76014,300,1,0.09999999999999999,0.1,0.8
ga_ls50_offspring,GA 50% LS [LS on offspring],test,test_5,4,9,451,-1,45.993073209435174,44.28270981676323,11.370016400003806,11.0625,141198,300,1,0.5,0.1,0.8
ga_ls100_offspring,GA 100% LS [LS on offspring],test,test_5,4,9,451,-1,46.35621507202094,44.60464030947651,18.766810400004033,18.265625,222000,300,1,1.0,0.1,0.8
ga_sched_offspring,GA scheduled LS [LS on offspring],test,test_5,4,9,451,-1,42.71665356033269,41.37382224459666,13.89364610001212,13.578125,146388,300,1,0.5333333333333333,0.1,0.8
ga_ls10_elites,GA 10% LS [LS on elites],test,test_5,4,9,451,-1,41.43307616679808,40.02091216297676,8.566492699988885,8.296875,63612,300,1,0.09999999999999999,0.1,0.8
ga_ls50_elites,GA 50% LS [LS on elites],test,test_5,4,9,451,-1,42.52816249657662,41.06163761739757,11.277996900025755,11.09375,77784,300,1,0.5,0.1,0.8
ga_ls100_elites,GA 100% LS [LS on elites],test,test_5,4,9,451,-1,43.13124163755641,41.57383747447814,11.996427600010065,11.78125,96000,300,1,1.0,0.1,0.8
ga_sched_elites,GA scheduled LS [LS on elites],test,test_5,4,9,451,-1,43.56739701180131,42.09434790887936,8.280687599995872,8.109375,79170,300,1,0.5333333333333333,0.1,0.8
ga_ls00,GA no LS,test,test_6,5,0,542,-1,37.744883157680775,36.31093523155677,9.563467700005276,9.3125,60000,300,1,0.0,0.1,0.8
ga_ls10_offspring,GA 10% LS [LS on offspring],test,test_6,5,0,542,-1,33.63821508509922,32.171292657538594,8.869754999992438,8.6875,76446,300,1,0.09999999999999999,0.1,0.8
ga_ls50_offspring,GA 50% LS [LS on offspring],test,test_6,5,0,542,-1,38.14136099545463,36.752666266567054,11.275973499985412,11.0625,140424,300,1,0.5,0.1,0.8
ga_ls100_offspring,GA 100% LS [LS on offspring],test,test_6,5,0,542,-1,32.20533890516725,31.089446619165685,13.533160299994051,13.296875,222000,300,1,1.0,0.1,0.8
ga_sched_offspring,GA scheduled LS [LS on offspring],test,test_6,5,0,542,-1,31.521255896887883,29.99851019343207,12.961455499986187,12.703125,146058,300,1,0.5333333333333333,0.1,0.8
ga_ls10_elites,GA 10% LS [LS on elites],test,test_6,5,0,542,-1,36.92392113649187,35.10638838528297,9.768133100005798,9.578125,63594,300,1,0.09999999999999999,0.1,0.8
ga_ls50_elites,GA 50% LS [LS on elites],test,test_6,5,0,542,-1,39.227589637654596,37.375360239362564,10.700478999991901,10.484375,78318,300,1,0.5,0.1,0.8
ga_ls100_elites,GA 100% LS [LS on elites],test,test_6,5,0,542,-1,44.32356275499064,43.14603043591199,11.029887300013797,10.71875,96000,300,1,1.0,0.1,0.8
ga_sched_elites,GA scheduled LS [LS on elites],test,test_6,5,0,542,-1,36.27395166177647,34.396058969098405,11.341821700014407,11.125,79038,300,1,0.5333333333333333,0.1,0.8
ga_ls00,GA no LS,test,test_6,5,1,543,-1,30.602929619989762,29.3638430491372,8.53333279999788,8.390625,60000,300,1,0.0,0.1,0.8
ga_ls10_offspring,GA 10% LS [LS on offspring],test,test_6,5,1,543,-1,37.51141148957311,35.75572993496877,10.932396600022912,10.546875,75708,300,1,0.09999999999999999,0.1,0.8
ga_ls50_offspring,GA 50% LS [LS on offspring],test,test_6,5,1,543,-1,38.12174413766182,36.68119471802387,13.52872849997948,13.265625,141294,300,1,0.5,0.1,0.8
ga_ls100_offspring,GA 100% LS [LS on offspring],test,test_6,5,1,543,-1,31.730374708422964,30.272849456209524,18.433713799982797,18.140625,222000,300,1,1.0,0.1,0.8
ga_sched_offspring,GA scheduled LS [LS on offspring],test,test_6,5,1,543,-1,38.93104884589247,37.027958100451904,13.585969900013879,13.390625,146436,300,1,0.5333333333333333,0.1,0.8
ga_ls10_elites,GA 10% LS [LS on elites],test,test_6,5,1,543,-1,36.589121655925155,34.931095687575315,8.29543779999949,8.140625,63612,300,1,0.09999999999999999,0.1,0.8
ga_ls50_elites,GA 50% LS [LS on elites],test,test_6,5,1,543,-1,33.92680013642778,32.59199898993085,8.569207099993946,8.375,78222,300,1,0.5,0.1,0.8
ga_ls100_elites,GA 100% LS [LS on elites],test,test_6,5,1,543,-1,36.944750761542764,35.52304342771088,11.608923799998593,11.484375,96000,300,1,1.0,0.1,0.8
ga_sched_elites,GA scheduled LS [LS on elites],test,test_6,5,1,543,-1,35.7837107935975,34.15666169474801,10.267146900005173,10.046875,79452,300,1,0.5333333333333333,0.1,0.8
ga_ls00,GA no LS,test,test_6,5,2,544,-1,39.74600398858785,38.263551095584,8.275525700009894,8.1875,60000,300,1,0.0,0.1,0.8
ga_ls10_offspring,GA 10% LS [LS on offspring],test,test_6,5,2,544,-1,35.80812643523306,34.188264271472015,9.063298199995188,8.875,76242,300,1,0.09999999999999999,0.1,0.8
ga_ls50_offspring,GA 50% LS [LS on offspring],test,test_6,5,2,544,-1,33.268660429084,31.759222531163886,14.884414700005436,14.71875,141228,300,1,0.5,0.1,0.8
ga_ls100_offspring,GA 100% LS [LS on offspring],test,test_6,5,2,544,-1,37.05639875503056,35.557706261474635,17.56038969999645,17.328125,222000,300,1,1.0,0.1,0.8
ga_sched_offspring,GA scheduled LS [LS on offspring],test,test_6,5,2,544,-1,34.18350606361901,32.71259788711951,14.096153000020422,13.953125,146904,300,1,0.5333333333333333,0.1,0.8
ga_ls10_elites,GA 10% LS [LS on elites],test,test_6,5,2,544,-1,34.05665619926432,32.464592452198325,8.431139499996789,8.3125,63558,300,1,0.09999999999999999,0.1,0.8
ga_ls50_elites,GA 50% LS [LS on elites],test,test_6,5,2,544,-1,33.90633593129994,32.29521983780101,9.79090420002467,9.65625,78048,300,1,0.5,0.1,0.8
ga_ls100_elites,GA 100% LS [LS on elites],test,test_6,5,2,544,-1,34.85200165319887,33.574244682955566,10.435248299996601,10.265625,96000,300,1,1.0,0.1,0.8
ga_sched_elites,GA scheduled LS [LS on elites],test,test_6,5,2,544,-1,33.57216152740335,31.922028674247688,9.367034100025194,9.28125,79128,300,1,0.5333333333333333,0.1,0.8
ga_ls00,GA no LS,test,test_6,5,3,545,-1,40.12594037597578,38.453097634992396,7.476286200020695,7.390625,60000,300,1,0.0,0.1,0.8
ga_ls10_offspring,GA 10% LS [LS on offspring],test,test_6,5,3,545,-1,40.1462494458714,38.77555424798599,8.521428399981232,8.453125,76074,300,1,0.09999999999999999,0.1,0.8
ga_ls50_offspring,GA 50% LS [LS on offspring],test,test_6,5,3,545,-1,35.209531304435366,33.941802340193036,11.091100400022697,10.9375,140676,300,1,0.5,0.1,0.8
ga_ls100_offspring,GA 100% LS [LS on offspring],test,test_6,5,3,545,-1,34.65998090351488,33.136259764299034,17.987752100016223,17.671875,222000,300,1,1.0,0.1,0.8
ga_sched_offspring,GA scheduled LS [LS on offspring],test,test_6,5,3,545,-1,41.621466279695795,40.05731605736293,11.198594599991338,11.125,146472,300,1,0.5333333333333333,0.1,0.8
ga_ls10_elites,GA 10% LS [LS on elites],test,test_6,5,3,545,-1,31.9538312673722,30.600215141345732,8.979349200002616,8.921875,63528,300,1,0.09999999999999999,0.1,0.8
ga_ls50_elites,GA 50% LS [LS on elites],test,test_6,5,3,545,-1,36.94076246508534,35.471859388081924,9.177683400019305,9.09375,78108,300,1,0.5,0.1,0.8
ga_ls100_elites,GA 100% LS [LS on elites],test,test_6,5,3,545,-1,38.31090282341038,36.957025413757684,11.538702099991497,11.21875,96000,300,1,1.0,0.1,0.8
ga_sched_elites,GA scheduled LS [LS on elites],test,test_6,5,3,545,-1,32.29051691464706,31.097833950267557,12.006751200009603,11.78125,79314,300,1,0.5333333333333333,0.1,0.8
ga_ls00,GA no LS,test,test_6,5,4,546,-1,41.512980439568416,40.013848728109004,10.2288203999924,10.03125,60000,300,1,0.0,0.1,0.8
ga_ls10_offspring,GA 10% LS [LS on offspring],test,test_6,5,4,546,-1,35.50733855574935,34.027196186089135,11.670459499990102,11.421875,76680,300,1,0.09999999999999999,0.1,0.8
ga_ls50_offspring,GA 50% LS [LS on offspring],test,test_6,5,4,546,-1,34.95053284063515,33.284029682806576,15.65528110001469,15.453125,141234,300,1,0.5,0.1,0.8
ga_ls100_offspring,GA 100% LS [LS on offspring],test,test_6,5,4,546,-1,36.2678071413457,34.94358231298673,16.142954000009922,16.015625,222000,300,1,1.0,0.1,0.8
ga_sched_offspring,GA scheduled LS [LS on offspring],test,test_6,5,4,546,-1,35.36321405382078,33.8685330234343,16.806238499993924,16.375,147042,300,1,0.5333333333333333,0.1,0.8
ga_ls10_elites,GA 10% LS [LS on elites],test,test_6,5,4,546,-1,36.539407554554224,35.190880890446124,8.212635400006548,7.9375,63588,300,1,0.09999999999999999,0.1,0.8
ga_ls50_elites,GA 50% LS [LS on elites],test,test_6,5,4,546,-1,34.520364177193436,33.179294718347045,12.110869500000263,11.890625,77718,300,1,0.5,0.1,0.8
ga_ls100_elites,GA 100% LS [LS on elites],test,test_6,5,4,546,-1,37.44213084596053,35.680379216560965,12.636951199994655,12.46875,96000,300,1,1.0,0.1,0.8
ga_sched_elites,GA scheduled LS [LS on elites],test,test_6,5,4,546,-1,36.35806671675,35.00631355705527,10.295002799975919,10.09375,79110,300,1,0.5333333333333333,0.1,0.8
ga_ls00,GA no LS,test,test_6,5,5,547,-1,43.410022224995814,41.64257535590346,9.593474099994637,9.46875,60000,300,1,0.0,0.1,0.8
ga_ls10_offspring,GA 10% LS [LS on offspring],test,test_6,5,5,547,-1,40.990198418386946,38.822927202888685,11.033211599977221,10.875,76140,300,1,0.09999999999999999,0.1,0.8
ga_ls50_offspring,GA 50% LS [LS on offspring],test,test_6,5,5,547,-1,33.097511495178786,31.77348690272269,12.620443499996327,12.4375,140292,300,1,0.5,0.1,0.8
ga_ls100_offspring,GA 100% LS [LS on offspring],test,test_6,5,5,547,-1,37.8093637049568,36.59233562326403,15.432027800008655,15.1875,222000,300,1,1.0,0.1,0.8
ga_sched_offspring,GA scheduled LS [LS on offspring],test,test_6,5,5,547,-1,40.715698971815904,38.566552527192165,14.882095699984347,14.546875,146184,300,1,0.5333333333333333,0.1,0.8
ga_ls10_elites,GA 10% LS [LS on elites],test,test_6,5,5,547,-1,36.9564694739908,35.2599379510255,7.765795499988599,7.59375,63450,300,1,0.09999999999999999,0.1,0.8
ga_ls50_elites,GA 50% LS [LS on elites],test,test_6,5,5,547,-1,38.449369170425115,36.92426375386892,10.57537589999265,10.375,77898,300,1,0.5,0.1,0.8
ga_ls100_elites,GA 100% LS [LS on elites],test,test_6,5,5,547,-1,36.9567005864745,35.4565933048055,13.48618079998414,13.21875,96000,300,1,1.0,0.1,0.8
ga_sched_elites,GA scheduled LS [LS on elites],test,test_6,5,5,547,-1,36.81031158504828,35.13063617726438,9.219866800005548,9.09375,78852,300,1,0.5333333333333333,0.1,0.8
ga_ls00,GA no LS,test,test_6,5,6,548,-1,40.679740798178486,38.662415806077675,8.486301299999468,8.46875,60000,300,1,0.0,0.1,0.8
ga_ls10_offspring,GA 10% LS [LS on offspring],test,test_6,5,6,548,-1,32.6444904540068,31.107401575163834,8.557122600002913,8.4375,76284,300,1,0.09999999999999999,0.1,0.8
ga_ls50_offspring,GA 50% LS [LS on offspring],test,test_6,5,6,548,-1,37.867542705610006,36.23052828638993,12.020733799989102,11.921875,141060,300,1,0.5,0.1,0.8
ga_ls100_offspring,GA 100% LS [LS on offspring],test,test_6,5,6,548,-1,35.789869539768326,34.16989794361854,16.075218899990432,15.953125,222000,300,1,1.0,0.1,0.8
ga_sched_offspring,GA scheduled LS [LS on offspring],test,test_6,5,6,548,-1,32.31976495890988,30.760718587953477,11.109429899981478,11.03125,147126,300,1,0.5333333333333333,0.1,0.8
ga_ls10_elites,GA 10% LS [LS on elites],test,test_6,5,6,548,-1,37.484199266371675,35.915762488345614,8.093310600001132,8.015625,63720,300,1,0.09999999999999999,0.1,0.8
ga_ls50_elites,GA 50% LS [LS on elites],test,test_6,5,6,548,-1,34.103467437539,32.37728313233781,11.48279320000438,11.34375,78000,300,1,0.5,0.1,0.8
ga_ls100_elites,GA 100% LS [LS on elites],test,test_6,5,6,548,-1,28.795944665635144,27.360860799309883,10.956242200016277,10.84375,96000,300,1,1.0,0.1,0.8
ga_sched_elites,GA scheduled LS [LS on elites],test,test_6,5,6,548,-1,37.31641201089097,35.75932538466232,9.179736600024626,9.09375,79434,300,1,0.5333333333333333,0.1,0.8
ga_ls00,GA no LS,test,test_6,5,7,549,-1,33.401800428675884,31.769671547661098,7.823042800009716,7.78125,60000,300,1,0.0,0.1,0.8
ga_ls10_offspring,GA 10% LS [LS on offspring],test,test_6,5,7,549,-1,34.49784101892922,32.97639907902695,10.368867800018052,10.28125,76524,300,1,0.09999999999999999,0.1,0.8
ga_ls50_offspring,GA 50% LS [LS on offspring],test,test_6,5,7,549,-1,39.34798800873369,38.18696169838272,10.09012830001302,10.015625,141228,300,1,0.5,0.1,0.8
ga_ls100_offspring,GA 100% LS [LS on offspring],test,test_6,5,7,549,-1,33.606556797113704,32.30314120576024,16.136948100000154,16.015625,222000,300,1,1.0,0.1,0.8
ga_sched_offspring,GA scheduled LS [LS on offspring],test,test_6,5,7,549,-1,34.15074189021762,32.652090878875974,15.268769300018903,15.203125,146520,300,1,0.5333333333333333,0.1,0.8
ga_ls10_elites,GA 10% LS [LS on elites],test,test_6,5,7,549,-1,32.49790512098943,31.166535438397464,7.762499500007834,7.6875,63528,300,1,0.09999999999999999,0.1,0.8
ga_ls50_elites,GA 50% LS [LS on elites],test,test_6,5,7,549,-1,31.67106255657323,30.343579744124252,9.981481599999825,9.890625,78114,300,1,0.5,0.1,0.8
ga_ls100_elites,GA 100% LS [LS on elites],test,test_6,5,7,549,-1,36.73058360432839,35.29443096824237,11.269913100026315,11.203125,96000,300,1,1.0,0.1,0.8
ga_sched_elites,GA scheduled LS [LS on elites],test,test_6,5,7,549,-1,32.42254260017721,31.09045238034232,8.561581200017827,8.421875,79428,300,1,0.5333333333333333,0.1,0.8
ga_ls00,GA no LS,test,test_6,5,8,550,-1,41.30026848426847,39.95383997935382,6.953037200000836,6.90625,60000,300,1,0.0,0.1,0.8
ga_ls10_offspring,GA 10% LS [LS on offspring],test,test_6,5,8,550,-1,41.000099344555494,39.263441699967125,8.974001099995803,8.921875,75972,300,1,0.09999999999999999,0.1,0.8
ga_ls50_offspring,GA 50% LS [LS on offspring],test,test_6,5,8,550,-1,34.45811165723936,32.89917309631156,14.619949099986115,14.453125,141102,300,1,0.5,0.1,0.8
ga_ls100_offspring,GA 100% LS [LS on offspring],test,test_6,5,8,550,-1,36.60411433709919,34.99883269304742,15.192327099997783,14.96875,222000,300,1,1.0,0.1,0.8
ga_sched_offspring,GA scheduled LS [LS on offspring],test,test_6,5,8,550,-1,40.029935643425134,38.3202081501926,13.236171199998353,13.109375,146418,300,1,0.5333333333333333,0.1,0.8
ga_ls10_elites,GA 10% LS [LS on elites],test,test_6,5,8,550,-1,37.870331983041716,36.52486736827781,8.257754799997201,8.21875,63492,300,1,0.09999999999999999,0.1,0.8
ga_ls50_elites,GA 50% LS [LS on elites],test,test_6,5,8,550,-1,33.21365759394333,31.738702602335128,9.266894400003366,9.125,78018,300,1,0.5,0.1,0.8
ga_ls100_elites,GA 100% LS [LS on elites],test,test_6,5,8,550,-1,37.95055010903132,36.25285451156836,13.668951400002697,13.578125,96000,300,1,1.0,0.1,0.8
ga_sched_elites,GA scheduled LS [LS on elites],test,test_6,5,8,550,-1,35.59777793433422,33.91942339334026,9.461220500001218,9.34375,78948,300,1,0.5333333333333333,0.1,0.8
ga_ls00,GA no LS,test,test_6,5,9,551,-1,40.329290997212674,38.760591259863666,8.046142500010319,7.96875,60000,300,1,0.0,0.1,0.8
ga_ls10_offspring,GA 10% LS [LS on offspring],test,test_6,5,9,551,-1,38.82922143665715,37.36119670807917,9.461094699974637,9.296875,76572,300,1,0.09999999999999999,0.1,0.8
ga_ls50_offspring,GA 50% LS [LS on offspring],test,test_6,5,9,551,-1,36.28244596827553,34.594863083238685,15.110041500010993,14.984375,140970,300,1,0.5,0.1,0.8
ga_ls100_offspring,GA 100% LS [LS on offspring],test,test_6,5,9,551,-1,38.24257874902631,36.96238931818367,15.264444500004174,15.015625,222000,300,1,1.0,0.1,0.8
ga_sched_offspring,GA scheduled LS [LS on offspring],test,test_6,5,9,551,-1,37.81256680732698,36.43208753729358,13.211691000004066,13.0,146418,300,1,0.5333333333333333,0.1,0.8
ga_ls10_elites,GA 10% LS [LS on elites],test,test_6,5,9,551,-1,38.89409525335249,37.258441353934046,9.921609400014859,9.859375,63588,300,1,0.09999999999999999,0.1,0.8
ga_ls50_elites,GA 50% LS [LS on elites],test,test_6,5,9,551,-1,40.82497134830269,39.21960295993094,8.944718799990369,8.84375,78180,300,1,0.5,0.1,0.8
ga_ls100_elites,GA 100% LS [LS on elites],test,test_6,5,9,551,-1,39.99018805705969,38.549038551764546,13.376314399996772,13.15625,96000,300,1,1.0,0.1,0.8
ga_sched_elites,GA scheduled LS [LS on elites],test,test_6,5,9,551,-1,38.79591654755616,37.12723021027294,11.6031917000073,11.5,79296,300,1,0.5333333333333333,0.1,0.8
ga_ls00,GA no LS,test,test_7,6,0,642,-1,41.25317534628992,40.01512089627535,7.25778650000575,7.078125,60000,300,1,0.0,0.1,0.8
ga_ls10_offspring,GA 10% LS [LS on offspring],test,test_7,6,0,642,-1,35.24715154997454,33.88130262662451,7.499548699997831,7.328125,76152,300,1,0.09999999999999999,0.1,0.8
ga_ls50_offspring,GA 50% LS [LS on offspring],test,test_7,6,0,642,-1,35.056335409016775,33.02446508694308,11.425093600002583,11.21875,140160,300,1,0.5,0.1,0.8
ga_ls100_offspring,GA 100% LS [LS on offspring],test,test_7,6,0,642,-1,33.3262136034552,31.889328988674535,12.788132499990752,12.71875,222000,300,1,1.0,0.1,0.8
ga_sched_offspring,GA scheduled LS [LS on offspring],test,test_7,6,0,642,-1,35.28114365932569,33.9165118110295,9.980427800008329,9.890625,145854,300,1,0.5333333333333333,0.1,0.8
ga_ls10_elites,GA 10% LS [LS on elites],test,test_7,6,0,642,-1,40.87614519792529,39.41970454302095,8.51843260001624,8.453125,63540,300,1,0.09999999999999999,0.1,0.8
ga_ls50_elites,GA 50% LS [LS on elites],test,test_7,6,0,642,-1,40.281730384722586,38.69914002297536,8.952115199994296,8.84375,78090,300,1,0.5,0.1,0.8
ga_ls100_elites,GA 100% LS [LS on elites],test,test_7,6,0,642,-1,38.64237197266857,37.281073306541124,12.093469099985668,11.96875,96000,300,1,1.0,0.1,0.8
ga_sched_elites,GA scheduled LS [LS on elites],test,test_7,6,0,642,-1,33.89066690752577,32.43637217692041,10.02449229999911,9.90625,78924,300,1,0.5333333333333333,0.1,0.8
ga_ls00,GA no LS,test,test_7,6,1,643,-1,35.15560014098605,33.70180683964787,7.335485199990217,7.328125,60000,300,1,0.0,0.1,0.8
ga_ls10_offspring,GA 10% LS [LS on offspring],test,test_7,6,1,643,-1,26.276049729468756,24.979627754161317,7.564390099985758,7.515625,75744,300,1,0.09999999999999999,0.1,0.8
ga_ls50_offspring,GA 50% LS [LS on offspring],test,test_7,6,1,643,-1,37.29498820699797,35.49333834429252,12.703506999998353,12.609375,140736,300,1,0.5,0.1,0.8
ga_ls100_offspring,GA 100% LS [LS on offspring],test,test_7,6,1,643,-1,28.790567293050827,27.07768582680572,14.370794900023611,14.265625,222000,300,1,1.0,0.1,0.8
ga_sched_offspring,GA scheduled LS [LS on offspring],test,test_7,6,1,643,-1,26.230047435825995,24.937765305113402,9.13802250000299,9.0625,145944,300,1,0.5333333333333333,0.1,0.8
ga_ls10_elites,GA 10% LS [LS on elites],test,test_7,6,1,643,-1,31.935825792940065,30.314750354725042,8.70483560001594,8.609375,63612,300,1,0.09999999999999999,0.1,0.8
ga_ls50_elites,GA 50% LS [LS on elites],test,test_7,6,1,643,-1,34.47298812029549,32.98745445646993,9.066809200012358,9.046875,77898,300,1,0.5,0.1,0.8
ga_ls100_elites,GA 100% LS [LS on elites],test,test_7,6,1,643,-1,34.95082624039754,33.41096999606909,8.470005000010133,8.421875,96000,300,1,1.0,0.1,0.8
ga_sched_elites,GA scheduled LS [LS on elites],test,test_7,6,1,643,-1,31.2881763018727,29.685450073574607,10.385942399996566,10.359375,79038,300,1,0.5333333333333333,0.1,0.8
ga_ls00,GA no LS,test,test_7,6,2,644,-1,29.78915662035832,28.283413163017524,7.9672763000126,7.90625,60000,300,1,0.0,0.1,0.8
ga_ls10_offspring,GA 10% LS [LS on offspring],test,test_7,6,2,644,-1,34.91524212750587,32.934631291721935,9.216080500016687,9.1875,76308,300,1,0.09999999999999999,0.1,0.8
ga_ls50_offspring,GA 50% LS [LS on offspring],test,test_7,6,2,644,-1,33.11903875665143,31.42216128617227,11.125329000002239,11.0,140712,300,1,0.5,0.1,0.8
ga_ls100_offspring,GA 100% LS [LS on offspring],test,test_7,6,2,644,-1,33.69196433137984,32.241082317578595,13.49846719999914,13.3125,222000,300,1,1.0,0.1,0.8
ga_sched_offspring,GA scheduled LS [LS on offspring],test,test_7,6,2,644,-1,31.528405363457995,29.60775611945024,12.831053200003225,12.65625,146172,300,1,0.5333333333333333,0.1,0.8
ga_ls10_elites,GA 10% LS [LS on elites],test,test_7,6,2,644,-1,31.58820583621106,29.8503023880722,7.572271599987289,7.546875,63618,300,1,0.09999999999999999,0.1,0.8
ga_ls50_elites,GA 50% LS [LS on elites],test,test_7,6,2,644,-1,28.492194467932432,26.98937471955735,8.892977199982852,8.84375,77898,300,1,0.5,0.1,0.8
ga_ls100_elites,GA 100% LS [LS on elites],test,test_7,6,2,644,-1,37.02729372527418,34.90322687957128,11.650156199990306,11.515625,96000,300,1,1.0,0.1,0.8
ga_sched_elites,GA scheduled LS [LS on elites],test,test_7,6,2,644,-1,31.553875297160598,29.81518757082261,9.377749299979769,9.296875,79452,300,1,0.5333333333333333,0.1,0.8
ga_ls00,GA no LS,test,test_7,6,3,645,-1,29.736460226393678,28.025291798358438,7.074667500011856,7.03125,60000,300,1,0.0,0.1,0.8
ga_ls10_offspring,GA 10% LS [LS on offspring],test,test_7,6,3,645,-1,35.80253673296276,34.54918464746256,8.669184200000018,8.59375,75690,300,1,0.09999999999999999,0.1,0.8
ga_ls50_offspring,GA 50% LS [LS on offspring],test,test_7,6,3,645,-1,34.88187983385246,33.129279172494364,12.071175699995365,12.015625,140466,300,1,0.5,0.1,0.8
ga_ls100_offspring,GA 100% LS [LS on offspring],test,test_7,6,3,645,-1,37.44922930999256,35.80732178580293,18.98596630000975,18.640625,222000,300,1,1.0,0.1,0.8
ga_sched_offspring,GA scheduled LS [LS on offspring],test,test_7,6,3,645,-1,35.93421446492462,34.67782085852632,11.433491800009506,11.296875,145692,300,1,0.5333333333333333,0.1,0.8
ga_ls10_elites,GA 10% LS [LS on elites],test,test_7,6,3,645,-1,29.929529778669274,27.974774905368093,7.667187299986836,7.578125,63696,300,1,0.09999999999999999,0.1,0.8
ga_ls50_elites,GA 50% LS [LS on elites],test,test_7,6,3,645,-1,26.33328976919959,24.98585664519292,8.780406100006076,8.75,77946,300,1,0.5,0.1,0.8
ga_ls100_elites,GA 100% LS [LS on elites],test,test_7,6,3,645,-1,33.761049166944616,31.77107230930489,8.821534700022312,8.75,96000,300,1,1.0,0.1,0.8
ga_sched_elites,GA scheduled LS [LS on elites],test,test_7,6,3,645,-1,28.95679932244229,27.05058838598697,8.224290200014366,8.03125,79320,300,1,0.5333333333333333,0.1,0.8
ga_ls00,GA no LS,test,test_7,6,4,646,-1,34.85391704548283,33.166469096199386,6.860980199999176,6.75,60000,300,1,0.0,0.1,0.8
ga_ls10_offspring,GA 10% LS [LS on offspring],test,test_7,6,4,646,-1,27.4654976331261,26.079400262768623,7.330909099982819,7.25,76488,300,1,0.09999999999999999,0.1,0.8
ga_ls50_offspring,GA 50% LS [LS on offspring],test,test_7,6,4,646,-1,31.699177097870248,30.030711115525992,11.829953599983128,11.609375,141114,300,1,0.5,0.1,0.8
ga_ls100_offspring,GA 100% LS [LS on offspring],test,test_7,6,4,646,-1,35.14092517523025,33.574170673168815,14.889689400006318,14.53125,222000,300,1,1.0,0.1,0.8
ga_sched_offspring,GA scheduled LS [LS on offspring],test,test_7,6,4,646,-1,27.105356771181572,25.732106653550264,8.97942809999222,8.796875,146598,300,1,0.5333333333333333,0.1,0.8
ga_ls10_elites,GA 10% LS [LS on elites],test,test_7,6,4,646,-1,32.47632583413757,30.669700938212532,9.37772170000244,9.125,63492,300,1,0.09999999999999999,0.1,0.8
ga_ls50_elites,GA 50% LS [LS on elites],test,test_7,6,4,646,-1,36.106403965178785,34.69045496267524,8.486166800023057,8.375,77844,300,1,0.5,0.1,0.8
ga_ls100_elites,GA 100% LS [LS on elites],test,test_7,6,4,646,-1,29.975175613777548,28.547059946441347,10.628106999996817,10.375,96000,300,1,1.0,0.1,0.8
ga_sched_elites,GA scheduled LS [LS on elites],test,test_7,6,4,646,-1,33.38566693752038,31.438741216653774,10.443541700020432,10.3125,79080,300,1,0.5333333333333333,0.1,0.8
ga_ls00,GA no LS,test,test_7,6,5,647,-1,34.31341658477259,32.81117522208356,10.862485599995125,10.671875,60000,300,1,0.0,0.1,0.8
ga_ls10_offspring,GA 10% LS [LS on offspring],test,test_7,6,5,647,-1,36.09110759320621,34.2371227256215,9.829908000014257,9.53125,76128,300,1,0.09999999999999999,0.1,0.8
ga_ls50_offspring,GA 50% LS [LS on offspring],test,test_7,6,5,647,-1,33.03911837806747,31.81296100226791,11.67545120001887,11.328125,141180,300,1,0.5,0.1,0.8
ga_ls100_offspring,GA 100% LS [LS on offspring],test,test_7,6,5,647,-1,34.74497256988966,33.00402325579481,15.444650700024795,14.96875,222000,300,1,1.0,0.1,0.8
ga_sched_offspring,GA scheduled LS [LS on offspring],test,test_7,6,5,647,-1,34.513414213175636,32.7089032312336,14.251167899987195,13.921875,146442,300,1,0.5333333333333333,0.1,0.8
ga_ls10_elites,GA 10% LS [LS on elites],test,test_7,6,5,647,-1,31.747901879202765,30.12269433851924,9.009240299987141,8.8125,63756,300,1,0.09999999999999999,0.1,0.8
ga_ls50_elites,GA 50% LS [LS on elites],test,test_7,6,5,647,-1,30.506672068941736,28.895255137508098,8.461459099984495,8.28125,78336,300,1,0.5,0.1,0.8
ga_ls100_elites,GA 100% LS [LS on elites],test,test_7,6,5,647,-1,31.495384892191293,29.941568406419346,10.881445999984862,10.484375,96000,300,1,1.0,0.1,0.8
ga_sched_elites,GA scheduled LS [LS on elites],test,test_7,6,5,647,-1,31.67455822775075,30.0488025372644,10.93202029998065,10.640625,79230,300,1,0.5333333333333333,0.1,0.8
ga_ls00,GA no LS,test,test_7,6,6,648,-1,30.880437226813736,29.296080158954442,7.799830000003567,7.609375,60000,300,1,0.0,0.1,0.8
ga_ls10_offspring,GA 10% LS [LS on offspring],test,test_7,6,6,648,-1,35.374336713634996,33.64828276203731,8.85504850000143,8.625,76086,300,1,0.09999999999999999,0.1,0.8
ga_ls50_offspring,GA 50% LS [LS on offspring],test,test_7,6,6,648,-1,36.98286803988769,35.34676565799898,15.50798679998843,15.1875,141168,300,1,0.5,0.1,0.8
ga_ls100_offspring,GA 100% LS [LS on offspring],test,test_7,6,6,648,-1,31.26613610263663,29.787341875138544,13.370391200005542,13.09375,222000,300,1,1.0,0.1,0.8
ga_sched_offspring,GA scheduled LS [LS on offspring],test,test_7,6,6,648,-1,34.39460666968742,32.778035962293956,10.628297899995232,10.359375,146214,300,1,0.5333333333333333,0.1,0.8
ga_ls10_elites,GA 10% LS [LS on elites],test,test_7,6,6,648,-1,34.44327183539867,32.65431888077382,8.93902540000272,8.6875,63402,300,1,0.09999999999999999,0.1,0.8
ga_ls50_elites,GA 50% LS [LS on elites],test,test_7,6,6,648,-1,32.63853364072692,31.390872126792004,8.500596500001848,8.296875,78012,300,1,0.5,0.1,0.8
ga_ls100_elites,GA 100% LS [LS on elites],test,test_7,6,6,648,-1,31.086656487552016,29.914001206639526,13.27786269999342,13.03125,96000,300,1,1.0,0.1,0.8
ga_sched_elites,GA scheduled LS [LS on elites],test,test_7,6,6,648,-1,34.32992421297354,32.5338435917556,10.275254400010454,10.03125,79092,300,1,0.5333333333333333,0.1,0.8
ga_ls00,GA no LS,test,test_7,6,7,649,-1,32.36462366423039,30.70896187683918,9.072389900014969,8.84375,60000,300,1,0.0,0.1,0.8
ga_ls10_offspring,GA 10% LS [LS on offspring],test,test_7,6,7,649,-1,33.61497511008838,31.74388913913942,9.951184500008821,9.734375,76722,300,1,0.09999999999999999,0.1,0.8
ga_ls50_offspring,GA 50% LS [LS on offspring],test,test_7,6,7,649,-1,30.457479018519432,28.91870564934747,13.257264900021255,12.96875,141072,300,1,0.5,0.1,0.8
ga_ls100_offspring,GA 100% LS [LS on offspring],test,test_7,6,7,649,-1,32.350196990532645,30.3707815603052,15.854491600010078,15.4375,222000,300,1,1.0,0.1,0.8
ga_sched_offspring,GA scheduled LS [LS on offspring],test,test_7,6,7,649,-1,33.22785819221711,31.392914981824788,12.951055199984694,12.484375,147246,300,1,0.5333333333333333,0.1,0.8
ga_ls10_elites,GA 10% LS [LS on elites],test,test_7,6,7,649,-1,35.76453993848748,33.93245654156132,8.608670699992217,8.359375,63534,300,1,0.09999999999999999,0.1,0.8
ga_ls50_elites,GA 50% LS [LS on elites],test,test_7,6,7,649,-1,37.60541220449581,35.9779815197869,12.558502300002147,12.109375,77820,300,1,0.5,0.1,0.8
ga_ls100_elites,GA 100% LS [LS on elites],test,test_7,6,7,649,-1,30.286298717036793,28.58131027948445,10.11165790000814,9.9375,96000,300,1,1.0,0.1,0.8
ga_sched_elites,GA scheduled LS [LS on elites],test,test_7,6,7,649,-1,35.66057405572837,33.82901008272161,9.171075799997197,9.015625,79164,300,1,0.5333333333333333,0.1,0.8
ga_ls00,GA no LS,test,test_7,6,8,650,-1,33.93597170733046,32.664102054780855,7.581602599995676,7.46875,60000,300,1,0.0,0.1,0.8
ga_ls10_offspring,GA 10% LS [LS on offspring],test,test_7,6,8,650,-1,36.15192254241231,34.60535968604296,10.974666699999943,10.671875,76332,300,1,0.09999999999999999,0.1,0.8
ga_ls50_offspring,GA 50% LS [LS on offspring],test,test_7,6,8,650,-1,34.725149976197244,33.22988117995489,11.716473800013773,11.453125,141084,300,1,0.5,0.1,0.8
ga_ls100_offspring,GA 100% LS [LS on offspring],test,test_7,6,8,650,-1,36.027384480626665,34.24890585411563,13.843919599981746,13.4375,222000,300,1,1.0,0.1,0.8
ga_sched_offspring,GA scheduled LS [LS on offspring],test,test_7,6,8,650,-1,35.95334517072454,34.43458339591395,14.972529899998335,14.53125,146298,300,1,0.5333333333333333,0.1,0.8
ga_ls10_elites,GA 10% LS [LS on elites],test,test_7,6,8,650,-1,37.39827658319182,35.744941070044035,9.626098900014767,9.296875,63564,300,1,0.09999999999999999,0.1,0.8
ga_ls50_elites,GA 50% LS [LS on elites],test,test_7,6,8,650,-1,34.28188199420256,32.63371915891223,12.801296299992828,12.46875,77910,300,1,0.5,0.1,0.8
ga_ls100_elites,GA 100% LS [LS on elites],test,test_7,6,8,650,-1,36.34016583641688,34.64670659064373,10.215932899998734,9.859375,96000,300,1,1.0,0.1,0.8
ga_sched_elites,GA scheduled LS [LS on elites],test,test_7,6,8,650,-1,37.20943191660198,35.55144478104376,10.713171799987322,10.328125,79176,300,1,0.5333333333333333,0.1,0.8
ga_ls00,GA no LS,test,test_7,6,9,651,-1,27.9021942411311,26.300470646459566,8.292408699984662,8.046875,60000,300,1,0.0,0.1,0.8
ga_ls10_offspring,GA 10% LS [LS on offspring],test,test_7,6,9,651,-1,32.340025677095404,30.851261775529544,9.856465499993647,9.59375,76254,300,1,0.09999999999999999,0.1,0.8
ga_ls50_offspring,GA 50% LS [LS on offspring],test,test_7,6,9,651,-1,37.66571322891253,36.11224000135452,13.66833289997885,13.34375,141450,300,1,0.5,0.1,0.8
ga_ls100_offspring,GA 100% LS [LS on offspring],test,test_7,6,9,651,-1,30.23468288328758,28.676349971219217,17.645787199988263,17.40625,222000,300,1,1.0,0.1,0.8
ga_sched_offspring,GA scheduled LS [LS on offspring],test,test_7,6,9,651,-1,31.729015767411166,30.178988059295822,11.551110400003381,11.078125,146616,300,1,0.5333333333333333,0.1,0.8
ga_ls10_elites,GA 10% LS [LS on elites],test,test_7,6,9,651,-1,36.974062950031154,35.31976516521718,10.178049999987707,9.84375,63606,300,1,0.09999999999999999,0.1,0.8
ga_ls50_elites,GA 50% LS [LS on elites],test,test_7,6,9,651,-1,32.451489563310375,30.797546479755137,8.743026500014821,8.484375,77826,300,1,0.5,0.1,0.8
ga_ls100_elites,GA 100% LS [LS on elites],test,test_7,6,9,651,-1,39.760513518671914,38.28601953671933,12.562551899987739,12.234375,96000,300,1,1.0,0.1,0.8
ga_sched_elites,GA scheduled LS [LS on elites],test,test_7,6,9,651,-1,33.475560095892384,31.867555471287623,11.35665259999223,11.09375,79248,300,1,0.5333333333333333,0.1,0.8
ga_ls00,GA no LS,test,test_8,7,0,742,-1,32.842199329994685,31.0452144732801,8.77917460000026,8.625,60000,300,1,0.0,0.1,0.8
ga_ls10_offspring,GA 10% LS [LS on offspring],test,test_8,7,0,742,-1,32.84310522923813,31.217578532074153,8.762132999981986,8.71875,76554,300,1,0.09999999999999999,0.1,0.8
ga_ls50_offspring,GA 50% LS [LS on offspring],test,test_8,7,0,742,-1,34.20195678422802,32.77167898083186,12.396648699999787,12.328125,141618,300,1,0.5,0.1,0.8
ga_ls100_offspring,GA 100% LS [LS on offspring],test,test_8,7,0,742,-1,32.21175227682303,30.415489050956396,17.03485520000686,16.890625,222000,300,1,1.0,0.1,0.8
ga_sched_offspring,GA scheduled LS [LS on offspring],test,test_8,7,0,742,-1,33.616187405262785,31.906773482971907,12.960105800011661,12.921875,147168,300,1,0.5333333333333333,0.1,0.8
ga_ls10_elites,GA 10% LS [LS on elites],test,test_8,7,0,742,-1,33.8632161480777,32.235524349413666,7.071979999978794,7.046875,63504,300,1,0.09999999999999999,0.1,0.8
ga_ls50_elites,GA 50% LS [LS on elites],test,test_8,7,0,742,-1,34.70848278385245,32.910792478361714,9.416822600003798,9.421875,78042,300,1,0.5,0.1,0.8
ga_ls100_elites,GA 100% LS [LS on elites],test,test_8,7,0,742,-1,25.85064290233819,24.524094933732236,10.121105199999874,10.125,96000,300,1,1.0,0.1,0.8
ga_sched_elites,GA scheduled LS [LS on elites],test,test_8,7,0,742,-1,33.66766845886052,32.03848090991429,7.815288699988741,7.765625,79032,300,1,0.5333333333333333,0.1,0.8
ga_ls00,GA no LS,test,test_8,7,1,743,-1,32.34964172380021,30.66491079383794,9.225926999992225,9.1875,60000,300,1,0.0,0.1,0.8
ga_ls10_offspring,GA 10% LS [LS on offspring],test,test_8,7,1,743,-1,35.76381879686821,34.09818277226255,8.526177100022323,8.5,75654,300,1,0.09999999999999999,0.1,0.8
ga_ls50_offspring,GA 50% LS [LS on offspring],test,test_8,7,1,743,-1,31.230765953759253,29.490969561905946,14.782975299982354,14.75,141060,300,1,0.5,0.1,0.8
ga_ls100_offspring,GA 100% LS [LS on offspring],test,test_8,7,1,743,-1,32.59819983596076,31.031060562544635,17.661768099991605,17.5625,222000,300,1,1.0,0.1,0.8
ga_sched_offspring,GA scheduled LS [LS on offspring],test,test_8,7,1,743,-1,35.6029818507127,33.886538773481625,12.979799099994125,12.921875,146250,300,1,0.5333333333333333,0.1,0.8
ga_ls10_elites,GA 10% LS [LS on elites],test,test_8,7,1,743,-1,32.977522952699836,31.476259467688593,8.266039800015278,8.203125,63468,300,1,0.09999999999999999,0.1,0.8
ga_ls50_elites,GA 50% LS [LS on elites],test,test_8,7,1,743,-1,32.07812497845251,30.33036117596812,9.267312299984042,9.234375,78084,300,1,0.5,0.1,0.8
ga_ls100_elites,GA 100% LS [LS on elites],test,test_8,7,1,743,-1,29.31766214000037,27.831806801048234,9.698084400006337,9.640625,96000,300,1,1.0,0.1,0.8
ga_sched_elites,GA scheduled LS [LS on elites],test,test_8,7,1,743,-1,32.59207117552642,31.101988034778447,8.904000700014876,8.875,79104,300,1,0.5333333333333333,0.1,0.8
ga_ls00,GA no LS,test,test_8,7,2,744,-1,33.13385416177144,31.291010602226557,8.691124300006777,8.59375,60000,300,1,0.0,0.1,0.8
ga_ls10_offspring,GA 10% LS [LS on offspring],test,test_8,7,2,744,-1,36.64260445908042,34.92265834059174,10.600602899998194,10.546875,76362,300,1,0.09999999999999999,0.1,0.8
ga_ls50_offspring,GA 50% LS [LS on offspring],test,test_8,7,2,744,-1,28.398393139128785,26.829269667982935,11.534821299981559,11.46875,139812,300,1,0.5,0.1,0.8
ga_ls100_offspring,GA 100% LS [LS on offspring],test,test_8,7,2,744,-1,34.00147109757671,31.993609381877633,17.58616659999825,17.484375,222000,300,1,1.0,0.1,0.8
ga_sched_offspring,GA scheduled LS [LS on offspring],test,test_8,7,2,744,-1,35.643221024506985,34.02098480221392,16.591099600016605,16.453125,146124,300,1,0.5333333333333333,0.1,0.8
ga_ls10_elites,GA 10% LS [LS on elites],test,test_8,7,2,744,-1,32.99454731167201,31.26780682036478,10.487774799985345,10.390625,63528,300,1,0.09999999999999999,0.1,0.8
ga_ls50_elites,GA 50% LS [LS on elites],test,test_8,7,2,744,-1,33.08540868790067,31.553475019309435,7.790452299988829,7.78125,77718,300,1,0.5,0.1,0.8
ga_ls100_elites,GA 100% LS [LS on elites],test,test_8,7,2,744,-1,33.7754841607366,32.08011571170756,12.062566499982495,11.984375,96000,300,1,1.0,0.1,0.8
ga_sched_elites,GA scheduled LS [LS on elites],test,test_8,7,2,744,-1,34.087912414099826,32.28220856093417,12.600729700003285,12.546875,79020,300,1,0.5333333333333333,0.1,0.8
ga_ls00,GA no LS,test,test_8,7,3,745,-1,38.427586066495564,36.96956377479421,8.089286799979163,8.03125,60000,300,1,0.0,0.1,0.8
ga_ls10_offspring,GA 10% LS [LS on offspring],test,test_8,7,3,745,-1,38.12565766367406,36.46877867951184,9.48745250000502,9.421875,76686,300,1,0.09999999999999999,0.1,0.8
ga_ls50_offspring,GA 50% LS [LS on offspring],test,test_8,7,3,745,-1,37.36948224779648,35.86841447014615,9.578622600005474,9.546875,140652,300,1,0.5,0.1,0.8
ga_ls100_offspring,GA 100% LS [LS on offspring],test,test_8,7,3,745,-1,34.15753444500826,32.55808776576376,13.72454690001905,13.671875,222000,300,1,1.0,0.1,0.8
ga_sched_offspring,GA scheduled LS [LS on offspring],test,test_8,7,3,745,-1,37.45977459939072,35.868817863494115,12.444535499991616,12.390625,146568,300,1,0.5333333333333333,0.1,0.8
ga_ls10_elites,GA 10% LS [LS on elites],test,test_8,7,3,745,-1,34.9935060923732,33.64874191171881,8.848540399980266,8.765625,63582,300,1,0.09999999999999999,0.1,0.8
ga_ls50_elites,GA 50% LS [LS on elites],test,test_8,7,3,745,-1,38.11218752894477,36.479009142976174,9.299271000025328,9.296875,77904,300,1,0.5,0.1,0.8
ga_ls100_elites,GA 100% LS [LS on elites],test,test_8,7,3,745,-1,37.54346632169325,35.757471870472585,10.798990399984177,10.734375,96000,300,1,1.0,0.1,0.8
ga_sched_elites,GA scheduled LS [LS on elites],test,test_8,7,3,745,-1,34.51251571622054,33.16315762996037,9.823874699999578,9.78125,79122,300,1,0.5333333333333333,0.1,0.8
ga_ls00,GA no LS,test,test_8,7,4,746,-1,35.300842397049415,34.014031073598545,7.209746200009249,7.15625,60000,300,1,0.0,0.1,0.8
ga_ls10_offspring,GA 10% LS [LS on offspring],test,test_8,7,4,746,-1,34.05595036911917,32.474783655265156,10.767091300018365,10.671875,76038,300,1,0.09999999999999999,0.1,0.8
ga_ls50_offspring,GA 50% LS [LS on offspring],test,test_8,7,4,746,-1,31.30946480556574,29.760938236986547,15.133283400005894,14.734375,140826,300,1,0.5,0.1,0.8
ga_ls100_offspring,GA 100% LS [LS on offspring],test,test_8,7,4,746,-1,25.741253032039115,24.14324739158501,17.601721599989105,17.265625,222000,300,1,1.0,0.1,0.8
ga_sched_offspring,GA scheduled LS [LS on offspring],test,test_8,7,4,746,-1,33.56579529069432,31.981405640321324,14.992761400004383,14.609375,146376,300,1,0.5333333333333333,0.1,0.8
ga_ls10_elites,GA 10% LS [LS on elites],test,test_8,7,4,746,-1,36.90560452112212,35.19840969658816,7.11119699999108,7.03125,63594,300,1,0.09999999999999999,0.1,0.8
ga_ls50_elites,GA 50% LS [LS on elites],test,test_8,7,4,746,-1,37.46955730817144,35.7670931860738,12.61031700001331,12.234375,77946,300,1,0.5,0.1,0.8
ga_ls100_elites,GA 100% LS [LS on elites],test,test_8,7,4,746,-1,25.923959175888992,24.290337020426126,11.681239400000777,11.390625,96000,300,1,1.0,0.1,0.8
ga_sched_elites,GA scheduled LS [LS on elites],test,test_8,7,4,746,-1,34.740814094836615,33.30992432432776,7.700757000013255,7.609375,79284,300,1,0.5333333333333333,0.1,0.8
ga_ls00,GA no LS,test,test_8,7,5,747,-1,28.38319678829737,26.739736619903628,8.068947300023865,7.953125,60000,300,1,0.0,0.1,0.8
ga_ls10_offspring,GA 10% LS [LS on offspring],test,test_8,7,5,747,-1,36.36713463512613,34.674133623652914,8.57202569997753,8.46875,76584,300,1,0.09999999999999999,0.1,0.8
ga_ls50_offspring,GA 50% LS [LS on offspring],test,test_8,7,5,747,-1,33.04372656315792,31.253733706810458,14.564352899993537,14.109375,140976,300,1,0.5,0.1,0.8
ga_ls100_offspring,GA 100% LS [LS on offspring],test,test_8,7,5,747,-1,31.245351319331633,29.577850799603585,16.487574600003427,15.921875,222000,300,1,1.0,0.1,0.8
ga_sched_offspring,GA scheduled LS [LS on offspring],test,test_8,7,5,747,-1,34.98255741311863,33.21172659502102,13.283647899981588,12.96875,146148,300,1,0.5333333333333333,0.1,0.8
ga_ls10_elites,GA 10% LS [LS on elites],test,test_8,7,5,747,-1,40.09141949557958,38.16466759307662,8.708409599988954,8.546875,63654,300,1,0.09999999999999999,0.1,0.8
ga_ls50_elites,GA 50% LS [LS on elites],test,test_8,7,5,747,-1,37.88628177813661,36.15326372648371,10.183700800000224,9.75,78072,300,1,0.5,0.1,0.8
ga_ls100_elites,GA 100% LS [LS on elites],test,test_8,7,5,747,-1,35.384223392527495,33.514796136234445,12.674266599991824,12.25,96000,300,1,1.0,0.1,0.8
ga_sched_elites,GA scheduled LS [LS on elites],test,test_8,7,5,747,-1,39.131047289554175,37.270269739654125,10.798535799985984,10.296875,79428,300,1,0.5333333333333333,0.1,0.8
ga_ls00,GA no LS,test,test_8,7,6,748,-1,34.79822691725189,33.14865960552088,8.534521599998698,8.21875,60000,300,1,0.0,0.1,0.8
ga_ls10_offspring,GA 10% LS [LS on offspring],test,test_8,7,6,748,-1,30.008919564910403,28.637507284929246,8.433536399999866,8.046875,76146,300,1,0.09999999999999999,0.1,0.8
ga_ls50_offspring,GA 50% LS [LS on offspring],test,test_8,7,6,748,-1,33.70234440589912,32.15595180555872,12.318142400006764,11.8125,141336,300,1,0.5,0.1,0.8
ga_ls100_offspring,GA 100% LS [LS on offspring],test,test_8,7,6,748,-1,43.084602779846705,41.49223676326485,15.422231600008672,14.921875,222000,300,1,1.0,0.1,0.8
ga_sched_offspring,GA scheduled LS [LS on offspring],test,test_8,7,6,748,-1,31.620500175349047,30.172331021815694,12.826327699993271,12.53125,146934,300,1,0.5333333333333333,0.1,0.8
ga_ls10_elites,GA 10% LS [LS on elites],test,test_8,7,6,748,-1,33.91541793024573,32.063675725986826,9.190172000002349,8.75,63468,300,1,0.09999999999999999,0.1,0.8
ga_ls50_elites,GA 50% LS [LS on elites],test,test_8,7,6,748,-1,33.156553483926444,31.310797385587968,11.35418359999312,10.953125,77628,300,1,0.5,0.1,0.8
ga_ls100_elites,GA 100% LS [LS on elites],test,test_8,7,6,748,-1,35.16835096974842,33.67417474139843,10.073833700007526,9.59375,96000,300,1,1.0,0.1,0.8
ga_sched_elites,GA scheduled LS [LS on elites],test,test_8,7,6,748,-1,34.07099715286221,32.19715338625577,10.85266319999937,10.515625,79098,300,1,0.5333333333333333,0.1,0.8
ga_ls00,GA no LS,test,test_8,7,7,749,-1,34.80558674810612,33.0939824316139,9.036603100015782,8.75,60000,300,1,0.0,0.1,0.8
ga_ls10_offspring,GA 10% LS [LS on offspring],test,test_8,7,7,749,-1,37.61744162584396,35.886725199136535,10.507701800001087,10.140625,76458,300,1,0.09999999999999999,0.1,0.8
ga_ls50_offspring,GA 50% LS [LS on offspring],test,test_8,7,7,749,-1,34.304088090180365,32.58187367048151,13.422908599983202,13.03125,141024,300,1,0.5,0.1,0.8
ga_ls100_offspring,GA 100% LS [LS on offspring],test,test_8,7,7,749,-1,33.053270988832956,31.404554429776148,18.57393049998791,18.296875,222000,300,1,1.0,0.1,0.8
ga_sched_offspring,GA scheduled LS [LS on offspring],test,test_8,7,7,749,-1,37.44739106316833,35.807648791130134,15.481883800006472,15.28125,146820,300,1,0.5333333333333333,0.1,0.8
ga_ls10_elites,GA 10% LS [LS on elites],test,test_8,7,7,749,-1,37.75742907567834,36.29370917769066,9.668611700006295,9.546875,63594,300,1,0.09999999999999999,0.1,0.8
ga_ls50_elites,GA 50% LS [LS on elites],test,test_8,7,7,749,-1,38.248298706350084,36.41131818080547,12.149010699999053,12.015625,78246,300,1,0.5,0.1,0.8
ga_ls100_elites,GA 100% LS [LS on elites],test,test_8,7,7,749,-1,35.28281733720753,33.66148925190988,12.561433800001396,12.34375,96000,300,1,1.0,0.1,0.8
ga_sched_elites,GA scheduled LS [LS on elites],test,test_8,7,7,749,-1,37.61846618577686,36.160845336788526,11.940535399975488,11.859375,79440,300,1,0.5333333333333333,0.1,0.8
ga_ls00,GA no LS,test,test_8,7,8,750,-1,33.099411852992574,31.44421782248487,8.503627300000517,8.421875,60000,300,1,0.0,0.1,0.8
ga_ls10_offspring,GA 10% LS [LS on offspring],test,test_8,7,8,750,-1,34.36287042933242,32.503434209322556,8.664420899993274,8.546875,76470,300,1,0.09999999999999999,0.1,0.8
ga_ls50_offspring,GA 50% LS [LS on offspring],test,test_8,7,8,750,-1,32.8746009852085,31.13655934080688,13.418543200008571,13.265625,141816,300,1,0.5,0.1,0.8
ga_ls100_offspring,GA 100% LS [LS on offspring],test,test_8,7,8,750,-1,35.548128320070845,33.822683511895484,16.63424220000161,16.34375,222000,300,1,1.0,0.1,0.8
ga_sched_offspring,GA scheduled LS [LS on offspring],test,test_8,7,8,750,-1,33.61039242138927,31.80520821023185,11.770855500013568,11.640625,146604,300,1,0.5333333333333333,0.1,0.8
ga_ls10_elites,GA 10% LS [LS on elites],test,test_8,7,8,750,-1,31.188888715629837,29.391369543738456,8.58859639998991,8.578125,63876,300,1,0.09999999999999999,0.1,0.8
ga_ls50_elites,GA 50% LS [LS on elites],test,test_8,7,8,750,-1,28.42321599145772,26.862188875250357,10.165947900008177,10.0625,77760,300,1,0.5,0.1,0.8
ga_ls100_elites,GA 100% LS [LS on elites],test,test_8,7,8,750,-1,30.48715039811296,28.990300018859674,8.78196890000254,8.703125,96000,300,1,1.0,0.1,0.8
ga_sched_elites,GA scheduled LS [LS on elites],test,test_8,7,8,750,-1,31.094623515323313,29.301468719287335,9.908144799992442,9.84375,79614,300,1,0.5333333333333333,0.1,0.8
ga_ls00,GA no LS,test,test_8,7,9,751,-1,34.66338001695365,33.21896782796643,8.99243449998903,8.890625,60000,300,1,0.0,0.1,0.8
ga_ls10_offspring,GA 10% LS [LS on offspring],test,test_8,7,9,751,-1,38.3263931023268,36.83031994104146,8.039170800009742,7.953125,76026,300,1,0.09999999999999999,0.1,0.8
ga_ls50_offspring,GA 50% LS [LS on offspring],test,test_8,7,9,751,-1,36.07698146298482,34.41002582360871,11.250034400000004,11.15625,140862,300,1,0.5,0.1,0.8
ga_ls100_offspring,GA 100% LS [LS on offspring],test,test_8,7,9,751,-1,36.27746160177362,34.58217726248617,23.9832216000068,23.1875,222000,300,1,1.0,0.1,0.8
ga_sched_offspring,GA scheduled LS [LS on offspring],test,test_8,7,9,751,-1,38.17135629471328,36.67218304899372,9.71128819999285,9.671875,145968,300,1,0.5333333333333333,0.1,0.8
ga_ls10_elites,GA 10% LS [LS on elites],test,test_8,7,9,751,-1,40.04184295746537,38.35028893218249,7.602874999982305,7.53125,63396,300,1,0.09999999999999999,0.1,0.8
ga_ls50_elites,GA 50% LS [LS on elites],test,test_8,7,9,751,-1,38.51834152079173,36.636530127447756,11.715771300019696,11.453125,78318,300,1,0.5,0.1,0.8
ga_ls100_elites,GA 100% LS [LS on elites],test,test_8,7,9,751,-1,36.53315747988221,34.85680655877839,9.195863799977815,8.96875,96000,300,1,1.0,0.1,0.8
ga_sched_elites,GA scheduled LS [LS on elites],test,test_8,7,9,751,-1,37.46509474344198,35.771390878551415,10.807497700006934,10.59375,79200,300,1,0.5333333333333333,0.1,0.8
ga_ls00,GA no LS,test,test_9,8,0,842,-1,35.33476595789627,33.671590680717344,8.060778700019,7.859375,60000,300,1,0.0,0.1,0.8
ga_ls10_offspring,GA 10% LS [LS on offspring],test,test_9,8,0,842,-1,40.28092372835458,38.90133947001638,8.986247199994978,8.8125,76536,300,1,0.09999999999999999,0.1,0.8
ga_ls50_offspring,GA 50% LS [LS on offspring],test,test_9,8,0,842,-1,39.48361366418453,38.25174950198445,11.453934399993159,11.171875,140370,300,1,0.5,0.1,0.8
ga_ls100_offspring,GA 100% LS [LS on offspring],test,test_9,8,0,842,-1,31.078145625120495,29.865203947447164,13.00486169999931,12.75,222000,300,1,1.0,0.1,0.8
ga_sched_offspring,GA scheduled LS [LS on offspring],test,test_9,8,0,842,-1,39.66069030199904,38.175280662227365,11.459571200015489,11.203125,146742,300,1,0.5333333333333333,0.1,0.8
ga_ls10_elites,GA 10% LS [LS on elites],test,test_9,8,0,842,-1,36.17597642095325,34.853217630777095,7.23573960000067,7.078125,63624,300,1,0.09999999999999999,0.1,0.8
ga_ls50_elites,GA 50% LS [LS on elites],test,test_9,8,0,842,-1,44.60897220180354,43.1265622841861,12.472699100006139,12.0625,78144,300,1,0.5,0.1,0.8
ga_ls100_elites,GA 100% LS [LS on elites],test,test_9,8,0,842,-1,36.12186358088203,34.500170345246175,11.501110199984396,11.265625,96000,300,1,1.0,0.1,0.8
ga_sched_elites,GA scheduled LS [LS on elites],test,test_9,8,0,842,-1,36.70008721685513,35.426723537684296,7.76788260001922,7.484375,79194,300,1,0.5333333333333333,0.1,0.8
ga_ls00,GA no LS,test,test_9,8,1,843,-1,39.58400454542192,37.84422850797612,7.186664000008022,6.984375,60000,300,1,0.0,0.1,0.8
ga_ls10_offspring,GA 10% LS [LS on offspring],test,test_9,8,1,843,-1,33.19697880109823,31.88304441004822,9.30299830000149,9.03125,76494,300,1,0.09999999999999999,0.1,0.8
ga_ls50_offspring,GA 50% LS [LS on offspring],test,test_9,8,1,843,-1,33.09667370859533,31.890725168167307,10.990276900003664,10.703125,140874,300,1,0.5,0.1,0.8
ga_ls100_offspring,GA 100% LS [LS on offspring],test,test_9,8,1,843,-1,42.197443491103755,40.631623743403715,18.10188700002618,17.46875,222000,300,1,1.0,0.1,0.8
ga_sched_offspring,GA scheduled LS [LS on offspring],test,test_9,8,1,843,-1,33.239796526984435,31.924178790218217,11.97575159999542,11.609375,146526,300,1,0.5333333333333333,0.1,0.8
ga_ls10_elites,GA 10% LS [LS on elites],test,test_9,8,1,843,-1,33.28426432103695,31.871877502601848,8.214269199990667,7.765625,63516,300,1,0.09999999999999999,0.1,0.8
ga_ls50_elites,GA 50% LS [LS on elites],test,test_9,8,1,843,-1,36.68057023399634,35.39251723055698,8.277415799995651,7.953125,77574,300,1,0.5,0.1,0.8
ga_ls100_elites,GA 100% LS [LS on elites],test,test_9,8,1,843,-1,34.234460568797765,33.044367527295094,12.551497299980838,11.75,96000,300,1,1.0,0.1,0.8
ga_sched_elites,GA scheduled LS [LS on elites],test,test_9,8,1,843,-1,33.21072914314398,31.797553661764365,8.601428499998292,8.25,79224,300,1,0.5333333333333333,0.1,0.8
ga_ls00,GA no LS,test,test_9,8,2,844,-1,36.69697449110213,35.223911598091604,9.81576289999066,9.359375,60000,300,1,0.0,0.1,0.8
ga_ls10_offspring,GA 10% LS [LS on offspring],test,test_9,8,2,844,-1,37.657415169067576,36.27174427817351,8.687740699999267,8.15625,76566,300,1,0.09999999999999999,0.1,0.8
ga_ls50_offspring,GA 50% LS [LS on offspring],test,test_9,8,2,844,-1,40.3297194013897,38.854500688925995,13.463601399998879,12.875,141012,300,1,0.5,0.1,0.8
ga_ls100_offspring,GA 100% LS [LS on offspring],test,test_9,8,2,844,-1,36.49924692362737,34.8892914896616,18.130003099999158,17.53125,222000,300,1,1.0,0.1,0.8
ga_sched_offspring,GA scheduled LS [LS on offspring],test,test_9,8,2,844,-1,37.429794595775775,36.02219787512617,11.422929299995303,10.84375,146154,300,1,0.5333333333333333,0.1,0.8
ga_ls10_elites,GA 10% LS [LS on elites],test,test_9,8,2,844,-1,43.61258100050886,41.97551622179486,8.961514800001169,8.546875,63630,300,1,0.09999999999999999,0.1,0.8
ga_ls50_elites,GA 50% LS [LS on elites],test,test_9,8,2,844,-1,37.3068088615373,35.67022526426305,11.407509500015294,10.921875,78108,300,1,0.5,0.1,0.8
ga_ls100_elites,GA 100% LS [LS on elites],test,test_9,8,2,844,-1,33.4617418128591,32.08309114831793,9.909154699998908,9.4375,96000,300,1,1.0,0.1,0.8
ga_sched_elites,GA scheduled LS [LS on elites],test,test_9,8,2,844,-1,43.345954624561045,41.730923135202254,9.839698199997656,9.296875,79278,300,1,0.5333333333333333,0.1,0.8
ga_ls00,GA no LS,test,test_9,8,3,845,-1,37.43627794857717,36.159847499847274,8.190847599995323,7.890625,60000,300,1,0.0,0.1,0.8
ga_ls10_offspring,GA 10% LS [LS on offspring],test,test_9,8,3,845,-1,34.78037089699123,33.506126308972725,8.849383099994157,8.453125,76080,300,1,0.09999999999999999,0.1,0.8
ga_ls50_offspring,GA 50% LS [LS on offspring],test,test_9,8,3,845,-1,40.64590245721981,39.00077133030944,11.94408299998031,11.546875,139986,300,1,0.5,0.1,0.8
ga_ls100_offspring,GA 100% LS [LS on offspring],test,test_9,8,3,845,-1,36.013645906265616,34.69413661138119,18.845115099975374,18.234375,222000,300,1,1.0,0.1,0.8
ga_sched_offspring,GA scheduled LS [LS on offspring],test,test_9,8,3,845,-1,33.23439377395,32.015314711595174,11.334950399992522,10.859375,145956,300,1,0.5333333333333333,0.1,0.8
ga_ls10_elites,GA 10% LS [LS on elites],test,test_9,8,3,845,-1,40.7205235116978,39.22277373690719,8.178987299994333,7.953125,63600,300,1,0.09999999999999999,0.1,0.8
ga_ls50_elites,GA 50% LS [LS on elites],test,test_9,8,3,845,-1,34.22233106976939,32.857641427679276,11.666109499987215,11.421875,77880,300,1,0.5,0.1,0.8
ga_ls100_elites,GA 100% LS [LS on elites],test,test_9,8,3,845,-1,33.962341608761754,32.66196931427193,9.583380100026261,9.265625,96000,300,1,1.0,0.1,0.8
ga_sched_elites,GA scheduled LS [LS on elites],test,test_9,8,3,845,-1,40.604005236897606,39.10918171512093,8.974044700007653,8.625,79368,300,1,0.5333333333333333,0.1,0.8
ga_ls00,GA no LS,test,test_9,8,4,846,-1,39.645850471487975,38.1384729398899,8.800449000002118,8.421875,60000,300,1,0.0,0.1,0.8
ga_ls10_offspring,GA 10% LS [LS on offspring],test,test_9,8,4,846,-1,40.80588918747182,39.181973630293626,8.429555899987463,8.171875,75636,300,1,0.09999999999999999,0.1,0.8
ga_ls50_offspring,GA 50% LS [LS on offspring],test,test_9,8,4,846,-1,38.08473719195721,36.40071833926187,12.305466799996793,12.140625,141744,300,1,0.5,0.1,0.8
ga_ls100_offspring,GA 100% LS [LS on offspring],test,test_9,8,4,846,-1,34.98427611546076,33.315477236318344,21.15974770000321,20.875,222000,300,1,1.0,0.1,0.8
ga_sched_offspring,GA scheduled LS [LS on offspring],test,test_9,8,4,846,-1,39.20650425997246,37.554010371125365,10.43910479999613,10.296875,146364,300,1,0.5333333333333333,0.1,0.8
ga_ls10_elites,GA 10% LS [LS on elites],test,test_9,8,4,846,-1,40.182365984846506,38.635893566754206,9.249507000000449,9.109375,63408,300,1,0.09999999999999999,0.1,0.8
ga_ls50_elites,GA 50% LS [LS on elites],test,test_9,8,4,846,-1,32.85414832828172,31.42276427874504,9.693960399978096,9.5625,77604,300,1,0.5,0.1,0.8
ga_ls100_elites,GA 100% LS [LS on elites],test,test_9,8,4,846,-1,36.14576019503778,34.51629293755103,9.502628599992022,9.28125,96000,300,1,1.0,0.1,0.8
ga_sched_elites,GA scheduled LS [LS on elites],test,test_9,8,4,846,-1,36.071029987207126,34.77080688811523,9.839390100009041,9.6875,79284,300,1,0.5333333333333333,0.1,0.8
ga_ls00,GA no LS,test,test_9,8,5,847,-1,34.903879874280086,33.60894743175227,10.059815500018885,9.875,60000,300,1,0.0,0.1,0.8
ga_ls10_offspring,GA 10% LS [LS on offspring],test,test_9,8,5,847,-1,42.826268902642084,41.06118094428686,9.625129799998831,9.4375,76548,300,1,0.09999999999999999,0.1,0.8
ga_ls50_offspring,GA 50% LS [LS on offspring],test,test_9,8,5,847,-1,37.96249812696338,36.35968209284508,12.481623100000434,12.328125,140562,300,1,0.5,0.1,0.8
ga_ls100_offspring,GA 100% LS [LS on offspring],test,test_9,8,5,847,-1,41.38757084066773,39.98793356309989,15.949809000012465,15.6875,222000,300,1,1.0,0.1,0.8
ga_sched_offspring,GA scheduled LS [LS on offspring],test,test_9,8,5,847,-1,39.079057162471344,37.61610704431927,12.070224099996267,11.78125,146394,300,1,0.5333333333333333,0.1,0.8
ga_ls10_elites,GA 10% LS [LS on elites],test,test_9,8,5,847,-1,41.4741783742369,39.57726235556042,7.529943999979878,7.40625,63582,300,1,0.09999999999999999,0.1,0.8
ga_ls50_elites,GA 50% LS [LS on elites],test,test_9,8,5,847,-1,37.83261383785395,35.9377321715544,10.850154599989764,10.6875,78048,300,1,0.5,0.1,0.8
ga_ls100_elites,GA 100% LS [LS on elites],test,test_9,8,5,847,-1,35.535474682603784,33.89689300169506,8.510281199996825,8.375,96000,300,1,1.0,0.1,0.8
ga_sched_elites,GA scheduled LS [LS on elites],test,test_9,8,5,847,-1,41.45726772251529,39.552692719928395,9.374534100003075,9.234375,79260,300,1,0.5333333333333333,0.1,0.8
ga_ls00,GA no LS,test,test_9,8,6,848,-1,34.65199307215721,33.05682074742177,7.257030299981125,7.0625,60000,300,1,0.0,0.1,0.8
ga_ls10_offspring,GA 10% LS [LS on offspring],test,test_9,8,6,848,-1,36.72228828495492,35.31197114120295,7.8430650000227615,7.6875,76110,300,1,0.09999999999999999,0.1,0.8
ga_ls50_offspring,GA 50% LS [LS on offspring],test,test_9,8,6,848,-1,36.49144719330528,35.13684128674011,10.177699899999425,10.078125,140712,300,1,0.5,0.1,0.8
ga_ls100_offspring,GA 100% LS [LS on offspring],test,test_9,8,6,848,-1,32.83968481302193,31.544311039160178,12.381860599998618,12.265625,222000,300,1,1.0,0.1,0.8
ga_sched_offspring,GA scheduled LS [LS on offspring],test,test_9,8,6,848,-1,36.112455493083566,34.70535720522027,10.575256099982653,10.4375,146262,300,1,0.5333333333333333,0.1,0.8
ga_ls10_elites,GA 10% LS [LS on elites],test,test_9,8,6,848,-1,37.19960245327963,35.87543151377612,8.011768299998948,7.875,63534,300,1,0.09999999999999999,0.1,0.8
ga_ls50_elites,GA 50% LS [LS on elites],test,test_9,8,6,848,-1,40.875597599115046,39.540648639976084,7.674549000017578,7.546875,77574,300,1,0.5,0.1,0.8
ga_ls100_elites,GA 100% LS [LS on elites],test,test_9,8,6,848,-1,37.6283010204417,35.94959639518808,11.499818299984327,11.34375,96000,300,1,1.0,0.1,0.8
ga_sched_elites,GA scheduled LS [LS on elites],test,test_9,8,6,848,-1,31.924581401356715,30.568437057450865,7.7336632999940775,7.609375,78750,300,1,0.5333333333333333,0.1,0.8
ga_ls00,GA no LS,test,test_9,8,7,849,-1,43.83157801335797,42.45595827642385,8.238435400009621,8.109375,60000,300,1,0.0,0.1,0.8
ga_ls10_offspring,GA 10% LS [LS on offspring],test,test_9,8,7,849,-1,37.743751297746854,36.34987031125645,8.067622100003064,7.921875,76722,300,1,0.09999999999999999,0.1,0.8
ga_ls50_offspring,GA 50% LS [LS on offspring],test,test_9,8,7,849,-1,42.451049744143084,40.958642203221196,13.623653100017691,13.453125,140616,300,1,0.5,0.1,0.8
ga_ls100_offspring,GA 100% LS [LS on offspring],test,test_9,8,7,849,-1,38.891801846933994,37.477861283439026,18.03496940000332,17.9375,222000,300,1,1.0,0.1,0.8
ga_sched_offspring,GA scheduled LS [LS on offspring],test,test_9,8,7,849,-1,37.707260243549946,36.31057988728688,11.85646710000583,11.71875,146610,300,1,0.5333333333333333,0.1,0.8
ga_ls10_elites,GA 10% LS [LS on elites],test,test_9,8,7,849,-1,32.69785789517861,31.269479568824856,6.074393600021722,6.03125,63630,300,1,0.09999999999999999,0.1,0.8
ga_ls50_elites,GA 50% LS [LS on elites],test,test_9,8,7,849,-1,36.008532447523486,34.55439017607329,7.7694788000080734,7.65625,78516,300,1,0.5,0.1,0.8
ga_ls100_elites,GA 100% LS [LS on elites],test,test_9,8,7,849,-1,33.06056805601108,31.656550338481768,9.343440399999963,9.25,96000,300,1,1.0,0.1,0.8
ga_sched_elites,GA scheduled LS [LS on elites],test,test_9,8,7,849,-1,36.54713171925651,35.093350639589154,7.579524700006004,7.484375,79086,300,1,0.5333333333333333,0.1,0.8
ga_ls00,GA no LS,test,test_9,8,8,850,-1,35.09133692968073,33.540625606299585,6.461584199976642,6.40625,60000,300,1,0.0,0.1,0.8
ga_ls10_offspring,GA 10% LS [LS on offspring],test,test_9,8,8,850,-1,33.44908734768498,31.949780154698527,8.49255159997847,8.421875,76416,300,1,0.09999999999999999,0.1,0.8
ga_ls50_offspring,GA 50% LS [LS on offspring],test,test_9,8,8,850,-1,36.7997450555037,35.08568512161422,10.366658499988262,10.28125,142122,300,1,0.5,0.1,0.8
ga_ls100_offspring,GA 100% LS [LS on offspring],test,test_9,8,8,850,-1,35.985177393732734,34.59904799666103,16.39782089999062,16.296875,222000,300,1,1.0,0.1,0.8
ga_sched_offspring,GA scheduled LS [LS on offspring],test,test_9,8,8,850,-1,33.692731733190534,32.11033413880635,12.358875400008401,12.296875,147042,300,1,0.5333333333333333,0.1,0.8
ga_ls10_elites,GA 10% LS [LS on elites],test,test_9,8,8,850,-1,36.18298257143683,34.65212143537839,7.2428136999951676,7.1875,63414,300,1,0.09999999999999999,0.1,0.8
ga_ls50_elites,GA 50% LS [LS on elites],test,test_9,8,8,850,-1,36.3467737373837,34.635152741581805,9.10541240000748,9.078125,77850,300,1,0.5,0.1,0.8
ga_ls100_elites,GA 100% LS [LS on elites],test,test_9,8,8,850,-1,36.45683083078598,34.83546369971889,9.436054499994498,9.34375,96000,300,1,1.0,0.1,0.8
ga_sched_elites,GA scheduled LS [LS on elites],test,test_9,8,8,850,-1,35.95339869349047,34.435891143736775,7.877098999975715,7.765625,79050,300,1,0.5333333333333333,0.1,0.8
ga_ls00,GA no LS,test,test_9,8,9,851,-1,35.8367576775402,34.536163660477,7.632495900004869,7.625,60000,300,1,0.0,0.1,0.8
ga_ls10_offspring,GA 10% LS [LS on offspring],test,test_9,8,9,851,-1,36.80131148773757,35.24299463935128,7.15171740000369,7.078125,76362,300,1,0.09999999999999999,0.1,0.8
ga_ls50_offspring,GA 50% LS [LS on offspring],test,test_9,8,9,851,-1,36.75889791409329,35.05227521225244,11.561875499988673,11.453125,140598,300,1,0.5,0.1,0.8
ga_ls100_offspring,GA 100% LS [LS on offspring],test,test_9,8,9,851,-1,34.18176816229147,32.742767613722584,15.573930999991717,15.4375,222000,300,1,1.0,0.1,0.8
ga_sched_offspring,GA scheduled LS [LS on offspring],test,test_9,8,9,851,-1,33.73277605069707,32.29036845325807,10.889963200024795,10.734375,146586,300,1,0.5333333333333333,0.1,0.8
ga_ls10_elites,GA 10% LS [LS on elites],test,test_9,8,9,851,-1,33.91420954979194,32.48387563668386,8.766059700021287,8.65625,63672,300,1,0.09999999999999999,0.1,0.8
ga_ls50_elites,GA 50% LS [LS on elites],test,test_9,8,9,851,-1,32.58424673307174,31.40315352919356,8.9249452999793,8.84375,77994,300,1,0.5,0.1,0.8
ga_ls100_elites,GA 100% LS [LS on elites],test,test_9,8,9,851,-1,39.9495194153904,38.26172663727688,11.907986000005621,11.796875,96000,300,1,1.0,0.1,0.8
ga_sched_elites,GA scheduled LS [LS on elites],test,test_9,8,9,851,-1,33.65787002481699,32.22706756259761,10.348222400003579,10.25,79158,300,1,0.5333333333333333,0.1,0.8
ga_ls00,GA no LS,test,test_10,9,0,942,-1,39.10205726182355,37.67331648773707,7.450477800011868,7.375,60000,300,1,0.0,0.1,0.8
ga_ls10_offspring,GA 10% LS [LS on offspring],test,test_10,9,0,942,-1,29.9362341332886,28.53551844129272,8.004268000018783,7.96875,76104,300,1,0.09999999999999999,0.1,0.8
ga_ls50_offspring,GA 50% LS [LS on offspring],test,test_10,9,0,942,-1,29.226538126393816,27.8760507004745,14.545169899996836,14.34375,140814,300,1,0.5,0.1,0.8
ga_ls100_offspring,GA 100% LS [LS on offspring],test,test_10,9,0,942,-1,33.113046004442445,31.79593297805624,13.161162600008538,13.0625,222000,300,1,1.0,0.1,0.8
ga_sched_offspring,GA scheduled LS [LS on offspring],test,test_10,9,0,942,-1,32.92618906477856,31.246244789003878,13.23952790000476,13.171875,146484,300,1,0.5333333333333333,0.1,0.8
ga_ls10_elites,GA 10% LS [LS on elites],test,test_10,9,0,942,-1,37.358374413217895,35.978547940079125,7.697362500010058,7.625,63588,300,1,0.09999999999999999,0.1,0.8
ga_ls50_elites,GA 50% LS [LS on elites],test,test_10,9,0,942,-1,33.700439877963476,32.1978639243029,8.324302399996668,8.265625,77940,300,1,0.5,0.1,0.8
ga_ls100_elites,GA 100% LS [LS on elites],test,test_10,9,0,942,-1,32.93255280069215,31.128077776073372,8.292061000014655,8.234375,96000,300,1,1.0,0.1,0.8
ga_sched_elites,GA scheduled LS [LS on elites],test,test_10,9,0,942,-1,37.2965682968482,35.912384605049866,9.166997299995273,9.15625,79002,300,1,0.5333333333333333,0.1,0.8
ga_ls00,GA no LS,test,test_10,9,1,943,-1,42.30177083238581,40.624092096794215,7.8831823999935295,7.78125,60000,300,1,0.0,0.1,0.8
ga_ls10_offspring,GA 10% LS [LS on offspring],test,test_10,9,1,943,-1,35.6251019414551,34.096220262100694,8.608812599995872,8.5625,75888,300,1,0.09999999999999999,0.1,0.8
ga_ls50_offspring,GA 50% LS [LS on offspring],test,test_10,9,1,943,-1,29.685110245347897,28.17524750792707,11.422129599988693,11.34375,140358,300,1,0.5,0.1,0.8
ga_ls100_offspring,GA 100% LS [LS on offspring],test,test_10,9,1,943,-1,37.828795533604094,36.225753139089946,14.61445389999426,14.53125,222000,300,1,1.0,0.1,0.8
ga_sched_offspring,GA scheduled LS [LS on offspring],test,test_10,9,1,943,-1,31.690546296641656,30.416118756756212,12.201355600001989,12.0625,146058,300,1,0.5333333333333333,0.1,0.8
ga_ls10_elites,GA 10% LS [LS on elites],test,test_10,9,1,943,-1,33.980052492952254,32.35829463814668,7.345816899993224,7.25,63588,300,1,0.09999999999999999,0.1,0.8
ga_ls50_elites,GA 50% LS [LS on elites],test,test_10,9,1,943,-1,32.26728749514837,30.609958259018622,9.121941400022479,8.953125,77814,300,1,0.5,0.1,0.8
ga_ls100_elites,GA 100% LS [LS on elites],test,test_10,9,1,943,-1,31.008212788375744,29.590707278611447,9.919686899986118,9.75,96000,300,1,1.0,0.1,0.8
ga_sched_elites,GA scheduled LS [LS on elites],test,test_10,9,1,943,-1,34.39357007444015,32.82183060781858,7.823658900015289,7.796875,78978,300,1,0.5333333333333333,0.1,0.8
ga_ls00,GA no LS,test,test_10,9,2,944,-1,35.21728267191257,33.653698245038576,7.900747700012289,7.78125,60000,300,1,0.0,0.1,0.8
ga_ls10_offspring,GA 10% LS [LS on offspring],test,test_10,9,2,944,-1,31.78231010368899,30.45550126330393,7.760471099987626,7.71875,76236,300,1,0.09999999999999999,0.1,0.8
ga_ls50_offspring,GA 50% LS [LS on offspring],test,test_10,9,2,944,-1,32.35570660073254,30.984290409809418,12.697152700013248,12.625,141570,300,1,0.5,0.1,0.8
ga_ls100_offspring,GA 100% LS [LS on offspring],test,test_10,9,2,944,-1,32.53792742602771,30.96419544527729,15.170296700001927,15.046875,222000,300,1,1.0,0.1,0.8
ga_sched_offspring,GA scheduled LS [LS on offspring],test,test_10,9,2,944,-1,31.76807126697821,30.440977689301825,10.222980099992128,10.125,146172,300,1,0.5333333333333333,0.1,0.8
ga_ls10_elites,GA 10% LS [LS on elites],test,test_10,9,2,944,-1,37.81210543374597,36.30858617021177,6.864319499989506,6.796875,63510,300,1,0.09999999999999999,0.1,0.8
ga_ls50_elites,GA 50% LS [LS on elites],test,test_10,9,2,944,-1,34.818290871869436,32.940031892358796,9.355291799991392,9.296875,78288,300,1,0.5,0.1,0.8
ga_ls100_elites,GA 100% LS [LS on elites],test,test_10,9,2,944,-1,34.99143469304609,33.40380015001578,8.178369400004158,8.140625,96000,300,1,1.0,0.1,0.8
ga_sched_elites,GA scheduled LS [LS on elites],test,test_10,9,2,944,-1,37.64293174528093,36.14898833146014,7.708581199985929,7.625,79092,300,1,0.5333333333333333,0.1,0.8
ga_ls00,GA no LS,test,test_10,9,3,945,-1,35.79181108155129,34.083476824465215,6.3871352999995,6.359375,60000,300,1,0.0,0.1,0.8
ga_ls10_offspring,GA 10% LS [LS on offspring],test,test_10,9,3,945,-1,33.43176032590818,31.74648803461684,7.433940999995684,7.390625,76248,300,1,0.09999999999999999,0.1,0.8
ga_ls50_offspring,GA 50% LS [LS on offspring],test,test_10,9,3,945,-1,41.48015916791766,39.965566496873784,15.281863299984252,15.09375,141732,300,1,0.5,0.1,0.8
ga_ls100_offspring,GA 100% LS [LS on offspring],test,test_10,9,3,945,-1,31.4333117518444,29.948695456043186,13.068605000007665,12.828125,222000,300,1,1.0,0.1,0.8
ga_sched_offspring,GA scheduled LS [LS on offspring],test,test_10,9,3,945,-1,33.342105768246974,31.663872562987418,10.149614199995995,10.046875,146448,300,1,0.5333333333333333,0.1,0.8
ga_ls10_elites,GA 10% LS [LS on elites],test,test_10,9,3,945,-1,32.089785174676344,30.608292759060486,7.2734373999992386,7.234375,63438,300,1,0.09999999999999999,0.1,0.8
ga_ls50_elites,GA 50% LS [LS on elites],test,test_10,9,3,945,-1,37.997583700315815,36.43336044636994,9.100023299979512,9.03125,77970,300,1,0.5,0.1,0.8
ga_ls100_elites,GA 100% LS [LS on elites],test,test_10,9,3,945,-1,30.549426933118813,29.21310060674739,8.82129160000477,8.765625,96000,300,1,1.0,0.1,0.8
ga_sched_elites,GA scheduled LS [LS on elites],test,test_10,9,3,945,-1,37.99520836814339,36.02614384021907,8.88174519999302,8.75,79188,300,1,0.5333333333333333,0.1,0.8
ga_ls00,GA no LS,test,test_10,9,4,946,-1,41.17988133493258,39.74960146875374,7.0909225000068545,7.046875,60000,300,1,0.0,0.1,0.8
ga_ls10_offspring,GA 10% LS [LS on offspring],test,test_10,9,4,946,-1,33.46844910122663,31.72937762110039,7.258409600006416,7.171875,76572,300,1,0.09999999999999999,0.1,0.8
ga_ls50_offspring,GA 50% LS [LS on offspring],test,test_10,9,4,946,-1,36.530340284628814,35.27828801652058,9.830500600015512,9.703125,141984,300,1,0.5,0.1,0.8
ga_ls100_offspring,GA 100% LS [LS on offspring],test,test_10,9,4,946,-1,34.46398705587955,32.88309003657759,15.295611300010933,15.21875,222000,300,1,1.0,0.1,0.8
ga_sched_offspring,GA scheduled LS [LS on offspring],test,test_10,9,4,946,-1,34.0947324955027,32.24139646518784,10.499185799999395,10.40625,147366,300,1,0.5333333333333333,0.1,0.8
ga_ls10_elites,GA 10% LS [LS on elites],test,test_10,9,4,946,-1,39.06281306413437,37.27447314968399,9.181635399989318,9.078125,63510,300,1,0.09999999999999999,0.1,0.8
ga_ls50_elites,GA 50% LS [LS on elites],test,test_10,9,4,946,-1,37.09603357316635,35.681119026298035,8.194720100000268,8.109375,77808,300,1,0.5,0.1,0.8
ga_ls100_elites,GA 100% LS [LS on elites],test,test_10,9,4,946,-1,27.972743897968016,26.605651754456442,9.971205499983625,9.859375,96000,300,1,1.0,0.1,0.8
ga_sched_elites,GA scheduled LS [LS on elites],test,test_10,9,4,946,-1,38.77933795579848,36.99912324958743,9.86058320000302,9.78125,78978,300,1,0.5333333333333333,0.1,0.8
ga_ls00,GA no LS,test,test_10,9,5,947,-1,32.78313750544013,31.058275454739622,7.0148558000219055,6.921875,60000,300,1,0.0,0.1,0.8
ga_ls10_offspring,GA 10% LS [LS on offspring],test,test_10,9,5,947,-1,31.7140999918239,30.32809100734486,7.788674300012644,7.640625,75804,300,1,0.09999999999999999,0.1,0.8
ga_ls50_offspring,GA 50% LS [LS on offspring],test,test_10,9,5,947,-1,35.378991973527555,33.64989802828218,9.98740009998437,9.75,139812,300,1,0.5,0.1,0.8
ga_ls100_offspring,GA 100% LS [LS on offspring],test,test_10,9,5,947,-1,36.42833260016549,34.79070941439572,15.447624099993845,15.25,222000,300,1,1.0,0.1,0.8
ga_sched_offspring,GA scheduled LS [LS on offspring],test,test_10,9,5,947,-1,30.879479573225723,29.48986427319831,9.913149700005306,9.765625,145896,300,1,0.5333333333333333,0.1,0.8
ga_ls10_elites,GA 10% LS [LS on elites],test,test_10,9,5,947,-1,32.083985105108695,30.645901633908753,7.470009199983906,7.390625,63708,300,1,0.09999999999999999,0.1,0.8
ga_ls50_elites,GA 50% LS [LS on elites],test,test_10,9,5,947,-1,34.95654561918702,33.49101873904229,9.935130600002594,9.765625,78006,300,1,0.5,0.1,0.8
ga_ls100_elites,GA 100% LS [LS on elites],test,test_10,9,5,947,-1,36.8228360217325,34.89122580931079,10.798527499980992,10.71875,96000,300,1,1.0,0.1,0.8
ga_sched_elites,GA scheduled LS [LS on elites],test,test_10,9,5,947,-1,30.94315871139102,29.556184747154422,9.06813499997952,8.953125,79044,300,1,0.5333333333333333,0.1,0.8
ga_ls00,GA no LS,test,test_10,9,6,948,-1,33.14295671346409,31.555635937068327,7.748987099999795,7.609375,60000,300,1,0.0,0.1,0.8
ga_ls10_offspring,GA 10% LS [LS on offspring],test,test_10,9,6,948,-1,33.90181054713596,32.20076914390369,7.576662399980705,7.5,76008,300,1,0.09999999999999999,0.1,0.8
ga_ls50_offspring,GA 50% LS [LS on offspring],test,test_10,9,6,948,-1,35.38201470195768,33.47903101431943,14.507817800011253,14.265625,140622,300,1,0.5,0.1,0.8
ga_ls100_offspring,GA 100% LS [LS on offspring],test,test_10,9,6,948,-1,31.823422963684752,30.09188696563359,12.518119500018656,12.40625,222000,300,1,1.0,0.1,0.8
ga_sched_offspring,GA scheduled LS [LS on offspring],test,test_10,9,6,948,-1,33.85095506483076,32.15107836754106,10.083910799992736,9.96875,146166,300,1,0.5333333333333333,0.1,0.8
ga_ls10_elites,GA 10% LS [LS on elites],test,test_10,9,6,948,-1,41.935597751128476,40.405516805397056,7.864291200006846,7.734375,63792,300,1,0.09999999999999999,0.1,0.8
ga_ls50_elites,GA 50% LS [LS on elites],test,test_10,9,6,948,-1,34.10305182247414,32.75034609752207,13.832042299996829,13.609375,78204,300,1,0.5,0.1,0.8
ga_ls100_elites,GA 100% LS [LS on elites],test,test_10,9,6,948,-1,33.39849787216727,31.71119746865492,12.313541699986672,12.171875,96000,300,1,1.0,0.1,0.8
ga_sched_elites,GA scheduled LS [LS on elites],test,test_10,9,6,948,-1,41.16486344205353,39.67383542894793,8.923190500005148,8.8125,79146,300,1,0.5333333333333333,0.1,0.8
ga_ls00,GA no LS,test,test_10,9,7,949,-1,34.748901622688436,33.17368910129323,7.281069099990418,7.1875,60000,300,1,0.0,0.1,0.8
ga_ls10_offspring,GA 10% LS [LS on offspring],test,test_10,9,7,949,-1,32.60843401460688,31.247075101167074,8.61516680000932,8.5625,76398,300,1,0.09999999999999999,0.1,0.8
ga_ls50_offspring,GA 50% LS [LS on offspring],test,test_10,9,7,949,-1,32.94861269191744,31.568838841269077,12.423872499988647,12.296875,140832,300,1,0.5,0.1,0.8
ga_ls100_offspring,GA 100% LS [LS on offspring],test,test_10,9,7,949,-1,46.02437898421756,44.47407356676875,13.320052099996246,13.125,222000,300,1,1.0,0.1,0.8
ga_sched_offspring,GA scheduled LS [LS on offspring],test,test_10,9,7,949,-1,32.47530035853191,31.11643059141197,12.20471659998293,12.0,146814,300,1,0.5333333333333333,0.1,0.8
ga_ls10_elites,GA 10% LS [LS on elites],test,test_10,9,7,949,-1,33.89371653969247,32.58820957900307,9.287091200007126,9.125,63690,300,1,0.09999999999999999,0.1,0.8
ga_ls50_elites,GA 50% LS [LS on elites],test,test_10,9,7,949,-1,32.39731009003389,31.106770509271495,8.994255600002361,8.828125,77904,300,1,0.5,0.1,0.8
ga_ls100_elites,GA 100% LS [LS on elites],test,test_10,9,7,949,-1,35.05337571311657,33.604478167232834,9.514742500003194,9.328125,96000,300,1,1.0,0.1,0.8
ga_sched_elites,GA scheduled LS [LS on elites],test,test_10,9,7,949,-1,33.74105720096685,32.45670409953363,9.543684600008419,9.40625,79122,300,1,0.5333333333333333,0.1,0.8
ga_ls00,GA no LS,test,test_10,9,8,950,-1,32.405980733851145,30.65320888771008,7.936017600004561,7.921875,60000,300,1,0.0,0.1,0.8
ga_ls10_offspring,GA 10% LS [LS on offspring],test,test_10,9,8,950,-1,34.166928412101235,32.63166610011834,8.917148900014581,8.765625,75816,300,1,0.09999999999999999,0.1,0.8
ga_ls50_offspring,GA 50% LS [LS on offspring],test,test_10,9,8,950,-1,33.51933222073543,31.845372957526227,11.070854599995073,10.921875,141426,300,1,0.5,0.1,0.8
ga_ls100_offspring,GA 100% LS [LS on offspring],test,test_10,9,8,950,-1,30.17652190083578,28.72268874359049,16.199706199986394,15.90625,222000,300,1,1.0,0.1,0.8
ga_sched_offspring,GA scheduled LS [LS on offspring],test,test_10,9,8,950,-1,34.179294175082376,32.64454382381667,10.310708200006047,10.15625,146136,300,1,0.5333333333333333,0.1,0.8
ga_ls10_elites,GA 10% LS [LS on elites],test,test_10,9,8,950,-1,34.52310199281341,32.708451922389926,7.9381642999942414,7.84375,63402,300,1,0.09999999999999999,0.1,0.8
ga_ls50_elites,GA 50% LS [LS on elites],test,test_10,9,8,950,-1,36.123530767267255,34.43925200286871,10.886114399996586,10.703125,78282,300,1,0.5,0.1,0.8
ga_ls100_elites,GA 100% LS [LS on elites],test,test_10,9,8,950,-1,35.173384930015615,33.27013683856725,11.052130700001726,10.859375,96000,300,1,1.0,0.1,0.8
ga_sched_elites,GA scheduled LS [LS on elites],test,test_10,9,8,950,-1,34.37006242415685,32.5634029609679,8.683807199995499,8.53125,79344,300,1,0.5333333333333333,0.1,0.8
ga_ls00,GA no LS,test,test_10,9,9,951,-1,32.07052557399681,30.82934862692093,9.181996500003152,9.015625,60000,300,1,0.0,0.1,0.8
ga_ls10_offspring,GA 10% LS [LS on offspring],test,test_10,9,9,951,-1,35.539986321159645,34.33347425368733,9.52275410000584,9.390625,76422,300,1,0.09999999999999999,0.1,0.8
ga_ls50_offspring,GA 50% LS [LS on offspring],test,test_10,9,9,951,-1,33.20927926535648,31.54188178229583,9.60477420000825,9.421875,140580,300,1,0.5,0.1,0.8
ga_ls100_offspring,GA 100% LS [LS on offspring],test,test_10,9,9,951,-1,32.919465765740476,31.2035402063509,11.977570999995805,11.78125,222000,300,1,1.0,0.1,0.8
ga_sched_offspring,GA scheduled LS [LS on offspring],test,test_10,9,9,951,-1,35.25401572727238,34.05203019713559,11.340569100022549,11.21875,146676,300,1,0.5333333333333333,0.1,0.8
ga_ls10_elites,GA 10% LS [LS on elites],test,test_10,9,9,951,-1,38.67701174804154,37.31345030952766,6.479308100009803,6.453125,63360,300,1,0.09999999999999999,0.1,0.8
ga_ls50_elites,GA 50% LS [LS on elites],test,test_10,9,9,951,-1,35.35790331588302,33.60286203821788,7.14936789998319,7.0625,78018,300,1,0.5,0.1,0.8
ga_ls100_elites,GA 100% LS [LS on elites],test,test_10,9,9,951,-1,35.36512450330487,33.96527239897968,9.242901599995093,9.140625,96000,300,1,1.0,0.1,0.8
ga_sched_elites,GA scheduled LS [LS on elites],test,test_10,9,9,951,-1,38.62549754625791,37.27232704609064,6.859583100012969,6.796875,78924,300,1,0.5333333333333333,0.1,0.8
