variant,label,split,instance,instance_index,seed,run_seed,agent_seed,best_fitness,total_distance,execution_time,cpu_time,evaluations,generations,feasible,mean_ls_rate,final_mutation_rate,final_crossover_rate
ga_ls00,GA no LS,test,test_1,0,0,42,-1,37.58246248805981,35.794937714425,6.695951999994577,6.453125,60000,300,1,0.0,0.1,0.8
ga_ls10_offspring,GA 10% LS [LS on offspring],test,test_1,0,0,42,-1,37.65509841565512,36.09458164474708,9.664083399999072,9.46875,76218,300,1,0.09999999999999999,0.1,0.8
ga_ls50_offspring,GA 50% LS [LS on offspring],test,test_1,0,0,42,-1,38.77851401074157,37.07007139708378,13.256320200001937,12.984375,141210,300,1,0.5,0.1,0.8
ga_ls100_offspring,GA 100% LS [LS on offspring],test,test_1,0,0,42,-1,35.53878627688262,34.177656610798685,13.510572300001513,13.28125,222000,300,1,1.0,0.1,0.8
ga_sched_offspring,GA scheduled LS [LS on offspring],test,test_1,0,0,42,-1,41.07839330078666,39.55656616626396,13.801719399998547,13.578125,146304,300,1,0.5333333333333333,0.1,0.8
ga_ls10_elites,GA 10% LS [LS on elites],test,test_1,0,0,42,-1,41.51873717316904,39.62879786195775,6.877999999996973,6.703125,63870,300,1,0.09999999999999999,0.1,0.8
ga_ls50_elites,GA 50% LS [LS on elites],test,test_1,0,0,42,-1,33.4527131736105,31.950481430432987,7.363774400000693,7.171875,78258,300,1,0.5,0.1,0.8
ga_ls100_elites,GA 100% LS [LS on elites],test,test_1,0,0,42,-1,30.9441148915378,29.260759237616405,9.990703400006169,9.734375,96000,300,1,1.0,0.1,0.8
ga_sched_elites,GA scheduled LS [LS on elites],test,test_1,0,0,42,-1,41.44063710248647,39.550397609717,7.111673499995959,7.046875,79338,300,1,0.5333333333333333,0.1,0.8
ga_ls00,GA no LS,test,test_1,0,1,43,-1,33.034213730727394,31.60593408611561,7.1367021999903955,6.890625,60000,300,1,0.0,0.1,0.8
ga_ls10_offspring,GA 10% LS [LS on offspring],test,test_1,0,1,43,-1,43.72262382408138,42.0271825687935,7.184401999998954,7.03125,75570,300,1,0.09999999999999999,0.1,0.8
ga_ls50_offspring,GA 50% LS [LS on offspring],test,test_1,0,1,43,-1,38.180086538738024,36.79593559617306,13.518859599993448,13.296875,140760,300,1,0.5,0.1,0.8
ga_ls100_offspring,GA 100% LS [LS on offspring],test,test_1,0,1,43,-1,40.62956902212853,38.97681606428166,13.714104099999531,13.5625,222000,300,1,1.0,0.1,0.8
ga_sched_offspring,GA scheduled LS [LS on offspring],test,test_1,0,1,43,-1,43.553437491602054,41.86043077600064,10.404249999992317,10.28125,146586,300,1,0.5333333333333333,0.1,0.8
ga_ls10_elites,GA 10% LS [LS on elites],test,test_1,0,1,43,-1,34.33182190784933,32.95388496458469,8.228739600002882,8.078125,63606,300,1,0.09999999999999999,0.1,0.8
ga_ls50_elites,GA 50% LS [LS on elites],test,test_1,0,1,43,-1,48.84324478869102,47.21039217963363,7.216924000007566,7.078125,77904,300,1,0.5,0.1,0.8
ga_ls100_elites,GA 100% LS [LS on elites],test,test_1,0,1,43,-1,34.78053279095728,33.21898568607675,10.536421299999347,10.390625,96000,300,1,1.0,0.1,0.8
ga_sched_elites,GA scheduled LS [LS on elites],test,test_1,0,1,43,-1,34.15707940684332,32.80223433210209,10.23599749999994,9.96875,79098,300,1,0.5333333333333333,0.1,0.8
ga_ls00,GA no LS,test,test_1,0,2,44,-1,40.23521277923027,38.38840289778978,7.561654699995415,7.5,60000,300,1,0.0,0.1,0.8
ga_ls10_offspring,GA 10% LS [LS on offspring],test,test_1,0,2,44,-1,34.74402796927872,33.312479761241974,7.07408450001094,6.859375,76596,300,1,0.09999999999999999,0.1,0.8
ga_ls50_offspring,GA 50% LS [LS on offspring],test,test_1,0,2,44,-1,42.92042284632417,41.47893263644823,10.097974399992381,9.90625,141612,300,1,0.5,0.1,0.8
ga_ls100_offspring,GA 100% LS [LS on offspring],test,test_1,0,2,44,-1,44.25464244099661,42.78488558220427,13.127397000003839,12.890625,222000,300,1,1.0,0.1,0.8
ga_sched_offspring,GA scheduled LS [LS on offspring],test,test_1,0,2,44,-1,34.576752527022514,33.16510440027927,10.340452199990978,9.921875,147090,300,1,0.5333333333333333,0.1,0.8
ga_ls10_elites,GA 10% LS [LS on elites],test,test_1,0,2,44,-1,39.36132116044658,37.86531394578153,9.115514800010715,8.75,63546,300,1,0.09999999999999999,0.1,0.8
ga_ls50_elites,GA 50% LS [LS on elites],test,test_1,0,2,44,-1,38.53336134096545,37.240273768696454,9.914329299994279,9.609375,78378,300,1,0.5,0.1,0.8
ga_ls100_elites,GA 100% LS [LS on elites],test,test_1,0,2,44,-1,37.1093589015211,35.87563645188906,9.047545699999318,8.78125,96000,300,1,1.0,0.1,0.8
ga_sched_elites,GA scheduled LS [LS on elites],test,test_1,0,2,44,-1,39.07905120106514,37.5602915266297,9.8810647999926,9.484375,79152,300,1,0.5333333333333333,0.1,0.8
ga_ls00,GA no LS,test,test_1,0,3,45,-1,45.01523677260396,43.46326125347235,6.74559269999736,6.515625,60000,300,1,0.0,0.1,0.8
ga_ls10_offspring,GA 10% LS [LS on offspring],test,test_1,0,3,45,-1,37.9359151150149,36.44686687093878,8.145317499991506,7.84375,76302,300,1,0.09999999999999999,0.1,0.8
ga_ls50_offspring,GA 50% LS [LS on offspring],test,test_1,0,3,45,-1,41.45603631770829,39.761220148763215,12.733770299993921,12.265625,140778,300,1,0.5,0.1,0.8
ga_ls100_offspring,GA 100% LS [LS on offspring],test,test_1,0,3,45,-1,45.49893620865438,44.13683519937715,13.856896700002835,13.484375,222000,300,1,1.0,0.1,0.8
ga_sched_offspring,GA scheduled LS [LS on offspring],test,test_1,0,3,45,-1,37.88696174730531,36.40077508881352,11.11622680000437,10.734375,146526,300,1,0.5333333333333333,0.1,0.8
ga_ls10_elites,GA 10% LS [LS on elites],test,test_1,0,3,45,-1,39.05444721046491,37.44737789707323,9.332623100010096,8.921875,63480,300,1,0.09999999999999999,0.1,0.8
ga_ls50_elites,GA 50% LS [LS on elites],test,test_1,0,3,45,-1,40.6153946878932,39.19882840048002,11.059879300009925,10.640625,78270,300,1,0.5,0.1,0.8
ga_ls100_elites,GA 100% LS [LS on elites],test,test_1,0,3,45,-1,38.84001203020505,37.31576907164942,13.57621410000138,12.984375,96000,300,1,1.0,0.1,0.8
ga_sched_elites,GA scheduled LS [LS on elites],test,test_1,0,3,45,-1,38.465678668064804,37.16720123319461,10.891637799999444,10.4375,79434,300,1,0.5333333333333333,0.1,0.8
ga_ls00,GA no LS,test,test_1,0,4,46,-1,40.519320806475136,38.84220677463089,7.457958400002099,7.03125,60000,300,1,0.0,0.1,0.8
ga_ls10_offspring,GA 10% LS [LS on offspring],test,test_1,0,4,46,-1,36.98871659640212,35.46711959897046,8.192933600003016,7.78125,76086,300,1,0.09999999999999999,0.1,0.8
ga_ls50_offspring,GA 50% LS [LS on offspring],test,test_1,0,4,46,-1,37.885118331430164,36.27963948511263,13.809673900002963,13.25,141372,300,1,0.5,0.1,0.8
ga_ls100_offspring,GA 100% LS [LS on offspring],test,test_1,0,4,46,-1,36.63289090994949,35.052079086079026,15.399564999999711,14.921875,222000,300,1,1.0,0.1,0.8
ga_sched_offspring,GA scheduled LS [LS on offspring],test,test_1,0,4,46,-1,36.49499069746661,34.986848002296696,11.584091400000034,11.28125,146298,300,1,0.5333333333333333,0.1,0.8
ga_ls10_elites,GA 10% LS [LS on elites],test,test_1,0,4,46,-1,43.33951265718978,41.27682382553432,7.994423900003312,7.578125,63774,300,1,0.09999999999999999,0.1,0.8
ga_ls50_elites,GA 50% LS [LS on elites],test,test_1,0,4,46,-1,37.31051508955867,35.75973976896937,11.376035100009176,11.0,77958,300,1,0.5,0.1,0.8
ga_ls100_elites,GA 100% LS [LS on elites],test,test_1,0,4,46,-1,40.24337514760801,38.355477863166946,11.047479400003795,10.71875,96000,300,1,1.0,0.1,0.8
ga_sched_elites,GA scheduled LS [LS on elites],test,test_1,0,4,46,-1,42.802534116835055,40.757479523646296,9.57767579999927,9.28125,78972,300,1,0.5333333333333333,0.1,0.8
ga_ls00,GA no LS,test,test_1,0,5,47,-1,46.289089381733724,44.520535793527635,7.946817700008978,7.765625,60000,300,1,0.0,0.1,0.8
ga_ls10_offspring,GA 10% LS [LS on offspring],test,test_1,0,5,47,-1,40.06969610636151,38.49727236949148,8.59233879999374,8.34375,76278,300,1,0.09999999999999999,0.1,0.8
ga_ls50_offspring,GA 50% LS [LS on offspring],test,test_1,0,5,47,-1,43.43682634703505,42.00420070999339,12.85517890000483,12.703125,141666,300,1,0.5,0.1,0.8
ga_ls100_offspring,GA 100% LS [LS on offspring],test,test_1,0,5,47,-1,35.8849887664524,34.53627218432791,14.640562600005069,14.234375,222000,300,1,1.0,0.1,0.8
ga_sched_offspring,GA scheduled LS [LS on offspring],test,test_1,0,5,47,-1,38.6740815059944,36.94343926976551,12.765218799991999,12.515625,146754,300,1,0.5333333333333333,0.1,0.8
ga_ls10_elites,GA 10% LS [LS on elites],test,test_1,0,5,47,-1,45.21406617708243,43.670694401383216,7.019942200000514,6.75,63762,300,1,0.09999999999999999,0.1,0.8
ga_ls50_elites,GA 50% LS [LS on elites],test,test_1,0,5,47,-1,48.5524924708223,46.85613903987147,8.215994300000602,7.90625,77466,300,1,0.5,0.1,0.8
ga_ls100_elites,GA 100% LS [LS on elites],test,test_1,0,5,47,-1,37.70915587279846,36.56931723262989,11.305046700013918,11.09375,96000,300,1,1.0,0.1,0.8
ga_sched_elites,GA scheduled LS [LS on elites],test,test_1,0,5,47,-1,45.18628604971914,43.64813775384617,7.787348500001826,7.625,79398,300,1,0.5333333333333333,0.1,0.8
ga_ls00,GA no LS,test,test_1,0,6,48,-1,35.92528296591596,34.36856891859223,8.050743200001307,7.8125,60000,300,1,0.0,0.1,0.8
ga_ls10_offspring,GA 10% LS [LS on offspring],test,test_1,0,6,48,-1,34.08469472734808,32.518166509970435,8.56048240000382,8.4375,75912,300,1,0.09999999999999999,0.1,0.8
ga_ls50_offspring,GA 50% LS [LS on offspring],test,test_1,0,6,48,-1,35.38745556251451,33.6458174060434,11.202247199995327,11.0625,140934,300,1,0.5,0.1,0.8
ga_ls100_offspring,GA 100% LS [LS on offspring],test,test_1,0,6,48,-1,34.561676031405945,32.98568184191491,14.697852400000556,14.484375,222000,300,1,1.0,0.1,0.8
ga_sched_offspring,GA scheduled LS [LS on offspring],test,test_1,0,6,48,-1,34.23100358679202,32.67614628845651,13.412688600001275,13.09375,146286,300,1,0.5333333333333333,0.1,0.8
ga_ls10_elites,GA 10% LS [LS on elites],test,test_1,0,6,48,-1,39.756426039177285,38.128716989648346,7.167925800007652,6.96875,63780,300,1,0.09999999999999999,0.1,0.8
ga_ls50_elites,GA 50% LS [LS on elites],test,test_1,0,6,48,-1,31.77592203799025,30.2829943721351,9.14625970000634,8.953125,77958,300,1,0.5,0.1,0.8
ga_ls100_elites,GA 100% LS [LS on elites],test,test_1,0,6,48,-1,39.7921173324185,38.38022901482836,8.664415699997335,8.46875,96000,300,1,1.0,0.1,0.8
ga_sched_elites,GA scheduled LS [LS on elites],test,test_1,0,6,48,-1,41.694742874596656,39.8072080895596,7.645431199998711,7.484375,79434,300,1,0.5333333333333333,0.1,0.8
ga_ls00,GA no LS,test,test_1,0,7,49,-1,34.95718099204097,33.67266383018335,9.263475500003551,9.109375,60000,300,1,0.0,0.1,0.8
ga_ls10_offspring,GA 10% LS [LS on offspring],test,test_1,0,7,49,-1,40.661417236269116,39.24563329815841,8.374940399997286,8.171875,76782,300,1,0.09999999999999999,0.1,0.8
ga_ls50_offspring,GA 50% LS [LS on offspring],test,test_1,0,7,49,-1,44.54100139569058,42.71712411180928,11.520238199998857,11.328125,141312,300,1,0.5,0.1,0.8
ga_ls100_offspring,GA 100% LS [LS on offspring],test,test_1,0,7,49,-1,41.02124134195971,39.26743261065825,14.394932600000175,14.125,222000,300,1,1.0,0.1,0.8
ga_sched_offspring,GA scheduled LS [LS on offspring],test,test_1,0,7,49,-1,39.08472201349579,37.7311676362461,13.207256199995754,12.84375,146616,300,1,0.5333333333333333,0.1,0.8
ga_ls10_elites,GA 10% LS [LS on elites],test,test_1,0,7,49,-1,43.16347459360587,41.78552890033255,7.663191100000404,7.5,63858,300,1,0.09999999999999999,0.1,0.8
ga_ls50_elites,GA 50% LS [LS on elites],test,test_1,0,7,49,-1,35.48033716270305,34.03607686195792,9.07026279999991,8.921875,78270,300,1,0.5,0.1,0.8
ga_ls100_elites,GA 100% LS [LS on elites],test,test_1,0,7,49,-1,45.39066066074837,43.75248740615448,9.853662900000927,9.515625,96000,300,1,1.0,0.1,0.8
ga_sched_elites,GA scheduled LS [LS on elites],test,test_1,0,7,49,-1,42.908782996507995,41.53691341681118,8.7239222000062,8.5,79188,300,1,0.5333333333333333,0.1,0.8
ga_ls00,GA no LS,test,test_1,0,8,50,-1,37.4978214091922,35.705500263812255,8.18274369998835,7.9375,60000,300,1,0.0,0.1,0.8
ga_ls10_offspring,GA 10% LS [LS on offspring],test,test_1,0,8,50,-1,35.61982121628627,33.98731146547028,7.672535399993649,7.484375,76458,300,1,0.09999999999999999,0.1,0.8
ga_ls50_offspring,GA 50% LS [LS on offspring],test,test_1,0,8,50,-1,35.5300039243779,34.07230498903971,13.171645000009448,12.921875,140928,300,1,0.5,0.1,0.8
ga_ls100_offspring,GA 100% LS [LS on offspring],test,test_1,0,8,50,-1,34.295678445593076,32.761231058321535,14.352441499999259,14.140625,222000,300,1,1.0,0.1,0.8
ga_sched_offspring,GA scheduled LS [LS on offspring],test,test_1,0,8,50,-1,34.80575621124224,33.21290476313576,11.215796000004048,11.03125,146532,300,1,0.5333333333333333,0.1,0.8
ga_ls10_elites,GA 10% LS [LS on elites],test,test_1,0,8,50,-1,35.60915029992634,34.134522682912426,8.020519500001683,7.890625,63648,300,1,0.09999999999999999,0.1,0.8
ga_ls50_elites,GA 50% LS [LS on elites],test,test_1,0,8,50,-1,44.640720505985755,43.19970145295174,7.494112699991092,7.34375,78018,300,1,0.5,0.1,0.8
ga_ls100_elites,GA 100% LS [LS on elites],test,test_1,0,8,50,-1,39.68317366697084,37.99286528790421,9.812210700009018,9.453125,96000,300,1,1.0,0.1,0.8
ga_sched_elites,GA scheduled LS [LS on elites],test,test_1,0,8,50,-1,35.501812085748654,34.02764948037686,8.559902299995883,8.328125,79338,300,1,0.5333333333333333,0.1,0.8
ga_ls00,GA no LS,test,test_1,0,9,51,-1,38.43422886829278,37.35679816562422,7.151359899988165,7.015625,60000,300,1,0.0,0.1,0.8
ga_ls10_offspring,GA 10% LS [LS on offspring],test,test_1,0,9,51,-1,40.93173468971371,39.33350191021802,7.1629376000055345,6.984375,76170,300,1,0.09999999999999999,0.1,0.8
ga_ls50_offspring,GA 50% LS [LS on offspring],test,test_1,0,9,51,-1,40.549369689861315,38.974649958310096,12.75410630000988,12.515625,140250,300,1,0.5,0.1,0.8
ga_ls100_offspring,GA 100% LS [LS on offspring],test,test_1,0,9,51,-1,37.73736236164223,36.275504298977545,14.409199299989268,14.171875,222000,300,1,1.0,0.1,0.8
ga_sched_offspring,GA scheduled LS [LS on offspring],test,test_1,0,9,51,-1,40.79907314396415,39.208855797882116,10.684662300001946,10.375,146178,300,1,0.5333333333333333,0.1,0.8
ga_ls10_elites,GA 10% LS [LS on elites],test,test_1,0,9,51,-1,37.23927661541999,35.63722211819667,8.183692400009022,7.953125,63714,300,1,0.09999999999999999,0.1,0.8
ga_ls50_elites,GA 50% LS [LS on elites],test,test_1,0,9,51,-1,46.983903127583424,45.61202986718401,7.829445800001849,7.734375,77742,300,1,0.5,0.1,0.8
ga_ls100_elites,GA 100% LS [LS on elites],test,test_1,0,9,51,-1,36.53541978798749,34.960745290913394,8.594468000010238,8.4375,96000,300,1,1.0,0.1,0.8
ga_sched_elites,GA scheduled LS [LS on elites],test,test_1,0,9,51,-1,37.037835863554854,35.44179483906415,9.089417700000922,8.890625,79212,300,1,0.5333333333333333,0.1,0.8
ga_ls00,GA no LS,test,test_2,1,0,142,-1,35.091657418543285,33.53105891321113,7.484018300005118,7.25,60000,300,1,0.0,0.1,0.8
ga_ls10_offspring,GA 10% LS [LS on offspring],test,test_2,1,0,142,-1,39.361576655438085,37.883208979384385,10.10367050000059,9.953125,76098,300,1,0.09999999999999999,0.1,0.8
ga_ls50_offspring,GA 50% LS [LS on offspring],test,test_2,1,0,142,-1,31.45967904392169,29.849734113933337,12.4961168999871,12.3125,141576,300,1,0.5,0.1,0.8
ga_ls100_offspring,GA 100% LS [LS on offspring],test,test_2,1,0,142,-1,33.13837121477402,31.775227416385206,14.007587700005388,13.84375,222000,300,1,1.0,0.1,0.8
ga_sched_offspring,GA scheduled LS [LS on offspring],test,test_2,1,0,142,-1,39.28154034260658,37.80231822254134,14.70982869999716,14.40625,146310,300,1,0.5333333333333333,0.1,0.8
ga_ls10_elites,GA 10% LS [LS on elites],test,test_2,1,0,142,-1,36.30216836290194,34.5674368942112,8.289631999999983,8.109375,63528,300,1,0.09999999999999999,0.1,0.8
ga_ls50_elites,GA 50% LS [LS on elites],test,test_2,1,0,142,-1,37.91925004727914,36.41040475888418,9.369073399997433,9.0625,77862,300,1,0.5,0.1,0.8
ga_ls100_elites,GA 100% LS [LS on elites],test,test_2,1,0,142,-1,37.542414002238665,36.23523353653391,10.119010400012485,9.796875,96000,300,1,1.0,0.1,0.8
ga_sched_elites,GA scheduled LS [LS on elites],test,test_2,1,0,142,-1,34.97794150272104,33.2444021630085,9.345328700001119,9.0625,79200,300,1,0.5333333333333333,0.1,0.8
ga_ls00,GA no LS,test,test_2,1,1,143,-1,32.15877432288313,30.74394166134492,7.399390999999014,7.25,60000,300,1,0.0,0.1,0.8
ga_ls10_offspring,GA 10% LS [LS on offspring],test,test_2,1,1,143,-1,38.73826313469484,37.08915000825006,7.390841100001126,7.15625,76098,300,1,0.09999999999999999,0.1,0.8
ga_ls50_offspring,GA 50% LS [LS on offspring],test,test_2,1,1,143,-1,37.49671062560032,35.823380539967275,14.421106100009638,14.15625,140940,300,1,0.5,0.1,0.8
ga_ls100_offspring,GA 100% LS [LS on offspring],test,test_2,1,1,143,-1,29.60767233361383,28.033348639311043,15.662472800002433,15.484375,222000,300,1,1.0,0.1,0.8
ga_sched_offspring,GA scheduled LS [LS on offspring],test,test_2,1,1,143,-1,35.93675303529003,34.31870416746309,13.531600399990566,13.296875,146394,300,1,0.5333333333333333,0.1,0.8
ga_ls10_elites,GA 10% LS [LS on elites],test,test_2,1,1,143,-1,33.06567943593374,31.339753232224094,8.150514699998894,7.9375,63366,300,1,0.09999999999999999,0.1,0.8
ga_ls50_elites,GA 50% LS [LS on elites],test,test_2,1,1,143,-1,34.12031522415967,32.48965707961457,10.625123200006783,10.4375,78078,300,1,0.5,0.1,0.8
ga_ls100_elites,GA 100% LS [LS on elites],test,test_2,1,1,143,-1,26.781962249384307,25.619227918383473,9.807381499995245,9.59375,96000,300,1,1.0,0.1,0.8
ga_sched_elites,GA scheduled LS [LS on elites],test,test_2,1,1,143,-1,33.103156344310214,31.446677902949165,11.474332500001765,11.203125,79092,300,1,0.5333333333333333,0.1,0.8
ga_ls00,GA no LS,test,test_2,1,2,144,-1,30.66039691103405,29.19905400146181,6.840509000001475,6.703125,60000,300,1,0.0,0.1,0.8
ga_ls10_offspring,GA 10% LS [LS on offspring],test,test_2,1,2,144,-1,29.928225488877523,28.44163503536625,7.978365499991924,7.859375,76548,300,1,0.09999999999999999,0.1,0.8
ga_ls50_offspring,GA 50% LS [LS on offspring],test,test_2,1,2,144,-1,29.424090451173548,28.071538524908842,10.871615299998666,10.65625,141648,300,1,0.5,0.1,0.8
ga_ls100_offspring,GA 100% LS [LS on offspring],test,test_2,1,2,144,-1,33.55417050638188,32.12812391400478,19.37966310000047,19.15625,222000,300,1,1.0,0.1,0.8
ga_sched_offspring,GA scheduled LS [LS on offspring],test,test_2,1,2,144,-1,30.773373354107488,29.214002485335456,10.863040099997306,10.640625,146718,300,1,0.5333333333333333,0.1,0.8
ga_ls10_elites,GA 10% LS [LS on elites],test,test_2,1,2,144,-1,35.78364242560433,34.473478839479995,7.4923064000031445,7.34375,63654,300,1,0.09999999999999999,0.1,0.8
ga_ls50_elites,GA 50% LS [LS on elites],test,test_2,1,2,144,-1,32.017678526063335,30.552310376452027,7.925121399995987,7.796875,78564,300,1,0.5,0.1,0.8
ga_ls100_elites,GA 100% LS [LS on elites],test,test_2,1,2,144,-1,38.28420175054637,36.625094954633866,11.560297400006675,11.359375,96000,300,1,1.0,0.1,0.8
ga_sched_elites,GA scheduled LS [LS on elites],test,test_2,1,2,144,-1,35.55285709024251,34.28317897407743,8.203895300001022,8.015625,79374,300,1,0.5333333333333333,0.1,0.8
ga_ls00,GA no LS,test,test_2,1,3,145,-1,34.52712687797321,32.98128583652169,7.542280099994969,7.328125,60000,300,1,0.0,0.1,0.8
ga_ls10_offspring,GA 10% LS [LS on offspring],test,test_2,1,3,145,-1,37.114890234779864,35.59358007372344,9.543635100009851,9.296875,76806,300,1,0.09999999999999999,0.1,0.8
ga_ls50_offspring,GA 50% LS [LS on offspring],test,test_2,1,3,145,-1,28.3489030991251,26.992510568391094,10.84982509999827,10.59375,141060,300,1,0.5,0.1,0.8
ga_ls100_offspring,GA 100% LS [LS on offspring],test,test_2,1,3,145,-1,32.739780359295445,31.247568293031787,17.570152700005565,17.359375,222000,300,1,1.0,0.1,0.8
ga_sched_offspring,GA scheduled LS [LS on offspring],test,test_2,1,3,145,-1,36.97629143868815,35.479337095664135,15.661269100004574,15.40625,147084,300,1,0.5333333333333333,0.1,0.8
ga_ls10_elites,GA 10% LS [LS on elites],test,test_2,1,3,145,-1,34.03360520692727,32.57617792005782,7.263088100007735,7.171875,63366,300,1,0.09999999999999999,0.1,0.8
ga_ls50_elites,GA 50% LS [LS on elites],test,test_2,1,3,145,-1,38.16220794467519,36.67720906038283,10.580040000000736,10.4375,77826,300,1,0.5,0.1,0.8
ga_ls100_elites,GA 100% LS [LS on elites],test,test_2,1,3,145,-1,31.12813345951168,29.66686476930631,12.897130400000606,12.65625,96000,300,1,1.0,0.1,0.8
ga_sched_elites,GA scheduled LS [LS on elites],test,test_2,1,3,145,-1,33.903876370470094,32.454277081944866,7.686036900006002,7.40625,79164,300,1,0.5333333333333333,0.1,0.8
ga_ls00,GA no LS,test,test_2,1,4,146,-1,44.225983669438804,42.61750682595986,6.838952399994014,6.71875,60000,300,1,0.0,0.1,0.8
ga_ls10_offspring,GA 10% LS [LS on offspring],test,test_2,1,4,146,-1,37.231399660331405,35.55822363244746,7.716597399994498,7.546875,76260,300,1,0.09999999999999999,0.1,0.8
ga_ls50_offspring,GA 50% LS [LS on offspring],test,test_2,1,4,146,-1,30.49612803607193,28.947386372234803,13.107128799994825,12.953125,140760,300,1,0.5,0.1,0.8
ga_ls100_offspring,GA 100% LS [LS on offspring],test,test_2,1,4,146,-1,37.336208240846496,35.84327128564694,14.395570699998643,14.125,222000,300,1,1.0,0.1,0.8
ga_sched_offspring,GA scheduled LS [LS on offspring],test,test_2,1,4,146,-1,35.783408780986335,34.10536747484022,13.269025800007512,13.015625,146046,300,1,0.5333333333333333,0.1,0.8
ga_ls10_elites,GA 10% LS [LS on elites],test,test_2,1,4,146,-1,33.49622158040935,31.787544594025825,8.54637750000984,8.40625,63996,300,1,0.09999999999999999,0.1,0.8
ga_ls50_elites,GA 50% LS [LS on elites],test,test_2,1,4,146,-1,37.088432572212874,36.07081958492234,8.089123900004779,7.875,77700,300,1,0.5,0.1,0.8
ga_ls100_elites,GA 100% LS [LS on elites],test,test_2,1,4,146,-1,39.57563570529797,37.82966461739157,10.505805000007967,10.28125,96000,300,1,1.0,0.1,0.8
ga_sched_elites,GA scheduled LS [LS on elites],test,test_2,1,4,146,-1,31.006679247380774,29.429807782382763,9.687645400001202,9.4375,79326,300,1,0.5333333333333333,0.1,0.8
ga_ls00,GA no LS,test,test_2,1,5,147,-1,33.819597466543215,32.17619691533874,9.329560900005163,9.109375,60000,300,1,0.0,0.1,0.8
ga_ls10_offspring,GA 10% LS [LS on offspring],test,test_2,1,5,147,-1,36.30855303306487,34.66256937777706,9.542435700001079,9.40625,75540,300,1,0.09999999999999999,0.1,0.8
ga_ls50_offspring,GA 50% LS [LS on offspring],test,test_2,1,5,147,-1,33.80673484395032,32.183107650936655,16.681836799994926,16.453125,141918,300,1,0.5,0.1,0.8
ga_ls100_offspring,GA 100% LS [LS on offspring],test,test_2,1,5,147,-1,34.606667187666496,32.95841857842457,16.217109800010803,15.875,222000,300,1,1.0,0.1,0.8
ga_sched_offspring,GA scheduled LS [LS on offspring],test,test_2,1,5,147,-1,35.93245431665728,34.53293107763407,12.556625699988217,12.203125,146304,300,1,0.5333333333333333,0.1,0.8
ga_ls10_elites,GA 10% LS [LS on elites],test,test_2,1,5,147,-1,36.02669980653417,34.64645970001349,8.085301600003731,7.875,63534,300,1,0.09999999999999999,0.1,0.8
ga_ls50_elites,GA 50% LS [LS on elites],test,test_2,1,5,147,-1,31.528153495046855,30.05623870839849,8.65627810001024,8.421875,77952,300,1,0.5,0.1,0.8
ga_ls100_elites,GA 100% LS [LS on elites],test,test_2,1,5,147,-1,35.05742642828149,33.49360433498059,12.78863180000917,12.625,96000,300,1,1.0,0.1,0.8
ga_sched_elites,GA scheduled LS [LS on elites],test,test_2,1,5,147,-1,35.98451817285639,34.570758884339085,9.05043809999188,8.953125,79350,300,1,0.5333333333333333,0.1,0.8
ga_ls00,GA no LS,test,test_2,1,6,148,-1,33.34192960897345,31.931044381402625,7.262101799991797,7.140625,60000,300,1,0.0,0.1,0.8
ga_ls10_offspring,GA 10% LS [LS on offspring],test,test_2,1,6,148,-1,35.00580719657921,33.67223834804089,9.365767699986463,9.171875,75810,300,1,0.09999999999999999,0.1,0.8
ga_ls50_offspring,GA 50% LS [LS on offspring],test,test_2,1,6,148,-1,32.11322649311424,30.41153423744561,9.711712099990109,9.53125,140364,300,1,0.5,0.1,0.8
ga_ls100_offspring,GA 100% LS [LS on offspring],test,test_2,1,6,148,-1,35.0017653069497,33.36216929601694,17.80335980000382,17.484375,222000,300,1,1.0,0.1,0.8
ga_sched_offspring,GA scheduled LS [LS on offspring],test,test_2,1,6,148,-1,35.881958285512155,34.50475344161807,12.893411500001093,12.75,146208,300,1,0.5333333333333333,0.1,0.8
ga_ls10_elites,GA 10% LS [LS on elites],test,test_2,1,6,148,-1,31.381155261091774,29.49674664866507,8.065323199989507,7.875,63372,300,1,0.09999999999999999,0.1,0.8
ga_ls50_elites,GA 50% LS [LS on elites],test,test_2,1,6,148,-1,28.396398214848343,27.0937427560581,10.159368299995549,10.03125,78066,300,1,0.5,0.1,0.8
ga_ls100_elites,GA 100% LS [LS on elites],test,test_2,1,6,148,-1,33.32304446125198,31.88833404886167,7.971275999996578,7.8125,96000,300,1,1.0,0.1,0.8
ga_sched_elites,GA scheduled LS [LS on elites],test,test_2,1,6,148,-1,32.35498964755094,30.391879366905894,8.179181700004847,7.953125,79362,300,1,0.5333333333333333,0.1,0.8
ga_ls00,GA no LS,test,test_2,1,7,149,-1,34.240682505368845,32.572631039636605,7.172989999991842,7.015625,60000,300,1,0.0,0.1,0.8
ga_ls10_offspring,GA 10% LS [LS on offspring],test,test_2,1,7,149,-1,31.03985987348436,29.429116381560334,9.180377700002282,8.984375,75510,300,1,0.09999999999999999,0.1,0.8
ga_ls50_offspring,GA 50% LS [LS on offspring],test,test_2,1,7,149,-1,35.047680458906456,33.26233281343609,14.11852830000862,13.96875,141666,300,1,0.5,0.1,0.8
ga_ls100_offspring,GA 100% LS [LS on offspring],test,test_2,1,7,149,-1,35.24440752444582,33.65394520710342,17.472851699989405,17.21875,222000,300,1,1.0,0.1,0.8
ga_sched_offspring,GA scheduled LS [LS on offspring],test,test_2,1,7,149,-1,31.025649126622636,29.41380993718834,13.354717800000799,13.15625,146856,300,1,0.5333333333333333,0.1,0.8
ga_ls10_elites,GA 10% LS [LS on elites],test,test_2,1,7,149,-1,38.01877784326375,36.65331001261769,7.380596799994237,7.203125,63516,300,1,0.09999999999999999,0.1,0.8
ga_ls50_elites,GA 50% LS [LS on elites],test,test_2,1,7,149,-1,32.9825289853188,31.58882221055216,9.035546300001442,8.875,77916,300,1,0.5,0.1,0.8
ga_ls100_elites,GA 100% LS [LS on elites],test,test_2,1,7,149,-1,34.651265595703606,33.2713627445683,9.827159299995401,9.640625,96000,300,1,1.0,0.1,0.8
ga_sched_elites,GA scheduled LS [LS on elites],test,test_2,1,7,149,-1,37.90821534632234,36.53238429700638,8.934010199998738,8.765625,79128,300,1,0.5333333333333333,0.1,0.8
ga_ls00,GA no LS,test,test_2,1,8,150,-1,34.15186086377636,32.57437735544166,7.0052123999921605,6.84375,60000,300,1,0.0,0.1,0.8
ga_ls10_offspring,GA 10% LS [LS on offspring],test,test_2,1,8,150,-1,30.927169903042127,29.540719815080475,8.353316500011715,8.234375,75840,300,1,0.09999999999999999,0.1,0.8
ga_ls50_offspring,GA 50% LS [LS on offspring],test,test_2,1,8,150,-1,37.89160201736154,36.39941979559162,11.841873400000622,11.671875,140970,300,1,0.5,0.1,0.8
ga_ls100_offspring,GA 100% LS [LS on offspring],test,test_2,1,8,150,-1,30.698935293446276,29.32691809767055,12.628697799998918,12.46875,222000,300,1,1.0,0.1,0.8
ga_sched_offspring,GA scheduled LS [LS on offspring],test,test_2,1,8,150,-1,32.12673157712377,30.758741062360464,11.916381299990462,11.671875,146358,300,1,0.5333333333333333,0.1,0.8
ga_ls10_elites,GA 10% LS [LS on elites],test,test_2,1,8,150,-1,35.20734100085142,33.695202748657586,6.811642600005143,6.734375,63396,300,1,0.09999999999999999,0.1,0.8
ga_ls50_elites,GA 50% LS [LS on elites],test,test_2,1,8,150,-1,33.50555465944376,32.12938709815282,8.875373999995645,8.640625,78594,300,1,0.5,0.1,0.8
ga_ls100_elites,GA 100% LS [LS on elites],test,test_2,1,8,150,-1,37.10249547176355,35.47639177959721,11.022647700010566,10.921875,96000,300,1,1.0,0.1,0.8
ga_sched_elites,GA scheduled LS [LS on elites],test,test_2,1,8,150,-1,34.868205618600356,33.36632447597873,7.941066400002455,7.828125,79248,300,1,0.5333333333333333,0.1,0.8
ga_ls00,GA no LS,test,test_2,1,9,151,-1,32.89188003311101,31.31322460498257,7.905267599999206,7.71875,60000,300,1,0.0,0.1,0.8
ga_ls10_offspring,GA 10% LS [LS on offspring],test,test_2,1,9,151,-1,31.532444297359802,29.899201491233512,7.071754899996449,6.890625,76332,300,1,0.09999999999999999,0.1,0.8
ga_ls50_offspring,GA 50% LS [LS on offspring],test,test_2,1,9,151,-1,32.61040932000664,31.064766808317835,10.16864329999953,10.03125,140940,300,1,0.5,0.1,0.8
ga_ls100_offspring,GA 100% LS [LS on offspring],test,test_2,1,9,151,-1,34.806030861768946,33.31639262661984,13.33050809999986,13.1875,222000,300,1,1.0,0.1,0.8
ga_sched_offspring,GA scheduled LS [LS on offspring],test,test_2,1,9,151,-1,30.616203953537916,29.096025433331327,10.000222100003157,9.921875,145974,300,1,0.5333333333333333,0.1,0.8
ga_ls10_elites,GA 10% LS [LS on elites],test,test_2,1,9,151,-1,36.106219551707866,34.37569968082649,9.244122999996762,9.203125,63660,300,1,0.09999999999999999,0.1,0.8
ga_ls50_elites,GA 50% LS [LS on elites],test,test_2,1,9,151,-1,36.170080169874794,34.527591543979696,7.704394499989576,7.671875,78048,300,1,0.5,0.1,0.8
ga_ls100_elites,GA 100% LS [LS on elites],test,test_2,1,9,151,-1,32.75075766132241,31.305382274811222,10.883871699988958,10.8125,96000,300,1,1.0,0.1,0.8
ga_sched_elites,GA scheduled LS [LS on elites],test,test_2,1,9,151,-1,35.956698156519984,34.227185385334515,11.252480600000126,11.125,79020,300,1,0.5333333333333333,0.1,0.8
ga_ls00,GA no LS,test,test_3,2,0,242,-1,32.11256688216115,30.686118004959482,6.695244699993054,6.640625,60000,300,1,0.0,0.1,0.8
ga_ls10_offspring,GA 10% LS [LS on offspring],test,test_3,2,0,242,-1,34.697976906317265,33.095286942296774,8.699005100002978,8.65625,76164,300,1,0.09999999999999999,0.1,0.8
ga_ls50_offspring,GA 50% LS [LS on offspring],test,test_3,2,0,242,-1,37.405621486284296,35.63632577914609,12.914144700000179,12.796875,140586,300,1,0.5,0.1,0.8
ga_ls100_offspring,GA 100% LS [LS on offspring],test,test_3,2,0,242,-1,35.64458506337383,33.82845602374358,16.919011300007696,16.75,222000,300,1,1.0,0.1,0.8
ga_sched_offspring,GA scheduled LS [LS on offspring],test,test_3,2,0,242,-1,34.677760841982014,33.06638569771792,12.927505600004224,12.734375,145818,300,1,0.5333333333333333,0.1,0.8
ga_ls10_elites,GA 10% LS [LS on elites],test,test_3,2,0,242,-1,36.82423943032545,34.85542888092721,8.530812100012554,8.515625,63468,300,1,0.09999999999999999,0.1,0.8
ga_ls50_elites,GA 50% LS [LS on elites],test,test_3,2,0,242,-1,37.99681391616668,36.55977616641427,7.3574821000074735,7.3125,78282,300,1,0.5,0.1,0.8
ga_ls100_elites,GA 100% LS [LS on elites],test,test_3,2,0,242,-1,35.04180110728217,33.24386069580771,11.197820699992008,11.109375,96000,300,1,1.0,0.1,0.8
ga_sched_elites,GA scheduled LS [LS on elites],test,test_3,2,0,242,-1,37.75467071772113,35.963894787334446,9.339065399995889,9.25,79146,300,1,0.5333333333333333,0.1,0.8
ga_ls00,GA no LS,test,test_3,2,1,243,-1,40.24228782333857,38.78798584352621,8.104503199996543,8.03125,60000,300,1,0.0,0.1,0.8
ga_ls10_offspring,GA 10% LS [LS on offspring],test,test_3,2,1,243,-1,39.131085192824216,37.77274914283941,7.762977699996554,7.75,75996,300,1,0.09999999999999999,0.1,0.8
ga_ls50_offspring,GA 50% LS [LS on offspring],test,test_3,2,1,243,-1,34.51617763665018,32.78663108173799,12.122035599997616,12.0625,140910,300,1,0.5,0.1,0.8
ga_ls100_offspring,GA 100% LS [LS on offspring],test,test_3,2,1,243,-1,40.12334393175536,38.44955956397581,20.40762410000025,20.296875,222000,300,1,1.0,0.1,0.8
ga_sched_offspring,GA scheduled LS [LS on offspring],test,test_3,2,1,243,-1,39.075788613196046,37.6572017298716,10.261281799990684,10.171875,146700,300,1,0.5333333333333333,0.1,0.8
ga_ls10_elites,GA 10% LS [LS on elites],test,test_3,2,1,243,-1,32.82634598856347,31.17923781367572,7.445855499987374,7.40625,63654,300,1,0.09999999999999999,0.1,0.8
ga_ls50_elites,GA 50% LS [LS on elites],test,test_3,2,1,243,-1,46.69120236761491,44.96417005168808,8.512832899999921,8.5,77484,300,1,0.5,0.1,0.8
ga_ls100_elites,GA 100% LS [LS on elites],test,test_3,2,1,243,-1,38.086480375166424,36.125988565646225,9.895618900001864,9.828125,96000,300,1,1.0,0.1,0.8
ga_sched_elites,GA scheduled LS [LS on elites],test,test_3,2,1,243,-1,32.53184995342276,30.89817256103444,9.891312799998559,9.828125,79290,300,1,0.5333333333333333,0.1,0.8
ga_ls00,GA no LS,test,test_3,2,2,244,-1,35.47951578984787,33.50335045786226,8.623288699993282,8.578125,60000,300,1,0.0,0.1,0.8
ga_ls10_offspring,GA 10% LS [LS on offspring],test,test_3,2,2,244,-1,33.51366856242502,31.93253466955005,8.617680099996505,8.5625,76098,300,1,0.09999999999999999,0.1,0.8
ga_ls50_offspring,GA 50% LS [LS on offspring],test,test_3,2,2,244,-1,35.211130293439844,33.90764177431657,10.66467990000092,10.671875,141672,300,1,0.5,0.1,0.8
ga_ls100_offspring,GA 100% LS [LS on offspring],test,test_3,2,2,244,-1,34.682945487787606,33.10331697339232,14.879518699992332,14.8125,222000,300,1,1.0,0.1,0.8
ga_sched_offspring,GA scheduled LS [LS on offspring],test,test_3,2,2,244,-1,33.54660940499178,31.92802595846162,13.514213699992979,13.40625,146496,300,1,0.5333333333333333,0.1,0.8
ga_ls10_elites,GA 10% LS [LS on elites],test,test_3,2,2,244,-1,33.3784491684792,31.637799093764716,9.302197699988028,9.234375,63786,300,1,0.09999999999999999,0.1,0.8
ga_ls50_elites,GA 50% LS [LS on elites],test,test_3,2,2,244,-1,33.9020219462719,32.392225930417354,10.178441399999429,10.078125,78246,300,1,0.5,0.1,0.8
ga_ls100_elites,GA 100% LS [LS on elites],test,test_3,2,2,244,-1,35.16358549899864,33.80332212949451,9.970873199999915,9.859375,96000,300,1,1.0,0.1,0.8
ga_sched_elites,GA scheduled LS [LS on elites],test,test_3,2,2,244,-1,33.40601868225845,31.651945937543445,10.189623199999915,10.109375,79074,300,1,0.5333333333333333,0.1,0.8
ga_ls00,GA no LS,test,test_3,2,3,245,-1,38.25652538971683,36.43890537003332,8.629328499999247,8.546875,60000,300,1,0.0,0.1,0.8
ga_ls10_offspring,GA 10% LS [LS on offspring],test,test_3,2,3,245,-1,39.672396787511815,38.04786811581778,8.761941300006583,8.65625,76068,300,1,0.09999999999999999,0.1,0.8
ga_ls50_offspring,GA 50% LS [LS on offspring],test,test_3,2,3,245,-1,31.831289606284972,30.34812025234467,11.242580500009353,11.125,140436,300,1,0.5,0.1,0.8
ga_ls100_offspring,GA 100% LS [LS on offspring],test,test_3,2,3,245,-1,31.18928679041849,29.57744891287623,17.686641399996006,17.453125,222000,300,1,1.0,0.1,0.8
ga_sched_offspring,GA scheduled LS [LS on offspring],test,test_3,2,3,245,-1,38.95024466758342,37.51612139869857,13.481020799998078,13.34375,145962,300,1,0.5333333333333333,0.1,0.8
ga_ls10_elites,GA 10% LS [LS on elites],test,test_3,2,3,245,-1,38.07533008035513,36.22441860805507,7.03742589999456,6.890625,63822,300,1,0.09999999999999999,0.1,0.8
ga_ls50_elites,GA 50% LS [LS on elites],test,test_3,2,3,245,-1,31.073068112201558,29.577566148579137,9.080214999994496,9.03125,78192,300,1,0.5,0.1,0.8
ga_ls100_elites,GA 100% LS [LS on elites],test,test_3,2,3,245,-1,41.0228197081635,39.47850487723572,10.270868899999186,10.234375,96000,300,1,1.0,0.1,0.8
ga_sched_elites,GA scheduled LS [LS on elites],test,test_3,2,3,245,-1,35.58835340309459,33.79477854612428,7.702342400007183,7.65625,79260,300,1,0.5333333333333333,0.1,0.8
ga_ls00,GA no LS,test,test_3,2,4,246,-1,30.410193430239044,28.83996381173242,10.23387530000764,10.15625,60000,300,1,0.0,0.1,0.8
ga_ls10_offspring,GA 10% LS [LS on offspring],test,test_3,2,4,246,-1,34.680106901562205,33.51461761572083,8.67166000000725,8.59375,76146,300,1,0.09999999999999999,0.1,0.8
ga_ls50_offspring,GA 50% LS [LS on offspring],test,test_3,2,4,246,-1,38.26961480465073,36.54971806229865,11.486110099998768,11.390625,141132,300,1,0.5,0.1,0.8
ga_ls100_offspring,GA 100% LS [LS on offspring],test,test_3,2,4,246,-1,39.12049661588471,37.56976192259747,17.912174199998844,17.6875,222000,300,1,1.0,0.1,0.8
ga_sched_offspring,GA scheduled LS [LS on offspring],test,test_3,2,4,246,-1,36.36646891845393,34.55917701397025,13.510115400000359,13.28125,146142,300,1,0.5333333333333333,0.1,0.8
ga_ls10_elites,GA 10% LS [LS on elites],test,test_3,2,4,246,-1,34.768622680196884,33.221641306608966,8.111842800004524,8.078125,63540,300,1,0.09999999999999999,0.1,0.8
ga_ls50_elites,GA 50% LS [LS on elites],test,test_3,2,4,246,-1,33.616199663184396,32.14086695999819,9.220009900003788,9.171875,78408,300,1,0.5,0.1,0.8
ga_ls100_elites,GA 100% LS [LS on elites],test,test_3,2,4,246,-1,37.421774395341224,35.73896601391001,8.06005039998854,8.03125,96000,300,1,1.0,0.1,0.8
ga_sched_elites,GA scheduled LS [LS on elites],test,test_3,2,4,246,-1,34.627726885306814,33.09711094643895,9.48507760000939,9.40625,78888,300,1,0.5333333333333333,0.1,0.8
ga_ls00,GA no LS,test,test_3,2,5,247,-1,29.530177862549,27.747043552426405,7.966932199997245,7.90625,60000,300,1,0.0,0.1,0.8
ga_ls10_offspring,GA 10% LS [LS on offspring],test,test_3,2,5,247,-1,31.985315561832056,30.625761021318603,7.6115338999952655,7.59375,76374,300,1,0.09999999999999999,0.1,0.8
ga_ls50_offspring,GA 50% LS [LS on offspring],test,test_3,2,5,247,-1,28.462324163464217,26.909732685447374,11.091607299997122,10.953125,141174,300,1,0.5,0.1,0.8
ga_ls100_offspring,GA 100% LS [LS on offspring],test,test_3,2,5,247,-1,33.29217642091828,31.87590000673261,18.807738500006963,18.625,222000,300,1,1.0,0.1,0.8
ga_sched_offspring,GA scheduled LS [LS on offspring],test,test_3,2,5,247,-1,31.927459192384838,30.563996244834538,10.168531799994525,10.0625,146460,300,1,0.5333333333333333,0.1,0.8
ga_ls10_elites,GA 10% LS [LS on elites],test,test_3,2,5,247,-1,29.24997804531486,27.78515678070342,7.468891099997563,7.375,63462,300,1,0.09999999999999999,0.1,0.8
ga_ls50_elites,GA 50% LS [LS on elites],test,test_3,2,5,247,-1,36.49434029779492,35.015632603934385,9.072990699991351,8.96875,77772,300,1,0.5,0.1,0.8
ga_ls100_elites,GA 100% LS [LS on elites],test,test_3,2,5,247,-1,31.6920795982597,30.239979280540346,12.776969799990184,12.640625,96000,300,1,1.0,0.1,0.8
ga_sched_elites,GA scheduled LS [LS on elites],test,test_3,2,5,247,-1,28.76621884758846,27.255894475098383,9.31899520001025,9.265625,79338,300,1,0.5333333333333333,0.1,0.8
ga_ls00,GA no LS,test,test_3,2,6,248,-1,44.55676861096116,43.076578622879154,9.86888569999428,9.78125,60000,300,1,0.0,0.1,0.8
ga_ls10_offspring,GA 10% LS [LS on offspring],test,test_3,2,6,248,-1,38.258290952709714,36.69991279298747,9.263019299993175,9.15625,75996,300,1,0.09999999999999999,0.1,0.8
ga_ls50_offspring,GA 50% LS [LS on offspring],test,test_3,2,6,248,-1,33.18144242178546,31.823456863365326,15.43561809998937,15.21875,141504,300,1,0.5,0.1,0.8
ga_ls100_offspring,GA 100% LS [LS on offspring],test,test_3,2,6,248,-1,34.27854322286247,32.65384306995647,19.355327700002817,19.03125,222000,300,1,1.0,0.1,0.8
ga_sched_offspring,GA scheduled LS [LS on offspring],test,test_3,2,6,248,-1,38.18966921955581,36.635695297547635,13.929931799997576,13.6875,145842,300,1,0.5333333333333333,0.1,0.8
ga_ls10_elites,GA 10% LS [LS on elites],test,test_3,2,6,248,-1,37.33911912996279,35.59610738677233,7.690396000005421,7.515625,63402,300,1,0.09999999999999999,0.1,0.8
ga_ls50_elites,GA 50% LS [LS on elites],test,test_3,2,6,248,-1,41.11695370115888,39.55999279629792,8.619046599997091,8.484375,77628,300,1,0.5,0.1,0.8
ga_ls100_elites,GA 100% LS [LS on elites],test,test_3,2,6,248,-1,37.62999007260953,36.33440289374195,8.184883800000534,8.09375,96000,300,1,1.0,0.1,0.8
ga_sched_elites,GA scheduled LS [LS on elites],test,test_3,2,6,248,-1,38.39406245964896,36.71163435935878,8.228898400004255,8.15625,79164,300,1,0.5333333333333333,0.1,0.8
ga_ls00,GA no LS,test,test_3,2,7,249,-1,34.90640942896603,33.046138698865285,7.557652300005429,7.4375,60000,300,1,0.0,0.1,0.8
ga_ls10_offspring,GA 10% LS [LS on offspring],test,test_3,2,7,249,-1,41.81695629725568,40.10876536151902,8.641534800000954,8.53125,76620,300,1,0.09999999999999999,0.1,0.8
ga_ls50_offspring,GA 50% LS [LS on offspring],test,test_3,2,7,249,-1,33.458664542916864,31.89715400563983,9.96893230000569,9.859375,140508,300,1,0.5,0.1,0.8
ga_ls100_offspring,GA 100% LS [LS on offspring],test,test_3,2,7,249,-1,34.07005236223615,32.469466278829174,16.589388799999142,16.375,222000,300,1,1.0,0.1,0.8
ga_sched_offspring,GA scheduled LS [LS on offspring],test,test_3,2,7,249,-1,41.63646112371146,39.90362105073095,13.704074799999944,13.515625,146514,300,1,0.5333333333333333,0.1,0.8
ga_ls10_elites,GA 10% LS [LS on elites],test,test_3,2,7,249,-1,33.53581205539028,31.723823936931243,8.590946800002712,8.484375,63510,300,1,0.09999999999999999,0.1,0.8
ga_ls50_elites,GA 50% LS [LS on elites],test,test_3,2,7,249,-1,28.975071127414854,27.458256931255654,10.79038569999102,10.59375,78594,300,1,0.5,0.1,0.8
ga_ls100_elites,GA 100% LS [LS on elites],test,test_3,2,7,249,-1,33.33348255375342,31.865465151103685,11.316644499995164,11.09375,96000,300,1,1.0,0.1,0.8
ga_sched_elites,GA scheduled LS [LS on elites],test,test_3,2,7,249,-1,33.78351597622787,31.99591568803716,9.652423300009104,9.359375,79314,300,1,0.5333333333333333,0.1,0.8
ga_ls00,GA no LS,test,test_3,2,8,250,-1,37.19523479715226,35.405993595503766,8.614683399995556,8.515625,60000,300,1,0.0,0.1,0.8
ga_ls10_offspring,GA 10% LS [LS on offspring],test,test_3,2,8,250,-1,35.88720563630732,34.05520939297949,9.373890599992592,9.234375,76284,300,1,0.09999999999999999,0.1,0.8
ga_ls50_offspring,GA 50% LS [LS on offspring],test,test_3,2,8,250,-1,32.1108227357245,30.291094079783758,14.322110399996745,14.09375,141240,300,1,0.5,0.1,0.8
ga_ls100_offspring,GA 100% LS [LS on offspring],test,test_3,2,8,250,-1,38.43338454360852,36.73291263944935,13.761976099995081,13.375,222000,300,1,1.0,0.1,0.8
ga_sched_offspring,GA scheduled LS [LS on offspring],test,test_3,2,8,250,-1,32.4777309300023,30.8357290311038,14.88867630000459,14.578125,146190,300,1,0.5333333333333333,0.1,0.8
ga_ls10_elites,GA 10% LS [LS on elites],test,test_3,2,8,250,-1,40.47598537783069,38.68980455174742,8.223211800010176,8.046875,63780,300,1,0.09999999999999999,0.1,0.8
ga_ls50_elites,GA 50% LS [LS on elites],test,test_3,2,8,250,-1,34.64728896540866,32.83463081330285,9.72499699999753,9.515625,78204,300,1,0.5,0.1,0.8
ga_ls100_elites,GA 100% LS [LS on elites],test,test_3,2,8,250,-1,38.0137733217777,36.357949410395946,11.448136200007866,11.28125,96000,300,1,1.0,0.1,0.8
ga_sched_elites,GA scheduled LS [LS on elites],test,test_3,2,8,250,-1,40.17915814213132,38.42150246119951,9.24975319999794,9.09375,79134,300,1,0.5333333333333333,0.1,0.8
ga_ls00,GA no LS,test,test_3,2,9,251,-1,37.29156404684991,35.663824149756394,7.022629300001427,6.859375,60000,300,1,0.0,0.1,0.8
ga_ls10_offspring,GA 10% LS [LS on offspring],test,test_3,2,9,251,-1,35.68861580244258,34.01754609363348,7.947865699999966,7.859375,77058,300,1,0.09999999999999999,0.1,0.8
ga_ls50_offspring,GA 50% LS [LS on offspring],test,test_3,2,9,251,-1,34.50348831135528,32.810696755860995,14.697296800004551,14.34375,140394,300,1,0.5,0.1,0.8
ga_ls100_offspring,GA 100% LS [LS on offspring],test,test_3,2,9,251,-1,30.980411486311098,29.387916258567223,16.200830300003872,15.9375,222000,300,1,1.0,0.1,0.8
ga_sched_offspring,GA scheduled LS [LS on offspring],test,test_3,2,9,251,-1,34.30058471085225,32.6721945835614,11.850713699997868,11.59375,146304,300,1,0.5333333333333333,0.1,0.8
ga_ls10_elites,GA 10% LS [LS on elites],test,test_3,2,9,251,-1,34.70870650179693,32.93649518228484,7.789718700005324,7.6875,63780,300,1,0.09999999999999999,0.1,0.8
ga_ls50_elites,GA 50% LS [LS on elites],test,test_3,2,9,251,-1,35.15936538675336,33.25179071799903,11.004322600012529,10.875,77958,300,1,0.5,0.1,0.8
ga_ls100_elites,GA 100% LS [LS on elites],test,test_3,2,9,251,-1,37.40176984903757,35.333958283814944,9.56052610000188,9.40625,96000,300,1,1.0,0.1,0.8
ga_sched_elites,GA scheduled LS [LS on elites],test,test_3,2,9,251,-1,34.74997822787575,33.06587075270601,8.988427400006913,8.828125,79380,300,1,0.5333333333333333,0.1,0.8
ga_ls00,GA no LS,test,test_4,3,0,342,-1,37.60919689016189,36.24097954177523,8.98335579999548,8.828125,60000,300,1,0.0,0.1,0.8
ga_ls10_offspring,GA 10% LS [LS on offspring],test,test_4,3,0,342,-1,26.07778276855783,24.562375256571002,9.790142099998775,9.640625,75858,300,1,0.09999999999999999,0.1,0.8
ga_ls50_offspring,GA 50% LS [LS on offspring],test,test_4,3,0,342,-1,29.833060881345812,28.264172732869458,11.910238299999037,11.734375,139656,300,1,0.5,0.1,0.8
ga_ls100_offspring,GA 100% LS [LS on offspring],test,test_4,3,0,342,-1,31.05023911580208,29.666291665806874,19.184405799998785,18.765625,222000,300,1,1.0,0.1,0.8
ga_sched_offspring,GA scheduled LS [LS on offspring],test,test_4,3,0,342,-1,25.75345967088637,24.260462759279577,13.964253800004371,13.59375,145494,300,1,0.5333333333333333,0.1,0.8
ga_ls10_elites,GA 10% LS [LS on elites],test,test_4,3,0,342,-1,30.682666018937393,29.216615009015413,10.09166940000432,10.0,63738,300,1,0.09999999999999999,0.1,0.8
ga_ls50_elites,GA 50% LS [LS on elites],test,test_4,3,0,342,-1,29.45827133334497,27.92102736577825,10.097969700000249,9.875,78294,300,1,0.5,0.1,0.8
ga_ls100_elites,GA 100% LS [LS on elites],test,test_4,3,0,342,-1,29.71390578945846,28.431752216673782,12.360989599997993,12.234375,96000,300,1,1.0,0.1,0.8
ga_sched_elites,GA scheduled LS [LS on elites],test,test_4,3,0,342,-1,31.77703417322902,30.198759362788515,11.429280099997413,11.21875,79218,300,1,0.5333333333333333,0.1,0.8
ga_ls00,GA no LS,test,test_4,3,1,343,-1,34.77702080340788,33.34353346656788,8.442629699988174,8.328125,60000,300,1,0.0,0.1,0.8
ga_ls10_offspring,GA 10% LS [LS on offspring],test,test_4,3,1,343,-1,31.043260468050732,29.67635811593977,9.179021500007366,9.03125,76554,300,1,0.09999999999999999,0.1,0.8
ga_ls50_offspring,GA 50% LS [LS on offspring],test,test_4,3,1,343,-1,31.987364789037386,30.44439456053757,12.161073700000998,11.875,141204,300,1,0.5,0.1,0.8
ga_ls100_offspring,GA 100% LS [LS on offspring],test,test_4,3,1,343,-1,30.0065652121804,28.69756558655088,19.64253800000006,19.25,222000,300,1,1.0,0.1,0.8
ga_sched_offspring,GA scheduled LS [LS on offspring],test,test_4,3,1,343,-1,28.25686767517402,27.13398191327565,14.475481499990565,14.171875,146778,300,1,0.5333333333333333,0.1,0.8
ga_ls10_elites,GA 10% LS [LS on elites],test,test_4,3,1,343,-1,34.82579932228754,33.24878159854484,8.191973100008909,7.984375,63402,300,1,0.09999999999999999,0.1,0.8
ga_ls50_elites,GA 50% LS [LS on elites],test,test_4,3,1,343,-1,30.280322630448484,28.995003485999362,7.951904499990633,7.78125,78054,300,1,0.5,0.1,0.8
ga_ls100_elites,GA 100% LS [LS on elites],test,test_4,3,1,343,-1,26.569148822205953,25.45416859368872,11.01840390000143,10.765625,96000,300,1,1.0,0.1,0.8
ga_sched_elites,GA scheduled LS [LS on elites],test,test_4,3,1,343,-1,34.0898437380334,32.52823057240845,9.45596010000736,9.3125,79056,300,1,0.5333333333333333,0.1,0.8
ga_ls00,GA no LS,test,test_4,3,2,344,-1,32.59506784079842,31.101939799063842,7.683481500003836,7.59375,60000,300,1,0.0,0.1,0.8
ga_ls10_offspring,GA 10% LS [LS on offspring],test,test_4,3,2,344,-1,32.54587335658229,31.104465169709083,9.799107700004242,9.546875,76344,300,1,0.09999999999999999,0.1,0.8
ga_ls50_offspring,GA 50% LS [LS on offspring],test,test_4,3,2,344,-1,35.79933433570431,34.579070960018036,11.80706310000096,11.5,140652,300,1,0.5,0.1,0.8
ga_ls100_offspring,GA 100% LS [LS on offspring],test,test_4,3,2,344,-1,29.347248872767842,27.72142179417945,17.90513970000029,17.578125,222000,300,1,1.0,0.1,0.8
ga_sched_offspring,GA scheduled LS [LS on offspring],test,test_4,3,2,344,-1,32.38580570731563,30.92592758180321,14.568912200003979,14.28125,146352,300,1,0.5333333333333333,0.1,0.8
ga_ls10_elites,GA 10% LS [LS on elites],test,test_4,3,2,344,-1,28.683869747756194,27.51259327510179,7.700685100004193,7.53125,63588,300,1,0.09999999999999999,0.1,0.8
ga_ls50_elites,GA 50% LS [LS on elites],test,test_4,3,2,344,-1,32.87737560759117,31.38229147280058,9.606637299992144,9.34375,78204,300,1,0.5,0.1,0.8
ga_ls100_elites,GA 100% LS [LS on elites],test,test_4,3,2,344,-1,26.213425466172552,24.7652526021156,10.527326600000379,10.296875,96000,300,1,1.0,0.1,0.8
ga_sched_elites,GA scheduled LS [LS on elites],test,test_4,3,2,344,-1,28.60333116722698,27.433665957740793,9.711881499999436,9.53125,79218,300,1,0.5333333333333333,0.1,0.8
ga_ls00,GA no LS,test,test_4,3,3,345,-1,30.404465888690897,28.93087673893375,8.415592799996375,8.34375,60000,300,1,0.0,0.1,0.8
ga_ls10_offspring,GA 10% LS [LS on offspring],test,test_4,3,3,345,-1,30.15807636596113,28.825247051120353,9.962884599997778,9.6875,75834,300,1,0.09999999999999999,0.1,0.8
ga_ls50_offspring,GA 50% LS [LS on offspring],test,test_4,3,3,345,-1,33.54372757550323,31.705754417736532,12.208319600002142,12.015625,140472,300,1,0.5,0.1,0.8
ga_ls100_offspring,GA 100% LS [LS on offspring],test,test_4,3,3,345,-1,26.233393847991547,25.135041482867738,18.164945300013642,17.765625,222000,300,1,1.0,0.1,0.8
ga_sched_offspring,GA scheduled LS [LS on offspring],test,test_4,3,3,345,-1,29.348530859663565,28.009916978694953,13.728088299991214,13.375,146274,300,1,0.5333333333333333,0.1,0.8
ga_ls10_elites,GA 10% LS [LS on elites],test,test_4,3,3,345,-1,30.639657293685037,29.08796546623283,8.368292400002247,8.15625,63648,300,1,0.09999999999999999,0.1,0.8
ga_ls50_elites,GA 50% LS [LS on elites],test,test_4,3,3,345,-1,27.666835369587613,26.33096416993079,8.06522540000151,7.84375,78066,300,1,0.5,0.1,0.8
ga_ls100_elites,GA 100% LS [LS on elites],test,test_4,3,3,345,-1,27.37116162202346,26.03790072482442,10.343429500004277,10.203125,96000,300,1,1.0,0.1,0.8
ga_sched_elites,GA scheduled LS [LS on elites],test,test_4,3,3,345,-1,30.334049617890386,28.83730186395111,11.211985300004017,11.0625,79296,300,1,0.5333333333333333,0.1,0.8
ga_ls00,GA no LS,test,test_4,3,4,346,-1,27.534932256755873,26.27051524410596,8.806243700004416,8.640625,60000,300,1,0.0,0.1,0.8
ga_ls10_offspring,GA 10% LS [LS on offspring],test,test_4,3,4,346,-1,32.90266699506684,31.29439513410658,9.087736999994377,8.921875,76404,300,1,0.09999999999999999,0.1,0.8
ga_ls50_offspring,GA 50% LS [LS on offspring],test,test_4,3,4,346,-1,34.934909357119594,33.74489169597097,12.797322800004622,12.53125,141216,300,1,0.5,0.1,0.8
ga_ls100_offspring,GA 100% LS [LS on offspring],test,test_4,3,4,346,-1,30.73232689685524,29.377367936699414,13.856777299995883,13.515625,222000,300,1,1.0,0.1,0.8
ga_sched_offspring,GA scheduled LS [LS on offspring],test,test_4,3,4,346,-1,30.481234109589373,28.976426644022652,12.524113799998304,12.109375,146868,300,1,0.5333333333333333,0.1,0.8
ga_ls10_elites,GA 10% LS [LS on elites],test,test_4,3,4,346,-1,34.26934453300997,32.79147880379285,8.862665799999377,8.71875,63504,300,1,0.09999999999999999,0.1,0.8
ga_ls50_elites,GA 50% LS [LS on elites],test,test_4,3,4,346,-1,28.664947757140723,27.26288018136373,9.05604250000033,8.890625,77952,300,1,0.5,0.1,0.8
ga_ls100_elites,GA 100% LS [LS on elites],test,test_4,3,4,346,-1,33.210853569070366,31.51147008942955,8.397377800007234,8.234375,96000,300,1,1.0,0.1,0.8
ga_sched_elites,GA scheduled LS [LS on elites],test,test_4,3,4,346,-1,33.56120305698242,32.154151319137924,10.41216429999622,10.25,79410,300,1,0.5333333333333333,0.1,0.8
ga_ls00,GA no LS,test,test_4,3,5,347,-1,28.6097026111682,27.146996865075195,7.770342999996501,7.671875,60000,300,1,0.0,0.1,0.8
ga_ls10_offspring,GA 10% LS [LS on offspring],test,test_4,3,5,347,-1,29.926676860390963,28.393226904459457,9.84366179999779,9.71875,76746,300,1,0.09999999999999999,0.1,0.8
ga_ls50_offspring,GA 50% LS [LS on offspring],test,test_4,3,5,347,-1,30.839492830480925,29.294517197747364,10.714082200007397,10.59375,140304,300,1,0.5,0.1,0.8
ga_ls100_offspring,GA 100% LS [LS on offspring],test,test_4,3,5,347,-1,31.732832175383916,30.484329154426213,18.83068590000039,18.46875,222000,300,1,1.0,0.1,0.8
ga_sched_offspring,GA scheduled LS [LS on offspring],test,test_4,3,5,347,-1,28.502979703743556,26.951749891750023,14.698689199998626,14.328125,146256,300,1,0.5333333333333333,0.1,0.8
ga_ls10_elites,GA 10% LS [LS on elites],test,test_4,3,5,347,-1,32.36685432717443,30.48464325691267,8.708537999991677,8.5625,63756,300,1,0.09999999999999999,0.1,0.8
ga_ls50_elites,GA 50% LS [LS on elites],test,test_4,3,5,347,-1,29.447296992345528,28.042706429950425,9.551722900010645,9.375,77886,300,1,0.5,0.1,0.8
ga_ls100_elites,GA 100% LS [LS on elites],test,test_4,3,5,347,-1,28.594620716770336,27.265003136206488,11.406286600002204,11.109375,96000,300,1,1.0,0.1,0.8
ga_sched_elites,GA scheduled LS [LS on elites],test,test_4,3,5,347,-1,31.76154620817913,29.905179049091846,10.593133200003649,10.328125,79416,300,1,0.5333333333333333,0.1,0.8
ga_ls00,GA no LS,test,test_4,3,6,348,-1,29.81499664103097,28.609521944220578,8.40511289999995,8.203125,60000,300,1,0.0,0.1,0.8
ga_ls10_offspring,GA 10% LS [LS on offspring],test,test_4,3,6,348,-1,29.715481907844804,28.187011472257197,9.465427099989029,9.359375,76050,300,1,0.09999999999999999,0.1,0.8
ga_ls50_offspring,GA 50% LS [LS on offspring],test,test_4,3,6,348,-1,29.200161538568167,27.826282334502128,13.923480000012205,13.71875,141666,300,1,0.5,0.1,0.8
ga_ls100_offspring,GA 100% LS [LS on offspring],test,test_4,3,6,348,-1,29.694793835329033,28.164890864777302,13.429104800001369,13.21875,222000,300,1,1.0,0.1,0.8
ga_sched_offspring,GA scheduled LS [LS on offspring],test,test_4,3,6,348,-1,29.813311796453224,28.202024465107534,15.105929299999843,14.828125,146418,300,1,0.5333333333333333,0.1,0.8
ga_ls10_elites,GA 10% LS [LS on elites],test,test_4,3,6,348,-1,29.10241106396231,27.67328308214288,8.355750999995507,8.140625,63462,300,1,0.09999999999999999,0.1,0.8
ga_ls50_elites,GA 50% LS [LS on elites],test,test_4,3,6,348,-1,29.968588562768083,28.42516800016435,11.430027499998687,11.15625,77832,300,1,0.5,0.1,0.8
ga_ls100_elites,GA 100% LS [LS on elites],test,test_4,3,6,348,-1,35.72459239086308,34.043942830228715,11.056643999996595,10.65625,96000,300,1,1.0,0.1,0.8
ga_sched_elites,GA scheduled LS [LS on elites],test,test_4,3,6,348,-1,31.549242043656353,29.98634618494541,8.74923289999424,8.5,79200,300,1,0.5333333333333333,0.1,0.8
ga_ls00,GA no LS,test,test_4,3,7,349,-1,35.72782604119258,33.963933911316786,10.023036600003252,9.859375,60000,300,1,0.0,0.1,0.8
ga_ls10_offspring,GA 10% LS [LS on offspring],test,test_4,3,7,349,-1,30.41886733364265,29.205820723638702,9.642216799999005,9.515625,76404,300,1,0.09999999999999999,0.1,0.8
ga_ls50_offspring,GA 50% LS [LS on offspring],test,test_4,3,7,349,-1,29.533166907542125,28.233470425649102,11.883481299999403,11.671875,140826,300,1,0.5,0.1,0.8
ga_ls100_offspring,GA 100% LS [LS on offspring],test,test_4,3,7,349,-1,29.150072307551188,27.553095670371313,18.64956269999675,18.171875,222000,300,1,1.0,0.1,0.8
ga_sched_offspring,GA scheduled LS [LS on offspring],test,test_4,3,7,349,-1,30.99541485144256,29.724470924493897,10.728364099995815,10.484375,146412,300,1,0.5333333333333333,0.1,0.8
ga_ls10_elites,GA 10% LS [LS on elites],test,test_4,3,7,349,-1,27.741474508834123,26.32909823253782,8.414344900011201,8.21875,63594,300,1,0.09999999999999999,0.1,0.8
ga_ls50_elites,GA 50% LS [LS on elites],test,test_4,3,7,349,-1,34.24012354115781,32.83013046118215,10.409735399996862,10.21875,78450,300,1,0.5,0.1,0.8
ga_ls100_elites,GA 100% LS [LS on elites],test,test_4,3,7,349,-1,31.60264897092597,30.382374644063443,14.678790900012245,14.21875,96000,300,1,1.0,0.1,0.8
ga_sched_elites,GA scheduled LS [LS on elites],test,test_4,3,7,349,-1,27.638887767102666,26.222769355970385,9.49624579999363,9.234375,79212,300,1,0.5333333333333333,0.1,0.8
ga_ls00,GA no LS,test,test_4,3,8,350,-1,29.652180935023118,28.320715468506634,7.548500200005947,7.4375,60000,300,1,0.0,0.1,0.8
ga_ls10_offspring,GA 10% LS [LS on offspring],test,test_4,3,8,350,-1,29.32131174457111,28.148242347228408,9.205390799994348,9.0625,76404,300,1,0.09999999999999999,0.1,0.8
ga_ls50_offspring,GA 50% LS [LS on offspring],test,test_4,3,8,350,-1,30.539768947413034,29.10523442705655,10.781238100011251,10.578125,141216,300,1,0.5,0.1,0.8
ga_ls100_offspring,GA 100% LS [LS on offspring],test,test_4,3,8,350,-1,29.409601242894183,27.910636620772266,19.37063939998916,18.953125,222000,300,1,1.0,0.1,0.8
ga_sched_offspring,GA scheduled LS [LS on offspring],test,test_4,3,8,350,-1,28.839392289223692,27.710898481870665,11.483231199992588,11.15625,146556,300,1,0.5333333333333333,0.1,0.8
ga_ls10_elites,GA 10% LS [LS on elites],test,test_4,3,8,350,-1,31.489266054830694,30.0562548131908,9.819057800006703,9.46875,63654,300,1,0.09999999999999999,0.1,0.8
ga_ls50_elites,GA 50% LS [LS on elites],test,test_4,3,8,350,-1,27.60661579408177,26.13780767158913,10.53985410000314,10.265625,78108,300,1,0.5,0.1,0.8
ga_ls100_elites,GA 100% LS [LS on elites],test,test_4,3,8,350,-1,27.605758989042272,26.4781819039786,9.722862599999644,9.4375,96000,300,1,1.0,0.1,0.8
ga_sched_elites,GA scheduled LS [LS on elites],test,test_4,3,8,350,-1,31.307806294554496,29.883196218605505,11.576418800003012,11.21875,79260,300,1,0.5333333333333333,0.1,0.8
ga_ls00,GA no LS,test,test_4,3,9,351,-1,32.86718878042582,31.258960180782452,7.962923300001421,7.65625,60000,300,1,0.0,0.1,0.8
ga_ls10_offspring,GA 10% LS [LS on offspring],test,test_4,3,9,351,-1,34.734194689306904,33.355163086087636,9.103519199998118,8.859375,76350,300,1,0.09999999999999999,0.1,0.8
ga_ls50_offspring,GA 50% LS [LS on offspring],test,test_4,3,9,351,-1,27.05006379917989,25.743422756239497,13.383715299991309,12.984375,141126,300,1,0.5,0.1,0.8
ga_ls100_offspring,GA 100% LS [LS on offspring],test,test_4,3,9,351,-1,28.17567772950602,26.93176243467711,22.04090150000411,21.375,222000,300,1,1.0,0.1,0.8
ga_sched_offspring,GA scheduled LS [LS on offspring],test,test_4,3,9,351,-1,34.57035804171037,33.21461996721088,11.201683700011927,10.78125,146748,300,1,0.5333333333333333,0.1,0.8
ga_ls10_elites,GA 10% LS [LS on elites],test,test_4,3,9,351,-1,30.316095981315495,28.526912485565198,8.408049400008167,7.984375,63696,300,1,0.09999999999999999,0.1,0.8
ga_ls50_elites,GA 50% LS [LS on elites],test,test_4,3,9,351,-1,30.503493673914015,29.066545671451003,8.452466200003983,8.1875,77316,300,1,0.5,0.1,0.8
ga_ls100_elites,GA 100% LS [LS on elites],test,test_4,3,9,351,-1,36.655225068696964,35.40461086350251,9.295334599999478,9.0625,96000,300,1,1.0,0.1,0.8
ga_sched_elites,GA scheduled LS [LS on elites],test,test_4,3,9,351,-1,31.0871830751894,29.363912823620257,9.12251699999615,8.75,79014,300,1,0.5333333333333333,0.1,0.8
ga_ls00,GA no LS,test,test_5,4,0,442,-1,37.402448931820274,35.75259262445273,8.90297319999081,8.65625,60000,300,1,0.0,0.1,0.8
ga_ls10_offspring,GA 10% LS [LS on offspring],test,test_5,4,0,442,-1,37.244896073636355,35.43886880418156,9.624540599994361,9.390625,76200,300,1,0.09999999999999999,0.1,0.8
ga_ls50_offspring,GA 50% LS [LS on offspring],test,test_5,4,0,442,-1,37.616581989785224,35.94478261765744,11.996295899996767,11.75,141558,300,1,0.5,0.1,0.8
ga_ls100_offspring,GA 100% LS [LS on offspring],test,test_5,4,0,442,-1,36.47614419053145,34.6386681121821,22.318771899997955,21.578125,222000,300,1,1.0,0.1,0.8
ga_sched_offspring,GA scheduled LS [LS on offspring],test,test_5,4,0,442,-1,36.025252362228706,34.46972780282616,12.722582799993688,12.234375,146454,300,1,0.5333333333333333,0.1,0.8
ga_ls10_elites,GA 10% LS [LS on elites],test,test_5,4,0,442,-1,35.7987624464584,34.1962524273239,11.378684700001031,10.953125,63474,300,1,0.09999999999999999,0.1,0.8
ga_ls50_elites,GA 50% LS [LS on elites],test,test_5,4,0,442,-1,35.19286646744584,33.526217998318884,10.247093800004222,9.953125,78858,300,1,0.5,0.1,0.8
ga_ls100_elites,GA 100% LS [LS on elites],test,test_5,4,0,442,-1,40.55538916317307,39.12933566456924,11.339884200002416,11.0625,96000,300,1,1.0,0.1,0.8
ga_sched_elites,GA scheduled LS [LS on elites],test,test_5,4,0,442,-1,35.52010838428026,33.92149923902109,13.133541999995941,12.71875,79182,300,1,0.5333333333333333,0.1,0.8
ga_ls00,GA no LS,test,test_5,4,1,443,-1,38.44314458164727,36.84228238942621,7.70049599999038,7.53125,60000,300,1,0.0,0.1,0.8
ga_ls10_offspring,GA 10% LS [LS on offspring],test,test_5,4,1,443,-1,35.46374069745666,34.20068594286003,7.655856700002914,7.5625,76344,300,1,0.09999999999999999,0.1,0.8
ga_ls50_offspring,GA 50% LS [LS on offspring],test,test_5,4,1,443,-1,36.77528586982313,35.22081078179689,13.45413080000435,12.953125,141120,300,1,0.5,0.1,0.8
ga_ls100_offspring,GA 100% LS [LS on offspring],test,test_5,4,1,443,-1,39.966758627620536,38.48712026860357,13.225357899995288,12.765625,222000,300,1,1.0,0.1,0.8
ga_sched_offspring,GA scheduled LS [LS on offspring],test,test_5,4,1,443,-1,35.397383929858826,34.135172807500496,10.321372299993527,10.046875,146334,300,1,0.5333333333333333,0.1,0.8
ga_ls10_elites,GA 10% LS [LS on elites],test,test_5,4,1,443,-1,41.4279723687131,39.50199597517836,8.857961100002285,8.546875,63468,300,1,0.09999999999999999,0.1,0.8
ga_ls50_elites,GA 50% LS [LS on elites],test,test_5,4,1,443,-1,42.73732020116657,41.423035611920085,9.261512199998833,9.015625,77598,300,1,0.5,0.1,0.8
ga_ls100_elites,GA 100% LS [LS on elites],test,test_5,4,1,443,-1,33.91579804756971,32.25200531972955,12.568806700001005,12.234375,96000,300,1,1.0,0.1,0.8
ga_sched_elites,GA scheduled LS [LS on elites],test,test_5,4,1,443,-1,41.35004182642291,39.42222727560084,9.800326399999904,9.609375,79164,300,1,0.5333333333333333,0.1,0.8
ga_ls00,GA no LS,test,test_5,4,2,444,-1,40.510708614036574,38.58413558458639,8.990018399999826,8.625,60000,300,1,0.0,0.1,0.8
ga_ls10_offspring,GA 10% LS [LS on offspring],test,test_5,4,2,444,-1,38.73000140853927,37.13189251130295,11.315122899992275,10.90625,75828,300,1,0.09999999999999999,0.1,0.8
ga_ls50_offspring,GA 50% LS [LS on offspring],test,test_5,4,2,444,-1,40.68137586616382,39.27136742706024,10.870632000005571,10.578125,140292,300,1,0.5,0.1,0.8
ga_ls100_offspring,GA 100% LS [LS on offspring],test,test_5,4,2,444,-1,39.547540199859895,37.83900193812719,18.53770660000737,17.734375,222000,300,1,1.0,0.1,0.8
ga_sched_offspring,GA scheduled LS [LS on offspring],test,test_5,4,2,444,-1,38.72580292475399,37.13799862309215,16.70446069999889,15.984375,146322,300,1,0.5333333333333333,0.1,0.8
ga_ls10_elites,GA 10% LS [LS on elites],test,test_5,4,2,444,-1,44.122100068239426,42.532467990250844,10.643378799999482,10.1875,63546,300,1,0.09999999999999999,0.1,0.8
ga_ls50_elites,GA 50% LS [LS on elites],test,test_5,4,2,444,-1,38.81687220033716,37.40369355138483,13.249939400004223,12.515625,78354,300,1,0.5,0.1,0.8
ga_ls100_elites,GA 100% LS [LS on elites],test,test_5,4,2,444,-1,41.42698881793275,39.760187746202035,10.779803500001435,10.453125,96000,300,1,1.0,0.1,0.8
ga_sched_elites,GA scheduled LS [LS on elites],test,test_5,4,2,444,-1,44.03947978003404,42.474892347128105,12.005792299998575,11.625,79368,300,1,0.5333333333333333,0.1,0.8
ga_ls00,GA no LS,test,test_5,4,3,445,-1,35.976176401976396,34.40265728641062,9.211868099999265,8.890625,60000,300,1,0.0,0.1,0.8
ga_ls10_offspring,GA 10% LS [LS on offspring],test,test_5,4,3,445,-1,36.10738999966922,34.82726557966038,10.24816329999885,9.78125,75960,300,1,0.09999999999999999,0.1,0.8
ga_ls50_offspring,GA 50% LS [LS on offspring],test,test_5,4,3,445,-1,38.92360472462626,37.33940800518835,14.458495400001993,13.875,141792,300,1,0.5,0.1,0.8
ga_ls100_offspring,GA 100% LS [LS on offspring],test,test_5,4,3,445,-1,43.59159043063927,41.871048849372706,19.842886300000828,19.15625,222000,300,1,1.0,0.1,0.8
ga_sched_offspring,GA scheduled LS [LS on offspring],test,test_5,4,3,445,-1,34.76972197180772,33.450881415448045,13.601794900008827,12.921875,146508,300,1,0.5333333333333333,0.1,0.8
ga_ls10_elites,GA 10% LS [LS on elites],test,test_5,4,3,445,-1,42.79803289257661,41.22758202961723,10.600079700001515,10.0,63702,300,1,0.09999999999999999,0.1,0.8
ga_ls50_elites,GA 50% LS [LS on elites],test,test_5,4,3,445,-1,33.95496703422762,32.468813986704525,12.231960699995398,11.65625,77736,300,1,0.5,0.1,0.8
ga_ls100_elites,GA 100% LS [LS on elites],test,test_5,4,3,445,-1,42.595074291295724,41.01009361642497,13.020313099987106,12.390625,96000,300,1,1.0,0.1,0.8
ga_sched_elites,GA scheduled LS [LS on elites],test,test_5,4,3,445,-1,42.43182144539884,40.87610304642689,12.286210500009474,11.921875,79170,300,1,0.5333333333333333,0.1,0.8
ga_ls00,GA no LS,test,test_5,4,4,446,-1,38.8228835481107,37.11103481583804,9.336945899995044,8.875,60000,300,1,0.0,0.1,0.8
ga_ls10_offspring,GA 10% LS [LS on offspring],test,test_5,4,4,446,-1,34.62841001791839,32.98322113895396,9.88613169999735,9.4375,75870,300,1,0.09999999999999999,0.1,0.8
ga_ls50_offspring,GA 50% LS [LS on offspring],test,test_5,4,4,446,-1,41.37332365956341,40.046787069902656,12.820928799992544,12.3125,140718,300,1,0.5,0.1,0.8
ga_ls100_offspring,GA 100% LS [LS on offspring],test,test_5,4,4,446,-1,37.22403248171417,35.80680936842451,14.973907899999176,14.28125,222000,300,1,1.0,0.1,0.8
ga_sched_offspring,GA scheduled LS [LS on offspring],test,test_5,4,4,446,-1,33.87840849517309,32.26620875376239,12.517054600000847,12.015625,146220,300,1,0.5333333333333333,0.1,0.8
ga_ls10_elites,GA 10% LS [LS on elites],test,test_5,4,4,446,-1,36.69615187249768,35.12726286810924,8.13732589999563,7.796875,63390,300,1,0.09999999999999999,0.1,0.8
ga_ls50_elites,GA 50% LS [LS on elites],test,test_5,4,4,446,-1,35.56053846597995,34.13427622728764,8.658186500004376,8.375,77946,300,1,0.5,0.1,0.8
ga_ls100_elites,GA 100% LS [LS on elites],test,test_5,4,4,446,-1,39.95383232965709,38.2565482041785,10.515484599993215,10.15625,96000,300,1,1.0,0.1,0.8
ga_sched_elites,GA scheduled LS [LS on elites],test,test_5,4,4,446,-1,37.04311022134435,35.627709688176736,8.724358400009805,8.390625,78990,300,1,0.5333333333333333,0.1,0.8
ga_ls00,GA no LS,test,test_5,4,5,447,-1,38.85670783693889,37.31122878216273,9.37066989998857,9.0,60000,300,1,0.0,0.1,0.8
ga_ls10_offspring,GA 10% LS [LS on offspring],test,test_5,4,5,447,-1,40.149474771380625,38.69463763320154,8.042790600011358,7.75,76452,300,1,0.09999999999999999,0.1,0.8
ga_ls50_offspring,GA 50% LS [LS on offspring],test,test_5,4,5,447,-1,34.81388379833301,33.25141274525413,14.078760600008536,13.75,141330,300,1,0.5,0.1,0.8
ga_ls100_offspring,GA 100% LS [LS on offspring],test,test_5,4,5,447,-1,41.567496437289776,39.8560900860702,16.913111100002425,16.671875,222000,300,1,1.0,0.1,0.8
ga_sched_offspring,GA scheduled LS [LS on offspring],test,test_5,4,5,447,-1,39.70235407578685,38.26576999668088,9.746878999998444,9.59375,146634,300,1,0.5333333333333333,0.1,0.8
ga_ls10_elites,GA 10% LS [LS on elites],test,test_5,4,5,447,-1,32.53780692712617,31.272160091311505,7.139577499998268,7.078125,63612,300,1,0.09999999999999999,0.1,0.8
ga_ls50_elites,GA 50% LS [LS on elites],test,test_5,4,5,447,-1,40.983322228092746,39.30070825929092,8.370062299989513,8.3125,77952,300,1,0.5,0.1,0.8
ga_ls100_elites,GA 100% LS [LS on elites],test,test_5,4,5,447,-1,34.277886554486614,32.67959139690508,10.76833199999237,10.65625,96000,300,1,1.0,0.1,0.8
ga_sched_elites,GA scheduled LS [LS on elites],test,test_5,4,5,447,-1,32.04427750830139,30.81131911744305,8.885493900001165,8.84375,79284,300,1,0.5333333333333333,0.1,0.8
ga_ls00,GA no LS,test,test_5,4,6,448,-1,41.07377579592009,39.76190062266146,8.871234300007927,8.765625,60000,300,1,0.0,0.1,0.8
ga_ls10_offspring,GA 10% LS [LS on offspring],test,test_5,4,6,448,-1,40.12368172065781,38.86603332944269,8.94986290000088,8.859375,76542,300,1,0.09999999999999999,0.1,0.8
ga_ls50_offspring,GA 50% LS [LS on offspring],test,test_5,4,6,448,-1,36.47102826609327,35.06747407462152,10.17425949999597,10.09375,140706,300,1,0.5,0.1,0.8
ga_ls100_offspring,GA 100% LS [LS on offspring],test,test_5,4,6,448,-1,34.31540338256161,32.757074518696044,12.396306700000423,12.296875,222000,300,1,1.0,0.1,0.8
ga_sched_offspring,GA scheduled LS [LS on offspring],test,test_5,4,6,448,-1,40.53557432642055,39.213186087582955,12.225380599993514,12.15625,146292,300,1,0.5333333333333333,0.1,0.8
ga_ls10_elites,GA 10% LS [LS on elites],test,test_5,4,6,448,-1,39.51378863664576,37.82648895714003,9.100719300011406,9.0,63552,300,1,0.09999999999999999,0.1,0.8
ga_ls50_elites,GA 50% LS [LS on elites],test,test_5,4,6,448,-1,39.31178508413673,37.65141095676606,9.783807899992098,9.703125,78180,300,1,0.5,0.1,0.8
ga_ls100_elites,GA 100% LS [LS on elites],test,test_5,4,6,448,-1,37.009720262720414,35.80217962272641,9.544678200007183,9.46875,96000,300,1,1.0,0.1,0.8
ga_sched_elites,GA scheduled LS [LS on elites],test,test_5,4,6,448,-1,39.38028876355487,37.69286014940401,10.704052400004002,10.625,79212,300,1,0.5333333333333333,0.1,0.8
ga_ls00,GA no LS,test,test_5,4,7,449,-1,40.21024955373438,38.54124781397508,8.591078299999936,8.5625,60000,300,1,0.0,0.1,0.8
ga_ls10_offspring,GA 10% LS [LS on offspring],test,test_5,4,7,449,-1,42.53103217229481,40.89844229430719,9.40233409999928,9.34375,75924,300,1,0.09999999999999999,0.1,0.8
ga_ls50_offspring,GA 50% LS [LS on offspring],test,test_5,4,7,449,-1,40.544244435578484,38.67589983717331,13.917307299998356,13.78125,140754,300,1,0.5,0.1,0.8
ga_ls100_offspring,GA 100% LS [LS on offspring],test,test_5,4,7,449,-1,41.71977512565809,40.094856344525866,12.344336599999224,12.15625,222000,300,1,1.0,0.1,0.8
ga_sched_offspring,GA scheduled LS [LS on offspring],test,test_5,4,7,449,-1,41.91838847877464,40.358368252063315,14.057302400004119,13.953125,146172,300,1,0.5333333333333333,0.1,0.8
ga_ls10_elites,GA 10% LS [LS on elites],test,test_5,4,7,449,-1,40.13677000805417,38.785465387989,9.353869500002475,9.28125,63306,300,1,0.09999999999999999,0.1,0.8
ga_ls50_elites,GA 50% LS [LS on elites],test,test_5,4,7,449,-1,41.84323071955542,40.26140069431966,10.439838600010262,10.328125,77748,300,1,0.5,0.1,0.8
ga_ls100_elites,GA 100% LS [LS on elites],test,test_5,4,7,449,-1,38.29321941466017,36.78523421906726,10.406946600007359,10.375,96000,300,1,1.0,0.1,0.8
ga_sched_elites,GA scheduled LS [LS on elites],test,test_5,4,7,449,-1,40.06760854234798,38.68227602248152,10.030305199994473,9.984375,79248,300,1,0.5333333333333333,0.1,0.8
ga_ls00,GA no LS,test,test_5,4,8,450,-1,38.539971092500515,36.62897483524174,8.568072299996857,8.484375,60000,300,1,0.0,0.1,0.8
ga_ls10_offspring,GA 10% LS [LS on offspring],test,test_5,4,8,450,-1,39.066951903189356,37.49532924178861,11.377011499993387,11.296875,76542,300,1,0.09999999999999999,0.1,0.8
ga_ls50_offspring,GA 50% LS [LS on offspring],test,test_5,4,8,450,-1,41.72699987883974,40.095035632856494,13.630478099992615,13.5,140568,300,1,0.5,0.1,0.8
ga_ls100_offspring,GA 100% LS [LS on offspring],test,test_5,4,8,450,-1,41.73194446183389,40.48597425304281,12.649247900000773,12.46875,222000,300,1,1.0,0.1,0.8
ga_sched_offspring,GA scheduled LS [LS on offspring],test,test_5,4,8,450,-1,40.557043798668616,38.89567240218221,16.176995299989358,15.984375,146682,300,1,0.5333333333333333,0.1,0.8
ga_ls10_elites,GA 10% LS [LS on elites],test,test_5,4,8,450,-1,38.97215056766114,37.57353091241308,8.101089000003412,8.03125,63564,300,1,0.09999999999999999,0.1,0.8
ga_ls50_elites,GA 50% LS [LS on elites],test,test_5,4,8,450,-1,46.98017097224029,45.268683856908105,7.736822100006975,7.65625,77838,300,1,0.5,0.1,0.8
ga_ls100_elites,GA 100% LS [LS on elites],test,test_5,4,8,450,-1,42.649454236631996,41.16395493070115,10.883519399998477,10.8125,96000,300,1,1.0,0.1,0.8
ga_sched_elites,GA scheduled LS [LS on elites],test,test_5,4,8,450,-1,39.497317024612705,38.039698972448065,9.90860640000028,9.796875,79338,300,1,0.5333333333333333,0.1,0.8
ga_ls00,GA no LS,test,test_5,4,9,451,-1,44.27899503324159,42.84063498084203,6.910229300003266,6.875,60000,300,1,0.0,0.1,0.8
ga_ls10_offspring,GA 10% LS [LS on offspring],test,test_5,4,9,451,-1,44.286463909888525,42.84691347860532,8.28338619999704,8.21875,76014,300,1,0.09999999999999999,0.1,0.8
ga_ls50_offspring,GA 50% LS [LS on offspring],test,test_5,4,9,451,-1,45.993073209435174,44.28270981676323,10.491655500009074,10.390625,141198,300,1,0.5,0.1,0.8
ga_ls100_offspring,GA 100% LS [LS on offspring],test,test_5,4,9,451,-1,46.35621507202094,44.60464030947651,17.760389399991254,17.609375,222000,300,1,1.0,0.1,0.8
ga_sched_offspring,GA scheduled LS [LS on offspring],test,test_5,4,9,451,-1,42.71665356033269,41.37382224459666,13.209543300006771,13.046875,146388,300,1,0.5333333333333333,0.1,0.8
ga_ls10_elites,GA 10% LS [LS on elites],test,test_5,4,9,451,-1,41.43307616679808,40.02091216297676,7.954248900001403,7.921875,63612,300,1,0.09999999999999999,0.1,0.8
ga_ls50_elites,GA 50% LS [LS on elites],test,test_5,4,9,451,-1,42.52816249657662,41.06163761739757,9.978229699991061,9.859375,77784,300,1,0.5,0.1,0.8
ga_ls100_elites,GA 100% LS [LS on elites],test,test_5,4,9,451,-1,43.13124163755641,41.57383747447814,10.880411000005552,10.84375,96000,300,1,1.0,0.1,0.8
ga_sched_elites,GA scheduled LS [LS on elites],test,test_5,4,9,451,-1,43.56739701180131,42.09434790887936,8.46767880000698,8.421875,79170,300,1,0.5333333333333333,0.1,0.8
ga_ls00,GA no LS,test,test_6,5,0,542,-1,37.744883157680775,36.31093523155677,9.476143099993351,9.34375,60000,300,1,0.0,0.1,0.8
ga_ls10_offspring,GA 10% LS [LS on offspring],test,test_6,5,0,542,-1,33.63821508509922,32.171292657538594,8.090677300002426,8.046875,76446,300,1,0.09999999999999999,0.1,0.8
ga_ls50_offspring,GA 50% LS [LS on offspring],test,test_6,5,0,542,-1,38.14136099545463,36.752666266567054,10.96672490000492,10.90625,140424,300,1,0.5,0.1,0.8
ga_ls100_offspring,GA 100% LS [LS on offspring],test,test_6,5,0,542,-1,32.20533890516725,31.089446619165685,13.938351099990541,13.84375,222000,300,1,1.0,0.1,0.8
ga_sched_offspring,GA scheduled LS [LS on offspring],test,test_6,5,0,542,-1,31.521255896887883,29.99851019343207,12.169128499997896,12.0625,146058,300,1,0.5333333333333333,0.1,0.8
ga_ls10_elites,GA 10% LS [LS on elites],test,test_6,5,0,542,-1,36.92392113649187,35.10638838528297,8.765486999996938,8.6875,63594,300,1,0.09999999999999999,0.1,0.8
ga_ls50_elites,GA 50% LS [LS on elites],test,test_6,5,0,542,-1,39.227589637654596,37.375360239362564,9.781168700006674,9.65625,78318,300,1,0.5,0.1,0.8
ga_ls100_elites,GA 100% LS [LS on elites],test,test_6,5,0,542,-1,44.32356275499064,43.14603043591199,10.337367600004654,10.25,96000,300,1,1.0,0.1,0.8
ga_sched_elites,GA scheduled LS [LS on elites],test,test_6,5,0,542,-1,36.27395166177647,34.396058969098405,9.637729900001432,9.53125,79038,300,1,0.5333333333333333,0.1,0.8
ga_ls00,GA no LS,test,test_6,5,1,543,-1,30.602929619989762,29.3638430491372,8.40975220000837,8.34375,60000,300,1,0.0,0.1,0.8
ga_ls10_offspring,GA 10% LS [LS on offspring],test,test_6,5,1,543,-1,37.51141148957311,35.75572993496877,10.79150039999513,10.65625,75708,300,1,0.09999999999999999,0.1,0.8
ga_ls50_offspring,GA 50% LS [LS on offspring],test,test_6,5,1,543,-1,38.12174413766182,36.68119471802387,13.233647300003213,13.09375,141294,300,1,0.5,0.1,0.8
ga_ls100_offspring,GA 100% LS [LS on offspring],test,test_6,5,1,543,-1,31.730374708422964,30.272849456209524,17.038739099996747,16.953125,222000,300,1,1.0,0.1,0.8
ga_sched_offspring,GA scheduled LS [LS on offspring],test,test_6,5,1,543,-1,38.93104884589247,37.027958100451904,14.166418399996473,14.078125,146436,300,1,0.5333333333333333,0.1,0.8
ga_ls10_elites,GA 10% LS [LS on elites],test,test_6,5,1,543,-1,36.589121655925155,34.931095687575315,7.698699500004295,7.609375,63612,300,1,0.09999999999999999,0.1,0.8
ga_ls50_elites,GA 50% LS [LS on elites],test,test_6,5,1,543,-1,33.92680013642778,32.59199898993085,7.616685899993172,7.546875,78222,300,1,0.5,0.1,0.8
ga_ls100_elites,GA 100% LS [LS on elites],test,test_6,5,1,543,-1,36.944750761542764,35.52304342771088,11.303225499999826,11.1875,96000,300,1,1.0,0.1,0.8
ga_sched_elites,GA scheduled LS [LS on elites],test,test_6,5,1,543,-1,35.7837107935975,34.15666169474801,9.819881999996142,9.71875,79452,300,1,0.5333333333333333,0.1,0.8
ga_ls00,GA no LS,test,test_6,5,2,544,-1,39.74600398858785,38.263551095584,8.002802199989674,7.96875,60000,300,1,0.0,0.1,0.8
ga_ls10_offspring,GA 10% LS [LS on offspring],test,test_6,5,2,544,-1,35.80812643523306,34.188264271472015,8.9230349999998,8.828125,76242,300,1,0.09999999999999999,0.1,0.8
ga_ls50_offspring,GA 50% LS [LS on offspring],test,test_6,5,2,544,-1,33.268660429084,31.759222531163886,14.50798740000755,14.46875,141228,300,1,0.5,0.1,0.8
ga_ls100_offspring,GA 100% LS [LS on offspring],test,test_6,5,2,544,-1,37.05639875503056,35.557706261474635,17.434703899998567,17.3125,222000,300,1,1.0,0.1,0.8
ga_sched_offspring,GA scheduled LS [LS on offspring],test,test_6,5,2,544,-1,34.18350606361901,32.71259788711951,13.378058000002056,13.25,146904,300,1,0.5333333333333333,0.1,0.8
ga_ls10_elites,GA 10% LS [LS on elites],test,test_6,5,2,544,-1,34.05665619926432,32.464592452198325,8.19798609999998,8.140625,63558,300,1,0.09999999999999999,0.1,0.8
ga_ls50_elites,GA 50% LS [LS on elites],test,test_6,5,2,544,-1,33.90633593129994,32.29521983780101,8.864285399991786,8.78125,78048,300,1,0.5,0.1,0.8
ga_ls100_elites,GA 100% LS [LS on elites],test,test_6,5,2,544,-1,34.85200165319887,33.574244682955566,10.08473679999588,10.0,96000,300,1,1.0,0.1,0.8
ga_sched_elites,GA scheduled LS [LS on elites],test,test_6,5,2,544,-1,33.57216152740335,31.922028674247688,9.30966700000863,9.25,79128,300,1,0.5333333333333333,0.1,0.8
ga_ls00,GA no LS,test,test_6,5,3,545,-1,40.12594037597578,38.453097634992396,7.4305819000001065,7.328125,60000,300,1,0.0,0.1,0.8
ga_ls10_offspring,GA 10% LS [LS on offspring],test,test_6,5,3,545,-1,40.1462494458714,38.77555424798599,8.608339600003092,8.578125,76074,300,1,0.09999999999999999,0.1,0.8
ga_ls50_offspring,GA 50% LS [LS on offspring],test,test_6,5,3,545,-1,35.209531304435366,33.941802340193036,10.629601099994034,10.515625,140676,300,1,0.5,0.1,0.8
ga_ls100_offspring,GA 100% LS [LS on offspring],test,test_6,5,3,545,-1,34.65998090351488,33.136259764299034,16.75778790000186,16.65625,222000,300,1,1.0,0.1,0.8
ga_sched_offspring,GA scheduled LS [LS on offspring],test,test_6,5,3,545,-1,41.621466279695795,40.05731605736293,11.304759999999078,11.21875,146472,300,1,0.5333333333333333,0.1,0.8
ga_ls10_elites,GA 10% LS [LS on elites],test,test_6,5,3,545,-1,31.9538312673722,30.600215141345732,8.76587470000959,8.75,63528,300,1,0.09999999999999999,0.1,0.8
ga_ls50_elites,GA 50% LS [LS on elites],test,test_6,5,3,545,-1,36.94076246508534,35.471859388081924,8.976938699997845,8.90625,78108,300,1,0.5,0.1,0.8
ga_ls100_elites,GA 100% LS [LS on elites],test,test_6,5,3,545,-1,38.31090282341038,36.957025413757684,10.119795699996757,10.046875,96000,300,1,1.0,0.1,0.8
ga_sched_elites,GA scheduled LS [LS on elites],test,test_6,5,3,545,-1,32.29051691464706,31.097833950267557,10.494512399993255,10.34375,79314,300,1,0.5333333333333333,0.1,0.8
ga_ls00,GA no LS,test,test_6,5,4,546,-1,41.512980439568416,40.013848728109004,8.257291200003237,8.1875,60000,300,1,0.0,0.1,0.8
ga_ls10_offspring,GA 10% LS [LS on offspring],test,test_6,5,4,546,-1,35.50733855574935,34.027196186089135,10.2356729000021,10.1875,76680,300,1,0.09999999999999999,0.1,0.8
ga_ls50_offspring,GA 50% LS [LS on offspring],test,test_6,5,4,546,-1,34.95053284063515,33.284029682806576,13.759166399991955,13.71875,141234,300,1,0.5,0.1,0.8
ga_ls100_offspring,GA 100% LS [LS on offspring],test,test_6,5,4,546,-1,36.2678071413457,34.94358231298673,15.87276749999728,15.78125,222000,300,1,1.0,0.1,0.8
ga_sched_offspring,GA scheduled LS [LS on offspring],test,test_6,5,4,546,-1,35.36321405382078,33.8685330234343,16.574089400004596,16.46875,147042,300,1,0.5333333333333333,0.1,0.8
ga_ls10_elites,GA 10% LS [LS on elites],test,test_6,5,4,546,-1,36.539407554554224,35.190880890446124,7.766677799998433,7.703125,63588,300,1,0.09999999999999999,0.1,0.8
ga_ls50_elites,GA 50% LS [LS on elites],test,test_6,5,4,546,-1,34.520364177193436,33.179294718347045,11.417763599994942,11.328125,77718,300,1,0.5,0.1,0.8
ga_ls100_elites,GA 100% LS [LS on elites],test,test_6,5,4,546,-1,37.44213084596053,35.680379216560965,12.81342369999038,12.6875,96000,300,1,1.0,0.1,0.8
ga_sched_elites,GA scheduled LS [LS on elites],test,test_6,5,4,546,-1,36.35806671675,35.00631355705527,8.580787800005055,8.5,79110,300,1,0.5333333333333333,0.1,0.8
ga_ls00,GA no LS,test,test_6,5,5,547,-1,43.410022224995814,41.64257535590346,8.69541639999079,8.609375,60000,300,1,0.0,0.1,0.8
ga_ls10_offspring,GA 10% LS [LS on offspring],test,test_6,5,5,547,-1,40.990198418386946,38.822927202888685,10.311191499989945,10.25,76140,300,1,0.09999999999999999,0.1,0.8
ga_ls50_offspring,GA 50% LS [LS on offspring],test,test_6,5,5,547,-1,33.097511495178786,31.77348690272269,12.275181300006807,12.234375,140292,300,1,0.5,0.1,0.8
ga_ls100_offspring,GA 100% LS [LS on offspring],test,test_6,5,5,547,-1,37.8093637049568,36.59233562326403,13.316545399997267,13.21875,222000,300,1,1.0,0.1,0.8
ga_sched_offspring,GA scheduled LS [LS on offspring],test,test_6,5,5,547,-1,40.715698971815904,38.566552527192165,13.747205899999244,13.65625,146184,300,1,0.5333333333333333,0.1,0.8
ga_ls10_elites,GA 10% LS [LS on elites],test,test_6,5,5,547,-1,36.9564694739908,35.2599379510255,7.978200400000787,7.921875,63450,300,1,0.09999999999999999,0.1,0.8
ga_ls50_elites,GA 50% LS [LS on elites],test,test_6,5,5,547,-1,38.449369170425115,36.92426375386892,9.817767500004265,9.71875,77898,300,1,0.5,0.1,0.8
ga_ls100_elites,GA 100% LS [LS on elites],test,test_6,5,5,547,-1,36.9567005864745,35.4565933048055,12.289913800006616,12.265625,96000,300,1,1.0,0.1,0.8
ga_sched_elites,GA scheduled LS [LS on elites],test,test_6,5,5,547,-1,36.81031158504828,35.13063617726438,9.218371499999193,9.15625,78852,300,1,0.5333333333333333,0.1,0.8
ga_ls00,GA no LS,test,test_6,5,6,548,-1,40.679740798178486,38.662415806077675,8.179668600001605,8.09375,60000,300,1,0.0,0.1,0.8
ga_ls10_offspring,GA 10% LS [LS on offspring],test,test_6,5,6,548,-1,32.6444904540068,31.107401575163834,8.643727600006969,8.5625,76284,300,1,0.09999999999999999,0.1,0.8
ga_ls50_offspring,GA 50% LS [LS on offspring],test,test_6,5,6,548,-1,37.867542705610006,36.23052828638993,10.165409400011413,10.109375,141060,300,1,0.5,0.1,0.8
ga_ls100_offspring,GA 100% LS [LS on offspring],test,test_6,5,6,548,-1,35.789869539768326,34.16989794361854,17.597986299995682,17.1875,222000,300,1,1.0,0.1,0.8
ga_sched_offspring,GA scheduled LS [LS on offspring],test,test_6,5,6,548,-1,32.31976495890988,30.760718587953477,11.867789600000833,11.578125,147126,300,1,0.5333333333333333,0.1,0.8
ga_ls10_elites,GA 10% LS [LS on elites],test,test_6,5,6,548,-1,37.484199266371675,35.915762488345614,8.384992500010412,8.375,63720,300,1,0.09999999999999999,0.1,0.8
ga_ls50_elites,GA 50% LS [LS on elites],test,test_6,5,6,548,-1,34.103467437539,32.37728313233781,11.477668599996832,11.203125,78000,300,1,0.5,0.1,0.8
ga_ls100_elites,GA 100% LS [LS on elites],test,test_6,5,6,548,-1,28.795944665635144,27.360860799309883,10.908253200002946,10.625,96000,300,1,1.0,0.1,0.8
ga_sched_elites,GA scheduled LS [LS on elites],test,test_6,5,6,548,-1,37.31641201089097,35.75932538466232,9.276224100001855,9.015625,79434,300,1,0.5333333333333333,0.1,0.8
ga_ls00,GA no LS,test,test_6,5,7,549,-1,33.401800428675884,31.769671547661098,8.234024199991836,8.0,60000,300,1,0.0,0.1,0.8
ga_ls10_offspring,GA 10% LS [LS on offspring],test,test_6,5,7,549,-1,34.49784101892922,32.97639907902695,11.623520900000585,11.390625,76524,300,1,0.09999999999999999,0.1,0.8
ga_ls50_offspring,GA 50% LS [LS on offspring],test,test_6,5,7,549,-1,39.34798800873369,38.18696169838272,10.22473909999826,10.078125,141228,300,1,0.5,0.1,0.8
ga_ls100_offspring,GA 100% LS [LS on offspring],test,test_6,5,7,549,-1,33.606556797113704,32.30314120576024,17.530011800001375,17.265625,222000,300,1,1.0,0.1,0.8
ga_sched_offspring,GA scheduled LS [LS on offspring],test,test_6,5,7,549,-1,34.15074189021762,32.652090878875974,15.826433700000052,15.359375,146520,300,1,0.5333333333333333,0.1,0.8
ga_ls10_elites,GA 10% LS [LS on elites],test,test_6,5,7,549,-1,32.49790512098943,31.166535438397464,8.536514099992928,8.265625,63528,300,1,0.09999999999999999,0.1,0.8
ga_ls50_elites,GA 50% LS [LS on elites],test,test_6,5,7,549,-1,31.67106255657323,30.343579744124252,10.630251299997326,10.515625,78114,300,1,0.5,0.1,0.8
ga_ls100_elites,GA 100% LS [LS on elites],test,test_6,5,7,549,-1,36.73058360432839,35.29443096824237,12.049494600010803,11.671875,96000,300,1,1.0,0.1,0.8
ga_sched_elites,GA scheduled LS [LS on elites],test,test_6,5,7,549,-1,32.42254260017721,31.09045238034232,9.528015799995046,9.25,79428,300,1,0.5333333333333333,0.1,0.8
ga_ls00,GA no LS,test,test_6,5,8,550,-1,41.30026848426847,39.95383997935382,7.738212399999611,7.4375,60000,300,1,0.0,0.1,0.8
ga_ls10_offspring,GA 10% LS [LS on offspring],test,test_6,5,8,550,-1,41.000099344555494,39.263441699967125,9.337840499996673,9.140625,75972,300,1,0.09999999999999999,0.1,0.8
ga_ls50_offspring,GA 50% LS [LS on offspring],test,test_6,5,8,550,-1,34.45811165723936,32.89917309631156,14.879908600007184,14.671875,141102,300,1,0.5,0.1,0.8
ga_ls100_offspring,GA 100% LS [LS on offspring],test,test_6,5,8,550,-1,36.60411433709919,34.99883269304742,15.416171199991368,15.0,222000,300,1,1.0,0.1,0.8
ga_sched_offspring,GA scheduled LS [LS on offspring],test,test_6,5,8,550,-1,40.029935643425134,38.3202081501926,13.080441199999768,12.78125,146418,300,1,0.5333333333333333,0.1,0.8
ga_ls10_elites,GA 10% LS [LS on elites],test,test_6,5,8,550,-1,37.870331983041716,36.52486736827781,8.17909740000323,8.0,63492,300,1,0.09999999999999999,0.1,0.8
ga_ls50_elites,GA 50% LS [LS on elites],test,test_6,5,8,550,-1,33.21365759394333,31.738702602335128,10.392751499995939,10.25,78018,300,1,0.5,0.1,0.8
ga_ls100_elites,GA 100% LS [LS on elites],test,test_6,5,8,550,-1,37.95055010903132,36.25285451156836,13.49377220000315,13.203125,96000,300,1,1.0,0.1,0.8
ga_sched_elites,GA scheduled LS [LS on elites],test,test_6,5,8,550,-1,35.59777793433422,33.91942339334026,9.318927300002542,9.140625,78948,300,1,0.5333333333333333,0.1,0.8
ga_ls00,GA no LS,test,test_6,5,9,551,-1,40.329290997212674,38.760591259863666,8.133944600005634,8.03125,60000,300,1,0.0,0.1,0.8
ga_ls10_offspring,GA 10% LS [LS on offspring],test,test_6,5,9,551,-1,38.82922143665715,37.36119670807917,9.049964699996053,8.96875,76572,300,1,0.09999999999999999,0.1,0.8
ga_ls50_offspring,GA 50% LS [LS on offspring],test,test_6,5,9,551,-1,36.28244596827553,34.594863083238685,14.598068299994338,14.375,140970,300,1,0.5,0.1,0.8
ga_ls100_offspring,GA 100% LS [LS on offspring],test,test_6,5,9,551,-1,38.24257874902631,36.96238931818367,15.130021299992222,14.921875,222000,300,1,1.0,0.1,0.8
ga_sched_offspring,GA scheduled LS [LS on offspring],test,test_6,5,9,551,-1,37.81256680732698,36.43208753729358,12.643859399991925,12.28125,146418,300,1,0.5333333333333333,0.1,0.8
ga_ls10_elites,GA 10% LS [LS on elites],test,test_6,5,9,551,-1,38.89409525335249,37.258441353934046,9.142904199994518,8.984375,63588,300,1,0.09999999999999999,0.1,0.8
ga_ls50_elites,GA 50% LS [LS on elites],test,test_6,5,9,551,-1,40.82497134830269,39.21960295993094,8.941176599997561,8.765625,78180,300,1,0.5,0.1,0.8
ga_ls100_elites,GA 100% LS [LS on elites],test,test_6,5,9,551,-1,39.99018805705969,38.549038551764546,13.150471600005403,12.953125,96000,300,1,1.0,0.1,0.8
ga_sched_elites,GA scheduled LS [LS on elites],test,test_6,5,9,551,-1,38.79591654755616,37.12723021027294,10.541077599991695,10.234375,79296,300,1,0.5333333333333333,0.1,0.8
ga_ls00,GA no LS,test,test_7,6,0,642,-1,41.25317534628992,40.01512089627535,7.245405099994969,7.109375,60000,300,1,0.0,0.1,0.8
ga_ls10_offspring,GA 10% LS [LS on offspring],test,test_7,6,0,642,-1,35.24715154997454,33.88130262662451,7.64399609999964,7.53125,76152,300,1,0.09999999999999999,0.1,0.8
ga_ls50_offspring,GA 50% LS [LS on offspring],test,test_7,6,0,642,-1,35.056335409016775,33.02446508694308,12.473495900005219,12.3125,140160,300,1,0.5,0.1,0.8
ga_ls100_offspring,GA 100% LS [LS on offspring],test,test_7,6,0,642,-1,33.3262136034552,31.889328988674535,11.462492699996801,11.171875,222000,300,1,1.0,0.1,0.8
ga_sched_offspring,GA scheduled LS [LS on offspring],test,test_7,6,0,642,-1,35.28114365932569,33.9165118110295,9.412490200003958,9.265625,145854,300,1,0.5333333333333333,0.1,0.8
ga_ls10_elites,GA 10% LS [LS on elites],test,test_7,6,0,642,-1,40.87614519792529,39.41970454302095,7.649245000007795,7.453125,63540,300,1,0.09999999999999999,0.1,0.8
ga_ls50_elites,GA 50% LS [LS on elites],test,test_7,6,0,642,-1,40.281730384722586,38.69914002297536,8.43586040000082,8.375,78090,300,1,0.5,0.1,0.8
ga_ls100_elites,GA 100% LS [LS on elites],test,test_7,6,0,642,-1,38.64237197266857,37.281073306541124,12.511203300004127,12.265625,96000,300,1,1.0,0.1,0.8
ga_sched_elites,GA scheduled LS [LS on elites],test,test_7,6,0,642,-1,33.89066690752577,32.43637217692041,8.982410900003742,8.734375,78924,300,1,0.5333333333333333,0.1,0.8
ga_ls00,GA no LS,test,test_7,6,1,643,-1,35.15560014098605,33.70180683964787,7.416060900010052,7.21875,60000,300,1,0.0,0.1,0.8
ga_ls10_offspring,GA 10% LS [LS on offspring],test,test_7,6,1,643,-1,26.276049729468756,24.979627754161317,7.472713399998611,7.21875,75744,300,1,0.09999999999999999,0.1,0.8
ga_ls50_offspring,GA 50% LS [LS on offspring],test,test_7,6,1,643,-1,37.29498820699797,35.49333834429252,11.835548400005791,11.625,140736,300,1,0.5,0.1,0.8
ga_ls100_offspring,GA 100% LS [LS on offspring],test,test_7,6,1,643,-1,28.790567293050827,27.07768582680572,15.121532000004663,14.765625,222000,300,1,1.0,0.1,0.8
ga_sched_offspring,GA scheduled LS [LS on offspring],test,test_7,6,1,643,-1,26.230047435825995,24.937765305113402,9.894342199986568,9.75,145944,300,1,0.5333333333333333,0.1,0.8
ga_ls10_elites,GA 10% LS [LS on elites],test,test_7,6,1,643,-1,31.935825792940065,30.314750354725042,9.508185799990315,9.34375,63612,300,1,0.09999999999999999,0.1,0.8
ga_ls50_elites,GA 50% LS [LS on elites],test,test_7,6,1,643,-1,34.47298812029549,32.98745445646993,9.584438399993815,9.453125,77898,300,1,0.5,0.1,0.8
ga_ls100_elites,GA 100% LS [LS on elites],test,test_7,6,1,643,-1,34.95082624039754,33.41096999606909,9.264432800002396,9.171875,96000,300,1,1.0,0.1,0.8
ga_sched_elites,GA scheduled LS [LS on elites],test,test_7,6,1,643,-1,31.2881763018727,29.685450073574607,9.816673699999228,9.671875,79038,300,1,0.5333333333333333,0.1,0.8
ga_ls00,GA no LS,test,test_7,6,2,644,-1,29.78915662035832,28.283413163017524,7.462068200009526,7.328125,60000,300,1,0.0,0.1,0.8
ga_ls10_offspring,GA 10% LS [LS on offspring],test,test_7,6,2,644,-1,34.91524212750587,32.934631291721935,9.28190440000617,9.140625,76308,300,1,0.09999999999999999,0.1,0.8
ga_ls50_offspring,GA 50% LS [LS on offspring],test,test_7,6,2,644,-1,33.11903875665143,31.42216128617227,11.157790699988254,10.953125,140712,300,1,0.5,0.1,0.8
ga_ls100_offspring,GA 100% LS [LS on offspring],test,test_7,6,2,644,-1,33.69196433137984,32.241082317578595,14.097807099999045,13.921875,222000,300,1,1.0,0.1,0.8
ga_sched_offspring,GA scheduled LS [LS on offspring],test,test_7,6,2,644,-1,31.528405363457995,29.60775611945024,12.905040099998587,12.6875,146172,300,1,0.5333333333333333,0.1,0.8
ga_ls10_elites,GA 10% LS [LS on elites],test,test_7,6,2,644,-1,31.58820583621106,29.8503023880722,8.207468900000094,8.140625,63618,300,1,0.09999999999999999,0.1,0.8
ga_ls50_elites,GA 50% LS [LS on elites],test,test_7,6,2,644,-1,28.492194467932432,26.98937471955735,8.416213099990273,8.21875,77898,300,1,0.5,0.1,0.8
ga_ls100_elites,GA 100% LS [LS on elites],test,test_7,6,2,644,-1,37.02729372527418,34.90322687957128,11.135755499999505,10.890625,96000,300,1,1.0,0.1,0.8
ga_sched_elites,GA scheduled LS [LS on elites],test,test_7,6,2,644,-1,31.553875297160598,29.81518757082261,9.088071999998647,8.921875,79452,300,1,0.5333333333333333,0.1,0.8
ga_ls00,GA no LS,test,test_7,6,3,645,-1,29.736460226393678,28.025291798358438,6.574619200007874,6.4375,60000,300,1,0.0,0.1,0.8
ga_ls10_offspring,GA 10% LS [LS on offspring],test,test_7,6,3,645,-1,35.80253673296276,34.54918464746256,8.553361099999165,8.40625,75690,300,1,0.09999999999999999,0.1,0.8
ga_ls50_offspring,GA 50% LS [LS on offspring],test,test_7,6,3,645,-1,34.88187983385246,33.129279172494364,13.014652099998784,12.828125,140466,300,1,0.5,0.1,0.8
ga_ls100_offspring,GA 100% LS [LS on offspring],test,test_7,6,3,645,-1,37.44922930999256,35.80732178580293,19.07626239999081,18.703125,222000,300,1,1.0,0.1,0.8
ga_sched_offspring,GA scheduled LS [LS on offspring],test,test_7,6,3,645,-1,35.93421446492462,34.67782085852632,11.917784499994013,11.703125,145692,300,1,0.5333333333333333,0.1,0.8
ga_ls10_elites,GA 10% LS [LS on elites],test,test_7,6,3,645,-1,29.929529778669274,27.974774905368093,7.149560100006056,7.046875,63696,300,1,0.09999999999999999,0.1,0.8
ga_ls50_elites,GA 50% LS [LS on elites],test,test_7,6,3,645,-1,26.33328976919959,24.98585664519292,8.924761899994337,8.796875,77946,300,1,0.5,0.1,0.8
ga_ls100_elites,GA 100% LS [LS on elites],test,test_7,6,3,645,-1,33.761049166944616,31.77107230930489,8.535500400001183,8.375,96000,300,1,1.0,0.1,0.8
ga_sched_elites,GA scheduled LS [LS on elites],test,test_7,6,3,645,-1,28.95679932244229,27.05058838598697,7.89150189999782,7.703125,79320,300,1,0.5333333333333333,0.1,0.8
ga_ls00,GA no LS,test,test_7,6,4,646,-1,34.85391704548283,33.166469096199386,7.5062462000059895,7.359375,60000,300,1,0.0,0.1,0.8
ga_ls10_offspring,GA 10% LS [LS on offspring],test,test_7,6,4,646,-1,27.4654976331261,26.079400262768623,7.268344700001762,7.171875,76488,300,1,0.09999999999999999,0.1,0.8
ga_ls50_offspring,GA 50% LS [LS on offspring],test,test_7,6,4,646,-1,31.699177097870248,30.030711115525992,11.546251600011601,11.21875,141114,300,1,0.5,0.1,0.8
ga_ls100_offspring,GA 100% LS [LS on offspring],test,test_7,6,4,646,-1,35.14092517523025,33.574170673168815,15.61985299999651,15.34375,222000,300,1,1.0,0.1,0.8
ga_sched_offspring,GA scheduled LS [LS on offspring],test,test_7,6,4,646,-1,27.105356771181572,25.732106653550264,10.009245500012184,9.953125,146598,300,1,0.5333333333333333,0.1,0.8
ga_ls10_elites,GA 10% LS [LS on elites],test,test_7,6,4,646,-1,32.47632583413757,30.669700938212532,8.679804200000945,8.46875,63492,300,1,0.09999999999999999,0.1,0.8
ga_ls50_elites,GA 50% LS [LS on elites],test,test_7,6,4,646,-1,36.106403965178785,34.69045496267524,8.889038599998457,8.71875,77844,300,1,0.5,0.1,0.8
ga_ls100_elites,GA 100% LS [LS on elites],test,test_7,6,4,646,-1,29.975175613777548,28.547059946441347,9.658554699999513,9.515625,96000,300,1,1.0,0.1,0.8
ga_sched_elites,GA scheduled LS [LS on elites],test,test_7,6,4,646,-1,33.38566693752038,31.438741216653774,10.53266209999856,10.265625,79080,300,1,0.5333333333333333,0.1,0.8
ga_ls00,GA no LS,test,test_7,6,5,647,-1,34.31341658477259,32.81117522208356,10.549453100000392,10.375,60000,300,1,0.0,0.1,0.8
ga_ls10_offspring,GA 10% LS [LS on offspring],test,test_7,6,5,647,-1,36.09110759320621,34.2371227256215,8.912750299990876,8.765625,76128,300,1,0.09999999999999999,0.1,0.8
ga_ls50_offspring,GA 50% LS [LS on offspring],test,test_7,6,5,647,-1,33.03911837806747,31.81296100226791,11.422828599999775,11.3125,141180,300,1,0.5,0.1,0.8
ga_ls100_offspring,GA 100% LS [LS on offspring],test,test_7,6,5,647,-1,34.74497256988966,33.00402325579481,14.857343199997558,14.796875,222000,300,1,1.0,0.1,0.8
ga_sched_offspring,GA scheduled LS [LS on offspring],test,test_7,6,5,647,-1,34.513414213175636,32.7089032312336,14.035059300003923,13.78125,146442,300,1,0.5333333333333333,0.1,0.8
ga_ls10_elites,GA 10% LS [LS on elites],test,test_7,6,5,647,-1,31.747901879202765,30.12269433851924,9.346792800002731,9.203125,63756,300,1,0.09999999999999999,0.1,0.8
ga_ls50_elites,GA 50% LS [LS on elites],test,test_7,6,5,647,-1,30.506672068941736,28.895255137508098,7.714445399993565,7.5625,78336,300,1,0.5,0.1,0.8
ga_ls100_elites,GA 100% LS [LS on elites],test,test_7,6,5,647,-1,31.495384892191293,29.941568406419346,9.61891089999699,9.453125,96000,300,1,1.0,0.1,0.8
ga_sched_elites,GA scheduled LS [LS on elites],test,test_7,6,5,647,-1,31.67455822775075,30.0488025372644,10.089536499988753,9.953125,79230,300,1,0.5333333333333333,0.1,0.8
ga_ls00,GA no LS,test,test_7,6,6,648,-1,30.880437226813736,29.296080158954442,7.290363400010392,7.15625,60000,300,1,0.0,0.1,0.8
ga_ls10_offspring,GA 10% LS [LS on offspring],test,test_7,6,6,648,-1,35.374336713634996,33.64828276203731,7.518905200005975,7.359375,76086,300,1,0.09999999999999999,0.1,0.8
ga_ls50_offspring,GA 50% LS [LS on offspring],test,test_7,6,6,648,-1,36.98286803988769,35.34676565799898,13.571257899995544,13.296875,141168,300,1,0.5,0.1,0.8
ga_ls100_offspring,GA 100% LS [LS on offspring],test,test_7,6,6,648,-1,31.26613610263663,29.787341875138544,11.821110599994427,11.625,222000,300,1,1.0,0.1,0.8
ga_sched_offspring,GA scheduled LS [LS on offspring],test,test_7,6,6,648,-1,34.39460666968742,32.778035962293956,9.612350099996547,9.453125,146214,300,1,0.5333333333333333,0.1,0.8
ga_ls10_elites,GA 10% LS [LS on elites],test,test_7,6,6,648,-1,34.44327183539867,32.65431888077382,8.225632300003781,8.125,63402,300,1,0.09999999999999999,0.1,0.8
ga_ls50_elites,GA 50% LS [LS on elites],test,test_7,6,6,648,-1,32.63853364072692,31.390872126792004,7.953887099996791,7.90625,78012,300,1,0.5,0.1,0.8
ga_ls100_elites,GA 100% LS [LS on elites],test,test_7,6,6,648,-1,31.086656487552016,29.914001206639526,12.343852799996966,12.21875,96000,300,1,1.0,0.1,0.8
ga_sched_elites,GA scheduled LS [LS on elites],test,test_7,6,6,648,-1,34.32992421297354,32.5338435917556,9.455572200007737,9.328125,79092,300,1,0.5333333333333333,0.1,0.8
ga_ls00,GA no LS,test,test_7,6,7,649,-1,32.36462366423039,30.70896187683918,8.799732799991034,8.59375,60000,300,1,0.0,0.1,0.8
ga_ls10_offspring,GA 10% LS [LS on offspring],test,test_7,6,7,649,-1,33.61497511008838,31.74388913913942,8.556076199995005,8.390625,76722,300,1,0.09999999999999999,0.1,0.8
ga_ls50_offspring,GA 50% LS [LS on offspring],test,test_7,6,7,649,-1,30.457479018519432,28.91870564934747,11.196651399994153,10.875,141072,300,1,0.5,0.1,0.8
ga_ls100_offspring,GA 100% LS [LS on offspring],test,test_7,6,7,649,-1,32.350196990532645,30.3707815603052,14.48167489998741,14.140625,222000,300,1,1.0,0.1,0.8
ga_sched_offspring,GA scheduled LS [LS on offspring],test,test_7,6,7,649,-1,33.22785819221711,31.392914981824788,11.469566999992821,11.21875,147246,300,1,0.5333333333333333,0.1,0.8
ga_ls10_elites,GA 10% LS [LS on elites],test,test_7,6,7,649,-1,35.76453993848748,33.93245654156132,8.014631500001997,7.875,63534,300,1,0.09999999999999999,0.1,0.8
ga_ls50_elites,GA 50% LS [LS on elites],test,test_7,6,7,649,-1,37.60541220449581,35.9779815197869,10.823431900003925,10.734375,77820,300,1,0.5,0.1,0.8
ga_ls100_elites,GA 100% LS [LS on elites],test,test_7,6,7,649,-1,30.286298717036793,28.58131027948445,8.352253999997629,8.25,96000,300,1,1.0,0.1,0.8
ga_sched_elites,GA scheduled LS [LS on elites],test,test_7,6,7,649,-1,35.66057405572837,33.82901008272161,8.852880899998127,8.71875,79164,300,1,0.5333333333333333,0.1,0.8
ga_ls00,GA no LS,test,test_7,6,8,650,-1,33.93597170733046,32.664102054780855,6.761951599997701,6.6875,60000,300,1,0.0,0.1,0.8
ga_ls10_offspring,GA 10% LS [LS on offspring],test,test_7,6,8,650,-1,36.15192254241231,34.60535968604296,9.127528799988795,9.015625,76332,300,1,0.09999999999999999,0.1,0.8
ga_ls50_offspring,GA 50% LS [LS on offspring],test,test_7,6,8,650,-1,34.725149976197244,33.22988117995489,10.02441899999394,9.828125,141084,300,1,0.5,0.1,0.8
ga_ls100_offspring,GA 100% LS [LS on offspring],test,test_7,6,8,650,-1,36.027384480626665,34.24890585411563,12.464248300006147,12.359375,222000,300,1,1.0,0.1,0.8
ga_sched_offspring,GA scheduled LS [LS on offspring],test,test_7,6,8,650,-1,35.95334517072454,34.43458339591395,14.253225499996915,14.015625,146298,300,1,0.5333333333333333,0.1,0.8
ga_ls10_elites,GA 10% LS [LS on elites],test,test_7,6,8,650,-1,37.39827658319182,35.744941070044035,8.07117229999858,7.828125,63564,300,1,0.09999999999999999,0.1,0.8
ga_ls50_elites,GA 50% LS [LS on elites],test,test_7,6,8,650,-1,34.28188199420256,32.63371915891223,10.714417199997115,10.640625,77910,300,1,0.5,0.1,0.8
ga_ls100_elites,GA 100% LS [LS on elites],test,test_7,6,8,650,-1,36.34016583641688,34.64670659064373,8.262374500001897,8.078125,96000,300,1,1.0,0.1,0.8
ga_sched_elites,GA scheduled LS [LS on elites],test,test_7,6,8,650,-1,37.20943191660198,35.55144478104376,9.913947099994402,9.71875,79176,300,1,0.5333333333333333,0.1,0.8
ga_ls00,GA no LS,test,test_7,6,9,651,-1,27.9021942411311,26.300470646459566,7.023468200000934,6.890625,60000,300,1,0.0,0.1,0.8
ga_ls10_offspring,GA 10% LS [LS on offspring],test,test_7,6,9,651,-1,32.340025677095404,30.851261775529544,8.260830500003067,8.09375,76254,300,1,0.09999999999999999,0.1,0.8
ga_ls50_offspring,GA 50% LS [LS on offspring],test,test_7,6,9,651,-1,37.66571322891253,36.11224000135452,13.988249800007907,13.75,141450,300,1,0.5,0.1,0.8
ga_ls100_offspring,GA 100% LS [LS on offspring],test,test_7,6,9,651,-1,30.23468288328758,28.676349971219217,17.00144999999611,16.859375,222000,300,1,1.0,0.1,0.8
ga_sched_offspring,GA scheduled LS [LS on offspring],test,test_7,6,9,651,-1,31.729015767411166,30.178988059295822,11.013445599994157,10.859375,146616,300,1,0.5333333333333333,0.1,0.8
ga_ls10_elites,GA 10% LS [LS on elites],test,test_7,6,9,651,-1,36.974062950031154,35.31976516521718,9.458618899996509,9.203125,63606,300,1,0.09999999999999999,0.1,0.8
ga_ls50_elites,GA 50% LS [LS on elites],test,test_7,6,9,651,-1,32.451489563310375,30.797546479755137,7.338315999993938,7.265625,77826,300,1,0.5,0.1,0.8
ga_ls100_elites,GA 100% LS [LS on elites],test,test_7,6,9,651,-1,39.760513518671914,38.28601953671933,11.434820099995704,11.171875,96000,300,1,1.0,0.1,0.8
ga_sched_elites,GA scheduled LS [LS on elites],test,test_7,6,9,651,-1,33.475560095892384,31.867555471287623,10.761047399995732,10.59375,79248,300,1,0.5333333333333333,0.1,0.8
ga_ls00,GA no LS,test,test_8,7,0,742,-1,32.842199329994685,31.0452144732801,8.094131200006814,8.015625,60000,300,1,0.0,0.1,0.8
ga_ls10_offspring,GA 10% LS [LS on offspring],test,test_8,7,0,742,-1,32.84310522923813,31.217578532074153,8.89216220000526,8.78125,76554,300,1,0.09999999999999999,0.1,0.8
ga_ls50_offspring,GA 50% LS [LS on offspring],test,test_8,7,0,742,-1,34.20195678422802,32.77167898083186,12.912207400004263,12.75,141618,300,1,0.5,0.1,0.8
ga_ls100_offspring,GA 100% LS [LS on offspring],test,test_8,7,0,742,-1,32.21175227682303,30.415489050956396,18.065992499992717,17.6875,222000,300,1,1.0,0.1,0.8
ga_sched_offspring,GA scheduled LS [LS on offspring],test,test_8,7,0,742,-1,33.616187405262785,31.906773482971907,12.556770899987896,12.21875,147168,300,1,0.5333333333333333,0.1,0.8
ga_ls10_elites,GA 10% LS [LS on elites],test,test_8,7,0,742,-1,33.8632161480777,32.235524349413666,6.8926866999972844,6.78125,63504,300,1,0.09999999999999999,0.1,0.8
ga_ls50_elites,GA 50% LS [LS on elites],test,test_8,7,0,742,-1,34.70848278385245,32.910792478361714,9.63949169999978,9.46875,78042,300,1,0.5,0.1,0.8
ga_ls100_elites,GA 100% LS [LS on elites],test,test_8,7,0,742,-1,25.85064290233819,24.524094933732236,10.096205299996655,9.890625,96000,300,1,1.0,0.1,0.8
ga_sched_elites,GA scheduled LS [LS on elites],test,test_8,7,0,742,-1,33.66766845886052,32.03848090991429,7.868033899998409,7.75,79032,300,1,0.5333333333333333,0.1,0.8
ga_ls00,GA no LS,test,test_8,7,1,743,-1,32.34964172380021,30.66491079383794,9.892939500001376,9.671875,60000,300,1,0.0,0.1,0.8
ga_ls10_offspring,GA 10% LS [LS on offspring],test,test_8,7,1,743,-1,35.76381879686821,34.09818277226255,8.599344400005066,8.4375,75654,300,1,0.09999999999999999,0.1,0.8
ga_ls50_offspring,GA 50% LS [LS on offspring],test,test_8,7,1,743,-1,31.230765953759253,29.490969561905946,14.806405900002574,14.578125,141060,300,1,0.5,0.1,0.8
ga_ls100_offspring,GA 100% LS [LS on offspring],test,test_8,7,1,743,-1,32.59819983596076,31.031060562544635,19.407084499995108,19.046875,222000,300,1,1.0,0.1,0.8
ga_sched_offspring,GA scheduled LS [LS on offspring],test,test_8,7,1,743,-1,35.6029818507127,33.886538773481625,13.750313700002152,13.546875,146250,300,1,0.5333333333333333,0.1,0.8
ga_ls10_elites,GA 10% LS [LS on elites],test,test_8,7,1,743,-1,32.977522952699836,31.476259467688593,9.123359500008519,8.875,63468,300,1,0.09999999999999999,0.1,0.8
ga_ls50_elites,GA 50% LS [LS on elites],test,test_8,7,1,743,-1,32.07812497845251,30.33036117596812,10.556148899995605,10.328125,78084,300,1,0.5,0.1,0.8
ga_ls100_elites,GA 100% LS [LS on elites],test,test_8,7,1,743,-1,29.31766214000037,27.831806801048234,10.3029300999915,10.09375,96000,300,1,1.0,0.1,0.8
ga_sched_elites,GA scheduled LS [LS on elites],test,test_8,7,1,743,-1,32.59207117552642,31.101988034778447,9.260749199995189,9.0625,79104,300,1,0.5333333333333333,0.1,0.8
ga_ls00,GA no LS,test,test_8,7,2,744,-1,33.13385416177144,31.291010602226557,9.758402999999817,9.46875,60000,300,1,0.0,0.1,0.8
ga_ls10_offspring,GA 10% LS [LS on offspring],test,test_8,7,2,744,-1,36.64260445908042,34.92265834059174,11.235130899993237,11.078125,76362,300,1,0.09999999999999999,0.1,0.8
ga_ls50_offspring,GA 50% LS [LS on offspring],test,test_8,7,2,744,-1,28.398393139128785,26.829269667982935,12.161166000005323,11.859375,139812,300,1,0.5,0.1,0.8
ga_ls100_offspring,GA 100% LS [LS on offspring],test,test_8,7,2,744,-1,34.00147109757671,31.993609381877633,19.218450100001064,18.921875,222000,300,1,1.0,0.1,0.8
ga_sched_offspring,GA scheduled LS [LS on offspring],test,test_8,7,2,744,-1,35.643221024506985,34.02098480221392,16.982880900002783,16.71875,146124,300,1,0.5333333333333333,0.1,0.8
ga_ls10_elites,GA 10% LS [LS on elites],test,test_8,7,2,744,-1,32.99454731167201,31.26780682036478,11.308876299997792,11.03125,63528,300,1,0.09999999999999999,0.1,0.8
ga_ls50_elites,GA 50% LS [LS on elites],test,test_8,7,2,744,-1,33.08540868790067,31.553475019309435,8.218754100002116,8.015625,77718,300,1,0.5,0.1,0.8
ga_ls100_elites,GA 100% LS [LS on elites],test,test_8,7,2,744,-1,33.7754841607366,32.08011571170756,13.226147699999274,12.984375,96000,300,1,1.0,0.1,0.8
ga_sched_elites,GA scheduled LS [LS on elites],test,test_8,7,2,744,-1,34.087912414099826,32.28220856093417,13.72951109999849,13.421875,79020,300,1,0.5333333333333333,0.1,0.8
ga_ls00,GA no LS,test,test_8,7,3,745,-1,38.427586066495564,36.96956377479421,8.43015660000674,8.25,60000,300,1,0.0,0.1,0.8
ga_ls10_offspring,GA 10% LS [LS on offspring],test,test_8,7,3,745,-1,38.12565766367406,36.46877867951184,9.294917000006535,9.109375,76686,300,1,0.09999999999999999,0.1,0.8
ga_ls50_offspring,GA 50% LS [LS on offspring],test,test_8,7,3,745,-1,37.36948224779648,35.86841447014615,10.671119300008286,10.4375,140652,300,1,0.5,0.1,0.8
ga_ls100_offspring,GA 100% LS [LS on offspring],test,test_8,7,3,745,-1,34.15753444500826,32.55808776576376,15.833551000003354,15.59375,222000,300,1,1.0,0.1,0.8
ga_sched_offspring,GA scheduled LS [LS on offspring],test,test_8,7,3,745,-1,37.45977459939072,35.868817863494115,13.018633800005773,12.703125,146568,300,1,0.5333333333333333,0.1,0.8
ga_ls10_elites,GA 10% LS [LS on elites],test,test_8,7,3,745,-1,34.9935060923732,33.64874191171881,9.728713300006348,9.59375,63582,300,1,0.09999999999999999,0.1,0.8
ga_ls50_elites,GA 50% LS [LS on elites],test,test_8,7,3,745,-1,38.11218752894477,36.479009142976174,9.19192369999655,8.984375,77904,300,1,0.5,0.1,0.8
ga_ls100_elites,GA 100% LS [LS on elites],test,test_8,7,3,745,-1,37.54346632169325,35.757471870472585,11.219912499989732,11.03125,96000,300,1,1.0,0.1,0.8
ga_sched_elites,GA scheduled LS [LS on elites],test,test_8,7,3,745,-1,34.51251571622054,33.16315762996037,9.749105000009877,9.65625,79122,300,1,0.5333333333333333,0.1,0.8
ga_ls00,GA no LS,test,test_8,7,4,746,-1,35.300842397049415,34.014031073598545,6.8322404000064125,6.671875,60000,300,1,0.0,0.1,0.8
ga_ls10_offspring,GA 10% LS [LS on offspring],test,test_8,7,4,746,-1,34.05595036911917,32.474783655265156,10.384630400003516,10.265625,76038,300,1,0.09999999999999999,0.1,0.8
ga_ls50_offspring,GA 50% LS [LS on offspring],test,test_8,7,4,746,-1,31.30946480556574,29.760938236986547,13.966096000003745,13.890625,140826,300,1,0.5,0.1,0.8
ga_ls100_offspring,GA 100% LS [LS on offspring],test,test_8,7,4,746,-1,25.741253032039115,24.14324739158501,16.36140670000168,16.125,222000,300,1,1.0,0.1,0.8
ga_sched_offspring,GA scheduled LS [LS on offspring],test,test_8,7,4,746,-1,33.56579529069432,31.981405640321324,14.764313399995444,14.640625,146376,300,1,0.5333333333333333,0.1,0.8
ga_ls10_elites,GA 10% LS [LS on elites],test,test_8,7,4,746,-1,36.90560452112212,35.19840969658816,6.28978969999298,6.15625,63594,300,1,0.09999999999999999,0.1,0.8
ga_ls50_elites,GA 50% LS [LS on elites],test,test_8,7,4,746,-1,37.46955730817144,35.7670931860738,12.526372000007541,12.375,77946,300,1,0.5,0.1,0.8
ga_ls100_elites,GA 100% LS [LS on elites],test,test_8,7,4,746,-1,25.923959175888992,24.290337020426126,10.856492100007017,10.625,96000,300,1,1.0,0.1,0.8
ga_sched_elites,GA scheduled LS [LS on elites],test,test_8,7,4,746,-1,34.740814094836615,33.30992432432776,8.006131900008768,7.8125,79284,300,1,0.5333333333333333,0.1,0.8
ga_ls00,GA no LS,test,test_8,7,5,747,-1,28.38319678829737,26.739736619903628,7.7428406000108225,7.640625,60000,300,1,0.0,0.1,0.8
ga_ls10_offspring,GA 10% LS [LS on offspring],test,test_8,7,5,747,-1,36.36713463512613,34.674133623652914,8.12645949999569,8.015625,76584,300,1,0.09999999999999999,0.1,0.8
ga_ls50_offspring,GA 50% LS [LS on offspring],test,test_8,7,5,747,-1,33.04372656315792,31.253733706810458,13.822275799990166,13.734375,140976,300,1,0.5,0.1,0.8
ga_ls100_offspring,GA 100% LS [LS on offspring],test,test_8,7,5,747,-1,31.245351319331633,29.577850799603585,15.205085800000234,15.0625,222000,300,1,1.0,0.1,0.8
ga_sched_offspring,GA scheduled LS [LS on offspring],test,test_8,7,5,747,-1,34.98255741311863,33.21172659502102,12.154572599989478,12.109375,146148,300,1,0.5333333333333333,0.1,0.8
ga_ls10_elites,GA 10% LS [LS on elites],test,test_8,7,5,747,-1,40.09141949557958,38.16466759307662,8.586082699999679,8.5625,63654,300,1,0.09999999999999999,0.1,0.8
ga_ls50_elites,GA 50% LS [LS on elites],test,test_8,7,5,747,-1,37.88628177813661,36.15326372648371,9.424944599988521,9.328125,78072,300,1,0.5,0.1,0.8
ga_ls100_elites,GA 100% LS [LS on elites],test,test_8,7,5,747,-1,35.384223392527495,33.514796136234445,10.779194199989433,10.6875,96000,300,1,1.0,0.1,0.8
ga_sched_elites,GA scheduled LS [LS on elites],test,test_8,7,5,747,-1,39.131047289554175,37.270269739654125,9.301420000003418,9.203125,79428,300,1,0.5333333333333333,0.1,0.8
ga_ls00,GA no LS,test,test_8,7,6,748,-1,34.79822691725189,33.14865960552088,7.670971500003361,7.625,60000,300,1,0.0,0.1,0.8
ga_ls10_offspring,GA 10% LS [LS on offspring],test,test_8,7,6,748,-1,30.008919564910403,28.637507284929246,7.785340900009032,7.703125,76146,300,1,0.09999999999999999,0.1,0.8
ga_ls50_offspring,GA 50% LS [LS on offspring],test,test_8,7,6,748,-1,33.70234440589912,32.15595180555872,10.862561600006302,10.765625,141336,300,1,0.5,0.1,0.8
ga_ls100_offspring,GA 100% LS [LS on offspring],test,test_8,7,6,748,-1,43.084602779846705,41.49223676326485,14.600358900002902,14.515625,222000,300,1,1.0,0.1,0.8
ga_sched_offspring,GA scheduled LS [LS on offspring],test,test_8,7,6,748,-1,31.620500175349047,30.172331021815694,12.06724919998669,11.984375,146934,300,1,0.5333333333333333,0.1,0.8
ga_ls10_elites,GA 10% LS [LS on elites],test,test_8,7,6,748,-1,33.91541793024573,32.063675725986826,8.579545400003553,8.5,63468,300,1,0.09999999999999999,0.1,0.8
ga_ls50_elites,GA 50% LS [LS on elites],test,test_8,7,6,748,-1,33.156553483926444,31.310797385587968,9.980219299992314,9.90625,77628,300,1,0.5,0.1,0.8
ga_ls100_elites,GA 100% LS [LS on elites],test,test_8,7,6,748,-1,35.16835096974842,33.67417474139843,8.591446699996595,8.546875,96000,300,1,1.0,0.1,0.8
ga_sched_elites,GA scheduled LS [LS on elites],test,test_8,7,6,748,-1,34.07099715286221,32.19715338625577,9.490645200014114,9.4375,79098,300,1,0.5333333333333333,0.1,0.8
ga_ls00,GA no LS,test,test_8,7,7,749,-1,34.80558674810612,33.0939824316139,7.7367276000004495,7.734375,60000,300,1,0.0,0.1,0.8
ga_ls10_offspring,GA 10% LS [LS on offspring],test,test_8,7,7,749,-1,37.61744162584396,35.886725199136535,9.94573429999582,9.90625,76458,300,1,0.09999999999999999,0.1,0.8
ga_ls50_offspring,GA 50% LS [LS on offspring],test,test_8,7,7,749,-1,34.304088090180365,32.58187367048151,12.641085600000224,12.609375,141024,300,1,0.5,0.1,0.8
ga_ls100_offspring,GA 100% LS [LS on offspring],test,test_8,7,7,749,-1,33.053270988832956,31.404554429776148,17.995427200003178,17.90625,222000,300,1,1.0,0.1,0.8
ga_sched_offspring,GA scheduled LS [LS on offspring],test,test_8,7,7,749,-1,37.44739106316833,35.807648791130134,14.80271360000188,14.75,146820,300,1,0.5333333333333333,0.1,0.8
ga_ls10_elites,GA 10% LS [LS on elites],test,test_8,7,7,749,-1,37.75742907567834,36.29370917769066,9.263056899988442,9.25,63594,300,1,0.09999999999999999,0.1,0.8
ga_ls50_elites,GA 50% LS [LS on elites],test,test_8,7,7,749,-1,38.248298706350084,36.41131818080547,11.75491879999754,11.671875,78246,300,1,0.5,0.1,0.8
ga_ls100_elites,GA 100% LS [LS on elites],test,test_8,7,7,749,-1,35.28281733720753,33.66148925190988,12.390663700003643,12.359375,96000,300,1,1.0,0.1,0.8
ga_sched_elites,GA scheduled LS [LS on elites],test,test_8,7,7,749,-1,37.61846618577686,36.160845336788526,10.75876120000612,10.734375,79440,300,1,0.5333333333333333,0.1,0.8
ga_ls00,GA no LS,test,test_8,7,8,750,-1,33.099411852992574,31.44421782248487,8.184397899996839,8.15625,60000,300,1,0.0,0.1,0.8
ga_ls10_offspring,GA 10% LS [LS on offspring],test,test_8,7,8,750,-1,34.36287042933242,32.503434209322556,8.574342899999465,8.546875,76470,300,1,0.09999999999999999,0.1,0.8
ga_ls50_offspring,GA 50% LS [LS on offspring],test,test_8,7,8,750,-1,32.8746009852085,31.13655934080688,13.835195000006934,13.8125,141816,300,1,0.5,0.1,0.8
ga_ls100_offspring,GA 100% LS [LS on offspring],test,test_8,7,8,750,-1,35.548128320070845,33.822683511895484,15.988633999993908,15.90625,222000,300,1,1.0,0.1,0.8
ga_sched_offspring,GA scheduled LS [LS on offspring],test,test_8,7,8,750,-1,33.61039242138927,31.80520821023185,11.111327799997525,11.03125,146604,300,1,0.5333333333333333,0.1,0.8
ga_ls10_elites,GA 10% LS [LS on elites],test,test_8,7,8,750,-1,31.188888715629837,29.391369543738456,8.289271600006032,8.21875,63876,300,1,0.09999999999999999,0.1,0.8
ga_ls50_elites,GA 50% LS [LS on elites],test,test_8,7,8,750,-1,28.42321599145772,26.862188875250357,10.082083200002671,10.078125,77760,300,1,0.5,0.1,0.8
ga_ls100_elites,GA 100% LS [LS on elites],test,test_8,7,8,750,-1,30.48715039811296,28.990300018859674,8.595894099998986,8.5625,96000,300,1,1.0,0.1,0.8
ga_sched_elites,GA scheduled LS [LS on elites],test,test_8,7,8,750,-1,31.094623515323313,29.301468719287335,9.361648500009323,9.328125,79614,300,1,0.5333333333333333,0.1,0.8
ga_ls00,GA no LS,test,test_8,7,9,751,-1,34.66338001695365,33.21896782796643,8.311092100004316,8.28125,60000,300,1,0.0,0.1,0.8
ga_ls10_offspring,GA 10% LS [LS on offspring],test,test_8,7,9,751,-1,38.3263931023268,36.83031994104146,6.910603800002718,6.90625,76026,300,1,0.09999999999999999,0.1,0.8
ga_ls50_offspring,GA 50% LS [LS on offspring],test,test_8,7,9,751,-1,36.07698146298482,34.41002582360871,10.39382559999649,10.359375,140862,300,1,0.5,0.1,0.8
ga_ls100_offspring,GA 100% LS [LS on offspring],test,test_8,7,9,751,-1,36.27746160177362,34.58217726248617,22.082353999998304,21.96875,222000,300,1,1.0,0.1,0.8
ga_sched_offspring,GA scheduled LS [LS on offspring],test,test_8,7,9,751,-1,38.17135629471328,36.67218304899372,9.795721400005277,9.703125,145968,300,1,0.5333333333333333,0.1,0.8
ga_ls10_elites,GA 10% LS [LS on elites],test,test_8,7,9,751,-1,40.04184295746537,38.35028893218249,7.728213299997151,7.71875,63396,300,1,0.09999999999999999,0.1,0.8
ga_ls50_elites,GA 50% LS [LS on elites],test,test_8,7,9,751,-1,38.51834152079173,36.636530127447756,11.051556200007326,10.984375,78318,300,1,0.5,0.1,0.8
ga_ls100_elites,GA 100% LS [LS on elites],test,test_8,7,9,751,-1,36.53315747988221,34.85680655877839,8.065893899998628,8.03125,96000,300,1,1.0,0.1,0.8
ga_sched_elites,GA scheduled LS [LS on elites],test,test_8,7,9,751,-1,37.46509474344198,35.771390878551415,9.958397800000967,9.921875,79200,300,1,0.5333333333333333,0.1,0.8
ga_ls00,GA no LS,test,test_9,8,0,842,-1,35.33476595789627,33.671590680717344,7.536117499999818,7.46875,60000,300,1,0.0,0.1,0.8
ga_ls10_offspring,GA 10% LS [LS on offspring],test,test_9,8,0,842,-1,40.28092372835458,38.90133947001638,8.748771200000192,8.671875,76536,300,1,0.09999999999999999,0.1,0.8
ga_ls50_offspring,GA 50% LS [LS on offspring],test,test_9,8,0,842,-1,39.48361366418453,38.25174950198445,10.011584899999434,9.953125,140370,300,1,0.5,0.1,0.8
ga_ls100_offspring,GA 100% LS [LS on offspring],test,test_9,8,0,842,-1,31.078145625120495,29.865203947447164,11.42791450000368,11.359375,222000,300,1,1.0,0.1,0.8
ga_sched_offspring,GA scheduled LS [LS on offspring],test,test_9,8,0,842,-1,39.66069030199904,38.175280662227365,9.937888200001908,9.9375,146742,300,1,0.5333333333333333,0.1,0.8
ga_ls10_elites,GA 10% LS [LS on elites],test,test_9,8,0,842,-1,36.17597642095325,34.853217630777095,7.570974699992803,7.53125,63624,300,1,0.09999999999999999,0.1,0.8
ga_ls50_elites,GA 50% LS [LS on elites],test,test_9,8,0,842,-1,44.60897220180354,43.1265622841861,10.615706099997624,10.59375,78144,300,1,0.5,0.1,0.8
ga_ls100_elites,GA 100% LS [LS on elites],test,test_9,8,0,842,-1,36.12186358088203,34.500170345246175,10.044592100006412,10.0,96000,300,1,1.0,0.1,0.8
ga_sched_elites,GA scheduled LS [LS on elites],test,test_9,8,0,842,-1,36.70008721685513,35.426723537684296,7.713638800007175,7.625,79194,300,1,0.5333333333333333,0.1,0.8
ga_ls00,GA no LS,test,test_9,8,1,843,-1,39.58400454542192,37.84422850797612,7.6631927999987965,7.625,60000,300,1,0.0,0.1,0.8
ga_ls10_offspring,GA 10% LS [LS on offspring],test,test_9,8,1,843,-1,33.19697880109823,31.88304441004822,8.601312200000393,8.5625,76494,300,1,0.09999999999999999,0.1,0.8
ga_ls50_offspring,GA 50% LS [LS on offspring],test,test_9,8,1,843,-1,33.09667370859533,31.890725168167307,9.45165969998925,9.40625,140874,300,1,0.5,0.1,0.8
ga_ls100_offspring,GA 100% LS [LS on offspring],test,test_9,8,1,843,-1,42.197443491103755,40.631623743403715,15.832082699998864,15.765625,222000,300,1,1.0,0.1,0.8
ga_sched_offspring,GA scheduled LS [LS on offspring],test,test_9,8,1,843,-1,33.239796526984435,31.924178790218217,10.324227000004612,10.3125,146526,300,1,0.5333333333333333,0.1,0.8
ga_ls10_elites,GA 10% LS [LS on elites],test,test_9,8,1,843,-1,33.28426432103695,31.871877502601848,6.580673200005549,6.578125,63516,300,1,0.09999999999999999,0.1,0.8
ga_ls50_elites,GA 50% LS [LS on elites],test,test_9,8,1,843,-1,36.68057023399634,35.39251723055698,7.465740500003449,7.40625,77574,300,1,0.5,0.1,0.8
ga_ls100_elites,GA 100% LS [LS on elites],test,test_9,8,1,843,-1,34.234460568797765,33.044367527295094,10.485005399998045,10.421875,96000,300,1,1.0,0.1,0.8
ga_sched_elites,GA scheduled LS [LS on elites],test,test_9,8,1,843,-1,33.21072914314398,31.797553661764365,7.940424500004156,7.921875,79224,300,1,0.5333333333333333,0.1,0.8
ga_ls00,GA no LS,test,test_9,8,2,844,-1,36.69697449110213,35.223911598091604,7.803413100002217,7.765625,60000,300,1,0.0,0.1,0.8
ga_ls10_offspring,GA 10% LS [LS on offspring],test,test_9,8,2,844,-1,37.657415169067576,36.27174427817351,7.481917900004191,7.453125,76566,300,1,0.09999999999999999,0.1,0.8
ga_ls50_offspring,GA 50% LS [LS on offspring],test,test_9,8,2,844,-1,40.3297194013897,38.854500688925995,11.376332600004389,11.328125,141012,300,1,0.5,0.1,0.8
ga_ls100_offspring,GA 100% LS [LS on offspring],test,test_9,8,2,844,-1,36.49924692362737,34.8892914896616,16.917689000008977,16.875,222000,300,1,1.0,0.1,0.8
ga_sched_offspring,GA scheduled LS [LS on offspring],test,test_9,8,2,844,-1,37.429794595775775,36.02219787512617,9.992177099993569,9.875,146154,300,1,0.5333333333333333,0.1,0.8
ga_ls10_elites,GA 10% LS [LS on elites],test,test_9,8,2,844,-1,43.61258100050886,41.97551622179486,7.756865300005302,7.71875,63630,300,1,0.09999999999999999,0.1,0.8
ga_ls50_elites,GA 50% LS [LS on elites],test,test_9,8,2,844,-1,37.3068088615373,35.67022526426305,11.013137899994035,10.984375,78108,300,1,0.5,0.1,0.8
ga_ls100_elites,GA 100% LS [LS on elites],test,test_9,8,2,844,-1,33.4617418128591,32.08309114831793,8.071077300002798,8.078125,96000,300,1,1.0,0.1,0.8
ga_sched_elites,GA scheduled LS [LS on elites],test,test_9,8,2,844,-1,43.345954624561045,41.730923135202254,7.976327099997434,7.953125,79278,300,1,0.5333333333333333,0.1,0.8
ga_ls00,GA no LS,test,test_9,8,3,845,-1,37.43627794857717,36.159847499847274,6.933821200000239,6.9375,60000,300,1,0.0,0.1,0.8
ga_ls10_offspring,GA 10% LS [LS on offspring],test,test_9,8,3,845,-1,34.78037089699123,33.506126308972725,7.546001900002011,7.515625,76080,300,1,0.09999999999999999,0.1,0.8
ga_ls50_offspring,GA 50% LS [LS on offspring],test,test_9,8,3,845,-1,40.64590245721981,39.00077133030944,8.930875200006994,8.859375,139986,300,1,0.5,0.1,0.8
ga_ls100_offspring,GA 100% LS [LS on offspring],test,test_9,8,3,845,-1,36.013645906265616,34.69413661138119,16.54973399998562,16.46875,222000,300,1,1.0,0.1,0.8
ga_sched_offspring,GA scheduled LS [LS on offspring],test,test_9,8,3,845,-1,33.23439377395,32.015314711595174,9.999767500004964,9.953125,145956,300,1,0.5333333333333333,0.1,0.8
ga_ls10_elites,GA 10% LS [LS on elites],test,test_9,8,3,845,-1,40.7205235116978,39.22277373690719,6.940842700001667,6.921875,63600,300,1,0.09999999999999999,0.1,0.8
ga_ls50_elites,GA 50% LS [LS on elites],test,test_9,8,3,845,-1,34.22233106976939,32.857641427679276,9.369228900002781,9.359375,77880,300,1,0.5,0.1,0.8
ga_ls100_elites,GA 100% LS [LS on elites],test,test_9,8,3,845,-1,33.962341608761754,32.66196931427193,8.383190499997,8.328125,96000,300,1,1.0,0.1,0.8
ga_sched_elites,GA scheduled LS [LS on elites],test,test_9,8,3,845,-1,40.604005236897606,39.10918171512093,8.02333890000591,7.96875,79368,300,1,0.5333333333333333,0.1,0.8
ga_ls00,GA no LS,test,test_9,8,4,846,-1,39.645850471487975,38.1384729398899,8.15143060000264,8.09375,60000,300,1,0.0,0.1,0.8
ga_ls10_offspring,GA 10% LS [LS on offspring],test,test_9,8,4,846,-1,40.80588918747182,39.181973630293626,6.91064699999697,6.875,75636,300,1,0.09999999999999999,0.1,0.8
ga_ls50_offspring,GA 50% LS [LS on offspring],test,test_9,8,4,846,-1,38.08473719195721,36.40071833926187,11.601342100009788,11.484375,141744,300,1,0.5,0.1,0.8
ga_ls100_offspring,GA 100% LS [LS on offspring],test,test_9,8,4,846,-1,34.98427611546076,33.315477236318344,22.510799999989104,22.375,222000,300,1,1.0,0.1,0.8
ga_sched_offspring,GA scheduled LS [LS on offspring],test,test_9,8,4,846,-1,39.20650425997246,37.554010371125365,10.46580149998772,10.359375,146364,300,1,0.5333333333333333,0.1,0.8
ga_ls10_elites,GA 10% LS [LS on elites],test,test_9,8,4,846,-1,40.182365984846506,38.635893566754206,9.189260999992257,9.1875,63408,300,1,0.09999999999999999,0.1,0.8
ga_ls50_elites,GA 50% LS [LS on elites],test,test_9,8,4,846,-1,32.85414832828172,31.42276427874504,9.343582000001334,9.296875,77604,300,1,0.5,0.1,0.8
ga_ls100_elites,GA 100% LS [LS on elites],test,test_9,8,4,846,-1,36.14576019503778,34.51629293755103,9.197335400007432,9.1875,96000,300,1,1.0,0.1,0.8
ga_sched_elites,GA scheduled LS [LS on elites],test,test_9,8,4,846,-1,36.071029987207126,34.77080688811523,10.05147219999344,10.015625,79284,300,1,0.5333333333333333,0.1,0.8
ga_ls00,GA no LS,test,test_9,8,5,847,-1,34.903879874280086,33.60894743175227,9.085627099993872,9.015625,60000,300,1,0.0,0.1,0.8
ga_ls10_offspring,GA 10% LS [LS on offspring],test,test_9,8,5,847,-1,42.826268902642084,41.06118094428686,9.242858500001603,9.21875,76548,300,1,0.09999999999999999,0.1,0.8
ga_ls50_offspring,GA 50% LS [LS on offspring],test,test_9,8,5,847,-1,37.96249812696338,36.35968209284508,10.859719700005371,10.78125,140562,300,1,0.5,0.1,0.8
ga_ls100_offspring,GA 100% LS [LS on offspring],test,test_9,8,5,847,-1,41.38757084066773,39.98793356309989,15.004737099996419,14.90625,222000,300,1,1.0,0.1,0.8
ga_sched_offspring,GA scheduled LS [LS on offspring],test,test_9,8,5,847,-1,39.079057162471344,37.61610704431927,10.586564900004305,10.546875,146394,300,1,0.5333333333333333,0.1,0.8
ga_ls10_elites,GA 10% LS [LS on elites],test,test_9,8,5,847,-1,41.4741783742369,39.57726235556042,6.811446699997759,6.75,63582,300,1,0.09999999999999999,0.1,0.8
ga_ls50_elites,GA 50% LS [LS on elites],test,test_9,8,5,847,-1,37.83261383785395,35.9377321715544,10.660890399987693,10.578125,78048,300,1,0.5,0.1,0.8
ga_ls100_elites,GA 100% LS [LS on elites],test,test_9,8,5,847,-1,35.535474682603784,33.89689300169506,8.469079300004523,8.359375,96000,300,1,1.0,0.1,0.8
ga_sched_elites,GA scheduled LS [LS on elites],test,test_9,8,5,847,-1,41.45726772251529,39.552692719928395,9.31802800000878,9.265625,79260,300,1,0.5333333333333333,0.1,0.8
ga_ls00,GA no LS,test,test_9,8,6,848,-1,34.65199307215721,33.05682074742177,6.742266700006439,6.71875,60000,300,1,0.0,0.1,0.8
ga_ls10_offspring,GA 10% LS [LS on offspring],test,test_9,8,6,848,-1,36.72228828495492,35.31197114120295,6.764527699997416,6.734375,76110,300,1,0.09999999999999999,0.1,0.8
ga_ls50_offspring,GA 50% LS [LS on offspring],test,test_9,8,6,848,-1,36.49144719330528,35.13684128674011,9.586692400000175,9.5625,140712,300,1,0.5,0.1,0.8
ga_ls100_offspring,GA 100% LS [LS on offspring],test,test_9,8,6,848,-1,32.83968481302193,31.544311039160178,12.974300000001676,12.96875,222000,300,1,1.0,0.1,0.8
ga_sched_offspring,GA scheduled LS [LS on offspring],test,test_9,8,6,848,-1,36.112455493083566,34.70535720522027,11.07589970000845,11.0,146262,300,1,0.5333333333333333,0.1,0.8
ga_ls10_elites,GA 10% LS [LS on elites],test,test_9,8,6,848,-1,37.19960245327963,35.87543151377612,9.247266899998067,9.203125,63534,300,1,0.09999999999999999,0.1,0.8
ga_ls50_elites,GA 50% LS [LS on elites],test,test_9,8,6,848,-1,40.875597599115046,39.540648639976084,8.603904899995541,8.546875,77574,300,1,0.5,0.1,0.8
ga_ls100_elites,GA 100% LS [LS on elites],test,test_9,8,6,848,-1,37.6283010204417,35.94959639518808,11.799812600002042,11.765625,96000,300,1,1.0,0.1,0.8
ga_sched_elites,GA scheduled LS [LS on elites],test,test_9,8,6,848,-1,31.924581401356715,30.568437057450865,9.428475900000194,9.375,78750,300,1,0.5333333333333333,0.1,0.8
ga_ls00,GA no LS,test,test_9,8,7,849,-1,43.83157801335797,42.45595827642385,8.622667899995577,8.5625,60000,300,1,0.0,0.1,0.8
ga_ls10_offspring,GA 10% LS [LS on offspring],test,test_9,8,7,849,-1,37.743751297746854,36.34987031125645,8.493063400004758,8.46875,76722,300,1,0.09999999999999999,0.1,0.8
ga_ls50_offspring,GA 50% LS [LS on offspring],test,test_9,8,7,849,-1,42.451049744143084,40.958642203221196,12.598224500005017,12.515625,140616,300,1,0.5,0.1,0.8
ga_ls100_offspring,GA 100% LS [LS on offspring],test,test_9,8,7,849,-1,38.891801846933994,37.477861283439026,17.26115020000725,17.21875,222000,300,1,1.0,0.1,0.8
ga_sched_offspring,GA scheduled LS [LS on offspring],test,test_9,8,7,849,-1,37.707260243549946,36.31057988728688,10.536028599992278,10.484375,146610,300,1,0.5333333333333333,0.1,0.8
ga_ls10_elites,GA 10% LS [LS on elites],test,test_9,8,7,849,-1,32.69785789517861,31.269479568824856,8.40272690000711,8.40625,63630,300,1,0.09999999999999999,0.1,0.8
ga_ls50_elites,GA 50% LS [LS on elites],test,test_9,8,7,849,-1,36.008532447523486,34.55439017607329,8.228737700002966,8.21875,78516,300,1,0.5,0.1,0.8
ga_ls100_elites,GA 100% LS [LS on elites],test,test_9,8,7,849,-1,33.06056805601108,31.656550338481768,11.737699999997858,11.6875,96000,300,1,1.0,0.1,0.8
ga_sched_elites,GA scheduled LS [LS on elites],test,test_9,8,7,849,-1,36.54713171925651,35.093350639589154,8.674468700002762,8.640625,79086,300,1,0.5333333333333333,0.1,0.8
ga_ls00,GA no LS,test,test_9,8,8,850,-1,35.09133692968073,33.540625606299585,6.760193800000707,6.71875,60000,300,1,0.0,0.1,0.8
ga_ls10_offspring,GA 10% LS [LS on offspring],test,test_9,8,8,850,-1,33.44908734768498,31.949780154698527,9.128023699988262,9.015625,76416,300,1,0.09999999999999999,0.1,0.8
ga_ls50_offspring,GA 50% LS [LS on offspring],test,test_9,8,8,850,-1,36.7997450555037,35.08568512161422,10.341140500007896,10.21875,142122,300,1,0.5,0.1,0.8
ga_ls100_offspring,GA 100% LS [LS on offspring],test,test_9,8,8,850,-1,35.985177393732734,34.59904799666103,17.108590500007267,16.984375,222000,300,1,1.0,0.1,0.8
ga_sched_offspring,GA scheduled LS [LS on offspring],test,test_9,8,8,850,-1,33.692731733190534,32.11033413880635,13.178976000010152,13.046875,147042,300,1,0.5333333333333333,0.1,0.8
ga_ls10_elites,GA 10% LS [LS on elites],test,test_9,8,8,850,-1,36.18298257143683,34.65212143537839,7.372405400004936,7.28125,63414,300,1,0.09999999999999999,0.1,0.8
ga_ls50_elites,GA 50% LS [LS on elites],test,test_9,8,8,850,-1,36.3467737373837,34.635152741581805,9.085750400001416,9.03125,77850,300,1,0.5,0.1,0.8
ga_ls100_elites,GA 100% LS [LS on elites],test,test_9,8,8,850,-1,36.45683083078598,34.83546369971889,9.960710900006234,9.90625,96000,300,1,1.0,0.1,0.8
ga_sched_elites,GA scheduled LS [LS on elites],test,test_9,8,8,850,-1,35.95339869349047,34.435891143736775,8.016619200003333,7.9375,79050,300,1,0.5333333333333333,0.1,0.8
ga_ls00,GA no LS,test,test_9,8,9,851,-1,35.8367576775402,34.536163660477,7.258190600012313,7.234375,60000,300,1,0.0,0.1,0.8
ga_ls10_offspring,GA 10% LS [LS on offspring],test,test_9,8,9,851,-1,36.80131148773757,35.24299463935128,8.088326199998846,8.015625,76362,300,1,0.09999999999999999,0.1,0.8
ga_ls50_offspring,GA 50% LS [LS on offspring],test,test_9,8,9,851,-1,36.75889791409329,35.05227521225244,10.200788799993461,10.15625,140598,300,1,0.5,0.1,0.8
ga_ls100_offspring,GA 100% LS [LS on offspring],test,test_9,8,9,851,-1,34.18176816229147,32.742767613722584,15.50757309999608,15.421875,222000,300,1,1.0,0.1,0.8
ga_sched_offspring,GA scheduled LS [LS on offspring],test,test_9,8,9,851,-1,33.73277605069707,32.29036845325807,10.342686400006642,10.28125,146586,300,1,0.5333333333333333,0.1,0.8
ga_ls10_elites,GA 10% LS [LS on elites],test,test_9,8,9,851,-1,33.91420954979194,32.48387563668386,9.084078099986073,9.015625,63672,300,1,0.09999999999999999,0.1,0.8
ga_ls50_elites,GA 50% LS [LS on elites],test,test_9,8,9,851,-1,32.58424673307174,31.40315352919356,9.688516000009258,9.65625,77994,300,1,0.5,0.1,0.8
ga_ls100_elites,GA 100% LS [LS on elites],test,test_9,8,9,851,-1,39.9495194153904,38.26172663727688,11.804824000006192,11.765625,96000,300,1,1.0,0.1,0.8
ga_sched_elites,GA scheduled LS [LS on elites],test,test_9,8,9,851,-1,33.65787002481699,32.22706756259761,10.666825199994491,10.609375,79158,300,1,0.5333333333333333,0.1,0.8
ga_ls00,GA no LS,test,test_10,9,0,942,-1,39.10205726182355,37.67331648773707,7.34405099999276,7.265625,60000,300,1,0.0,0.1,0.8
ga_ls10_offspring,GA 10% LS [LS on offspring],test,test_10,9,0,942,-1,29.9362341332886,28.53551844129272,8.117267499997979,8.109375,76104,300,1,0.09999999999999999,0.1,0.8
ga_ls50_offspring,GA 50% LS [LS on offspring],test,test_10,9,0,942,-1,29.226538126393816,27.8760507004745,14.37630829999398,14.265625,140814,300,1,0.5,0.1,0.8
ga_ls100_offspring,GA 100% LS [LS on offspring],test,test_10,9,0,942,-1,33.113046004442445,31.79593297805624,12.207091499993112,12.140625,222000,300,1,1.0,0.1,0.8
ga_sched_offspring,GA scheduled LS [LS on offspring],test,test_10,9,0,942,-1,32.92618906477856,31.246244789003878,13.29390269999567,13.234375,146484,300,1,0.5333333333333333,0.1,0.8
ga_ls10_elites,GA 10% LS [LS on elites],test,test_10,9,0,942,-1,37.358374413217895,35.978547940079125,7.237982499995269,7.15625,63588,300,1,0.09999999999999999,0.1,0.8
ga_ls50_elites,GA 50% LS [LS on elites],test,test_10,9,0,942,-1,33.700439877963476,32.1978639243029,8.694942499991157,8.6875,77940,300,1,0.5,0.1,0.8
ga_ls100_elites,GA 100% LS [LS on elites],test,test_10,9,0,942,-1,32.93255280069215,31.128077776073372,8.109806899999967,8.09375,96000,300,1,1.0,0.1,0.8
ga_sched_elites,GA scheduled LS [LS on elites],test,test_10,9,0,942,-1,37.2965682968482,35.912384605049866,9.164489200004027,8.953125,79002,300,1,0.5333333333333333,0.1,0.8
ga_ls00,GA no LS,test,test_10,9,1,943,-1,42.30177083238581,40.624092096794215,8.590143599998555,8.53125,60000,300,1,0.0,0.1,0.8
ga_ls10_offspring,GA 10% LS [LS on offspring],test,test_10,9,1,943,-1,35.6251019414551,34.096220262100694,8.596335199996247,8.5625,75888,300,1,0.09999999999999999,0.1,0.8
ga_ls50_offspring,GA 50% LS [LS on offspring],test,test_10,9,1,943,-1,29.685110245347897,28.17524750792707,10.91490600000543,10.765625,140358,300,1,0.5,0.1,0.8
ga_ls100_offspring,GA 100% LS [LS on offspring],test,test_10,9,1,943,-1,37.828795533604094,36.225753139089946,14.002370599991991,13.9375,222000,300,1,1.0,0.1,0.8
ga_sched_offspring,GA scheduled LS [LS on offspring],test,test_10,9,1,943,-1,31.690546296641656,30.416118756756212,12.197711400003755,12.125,146058,300,1,0.5333333333333333,0.1,0.8
ga_ls10_elites,GA 10% LS [LS on elites],test,test_10,9,1,943,-1,33.980052492952254,32.35829463814668,8.01277270000719,7.96875,63588,300,1,0.09999999999999999,0.1,0.8
ga_ls50_elites,GA 50% LS [LS on elites],test,test_10,9,1,943,-1,32.26728749514837,30.609958259018622,9.013620600002469,8.875,77814,300,1,0.5,0.1,0.8
ga_ls100_elites,GA 100% LS [LS on elites],test,test_10,9,1,943,-1,31.008212788375744,29.590707278611447,10.102535300000454,10.015625,96000,300,1,1.0,0.1,0.8
ga_sched_elites,GA scheduled LS [LS on elites],test,test_10,9,1,943,-1,34.39357007444015,32.82183060781858,8.026953699998558,7.953125,78978,300,1,0.5333333333333333,0.1,0.8
ga_ls00,GA no LS,test,test_10,9,2,944,-1,35.21728267191257,33.653698245038576,8.684803299998748,8.65625,60000,300,1,0.0,0.1,0.8
ga_ls10_offspring,GA 10% LS [LS on offspring],test,test_10,9,2,944,-1,31.78231010368899,30.45550126330393,7.68856439999945,7.625,76236,300,1,0.09999999999999999,0.1,0.8
ga_ls50_offspring,GA 50% LS [LS on offspring],test,test_10,9,2,944,-1,32.35570660073254,30.984290409809418,12.557079799997155,12.4375,141570,300,1,0.5,0.1,0.8
ga_ls100_offspring,GA 100% LS [LS on offspring],test,test_10,9,2,944,-1,32.53792742602771,30.96419544527729,16.401110799997696,16.109375,222000,300,1,1.0,0.1,0.8
ga_sched_offspring,GA scheduled LS [LS on offspring],test,test_10,9,2,944,-1,31.76807126697821,30.440977689301825,10.486603900004411,10.40625,146172,300,1,0.5333333333333333,0.1,0.8
ga_ls10_elites,GA 10% LS [LS on elites],test,test_10,9,2,944,-1,37.81210543374597,36.30858617021177,6.9442007999896305,6.890625,63510,300,1,0.09999999999999999,0.1,0.8
ga_ls50_elites,GA 50% LS [LS on elites],test,test_10,9,2,944,-1,34.818290871869436,32.940031892358796,10.029730599999311,9.9375,78288,300,1,0.5,0.1,0.8
ga_ls100_elites,GA 100% LS [LS on elites],test,test_10,9,2,944,-1,34.99143469304609,33.40380015001578,8.905349200009368,8.796875,96000,300,1,1.0,0.1,0.8
ga_sched_elites,GA scheduled LS [LS on elites],test,test_10,9,2,944,-1,37.64293174528093,36.14898833146014,8.351150200003758,8.25,79092,300,1,0.5333333333333333,0.1,0.8
ga_ls00,GA no LS,test,test_10,9,3,945,-1,35.79181108155129,34.083476824465215,6.888058600001386,6.78125,60000,300,1,0.0,0.1,0.8
ga_ls10_offspring,GA 10% LS [LS on offspring],test,test_10,9,3,945,-1,33.43176032590818,31.74648803461684,8.021262900001602,7.921875,76248,300,1,0.09999999999999999,0.1,0.8
ga_ls50_offspring,GA 50% LS [LS on offspring],test,test_10,9,3,945,-1,41.48015916791766,39.965566496873784,15.646674099989468,15.34375,141732,300,1,0.5,0.1,0.8
ga_ls100_offspring,GA 100% LS [LS on offspring],test,test_10,9,3,945,-1,31.4333117518444,29.948695456043186,12.276995200008969,11.90625,222000,300,1,1.0,0.1,0.8
ga_sched_offspring,GA scheduled LS [LS on offspring],test,test_10,9,3,945,-1,33.342105768246974,31.663872562987418,10.243816999995033,10.015625,146448,300,1,0.5333333333333333,0.1,0.8
ga_ls10_elites,GA 10% LS [LS on elites],test,test_10,9,3,945,-1,32.089785174676344,30.608292759060486,8.636865600012243,8.484375,63438,300,1,0.09999999999999999,0.1,0.8
ga_ls50_elites,GA 50% LS [LS on elites],test,test_10,9,3,945,-1,37.997583700315815,36.43336044636994,9.985007899987977,9.8125,77970,300,1,0.5,0.1,0.8
ga_ls100_elites,GA 100% LS [LS on elites],test,test_10,9,3,945,-1,30.549426933118813,29.21310060674739,8.94927589999861,8.8125,96000,300,1,1.0,0.1,0.8
ga_sched_elites,GA scheduled LS [LS on elites],test,test_10,9,3,945,-1,37.99520836814339,36.02614384021907,9.336939300002996,9.125,79188,300,1,0.5333333333333333,0.1,0.8
ga_ls00,GA no LS,test,test_10,9,4,946,-1,41.17988133493258,39.74960146875374,7.812765599999693,7.78125,60000,300,1,0.0,0.1,0.8
ga_ls10_offspring,GA 10% LS [LS on offspring],test,test_10,9,4,946,-1,33.46844910122663,31.72937762110039,8.47504229999322,8.25,76572,300,1,0.09999999999999999,0.1,0.8
ga_ls50_offspring,GA 50% LS [LS on offspring],test,test_10,9,4,946,-1,36.530340284628814,35.27828801652058,10.177801499987254,9.96875,141984,300,1,0.5,0.1,0.8
ga_ls100_offspring,GA 100% LS [LS on offspring],test,test_10,9,4,946,-1,34.46398705587955,32.88309003657759,15.355863399992813,15.109375,222000,300,1,1.0,0.1,0.8
ga_sched_offspring,GA scheduled LS [LS on offspring],test,test_10,9,4,946,-1,34.0947324955027,32.24139646518784,10.542086399989785,10.34375,147366,300,1,0.5333333333333333,0.1,0.8
ga_ls10_elites,GA 10% LS [LS on elites],test,test_10,9,4,946,-1,39.06281306413437,37.27447314968399,9.432772000000114,9.296875,63510,300,1,0.09999999999999999,0.1,0.8
ga_ls50_elites,GA 50% LS [LS on elites],test,test_10,9,4,946,-1,37.09603357316635,35.681119026298035,8.068836000005831,7.890625,77808,300,1,0.5,0.1,0.8
ga_ls100_elites,GA 100% LS [LS on elites],test,test_10,9,4,946,-1,27.972743897968016,26.605651754456442,11.131112400005804,10.953125,96000,300,1,1.0,0.1,0.8
ga_sched_elites,GA scheduled LS [LS on elites],test,test_10,9,4,946,-1,38.77933795579848,36.99912324958743,10.415560900000855,10.109375,78978,300,1,0.5333333333333333,0.1,0.8
ga_ls00,GA no LS,test,test_10,9,5,947,-1,32.78313750544013,31.058275454739622,7.7358545000024606,7.53125,60000,300,1,0.0,0.1,0.8
ga_ls10_offspring,GA 10% LS [LS on offspring],test,test_10,9,5,947,-1,31.7140999918239,30.32809100734486,7.649879700009478,7.5,75804,300,1,0.09999999999999999,0.1,0.8
ga_ls50_offspring,GA 50% LS [LS on offspring],test,test_10,9,5,947,-1,35.378991973527555,33.64989802828218,9.703879199994844,9.515625,139812,300,1,0.5,0.1,0.8
ga_ls100_offspring,GA 100% LS [LS on offspring],test,test_10,9,5,947,-1,36.42833260016549,34.79070941439572,14.82744960000855,14.703125,222000,300,1,1.0,0.1,0.8
ga_sched_offspring,GA scheduled LS [LS on offspring],test,test_10,9,5,947,-1,30.879479573225723,29.48986427319831,10.040114999996149,9.78125,145896,300,1,0.5333333333333333,0.1,0.8
ga_ls10_elites,GA 10% LS [LS on elites],test,test_10,9,5,947,-1,32.083985105108695,30.645901633908753,8.526846599997953,8.25,63708,300,1,0.09999999999999999,0.1,0.8
ga_ls50_elites,GA 50% LS [LS on elites],test,test_10,9,5,947,-1,34.95654561918702,33.49101873904229,9.966620299994247,9.671875,78006,300,1,0.5,0.1,0.8
ga_ls100_elites,GA 100% LS [LS on elites],test,test_10,9,5,947,-1,36.8228360217325,34.89122580931079,11.80136610000045,11.515625,96000,300,1,1.0,0.1,0.8
ga_sched_elites,GA scheduled LS [LS on elites],test,test_10,9,5,947,-1,30.94315871139102,29.556184747154422,9.47395119999419,9.28125,79044,300,1,0.5333333333333333,0.1,0.8
ga_ls00,GA no LS,test,test_10,9,6,948,-1,33.14295671346409,31.555635937068327,8.118396100006066,7.984375,60000,300,1,0.0,0.1,0.8
ga_ls10_offspring,GA 10% LS [LS on offspring],test,test_10,9,6,948,-1,33.90181054713596,32.20076914390369,8.1174469999969,8.03125,76008,300,1,0.09999999999999999,0.1,0.8
ga_ls50_offspring,GA 50% LS [LS on offspring],test,test_10,9,6,948,-1,35.38201470195768,33.47903101431943,13.635315299994545,13.421875,140622,300,1,0.5,0.1,0.8
ga_ls100_offspring,GA 100% LS [LS on offspring],test,test_10,9,6,948,-1,31.823422963684752,30.09188696563359,13.070942499994999,12.8125,222000,300,1,1.0,0.1,0.8
ga_sched_offspring,GA scheduled LS [LS on offspring],test,test_10,9,6,948,-1,33.85095506483076,32.15107836754106,11.035067699995125,10.8125,146166,300,1,0.5333333333333333,0.1,0.8
ga_ls10_elites,GA 10% LS [LS on elites],test,test_10,9,6,948,-1,41.935597751128476,40.405516805397056,8.774910899999668,8.609375,63792,300,1,0.09999999999999999,0.1,0.8
ga_ls50_elites,GA 50% LS [LS on elites],test,test_10,9,6,948,-1,34.10305182247414,32.75034609752207,12.892737600006512,12.8125,78204,300,1,0.5,0.1,0.8
ga_ls100_elites,GA 100% LS [LS on elites],test,test_10,9,6,948,-1,33.39849787216727,31.71119746865492,11.389580300005036,11.234375,96000,300,1,1.0,0.1,0.8
ga_sched_elites,GA scheduled LS [LS on elites],test,test_10,9,6,948,-1,41.16486344205353,39.67383542894793,9.08218160000979,8.96875,79146,300,1,0.5333333333333333,0.1,0.8
ga_ls00,GA no LS,test,test_10,9,7,949,-1,34.748901622688436,33.17368910129323,7.274753399993642,7.03125,60000,300,1,0.0,0.1,0.8
ga_ls10_offspring,GA 10% LS [LS on offspring],test,test_10,9,7,949,-1,32.60843401460688,31.247075101167074,8.54853230000299,8.375,76398,300,1,0.09999999999999999,0.1,0.8
ga_ls50_offspring,GA 50% LS [LS on offspring],test,test_10,9,7,949,-1,32.94861269191744,31.568838841269077,12.120685100002447,11.90625,140832,300,1,0.5,0.1,0.8
ga_ls100_offspring,GA 100% LS [LS on offspring],test,test_10,9,7,949,-1,46.02437898421756,44.47407356676875,12.623738200010848,12.375,222000,300,1,1.0,0.1,0.8
ga_sched_offspring,GA scheduled LS [LS on offspring],test,test_10,9,7,949,-1,32.47530035853191,31.11643059141197,11.44261810000171,11.3125,146814,300,1,0.5333333333333333,0.1,0.8
ga_ls10_elites,GA 10% LS [LS on elites],test,test_10,9,7,949,-1,33.89371653969247,32.58820957900307,8.097808900012751,7.96875,63690,300,1,0.09999999999999999,0.1,0.8
ga_ls50_elites,GA 50% LS [LS on elites],test,test_10,9,7,949,-1,32.39731009003389,31.106770509271495,8.170777899998939,8.03125,77904,300,1,0.5,0.1,0.8
ga_ls100_elites,GA 100% LS [LS on elites],test,test_10,9,7,949,-1,35.05337571311657,33.604478167232834,8.87086020001152,8.796875,96000,300,1,1.0,0.1,0.8
ga_sched_elites,GA scheduled LS [LS on elites],test,test_10,9,7,949,-1,33.74105720096685,32.45670409953363,9.084287299992866,9.0,79122,300,1,0.5333333333333333,0.1,0.8
ga_ls00,GA no LS,test,test_10,9,8,950,-1,32.405980733851145,30.65320888771008,6.841184299992165,6.703125,60000,300,1,0.0,0.1,0.8
ga_ls10_offspring,GA 10% LS [LS on offspring],test,test_10,9,8,950,-1,34.166928412101235,32.63166610011834,7.546075199992629,7.46875,75816,300,1,0.09999999999999999,0.1,0.8
ga_ls50_offspring,GA 50% LS [LS on offspring],test,test_10,9,8,950,-1,33.51933222073543,31.845372957526227,10.600812999997288,10.53125,141426,300,1,0.5,0.1,0.8
ga_ls100_offspring,GA 100% LS [LS on offspring],test,test_10,9,8,950,-1,30.17652190083578,28.72268874359049,14.998764599993592,14.828125,222000,300,1,1.0,0.1,0.8
ga_sched_offspring,GA scheduled LS [LS on offspring],test,test_10,9,8,950,-1,34.179294175082376,32.64454382381667,9.57045179999841,9.46875,146136,300,1,0.5333333333333333,0.1,0.8
ga_ls10_elites,GA 10% LS [LS on elites],test,test_10,9,8,950,-1,34.52310199281341,32.708451922389926,7.082468900000094,7.0,63402,300,1,0.09999999999999999,0.1,0.8
ga_ls50_elites,GA 50% LS [LS on elites],test,test_10,9,8,950,-1,36.123530767267255,34.43925200286871,10.047502299988992,9.984375,78282,300,1,0.5,0.1,0.8
ga_ls100_elites,GA 100% LS [LS on elites],test,test_10,9,8,950,-1,35.173384930015615,33.27013683856725,10.078601999994135,10.046875,96000,300,1,1.0,0.1,0.8
ga_sched_elites,GA scheduled LS [LS on elites],test,test_10,9,8,950,-1,34.37006242415685,32.5634029609679,7.43710270000156,7.328125,79344,300,1,0.5333333333333333,0.1,0.8
ga_ls00,GA no LS,test,test_10,9,9,951,-1,32.07052557399681,30.82934862692093,7.614197900009458,7.5625,60000,300,1,0.0,0.1,0.8
ga_ls10_offspring,GA 10% LS [LS on offspring],test,test_10,9,9,951,-1,35.539986321159645,34.33347425368733,8.22192549999454,8.15625,76422,300,1,0.09999999999999999,0.1,0.8
ga_ls50_offspring,GA 50% LS [LS on offspring],test,test_10,9,9,951,-1,33.20927926535648,31.54188178229583,8.254255499996361,8.140625,140580,300,1,0.5,0.1,0.8
ga_ls100_offspring,GA 100% LS [LS on offspring],test,test_10,9,9,951,-1,32.919465765740476,31.2035402063509,11.489066499998444,11.359375,222000,300,1,1.0,0.1,0.8
ga_sched_offspring,GA scheduled LS [LS on offspring],test,test_10,9,9,951,-1,35.25401572727238,34.05203019713559,10.755428400007077,10.6875,146676,300,1,0.5333333333333333,0.1,0.8
ga_ls10_elites,GA 10% LS [LS on elites],test,test_10,9,9,951,-1,38.67701174804154,37.31345030952766,6.181959499997902,6.171875,63360,300,1,0.09999999999999999,0.1,0.8
ga_ls50_elites,GA 50% LS [LS on elites],test,test_10,9,9,951,-1,35.35790331588302,33.60286203821788,6.609501200000523,6.578125,78018,300,1,0.5,0.1,0.8
ga_ls100_elites,GA 100% LS [LS on elites],test,test_10,9,9,951,-1,35.36512450330487,33.96527239897968,8.812907100000302,8.734375,96000,300,1,1.0,0.1,0.8
ga_sched_elites,GA scheduled LS [LS on elites],test,test_10,9,9,951,-1,38.62549754625791,37.27232704609064,6.507965899989358,6.421875,78924,300,1,0.5333333333333333,0.1,0.8
